Date,Close,High,Low,Open,Volume
,DIA,DIA,DIA,DIA,DIA
2009-01-02,61.3304328918457,61.61601092178786,59.54219702140499,59.800571709191395,24558800
2009-01-05,60.99043273925781,61.418796972678585,60.42608817679883,61.10602613459441,25612100
2009-01-06,61.29646682739258,61.80642078571112,60.772911191841054,61.316864155722136,37258400
2009-01-07,59.73936080932617,60.63687887772479,59.31100168151635,60.43289537637768,33165500
2009-01-08,59.446998596191406,59.54218953169236,58.84865483196871,59.20222042275555,23641700
2009-01-09,58.569908142089844,59.67141049557889,58.36592449560385,59.61021332662525,24494100
2009-01-12,57.65198516845703,58.48830660583965,57.29161859889224,58.318321983401994,22622000
2009-01-13,57.40046691894531,57.99201589972868,56.999305274667435,57.529657028978626,29846500
2009-01-14,55.809349060058594,56.67966944354573,55.40138702873883,56.54368382894537,38850600
2009-01-15,55.87735366821289,56.42130661653024,54.42228549711172,55.80256000813126,44216600
2009-01-16,56.320762634277344,56.80434817940384,55.19012205542452,56.681748661172044,37613200
2009-01-20,54.08671951293945,56.13004089634144,54.05266207797542,55.99381635292031,36892100
2009-01-21,56.01421356201172,56.130005650318466,54.04581561440955,54.931256403124706,34826600
2009-01-22,55.278629302978516,55.878001404560145,54.18204696067457,55.10154008343507,40157400
2009-01-23,54.842735290527344,55.5306548398251,53.84151233017032,54.14800841242166,44701000
2009-01-26,55.217315673828125,56.04826661473853,54.61794369508142,55.07428390150555,28917300
2009-01-27,55.51699447631836,56.014199331077016,55.03340946567169,55.50336943577597,23352800
2009-01-28,56.99501419067383,57.24021304130492,56.25260511614296,56.559106277647935,21080000
2009-01-29,55.530670166015625,56.49103382927809,55.40807065999139,56.245834817229614,20825600
2009-01-30,54.5430908203125,55.82357107244143,54.216156928046644,55.73502896657927,26172600
2009-02-02,54.025390625,54.43405366160501,53.5690503207316,53.90279119437525,22968000
2009-02-03,54.91764450073242,55.23776555781692,53.82106203543287,54.338704706387226,24065100
2009-02-04,54.277427673339844,55.65326175961737,54.03903602587108,55.03345698692932,27506400
2009-02-05,54.86316680908203,55.27182993911008,53.46689548534976,53.98453822148323,39865100
2009-02-06,56.4365348815918,56.715786091236794,54.97896609917749,55.08113320375387,30049700
2009-02-09,56.36161422729492,56.729412695975746,55.91889355963644,56.39567166189748,20793600
2009-02-10,53.93688201904297,56.34800218373016,53.54183858719597,56.00744857622805,49006600
2009-02-11,54.182098388671875,54.495407184365824,53.58953305108097,54.229775701137534,33244600
2009-02-12,54.148006439208984,54.22974114983347,52.547406030292755,53.41922215788454,45482100
2009-02-13,53.500953674316406,54.45449925916868,53.44646387048664,54.13438335364467,23850300
2009-02-17,51.59382247924805,52.4860704196617,51.57339011365548,52.17276202223729,36731400
2009-02-18,51.600669860839844,52.09787508093517,51.14432420310327,51.934410849329026,35793800
2009-02-19,51.10348129272461,52.10470988268446,50.946829519421605,52.05703257823097,30933800
2009-02-20,50.46349334716797,51.13423803217103,49.607947927231024,50.18287194294793,46343700
2009-02-23,48.69765853881836,50.92892301473305,48.64290236499362,50.812564839896446,36003600
2009-02-24,50.22396469116211,50.51143208248749,48.69767372804617,48.98513589753378,37524300
2009-02-25,49.737998962402344,50.68252466983205,48.97827403331152,49.98439651896348,43668900
2009-02-26,49.169918060302734,50.6962138276202,49.115167106218195,50.292398779335464,31367300
2009-02-27,48.43071365356445,49.27941319650164,48.163783916496826,48.34173359331889,35756000
2009-03-02,46.425315856933594,47.787342642812675,46.26104738388692,47.6709897241139,36931600
2009-03-03,46.000980377197266,46.95234677384264,45.91884611048211,46.87021772896401,30799800
2009-03-04,47.068695068359375,47.8284199891777,46.2884378883572,46.78123299611352,31996400
2009-03-05,45.22074890136719,46.5759363546944,44.851152323187044,46.19949394492586,35056100
2009-03-06,45.5150146484375,46.288425799445214,44.3377833588791,45.54239272747777,35830500
2009-03-09,44.78954315185547,45.97361581995348,44.659498496738856,44.837453516081894,28114400
2009-03-10,47.32196044921875,47.38356247724507,45.54242579422122,45.597181992058296,31008100
2009-03-11,47.55467987060547,48.1296043814127,47.10294899339465,47.69841099830728,21875300
2009-03-12,49.12201690673828,49.27259380778828,47.12346310805375,47.48621370321749,21938300
2009-03-13,49.498477935791016,49.68327360691872,48.731906704130964,49.40950301589091,21835800
2009-03-16,49.491615295410156,50.6962253297949,49.41632684189626,49.94334601649351,24509000
2009-03-17,50.703086853027344,50.730464955673845,49.18363609810105,49.47794417425199,20439900
2009-03-18,51.312225341796875,51.94190591523037,49.77224261351648,50.29925662736366,35906600
2009-03-19,50.72360610961914,51.928216207784125,50.531964662105175,51.90083811216245,25410900
2009-03-20,49.90511703491211,51.153773901026014,49.76104184663042,51.064585994281906,22996500
2009-03-23,53.34922790527344,53.362947111021676,50.88621434341687,51.146926361695414,25706800
2009-03-24,52.621978759765625,53.47957297185007,52.44360293237663,52.76605919361472,20383500
2009-03-25,53.109066009521484,53.93921609618494,51.78494110631922,52.99929150169658,30263100
2009-03-26,54.2685661315918,54.405784359878496,53.18456568265778,53.63737798449358,29403800
2009-03-27,53.383514404296875,53.80202073241764,53.05420121011785,53.609920496756736,19994100
2009-03-30,51.62714767456055,52.22403485429561,51.023403513026764,52.20344820588771,25811800
2009-03-31,52.031917572021484,52.98556649253496,51.59283005756581,52.16913569174891,28187500
2009-04-01,53.191429138183594,53.424697514519224,51.3184460790414,51.37332813729068,25416600
2009-04-02,54.68706130981445,55.407442465585376,54.18622927410555,54.460655205504835,30176700
2009-04-03,54.99579620361328,55.01637762423699,54.1725027382924,54.72136504850632,20617100
2009-04-06,54.72136688232422,54.83799842599308,53.92551702927748,54.51554220051169,17834000
2009-04-07,53.438419342041016,54.021582459978006,53.301206338176044,54.021582459978006,17326400
2009-04-08,53.7677116394043,54.15877426734575,53.21884942312176,53.63735568531114,15719000
2009-04-09,55.49659729003906,55.51717869919216,54.72133455070207,54.89285327275913,19287700
2009-04-13,55.263362884521484,55.69558840299251,54.67333775714527,54.90660082714397,11991300
2009-04-14,54.385162353515625,55.11926238613266,54.25481166428689,54.86541798887785,18590000
2009-04-15,55.09181594848633,55.201585209405685,54.02153555709034,54.22736011852619,18263400
2009-04-16,55.75047302246094,56.114092046216214,54.68705435337346,55.47604189163142,19526700
2009-04-17,55.87692642211914,56.24801967425034,55.54019569523509,55.96626689056763,16835600
2009-04-20,53.959617614746094,55.086644555861895,53.84279340965609,55.011051189512926,16640200
2009-04-21,54.694950103759766,54.81177959346186,53.47171918407134,53.48546629720687,18051200
2009-04-22,54.15888977050781,55.28591107388539,54.05581270975919,54.31007645025081,20467800
2009-04-23,54.73615264892578,54.87359223811081,53.61599954942922,54.2482352914394,19521000
2009-04-24,55.47835922241211,55.84944729698227,54.928590179442864,55.04541439710332,17662200
2009-04-27,55.15530776977539,55.82190027464635,54.7429840765194,54.818572122317136,17582800
2009-04-28,55.059181213378906,55.629560639098656,54.54377451724277,54.61249436146331,16457900
2009-04-29,56.19303894042969,56.72906599554511,55.45085771601021,55.54019293703696,18084100
2009-04-30,56.12431335449219,57.07953268908556,55.904406858247334,56.85275788322812,17496500
2009-05-01,56.46103286743164,56.481648276248194,55.636379813889214,56.206763925067385,12356400
2009-05-04,57.890445709228516,57.93168178669288,56.763424127590476,56.85963290336555,13866800
2009-05-05,57.8354606628418,58.11033982466287,57.457493950861924,57.766735629402596,11985000
2009-05-06,58.55014419555664,58.59824856612479,57.856067597785305,58.447067146470026,18357600
2009-05-07,57.842342376708984,59.038089028276374,57.48499623773658,58.96249566836171,19835900
2009-05-08,58.907501220703125,59.07930331001083,58.14469952473822,58.508919115193166,18463400
2009-05-11,58.02100372314453,58.40583873812354,57.86294348885881,58.24778374682167,13335600
2009-05-12,58.22028732299805,58.6051222886701,57.56743629996647,58.25464459179981,16819400
2009-05-13,57.1276741027832,57.62933890786805,56.90089914992497,57.52625652403004,17683700
2009-05-14,57.30634689331055,57.704929293747654,56.997105000929636,57.12080280647951,15029400
2009-05-15,57.055419921875,57.86183134759847,56.71079911513886,57.310441211918366,23137600
2009-05-18,58.66823196411133,58.66823196411133,57.551658963028004,57.606799539043294,12745200
2009-05-19,58.406314849853516,58.85432281221388,58.330497875062015,58.544166285153786,17908900
2009-05-20,58.02724075317383,59.25408972230767,57.96520628676516,58.81986423293227,18083800
2009-05-21,57.275978088378906,57.43450597615119,56.72458794248917,57.400041791440955,20038800
2009-05-22,57.117435455322266,57.71707209470264,56.97269539552374,57.496515061891394,10156800
2009-05-26,58.4821662902832,58.626906438778114,56.70392116563545,56.70392116563545,13636800
2009-05-27,57.31730270385742,58.63375070709584,57.186345188598004,58.564827636404175,13708200
2009-05-28,57.91007995605469,58.20645406994145,56.88311139056184,57.751557324496865,17780200
2009-05-29,58.85432815551758,59.10934939010517,57.73086646291939,58.165086691924685,15275000
2009-06-01,60.20524215698242,60.42579921998867,59.30923138911117,59.46775398457135,12952000
2009-06-02,60.30865478515625,60.632599257933244,59.915787187181415,60.060527327646106,10553900
2009-06-03,59.92955780029297,60.03983898549359,59.3299209458777,59.97780450419416,9488600
2009-06-04,60.315528869628906,60.418916152725444,59.612499551368934,59.90198499573839,11762200
2009-06-05,60.59123992919922,61.03235419330251,60.04673835915053,60.82557958141174,16834300
2009-06-08,60.474063873291016,60.92896590874559,59.61940565763009,60.1156605113999,23538400
2009-06-09,60.474063873291016,60.811796084521255,60.26729452321809,60.632591774327324,22428400
2009-06-10,60.412044525146484,61.05303960633985,59.6745560131066,61.03236319380096,25155700
2009-06-11,60.55674743652344,61.35626469457597,60.51539463687252,60.55674743652344,21696400
2009-06-12,60.866973876953125,60.880761665006226,60.21908981796845,60.37761257107625,12743500
2009-06-15,59.612525939941406,60.15702763068754,59.27479890692095,60.12256869339858,14006100
2009-06-16,58.76475524902344,59.7986179122297,58.73718494698491,59.75037119828664,12830900
2009-06-17,58.744083404541016,59.17830386378973,58.468385621217365,58.737189513871016,13494000
2009-06-18,59.01284408569336,59.37814114625089,58.57173005877551,58.778499300990376,13378600
2009-06-19,58.994239807128906,59.54054744740825,58.72454436490654,59.44373396947913,13880400
2009-06-22,57.61809539794922,58.62080858561793,57.61809539794922,58.489421892822655,20652400
2009-06-23,57.52122497558594,57.88773349817396,57.293019764034966,57.68719000401703,12151100
2009-06-24,57.41751480102539,58.28192398513317,57.10632960512058,57.908498584486416,15355500
2009-06-25,58.58616256713867,58.710637626029325,57.099378607036975,57.182363738274674,13851400
2009-06-26,58.27501678466797,58.56546232783777,58.102134919514064,58.40640869048441,7779000
2009-06-29,58.952701568603516,59.02185324252934,58.29575275240638,58.44097285043097,7529200
2009-06-30,58.54472351074219,59.22241753895732,58.06065107179499,59.00804569190059,13421400
2009-07-01,58.8005485534668,59.353772344636134,58.731396898553896,58.765975363976885,9144200
2009-07-02,57.38983917236328,58.115944821501735,57.362177452060195,58.08828310119865,16516500
2009-07-06,57.56966781616211,57.611157780342566,56.760581859024576,56.85047854006105,12392700
2009-07-07,56.39406967163086,57.528174348274064,56.38715291937657,57.507429367447294,15240600
2009-07-08,56.656829833984375,56.89886332497144,55.98604753329565,56.656829833984375,17902700
2009-07-09,56.54619598388672,56.98877839571974,56.380230876909096,56.87121472217229,11452000
2009-07-10,56.317996978759766,56.66376070230139,56.027551441273644,56.29725199949698,16023500
2009-07-13,57.61119842529297,57.66652193385552,56.28346587543291,56.49092639457236,14384000
2009-07-14,57.853179931640625,57.88775313316024,57.3483626508531,57.77019475131072,10288300
2009-07-15,59.609657287597656,59.72030419943951,58.46172459488169,58.49629779788091,11620000
2009-07-16,60.32195281982422,60.50866294406805,59.49211656245783,59.54744003480293,11805400
2009-07-17,60.568477630615234,60.62388111981449,60.056008564440894,60.40227244658498,9075000
2009-07-20,61.17100524902344,61.31643550864391,60.62390744364938,60.859364449634,13142300
2009-07-21,61.75270462036133,61.82195634584849,61.01170006215592,61.725002873452866,14599300
2009-07-22,61.551841735839844,62.00198566344234,61.37870986242084,61.46874181808062,11857700
2009-07-23,62.763736724853516,63.01997368477543,61.52411243263091,61.56566765645477,16519600
2009-07-24,62.99929428100586,63.040844284295616,62.376017813803884,62.604553399039794,10895100
2009-07-27,63.1169548034668,63.20698147478021,62.58371096273046,62.92304795228995,10045200
2009-07-28,63.013092041015625,63.213925701979804,62.382894600498354,62.74993342504544,11700400
2009-07-29,62.79840087890625,62.9853809998831,62.43828886372018,62.79840087890624,9063600
2009-07-30,63.31089782714844,64.04498097631843,63.20701758793332,63.421704824596155,11659200
2009-07-31,63.48408508300781,63.85805109970894,63.2694029429578,63.345581499150974,9151300
2009-08-03,64.30813598632812,64.40508946175714,63.691786628143,64.0380505499804,9843400
2009-08-04,64.5366439819336,64.571267189244,64.08650001837124,64.12112322568164,12338900
2009-08-05,64.28736877441406,64.557454243439,63.795674579943835,64.49512398251159,11396200
2009-08-06,64.14884185791016,64.64746266989212,63.84413324891795,64.57128419675226,10482300
2009-08-07,64.95218658447266,65.44388071560938,64.48126744311286,64.78598138268923,11813100
2009-08-10,64.75129699707031,64.96597875091919,64.40503337676512,64.74437024526641,13051400
2009-08-11,64.11424255371094,64.56438680372436,63.92033556196835,64.53668505010839,9305200
2009-08-12,64.93833923339844,65.38848342771277,64.07960611183647,64.09345962871491,13586400
2009-08-13,65.22917175292969,65.27764847018194,64.52279069175002,65.19454326193554,10209100
2009-08-14,64.68902587890625,65.18071999461992,64.05882302974426,65.14609149036586,10846500
2009-08-17,63.44245147705078,63.69868858151548,63.29702132053819,63.62251012568993,12121400
2009-08-18,63.92029571533203,64.1211240576093,63.53940344501455,63.6294301254687,8539100
2009-08-19,64.4951400756836,64.71674885642591,63.41479793001113,63.497903204128285,14296100
2009-08-20,64.95218658447266,65.06298829113891,64.35661222088325,64.50896919067144,8271000
2009-08-21,66.04261779785156,66.16771188930609,65.25730813060191,65.31290668284164,11866500
2009-08-24,66.11207580566406,66.65415342901287,65.94528554580039,66.32056760711873,9349100
2009-08-25,66.35528564453125,67.28653655191721,66.21628941063204,66.33443223282325,14622300
2009-08-26,66.3414306640625,66.6124668856792,65.93140341162574,66.20243963324243,11497200
2009-08-27,66.59159851074219,66.8000902957378,65.7437396949373,66.36920974775782,13096800
2009-08-28,66.42481231689453,67.02942898637255,66.02868214296642,66.9877327476959,10813900
2009-08-31,66.05648040771484,66.08427436496946,65.61170286130866,65.82018935371785,9890500
2009-09-01,64.77774810791016,66.48041714505443,64.61790897637107,65.74374994480745,17938600
2009-09-02,64.5136489868164,64.92367608899674,64.43025121758511,64.59009561640359,10922400
2009-09-03,64.94451904296875,65.05571605977082,64.37464758727212,64.79857693504023,7262500
2009-09-04,65.63946533203125,65.7228630702899,64.84025954124971,65.02789782462662,8118600
2009-09-08,66.06341552734375,66.17461254698719,65.75763432765575,66.1607102684489,10862500
2009-09-09,66.38998413085938,66.65407413883537,65.93131013632076,66.08419793306,13560500
2009-09-10,66.95301818847656,67.03641601264083,66.15381157445604,66.41789673105531,12244800
2009-09-11,66.86959075927734,67.15452389763475,66.61940271955697,66.97383665952195,8116500
2009-09-14,66.9391098022461,67.02945345307776,66.29974249904826,66.32754176903538,8417900
2009-09-15,67.34217834472656,67.62711152863719,66.6889088807756,67.06419100035376,11687700
2009-09-16,68.16222381591797,68.21087119333006,67.36996349682586,67.63404850246773,10580800
2009-09-17,68.14835357666016,68.60703360977402,67.8564691749526,68.08580919150953,15803800
2009-09-18,68.30501556396484,68.54868747379544,68.17273425077855,68.46514054257527,9910900
2009-09-21,68.04740142822266,68.25626605415717,67.69233900044131,67.92208371499157,7711800
2009-09-22,68.37456512451172,68.52076812024755,68.01253941768638,68.44418483986539,8206300
2009-09-23,67.93599700927734,69.03600723324747,67.810679321589,68.47903855204444,13199100
2009-09-24,67.52519226074219,68.24228543665959,67.26759877714697,68.05431166993755,16702600
2009-09-25,67.35110473632812,67.77579169006228,67.10046963866073,67.4485733507942,13350100
2009-09-28,68.11700439453125,68.3954887231898,67.49737955188053,67.53915565374972,6393200
2009-09-29,67.8384780883789,68.47898787965148,67.8036655796963,68.19354018105473,8171200
2009-09-30,67.59487915039062,68.08222827609667,66.8847488339579,67.96387410863275,15351500
2009-10-01,66.22332000732422,67.49041860618236,66.14673668720259,67.47649146889849,15473500
2009-10-02,66.04232788085938,66.32777055688916,65.58282779678666,65.59675493902135,15752800
2009-10-05,66.81510162353516,67.03092446522562,66.00053930652888,66.18851318289686,8742700
2009-10-06,67.73404693603516,68.06822365339849,67.22581298417266,67.23974011252132,12439600
2009-10-07,67.72711181640625,67.86635660015801,67.4138203483442,67.62267955650377,10039900
2009-10-08,68.16572570800781,68.54167334205881,67.9081268438329,68.18661109749449,9701300
2009-10-09,68.70880889892578,68.72969430112377,68.01260049686682,68.13791822170337,6494100
2009-10-12,68.88286590576172,69.19615758434365,68.61830329468022,68.92463671313293,5438300
2009-10-13,68.80619812011719,68.93847395169534,68.3815110608071,68.6739169768966,6026200
2009-10-14,69.78094482421875,69.8714499710235,69.22397618265224,69.4606844027477,9162700
2009-10-15,70.0733413696289,70.08726319351958,69.50940923660774,69.53029993991258,7667900
2009-10-16,69.67889404296875,69.83220379468594,69.24684508806705,69.50467938267367,13185400
2009-10-19,70.28518676757812,70.50121131815719,69.63710779922964,69.76254260976842,9772400
2009-10-20,69.95767211914062,70.38972659789407,69.61621270982617,70.361851600883,9387400
2009-10-21,69.28870391845703,70.52214224654388,69.27476907508442,69.83922327240734,12893600
2009-10-22,70.20155334472656,70.4454528590467,69.1283901651073,69.42107489890213,13423200
2009-10-23,69.56745147705078,70.43155535000693,69.24689690025437,70.36884057734856,13214000
2009-10-26,68.85660552978516,70.22244792562414,68.65451587148007,69.61618426731876,16109800
2009-10-27,68.86360931396484,69.35837858857919,68.57092979657818,68.9541990741238,14503800
2009-10-28,68.06916809082031,69.03780140167734,68.02735826395507,68.72421706696649,17191500
2009-10-29,69.3653335571289,69.50470320649228,68.32701531452116,68.52909971111467,12927200
2009-10-30,67.63713073730469,69.43502817743378,67.50473114671446,69.23293843571892,29751800
2009-11-02,68.18765258789062,68.98904150710368,67.46988866327267,67.87406816223053,20615900
2009-11-03,68.1528091430664,68.24339889485434,67.64409975752004,67.776504662651,13945600
2009-11-04,68.41061401367188,69.25381236213573,68.25033949767982,68.55695369564232,14714300
2009-11-05,69.79734802246094,69.84612790347606,68.85658481964197,68.89142987034204,9811600
2009-11-06,69.94371795654297,70.10399249931466,69.2886689992745,69.44197878217653,10786100
2009-11-09,71.37223052978516,71.38617067400686,70.31997825515779,70.43147282589521,10959900
2009-11-10,71.56050872802734,71.63716370368229,71.18420393388942,71.26782367706467,9959100
2009-11-11,71.86707305908203,72.20853782699083,71.52561360778594,71.85313821716927,10532400
2009-11-12,71.19801330566406,72.06212145075186,71.00986389849915,71.74853201666761,11966800
2009-11-13,71.71372985839844,71.95065925943499,71.14927070799341,71.32348537932376,11677800
2009-11-16,72.65451049804688,72.87053505601484,72.02036634624073,72.05521141793108,10497400
2009-11-17,72.88446044921875,72.91930551639332,72.37575649477904,72.53603104391617,8398000
2009-11-18,72.85660552978516,72.90538544374164,72.41061622600833,72.82176045555401,7773400
2009-11-19,72.22942352294922,72.52210297472945,71.68587445061128,72.5011980591182,12739500
2009-11-20,72.18606567382812,72.32589127034508,71.81552304245405,71.955348638971,8680400
2009-11-23,73.03202056884766,73.39557564308755,72.80130354104207,72.8502430317277,9489200
2009-11-24,72.96211242675781,73.10193802792026,72.4237726608724,73.0180448008247,10211800
2009-11-25,73.15089416503906,73.29771267986526,72.85026425353612,73.08797423040184,6489600
2009-11-27,72.13709259033203,72.59852111117314,71.4729133151509,71.63371214286747,12916100
2009-11-30,72.416748046875,72.52860740374688,71.8084957917526,72.08815218493538,11959000
2009-12-01,73.22085571289062,73.50050714458878,72.89924696522127,72.90623985121647,10101300
2009-12-02,73.11590576171875,73.58432727752889,72.93412825782099,73.22776514826882,7124600
2009-12-03,72.49369049072266,73.53540561681675,72.42377235643058,73.30468857526428,9723500
2009-12-04,72.7033462524414,73.59824188053668,72.15102669016414,73.38151084579448,16602800
2009-12-07,72.7453384399414,73.08092181933051,72.49364823839876,72.59152716855405,8189500
2009-12-08,71.96934509277344,72.31891447001207,71.13736826806374,72.30492870787951,10719700
2009-12-09,72.32587432861328,72.40277998888449,71.64771447695426,71.98329796358918,8583800
2009-12-10,72.83625793457031,73.14388061858094,72.6754537132,72.70341989665589,8039500
2009-12-11,73.3536148071289,73.43751335270838,72.88519326248534,73.06697077757232,9235500
2009-12-14,73.54938507080078,73.67523024325595,73.35362709898266,73.63328363043912,9752400
2009-12-15,73.2278060913086,73.51445559749554,73.0390409373367,73.34666375685313,7191500
2009-12-16,73.17882537841797,73.62627359086356,73.03899981228001,73.47246226770974,6283400
2009-12-17,72.27698516845703,72.81532516515757,72.21406522115822,72.73841945134322,8223700
2009-12-18,72.38923645019531,72.74016352445638,71.89092064731126,72.60680952272607,8299800
2009-12-21,72.90866088867188,73.26660826820651,72.65599278014463,72.68406760939502,5968000
2009-12-22,73.30867767333984,73.4209769288194,73.02794024408739,73.147254186992,6849400
2009-12-23,73.30867767333984,73.4981813282808,73.11215933097384,73.44905174268929,4867200
2009-12-24,73.69470977783203,73.72278459555235,73.37887744924518,73.39291218074338,3568000
2009-12-28,73.89823150634766,73.94034104605916,73.61748874725122,73.83506184205766,8116800
2009-12-29,73.89823150634766,74.14387941253601,73.87015669496574,74.0386002085345,3356400
2009-12-30,73.84911346435547,73.92631786903858,73.61048020768305,73.64557506607487,3243500
2009-12-31,73.0419692993164,73.96841666615782,73.01389448762754,73.93332181286604,5189400
2010-01-04,74.15791320800781,74.30530193922426,73.5262433922785,73.58238765555932,8977300
2010-01-05,74.03864288330078,74.1649769299751,73.67368083442267,74.12286736599226,6549200
2010-01-06,74.08773803710938,74.29127642624383,73.9473693192969,74.0456284927103,6797200
2010-01-07,74.35446166992188,74.41060595597138,73.65962191347394,73.9614195392285,6312000
2010-01-08,74.4737548828125,74.4737548828125,74.00351382052851,74.16493729935532,4912000
2010-01-11,74.77562713623047,74.85985165806858,74.2702907146585,74.67736787145019,6858300
2010-01-12,74.49478912353516,74.69130740258653,74.1017525654324,74.29125080459724,8869900
2010-01-13,74.92294311523438,75.09138664024593,74.42462722747969,74.6281656077834,8619100
2010-01-14,75.11946868896484,75.20369313694458,74.80363637980716,74.84574592643521,7039900
2010-01-15,74.40354919433594,75.08434847826017,74.07367693472553,75.05627367374849,14027400
2010-01-19,75.21771240234375,75.25982729503636,74.29828512518039,74.32635993540127,10877400
2010-01-20,74.41060638427734,74.77557369668448,73.78595635256364,74.7474988761359,11896600
2010-01-21,72.78933715820312,74.47378920515678,72.78933715820312,74.37552999326765,22253800
2010-01-22,71.32946014404297,72.89459779895053,71.27331586210576,72.55770533370695,24606900
2010-01-25,71.52594757080078,71.95407360756504,71.35749874630977,71.8628345103401,18236800
2010-01-26,71.5049057006836,72.3330938909374,71.2241682976601,71.35050227090976,18352400
2010-01-27,71.79972076416016,71.94710957331041,70.8802876860441,71.35754898198427,16203100
2010-01-28,71.02767944335938,72.02431698973972,70.54340343740046,72.00325685493685,13409200
2010-01-29,70.57147979736328,71.84183486710728,70.47322058504747,71.2803490641094,14556900
2010-02-01,71.47683715820312,71.83478433959083,70.93641171979074,71.03467089041118,9985500
2010-02-02,72.20677947998047,72.36118830630953,71.3645563332891,71.5540546671412,8891300
2010-02-03,72.03134155273438,72.33313926956968,71.82780305954533,72.02432686156398,6561600
2010-02-04,70.21350860595703,71.63827205513569,70.19245383257585,71.55404760688732,16419300
2010-02-05,70.2977066040039,70.42403519675861,69.03436712924058,70.29068656394367,28939700
2010-02-08,69.63798522949219,70.45213344153242,69.56780086970443,70.18543073244955,10929500
2010-02-09,70.6416244506836,71.231179392975,70.07311892236265,70.29771740101361,19228000
2010-02-10,70.55037689208984,70.86621447282683,70.00995155197693,70.57143701458342,11212100
2010-02-11,71.29438781738281,71.41370180799673,70.09421715683759,70.48023395377531,9934200
2010-02-12,71.0767593383789,71.14694902918143,70.17838698521135,70.55738882571421,13643000
2010-02-16,72.1576919555664,72.26999129645172,71.30142822286142,71.59621131532172,8958800
2010-02-17,72.5577163696289,72.59983128089252,72.25591872007666,72.40331287741196,8784900
2010-02-18,73.11215209960938,73.20339657434253,72.40328319971941,72.41029788645066,8677700
2010-02-19,73.17200469970703,73.45346362972685,72.7709274691531,72.96794710965221,9324500
2010-02-22,73.0665054321289,73.44647443462526,72.97503350071513,73.44647443462526,5285200
2010-02-23,72.3839111328125,73.27753727936904,72.25725490897804,72.90460655596243,10810200
2010-02-24,72.96788787841797,73.14379889583786,72.46830123315088,72.60199532427103,9658700
2010-02-25,72.68649291992188,72.71463398113637,71.7154598881634,71.94766390605196,10052900
2010-02-26,72.68649291992188,72.90462103882065,72.3205947035431,72.72167193063126,6961100
2010-03-01,73.19310760498047,73.31976384542305,72.88350763708475,72.94683307311495,5818700
2010-03-02,73.18602752685547,73.62932139651717,73.14380522852197,73.4815567732966,5673300
2010-03-03,73.24235534667969,73.72083383394816,73.05941163712235,73.42530442461866,5891900
2010-03-04,73.53087615966797,73.58013107728839,73.15090735157467,73.34792702205637,6168300
2010-03-05,74.41744232177734,74.42447490140079,73.79119915888229,73.87563306141469,6753500
2010-03-08,74.2977523803711,74.55810254041504,74.23442700997956,74.389229517661,5728100
2010-03-09,74.3822250366211,74.74812301362596,74.17113500531431,74.19224347160709,8672300
2010-03-10,74.42451477050781,74.684865302342,74.15009370350779,74.4596991609988,7325500
2010-03-11,74.78335571289062,74.79039366283608,74.05156460166637,74.33302354727306,7739600
2010-03-12,74.88186645507812,75.06481557721904,74.67780885122538,75.03666914547559,10139600
2010-03-15,74.98737335205078,75.02959029245957,74.49482448601486,74.79739175183121,6760400
2010-03-16,75.33924865722656,75.37443304464358,74.87484587994805,75.13519102065226,6848800
2010-03-17,75.6558609008789,75.90214079214361,75.45180870219176,75.50809618714926,6989400
2010-03-18,75.95845031738281,76.01474318705637,75.61366588530352,75.66292080417199,7495600
2010-03-19,75.67426300048828,76.25941093226577,75.37816599116435,75.67426300048828,12068000
2010-03-22,75.99153900146484,76.18893707156947,75.37819038761631,75.39933941245695,8835200
2010-03-23,76.75293731689453,76.78818389925857,76.01974063217699,76.16073771902133,9105900
2010-03-24,76.42155456542969,76.7106000796795,76.2946550917198,76.50615062877513,7075900
2010-03-25,76.44976806640625,77.21821112569147,76.36516660996045,76.83751263972437,9526500
2010-03-26,76.44271850585938,76.89391552743203,76.2312175488191,76.58371555809104,8859800
2010-03-29,76.78825378417969,76.95745689681739,76.61200457587297,76.69660613219183,5886300
2010-03-30,76.93621063232422,77.11245963023647,76.6119131216088,76.8516145556896,5781300
2010-03-31,76.56964874267578,76.87279736749417,76.36519916978013,76.71769732055989,6078200
2010-04-01,77.0419921875,77.2534932217966,76.60489793870599,77.01379169101415,11474400
2010-04-05,77.35923767089844,77.46498280105737,77.02083711830693,77.26053325159292,4237800
2010-04-06,77.35221099853516,77.4579615412876,77.04201084078029,77.16185894584157,4407600
2010-04-07,76.87983703613281,77.33808025885406,76.50618453555505,77.23233513280707,10894000
2010-04-08,77.10542297363281,77.24642003773073,76.49207444955108,76.64012298046187,8764300
2010-04-09,77.59183502197266,77.60593794985704,77.13359206085997,77.21113664945992,6013100
2010-04-12,77.6765365600586,77.8034361811067,77.53553937164867,77.64833604663701,4366500
2010-04-13,77.72584533691406,77.85979636071795,77.21824711902055,77.54959625451744,6104100
2010-04-14,78.4590072631836,78.48015628307198,77.85271025915058,77.97255829097989,7987400
2010-04-15,78.64942169189453,78.69172514687008,78.28282581385663,78.31102632427452,8664000
2010-04-16,77.73990631103516,78.67126093367087,77.40122945594672,78.50192519766965,22103600
2010-04-19,78.20559692382812,78.2549921309777,77.42946881009476,77.51413938695347,10482500
2010-04-20,78.3890151977539,78.62185515189537,78.1632324679126,78.47368574010123,8901000
2010-04-21,78.43135833740234,78.67125014859336,78.09973875350924,78.41724388787037,9115800
2010-04-22,78.56539916992188,78.67829321351896,77.7187153752809,78.04327767599608,9946100
2010-04-23,78.99581909179688,79.05226612845897,78.35375154479415,78.52308727169472,13873100
2010-04-26,79.08052062988281,79.43330667261095,79.03818264425571,79.10168693115244,8015700
2010-04-27,77.52116394042969,79.15103283061964,77.42238433393847,78.85469401114598,19874600
2010-04-28,78.00099182128906,78.20560297746681,77.39419943121622,77.88104048234908,14833300
2010-04-29,78.80532836914062,79.02405393870472,78.26203498378361,78.27614943651537,7472600
2010-04-30,77.68344116210938,79.02402843539825,77.64110858374896,78.88996809314395,14615900
2010-05-03,78.69949340820312,78.89705268653115,78.01508777750487,78.01508777750487,8324800
2010-05-04,77.16138458251953,77.99396008404655,76.6957042961839,77.97279377704753,19911700
2010-05-05,76.76615905761719,77.30238936605687,76.37809269209208,76.58976623384793,18900400
2010-05-06,74.26850128173828,77.01317560049952,69.96451367676435,76.46283036808171,34425300
2010-05-07,73.22428131103516,74.74831983143949,72.34937329918561,74.0991893228847,33885700
2010-05-10,76.20170593261719,76.53332532898747,75.49613458138924,75.89831003626588,20454000
2010-05-11,75.96887969970703,76.85790126872824,75.48203904066949,75.59492767787994,16440600
2010-05-12,77.09076690673828,77.15426577705806,76.16646430176576,76.25819206967427,12985000
2010-05-13,76.2723388671875,77.23191730267794,76.18061643698901,76.87207404359711,11160700
2010-05-14,75.15044403076172,75.96890441179657,74.52248564208719,75.81367777494042,17962100
2010-05-17,75.1574478149414,75.43967739393659,73.84509023131456,75.27739901959437,17552200
2010-05-18,74.3602294921875,75.85604400659001,74.18383649967674,75.70081731188664,19213400
2010-05-19,73.92273712158203,74.4942538009494,73.09016238494182,74.05679745353359,24115100
2010-05-20,71.34037017822266,72.85029350645038,71.26275684408222,72.65273424976056,28708100
2010-05-21,72.12718200683594,72.21925669440057,70.12994478607878,70.32825658820961,30840500
2010-05-24,71.3056869506836,72.22640219067759,71.19944974553833,71.79437485228257,16537800
2010-05-25,71.14987182617188,71.22777874831641,69.230539860549,69.78296683324764,25166200
2010-05-26,70.59744262695312,72.09891505685476,70.4841215061537,71.44732941915498,18499900
2010-05-27,72.75045776367188,72.75754168092979,71.58185997461486,71.84391087870142,18333200
2010-05-28,71.86518096923828,72.68673732886944,71.56063726788292,72.6584070539239,19442500
2010-06-01,71.05068969726562,72.44592440481351,70.98695064327033,71.29857280188028,17009600
2010-06-02,72.67253112792969,72.70086138581406,71.1144047683987,71.43311071357051,14879500
2010-06-03,72.72923278808594,73.13292973529035,72.12722392350192,72.94170173725038,11856600
2010-06-04,70.42739868164062,71.6597349673231,70.11577130230631,71.51100519176171,20047200
2010-06-07,69.5987777709961,70.76737544520343,69.54920116195433,70.58323684215982,13694600
2010-06-08,70.42739868164062,70.59029088197029,69.19505699251489,69.66249806151636,25086600
2010-06-09,70.22205352783203,71.37648371056743,69.97417040926268,70.80989449718702,16076800
2010-06-10,72.15554809570312,72.2263764762157,71.24900102098873,71.24900102098873,13825600
2010-06-11,72.46009063720703,72.48842090828364,71.5464596579114,71.58187384761885,9066300
2010-06-14,72.33967590332031,73.2957993874741,72.2688529421692,72.94167917827302,8995700
2010-06-15,73.77738189697266,73.86237266800933,72.31132486811508,72.81417477233305,9402100
2010-06-16,73.86239624023438,73.99696365312688,73.31704807473527,73.43745305632392,9602400
2010-06-17,74.0536117553711,74.09610985214182,73.2178878981499,74.01820297874826,9742800
2010-06-18,74.13877868652344,74.387113072053,73.95430480772067,74.15297231614433,6890700
2010-06-21,74.11042785644531,75.1818199832985,73.76275957120161,75.01863106734744,10258800
2010-06-22,73.03185272216797,74.45800816323664,72.96799226881431,74.14581353190562,11915600
2010-06-23,73.074462890625,73.56404011991746,72.5636006362819,73.13832337905892,12966900
2010-06-24,72.05985260009766,72.82614616670331,71.87537872957965,72.73390923144431,13397700
2010-06-25,72.17340087890625,72.39335347229371,71.54191953836134,72.23016458471105,10893500
2010-06-28,71.97469329833984,72.40750684117482,71.69088034042285,72.15207572037772,6770700
2010-06-29,70.0518798828125,71.11617458808396,69.62615767007766,71.08779274634945,16662900
2010-06-30,69.34234619140625,70.33568353000553,69.24300704426382,69.89577854099227,13386200
2010-07-01,69.0656509399414,69.53394336095299,68.2993626169986,69.35656085237912,18562200
2010-07-02,68.73214721679688,69.34943462029636,68.23547315549408,69.2004340258902,11305700
2010-07-06,69.1436538696289,69.97380757388028,68.5476516340443,69.52680048391085,10251400
2010-07-07,71.15874481201172,71.21550849561473,69.17915600594011,69.20753784774162,12255100
2010-07-08,72.02442169189453,72.02442169189453,71.23684263213913,71.5916077792979,9456500
2010-07-09,72.45008087158203,72.4642690842807,71.86116989886604,71.98888546628298,7377600
2010-07-12,72.54943084716797,72.58490950678313,72.05276209225623,72.26561781009693,6613100
2010-07-13,73.5995101928711,73.91879635798331,73.20216992286667,73.23764856933755,9339100
2010-07-14,73.61373901367188,73.85497662025583,73.1667370532628,73.45764154433665,8757900
2010-07-15,73.57823944091797,73.70595502378605,72.71970901680372,73.59243306861602,11495700
2010-07-16,71.73390197753906,73.2252501758335,71.60607182236302,73.15423462698882,12219700
2010-07-19,72.1671371459961,72.36598294170642,71.55639339166207,72.01800279921336,7289500
2010-07-20,72.67135620117188,72.72106765104502,71.04507388654775,71.08768215268427,9200800
2010-07-21,71.89022064208984,72.93416176742019,71.52803389028001,72.91285762051582,10812500
2010-07-22,73.32473754882812,73.65141369547858,72.59326645761692,72.61457059920268,10386600
2010-07-23,74.04911804199219,74.21245885215767,73.09039358064112,73.22532705781501,13384300
2010-07-26,74.75220489501953,74.80191638489121,74.00652712879821,74.14856382710734,9047000
2010-07-27,74.8800048828125,75.16406732807363,74.56752969125264,75.10015490333302,10259500
2010-07-28,74.63140869140625,74.9580901098072,74.3473463733659,74.73793476974208,7157900
2010-07-29,74.33321380615234,75.22802616716389,73.80058830381279,75.03628337030624,11562800
2010-07-30,74.35445404052734,74.6598259494149,73.53066345585017,73.71530832167902,11706000
2010-08-02,75.79607391357422,75.98071330491159,75.19242804622051,75.33446459894982,6852300
2010-08-03,75.5546646118164,75.86713981700063,75.32030820792824,75.61858245748776,5440100
2010-08-04,75.95946502685547,76.09439849662502,75.547566848297,75.73931498093208,7289900
2010-08-05,75.90264892578125,75.90264892578125,75.44104469864251,75.58307593497068,3631700
2010-08-06,75.76766967773438,75.79607698943303,74.78763638762342,75.2208384092816,7524700
2010-08-09,76.07305908203125,76.2506007575622,75.73217668102937,75.98783712724529,3723500
2010-08-10,75.74639892578125,76.11568330430568,75.04332984225223,75.53334670323129,8434400
2010-08-11,73.94970703125,74.71668889148515,73.793474801776,74.70248793176775,9496200
2010-08-12,73.46674346923828,73.7650176031434,72.99093307721486,73.04064452984206,14562800
2010-08-13,73.39573669433594,73.71531500085852,73.21819499675983,73.29631377714473,6481600
2010-08-16,73.34601593017578,73.56616587343363,72.70686481636372,73.01223671417715,5818900
2010-08-17,74.09168243408203,74.65271469640932,73.62296987891956,73.85022297344469,5461600
2010-08-18,74.26214599609375,74.64563673860067,73.63009794403874,74.04199601022873,6344900
2010-08-19,73.1897964477539,74.0775050420383,72.82761524234903,73.9141696948502,8882600
2010-08-20,72.8077392578125,73.05010190070115,72.33014916304768,73.01445857608559,8548600
2010-08-23,72.53682708740234,73.45636886597785,72.49405403459102,73.09282782830738,5552400
2010-08-24,71.56742095947266,72.10203813978983,71.2181392577528,71.80265382402993,9543400
2010-08-25,71.71710968017578,71.98085610098497,70.83321084050125,71.21813584449022,9732500
2010-08-26,71.23237609863281,72.03786383104625,71.0470406648506,71.9665826452549,8258800
2010-08-27,72.40852355957031,72.44416142778066,70.85457001938704,71.66005762788745,10431400
2010-08-30,71.40345764160156,72.38002682271966,71.39633332934686,72.15905349788525,4731200
2010-08-31,71.42485809326172,71.88819410284549,70.94013826511997,71.2038847169526,10523400
2010-09-01,73.27820587158203,73.34948708321585,72.23035520150057,72.25173902114993,8511100
2010-09-02,73.6203384399414,73.62746819074613,73.14987821655083,73.3565974826368,3782600
2010-09-03,74.54695129394531,74.58258914296599,73.62740995013932,74.29033485202727,6280300
2010-09-07,73.81989288330078,74.34025567669306,73.7129738640592,74.24759071388242,4206700
2010-09-08,74.11929321289062,74.41867738703876,73.90544426655362,73.9268280735064,5742100
2010-09-09,74.31175994873047,74.84637692677889,74.11217048040388,74.8321228669292,4396500
2010-09-10,74.6895751953125,74.71808876109765,74.24049877061131,74.4329585416528,3521600
2010-09-13,75.32396697998047,75.45940502171979,74.88914473499067,75.30971292009455,4944900
2010-09-14,75.16002655029297,75.60910288941596,74.967561377522,75.18854011064442,5077800
2010-09-15,75.51643371582031,75.60196895373315,74.83212462049134,74.98894103613328,4374300
2010-09-16,75.69464111328125,75.73027898375953,75.13151055103269,75.32397027915049,5449000
2010-09-17,75.74539184570312,76.04531572590271,75.44546796550354,75.94534109916951,7777800
2010-09-20,76.78081512451172,76.92363985459946,75.83819369875812,75.98101842884586,5257500
2010-09-21,76.85225677490234,77.34498728143227,76.53090510729595,76.79512686312232,8381800
2010-09-22,76.69509887695312,77.15212695677535,76.466584837042,76.80935317280644,5593500
2010-09-23,76.17378997802734,76.85219487553611,75.98812608659468,76.15236764041617,7547400
2010-09-24,77.53064727783203,77.59491978276715,76.88794946951884,76.9593591263964,5334900
2010-09-27,77.25924682617188,77.64486530364331,77.18069461141633,77.53060555556083,3989800
2010-09-28,77.52349853515625,77.74487553660587,76.62372712301818,77.38067923271734,7872700
2010-09-29,77.34495544433594,77.63059943744962,77.12358393757069,77.37352038846791,6281000
2010-09-30,77.05929565429688,78.20900301145151,76.74508680367812,77.77340271609985,11670500
2010-10-01,77.35205078125,77.64483719355921,77.00927710930296,77.51629774760441,5987600
2010-10-04,76.81651306152344,77.51634053090892,76.4594594532709,77.23783915232839,5561600
2010-10-05,78.12336730957031,78.32331655249666,77.3164222886355,77.41640235830693,6493200
2010-10-06,78.38758850097656,78.430438661565,78.03053470258816,78.15193713467875,7215600
2010-10-07,78.26616668701172,78.63036297132436,77.8448459537183,78.61607777292402,5282200
2010-10-08,78.66602325439453,78.84454998968695,78.10901526379112,78.30896978380966,4812900
2010-10-11,78.73751831054688,78.83749295495409,78.46615389154769,78.7589406703185,3527300
2010-10-12,78.73751831054688,79.00173467867617,77.9877030292832,78.50186145664006,5373500
2010-10-13,79.30873107910156,79.72291449577446,79.02309260380063,79.13734690428007,6921600
2010-10-14,79.31587219238281,79.43013193893049,78.77314929269055,79.30159244816664,8971700
2010-10-15,79.10360717773438,79.66822519290982,78.69622524941417,79.6396363177752,9377400
2010-10-18,79.33948516845703,79.7540103506468,79.01072118469244,79.10363096724373,4434900
2010-10-19,78.5032730102539,79.10362864546923,78.02442149052803,78.82489385322451,9253700
2010-10-20,79.39668273925781,79.74689258680257,78.48900856630374,78.68197677691568,7394700
2010-10-21,79.71829986572266,80.19715152883064,79.11794405074333,79.74688875717628,6992000
2010-10-22,79.58964538574219,79.81835104392299,79.4395578087585,79.75402468077398,3549800
2010-10-25,79.83979797363281,80.44015378416668,79.80406594916047,79.97559384383867,6126500
2010-10-26,79.87548065185547,79.9826875572695,79.28227383429832,79.47524190182779,5371300
2010-10-27,79.5538558959961,79.66106279596632,78.80341850174341,79.41806557861862,7608300
2010-10-28,79.40377044677734,79.94694808847966,79.0321260305197,79.88262176574551,5657500
2010-10-29,79.5538558959961,79.60388505561295,79.19650319794165,79.34659067679219,5972000
2010-11-01,79.56100463867188,80.41150580665881,79.09644503970163,79.81829901801633,9428500
2010-11-02,79.96127319335938,80.24715656906339,79.93983289441664,80.054188425807,4073600
2010-11-03,80.26146697998047,80.31149617002558,79.37522782379173,80.09708223967638,10108800
2010-11-04,81.78375244140625,81.84807332053803,80.93325113219463,80.98328030022058,9353700
2010-11-05,81.86236572265625,81.92668659804663,81.51216156684518,81.79803939449582,6347900
2010-11-08,81.63369750976562,81.72660730095113,81.31922521225697,81.57651973698724,4081700
2010-11-09,81.25485229492188,81.76944101498587,80.92608849105189,81.74799527434233,5838500
2010-11-10,81.28353118896484,81.39788133520085,80.59026536509155,81.20491307783848,9956900
2010-11-11,80.81888580322266,80.94753298993106,80.42579566251105,80.69023861651425,5517900
2010-11-12,80.16139221191406,80.7545937860985,79.79689078594723,80.37580064565742,8695800
2010-11-15,80.22572326660156,80.78319289881678,80.1756940804482,80.27575245275492,6607300
2010-11-16,78.9749755859375,79.86120907931138,78.66765193341982,79.7540021395454,9492400
2010-11-17,78.93206787109375,79.18221367608649,78.8034206781304,79.07500677315542,5558800
2010-11-18,80.15422058105469,80.31145665891842,79.58245401659936,79.58960259816682,7154500
2010-11-19,80.31268310546875,80.34853049799092,79.71756059173663,80.06172947629823,4474300
2010-11-22,80.1764907836914,80.20517199495835,79.25871390467589,79.98289944561664,6814800
2010-11-23,79.15115356445312,79.45229804992087,78.79981833140744,79.43078851101335,6615500
2010-11-24,80.19801330566406,80.27688528181922,79.58855251114174,79.58855251114174,4288200
2010-11-26,79.33041381835938,79.83949300755486,79.33041381835938,79.54552016664216,2330100
2010-11-29,79.3375473022461,79.48811948541847,78.44128039975885,79.0579124663004,6040400
2010-11-30,78.99346923828125,79.416510547302,78.55609004930055,78.63496206504364,8055600
2010-12-01,80.78590393066406,80.95081943078776,80.01152809338306,80.07606214834573,7312300
2010-12-02,81.55314636230469,81.64636165538498,80.84330424696486,80.85764211569511,6146200
2010-12-03,81.69648742675781,81.75384432644283,81.24476560049267,81.26627512167164,4550500
2010-12-06,81.55314636230469,81.7754243554814,81.4742744083357,81.58182757014623,6181100
2010-12-07,81.54596710205078,82.24863743528945,81.50294256198912,82.1841088307672,7617300
2010-12-08,81.66067504882812,81.79690937764813,81.34518732750996,81.52444072000812,6518700
2010-12-09,81.68218994140625,82.01918721668036,81.38821720301337,81.9905060155528,5237500
2010-12-10,81.94750213623047,81.98334954149863,81.57465192285234,81.81126777322145,8294000
2010-12-13,82.0909194946289,82.47810765526043,82.0479004113527,82.21998221483942,4756900
2010-12-14,82.46375274658203,82.72904433248299,82.16260281472304,82.1912840211087,5212500
2010-12-15,82.37772369384766,82.77208351340703,82.22715143648364,82.39206703476712,5851100
2010-12-16,82.6286392211914,82.7361923467922,82.04068833433688,82.4493858353165,8109500
2010-12-17,82.60926055908203,82.63800737196702,82.27149784419487,82.5948898940865,4621200
2010-12-20,82.46548461914062,82.75294710001208,82.19958086482865,82.74575903019533,6742100
2010-12-21,82.86799621582031,82.97579541920321,82.63802714062125,82.72426759990661,4783100
2010-12-22,83.06201934814453,83.11951297622618,82.82486224447833,82.89672653813331,3487300
2010-12-23,83.16978454589844,83.21290200789429,82.93262753913744,83.01167987472444,3578800
2010-12-27,83.03324127197266,83.10510553857065,82.75296679421602,82.90388339893943,4138600
2010-12-28,83.21292877197266,83.27760498576848,82.88953125431253,83.19855262475558,4738400
2010-12-29,83.29071044921875,83.52837656764018,83.26910543748265,83.33392047269095,6621900
2010-12-30,83.14665222167969,83.33390477923272,83.00981867489887,83.20426923856695,6599100
2010-12-31,83.27627563476562,83.34829964271638,82.85136256009002,83.05301659516728,3725200
2011-01-03,83.83805084228516,84.1621369675215,83.80203883074267,83.83805084228516,9108900
2011-01-04,84.00366973876953,84.06849024273528,83.62196669820901,84.05408324422734,9775600
2011-01-05,84.29178619384766,84.3998167513428,83.75884240344402,83.87407096868641,7567800
2011-01-06,84.1044692993164,84.39975223109357,83.90281534330185,84.36374024123747,7161600
2011-01-07,83.9532699584961,84.33497306145972,83.4131228140017,84.19813952122388,9249800
2011-01-10,83.68678283691406,83.78760984919039,83.22585778231942,83.65797982882947,6166700
2011-01-11,83.93890380859375,84.16216296406665,83.665225623523,83.99651535233103,5122600
2011-01-12,84.55101776123047,84.73106677456586,84.27014174000006,84.37096874789508,5255800
2011-01-13,84.40701293945312,84.53664850672014,84.13334029507266,84.52945049912806,6056800
2011-01-14,84.75990295410156,84.81751448124025,84.12612670362134,84.17654022403121,5885800
2011-01-18,85.14883422851562,85.29287133000052,84.79593398895014,84.81034099589657,4665700
2011-01-19,85.09838104248047,85.33604159972782,84.88231999626217,85.23521457673544,9080300
2011-01-20,85.069580078125,85.22801863211532,84.50062440099529,84.86792051960242,10935600
2011-01-21,85.4185791015625,85.66374756348087,85.0652537460883,85.59884792597944,9663000
2011-01-24,86.21173858642578,86.22616316942369,85.33202607001465,85.34645065301257,12299400
2011-01-25,86.16132354736328,86.23343000846485,85.59888544885257,86.0243229216814,10474000
2011-01-26,86.247802734375,86.48575886414301,86.05310935497681,86.2045399840052,9154100
2011-01-27,86.26950073242188,86.47861335631123,86.13249458195648,86.2550816382856,7393200
2011-01-28,85.10130310058594,86.4280844917072,84.91382748662156,86.28387163460108,17156100
2011-01-31,85.51956176757812,85.5556177467382,85.00038647534498,85.26718641756757,8965000
2011-02-01,86.59394073486328,86.69489635047809,85.86565855371134,85.92334590510019,7626900
2011-02-02,86.60116577148438,86.75980326046107,86.44974057783465,86.44974057783465,4231200
2011-02-03,86.79586791992188,86.94008083267359,86.21179297012648,86.55069936659999,6338100
2011-02-04,87.02661895751953,87.02661895751953,86.54349410764013,86.79587497753238,5191300
2011-02-07,87.50253295898438,87.71885786425277,87.1419951177843,87.16362650803697,7317100
2011-02-08,88.07215118408203,88.12983853789619,87.48808185547801,87.5746073848304,6032000
2011-02-09,88.17308044433594,88.25961145458739,87.79091144311859,88.05049897250538,7682100
2011-02-10,88.09375762939453,88.15144496687891,87.56016351108215,87.80532644333987,7202200
2011-02-11,88.43990325927734,88.51922199728732,87.76209058950815,87.84140932751811,6887200
2011-02-14,88.41102600097656,88.48313241686081,88.18749446132531,88.32449500109533,4093900
2011-02-15,88.11540985107422,88.23799684757078,87.88466594791686,88.21635996487002,4854700
2011-02-16,88.60575103759766,88.73554484117501,88.23800651193613,88.32453204674157,5680000
2011-02-17,88.80763244628906,88.93742071292195,88.38219517842195,88.43988252005947,4856500
2011-02-18,89.34258270263672,89.3714968219555,88.77877116293126,88.88719773167563,6320900
2011-02-22,88.10652160644531,89.11126368430446,87.81738596563035,88.81490365070178,9844300
2011-02-23,87.35474395751953,88.01975186405099,87.00055580303243,87.94746935504573,14461100
2011-02-24,87.0439224243164,87.49208279466148,86.42228293294818,87.29691395805887,12247300
2011-02-25,87.56434631347656,87.70168690835463,87.27521083127041,87.4197813297738,5649800
2011-02-28,88.29441833496094,88.31610253255151,87.78120543771357,87.82457383289471,5759600
2011-03-01,87.00773620605469,88.53291999197344,87.00773620605469,88.47509181174932,9666700
2011-03-02,87.0655746459961,87.44868227329314,86.74030072420027,86.92100968404235,8298400
2011-03-03,88.4462890625,88.66314225392732,87.7740507868422,87.7812806971713,7297200
2011-03-04,87.80284881591797,88.5690528535169,87.17397980414623,88.49677039021861,10366700
2011-03-07,87.2535400390625,88.37393813667641,86.89212200948401,88.01974449703243,8355500
2011-03-08,88.17878723144531,88.46792281682436,87.15959104861736,87.3692142101471,8009200
2011-03-09,88.19317626953125,88.51845009530139,87.78838456892167,88.0919797230784,7819900
2011-03-10,86.54515838623047,87.49930170415699,86.46564598350317,87.42701369091316,15698000
2011-03-11,87.0439224243164,87.34751226480735,86.17652130439888,86.21265980076105,10479900
2011-03-14,86.63190460205078,86.81984353028625,85.95966681528716,86.57407639108577,8026700
2011-03-15,85.60546875,86.11145175028226,84.51398483247559,84.64409553466261,14786600
2011-03-16,83.96463012695312,85.44644057783233,83.49478563675207,85.28741577978266,16469000
2011-03-17,85.07061004638672,85.28023324535134,84.50679858735256,84.89712535529654,7902300
2011-03-18,85.65431213378906,86.19024401246735,85.45877330402077,86.0598829508176,10498900
2011-03-21,86.95790100097656,87.28380081088281,86.58130554229798,86.58130554229798,7615000
2011-03-22,86.84928131103516,87.08103367877686,86.74064617997229,87.01585591538651,6360500
2011-03-23,87.36346435546875,87.5662524717084,86.50163834444783,86.6754512043849,6693400
2011-03-24,87.9645767211914,88.10218156608087,87.42865049567085,87.81248977308739,4827100
2011-03-25,88.32673645019531,88.5947024663361,88.0660142521703,88.13843585708518,6604100
2011-03-28,88.18185424804688,88.68881078369893,88.13839688398254,88.4353325158729,2663400
2011-03-29,88.72500610351562,88.79018384810306,87.98629184572734,88.16734850346221,6025800
2011-03-30,89.23200988769531,89.4999758724921,89.03647102475588,89.07992287753939,4100800
2011-03-31,89.09431457519531,89.48539742962325,89.04361895658843,89.2101934322442,4355100
2011-04-01,89.41302490234375,89.76789442704982,89.18127258666064,89.50717238122995,5203200
2011-04-04,89.63029479980469,89.68822873446301,89.40578077338868,89.54338560970065,6278900
2011-04-05,89.55065155029297,89.90552116143186,89.26820351942962,89.45649852306359,8523300
2011-04-06,89.9272232055664,90.0648280393419,89.65926287715423,89.95619293506708,4246000
2011-04-07,89.73892211914062,89.98515651495228,89.15953861954411,89.83306958952556,6542200
2011-04-08,89.55065155029297,90.05760813763425,89.11611654322724,90.0141562945514,6080300
2011-04-11,89.54336547851562,90.00687000404311,89.34058293927357,89.65200056036952,5467500
2011-04-12,88.68878936767578,89.15229395275108,88.47876298921814,89.0219329428605,5161400
2011-04-13,88.75399780273438,89.23198462426589,88.41361031786462,89.2030148888076,4278200
2011-04-14,88.87708282470703,89.00020001172717,87.9645558274194,88.33391291388988,4338300
2011-04-15,89.2989730834961,89.46569426115495,88.76255186987424,89.07425399599484,5299500
2011-04-18,88.2479019165039,88.34938583816366,87.45777630780167,88.31314474069029,10033200
2011-04-19,88.7191162109375,88.79160396558011,88.24069260592735,88.40741388855923,5007200
2011-04-20,90.13261413574219,90.27034469099796,89.71218309891681,89.83541279021978,6708700
2011-04-21,90.45880126953125,90.47329660047068,90.0238694453919,90.34281650018306,4019100
2011-04-25,90.28484344482422,90.40082270144013,90.03837853751946,90.3645816033235,4441200
2011-04-26,91.11849212646484,91.24897229184364,90.35736243713934,90.45884639571608,6200000
2011-04-27,91.83617401123047,91.9666542308977,91.09678425629502,91.24901025749627,5703800
2011-04-28,92.36526489257812,92.45225347863344,91.72736518621554,91.74186051866204,11788000
2011-04-29,92.8147201538086,92.87271256204419,92.4522814284872,92.46677676531587,11425900
2011-05-02,92.66974639892578,93.24241452790004,92.51027556898245,93.22066875701961,10518700
2011-05-03,92.65520477294922,92.91615942360666,92.25651407111822,92.61171325291593,7708200
2011-05-04,92.03910064697266,92.61176326866574,91.70565257556797,92.5465204229231,8253900
2011-05-05,91.07499694824219,91.94486099575875,90.6110687188386,91.75639395475528,11362900
2011-05-06,91.5316390991211,92.37976257520106,91.21269202214933,91.86509256895752,9866400
2011-05-09,91.8505859375,92.11154613983261,91.36491215611474,91.50988758831808,5464900
2011-05-10,92.38700866699219,92.54648497276332,91.92308061227178,92.0318149598847,4179600
2011-05-11,91.5606918334961,92.24208899543022,91.14750548711226,92.20584234749083,7813600
2011-05-12,92.0536117553711,92.17684703389537,90.87929563542635,91.30697730121814,6684200
2011-05-13,91.30697631835938,92.14784983118307,90.90829086766124,92.04636585969907,6677500
2011-05-16,90.95172882080078,91.640370440124,90.82124871571804,91.02421653907821,4399900
2011-05-17,90.47332763671875,90.79953076456863,89.77743537328311,90.56031624357074,25391000
2011-05-18,91.12569427490234,91.22717817970457,90.2920717450629,90.53128617657872,4534600
2011-05-19,91.46641540527344,91.68388413002033,90.94449489024841,91.41567344022708,4714900
2011-05-20,90.80096435546875,91.39006530141322,90.59732671438556,91.2809721226302,6881200
2011-05-23,89.83367156982422,90.09549295481592,89.4773057314168,89.61549078147048,5901700
2011-05-24,89.6736831665039,90.15368538600083,89.60822503960776,90.0445922069803,4244400
2011-05-25,89.9281997680664,90.27729116427571,89.31001269455217,89.3390990203132,4110900
2011-05-26,90.03731536865234,90.30640556437024,89.39730506811449,89.75367645771728,6190400
2011-05-27,90.35009765625,90.6555542653964,90.16827745337064,90.31373139618923,4402800
2011-05-31,91.27365112304688,91.31001734696106,90.61909793353867,91.15001483966942,5290000
2011-06-01,89.23734283447266,91.04100147585534,89.17916459343057,91.0046352200814,8218900
2011-06-02,88.9463882446289,89.3609378185459,88.52456431363723,89.28093653685063,8832200
2011-06-03,88.2336654663086,88.7282164026323,87.88456840296438,87.91366028730219,6224000
2011-06-06,87.8045425415039,88.24817836654495,87.64454000687877,88.07363266909374,4679000
2011-06-07,87.63002014160156,88.43730188752934,87.61547697398814,88.20457236474806,3834600
2011-06-08,87.4918212890625,87.87727895577356,87.33181873713528,87.57182256502611,6860100
2011-06-09,88.08818817138672,88.49546334640577,87.58636301023243,87.70272496793442,4024900
2011-06-10,86.81546783447266,87.81183848281782,86.6991003010753,87.74638590681386,7384800
2011-06-13,86.88092803955078,87.30275206209274,86.61183225647198,87.07729688222474,5363200
2011-06-14,87.78270721435547,88.10271223891341,87.42634151345669,87.4554333837535,4853100
2011-06-15,86.45906829833984,87.31725915747802,86.21907004902485,87.01907716039254,20958800
2011-06-16,86.93184661865234,87.16457618171239,86.32093359638613,86.43002124414048,7469900
2011-06-17,87.2363510131836,87.76819359062137,87.01050287290316,87.59334359680365,7742000
2011-06-20,87.81922149658203,87.96492894774282,86.94496011446836,86.9522471545413,5679800
2011-06-21,88.58422088623047,88.81736177238552,87.96495569293893,88.13981135755522,4744500
2011-06-22,88.01591491699219,88.74446318862263,88.00134639724774,88.26362421970528,4702500
2011-06-23,87.658935546875,87.67350406790358,86.32569075826164,87.1489539351346,9033500
2011-06-24,86.84294128417969,87.65163021285491,86.68994683258998,87.59335058252184,6643300
2011-06-27,87.57144165039062,87.95757664599331,86.75547168746509,86.89389198710224,4488800
2011-06-28,88.59871673583984,88.62785932087557,87.78274102997888,87.88473729841404,4085500
2011-06-29,89.21070861816406,89.3272789769556,88.51130314055679,88.882864211229,5712400
2011-06-30,90.2161865234375,90.35460699622665,89.43663963963802,89.53863601259232,4754500
2011-07-01,91.49110412597656,91.5931004514196,90.19428893815827,90.40556307058824,8692000
2011-07-05,91.42548370361328,91.65861883296496,91.18506709655493,91.46191332566633,5324300
2011-07-06,91.86265563964844,91.98651307928057,91.23610919380299,91.34538699585693,9795100
2011-07-07,92.59848022460938,92.79519136217186,92.23420610448237,92.40177464542886,4400700
2011-07-08,92.0811996459961,92.10305520101558,91.43279224130595,91.81892186899994,5987200
2011-07-11,91.03208923339844,91.40365034671152,90.7333873818818,91.1923707159406,6931200
2011-07-12,90.58035278320312,91.46189498801881,90.56577871395197,90.96648224267673,12501300
2011-07-13,90.92280578613281,91.75335018169928,90.69695209373778,91.03937059265009,7366800
2011-07-14,90.49295043945312,91.55662989977564,90.31810046801967,90.98836332383159,6517000
2011-07-15,90.82986450195312,90.98299703857839,90.26108491923117,90.93924647479925,7853000
2011-07-18,90.14437103271484,90.43604873385053,89.48808507836851,90.34854764886803,6150200
2011-07-19,91.61012268066406,91.74867356299626,90.65486486264419,90.71320266187865,5848000
2011-07-20,91.48612976074219,91.75593782333306,91.34029087271288,91.71218170620669,3291800
2011-07-21,92.63099670410156,92.82788535334005,91.68303265748688,91.90179102359896,6881400
2011-07-22,92.31742858886719,92.62369360811196,92.0403324614644,92.5216052683637,5848500
2011-07-25,91.70494079589844,92.12787601394648,91.24553749200169,91.39867007216733,5236200
2011-07-26,91.02672576904297,91.53716740416402,90.91005021621726,91.41320380183413,7202900
2011-07-27,89.57562255859375,90.70589358161641,89.4662461579252,90.6913119159932,7558600
2011-07-28,89.16728210449219,90.17358964390763,89.01414955792866,89.56105389425494,7454600
2011-07-29,88.32864379882812,89.13077415049233,87.97133472797479,88.29218686864047,16015400
2011-08-01,88.31411743164062,89.66314708789116,87.33697873847501,89.50272091711778,11630000
2011-08-02,86.38170623779297,88.23388937661225,86.35253734229211,87.73802927989371,9644500
2011-08-03,86.62967681884766,86.69530268977417,85.1931400789631,86.48383227778808,16594800
2011-08-04,82.91795349121094,85.73268705608774,82.80857155781388,85.55038568822472,19368300
2011-08-05,83.31175231933594,84.26701001859631,81.13142880544787,83.95345134094165,30450400
2011-08-08,78.80520629882812,82.4220634488017,78.76874381321258,81.13866072997423,30395700
2011-08-09,81.94083404541016,81.94812209565481,77.25204188522333,79.96468756666727,32097800
2011-08-10,78.14896392822266,80.70118356452043,77.9302055831498,80.3730432652125,27711600
2011-08-11,81.12411499023438,82.2689674466618,78.63023341968237,78.90003590446928,17393500
2011-08-12,82.25444030761719,82.75758867234855,81.36480808360476,82.02838266098102,14097500
2011-08-15,83.7200698852539,83.77111404053001,82.72106205150791,82.96898921616452,13586200
2011-08-16,83.18777465820312,83.79301663032305,82.37835601196974,83.0856863211464,10846800
2011-08-17,83.31907653808594,84.19412148563332,82.67737171737778,83.63992338503992,9350200
2011-08-18,80.2636489868164,81.45225194639256,79.4906929387948,81.37933250923143,18143700
2011-08-19,78.98924255371094,80.98025567795435,78.88675855768555,79.26739744390964,15277500
2011-08-22,79.27474212646484,80.73872624267172,79.06246375945611,80.65088518522307,11314800
2011-08-23,81.52196502685547,81.59516312247362,79.36990639080999,79.67734174320027,12374800
2011-08-24,82.67850494384766,82.76634600577442,81.18524598368819,81.43412061549593,9256900
2011-08-25,81.44143676757812,83.28605427000734,81.1120369954134,83.00057781825825,10391700
2011-08-26,82.49551391601562,82.76635302476592,79.85302178067998,81.04617257158006,13140300
2011-08-29,84.28160858154297,84.32552634058459,83.38857691663617,83.42517877227691,7117800
2011-08-30,84.43533325195312,85.02825097096762,83.54230151376053,84.0546996114849,10480300
2011-08-31,84.87446594238281,85.62110087263395,84.2669168569557,85.02818916922989,8390900
2011-09-01,84.08392333984375,85.66502316126397,83.97412342253473,84.97694889180617,7690900
2011-09-02,82.18810272216797,82.92009509494775,81.94654389883259,82.52481854348764,9426300
2011-09-06,81.40483856201172,81.58783658204628,79.91889553287618,80.0799346840516,10881100
2011-09-07,83.40314483642578,83.46169993423321,82.27587682998522,82.5247513534655,7271500
2011-09-08,82.6199951171875,83.94489974919048,82.51751661441708,82.99330726956852,7772800
2011-09-09,80.38736724853516,81.76351030131892,79.94817313251107,81.71959256511336,11877700
2011-09-12,80.89242553710938,80.9217058829438,79.16492422546287,79.32596333522474,10062000
2011-09-13,81.19259643554688,81.52199636945741,80.38740590486368,81.01691982158991,10836700
2011-09-14,82.27590942382812,83.32265830272027,80.42397038840116,81.60979396241665,14634500
2011-09-15,83.63742065429688,83.68865987897941,82.59067170607648,83.02986585830632,9646000
2011-09-16,84.23143005371094,84.42942938536979,83.4614208412754,84.04809505979199,12330800
2011-09-19,83.39541625976562,83.76208621828029,82.3467399546161,82.9407434970292,9727400
2011-09-20,83.5126953125,84.52470734347696,83.21936400577697,83.79136788679732,8070700
2011-09-21,81.36405181884766,83.76941115858172,81.31271825459675,83.54940697182701,14933100
2011-09-22,78.51873016357422,79.49407391240483,77.52872207341939,79.16406748572564,19744500
2011-09-23,78.79736328125,79.10537026507484,77.8293549197951,78.05669407392044,12056800
2011-09-26,80.84339141845703,80.90939492079237,78.81937726250013,79.5013836136207,11476000
2011-09-27,81.92139434814453,83.19740412641877,81.46672162487943,82.43473560246431,13564400
2011-09-28,80.54269409179688,82.83804515332191,80.47669061475744,82.20737261463933,11260200
2011-09-29,81.67937469482422,82.50071718228328,80.24936450163982,82.03871518024016,13212200
2011-09-30,79.88269805908203,81.51804814017628,79.8386994650859,80.52803501575758,10338600
2011-10-03,77.99799346923828,80.38134696040358,77.95399488747341,79.35467049137581,13520400
2011-10-04,78.99540710449219,79.26673939726683,76.15004355258125,77.05938942738871,18100000
2011-10-05,80.13941192626953,80.23474972799461,78.65806726231764,79.09073527188359,9967000
2011-10-06,81.46678924560547,81.55479211523341,79.54544081575024,80.15411474205351,8534300
2011-10-07,81.41544342041016,82.28812022970558,80.94610604270746,82.03878719558853,10022000
2011-10-10,83.75469970703125,83.7766989958127,82.56668775840852,82.57402271964772,7176500
2011-10-11,83.60811614990234,83.85744912750314,83.25611039894294,83.32211392503477,7836000
2011-10-12,84.32679748535156,85.15547558501794,83.90146437382288,84.16546172807342,7855800
2011-10-13,84.084716796875,84.34138452438124,83.33670731107186,83.98937907313208,5493900
2011-10-14,85.31671142578125,85.32404638707811,84.45137622057997,84.93537736238638,5256900
2011-10-17,83.52739715576172,84.97940670172551,83.3367272575762,84.95007244085556,8397900
2011-10-18,84.70807647705078,85.37541274323932,82.74272571425183,83.26339626774394,11694400
2011-10-19,84.29745483398438,85.25079934419728,84.02612253726451,84.67879487604625,15286300
2011-10-20,84.57612609863281,84.89879198012616,83.48344517886571,84.38545608119924,7944500
2011-10-21,86.56293487548828,86.58496951623705,85.51992078458257,85.53460867710609,13012000
2011-10-24,87.3194808959961,87.52515060342691,86.68045394638301,86.79797388955981,8407500
2011-10-25,85.7844009399414,86.93759455446838,85.62280600222303,86.83476243118041,9405200
2011-10-26,86.97430419921875,87.15793375227452,85.70358522634399,86.95226394555151,9938700
2011-10-27,89.56714630126953,90.03723747576257,88.47271020709242,88.93546023480785,12948500
2011-10-28,89.64058685302734,89.7874882269601,89.14111433615653,89.30270920983948,6666900
2011-10-31,87.65740966796875,88.81794990620342,87.6059936120434,88.6930831423747,13398600
2011-11-01,85.48322296142578,86.43075207712378,85.22614272164623,85.86517554960876,15120600
2011-11-02,86.76864624023438,87.05510793380166,86.06350933268953,86.52625945609053,7605000
2011-11-03,88.28173828125,88.4433331709509,86.79066733271156,87.576601529406,12007500
2011-11-04,87.8483657836914,87.90712857806868,86.84942069499176,87.70146440167672,7021900
2011-11-07,88.47270202636719,88.50943017257444,87.07712213334476,87.78959997598189,8694400
2011-11-08,89.3100814819336,89.42760710518212,88.06874930896949,88.8840651074831,7383200
2011-11-09,86.44542694091797,87.89976947178437,86.11489047195543,87.65003603667856,12096200
2011-11-10,87.32679748535156,87.81158179384263,86.58493313626275,87.37821349347111,9960400
2011-11-11,89.26600646972656,89.39821998546562,88.30378930758275,88.31847720758496,7260300
2011-11-14,88.66365051269531,89.29533632277932,88.2743569421863,89.11905360487322,7391200
2011-11-15,88.78121185302734,89.30271907319496,88.09076299064233,88.42129392046176,6467700
2011-11-16,87.4811019897461,88.97951954169258,87.34154736556421,88.04668404813992,7142200
2011-11-17,86.54826354980469,87.78225410328514,85.78436410203794,87.45171761700244,10984300
2011-11-18,86.68449401855469,87.10418427361029,86.36052062254116,86.85383966282268,8307400
2011-11-21,84.79219055175781,85.64629442043982,84.14424387463848,85.4916723136314,18829600
2011-11-22,84.4829330444336,85.06460984148896,84.03379027224545,84.65964882259972,8396900
2011-11-23,82.70852661132812,83.8571520674428,82.70852661132812,83.75407058381813,7988400
2011-11-25,82.56855010986328,83.54046433797375,82.56855010986328,82.67163149636635,3532100
2011-11-28,84.74803924560547,85.02783654490219,84.16636218669369,84.51242371949716,6666100
2011-11-29,85.08670043945312,85.54320778701788,84.75536817619016,84.9099902735472,5325400
2011-11-30,88.49578857421875,88.64304614379702,87.18517710541694,87.18517710541694,11581500
2011-12-01,88.45162200927734,88.76087194656063,88.10556609954888,88.36326969935398,5437700
2011-12-02,88.4000473022461,89.38669078468823,88.35587116426876,89.25415675324123,5584400
2011-12-05,89.05533599853516,89.71800603002461,88.5104764693167,89.65910077888911,6285400
2011-12-06,89.3793716430664,89.89477890643678,88.85659981378562,89.06276271913377,7062300
2011-12-07,89.88005065917969,90.24820029006311,88.78296633205198,89.13638683189023,9026700
2011-12-08,88.31175231933594,89.68862860969709,88.09086025111355,89.46037759204762,9595600
2011-12-09,89.66647338867188,89.90945335828171,88.65774755561836,88.70192368917853,8999200
2011-12-12,88.5326156616211,89.06275199296591,87.8993978900167,89.02594040288302,6291500
2011-12-13,87.9950942993164,89.45296316085685,87.65639743635735,89.02591401387446,7761800
2011-12-14,87.11891174316406,87.98038036624477,86.81703202476263,87.67850064784334,10062700
2011-12-15,87.47966766357422,88.17179040464752,87.3103220678954,88.05397988807563,5261400
2011-12-16,87.30690002441406,88.17834451442408,87.06318968289598,87.95678863406218,7758400
2011-12-19,86.67178344726562,87.86817511823968,86.44284649150654,87.62446476471527,7977500
2011-12-20,89.12359619140625,89.27129628429302,87.93459185015637,87.9641329956132,7867300
2011-12-21,89.21961212158203,89.26392666264475,88.392482480386,89.21223106007,6679800
2011-12-22,89.7513427734375,89.76611616546094,89.29346903987805,89.46332360736037,4202800
2011-12-23,90.563720703125,90.60064855532369,89.72920420678714,89.8769043467835,2281300
2011-12-27,90.59326934814453,90.83697967024746,90.39387357922374,90.4529558938668,3878700
2011-12-28,89.54457092285156,90.63018435430665,89.45594746345155,90.58587544180607,3871400
2011-12-29,90.48250579833984,90.60067044640742,89.69968472529412,89.74399365111918,5133600
2011-12-30,89.98767852783203,90.56371693802845,89.98029183081955,90.34216673724464,4734000
2012-01-03,91.30225372314453,91.96691577517528,91.28748595949962,91.5311963176443,7175100
2012-01-04,91.5533218383789,91.61240414308236,90.9182011488135,91.13237027756449,7625200
2012-01-05,91.53858184814453,91.65674650067064,90.53420483927556,91.17671245998461,8678900
2012-01-06,91.2283706665039,91.63455444995165,90.94035148711312,91.63455444995165,7488600
2012-01-09,91.32440185546875,91.50902986604402,90.9403724382083,91.34655631523381,5881800
2012-01-10,91.85612487792969,92.31400436797875,91.7748881033339,92.2253808954016,5274400
2012-01-11,91.78960418701172,91.90776310893794,91.4277350934677,91.60497629355511,4890300
2012-01-12,91.96688842773438,92.07027964570561,91.3243866638272,91.94473397165464,5591300
2012-01-13,91.69364929199219,91.69364929199219,90.77789038850702,91.3613155234309,6392100
2012-01-17,92.03337860107422,92.73496283218063,91.91521396226888,92.3435523263381,5348800
2012-01-18,92.77183532714844,92.8456853651304,91.87823690845431,91.96685470027397,6473000
2012-01-19,93.17803955078125,93.18542624697527,92.69800571733921,93.04510719128035,8095300
2012-01-20,93.88573455810547,93.88573455810547,93.13884740349734,93.20540449740601,6995400
2012-01-23,93.77486419677734,94.18158655683867,93.45688279942104,93.83402483858069,5166800
2012-01-24,93.4937973022461,93.5825382058099,93.07968436934615,93.24976404884481,4798200
2012-01-25,94.1001968383789,94.29985685612547,92.7839042214523,93.22020105076021,9642500
2012-01-26,93.95970153808594,94.75096212960922,93.65651323644977,94.54389996138225,5902300
2012-01-27,93.50860595703125,93.73785193305208,93.18323385349231,93.52339893193162,6136400
2012-01-30,93.34590148925781,93.40505644980048,92.43632556329415,92.72472644770238,5910600
2012-01-31,93.2275619506836,93.85612771252966,92.71731172852098,93.82654741714268,5951700
2012-02-01,93.84880065917969,94.35164909695142,93.74526673402094,93.96711627928237,9891000
2012-02-02,93.79705047607422,94.03369304946645,93.53083886474693,93.93015910267262,4531500
2012-02-03,94.92841339111328,95.01715994416507,94.52909339544259,94.68438011675204,8654000
2012-02-06,94.74356079101562,94.79533056490509,94.41818866481914,94.5291134168288,3852400
2012-02-07,95.031982421875,95.21685516812825,94.32207739515522,94.61786927566564,5739300
2012-02-08,95.17986297607422,95.24641443798052,94.6770033796255,95.11330023043412,4884400
2012-02-09,95.21681213378906,95.48302921942333,94.87665275331474,95.36471929093287,5416600
2012-02-10,94.54395294189453,94.59571710249206,94.13723614916263,94.47740143907072,6380600
2012-02-13,95.09113311767578,95.22424734861087,94.71399681687531,95.15768459127544,4654100
2012-02-14,95.14286804199219,95.1650518583984,94.49211267079211,94.93581156637974,5608500
2012-02-15,94.55132293701172,95.42391693058683,94.33686986267132,95.39434225442223,9589200
2012-02-16,95.44607543945312,95.52740858864944,94.61783813587957,94.64002759729668,8699000
2012-02-17,95.81084442138672,95.92947079671782,95.53653082716309,95.87015760905227,5765200
2012-02-21,95.89987182617188,96.19642661236496,95.61072695013964,96.10004121607425,6589200
2012-02-22,95.74414825439453,96.01105201753592,95.52914778737033,95.81087136697063,6092200
2012-02-23,96.0702896118164,96.15184378950295,95.3066510902189,95.63286780096504,12890500
2012-02-24,96.09996795654297,96.30755841119446,95.82565442278879,96.21118440121211,3769100
2012-02-27,96.1296157836914,96.41133917970761,95.3214951126469,95.58838738903185,5778600
2012-02-28,96.27791595458984,96.41136212454101,95.89238594223258,96.11480753831685,4953700
2012-02-29,95.85535430908203,96.65606560574902,95.7070769532927,96.39658306132694,7724200
2012-03-01,96.06292724609375,96.50034927340312,95.81084337306487,96.08516827712076,6684300
2012-03-02,96.0480728149414,96.22600101998293,95.6996149962938,96.04065159784405,3818700
2012-03-05,95.95166778564453,96.07770400926984,95.37337861238552,95.95166778564453,5286400
2012-03-06,94.49114990234375,95.98136676085005,94.29097497975448,94.84702334478925,14410100
2012-03-07,95.06941223144531,95.23252061044649,94.49853856135606,94.63199035722839,5736200
2012-03-08,95.58100128173828,95.8404950321563,95.30668772082905,95.50686829078488,4417000
2012-03-09,95.7514877319336,96.07770445947057,95.59580058377283,95.80339098987297,6248400
2012-03-12,95.98136901855469,96.1370562292401,95.71446534454648,95.76635731049721,5197000
2012-03-13,97.62725067138672,97.69398506689976,96.27050273887635,96.41878002688946,8699500
2012-03-14,97.77552795410156,97.99052829990815,97.58275732045018,97.70879356631345,5124600
2012-03-15,98.16846466064453,98.22777782964587,97.6198263320048,97.87189881563782,5716900
2012-03-16,98.0904541015625,98.50643602923195,98.06817016505575,98.44700842032812,5047200
2012-03-19,98.10537719726562,98.35050065714913,97.88995055902711,97.98652190269712,4424000
2012-03-20,97.59278106689453,97.83048021763273,97.25107507779988,97.57792132789221,5403700
2012-03-21,97.30309295654297,97.76364292211608,97.16937795497115,97.70421529193544,5031900
2012-03-22,96.6939697265625,96.976248140571,96.46369474025524,96.74597315426372,6987900
2012-03-23,97.0133285522461,97.09504007486674,96.35221217273516,96.73105032234673,4373300
2012-03-26,98.12020874023438,98.15735243023475,97.56308739421715,97.60023108421753,4991500
2012-03-27,97.80821990966797,98.31334914586219,97.79336016707512,98.21677782100244,5777300
2012-03-28,97.2956771850586,97.94936991518745,96.87227081916244,97.85279857969192,5293700
2012-03-29,97.40708923339844,97.48880080869975,96.59739768371762,96.76825637231408,4487400
2012-03-30,97.90480041503906,98.03107990226319,97.44423902877415,97.83794856909635,4218500
2012-04-02,98.27622985839844,98.55849702977352,97.48139778493315,97.72653259260005,8683800
2012-04-03,97.80821990966797,98.35048150035051,97.34766990125233,98.16477438925871,6098700
2012-04-04,96.946533203125,97.13967584688612,96.53055110065824,97.05796426714,10402500
2012-04-05,96.85737609863281,97.09508658180835,96.51567011273288,96.6419608910822,4179800
2012-04-09,95.91400146484375,96.26313172720229,95.70601041509765,95.79515753260463,5360200
2012-04-10,94.34664916992188,95.87687973043226,94.27979165805249,95.72830496301954,12912700
2012-04-11,94.97061157226562,95.29745222055735,94.88889999335993,95.2083164379919,5603300
2012-04-12,96.35968780517578,96.41167989205658,95.11173036945247,95.17115799350219,7164600
2012-04-13,95.379150390625,96.09227055488114,95.28259041797463,96.06256240975652,8826800
2012-04-16,95.8768310546875,96.3448050635289,95.58711720611566,95.99567493975307,7503100
2012-04-17,97.2659912109375,97.40713047664163,96.42659115785486,96.44145090547276,6290900
2012-04-18,96.67911529541016,97.16196057403333,96.62712319951484,96.76826241427143,5057100
2012-04-19,96.22593688964844,97.06533618078728,95.69111114220885,96.73849003787814,8957000
2012-04-20,96.66399383544922,97.07302209635208,96.6044977840714,96.64912833338839,5686800
2012-04-23,95.9500732421875,95.99469244813068,95.3105048123392,95.7418427159776,5180000
2012-04-24,96.47063446044922,96.84990899932392,96.12853502223436,96.13597912053498,4418700
2012-04-25,97.15485382080078,97.2961555622786,96.7607023038966,97.0507385398773,7342000
2012-04-26,98.05473327636719,98.1885909403674,97.04332265118283,97.09537462683296,4577100
2012-04-27,98.16630554199219,98.47121875993132,97.91345566026091,98.2332343905,3969500
2012-04-30,98.01753234863281,98.18114370119507,97.78699217394458,98.02496510185297,3670500
2012-05-01,98.56043243408203,99.01408009495181,97.72006594401591,98.05473279781614,5453200
2012-05-02,98.46376037597656,98.54556607263947,97.90599735719788,98.19603367305409,3746000
2012-05-03,98.02496337890625,98.59760310280907,97.79442320827015,98.47117821399942,5043100
2012-05-04,96.74581909179688,97.66055830091439,96.65658067050298,97.51925656872321,5934300
2012-05-07,96.55987548828125,96.86478848643009,96.26983933942802,96.30702578881149,4040500
2012-05-08,95.9947280883789,96.18064908064466,95.1246192063012,96.06165692214255,7641700
2012-05-09,95.44436645507812,96.02443885222642,94.73043076059894,95.19151671226231,11921700
2012-05-10,95.51876068115234,96.14345242552243,95.34771656375199,95.79392008928106,5325000
2012-05-11,95.32537841796875,96.05419666936147,94.99072867109525,95.04278630707233,3673800
2012-05-14,94.41063690185547,94.96096688688867,94.15034875966731,94.5816866374968,6069000
2012-05-15,93.9347152709961,94.88662979244717,93.75623271668854,94.31399566352547,6713000
2012-05-16,93.8380355834961,94.72302124818978,93.8008491186143,94.28424479278794,6043200
2012-05-17,92.64066314697266,93.89005178580933,92.62579197189902,93.86030376180662,8985300
2012-05-18,92.01831817626953,93.01827692949647,91.85414541877508,92.92872659995597,10861600
2012-05-21,93.13768005371094,93.13768005371094,92.11534074279272,92.30189967612255,5384900
2012-05-22,93.15257263183594,93.63762681321924,92.6749823990869,93.20480888562646,9856100
2012-05-23,93.06307983398438,93.13024402654572,91.65269441680628,92.49593894714894,8600000
2012-05-24,93.3689956665039,93.39884577221477,92.5033596808655,93.2197451379496,7043000
2012-05-25,92.72722625732422,93.35406135421657,92.5108172757804,93.22720268365386,6725100
2012-05-29,93.7271957397461,93.96599091807269,93.20483306632107,93.45109219521835,6828700
2012-05-30,92.52576446533203,92.9884326570126,92.33920553707276,92.92873243357123,6874300
2012-05-31,92.30935668945312,93.08544252483871,91.79445791186858,92.54815189316201,7793500
2012-06-01,90.30200958251953,91.35419926113957,90.22738712975604,91.13779016279571,11815100
2012-06-04,90.13040161132812,90.50351968767463,89.69012501403766,90.36173299679736,6369000
2012-06-05,90.36172485351562,90.53336165823254,89.9363705125462,90.025920892398,6619900
2012-06-06,92.4809799194336,92.52575223443286,91.00343089787243,91.03328100564725,6138400
2012-06-07,92.92127990722656,93.60035722238143,92.72726269717721,93.4063343190047,8806300
2012-06-08,93.60033416748047,93.60033416748047,92.42874447027208,92.62276732585862,4432700
2012-06-11,92.51829528808594,94.39134260755057,92.421281013112,94.30925623333846,7232100
2012-06-12,93.71968841552734,93.77193035201833,92.56302711872664,92.83167228168035,4923700
2012-06-13,93.1973876953125,93.9809375549824,92.89143398083412,93.5331915246983,4687100
2012-06-14,94.30184936523438,94.72720367552378,93.24218987340592,93.36905432571119,8162700
2012-06-15,95.19136047363281,95.2960209024206,94.66808684596789,94.76526460446144,6268400
2012-06-18,95.034423828125,95.34091688749568,94.67560908422386,94.78774083041455,4568500
2012-06-19,95.7296371459961,96.21554329750472,95.31849499998204,95.48295413969075,3869500
2012-06-20,95.65481567382812,96.05101499933653,95.01941048512212,95.77441860542692,9212800
2012-06-21,93.77101135253906,95.93886335586274,93.69625311524975,95.79682954891636,7702600
2012-06-22,94.36162567138672,94.54850997615173,94.02523050085586,94.28686738687561,5295800
2012-06-25,93.26273345947266,93.50941637663867,92.93381529891043,93.48699117537409,5922300
2012-06-26,93.501953125,93.82339434493689,92.8814958883127,93.46457398418514,7551600
2012-06-27,94.1971206665039,94.36157968707393,93.68131841167133,93.7411227288338,3717100
2012-06-28,94.04021453857422,94.0850649610311,92.88152919686736,93.45713053034393,6460100
2012-06-29,96.02116394042969,96.11087617289351,95.2661553734859,95.49789011153231,5844400
2012-07-02,95.95386505126953,96.26035800762276,95.45301655032,96.14822059586584,3837000
2012-07-03,96.54441833496094,96.60422267572689,95.8641681975855,95.96134027063246,2717700
2012-07-05,96.26777648925781,96.73872826609137,95.90896206269673,96.1481678782358,6637500
2012-07-06,95.3633804321289,95.5427878762012,94.84010634389311,95.52783963222011,4341400
2012-07-09,95.11663818359375,95.31099946569054,94.72044435323782,95.25119511685206,4503800
2012-07-10,94.45127868652344,95.78937031583386,94.12236635481135,95.65481345637097,6730900
2012-07-11,94.12239837646484,94.55596555712505,93.58417075550136,94.51111515646323,6839500
2012-07-12,93.8682632446289,94.30931323946123,93.27023109330761,93.59914934686005,4412400
2012-07-13,95.40069580078125,95.4679714085975,94.0850287831221,94.12987918833294,3942000
2012-07-16,95.02691650390625,95.3184555114264,94.75032572868608,95.12409427199451,1991700
2012-07-17,95.55016326904297,95.79684610366782,94.40643276120154,95.33337689059697,3326900
2012-07-18,96.40239715576172,96.54441963466716,95.25866051042492,95.30351091497525,3099300
2012-07-19,96.6715087890625,96.96304781851526,96.29025754603931,96.63412965061745,3845000
2012-07-20,95.87031555175781,96.33455011523053,95.69810558509957,96.1024385460254,7435600
2012-07-23,95.0242919921875,95.22645288657972,93.9910086957489,94.35789624392321,4647900
2012-07-24,94.23802185058594,95.09908865813742,93.5491706895568,95.0391870669531,7077400
2012-07-25,94.72474670410156,95.12158489297708,94.34288106219793,94.79213173427338,3872300
2012-07-26,96.2746353149414,96.61157178614924,95.78794485789528,95.96764392837076,8074000
2012-07-27,97.74222564697266,98.00429380468012,96.5741726270328,96.60412914937602,7463900
2012-07-30,97.63744354248047,98.07921675303716,97.42779349428136,97.57005847521735,4235800
2012-07-31,97.10581970214844,97.7347697476581,97.10581970214844,97.5251197324882,4783400
2012-08-01,96.9260482788086,97.71224100871855,96.72388182253206,97.6897793385835,5770000
2012-08-02,96.24473571777344,96.80630064354442,95.47352651292053,96.3345938749428,10915200
2012-08-03,97.88451385498047,98.13909865520804,97.24808041708266,97.38285052449568,7768300
2012-08-06,98.0117416381836,98.54336117863947,97.99677480751163,98.04169814965068,4572700
2012-08-07,98.3711929321289,98.75305292727073,98.30379646528446,98.32626957094357,3584500
2012-08-08,98.49850463867188,98.71563808129216,98.00432468986381,98.04176464205884,3003900
2012-08-09,98.51343536376953,98.73805211840512,98.1690039648886,98.46101717097868,3355100
2012-08-10,98.78298950195312,98.7979677627445,97.92941143789137,98.19896300680905,4410400
2012-08-13,98.55086517333984,98.7605150971422,98.10162023307647,98.64072330144369,3986700
2012-08-14,98.5807876586914,98.95516402553281,98.32621447125366,98.8728007678253,3421500
2012-08-15,98.62574005126953,98.82790654794186,98.41609013807727,98.46849690384363,2834800
2012-08-16,99.26221466064453,99.39698474915367,98.46104327317293,98.6632098310035,5340400
2012-08-17,99.41159057617188,99.48666810188766,99.23892601329209,99.31399208378576,2484300
2012-08-20,99.38156127929688,99.44912417580007,99.08877727256153,99.2389208609758,2266700
2012-08-21,98.9236068725586,99.86201853364511,98.77346329782884,99.52419262669807,4094500
2012-08-22,98.6983413696289,98.94608331130092,98.30045592079017,98.77341885081994,4496200
2012-08-23,97.88008880615234,98.56324375625086,97.74495157680963,98.54072279389705,4159600
2012-08-24,98.63084411621094,98.76596992597837,97.63987569035795,97.75249198705376,4202400
2012-08-27,98.39057922363281,98.77345849407625,98.30799854326462,98.66084222709057,1806500
2012-08-28,98.240478515625,98.57080138120791,98.04529293833733,98.15789779922927,3028000
2012-08-29,98.2855453491211,98.55580853892621,98.06783874452455,98.24800656757608,2400400
2012-08-30,97.53475189208984,97.88759558895202,97.33205176820255,97.8800924196304,4120700
2012-08-31,98.25541687011719,98.64578770905442,97.62479579334236,98.07523778315073,5447700
2012-09-04,97.7674789428711,98.19540016606172,97.31704821107222,98.1503582384039,4106900
2012-09-05,97.87261199951172,98.21795264774158,97.62486986267332,97.87261199951172,2828800
2012-09-06,99.71186828613281,99.71937145504,98.46565493435439,98.46565493435439,5559400
2012-09-07,99.80189514160156,99.91449988700475,99.52412913279827,99.76435640806278,4827700
2012-09-10,99.45659637451172,99.96709816241273,99.41155445753591,99.67431424685205,2296800
2012-09-11,99.91458129882812,100.18484436322314,99.5392165680141,99.54673119397278,2824400
2012-09-12,100.12477111816406,100.33497442263169,99.90706464397293,100.1923454665594,1953900
2012-09-13,101.64119720458984,101.88143597919994,100.00461350961581,100.04965541605138,6975700
2012-09-14,101.99408721923828,102.45953573810945,101.65626131182468,101.81390805618148,5186100
2012-09-17,101.74634552001953,102.00910536848974,101.52863905388575,101.77638110824383,2606500
2012-09-18,101.80641174316406,101.94153753314168,101.46107118785248,101.46107118785248,3375400
2012-09-19,101.8965072631836,102.27938662237567,101.7613814577435,101.98660258869955,3080800
2012-09-20,102.06166076660156,102.08418173243267,101.34847011976606,101.49861371038064,6949700
2012-09-21,101.91192626953125,102.49118823111061,101.85926087350394,102.46862062679726,5318100
2012-09-24,101.7990951538086,102.10752292666234,101.46808829616555,101.49817461097628,2706900
2012-09-25,101.06184387207031,102.23540523879001,101.01670866241871,101.95706379330878,6292300
2012-09-26,100.73078155517578,101.18967506548728,100.61042488870216,101.08435580798653,5447700
2012-09-27,101.2574691772461,101.51324307875588,100.69325596447305,101.13710093690719,4975500
2012-09-28,100.84373474121094,101.16721155098323,100.32465662418103,100.74593408758213,4565400
2012-10-01,101.39288330078125,102.07746481102915,101.20481221416028,101.27251505039628,4854000
2012-10-02,101.16717529296875,101.84423795559181,100.7609468785516,101.64111800891031,6269100
2012-10-03,101.31764221191406,101.64113042421268,100.88132742714878,101.37030762187204,3319800
2012-10-04,101.94956970214844,102.09250555318914,101.52829233841618,101.67121671050964,3911800
2012-10-05,102.28055572509766,102.64164889466251,101.91945107658792,102.37834485665893,4560300
2012-10-08,102.04733276367188,102.2053174741538,101.79908911411277,101.85926174016423,2405000
2012-10-09,101.24993133544922,102.11506508368302,101.21984501711201,101.8743286212,6034700
2012-10-10,100.26446533203125,101.14463671500833,100.10649203400797,101.10702019868641,10138700
2012-10-11,100.15160369873047,100.88132032368408,100.11398719125881,100.73838448265967,3669100
2012-10-12,100.15160369873047,100.67820036649431,99.86573201668163,100.24939284342105,3271200
2012-10-15,100.82118225097656,100.94906925162704,100.09898400612205,100.30962276942303,2641800
2012-10-16,101.7840576171875,101.82919283391371,101.23489334877493,101.29506598511236,5454400
2012-10-17,101.88179779052734,101.90437686698398,101.44548325259298,101.52070475133236,3815400
2012-10-18,101.82918548583984,102.13762474980669,101.55836272607915,101.75395247742753,6305000
2012-10-19,100.27510833740234,101.54822964403171,100.04910849983472,101.54822964403171,10437500
2012-10-22,100.26757049560547,100.486029706178,99.4690362730712,100.13949511943082,5591900
2012-10-23,98.48970031738281,99.16015901010262,98.33149703266213,99.13756018297475,8962100
2012-10-24,98.30892181396484,98.87391561749338,98.18838704378662,98.68558434965054,6097300
2012-10-25,98.51985931396484,98.94926015441546,98.00006313650535,98.82872537518413,6313100
2012-10-26,98.52742004394531,98.85888504578189,98.00009458412934,98.44455379348616,4182600
2012-10-31,98.38423156738281,99.13001582401597,98.10549355198364,98.94922521383832,3939600
2012-11-01,99.42384338378906,99.77037798718032,98.66298917165948,98.700657725589,3807400
2012-11-02,98.43700408935547,99.89845684005621,98.28634134589602,99.86078828048373,5141300
2012-11-05,98.58759307861328,98.78346484392472,98.0150704838441,98.27873870876861,2710700
2012-11-06,99.47651672363281,99.91344637538022,98.83618620930166,98.89645355728281,4408300
2012-11-07,97.36724853515625,98.72323572668076,96.9152489730393,98.72323572668076,18648300
2012-11-08,96.41808319091797,97.69119877101356,96.41808319091797,97.31453620049948,8427500
2012-11-09,96.36531829833984,97.02070727258803,95.88319082978906,95.9434582002111,6571600
2012-11-12,96.4556884765625,96.83235082244771,96.19956084011797,96.56869407722161,3758200
2012-11-13,96.07158660888672,97.1187084470984,95.92092382900374,95.98119123992359,5407200
2012-11-14,94.73817443847656,96.45574914910392,94.51217458982262,96.29002244049458,9479400
2012-11-15,94.5498275756836,94.95662378781658,94.17316505490274,94.59502523900483,7658000
2012-11-16,94.86180114746094,94.99019551604245,93.97058334759296,94.5974581056031,9350400
2012-11-19,96.39496612548828,96.43273187479559,95.54906865855004,95.63969723729667,9551500
2012-11-20,96.45535278320312,96.57619852579182,95.73029561439746,96.15324418897356,7021800
2012-11-21,96.78765106201172,96.84052538734133,96.32694259066497,96.41002258440976,4589400
2012-11-23,98.10185241699219,98.1169610180692,97.17287512925971,97.18042366755525,3345800
2012-11-26,97.8224105834961,97.8224105834961,97.27105610481007,97.5202961723353,4621000
2012-11-27,97.18795776367188,97.92056922648048,97.05956348481155,97.56559206307902,4910000
2012-11-28,97.9129867553711,97.99606673342682,96.27405584689033,96.8027413779357,7397000
2012-11-29,98.2906265258789,98.59272926812852,97.81480375857889,98.35859791421294,6112800
2012-11-30,98.26049041748047,98.53238768776646,98.0187988330089,98.37377614489586,4979600
2012-12-03,97.84501647949219,98.78910191151262,97.79970222267207,98.7060219325156,5820800
2012-12-04,97.7242431640625,98.29069484285361,97.65627172848491,97.89040324513367,5760400
2012-12-05,98.36620330810547,98.80426055339323,97.55051169872338,97.96591180412439,8697300
2012-12-06,98.74382781982422,98.78914209507641,98.2528962807936,98.44171344400114,4129400
2012-12-07,99.36317443847656,99.40094018829771,98.8042828292834,99.16680867369097,3993200
2012-12-10,99.49903869628906,99.7029528165166,99.37064448280115,99.38574154946205,3480900
2012-12-11,100.07304382324219,100.54130645367616,99.83135244980595,99.85402109998472,4012700
2012-12-12,100.08069610595703,100.70757079062005,99.94475321083276,100.43567347588056,9551800
2012-12-13,99.55950164794922,100.23923870485741,99.35557592108356,100.09573584241427,3844500
2012-12-14,99.28759765625,99.69543755730317,99.13653474339559,99.46885471250376,3114300
2012-12-17,100.02783203125,100.08825493650079,99.41606596176065,99.43116304470526,4534100
2012-12-18,100.86615753173828,101.00210039340092,99.98249435746679,100.20906579357118,6459500
2012-12-19,100.1636962890625,100.97938758283615,100.14859921797019,100.95673045171591,5511500
2012-12-20,100.59423828125,100.66220969721414,99.89939247203911,100.12597538307182,5530500
2012-12-21,99.84648895263672,100.0207494471762,99.11918201662394,99.2934309508281,11495800
2012-12-24,99.22525024414062,99.56617610030816,99.22525024414062,99.46768204128854,1997400
2012-12-26,99.10398864746094,99.61159121735804,98.84640135413959,99.46764197687526,3982900
2012-12-27,98.9449234008789,99.35403206731381,97.99031724530715,99.20251076716511,8308600
2012-12-28,97.78575134277344,98.83125622053633,97.70998492597474,98.35396478776732,8570000
2012-12-31,98.9297103881836,99.17214201565771,97.38416396676713,97.47508594235647,12067800
2013-01-02,101.34651947021484,101.41470228638418,100.67981221790596,100.75557860942406,9636300
2013-01-03,101.24047088623047,101.55866897679155,100.99802763989997,101.24804290255445,8665200
2013-01-04,101.56623077392578,101.67229679344086,101.13439468030333,101.2934879294114,4759300
2013-01-07,101.14956665039062,101.31624352142846,100.88440730852665,101.28594389048172,6119700
2013-01-08,100.80862426757812,101.14197795468463,100.56619257898365,101.00561229741218,4269800
2013-01-09,101.30110168457031,101.50565020864764,101.06623040822357,101.06623040822357,3898000
2013-01-10,101.92992401123047,101.96023520602154,101.24050039423746,101.67233665717445,6004300
2013-01-11,102.06624603271484,102.12685682916309,101.67986521072558,101.86926961450358,4508000
2013-01-14,102.19512176513672,102.27846023218382,101.82388467368388,102.0208728105243,4298000
2013-01-15,102.33905029296875,102.47541599662178,101.702653888586,101.7405255438223,2966100
2013-01-16,102.19512176513672,102.31634345544825,101.92995076262231,101.99056160777808,3197800
2013-01-17,102.9072265625,103.17996943132633,102.45265126101275,102.55871728998243,6227500
2013-01-18,103.21443176269531,103.26752726113683,102.70628654886168,103.0020729143078,4922500
2013-01-22,103.70730590820312,103.7300577910204,103.08539025072591,103.24466500312373,4544900
2013-01-23,104.25340270996094,104.3823339386921,104.01070046339872,104.04862413600907,6397800
2013-01-24,104.67816162109375,105.03462345430563,104.33687157748452,104.35203179440249,6288000
2013-01-25,105.13324737548828,105.14083905924743,104.69335790693825,104.95881223935783,4461000
2013-01-28,105.15602111816406,105.33046786320891,104.89057830331109,105.30771595258412,3167700
2013-01-29,105.5958251953125,105.70959622902673,104.99667274607162,104.99667274607162,3946700
2013-01-30,105.2393798828125,105.70202105103749,105.17112419553754,105.5958416799375,5496100
2013-01-31,104.97398376464844,106.3467360896445,104.90572804712335,105.2394265236978,3935300
2013-02-01,105.98262023925781,106.0963796892679,105.45171194539584,105.64131874386638,5234900
2013-02-04,105.09528350830078,105.40622992675084,104.93600867272342,105.27729866589439,6536200
2013-02-05,105.71720886230469,106.0660906046169,105.5806974670642,105.60344936627095,5819800
2013-02-06,105.86138153076172,105.95238918741579,105.33048424579157,105.33048424579157,3113900
2013-02-07,105.64132690429688,105.90678107173329,104.9056631162698,105.8688573945736,6637600
2013-02-08,105.97511291503906,106.20264356885002,105.70207844500385,105.70207844500385,3573800
2013-02-11,105.8158187866211,105.93715840370312,105.58070808937374,105.89165460071156,2542800
2013-02-12,106.2177505493164,106.33910170032374,105.80819330783736,105.86886888334102,3498600
2013-02-13,106.08126068115234,106.45289435720977,105.8006461830662,106.35429506969352,3387800
2013-02-14,106.07365417480469,106.14950154212482,105.61859311625085,105.70961227157169,3048800
2013-02-15,106.0333251953125,106.23102831926958,105.50106986599731,106.07894542321152,6111300
2013-02-19,106.42874908447266,106.57322091404689,106.08658567891742,106.11699530510711,3944000
2013-02-20,105.59996032714844,106.66447137790587,105.59996032714844,106.45156916775439,5974200
2013-02-21,105.31864929199219,105.5999935600403,104.97648574673231,105.42510043056869,7517900
2013-02-22,106.30712127685547,106.32233189595064,105.58477350092407,105.87371725221779,4158500
2013-02-25,104.67232513427734,106.90019915608256,104.62670488298197,106.70250753303529,10031600
2013-02-26,105.52394104003906,105.66081340523158,104.9156439107114,105.19698814937829,9236100
2013-02-27,106.90779113769531,107.11308223179282,105.41746411565862,105.49350558907983,7404500
2013-02-28,106.66449737548828,107.44767603992437,106.58845588091457,106.79375863442108,11383200
2013-03-01,107.01432037353516,107.1359705766098,105.82053566254264,106.36800218445778,6506400
2013-03-04,107.2651138305664,107.28792394121353,106.5275559801909,106.72524747323082,3619700
2013-03-05,108.2308578491211,108.48938037449835,107.73662292694083,107.73662292694083,7962300
2013-03-06,108.61099243164062,108.78588547375597,108.34487051927498,108.66422377549263,4481000
2013-03-07,108.8390884399414,109.02918046331718,108.65659592067396,108.71742676042977,3689100
2013-03-08,109.3105239868164,109.50822713656719,108.89233077498439,109.45499579554274,5680700
2013-03-11,109.76681518554688,109.76681518554688,109.19653871671139,109.28777923898764,4373000
2013-03-12,109.7972183227539,110.02533121723893,109.5158856608612,109.71357731485287,5166400
2013-03-13,109.84284210205078,110.03293423308538,109.56149785855357,109.8276314829232,4319500
2013-03-14,110.50440979003906,110.51962041615703,110.07099396298901,110.10901472712979,5361200
2013-03-15,110.34583282470703,110.39916338927239,110.01818760124584,110.34583282470703,10835400
2013-03-18,109.85060119628906,110.3915921469882,109.49248288240294,109.6067826403347,5511200
2013-03-19,109.94963073730469,110.35346420121677,109.32482477338937,110.10963408072492,9298500
2013-03-20,110.33818054199219,110.5972412280378,110.17055030362016,110.37628043734142,5924700
2013-03-21,109.63724517822266,110.17060911848242,109.33246910563477,109.8124908386376,6075700
2013-03-22,110.4068374633789,110.43732205345758,109.93443095534062,109.95728858466734,5027800
2013-03-25,109.8810043334961,110.72677075883317,109.4162135659423,110.55151358520568,9603200
2013-03-26,110.69635009765625,110.70396542968447,110.20108610721611,110.23155906179012,4877900
2013-03-27,110.45259094238281,110.55163681782454,109.7668270180748,109.9877996567232,4128900
2013-03-28,110.7267837524414,110.88678703667205,110.36103870700269,110.49056905067465,4346000
2013-04-01,110.77257537841797,111.03925157821917,110.46017229655641,110.71161782880128,8621600
2013-04-02,111.45072174072266,111.6259674444403,111.07736107705351,111.14593396636067,5672300
2013-04-03,110.5896224975586,111.6030192251039,110.44484987555849,111.42777366363528,7661100
2013-04-04,111.06968688964844,111.22969021325015,110.55155376101088,110.75728394638598,7520100
2013-04-05,110.71920013427734,110.87158814962875,109.75914517374922,109.85819098917445,7307400
2013-04-08,111.20687103271484,111.20687103271484,110.30014646404624,110.72684926953819,3865000
2013-04-09,111.63356018066406,111.97644781071794,111.05448096629766,111.30592646932138,5492300
2013-04-10,112.60126495361328,112.81461058221475,111.97647036312743,111.99170103198128,7947100
2013-04-11,113.07363891601562,113.27175381872532,112.4869444195053,112.63171711718964,6975600
2013-04-12,113.08895874023438,113.11944334299508,112.52510985385507,112.76132483260774,8710800
2013-04-15,111.1001968383789,112.71553103191584,111.03162396256931,112.69267340664598,14177400
2013-04-16,112.2812271118164,112.30408473761283,111.5268905811467,111.99168168311158,6974100
2013-04-17,111.20687103271484,111.70214671488024,110.76493756115944,111.66404679679634,10757100
2013-04-18,110.62013244628906,111.33636884120618,110.3077411130148,111.32113817960399,8277100
2013-04-19,110.69711303710938,110.75050706160336,110.1022142262803,110.36916107323826,6028600
2013-04-22,110.83443450927734,111.02510755655774,110.01072554849489,110.88019417858315,11711700
2013-04-23,111.9632797241211,112.03954200399329,110.70482990968814,111.45227706169047,10435300
2013-04-24,111.69628143310547,112.27593501072323,111.65052175861155,112.13102161631879,4963800
2013-04-25,111.93277740478516,112.4361573840873,111.62770497732352,111.8412580041001,4160500
2013-04-26,112.02428436279297,112.23020297007066,111.74971458199144,111.77259442724451,3242600
2013-04-29,112.77173614501953,112.99291189378594,112.04718045217828,112.26835620094468,6132000
2013-04-30,112.89373016357422,112.96236968520829,112.15391761859667,112.77931932308854,8065800
2013-05-01,111.9175033569336,112.73357829281873,111.79546976199767,112.54290516489291,5372800
2013-05-02,112.84803009033203,112.91666964822244,112.0472003349722,112.20735930338314,4340700
2013-05-03,113.9157485961914,114.2665922555066,113.79371500705885,113.83947469354266,5929900
2013-05-06,113.96915435791016,114.09882234652083,113.74797861535534,113.91577192533458,3110600
2013-05-07,114.6021728515625,114.61742996040151,113.97677104233372,114.2284609682384,5361800
2013-05-08,115.12071228027344,115.13596937618641,114.48005390498072,114.50293372997301,4087100
2013-05-09,115.04454803466797,115.44877417828674,114.70133869507389,115.09030772824514,3948500
2013-05-10,115.19709777832031,115.24286911504768,114.62507826577924,115.09795564316127,4138200
2013-05-13,115.05974578857422,115.17414496350135,114.76991902841297,114.9758491810412,3841500
2013-05-14,116.0284652709961,116.05896786392448,115.05984210730948,115.07509922265825,5551900
2013-05-15,116.52418518066406,116.77587515827248,115.82250932086178,115.837766432835,5770700
2013-05-16,116.27242279052734,116.77580243224772,116.11226394673588,116.41733616960678,8194700
2013-05-17,117.12833404541016,117.20482319485409,116.41703397212537,116.5776448471097,5503200
2013-05-20,117.0518798828125,117.4496025717102,116.8836247108345,117.0518798828125,4464700
2013-05-21,117.4113540649414,117.80143249182656,116.93715389018084,117.23544297924131,5734900
2013-05-22,116.89888000488281,118.65802543278443,116.52411351061296,117.56430293723781,12806500
2013-05-23,116.84534454345703,117.20482253673481,115.91223294438777,116.00401058672061,10474400
2013-05-24,116.84534454345703,116.88358911796425,116.04989940788704,116.3787887439224,4535300
2013-05-28,117.69430541992188,118.53562758219344,117.38836053951087,117.94670556978451,9374100
2013-05-29,116.89888000488281,117.21246918341515,116.27171331842393,117.03655814180675,7906200
2013-05-30,117.09772491455078,117.63311385523356,116.71530257540542,116.91415799034371,8231800
2013-05-31,115.56806182861328,117.57959585376433,115.4150835216976,116.72297335394659,7424700
2013-06-03,116.4935302734375,116.53177485433885,115.5680744369057,115.90459640525792,10861300
2013-06-04,115.98106384277344,116.9524199968077,115.35389718177396,116.4552638794271,7956400
2013-06-05,114.1989974975586,115.82046505526533,114.18369733080445,115.65985415147394,9426900
2013-06-06,114.91800689697266,114.93330707082048,113.43420514028935,114.25259521725695,15155100
2013-06-07,116.50119018554688,116.59296784637013,115.26213341139324,115.6139672288956,8087900
2013-06-10,116.41703033447266,116.92947494203894,116.24110763036977,116.86063004144832,4917900
2013-06-11,115.6445541381836,116.57766591109288,115.26213166307677,115.55277647875243,7012500
2013-06-12,114.61971282958984,116.52418175664289,114.49733478522866,116.39414779037622,6901000
2013-06-13,116.0728530883789,116.24877581104067,114.32900772115278,114.52787485623016,6208200
2013-06-14,115.23148345947266,116.26401660638159,115.02497216185019,115.95043920848283,4639300
2013-06-17,116.08814239501953,116.70002056695148,115.52980896078662,115.97342034367216,6693100
2013-06-18,117.09772491455078,117.29658032948906,116.19520212545385,116.2258024481235,4807900
2013-06-19,115.5604476928711,117.18957155157679,115.5298590227921,116.97541584919234,9143700
2013-06-20,112.87581634521484,114.634962021069,112.65400477963011,114.6043616882813,14309900
2013-06-21,113.2237319946289,113.64526722734702,112.30402620168533,113.45366136653821,10968600
2013-06-24,112.11250305175781,112.99388598384022,111.26177193435295,112.15082659113145,14129300
2013-06-25,112.8941421508789,113.27735375920186,112.3729682823208,112.97844917249756,7592300
2013-06-26,114.0361557006836,114.25076505538757,113.40769446628565,113.66061564301623,6326000
2013-06-27,114.8868637084961,115.28540715352992,114.61862253361593,114.72592134250661,6584600
2013-06-28,113.8521957397461,114.98649907063904,113.79088046582044,114.44234501842446,6719200
2013-07-01,114.51900482177734,115.34674365468938,114.36572245154072,114.59565185424327,4895800
2013-07-02,114.1434555053711,115.12448842411018,113.73725195297938,114.31206962463129,4873800
2013-07-03,114.6109619140625,114.94819011600319,113.6222807717311,113.75257135980924,2589400
2013-07-05,115.74526977539062,115.79891333429744,114.51132758421254,115.51534040724876,5528500
2013-07-08,116.5116958618164,116.82592058758944,116.25110300147921,116.3277500241714,4915600
2013-07-09,117.10189056396484,117.25518468405404,116.66503506686907,117.04058694956849,5200200
2013-07-10,117.04057312011719,117.48508859281397,116.77232013635718,117.0865566728308,6126900
2013-07-11,118.32048797607422,118.50442216925096,117.80698552896092,118.29749620192712,5848400
2013-07-12,118.1595458984375,118.61173309565406,117.94494818807378,118.35115183231213,6349800
2013-07-15,118.51970672607422,118.69598082258075,118.28211735802363,118.45839145453016,2751600
2013-07-16,118.25912475585938,118.59635289961832,117.97554016513907,118.48905409884885,3594600
2013-07-17,118.36653137207031,118.6807680372254,118.16725363577545,118.51981384211824,6504400
2013-07-18,119.05622863769531,119.36280506726995,118.45841921839356,118.78031569842567,6823000
2013-07-19,119.04552459716797,119.06087670640119,118.62344113019428,118.86134612728222,4828400
2013-07-22,119.03780364990234,119.27570854556753,118.80756895046973,119.04547384613491,3165700
2013-07-23,119.2296371459961,119.46754198818246,119.01475459755548,119.39080491243688,3394100
2013-07-24,119.03018188476562,119.49063976075908,118.65413133234382,119.42157283589427,3894500
2013-07-25,119.04552459716797,119.14529574184158,118.33947980540667,118.60040711123031,5483500
2013-07-26,119.0761489868164,119.14521586672103,117.93265767521812,118.55428301480055,3859300
2013-07-29,118.89967346191406,119.0608412853443,118.53130492150535,118.84595866092049,2592500
2013-07-30,118.88436126708984,119.39854564822846,118.50831073003583,119.26040009391632,4211000
2013-07-31,118.83061981201172,119.74387692280067,118.6157371636174,119.04550246040606,11784600
2013-08-01,119.63652801513672,119.84374062552195,119.46768984522804,119.63652801513672,4872400
2013-08-02,119.87435913085938,119.9050633483752,119.1299399441774,119.31413011858862,3620800
2013-08-05,119.55970764160156,119.7285457105509,119.33715475629278,119.6518085857191,3077100
2013-08-06,118.83836364746094,119.24510685175044,118.50068739252653,119.23742493944509,3582300
2013-08-07,118.60041809082031,118.76158597711891,118.19367498519682,118.43159171453846,4341600
2013-08-08,118.715576171875,119.29882773527622,118.17836924371167,119.20673846480044,5071200
2013-08-09,118.27044677734375,118.91509502716657,117.67184315818947,118.56207838521999,4550300
2013-08-12,118.20904541015625,118.41625795029269,117.68719066934582,117.76392781404851,3697300
2013-08-13,118.52362060546875,118.93036350397769,117.6794306027766,118.50826850263162,4752500
2013-08-14,117.66409301757812,118.51594152667853,117.50292520950119,118.393159831722,6372100
2013-08-15,115.9757080078125,116.72780879968126,115.86059651427297,116.72780879968126,10021900
2013-08-16,115.79341125488281,116.22426858115509,115.55490178783793,115.85496397863338,7035200
2013-08-19,115.20861053466797,115.96261041417807,115.14705784695647,115.63946760867374,4174100
2013-08-20,115.21633911132812,115.72414015138364,115.07015289616257,115.33944452830741,3845900
2013-08-21,114.36231994628906,115.34713985028459,114.2546056361639,114.97783532128109,9497100
2013-08-22,114.94706726074219,115.10864461583112,114.46235867543685,114.53160108191179,4227000
2013-08-23,115.27787780761719,115.4163625799018,114.68544333289707,115.09321970459372,9601600
2013-08-26,114.80087280273438,115.61642564382959,114.78548169064427,115.27789161771942,5770200
2013-08-27,113.48518371582031,114.43923287650065,113.41594133657104,114.01606543668373,11440200
2013-08-28,113.90069580078125,114.20845939966406,113.38520498013105,113.423676897489,4842500
2013-08-29,114.06224822998047,114.62390053272169,113.73141564096169,113.88529153678388,4695500
2013-08-30,113.75444793701172,114.19299464012131,113.43129343159625,114.19299464012131,6326800
2013-09-03,113.95449829101562,114.79313163995566,113.56980280177986,114.54693263163159,5430300
2013-09-04,114.77771759033203,114.95468593278811,113.73135733914286,113.88523315608407,4577700
2013-09-05,114.73159790039062,115.1855475750377,114.6546658338232,114.7777594883264,6021300
2013-09-06,114.70857238769531,115.3856406436556,113.6929817437371,115.17790165785283,9001900
2013-09-09,115.77023315429688,116.00874242089162,115.00853204551886,115.02392314851679,4402500
2013-09-10,116.78598022460938,116.809072780202,116.25510972570589,116.53978094482643,7917100
2013-09-11,117.83222198486328,117.85530277469194,116.7704704328218,116.80894232919437,7044000
2013-09-12,117.73990631103516,118.0322786540854,117.54755855691793,117.97072596397086,5555700
2013-09-13,118.24771881103516,118.33235230075647,117.87841437405866,117.9784272328374,4829600
2013-09-16,119.20948028564453,119.63264781451018,118.99405167821813,119.50954239884406,6569000
2013-09-17,119.47877502441406,119.64804205699775,119.24026558940433,119.27104781713594,4517600
2013-09-18,120.55591583251953,120.84058683584522,118.98635112125987,119.37874816906412,9637300
2013-09-19,120.27127075195312,120.73289855360191,120.19432691502105,120.69442663513588,7626600
2013-09-20,118.94832611083984,120.40530770061842,118.94832611083983,120.3821819422765,9381000
2013-09-23,118.49356079101562,118.9638043746998,118.1929140252407,118.80191222565797,8662000
2013-09-24,117.99246978759766,118.73252966600255,117.90767138239349,118.51668131872877,5774900
2013-09-25,117.49918365478516,118.24694873119219,117.32188205030688,118.14672915511876,7187200
2013-09-26,117.90774536132812,118.36256810967814,117.53772107138747,117.71502266156693,5026300
2013-09-27,117.33720397949219,117.51450543410282,116.99029397488947,117.40658127527229,6634800
2013-09-30,116.40452575683594,116.82080166666485,115.98053340978508,116.24263349237593,9426100
2013-10-01,116.88232421875,116.9979647627884,116.22707485391845,116.40437623936151,8616300
2013-10-02,116.3890380859375,116.48155293966323,115.74919759408616,116.32736543773865,8895300
2013-10-03,115.37915802001953,116.21942568387536,114.99371284252383,116.1423437060882,10949200
2013-10-04,115.96503448486328,116.06525399860776,115.19414410308416,115.38686669852893,6867800
2013-10-07,114.8625717163086,115.5178327030493,114.79319446251553,114.95507472136602,6081100
2013-10-08,113.72941589355469,114.97054942923289,113.70629013150506,114.86262528538477,10388000
2013-10-09,113.92219543457031,114.33848288550475,113.29007135076795,113.85281811369968,11075200
2013-10-10,116.37357330322266,116.41210839748999,114.93200083443644,114.97054769155305,12792200
2013-10-11,117.30638122558594,117.3449280950249,116.21942302681381,116.34276830387726,8186000
2013-10-14,117.79205322265625,117.85372586502073,116.46612081895421,116.55091923184867,6470100
2013-10-15,116.66651916503906,117.79202402420515,116.66651916503906,117.6378483379381,8144700
2013-10-16,118.34708404541016,118.37791448224895,117.36034538663172,117.46055312849727,8714800
2013-10-17,118.31624603271484,118.4010444405882,117.21387849321434,117.26013003153561,9916600
2013-10-18,118.5401382446289,118.69448502165413,117.99219364389945,118.58644110014605,7714400
2013-10-21,118.48614501953125,118.66364327618298,118.28549532835574,118.60962718759667,3588300
2013-10-22,119.04168701171875,119.51245201485929,118.70984225627187,118.87190214003553,7501700
2013-10-23,118.70992279052734,118.87198278423448,118.3240499614476,118.70219779736705,5428400
2013-10-24,119.46614837646484,119.58190543550687,118.92592914110855,118.99538337653375,5182600
2013-10-25,119.96776580810547,119.96776580810547,119.45841124829295,119.55102866201018,4565000
2013-10-28,119.90601348876953,120.12210114058344,119.61275840467572,119.77481825558922,4968800
2013-10-29,120.77803039550781,120.77803039550781,120.09889137643738,120.16835734039729,5779100
2013-10-30,120.29190063476562,121.06364570696074,119.90602809866807,120.95560186788923,6100200
2013-10-31,119.84429931640625,120.53115202975472,119.69767762947049,120.09126341715451,8157400
2013-11-01,120.28427124023438,120.5080722857268,119.68231060653369,120.06818341151636,5909900
2013-11-04,120.43856048583984,120.67008641343384,120.02953644997952,120.59290717893656,4042500
2013-11-05,120.30741119384766,120.53121221799823,119.52022744949652,119.83664594562522,5442800
2013-11-06,121.33370971679688,121.38772572546871,120.67772197337553,120.77033935035482,7548400
2013-11-07,120.2764663696289,121.7813668071069,120.14525935312294,121.71962579224953,10211000
2013-11-08,121.54220581054688,121.54220581054688,120.06816904566104,120.12991010017953,7594900
2013-11-11,121.63475799560547,121.7273636486937,121.2797500322725,121.41867028780172,3795200
2013-11-12,121.4494400024414,121.7195553140531,121.06356771493196,121.48802958636989,4094800
2013-11-13,121.9819564819336,122.02825927640689,120.77803672207301,120.79347491219369,5062900
2013-11-14,122.4991455078125,122.56088655365794,121.89718503069503,122.01295390761787,6931000
2013-11-15,123.1702651977539,123.1702651977539,122.53623809384162,122.60583477947576,6529100
2013-11-18,123.27839660644531,123.67272239745209,122.99231780501121,123.48716287134867,5236000
2013-11-19,123.19342041015625,123.65733130909052,123.00784897175598,123.3867195675566,5017300
2013-11-20,122.76042938232422,123.61867809350747,122.43568822107163,123.36352179579958,8401100
2013-11-21,123.60320281982422,123.61867005450964,123.06969530458787,123.16247511661393,4579900
2013-11-22,124.02079772949219,124.0439926963306,123.30945788433046,123.58008156151222,4466400
2013-11-25,124.18321990966797,124.36879151058857,123.94353063226299,124.33785701140783,5114400
2013-11-26,124.09812927246094,124.46153283785053,124.06720658091862,124.12905196400324,5231300
2013-11-27,124.36878204345703,124.43836696423487,124.02857336669375,124.32238029821809,6272800
2013-11-29,124.26827239990234,124.93322255731613,124.16002524860497,124.56981887837752,2887900
2013-12-02,123.64967346191406,124.36101334734522,123.48730868485366,124.2991561662576,5655700
2013-12-03,122.93052673339844,123.41763254912286,122.52073349573594,123.11608635918171,8660700
2013-12-04,122.75275421142578,123.34039149528844,122.0336866484467,122.52080454469072,7138200
2013-12-05,122.2579116821289,122.85327670391267,122.1728595361598,122.51306812003624,5823000
2013-12-06,123.83518981933594,123.85064525918207,123.0387981395692,123.34807210913166,6345300
2013-12-09,123.88937377929688,124.12133527967258,123.79659389836739,123.93576371976161,3967700
2013-12-10,123.49496459960938,123.85836795340914,123.43310745448984,123.5336267900646,4047600
2013-12-11,122.40479278564453,123.63417295917021,122.34293562119667,123.58778303534626,7906700
2013-12-12,121.75537109375,122.49763384191654,121.44609691502289,122.32754130225419,7078700
2013-12-13,121.89435577392578,122.14178417949994,121.46910737365329,121.80930373426413,8886500
2013-12-16,122.8609619140625,123.2243653394521,122.35838873327079,122.45116857020552,7076500
2013-12-17,122.76823425292969,123.16256052553516,122.46668785668987,123.14710507817516,6001100
2013-12-18,125.0722885131836,125.09548346933269,122.25012539995996,123.06198425931238,15330700
2013-12-19,125.16523742675781,125.26574509702682,124.70131412468969,124.85595129269251,8018300
2013-12-20,125.5719985961914,125.97504765480194,125.26196813689342,125.2697147589595,7978200
2013-12-23,126.0447998046875,126.22307855019918,125.82002950095594,126.00605486835366,4992800
2013-12-24,126.46348571777344,126.54098749811277,126.02167944486696,126.12244476891566,2462000
2013-12-26,127.4710464477539,127.49429815414463,126.78896485519742,126.8044699350948,4971600
2013-12-27,127.478759765625,127.82754709726278,127.28498771172539,127.7035301443092,6176900
2013-12-30,127.57180786132812,127.64156298485359,127.42453916038897,127.5408095265095,4043600
2013-12-31,128.25387573242188,128.2848740639138,127.74231456097898,127.8430798354205,5667800
2014-01-02,127.19966125488281,127.89723555467265,126.9903842341853,127.72671528994155,9291100
2014-01-03,127.41680145263672,127.78884063106018,127.14551573961013,127.42454808015579,6127600
2014-01-06,127.0291748046875,127.93602636657423,126.88966463835318,127.8817763553013,7446800
2014-01-07,127.8663558959961,128.11437807590374,127.51756842245375,127.62608034370942,5387200
2014-01-08,127.3857421875,127.75778118797854,127.0447015091836,127.65701594386508,9461800
2014-01-09,127.26176452636719,127.88183760316436,126.74245672478625,127.85082744452387,8212900
2014-01-10,127.25402069091797,127.64932338407607,126.7424712836906,127.54855809728492,7497200
2014-01-13,125.75021362304688,127.33138708726739,125.67270013404968,127.03685002135558,10676100
2014-01-14,126.6881103515625,126.70361542053986,125.85101403031953,126.13780458534038,7335400
2014-01-15,127.55635070800781,127.73461779421824,126.7967552804917,126.8510171654206,7780800
2014-01-16,127.09879302978516,127.37007827474766,126.74225954845988,127.28481821149303,5170900
2014-01-17,127.27970123291016,127.67531281101911,126.91511314001269,127.0547365782251,8013200
2014-01-21,127.00826263427734,128.03221573565366,126.27908606266331,128.0166980665837,9675200
2014-01-22,126.8066177368164,127.0626060877708,126.43427642475406,127.03157074046409,5418100
2014-01-23,125.44127655029297,125.9997822358477,124.94481784584828,125.9997822358477,9456000
2014-01-24,122.93571472167969,124.8051968687681,122.93571472167969,124.66557339048458,14663200
2014-01-27,122.5788803100586,123.42440952805762,122.18325681729044,123.11412726862056,14215300
2014-01-28,123.29249572753906,123.47090737230681,122.78051952619994,122.92790769051017,8308000
2014-01-29,121.8651351928711,122.75720493329938,121.593629531088,122.29953478252315,14271200
2014-01-30,122.69523620605469,123.16067144312974,122.07465983545788,122.79608326927324,7864700
2014-01-31,121.59370422363281,122.33063339708043,120.89556328805263,121.19032785552666,10693100
2014-02-03,119.09593963623047,121.60150453723239,118.8787396233177,121.45412811430177,18172800
2014-02-04,119.5226058959961,119.87167655578313,118.88651158732719,119.42175878937424,11853400
2014-02-05,119.60005950927734,119.85604757846416,118.77780125846725,119.2432362636258,11603200
2014-02-06,121.1204833984375,121.12823630931254,120.00344873416287,120.00344873416287,10426200
2014-02-07,122.39263916015625,122.40815681587887,121.05065193447828,121.44626338163101,11528500
2014-02-10,122.369384765625,122.42369064957896,121.88844390319758,122.37713767625924,4790700
2014-02-11,123.92865753173828,124.18464579733548,122.5168574494751,122.60993978732391,7620400
2014-02-12,123.88985443115234,124.46387783960063,123.60283089041779,124.11480731133956,5249600
2014-02-13,124.33976745605469,124.47940277742353,123.0365675846714,123.07535583152448,5085000
2014-02-14,125.34817504882812,125.534351490759,124.03721071527264,124.17684600584789,5824400
2014-02-18,125.20858001708984,125.48007407379609,124.9913800371204,125.43353291187566,4966400
2014-02-19,124.51825714111328,125.93005775141789,124.40965709416676,124.90611614256757,8245400
2014-02-20,125.13089752197266,125.44894430768665,124.19228665433039,124.54910981778903,7035600
2014-02-21,125.08037567138672,125.7104036575814,124.93258898454894,125.29038895628828,5268200
2014-02-24,125.74152374267578,126.5426719118456,125.20482971568607,125.24372282330317,6704400
2014-02-25,125.61711883544922,126.19270619132337,125.32933109176948,125.80379870266873,6067800
2014-02-26,125.88152313232422,126.20820386895276,125.43817494279618,125.78041529598131,5032900
2014-02-27,126.43379974365234,126.44157361908826,125.51597209619375,125.72598541808453,5292500
2014-02-28,126.79936981201172,127.38273090185726,126.01376928183885,126.4415697880946,10010400
2014-03-03,125.60942840576172,126.1538968778877,124.83161291171817,125.68720283405254,9144400
2014-03-04,127.27385711669922,127.56164483456016,126.82272304611146,126.88494966293531,7947500
2014-03-05,127.0560531616211,127.4216270695023,126.94715956364661,127.39050783093128,4968400
2014-03-06,127.63162994384766,127.80275015235905,127.37494963108054,127.42162848945725,4651800
2014-03-07,127.82611083984375,128.25391145212865,127.41386985032777,128.15279170690275,7381900
2014-03-10,127.55380249023438,127.68602952931607,126.9237627837761,127.60046946067413,3995400
2014-03-11,127.1104965209961,127.94276407568019,126.86937582564269,127.77941774125664,5198700
2014-03-12,126.96263122558594,127.22709712089676,126.37149660063659,126.51928322400016,5250800
2014-03-13,125.26708984375,127.5849748823219,125.05707650121259,127.35941378738414,9500500
2014-03-14,124.95601654052734,125.69495053097612,124.74601496604933,125.01824318543456,8603100
2014-03-17,126.2938461303711,126.52719305650727,125.48492357075236,125.53936446135745,6641400
2014-03-18,127.00153350830078,127.281547165334,126.43373232294381,126.54262586353974,7094600
2014-03-19,126.15377044677734,127.2271585507368,125.34483649731176,126.986026019687,7936400
2014-03-20,127.01715087890625,127.14937796200815,125.60152233891328,125.88932186661616,6616200
2014-03-21,126.71478271484375,127.93805761776406,126.63686196653983,127.36927420006367,7629500
2014-03-24,126.5668716430664,127.36161892137002,126.05262270480821,127.10449445224093,6336000
2014-03-25,127.30703735351562,127.56416175274289,126.66813190707948,127.29145081412565,5991100
2014-03-26,126.48112487792969,128.03944587159992,126.47333755301777,127.83686842247923,6133800
2014-03-27,126.44210815429688,126.75376745859056,125.86552536340915,126.41873430092687,7713700
2014-03-28,126.88629913330078,127.64208581083746,126.47334499679678,126.69929632299758,4536000
2014-03-31,127.96931457519531,128.14073082262266,127.50181355693077,127.5641478186357,6368400
2014-04-01,128.52249145507812,128.80298964376405,128.2342059433053,128.30432751821607,4076100
2014-04-02,128.8497314453125,129.00557301223944,128.36665587715757,128.70948830192907,5597700
2014-04-03,128.82635498046875,129.14581354154342,128.53028216519363,129.12243968478597,4452600
2014-04-04,127.68880462646484,129.3873685181611,127.45505413877942,129.34840812203961,10559700
2014-04-07,126.34864807128906,127.72775336191586,126.31747499871864,127.45505436666502,8624100
2014-04-08,126.48112487792969,126.79278432104546,125.87338064152195,126.3019212925904,5930000
2014-04-09,127.86016845703125,127.89132962773142,126.55896071630194,127.00308764979137,6008300
2014-04-10,125.81105041503906,128.02386344373602,125.6552206884773,127.87582104233621,9981500
2014-04-11,124.68124389648438,125.69415474034619,124.57216192185578,125.1876933738935,11067500
2014-04-14,125.79547882080078,125.92793469856701,124.8760750025243,125.50719319795942,6270600
2014-04-15,126.50452423095703,126.59023237843996,124.9617894653125,125.96690147756854,8489000
2014-04-16,127.79792785644531,127.80571518256596,126.94863374739407,127.33821405628174,5864200
2014-04-17,127.69025421142578,128.03336275247503,127.36274475822907,127.58108439369354,5790700
2014-04-21,127.90861511230469,128.08016941135102,127.65128366373519,127.76045349961741,3066100
2014-04-22,128.5091094970703,128.89900363274185,128.06462447106486,128.11921536139874,4044300
2014-04-23,128.38427734375,128.65720786386868,128.23611574132093,128.6182160897633,3546100
2014-04-24,128.42318725585938,128.75069653206313,128.03329356057708,128.67271303356216,4028700
2014-04-25,127.37834167480469,128.0333605700327,127.10541118581757,127.94758343623255,5102700
2014-04-28,128.0177764892578,128.42326952372113,126.93387179796888,127.9865902090463,7236900
2014-04-29,128.6649932861328,128.87553933403228,128.26730577220548,128.36867010009786,4581400
2014-04-30,129.01596069335938,129.13293606741428,128.53249579674676,128.6026738820052,4958500
2014-05-01,128.8443145751953,129.21862122726347,128.58698321387934,128.89890542393613,3889400
2014-05-02,128.47012329101562,129.32789518624793,128.29856891196917,128.78983935184087,7036100
2014-05-05,128.61041259765625,128.7975659771038,127.45632983761064,127.86182287710415,4059700
2014-05-06,127.67464447021484,128.41544045005747,127.63565270314591,128.3998532621233,5281500
2014-05-07,128.68846130371094,128.72745309816528,127.40960897653419,128.28296805891097,5576200
2014-05-08,128.93797302246094,129.4994214321637,128.55587255238964,128.6806415097953,5997900
2014-05-09,129.22645568847656,129.27324106012705,128.56363119377596,128.8911406939489,4228600
2014-05-12,130.06866455078125,130.17002891824436,129.66317138506045,129.686564077446,3944700
2014-05-13,130.26361083984375,130.4507523778556,130.18562726659036,130.30260262647047,4133400
2014-05-14,129.53060913085938,130.33378996763105,129.38244747965675,130.29479818068992,3104700
2014-05-15,128.314208984375,129.34352368872044,127.90092200250378,129.27334557450737,7539300
2014-05-16,128.69012451171875,128.71357719763455,128.03342544779971,128.33832229384342,5115000
2014-05-19,128.768310546875,128.9246657656834,128.23668848796024,128.32268564767566,2879900
2014-05-20,127.68165588378906,128.77615460356603,127.4627442106923,128.76051549924313,4856600
2014-05-21,128.97947692871094,129.11237955616411,128.12733023725679,128.17423564351708,4898700
2014-05-22,129.13577270507812,129.2999534804201,128.6823460342397,129.06541462813507,3564100
2014-05-23,129.64385986328125,129.6751261234611,129.14351619646578,129.22168781148238,2857000
2014-05-27,130.144287109375,130.2459233962153,129.87848197517602,130.12864800467457,2561300
2014-05-28,129.84716796875,130.2067957028656,129.7377181243041,130.19897018810195,3681500
2014-05-29,130.38662719726562,130.3944407843047,129.80028608254145,130.1442747785088,2763500
2014-05-30,130.50387573242188,130.57424572429252,130.01135736416225,130.24589616907306,2769000
2014-06-02,130.71499633789062,130.8713516060379,130.26938322721375,130.75408813721302,4453300
2014-06-03,130.57431030273438,130.7150264977917,130.36322408100332,130.5117657952161,4125200
2014-06-04,130.66026306152344,130.76971293016157,130.2302771743232,130.4726296027976,2264600
2014-06-05,131.4498748779297,131.5827774479217,130.4960922658535,130.9573444668508,5416500
2014-06-06,132.18475341796875,132.21601969788708,131.7000485398149,131.79385930871138,4118900
2014-06-09,132.3097381591797,132.5755430810733,132.13774393227624,132.21591553505738,2713200
2014-06-10,132.3957977294922,132.41142489994115,131.99707822942628,132.23943059190051,2821400
2014-06-11,131.61398315429688,131.9735988681362,131.41071068817126,131.92669350799503,3064100
2014-06-12,130.78533935546875,131.60621933012177,130.54298692838302,131.56712753530192,5409200
2014-06-13,131.0433349609375,131.20751573262945,130.6602663755584,130.98079047310918,2708700
2014-06-16,131.09796142578125,131.31686099422961,130.6757894515367,130.86342276554893,3068300
2014-06-17,131.34039306640625,131.4967482913718,130.7462384398816,130.89476814965852,2884700
2014-06-18,132.06741333007812,132.16904956602042,130.8321990475803,131.37944814662407,4729200
2014-06-19,132.19259643554688,132.27078004646089,131.7626104338082,132.1378774512224,3028000
2014-06-20,132.4400634765625,132.70638200083732,132.3460715155672,132.5732227386999,5370700
2014-06-23,132.30694580078125,132.4714317842238,132.0484558746141,132.4244357889545,2729200
2014-06-24,131.49224853515625,132.63586902283663,131.33559130521962,132.2442199719048,4861700
2014-06-25,131.81346130371094,131.97011860219686,131.21031815474504,131.21815878859007,3657500
2014-06-26,131.6568145751953,131.89963520017105,130.857846750931,131.89180651788323,4052400
2014-06-27,131.7272491455078,131.78991443209983,131.0771102433195,131.40609403379167,3092200
2014-06-30,131.50790405273438,131.8682264007645,131.319908225217,131.52357335973898,6488400
2014-07-01,132.53408813476562,132.87874134635337,131.77428772345223,131.82128371554415,4911500
2014-07-02,132.69070434570312,132.7768676219245,132.51837779326033,132.62021037938965,1929800
2014-07-03,133.52891540527344,133.52891540527344,132.94927012933886,133.04327409031018,2074800
2014-07-07,133.0511016845703,133.16859169458738,132.80828102907628,133.066771003302,2937700
2014-07-08,132.25994873046875,132.84742257093185,131.9387934958243,132.83175325524078,5438700
2014-07-09,132.8317413330078,132.94923130968084,132.26776554060766,132.5184148082384,3543800
2014-07-10,132.3460693359375,132.6437145249147,131.3591059530124,131.50793452359204,4932100
2014-07-11,132.53408813476562,132.54975744952466,131.8447936637753,132.19727555664997,2830500
2014-07-14,133.38792419433594,133.6385855037929,133.19209952839358,133.27826285949578,2831200
2014-07-15,133.45838928222656,133.87353649069834,132.98840544703546,133.56020994984246,5168100
2014-07-16,133.998779296875,134.06927324030295,133.67762428502198,133.9126160486261,3197900
2014-07-17,132.8551483154297,134.19459289283475,132.73765841924356,133.79510334144865,6149300
2014-07-18,133.75857543945312,133.89971486754317,133.09990084498403,133.26456351108908,6924600
2014-07-21,133.44482421875,133.60166165533244,132.80183619582476,133.38210360213685,2886600
2014-07-22,133.8839874267578,134.05649908025936,133.64089412226406,133.74283608979306,3798200
2014-07-23,133.74288940429688,133.9389243646022,133.46059858285622,133.9389243646022,2607900
2014-07-24,133.64874267578125,133.97024275292554,133.4762310229243,133.8212543286382,3226000
2014-07-25,132.64501953125,133.18607761434015,132.33135660227592,133.12334502854532,5714000
2014-07-28,132.84109497070312,133.02928082057915,132.02558307117053,132.69994361827514,3606100
2014-07-29,132.3470916748047,133.4527314738369,132.3470916748047,133.21748718138,3683100
2014-07-30,132.11184692382812,132.92735887284542,131.56295155334823,132.73132395731534,5446600
2014-07-31,129.61045837402344,131.28851701688583,129.61045837402344,131.1630637460821,9038800
2014-08-01,129.04592895507812,129.78301052394337,128.6068004928454,129.22627780963887,7435100
2014-08-04,129.6417999267578,129.86135805488533,128.68514866919347,129.22620690101502,4400000
2014-08-05,128.5360870361328,129.49273774892055,128.08128489685555,129.22613331158988,8522800
2014-08-06,128.75564575195312,129.18692467650112,128.1048088230923,128.1753904398466,4781100
2014-08-07,128.2460479736328,129.29679228073766,127.91671074148155,129.26543195792317,4962400
2014-08-08,129.64974975585938,129.68112206717004,128.15988802443988,128.3402369368677,5412300
2014-08-11,129.81434631347656,130.2848230145727,129.75161369365898,130.13584650315775,5761500
2014-08-12,129.76727294921875,129.9868310905711,129.38304021934152,129.60259836069383,3274300
2014-08-13,130.55142211914062,130.68472443147894,129.9789915270133,130.16718936120859,2841700
2014-08-14,131.02976989746094,131.02976989746094,130.52792088670626,130.70826969673666,2752400
2014-08-15,130.67318725585938,131.54512781665701,129.958350618773,131.51369984015813,7032500
2014-08-18,132.01641845703125,132.0635484279748,131.36442589104055,131.3801398767748,2975200
2014-08-19,132.66831970214844,132.77044255973703,132.2284242944604,132.4719369675555,3057200
2014-08-20,133.22604370117188,133.33601754629106,132.53477268256552,132.53477268256552,3108800
2014-08-21,133.681640625,133.95658123000916,133.29673816148733,133.39099803234754,2652600
2014-08-22,133.43824768066406,133.91742243117426,133.26542977154492,133.54822162407982,5152200
2014-08-25,134.02732849121094,134.37296413438855,133.88593862968634,133.9801985373694,2588500
2014-08-26,134.27078247070312,134.6007159756853,134.15295763767347,134.18438558398108,3581400
2014-08-27,134.3336944580078,134.4908102966738,134.1294606484999,134.44366835332065,5162400
2014-08-28,134.14511108398438,134.23151995981584,133.61880683528366,133.85445650914224,2781900
2014-08-29,134.2315216064453,134.32578147714503,133.7366333127716,134.24722359406186,3280300
2014-09-02,133.99594116210938,134.3808558445242,133.57174751434488,134.27873293186659,3458700
2014-09-03,134.10597229003906,134.7029720647905,133.9567193497856,134.62442608683665,2847400
2014-09-04,134.0587615966797,134.76573490394708,133.71312594023598,134.25514440272676,3760900
2014-09-05,134.52215576171875,134.55357172123163,133.54809320932867,133.94872160717628,3403600
2014-09-08,134.37298583984375,134.6007966352161,134.12947304815768,134.35727185727333,3139800
2014-09-09,133.63458251953125,134.2001660211998,133.4539136745211,134.1608870584785,4252400
2014-09-10,134.066650390625,134.17662431356555,133.31254691510645,133.6738846678003,4595400
2014-09-11,133.94091796875,134.02732687850465,133.39891151983937,133.453892469908,3026200
2014-09-12,133.46173095703125,133.8859244692498,133.06896540155293,133.83879452039298,5000800
2014-09-15,133.79171752929688,133.98810038476876,133.1868549782911,133.5874716884008,5130700
2014-09-16,134.62440490722656,134.88363176484285,133.45395854761261,133.5089515111648,5946400
2014-09-17,134.78143310546875,135.30773752570886,134.27083067777036,134.7735821091979,8498600
2014-09-18,135.59056091308594,135.73981378090375,135.0328284048599,135.11923732905672,6458100
2014-09-19,135.7897186279297,136.47477786972655,135.58499504687532,136.22279929458293,9341000
2014-09-22,134.97076416015625,135.73455742307843,134.82115343638864,135.71093594195676,4894200
2014-09-23,134.02589416503906,134.94716814764317,134.02589416503906,134.52983921573698,5521800
2014-09-24,135.27008056640625,135.35669673734833,133.8448606749998,134.14408235916426,5813000
2014-09-25,133.2069549560547,135.0652542904639,133.14396033277012,135.0416328086067,8910500
2014-09-26,134.41172790527344,134.7503225773993,133.46683237991974,133.6951774260058,6062200
2014-09-29,134.1204376220703,134.3172914296501,133.02593093252673,133.21490289820147,5167800
2014-09-30,133.91567993164062,134.72671645141537,133.70307450932106,134.2148894728683,5492800
2014-10-01,132.03379821777344,133.84485589967133,131.82907455512586,133.78974307376814,11030600
2014-10-02,132.0101318359375,132.49833735011634,131.04948448819906,131.80540824289506,9093700
2014-10-03,133.64010620117188,133.8369599974834,132.57709089508873,132.98655015561732,5589100
2014-10-06,133.5219268798828,134.40382756799806,133.04160339474953,134.2069738776155,5315300
2014-10-07,131.38812255859375,133.02594788821776,131.38812255859375,132.8605853821721,7128800
2014-10-08,133.5614013671875,133.71889406516323,130.98656156236623,131.39600893508648,8893200
2014-10-09,130.9786376953125,133.45112087118582,130.86840005110167,133.19915426227627,13387300
2014-10-10,130.08876037597656,131.78169681713277,130.08876037597656,131.01790375838058,12717500
2014-10-13,128.2935791015625,130.5455875163962,128.22271460261786,129.99439916626312,14117000
2014-10-14,128.3722686767578,129.45890524007808,127.95493968084487,128.876213804747,13626400
2014-10-15,126.99435424804688,127.44318679147266,124.62423822883181,126.92348974592875,24966700
2014-10-16,126.75802612304688,127.52181941001763,124.98634289316551,125.19894824495012,18926600
2014-10-17,128.70298767089844,129.0966951963616,127.72660069734998,128.09667471748517,11730200
2014-10-20,128.86048889160156,128.884110385708,127.75811244996021,127.83685877364978,7156500
2014-10-21,130.553466796875,130.608579623304,129.23060276751823,129.49045127355268,8994600
2014-10-22,129.43531799316406,130.89202894436724,129.35657166498973,130.84478595346374,6025100
2014-10-23,131.0652618408203,131.78181257940375,130.71879721930733,130.75030055671914,7029700
2014-10-24,132.08102416992188,132.12038531619044,130.8447765930399,131.18337136196374,5733500
2014-10-27,132.1912384033203,132.3329673407936,131.47468784609484,131.67941142744507,5062900
2014-10-28,133.59295654296875,133.6165780538284,132.39608126103482,132.66379972745105,5438900
2014-10-29,133.38816833496094,134.12834075767182,132.76611543513283,133.86849222533678,7584000
2014-10-30,135.12045288085938,135.38817116477307,133.5456224837165,133.56924397847345,7449200
2014-10-31,136.57711791992188,136.71885885586244,136.0574211798038,136.49050179656888,7563500
2014-11-03,136.50631713867188,136.83703012347723,136.26222031762535,136.67167963857656,5383200
2014-11-04,136.5850067138672,136.7346054663688,135.79759173965257,136.28578517886595,6466000
2014-11-05,137.44338989257812,137.4985027345721,136.78196369860206,137.47488122871638,5286200
2014-11-06,138.02601623535156,138.12051423716227,137.15198481237383,137.6008172797153,7191700
2014-11-07,138.25442504882812,138.27017672418273,137.6166203695567,137.986706642839,4018100
2014-11-10,138.54563903808594,138.6322551513003,138.05744568087601,138.28579069844284,2941900
2014-11-11,138.600830078125,138.77406238733715,138.34098161430674,138.56932674099403,3192700
2014-11-12,138.61656188964844,138.7425512010392,137.99450918903486,138.00237901537102,2836500
2014-11-13,138.9315643310547,139.3567633274989,138.41973715171855,138.78195349424882,6508400
2014-11-14,138.86070251464844,139.0969175088969,138.67958833238487,138.86857234278844,3521100
2014-11-17,138.97093200683594,139.18352548915092,138.58509418059077,138.63233717666077,3668900
2014-11-18,139.3410186767578,139.67173166547192,138.93942917867315,139.00242384533357,4721700
2014-11-19,139.3173370361328,139.52207263580382,138.8133918919426,139.25435440623403,4011400
2014-11-20,139.5692901611328,139.59291164678677,138.6086430278789,138.67163766128877,2881700
2014-11-21,140.27813720703125,140.98861334625033,139.94658649357135,140.9254591086238,4782000
2014-11-24,140.357177734375,140.68872867157947,140.1913962430491,140.61768462334578,2408700
2014-11-25,140.48342895507812,140.66498990827395,140.16765768273495,140.6413085685285,5510400
2014-11-26,140.52288818359375,140.586042437325,140.23870006452432,140.4834273147737,3005600
2014-11-28,140.5939483642578,141.05969744804102,140.40448559751633,140.60972789407097,4037500
2014-12-01,140.19923400878906,140.53078479453006,139.74926448464225,140.15185928616165,6671800
2014-12-02,140.9570770263672,141.1228584608843,140.25450246187702,140.2623922271614,3920500
2014-12-03,141.27291870117188,141.4150068197374,140.83874048536185,140.9808286039274,11006600
2014-12-04,141.17031860351562,141.54134260055937,140.53878762692295,141.0913727143972,4791000
2014-12-05,141.70704650878906,141.95177383359277,141.29656180264834,141.52548550240198,4269400
2014-12-08,140.94137573242188,141.73078640248136,140.49141791412242,141.27293881384364,5568000
2014-12-09,140.48342895507812,140.53868139933667,139.10985102263072,139.55191875846876,7945400
2014-12-10,138.37574768066406,140.12035001464596,138.15471372596687,140.12035001464596,7622000
2014-12-11,138.9598388671875,140.2465809988644,138.69933212636357,138.8493219509689,6867300
2014-12-12,136.56796264648438,138.6756864048815,136.5126981514619,137.96522205322174,12284400
2014-12-15,135.6128387451172,137.4600686637637,135.15499120700136,137.16008878769853,8874300
2014-12-16,134.87083435058594,137.66534316556914,134.783998684404,135.2023854272482,12257600
2014-12-17,137.03378295898438,137.34165261070783,135.05236669229757,135.20235663334614,12901600
2014-12-18,140.34925842285156,140.38084158176042,138.4388868540225,138.9204276410934,9752400
2014-12-19,140.54153442382812,141.15069617830372,140.14597703780953,140.6522900090552,11452600
2014-12-22,141.8943328857422,141.8943328857422,140.9687301365501,140.9924626118023,7855600
2014-12-23,142.42433166503906,142.71704014497055,142.14743678246447,142.2977504574936,6224800
2014-12-24,142.42433166503906,142.81988888503227,142.35313426258787,142.5509128725845,1647600
2014-12-26,142.55099487304688,142.96237799848774,142.55099487304688,142.7883317558572,1921200
2014-12-29,142.4876708984375,142.7012752501404,142.2503340711512,142.3057178951474,2530900
2014-12-30,141.9733428955078,142.29769050494806,141.79929682632363,142.10783084506954,2953300
2014-12-31,140.72344970703125,142.49553844347454,140.72344970703125,142.25821375302172,4514400
2015-01-02,140.77096557617188,141.7914983286961,140.0114900775965,141.3326503087271,4997200
2015-01-05,138.31849670410156,140.19344682560964,138.0178813148373,140.07477237305946,6700200
2015-01-06,137.1714630126953,138.87235585130924,136.32497603222575,138.5242753059555,10131400
2015-01-07,138.91184997558594,139.07007052715045,137.84385219893468,138.32643272765176,5547000
2015-01-08,141.419677734375,141.57791035202155,140.19345944779144,140.23300553074918,7166700
2015-01-09,140.20132446289062,141.65697236833142,139.7345697657303,141.59368175442745,6646600
2015-01-12,139.42611694335938,140.5257663499173,138.8090481869575,140.37545256309627,4305300
2015-01-13,139.22032165527344,141.63322321354323,138.20769609499118,140.5968651847738,9913500
2015-01-14,137.70144653320312,138.22358522253109,136.4040186839804,137.21095919735504,11090600
2015-01-15,136.9103546142578,138.50841023176875,136.71257587199256,138.23943403943758,9293700
2015-01-16,138.3024139404297,138.53995414013514,136.28334036562805,136.63965670608442,8721900
2015-01-20,138.4844207763672,139.046598431876,137.0908711574174,138.74571359525544,7224100
2015-01-21,138.8406524658203,139.15736425160406,137.5025228195906,137.9696769322447,6259300
2015-01-22,140.8755340576172,141.04972914405403,138.17552229962507,139.2919511494851,9565100
2015-01-23,139.67994689941406,140.79637585787975,139.66410768589384,140.7092783061885,4795300
2015-01-26,139.751220703125,139.91750225903883,138.86441795633468,139.48201445238956,3730400
2015-01-27,137.4472198486328,138.3657017988301,136.65542756366096,137.37596144261528,11565100
2015-01-28,135.9664764404297,138.25475405009763,135.86353964966324,138.2072484795233,9673200
2015-01-29,137.69252014160156,137.82713531206898,135.4438354568289,136.3148108327934,9615200
2015-01-30,135.75270080566406,137.73218029271598,135.61018408185265,137.13833644660042,11138500
2015-02-02,137.1937713623047,137.3204488707281,134.68379275501303,136.14860036576758,9437900
2015-02-03,139.6166229248047,139.67204205771088,137.85093093034732,137.87468371327594,7543400
2015-02-04,139.7749786376953,140.59844871731175,139.1811349017684,139.19697411762533,5935900
2015-02-05,141.37445068359375,141.4457090572446,140.2184291566297,140.36887155552768,6037800
2015-02-06,141.01025390625,142.01583326839432,140.52726023609773,141.5882708451755,7211900
2015-02-09,140.21849060058594,140.89151886475076,139.89385286931625,140.2897490054623,3723100
2015-02-10,141.3427734375,141.53280785063055,140.2580223567884,141.07356708023795,3572700
2015-02-11,141.4932098388672,141.80200819599608,140.6776651499938,141.01021629753373,5174500
2015-02-12,142.39585876464844,142.46711713920675,141.73075643853204,141.94454364399306,3742700
2015-02-13,142.79168701171875,142.95004290734153,142.33244645716638,142.52248078098197,3998200
2015-02-17,142.9738311767578,143.07675588078402,142.29288984049515,142.5700096827594,2850900
2015-02-18,142.89466857910156,143.06093809300896,142.4987726750384,142.6650421889458,2724800
2015-02-19,142.5937042236328,142.86291038848458,142.07111902237176,142.4195091565458,2663500
2015-02-20,143.8164825439453,143.86411773146463,141.72044948986164,142.23651350765115,8914600
2015-02-23,143.64173889160156,143.64173889160156,143.16537514448785,143.47501582027127,2738600
2015-02-24,144.42776489257812,144.5468528084742,143.61793072025824,143.72908348000863,4228700
2015-02-25,144.46759033203125,144.6343135590377,144.15000208933583,144.34849019798818,2822900
2015-02-26,144.50717163085938,144.6897892786889,144.02286051852818,144.4357188720098,3045800
2015-02-27,143.85617065429688,144.4516346784536,143.82440578875043,144.4436874046937,3161300
2015-03-02,145.0391387939453,145.0391387939453,143.9990636607159,143.9990636607159,3213100
2015-03-03,144.39608764648438,144.8089461966506,143.85620594720896,144.68191093279182,2825800
2015-03-04,143.5305938720703,144.03078734249277,143.01453008954138,144.03078734249277,3820200
2015-03-05,143.84036254882812,144.06266826353996,143.47515120955273,143.9038801979962,2410700
2015-03-06,141.6410675048828,143.41158963188698,141.42670913369776,143.00666625681694,7297400
2015-03-09,142.7525177001953,143.06215837777543,141.74419565177124,141.74419565177124,3844900
2015-03-10,140.28341674804688,141.72840345847197,140.2754694725739,141.6251979100661,6070100
2015-03-11,140.01348876953125,140.759793732853,139.91820625834632,140.51367046556334,5584600
2015-03-12,142.09365844726562,142.13335848922424,140.68835934224347,140.72012422171113,4024300
2015-03-13,140.97415161132812,141.72046862254624,139.94995859715064,141.63313339538774,6833900
2015-03-16,142.73672485351562,142.839942515734,141.52197896259585,141.52197896259585,5550100
2015-03-17,141.7204132080078,142.09357156770707,141.21228447997504,141.95065392698984,5392900
2015-03-18,143.49098205566406,143.71328770921073,140.50572605464498,141.25204308358713,11294400
2015-03-19,142.64137268066406,143.22095405940559,142.3634847254463,143.0542188633265,6229200
2015-03-20,143.9227294921875,144.48740624030756,143.29441283718708,143.52506502448065,5999200
2015-03-23,143.83523559570312,144.55102674730213,143.8272745398649,143.99429894764114,3593900
2015-03-24,143.02398681640625,144.10563452471226,142.97626902770605,143.67615015490054,4692100
2015-03-25,140.70957946777344,143.28644932496755,140.67777165332893,143.11942492580695,8474700
2015-03-26,140.359619140625,141.01179456280462,139.54839252598006,140.09715918797374,6604500
2015-03-27,140.62205505371094,140.7493105488335,139.95398190794538,140.24030070409518,3971800
2015-03-30,142.67401123046875,142.96827895823748,141.79119591140997,141.81505480091812,5399300
2015-03-31,141.2345428466797,142.42753649509496,141.11523620038278,141.98215414140802,4633800
2015-04-01,140.56646728515625,141.20272084651089,139.63593370912835,141.20272084651089,7440500
2015-04-02,141.03570556640625,141.4969978837127,140.3199021213065,140.53464436841227,3223600
2015-04-06,142.03778076171875,142.49907296514584,140.04945857578588,140.23239295463569,6284900
2015-04-07,141.9025115966797,142.82509558280213,141.9025115966797,142.18088143006577,6011600
2015-04-08,142.16500854492188,142.80922286569864,141.53670419653864,142.0457140913533,4738500
2015-04-09,142.68197631835938,142.86491067299022,141.55261092255853,142.09344079612387,4483800
2015-04-10,143.45343017578125,143.50910900856096,142.50698710454665,142.89670252674696,3463600
2015-04-13,142.8729248046875,143.84322731670804,142.75363028917656,143.29444827383878,3358200
2015-04-14,143.30238342285156,143.58870236831788,142.20483757836254,142.82519327091322,4811400
2015-04-15,143.85910034179688,144.25676480569106,143.5171025922546,143.8193314682562,4377800
2015-04-16,143.8828887939453,144.36007863553314,143.50112235777456,143.69200557585995,3873900
2015-04-17,141.61318969726562,142.78308718443236,140.99242925228037,142.67166895440107,8683500
2015-04-20,143.2764434814453,143.7380365499878,142.5760937024607,142.70343223385257,5355800
2015-04-21,142.663818359375,143.95310137343762,142.43302760423686,143.8098423080146,3596600
2015-04-22,143.30044555664062,143.45165867937493,142.09871897354847,142.97414483323308,5575200
2015-04-23,143.5470428466797,144.10414594029916,142.61590251383768,142.80691032967908,4893000
2015-04-24,143.68243408203125,143.9052827585877,143.08554790960997,143.65060549605477,4010000
2015-04-27,143.3878631591797,144.47817050440054,143.220741960693,144.41451338170998,4969100
2015-04-28,143.9210968017578,144.0006864301382,142.36124209235018,143.5390933016112,4534200
2015-04-29,143.30833435058594,143.81767651077573,142.64777914939566,143.09345202160236,6559400
2015-04-30,141.8041534423828,143.26852260568222,141.22318795571005,143.01384548383066,8564600
2015-05-01,143.1730194091797,143.26056315601244,142.44084086461226,142.62389460850972,3895700
2015-05-04,143.602783203125,144.0882508611657,143.451570173685,143.52319356331213,3256900
2015-05-05,142.46466064453125,143.72210118744098,142.28161911456633,143.435595593567,5316300
2015-05-06,141.9712371826172,143.45151404071194,141.0639715046668,143.14908810017204,7534200
2015-05-07,142.67959594726562,143.0138505738371,141.57336796515742,141.7564095632069,4142800
2015-05-08,144.72499084472656,144.86028357290073,144.11218436937855,144.15993331536012,5529600
2015-05-11,144.1121063232422,144.8442847670216,143.95293920827666,144.66124319199486,3753600
2015-05-12,143.82559204101562,144.231469981409,142.67161534706955,143.33217037108585,4742800
2015-05-13,143.84950256347656,144.3986395369973,143.63462023825653,143.9290922079802,3851400
2015-05-14,145.27407836914062,145.353668021019,144.629443477424,144.6931127701915,4921400
2015-05-15,145.5476531982422,145.57158048905598,145.07706691817808,145.35623487173186,4522200
2015-05-18,145.7072296142578,145.970442086879,145.3164089308153,145.50782733232202,2890500
2015-05-19,145.9066162109375,146.18578424385626,145.459957094706,145.89864450191484,2766600
2015-05-20,145.73109436035156,146.2415634535386,145.6114457502111,146.14584213131758,5080800
2015-05-21,145.79486083984375,145.99426297644158,145.4518950067549,145.65926884742208,2724200
2015-05-22,145.37213134765625,145.75499221814857,145.1966564913158,145.57153348708488,2357000
2015-05-26,143.86477661132812,145.10904509476126,143.40216178559376,145.10904509476126,5529700
2015-05-27,144.78199768066406,144.99734336065077,143.92855015814857,144.1837908951601,3588200
2015-05-28,144.59854125976562,144.63045243770085,144.0880719477378,144.45497747070237,3660900
2015-05-29,143.65731811523438,144.51873705967438,143.30636830410577,144.50278147629285,4923700
2015-06-01,143.88861083984375,144.48681739073646,143.41802460740524,144.3671809487753,4349000
2015-06-02,143.68927001953125,144.33534359366126,142.98738230937488,143.63344371295625,5106200
2015-06-03,144.27154541015625,144.9574897586733,143.66535467346003,144.24761810955505,5481500
2015-06-04,142.939453125,144.30335711629635,142.59647507297063,143.71312232728008,7312500
2015-06-05,142.3732147216797,143.13892476093832,142.17381246016473,142.83582942886017,5228700
2015-06-08,141.82281494140625,142.4529326918531,141.71912190563913,142.3811386521829,4380500
2015-06-09,141.74298095703125,142.181655799866,141.33619292166034,141.83071835970566,4722400
2015-06-10,143.61740112304688,144.0002498394415,142.27742453039508,142.27742453039508,5480900
2015-06-11,144.08009338378906,144.57460708332235,143.8806911281001,144.1199762690364,3714800
2015-06-12,142.8756561279297,143.61742640719328,142.5486336267186,143.4579070948236,4566800
2015-06-15,142.0540771484375,142.2694226782691,141.2644403607691,141.88657401025097,5502700
2015-06-16,142.939453125,143.0590895556252,141.8786321481349,142.03017974062166,3276900
2015-06-17,143.1548309326172,143.6812556869815,142.36520597161575,143.298406852237,3650900
2015-06-18,144.63046264648438,145.11700469467772,143.68130584996382,143.73714433001763,6542800
2015-06-19,143.7587432861328,144.54248356264787,143.73475248204056,144.46250608044005,3964000
2015-06-22,144.6864013671875,145.15024383109974,144.4864699018554,144.77437170004754,4048300
2015-06-23,144.84637451171875,145.20626098715908,144.5504797858108,144.84637451171875,3116800
2015-06-24,143.47877502441406,144.72634502708598,143.4627770953724,144.39845459737634,4328900
2015-06-25,142.8710479736328,144.04664619417386,142.82306636509654,143.99067171849842,3602700
2015-06-26,143.2548065185547,143.81461182559755,142.8949203471038,143.31878601119394,4855500
2015-06-29,140.46383666992188,142.5191377988448,140.42384794002257,142.03130458090627,8888700
2015-06-30,140.6077117919922,141.5593746735723,140.31180512529858,141.5513818133849,9149800
2015-07-01,141.87127685546875,142.20717225196964,141.21550839246785,142.00724090792144,4135100
2015-07-02,141.5914306640625,142.39115632474306,141.2715330780832,142.18321984314522,4008600
2015-07-06,141.29559326171875,141.66347261554864,140.22396327881384,140.42389479217005,3748700
2015-07-07,142.05528259277344,142.1352478425278,139.50415561068186,141.4554883068088,7783800
2015-07-08,139.9520721435547,141.10367971822086,139.77613141948888,140.83976863212217,6849400
2015-07-09,140.15992736816406,141.92732660476906,140.11995084384938,141.67140851321608,4581400
2015-07-10,141.8793487548828,142.1912413104092,141.24755857647898,141.72739890937186,4504400
2015-07-13,143.63079833984375,143.71076362028185,142.99101508208562,143.0150058865021,3873800
2015-07-14,144.2144317626953,144.38236720361814,143.39870872684526,143.51066975507277,2757100
2015-07-15,144.2225799560547,144.52647973263242,143.87069857324886,144.20659422254533,3407900
2015-07-16,144.80636596679688,144.95031076287705,144.35051637351344,144.91032202968321,2495100
2015-07-17,144.51988220214844,144.58392261219572,144.09562517323698,144.47986763352074,2762300
2015-07-20,144.63980102539062,144.9680031799421,144.3756392093696,144.84792296478037,2961600
2015-07-21,143.26303100585938,143.85539525231727,142.83076157306672,143.83938210661535,5026700
2015-07-22,142.72677612304688,143.22307395127805,142.3585468794043,142.83083108462154,3811500
2015-07-23,141.81410217285156,142.75066932369288,141.54994032808395,142.75066932369288,4968600
2015-07-24,140.50128173828125,141.8861188577225,140.33317433312087,141.87010572045844,4591300
2015-07-27,139.46864318847656,139.90891283927849,139.10842700670935,139.66076418549315,5370200
2015-07-28,140.97361755371094,141.1096987346244,139.52473956430646,139.9730098577742,5625900
2015-07-29,141.89418029785156,142.1343286022361,141.02165326588957,141.14973399015466,4175900
2015-07-30,141.8622589111328,141.99834018915575,140.98973130909621,141.7181649485768,3659000
2015-07-31,141.42994689941406,142.27046015507645,141.2778647267686,142.22243292008795,4483800
2015-08-03,140.6853790283203,141.5819192136483,139.87689276936877,141.54190469529496,4530500
2015-08-04,140.34129333496094,140.98968541927673,139.94905056871062,140.7175107373611,4055700
2015-08-05,140.37327575683594,141.30184278109155,140.10911381642953,140.75750575449462,4565500
2015-08-06,139.4607391357422,140.60542880469995,139.00445603281858,140.4693475848244,5374100
2015-08-07,139.15650939941406,139.3806445442821,138.32400917768274,139.1965361498082,6158400
2015-08-10,141.0377197265625,141.1417868811747,139.92504396959086,139.92504396959086,4504000
2015-08-11,139.37265014648438,139.99702839357266,138.94839344562826,139.7568800952041,6761100
2015-08-12,139.4526824951172,139.60476458704417,137.2033063965713,138.3480078188763,8825600
2015-08-13,139.53273010253906,140.0610538598774,138.92436506388944,139.276580902115,6562700
2015-08-14,140.0050048828125,140.14909872293794,139.33259953408773,139.42065348792892,3512200
2015-08-17,140.6453857421875,140.66939934468772,138.98037342030727,139.47668303902097,4055400
2015-08-18,140.3492431640625,140.8295275425677,140.14912161940626,140.3092164122413,4050400
2015-08-19,139.07643127441406,140.47728166600567,138.5801216869983,139.5487150463979,10988700
2015-08-20,136.25872802734375,138.12386187485941,136.25872802734375,137.88371363174056,12317200
2015-08-21,132.03453063964844,135.4556507826388,132.03453063964844,134.74893568577926,18858700
2015-08-24,127.19196319580078,131.2635771894124,120.91990301518041,125.20031364173224,35102400
2015-08-25,125.67418670654297,131.4483304849797,125.5135606565226,131.16725940553835,19357000
2015-08-26,130.62918090820312,130.82191253882263,126.62180161628136,128.80618329297087,19884300
2015-08-27,133.6728057861328,133.70493588257727,130.93429713120693,132.395910168396,15223700
2015-08-28,133.57650756835938,133.80939574219127,132.7011519351308,133.08662750914976,8115700
2015-08-31,132.65286254882812,133.45594323917058,131.9622249190109,132.78939704974053,6363700
2015-09-01,128.86231994628906,130.59696474912317,128.28410092733182,129.6172054255588,14266900
2015-09-02,131.2716064453125,131.28765924005242,129.5289101467296,130.8459623038688,8260600
2015-09-03,131.4402618408203,132.90187509874062,131.00660350566034,131.97029822582724,8023700
2015-09-04,129.27194213867188,130.05895804241706,128.68569647341576,129.63332611714364,8651100
2015-09-08,132.4360809326172,132.53244672425177,131.12705507738147,131.5526869958245,6821700
2015-09-09,130.51670837402344,133.8816192302566,130.2838080559796,133.7370582993946,7865700
2015-09-10,131.2154541015625,132.10687484141422,130.21962887063185,130.53283008982038,8327000
2015-09-11,132.01841735839844,132.058573838602,130.50862193181243,130.82182287094065,6202300
2015-09-14,131.5206298828125,132.17112378481275,131.19939000561908,132.0747579486789,4595600
2015-09-15,133.39979553222656,133.7370881073596,131.68120255185667,131.99440367548337,6516100
2015-09-16,134.52413940429688,134.63657029216736,133.31149109554758,133.68091387229214,5511700
2015-09-17,133.96197509765625,136.07408260784482,133.6969568270433,134.45185512744743,14270000
2015-09-18,131.59461975097656,132.96255706992267,131.32103719846197,131.96477024063896,10400500
2015-09-21,132.68896484375,133.22004553483453,131.69923248541016,132.50389573437937,7762600
2015-09-22,131.16012573242188,131.449805028848,130.33936567951645,130.85434973114198,8979600
2015-09-23,130.8302001953125,131.4658910644687,130.25889614034597,131.3693231213715,4554900
2015-09-24,130.25086975097656,130.54860357899665,128.6898206811397,129.6473721587112,8451800
2015-09-25,131.06358337402344,132.310801867654,130.4037534680606,131.83605339084045,10474600
2015-09-28,128.57701110839844,130.4035983592889,128.40803886491196,130.38750167194615,10013100
2015-09-29,128.93113708496094,129.51854986073013,128.08623855774624,128.72997135363278,9906200
2015-09-30,130.85433959960938,130.95894975577679,129.59102462563965,130.38763342049202,7621400
2015-10-01,130.7496795654297,131.39340006546573,129.1564381767504,131.16809543481682,6862800
2015-10-02,132.43141174316406,132.43141174316406,128.68972216848755,129.02769136624613,11877500
2015-10-05,134.84542846679688,135.00635861289484,133.16368572543433,133.36485147760257,6342100
2015-10-06,134.9338836669922,135.52932617844874,134.57983013143541,134.97411925570142,6661000
2015-10-07,135.94784545898438,136.37431597359097,134.7569473584708,135.6662207053271,8832800
2015-10-08,137.0904541015625,137.32381328602057,135.52940565833404,135.7225292304871,8160300
2015-10-09,137.40435791015625,137.5733426759328,136.87328924241424,137.29170549236943,5006100
2015-10-12,137.73419189453125,137.78246971971646,137.17093013706125,137.3801381389257,2835800
2015-10-13,137.3076171875,138.0640019498159,136.90528591207035,136.99379928379193,5909300
2015-10-14,136.04437255859375,137.55713057442838,135.7627356112838,137.1950346980173,5424000
2015-10-15,137.85491943359375,137.85491943359375,136.14098271307057,136.30995512658882,9637200
2015-10-16,138.3701171875,138.43452178619546,137.51677775164717,138.01589803663555,8353700
2015-10-19,138.5632781982422,138.57133644817446,137.6938347958696,137.8870485354805,4859800
2015-10-20,138.47479248046875,138.78071131640556,137.8549211224924,138.13667748050247,4140900
2015-10-21,138.04815673828125,139.23156567213454,137.9274057384704,138.8209999888509,5801400
2015-10-22,140.72084045410156,140.80939524854602,138.84509783281268,138.91754840537936,8553100
2015-10-23,141.98472595214844,142.20208992387052,141.17968694391007,141.68686544995478,7642900
2015-10-26,141.7030029296875,142.05722214188086,141.58223967975434,141.88011253578418,3795900
2015-10-27,141.42127990722656,141.83990386427772,141.07511883707483,141.14756944004696,4696100
2015-10-28,143.03936767578125,143.03936767578125,141.17168300822595,141.69495360581033,7348500
2015-10-29,142.7977752685547,143.0634395261484,142.23423832485614,142.5160067967054,4726900
2015-10-30,142.08139038085938,143.16014009397065,142.04918192988373,143.00718066164856,6527500
2015-11-02,143.3936004638672,143.53045567487985,142.27459629483423,142.38730130884022,4178300
2015-11-03,144.1584014892578,144.58507135964186,143.13599808101415,143.23259887161416,4284900
2015-11-04,143.82017517089844,144.5769136002457,143.4498642058458,144.56082166883792,6870400
2015-11-05,143.81210327148438,144.30317733704234,143.0795151552739,143.90065801392646,5008100
2015-11-06,144.21470642089844,144.23885661160975,143.0635063839192,143.69143591025733,7642800
2015-11-09,142.8300018310547,143.77995413178036,142.27452301814407,143.69944532727317,7962300
2015-11-10,143.11985778808594,143.18426239356435,142.27456423157514,142.47582401722426,4837700
2015-11-11,142.66098022460938,143.49016949111564,142.58047140334952,143.43381085944947,2860300
2015-11-12,140.61619567871094,141.968667923205,140.55179106859947,141.7593498693619,6164400
2015-11-13,138.9578094482422,140.51958737900415,138.90950906422648,140.13317202295585,8011100
2015-11-16,140.89797973632812,140.93017590294664,138.587508624878,138.86927728947,5012900
2015-11-17,141.0106964111328,141.88818636019698,140.68867329868334,141.3649156928644,6612200
2015-11-18,143.07960510253906,143.1681599006513,141.42122641418513,141.4292723834962,6254400
2015-11-19,143.0231475830078,143.33711211702334,142.61257007274,142.63672024582482,5457300
2015-11-20,143.80908203125,144.54404099501141,143.48602937562703,143.89792336009663,7730000
2015-11-23,143.5505828857422,144.14823128335277,143.19521771761492,143.66365250072232,2597000
2015-11-24,143.7444610595703,144.09175435258047,142.637992835603,142.68644949889088,4369900
2015-11-25,143.70419311523438,144.0272583389936,143.5911233678382,143.7688061599862,2227400
2015-11-27,143.67984008789062,143.905979386454,143.24371781885196,143.59908309478513,2878200
2015-11-30,143.13870239257812,144.02711547206158,143.05794540950342,143.8655891822462,3578500
2015-12-01,144.41477966308594,144.4874646442638,143.46983793677623,143.6959772051068,6058300
2015-12-02,143.187255859375,144.6006334172922,143.01765745368255,144.27758061923797,7427100
2015-12-03,141.20046997070312,143.63147514443284,140.7401067537296,143.48610506981512,7005500
2015-12-04,144.09988403320312,144.30986709938864,141.45081190801355,141.5396532674907,6251600
2015-12-07,143.2275848388672,143.82524583887894,142.4845538333677,143.77678917038304,5647000
2015-12-08,141.9596405029297,142.83996982258202,141.2731379259978,141.88694315073565,6890200
2015-12-09,141.32957458496094,143.56673874644534,140.59461586503738,141.69301178287614,9545800
2015-12-10,142.04837036132812,143.05792493275294,141.21649838036723,141.48300994239887,5613800
2015-12-11,139.50430297851562,140.83692257446396,139.27816371199089,140.24733375762057,8895600
2015-12-14,140.44932556152344,140.48971023744002,138.52714068935782,139.69822234890123,12321600
2015-12-15,141.70921325683594,142.50877288226107,141.26500661845049,141.26500661845049,8039800
2015-12-16,143.46986389160156,143.76061619257823,141.31345612755308,142.49260933664257,11286600
2015-12-17,141.41851806640625,143.91413592878814,141.4104337364717,143.88182325639738,8504100
2015-12-18,138.42959594726562,140.7853306323584,138.3405471750731,140.72865761712478,10946100
2015-12-21,139.4415283203125,139.6924806184018,138.35676119520892,139.46581322964718,6466700
2015-12-22,140.86630249023438,141.08487903594332,139.38486119589018,140.12963962182835,6003700
2015-12-23,142.32351684570312,142.33162005408906,141.47350757944915,141.84589694410056,6456600
2015-12-24,141.84593200683594,142.33165523688982,141.81354387018976,142.2021273952148,1765100
2015-12-28,141.651611328125,141.77304828707625,140.95541476180918,141.2549493785937,2932200
2015-12-29,143.27066040039062,143.4892370269036,142.4773242128916,142.63113693701362,6145700
2015-12-30,142.31546020507812,143.06022676098505,142.16973829606658,142.93880213052105,2910000
2015-12-31,140.85020446777344,142.1940155985282,140.8340104004282,141.74068053249488,5773400
2016-01-04,138.66445922851562,138.6887565052018,137.09398060085582,138.47017983465668,14350800
2016-01-05,138.74534606933594,139.02868651003607,137.75771848211227,138.9882075395864,9413000
2016-01-06,136.76206970214844,137.59588503783948,136.00919999613922,136.74587563523056,8713600
2016-01-07,133.54013061523438,135.9525275750543,133.15154715741366,134.34966095701515,15400600
2016-01-08,132.14776611328125,134.69778230222528,131.95347434221244,134.349690108906,12512400
2016-01-11,132.62535095214844,133.1677347725753,131.26533362055767,132.89249743429042,12353700
2016-01-12,133.53195190429688,134.20386319035558,131.99385006557165,133.7262435233504,10250300
2016-01-13,130.6177215576172,134.2525047745063,130.3910540571077,134.00964320897404,16369400
2016-01-14,132.43106079101562,133.3215490753009,130.01866391965947,131.16010462430182,14749500
2016-01-15,129.3336944580078,130.06266185803702,128.15926139894717,128.9935146149038,19969100
2016-01-19,129.60916137695312,130.90508354955054,128.6291091881169,130.76739251390285,10233800
2016-01-20,127.65718841552734,128.68583617943975,125.0410335295745,127.36560370918014,16436000
2016-01-21,128.45899963378906,129.82781460553147,127.06587461690724,127.8191276068197,16782400
2016-01-22,130.23277282714844,130.59726278283526,129.285126132038,130.3299759161718,7390600
2016-01-25,128.54002380371094,130.17613849973333,128.51572611071123,129.9250540994373,5782500
2016-01-26,130.8402862548828,130.9860847609259,129.17988634898487,129.18798145972983,5945200
2016-01-27,129.02593994140625,131.3991041082097,128.4670685549733,130.05458709674016,10121900
2016-01-28,130.00599670410156,130.32187896128448,128.3536923647473,130.14368770246907,8613400
2016-01-29,133.13253784179688,133.18113325140433,130.67027566969946,130.89706248717076,6182800
2016-02-01,133.10816955566406,133.61844580387503,131.877045301903,132.33871380732637,6977300
2016-02-02,130.73500061035156,131.7798384098907,130.3543203025553,131.7798384098907,7901000
2016-02-03,132.18487548828125,132.6303539580991,129.171836840181,131.55311051615894,14249300
2016-02-04,132.94622802734375,133.48080215728132,131.6826981630931,131.87709212642108,11715800
2016-02-05,131.16424560546875,132.84084770240665,130.58107643463518,132.72745438357484,8292500
2016-02-08,129.8765411376953,130.24911423943797,128.01363855211255,129.6821471113797,13377600
2016-02-09,129.78738403320312,130.7755315714228,128.38615092931505,128.41044862624253,11449200
2016-02-10,129.0989990234375,131.45597600675794,128.96940298417843,130.38682722130838,8205700
2016-02-11,127.00120544433594,127.9893535480175,125.75386527983929,127.00120544433594,14806700
2016-02-12,129.5767822265625,129.5767822265625,127.69769037346911,128.10266845100088,7073000
2016-02-16,131.3748016357422,131.4476946768074,130.09507024829244,131.0184191786116,5451200
2016-02-17,133.58609008789062,133.85337715689025,132.29016738968494,132.37115560641192,5584200
2016-02-18,133.2540283203125,134.00728182832364,133.06772945275722,133.91009101669732,5187600
2016-02-19,133.08563232421875,133.1750611639109,132.18321854374926,132.66287668156812,4660600
2016-02-22,134.90676879882812,135.32952458481807,134.24825275834894,134.4271104983766,3450700
2016-02-23,133.45150756835938,134.7604141576151,133.19948415638817,134.63847134703835,6052800
2016-02-24,133.8743133544922,134.06129653564926,131.27276238014363,132.1914399137314,8003800
2016-02-25,135.63839721679688,135.63839721679688,133.65471208360407,134.16689653828593,5266900
2016-02-26,135.18319702148438,136.54088100726366,135.05311639400134,136.4514521265155,3798000
2016-02-29,134.11004638671875,135.93926311858706,134.11004638671875,135.08562616268122,3485000
2016-03-01,137.00433349609375,137.06123603603615,134.71984599977043,134.96373174977433,3914300
2016-03-02,137.30506896972656,137.33758291922408,136.21567178660044,136.5977758203367,3106200
2016-03-03,137.67906188964844,137.71157584251645,136.6790810652716,137.17500258141243,2968200
2016-03-04,138.22373962402344,138.6546207640638,137.3294509908252,137.82537243193167,3524900
2016-03-07,138.71157836914062,138.96360188264256,137.6384439882333,137.69534652103667,3236000
2016-03-08,137.8985137939453,138.8253162116079,137.57332475114563,138.04485754682193,2832700
2016-03-09,138.22373962402344,138.68713471201235,137.83349781762658,138.5408033384903,3584000
2016-03-10,138.25625610351562,139.34565325469075,136.82540666936782,138.7521775537027,4862300
2016-03-11,140.02044677734375,140.10987565146144,139.36193070664564,139.40258245036648,3674200
2016-03-14,140.16680908203125,140.5570385819042,139.58958401738465,139.58958401738465,2658400
2016-03-15,140.3538055419922,140.37819411272213,139.280671214355,139.51643153313552,2431600
2016-03-16,141.0285186767578,141.41062264554546,139.97163562277424,140.00416197191265,3556200
2016-03-17,142.22369384765625,142.60579804788736,140.71154023115164,141.02047870925554,4070500
2016-03-18,143.1401824951172,143.35200821450402,142.61059954892556,142.79799674911553,5112000
2016-03-21,143.4009552001953,143.5639115233311,142.7817634404743,143.08321026099583,2884900
2016-03-22,143.14837646484375,143.60462428914272,142.70027148318553,142.82248871372187,3980100
2016-03-23,142.42327880859375,143.02618487886852,142.25219207458707,142.75732186503606,5039200
2016-03-24,142.52914428710938,142.52914428710938,141.5188726546325,141.64108985045948,5104900
2016-03-28,142.6758575439453,143.0587825615348,142.3010878023619,142.6840128199514,3098800
2016-03-29,143.4497833251953,143.53939185699673,141.8121650292553,142.16250604405766,5584100
2016-03-30,144.1178436279297,144.73703504560277,143.80824170318556,144.29708553890626,3858000
2016-03-31,143.91421508789062,144.45194102378173,143.7431159512635,144.15048182418346,3155400
2016-04-01,144.79415893554688,144.90007806414835,142.91213017489895,143.15655223915172,4035200
2016-04-04,144.3052978515625,144.92450199915774,144.10977016859232,144.7208190415164,2318900
2016-04-05,143.2462158203125,144.17500999504753,143.04253277820547,143.45804170864633,5439600
2016-04-06,144.24012756347656,144.2808666441229,142.77362011478448,143.27874990569745,4086700
2016-04-07,142.81423950195312,143.58008888834837,142.31725292770594,143.21346230153287,5251900
2016-04-08,143.1157989501953,144.0527355997003,142.6676939488498,143.59648775535626,2565300
2016-04-11,142.93649291992188,144.3459749001987,142.91205197005354,143.49050435935894,3237700
2016-04-12,144.28085327148438,144.43565430449954,142.87137072087714,143.1728175124409,3588400
2016-04-13,145.77175903320312,145.8532371562342,144.95702753015695,145.02220754221858,5400200
2016-04-14,145.92657470703125,146.244319527953,145.63327083911753,145.86139468840406,3689700
2016-04-15,145.6820068359375,146.05706114521195,145.46187843349938,145.93476758830187,3799900
2016-04-18,146.5789337158203,146.61970240009532,145.2091954983409,145.23365422073476,2573700
2016-04-19,147.01913452148438,147.38602759591134,146.423939429194,146.87236982720427,2992100
2016-04-20,147.36968994140625,147.91595507235385,146.7581974520228,146.7581974520228,2628900
2016-04-21,146.5136260986328,147.47571426922332,146.28533652069925,147.28003215634502,2760300
2016-04-22,146.67674255371094,146.82350730286254,145.83696005839582,146.4403041322795,2410500
2016-04-25,146.3832244873047,146.42399316405766,145.39668969049126,146.13047610863106,2485500
2016-04-26,146.4647216796875,146.9702182984259,146.03260119447242,146.62778390113377,2241000
2016-04-27,146.96205139160156,147.28817579421718,145.93474832659874,146.04073191498213,3569300
2016-04-28,145.29066467285156,146.88054322263866,144.91562277949203,145.99184347440521,3550700
2016-04-29,144.7932891845703,145.0868061255926,143.73336620638716,144.6383757378018,5496000
2016-05-02,145.6982879638672,145.86951135051464,144.7280511348429,145.19279144085192,2463100
2016-05-03,144.55691528320312,144.98903591106716,143.88834378146385,144.7036675986947,4643200
2016-05-04,143.7578582763672,144.48349575826603,143.4154114279651,143.80677570018165,3446000
2016-05-05,143.85568237304688,144.49163371680837,143.4969380374174,144.17365804492763,1778800
2016-05-06,144.58946228027344,144.6383796983085,143.23602232400793,143.24418352091308,2940800
2016-05-09,144.29595947265625,144.93191085113529,144.00244249483129,144.5161003162375,1921700
2016-05-10,146.10598754882812,146.16306617279477,144.83408471538147,144.89931209669297,2867200
2016-05-11,144.55691528320312,145.89404584582758,144.5242953636356,145.69836365098467,2697200
2016-05-12,144.6546630859375,145.22538692628348,143.823029809521,144.9726386856193,2534900
2016-05-13,143.07290649414062,144.73617272904542,142.89353440134022,144.2306639034969,3336800
2016-05-16,144.5242919921875,144.883036453937,143.15455398280275,143.2442400982401,2393500
2016-05-17,143.1381378173828,144.5078872512911,142.61633147133315,144.23882910461546,3349500
2016-05-18,143.1951904296875,144.09203831502822,142.29833010350438,142.74676026659594,4097800
2016-05-19,142.4207305908203,142.84470237636816,141.59725817504528,142.6408714618925,5090900
2016-05-20,142.9867706298828,143.62495734339032,142.7822232862053,142.9540485481092,2749700
2016-05-23,143.00323486328125,143.45324182137352,142.8559666685897,143.05232426151176,1736000
2016-05-24,144.70504760742188,145.00777383642992,143.71503246249824,143.8050338393095,2797000
2016-05-25,145.8669891357422,146.24336222747135,145.18788957941462,145.22880159791055,2711900
2016-05-26,145.70333862304688,146.20243523454982,145.49061362708923,146.03879966192133,2263200
2016-05-27,146.04696655273438,146.12060068242502,145.68696082812272,145.8178742706348,1628300
2016-05-31,145.3515167236328,146.4397114325032,144.92606671286123,146.4397114325032,2395400
2016-06-01,145.41693115234375,145.62147868884298,144.45147277267102,144.80328854284608,2481200
2016-06-02,145.8669891357422,145.8915338499207,144.80333907782438,145.06516600852208,1965900
2016-06-03,145.6868896484375,145.8750698272369,144.6886969850177,145.53143157198224,4367200
2016-06-06,146.6033477783203,146.832452572864,145.97335016825744,146.03880689747072,2720300
2016-06-07,146.76693725585938,147.2660336928563,146.73420266202277,146.83239395894302,1572300
2016-06-08,147.3233642578125,147.42154311262905,146.89790174594918,147.00427049506376,1713500
2016-06-09,147.17596435546875,147.30686521662727,146.57049949484838,146.7586796264881,2141800
2016-06-10,146.21875,146.65238972972367,145.72783097391047,146.2105601093252,4126600
2016-06-13,145.1142120361328,146.45604344315572,145.1142120361328,145.63785325632244,5111300
2016-06-14,144.66421508789062,145.16331163626538,144.0014829875848,144.81967323183244,3643400
2016-06-15,144.4678192138672,145.50691156035984,144.31236111103735,145.02418244021703,2470100
2016-06-16,145.19601440429688,145.3678273265485,143.01962583545244,143.7805366031746,5573700
2016-06-17,144.7163848876953,145.2328692447017,144.1015124310969,145.2328692447017,2748000
2016-06-20,145.76577758789062,146.9381284920105,145.73297738226296,146.25766808578743,2958400
2016-06-21,145.9789581298828,146.36427931071367,145.7084126725155,146.02814593856493,1854700
2016-06-22,145.5771942138672,146.7085509138913,145.46240602426514,146.11827241404788,2966200
2016-06-23,147.41368103027344,147.43008113860913,146.47907500901715,146.7660206116135,2949100
2016-06-24,142.33888244628906,144.84756027734545,142.07654334787935,143.1013308611941,11377900
2016-06-27,140.35494995117188,141.40433177248164,139.67448927632572,141.40433177248164,7683900
2016-06-28,142.5029296875,142.5357174000855,141.17479589982733,141.70769317889247,5642800
2016-06-29,144.81472778320312,144.96230364446723,143.4702074820415,143.60138324547418,5578200
2016-06-30,146.7495880126953,146.81517592189942,144.99515209773259,145.15092181839054,5069000
2016-07-01,147.00375366210938,147.40547497040748,146.56924464948438,146.56924464948438,3998200
2016-07-05,146.1019287109375,146.48723735195537,145.6510196506638,146.40526184711496,3233100
2016-07-06,146.7332000732422,146.83158820001273,145.07715213959446,145.61003674533788,5395400
2016-07-07,146.57737731933594,147.3398256053389,145.9625049152995,146.87251657365786,2343300
2016-07-08,148.6352996826172,148.84845114863433,147.55311721755407,147.5777111363398,5177300
2016-07-11,149.3074188232422,149.79932177182542,149.02867965686377,149.094267550649,2358700
2016-07-12,150.3486785888672,150.5372360556411,149.84858160424426,150.0371390710182,3128000
2016-07-13,150.5207061767578,150.68466958025377,150.06979743493957,150.58628153047152,2390500
2016-07-14,151.63575744628906,151.88990273660895,151.31602425691685,151.717732937895,3354700
2016-07-15,151.68087768554688,152.18953952594092,151.32808679845922,152.06648021576487,3837200
2016-07-18,151.84498596191406,152.091117141577,151.54143126762247,151.63987873198693,2134900
2016-07-19,152.12391662597656,152.12391662597656,151.6316668247638,151.78753779129315,2046300
2016-07-20,152.41929626464844,152.66542746459797,152.09932946033987,152.5177437371271,2159500
2016-07-21,151.76296997070312,152.37829178985638,151.4019791671325,152.22240825933685,2837700
2016-07-22,152.19776916503906,152.24700541751838,151.58244745594607,151.77935490960664,3078300
2016-07-25,151.62342834472656,152.02544292057618,151.26243770824917,152.00083106070258,2316600
2016-07-26,151.4512481689453,151.79582695991115,150.71285431508375,151.45944795488836,4744400
2016-07-27,151.43479919433594,152.00909703940113,151.04919653005913,151.8942374703881,4146700
2016-07-28,151.27066040039062,151.5003794541593,150.56509115845844,151.18861251600916,2906300
2016-07-29,151.06556701660156,151.36912168281077,150.58150448450357,150.83584794183503,4207300
2016-08-01,150.85231018066406,151.385596661958,150.4503078921758,151.24612520281352,3295900
2016-08-02,150.11386108398438,150.86045430914936,149.5723750622988,150.7127706128941,5139500
2016-08-03,150.4338836669922,150.49130719553392,149.90060974747593,150.01546932331428,3008200
2016-08-04,150.5076446533203,150.86863528945779,150.2615135360676,150.54866859265385,2368900
2016-08-05,151.99266052246094,152.00907260646886,150.49127406391435,151.28709113514535,4187700
2016-08-08,152.0090789794922,152.35365764559256,151.79577195345462,152.1895743548904,2076700
2016-08-09,152.0665283203125,152.48494262602154,151.82859688703883,152.0911401901334,1903800
2016-08-10,151.87777709960938,152.41926311799068,151.6480580346143,152.10749616460444,1618300
2016-08-11,152.84596252441406,153.07568169900475,152.27166458793735,152.35369999671624,2188700
2016-08-12,152.51768493652344,152.80483997888228,152.20593055428162,152.71459232431934,2514300
2016-08-15,153.0264129638672,153.32176788990733,152.87052945863036,152.92795297601884,1561500
2016-08-16,152.4029083251953,152.90337058750606,152.37009666875494,152.73928726779454,1614100
2016-08-17,152.68185424804688,152.7885015139146,151.85321287906982,152.41111115391365,2952000
2016-08-18,152.8787078857422,152.9361439138598,152.37004600813208,152.57515321926527,2571800
2016-08-19,152.57904052734375,152.8507275152204,152.08503905979146,152.56257046163088,2368500
2016-08-22,152.41433715820312,152.73543428457103,151.87095071871838,152.27437303265577,3152400
2016-08-23,152.56263732910156,153.24600088143953,152.52146842826488,152.89196340982565,1647900
2016-08-24,152.03565979003906,152.480251114155,151.73102007096003,152.36498576620045,1882900
2016-08-25,151.79693603515625,152.1427321889488,151.57464658392263,151.7228395514117,2034900
2016-08-26,151.34397888183594,152.76008979862993,150.78410997535957,152.0026304476105,3403500
2016-08-29,152.1755828857422,152.34847457952006,151.3522556045747,151.3522556045747,2229800
2016-08-30,151.9121551513672,152.43908425803656,151.50873270963993,152.2579511998395,1866700
2016-08-31,151.4428253173828,151.78862127524394,150.89119753486784,151.69805476987716,1876400
2016-09-01,151.5745849609375,151.7227778681784,150.58658199407967,151.26994526886517,3003500
2016-09-02,152.20025634765625,152.66131753823626,151.75566521758986,152.26612402673555,2652800
2016-09-06,152.57904052734375,152.7190046784551,151.86273714309502,152.4061362448067,2152300
2016-09-07,152.57904052734375,152.64489566423683,152.13443669395085,152.62019684715713,1803600
2016-09-08,152.1673583984375,152.40611778895467,151.8874175671355,152.05208051538642,2229900
2016-09-09,148.9481658935547,151.28641274066266,148.9481658935547,151.13821983596313,8242600
2016-09-12,150.91587829589844,151.1958065288274,148.14125708864626,148.27299245578087,7056100
2016-09-13,148.85763549804688,150.1090969921083,148.5118394068554,149.89502377162137,7477500
2016-09-14,148.5529022216797,149.63147127266618,148.20710634817027,148.89046934688216,2990400
2016-09-15,150.05970764160156,150.35610612710752,148.38835335368802,148.50361873344121,3932400
2016-09-16,149.28759765625,149.72480959186512,148.85038572063488,149.72480959186512,2844300
2016-09-19,149.29576110839844,150.40117638049048,149.04003493675197,150.03820532882688,2260400
2016-09-20,149.353515625,150.17018792240978,149.33701350752307,149.9804576274212,1997800
2016-09-21,150.6816864013672,150.830167729424,149.27930820196585,149.85675656790403,4496500
2016-09-22,151.506591796875,152.00154206465942,151.226118719721,151.506591796875,2323500
2016-09-23,150.483642578125,151.3910700914281,150.37639771180037,151.3003273400978,1741500
2016-09-26,149.1061248779297,149.76607151659152,148.96588826267228,149.7330672615691,2639800
2016-09-27,150.13720703125,150.25269668700767,148.6853352749495,148.96580835501408,3717300
2016-09-28,151.04473876953125,151.1519711460953,149.74134742124195,150.4342858330098,6413000
2016-09-29,149.49374389648438,151.30858650843768,149.02352798007402,150.8136362983196,3376400
2016-09-30,150.78060913085938,151.32506560785941,150.112418267007,150.24441000459942,4583000
2016-10-03,150.40113830566406,150.6073706612253,149.95566936869432,150.39288095549023,1987600
2016-10-04,149.70822143554688,150.90436684726603,149.2627649865868,150.64864068328646,2811200
2016-10-05,150.6816864013672,150.97866164491114,150.22797247547638,150.2692214846356,1818200
2016-10-06,150.56617736816406,150.74766291518472,149.69999863691618,150.4176834717705,2368100
2016-10-07,150.31874084472656,150.95394044908392,149.5763089032208,150.79720174006033,2527700
2016-10-10,151.06103515625,151.66324255145875,150.31860389116486,150.31860389116486,1879100
2016-10-11,149.4772491455078,150.87138225944355,148.85855191180337,150.84663537708957,3949800
2016-10-12,149.6175079345703,149.97223428013223,149.0318148484841,149.3122879485093,1920200
2016-10-13,149.18026733398438,149.49374461309395,148.01711356537692,148.5945743610897,3460100
2016-10-14,149.5514678955078,150.51664651570314,149.48548461050999,150.13717339612478,2698100
2016-10-17,149.0813446044922,149.7330337397826,148.858609988979,149.45256057205924,1801800
2016-10-18,149.6175079345703,150.2197157279195,149.41127549265246,150.08772394410903,1720700
2016-10-19,150.13720703125,150.47543123290762,149.78249329836157,150.0134726098769,1503700
2016-10-20,149.7577362060547,150.50842527412092,149.49376524045528,149.9062301014901,2359600
2016-10-21,149.64205932617188,149.8319778455038,148.82456423874567,149.1300995784445,5607600
2016-10-24,150.25311279296875,150.69901117247554,149.99712032704883,150.58340695557268,1905700
2016-10-25,149.85675048828125,150.4265186507919,149.66683196741607,150.13751439728665,3351100
2016-10-26,150.09628295898438,150.38528732509744,148.92372179951067,149.13015888955718,5375400
2016-10-27,149.8981170654297,150.57523685117758,149.65039000723115,150.53394690815756,2027100
2016-10-28,149.7577362060547,150.55046024513456,149.1879677717037,150.13758602892904,3726600
2016-10-31,149.60081481933594,150.0384604010405,149.50172905741607,149.93937463912064,1415600
2016-11-01,148.73374938964844,149.8898043335106,147.92451974888652,149.8898043335106,3622300
2016-11-02,148.09791564941406,148.80805946606262,147.85018871804084,148.35389552519754,3552700
2016-11-03,147.89991760253906,148.54400087424344,147.67696182389338,148.38710653371245,1966900
2016-11-04,147.56944274902344,148.36215383820448,147.51163433631461,147.89973693619626,4337500
2016-11-07,150.58340454101562,150.6577188364227,149.50167668593102,149.60076241314044,3402400
2016-11-08,151.42576599121094,151.97075043257334,150.30274751216464,150.45137619619373,3437500
2016-11-09,153.55613708496094,154.04332548714333,150.07973170346455,150.2283603278928,8363900
2016-11-10,155.34799194335938,155.91776014049117,153.87816135361564,154.274516908175,8748100
2016-11-11,155.62887573242188,155.76099856303614,154.753584029474,155.19948283288886,5003800
2016-11-14,155.87646484375,156.38842460907418,155.40578240150128,156.15721616022356,4796400
2016-11-15,156.34713745117188,156.35540299586552,155.35624228144243,155.86820205582092,3750000
2016-11-16,156.04991149902344,156.215058640408,155.6783272809284,155.89301730473636,3459100
2016-11-17,156.314208984375,156.338980433824,155.85179179476287,156.14079623830875,4211200
2016-11-18,156.05995178222656,156.47399175416385,155.944021095504,156.42429634371373,4359200
2016-11-21,156.78868103027344,156.8466527015474,156.17590985108797,156.4077712651851,2999100
2016-11-22,157.35174560546875,157.54220044388765,156.85489261294515,157.26893256154932,2756300
2016-11-23,157.82371520996094,157.8651217242161,157.22749678407033,157.27717954697886,2465900
2016-11-25,158.41177368164062,158.44489133606086,158.1467819042652,158.23787124830008,1547100
2016-11-28,157.98104858398438,158.33712943542332,157.76575240472644,158.105255488269,3159600
2016-11-29,158.3206024169922,158.51105726124317,157.89827356976576,158.02249313944873,2264900
2016-11-30,158.49452209472656,159.19839521620204,158.44483931165755,158.96653380488056,4774600
2016-12-01,158.90859985351562,159.12390881192027,158.6353444817751,158.8589170586537,8323900
2016-12-02,158.77597045898438,158.9747014555,158.51925519600064,158.91674246001315,2773600
2016-12-05,159.17352294921875,159.63724568191182,158.90025505984673,159.38881917925573,2925600
2016-12-06,159.39715576171875,159.4634036912836,158.88373746646639,159.1238877905765,2669400
2016-12-07,161.87303161621094,162.04693392937048,159.33910951485092,159.3805160308884,7241300
2016-12-08,162.5355224609375,162.96612754873044,161.81509698819468,162.16288903143246,7032100
2016-12-09,163.70309448242188,163.7279358650965,162.61002310275958,162.66799475266353,4392300
2016-12-12,164.026123046875,164.28282588017515,163.69488339463228,163.82737925552937,3791700
2016-12-13,164.97836303710938,165.38412675680524,164.48979890464713,164.75479055069272,5357500
2016-12-14,164.07583618164062,165.4752939618814,163.6369546173111,164.7631443722235,7456100
2016-12-15,164.50636291503906,165.35099535115765,164.24137127080783,164.4069847307038,6033000
2016-12-16,164.47479248046875,165.12210130422136,164.26732137893185,164.8980289689128,4467700
2016-12-19,164.8150634765625,165.0640186911689,164.49140903454187,164.5660955989238,2729400
2016-12-20,165.49557495117188,165.6532550412901,165.1968160075356,165.27980952750303,3062600
2016-12-21,165.27976989746094,165.65321532170492,165.26316866484137,165.5038295541892,2523500
2016-12-22,165.12208557128906,165.28805990409822,164.79843119025074,165.22997458597845,2250900
2016-12-23,165.18858337402344,165.19687766390254,164.92301414143589,165.11389677599743,1374200
2016-12-27,165.32127380371094,165.5951245071218,165.25488153338895,165.27977705188084,2340700
2016-12-28,164.3835906982422,165.6118167163257,164.3171983914488,165.57862689444786,3818100
2016-12-29,164.30889892578125,164.74873686427398,164.01013988614116,164.30889892578125,3018700
2016-12-30,163.9104461669922,164.5411663494615,163.42081746125498,164.52456511754662,4277400
2017-01-03,164.66566467285156,165.2299926617748,163.88557129397515,165.07231259629577,6669800
2017-01-04,165.27145385742188,165.44573513276396,164.8150276212502,164.94779948581186,4823200
2017-01-05,164.93959045410156,165.37113406031082,164.23418336681928,165.10556486786325,4124500
2017-01-06,165.57022094726562,165.83579001565545,164.45817896520103,164.92291217185308,4322600
2017-01-09,164.9478759765625,165.3711252716527,164.93958168837784,165.22173944308105,2303500
2017-01-10,164.64915466308594,165.48734649386986,164.49148717328217,164.9147239021964,3029200
2017-01-11,165.42086791992188,165.62004474538742,164.4415976901726,164.8399513411037,5209800
2017-01-12,164.93959045410156,165.07237505032535,163.92713006820833,165.0474795214129,3865200
2017-01-13,164.89808654785156,165.43751919802466,164.58273897426392,165.07236790573162,3468900
2017-01-17,164.39186096191406,164.85659437850885,163.9769186023779,164.54124679612576,3329800
2017-01-18,164.27561950683594,164.50798613295,163.73619969543503,164.38350853432868,4634800
2017-01-19,163.7196502685547,164.44995284631304,163.2300213416646,164.34206378468,3050900
2017-01-20,164.44483947753906,164.64419871288712,163.904878639124,164.08763305514947,6999000
2017-01-23,164.2953338623047,164.56946553053675,163.68061321153252,164.36179117661274,3249700
2017-01-24,165.17587280273438,165.49154188010246,164.1624209310717,164.30363797214773,5205800
2017-01-25,166.4883270263672,166.5963217157318,165.93176143771566,166.14773814101187,4880800
2017-01-26,166.73757934570312,166.9452536909747,166.48836759628998,166.6378997161123,3999700
2017-01-27,166.66278076171875,166.86213997441456,166.51324867676374,166.7126205648927,3576500
2017-01-30,165.62437438964844,166.0563277097896,164.82689968054925,165.99818551014505,4718000
2017-01-31,164.77711486816406,165.21738341760684,164.1125545014129,165.07616639943035,4628100
2017-02-01,165.00135803222656,165.64098563028614,164.6441517118089,165.41670655454465,3676900
2017-02-02,164.98475646972656,165.28380794168305,164.49464820817994,164.610945298639,2640600
2017-02-03,166.45513916015625,166.61297368483122,165.67428162256576,165.79057874462592,4857300
2017-02-06,166.3720703125,166.72096169117378,165.95672162234987,166.16439596742492,2770900
2017-02-07,166.62124633789062,167.2193493375077,166.4966341523009,166.8787604425026,2606300
2017-02-08,166.5631103515625,166.7126424561528,166.2640588178168,166.55480794175438,2291500
2017-02-09,167.5682373046875,167.89220870007625,166.77907751340032,166.8206149077698,3487600
2017-02-10,168.4154815673828,168.63145818219613,167.85891620674906,168.04997293044653,2880300
2017-02-13,169.62838745117188,169.85267927304727,168.89738244075212,168.89738244075212,2637400
2017-02-14,170.4341583251953,170.44246073478573,169.42070663605006,169.5120838432823,3586600
2017-02-15,171.43934631347656,171.5307235413406,170.5338764463013,170.61695126270033,3646000
2017-02-16,171.5224151611328,171.72178712302377,170.9990843587555,171.58057006997353,4589600
2017-02-17,171.48989868164062,171.52321150670474,170.77355219806984,170.78187722684396,5747700
2017-02-21,172.4811553955078,172.67273277233116,171.93972338626622,172.05633736041565,3076400
2017-02-22,172.79766845703125,172.8643068281178,172.12297242598814,172.19793582722187,2254400
2017-02-23,173.10585021972656,173.38071598885347,172.59774382684822,173.3057525972734,3179900
2017-02-24,173.19744873046875,173.21411149714976,172.48111499275515,172.4894400211122,3703900
2017-02-27,173.497314453125,173.56395280967942,172.93090748736273,173.0308586672109,3433700
2017-02-28,173.2390899658203,173.51396840640774,172.9891993189257,173.34737887846677,2821900
2017-03-01,175.77127075195312,176.24605147240914,174.82169660107672,174.85500941778974,7846100
2017-03-02,174.830078125,175.91292931258624,174.7884275581758,175.91292931258624,3336900
2017-03-03,174.84671020507812,175.18822699913835,174.43023002987283,174.9716491736532,2589000
2017-03-06,174.48866271972656,174.7302285217735,174.1055077861,174.30541028713094,2524700
2017-03-07,174.2302703857422,174.63842542858688,174.07200592606844,174.26359590881194,2741000
2017-03-08,173.7639617919922,174.59692263415505,173.6140222312165,174.57193482568806,3173100
2017-03-09,173.81385803222656,174.16369990097357,173.14748712081746,173.87217136533508,4430100
2017-03-10,174.21372985839844,174.67186079732474,173.5556964806475,174.6635357656977,3004000
2017-03-13,174.0387420654297,174.37192113006338,173.74720085140027,174.19700656961902,2261800
2017-03-14,173.70553588867188,173.98875205109195,173.2390801528725,173.73053639091484,4433000
2017-03-15,174.5718536376953,174.8467321129684,173.84718210922765,173.94713329661136,5737000
2017-03-16,174.45523071289062,175.063288254825,174.13037666062792,175.063288254825,3018400
2017-03-17,174.31161499023438,174.8707860259907,174.28657843152666,174.8707860259907,2873200
2017-03-20,174.26991271972656,174.65382790967635,174.06126620524296,174.3033032935166,3308600
2017-03-21,172.21688842773438,174.78740303003926,172.13342470366447,174.7039520407457,6192400
2017-03-22,172.2669219970703,172.40045883099702,171.50744558073217,171.89136079457813,3898500
2017-03-23,172.1834716796875,173.00971657723076,171.8496423036884,171.94978856953324,3840000
2017-03-24,171.716064453125,172.6758332310079,171.09012497152187,172.40877234093836,4052700
2017-03-27,171.28221130371094,171.51589454241244,170.09709981178716,170.40589279118956,4559600
2017-03-28,172.5506591796875,172.81773281807335,171.0150239632849,171.15690205813786,3538000
2017-03-29,172.1834716796875,172.39211822338055,171.88302014737855,172.36708165691934,2323900
2017-03-30,172.7260284423828,172.97639420571758,172.05000267704065,172.17519829348745,2849200
2017-03-31,172.2085723876953,172.7009753578676,172.1751945315731,172.52571932736248,4179600
2017-04-03,172.13348388671875,172.45063086549442,170.9901043355465,172.3588258313636,4436100
2017-04-04,172.4672393798828,172.56739838715572,171.76619000284884,171.94145871449496,2555400
2017-04-05,172.1417236328125,174.13638389351476,172.05827266404907,173.25172466902876,4110400
2017-04-06,172.30029296875,173.00134221675515,171.85796336692962,172.30029296875,3186900
2017-04-07,172.24191284179688,172.81777938681807,171.83296099835889,172.08333941812143,2609300
2017-04-10,172.25022888183594,173.02640059589862,171.88300895129217,172.33369258778626,2395200
2017-04-11,172.20016479492188,172.27527449335727,171.04009053602525,172.10835980746498,3511500
2017-04-12,171.64935302734375,172.17514644155872,171.38229204862108,172.17514644155872,2181700
2017-04-13,170.56436157226562,171.87466789568458,170.5560202955693,171.37391112888562,3605200
2017-04-17,172.066650390625,172.14176009885506,170.97334441046772,171.03175882749915,2260900
2017-04-18,171.15687561035156,171.76611974346514,170.60604586737597,171.3905586404436,2497900
2017-04-19,170.13037109375,171.3405183172138,169.9551024202516,171.30712774379865,3606400
2017-04-20,171.6743621826172,172.1000092536894,170.39744643894772,170.54767856249484,3873700
2017-04-21,171.4505615234375,171.85151420073552,171.04960884613945,171.6677415682123,3034800
2017-04-24,173.22976684570312,173.438598173178,172.9373978888172,173.18799803099762,3220200
2017-04-25,175.1510009765625,175.40160111318428,174.44933079086346,174.54121708275636,3483600
2017-04-26,174.97560119628906,175.77750639043,174.95054245560047,175.2596087547951,2865300
2017-04-27,175.0508575439453,175.226281555115,174.63319467988893,175.1928613881974,1951700
2017-04-28,174.64981079101562,175.10924224348713,174.55792450052132,175.10924224348713,1934000
2017-05-01,174.51611328125,174.9922546924904,174.3323407449168,174.9922546924904,1886000
2017-05-02,174.69163513183594,174.83363894481874,174.37420734631183,174.6665763851952,1359700
2017-05-03,174.76675415039062,174.97558546805948,174.1402601973841,174.69157793508234,1829400
2017-05-04,174.74172973632812,175.12597229852608,173.91475296733836,175.12597229852608,2640100
2017-05-05,175.22621154785156,175.23456021321593,174.38252474205387,174.64148632099682,1673800
2017-05-08,175.35150146484375,175.43503910089592,175.02572507792615,175.16772886237192,2311000
2017-05-09,175.10081481933594,175.68555249078818,174.76668993226102,175.53518736937127,1570100
2017-05-10,174.9840087890625,175.25966777552145,174.49951839583684,174.74176996547845,1394300
2017-05-11,174.81683349609375,174.95883723160838,173.83115600979846,174.69988849354942,3093700
2017-05-12,174.5913543701172,174.8168957932721,174.4326532534344,174.55794696293498,1575100
2017-05-15,175.35980224609375,175.5268774725764,174.91708093722528,174.91708093722528,1818500
2017-05-16,175.37649536132812,175.80251930319756,174.96719423575036,175.6855743035969,1746600
2017-05-17,172.4695587158203,174.24044368787096,172.3860211150054,173.8478399069279,5717400
2017-05-18,172.87893676757812,173.71426210174567,171.9600738015726,172.10207757885473,6653800
2017-05-19,174.06690979003906,174.51930888852127,173.06994178041938,173.21236395556392,4892800
2017-05-22,174.80404663085938,174.9883605765464,174.5275884959289,174.5275884959289,2246200
2017-05-23,175.19784545898438,175.39054548852485,174.8376035303357,175.18109893923528,3457500
2017-05-24,175.7843475341797,175.9016371181349,175.16438099978458,175.36545433668172,3479500
2017-05-25,176.42112731933594,176.7059717333047,176.18654806270158,176.37086216200152,2198200
2017-05-26,176.38754272460938,176.53835092382232,176.20324147784723,176.38754272460938,1152200
2017-05-30,176.111083984375,176.37079572184126,175.91001064717244,176.111083984375,1066600
2017-05-31,175.9351348876953,176.27863036196987,175.36544630133236,176.27863036196987,1577500
2017-06-01,177.10806274414062,177.10806274414062,175.8597690282616,176.16137268259897,1827900
2017-06-02,177.5353546142578,177.7866931412681,176.9991717223198,177.14996716836086,2314000
2017-06-05,177.49346923828125,177.7866996611482,177.309155163955,177.49346923828125,1923000
2017-06-06,177.08291625976562,177.42641176925483,176.9153615279876,177.04941042685266,2094800
2017-06-07,177.3761749267578,177.54372968526758,176.8902571785534,177.35104235216178,1545800
2017-06-08,177.49346923828125,178.19720691283112,177.0997085143669,177.29239585257744,2030300
2017-06-09,178.17208862304688,178.50721095942265,177.26727749024727,177.73643597756336,4271100
2017-06-12,177.9459686279297,178.26433180541815,177.5103285555537,177.996246590388,3682300
2017-06-13,178.75851440429688,178.77527371492485,178.23909082730572,178.28098271207142,2426500
2017-06-14,179.1521453857422,179.28619420648374,178.43164895375534,179.1018802738639,5423100
2017-06-15,179.026611328125,179.11876836069683,178.23908991953093,178.3563795261125,2571800
2017-06-16,179.2481689453125,179.2649592115173,178.62706997516133,179.05512570922934,2372000
2017-06-19,180.3897247314453,180.46526174408834,179.6846869989938,179.91969957647765,2103300
2017-06-20,179.9531707763672,180.51553572140426,179.92799178566023,180.3644489699444,1762100
2017-06-21,179.52520751953125,180.16309695776008,179.31537395083726,180.16309695776008,2129400
2017-06-22,179.39088439941406,179.860909474536,179.3321376686352,179.68465647497663,2697100
2017-06-23,179.39923095703125,179.57548390257432,178.82847724985734,179.14742822760803,1346800
2017-06-26,179.5083770751953,180.25538390028157,179.2230065593695,179.86089585484282,1940400
2017-06-27,178.71945190429688,179.72666334137068,178.66909389388826,179.37414446128503,1981600
2017-06-28,179.8189697265625,180.06237101765186,178.71943112914641,178.71943112914641,4693700
2017-06-29,178.45086669921875,180.07917729643293,177.68706940964302,180.05399829191725,4372600
2017-06-30,178.97964477539062,179.60914547940297,178.7530209359233,178.90409495741844,2216600
2017-07-03,180.02874755859375,180.77575427845431,179.5167533253936,179.57550004344873,2134700
2017-07-05,180.104248046875,180.31408149653248,179.47474769790256,180.23854452838796,1799000
2017-07-06,178.89564514160156,179.82730637771425,178.72778090596023,179.69300986631308,2297500
2017-07-07,179.65957641601562,179.75190373570496,179.13079151168301,179.23150756689694,1326500
2017-07-10,179.60911560058594,179.911276400535,179.23140499523277,179.34891126147838,1156300
2017-07-11,179.60072326660156,179.86091481182063,178.5095862771337,179.54197653407942,1577600
2017-07-12,180.64990234375,181.04439045556944,180.36453177990478,180.44006878670663,2103300
2017-07-13,180.8429412841797,180.92686701470217,180.4568419406635,180.70864474667644,1587400
2017-07-14,181.5143585205078,181.86687724866994,180.54912958438916,180.7086050867715,2395500
2017-07-17,181.48081970214844,181.7074434946406,181.32973290474635,181.56475823484092,2291000
2017-07-18,181.04432678222656,181.1366540271431,180.14624613369264,181.01075906008396,2247500
2017-07-19,181.5647430419922,181.58152050134925,181.01077950990864,181.2038227502817,1785800
2017-07-20,181.4556121826172,181.78295191711155,181.05273546490568,181.77456318804963,1372000
2017-07-21,181.09934997558594,181.11615859044198,180.4523529264007,180.81366762911534,2217300
2017-07-24,180.7296905517578,181.08259464027037,180.38518436253594,181.08259464027037,1459600
2017-07-25,181.37660217285156,181.93117097353976,181.06571336998738,181.9143623616726,1924200
2017-07-26,182.1748504638672,182.46894349595703,181.96478767557875,182.1748504638672,2041000
2017-07-27,182.93960571289062,182.96481223882148,182.023734414139,182.56989290427285,3202400
2017-07-28,183.19158935546875,183.30922402291168,182.58660740255746,182.77986160881,2305000
2017-07-31,183.76300048828125,184.04028502183152,183.58655485316226,183.7209853490366,1765000
2017-08-01,184.325927734375,184.6872424685549,184.14107141850948,184.636829440813,2307100
2017-08-02,184.76290893554688,184.96457391895035,184.38479831023366,184.71249589500124,3063300
2017-08-03,184.90574645996094,185.04858767905753,184.62006402176777,184.79650966014918,2496400
2017-08-04,185.33421325683594,185.41823068406956,184.88047042915423,185.3930241737779,1877700
2017-08-07,185.56947326660156,185.67869719865274,185.35941047722176,185.48544302236357,1902800
2017-08-08,185.43505859375,186.2668991623653,185.22499577198377,185.52748674817585,3623900
2017-08-09,185.27545166015625,185.36787983596477,184.82172150150905,185.13261044685584,3555800
2017-08-10,183.67897033691406,184.77128695446248,183.63695520057308,184.6956674017804,7832600
2017-08-11,183.76300048828125,184.19993485822897,183.61176137246497,183.81341352688668,4944500
2017-08-14,184.83001708984375,185.09889074804155,184.69557385013835,184.75439757546434,2605000
2017-08-15,184.98974609375,185.34265013326973,184.73766811660207,185.34265013326973,1835700
2017-08-16,185.25027465820312,185.77963727865412,185.09062479989427,185.44352893978754,2476100
2017-08-17,183.01507568359375,184.91405122621205,182.98147128356402,184.8552274996434,3535800
2017-08-18,182.38259887695312,183.33439875887646,182.06252185065657,182.77006121680867,4468500
2017-08-21,182.55946350097656,182.71107079770042,181.70873527236137,182.3236213600065,3467200
2017-08-22,184.201904296875,184.33667488046817,183.0311121633236,183.12376533299013,2423200
2017-08-23,183.5533447265625,184.00819226434785,183.4859594301339,183.62914836538303,3660200
2017-08-24,183.33436584472656,184.08400965138884,183.16590901728947,184.08400965138884,1934400
2017-08-25,183.6543731689453,184.40401674379228,183.62068695484766,183.83967947755272,2373300
2017-08-28,183.5702667236328,184.10933645541513,183.2249217627814,184.04195113238782,1425000
2017-08-29,184.11769104003906,184.26087998222133,182.45836498588037,182.50890074754093,2013300
2017-08-30,184.40415954589844,184.5978971973813,183.94932461500247,184.2525521864125,1804100
2017-08-31,184.901123046875,185.2127689623193,184.5641963859804,184.90954139373315,2173000
2017-09-01,185.23794555664062,185.65067569314894,185.1621419149651,185.4148335729818,2150200
2017-09-05,183.34278869628906,184.90946164960056,182.93005853435156,184.90946164960056,3828600
2017-09-06,183.8313751220703,184.1430209923156,183.65448704420058,184.0756356699098,1915500
2017-09-07,183.71340942382812,184.22721113656345,183.35121501037554,184.01663687482656,1982800
2017-09-08,183.8229522705078,184.17671556513966,183.21649723615727,183.29230090234216,2135800
2017-09-11,185.9455108642578,186.05501360456825,184.95160641429447,184.95160641429447,3019300
2017-09-12,186.50140380859375,186.62775607249944,186.20660756434552,186.42560016170984,2072900
2017-09-13,186.78782653808594,186.8130944264448,186.31614215213986,186.44249444636972,1720800
2017-09-14,187.2594757080078,187.35211603991962,186.6698575244913,186.69512540636404,1893700
2017-09-15,187.755859375,187.85715248169598,187.30008547126653,187.485774474743,2377700
2017-09-18,188.35501098632812,188.54913559233515,187.9414288545227,188.1524377807364,1827300
2017-09-19,188.70953369140625,188.78549382566774,188.41411599732515,188.53228049916464,2042800
2017-09-20,188.97959899902344,189.02180336225484,188.17776761348037,188.7010785354157,1819900
2017-09-21,188.61676025390625,189.03877833065837,188.54923581614958,188.97968961800765,1741400
2017-09-22,188.38873291015625,188.60819039653657,188.06800815761343,188.40561722733023,2448400
2017-09-25,188.06805419921875,188.5829036489428,187.36750297303954,188.31281890284106,2844300
2017-09-26,187.95834350585938,188.64201047648206,187.89925481508217,188.27063264578211,1314500
2017-09-27,188.32125854492188,188.65888058328298,187.67136026913406,188.5575875322927,2381500
2017-09-28,188.72642517089844,188.86990972293282,187.96678516258288,188.19467845297407,1462800
2017-09-29,188.91209411621094,188.95428560196268,188.3297073684412,188.54915203441308,2415800
2017-10-02,190.11061096191406,190.23721116883007,189.0808863491201,189.22437087661265,2611200
2017-10-03,190.9546661376953,190.9884219033239,190.42291945655313,190.53264823303374,2510000
2017-10-04,191.09815979003906,191.3260401965657,190.90402227178524,191.08127546693763,1746900
2017-10-05,192.13629150390625,192.153175824479,191.1318869327174,191.26693573937337,2258500
2017-10-06,192.06033325195312,192.12785765593932,191.79023563600828,191.8830800816189,2090300
2017-10-09,192.04351806640625,192.40646025862,191.883149159077,192.3473715542491,1006800
2017-10-10,192.65966796875,192.80315255462787,192.13636972861087,192.6174764685852,1417700
2017-10-11,192.95506286621094,192.9803829148951,192.58368498022102,192.71029810260856,1423600
2017-10-12,192.71871948242188,193.1238531101823,192.56678632265806,192.8537683179973,1307300
2017-10-13,193.05628967285156,193.25886288527164,192.87060078120732,193.03941823103898,1744300
2017-10-16,193.6639862060547,193.73151060662957,193.12380388041834,193.34326140202728,2373400
2017-10-17,194.0016632080078,194.09450767524916,193.72312980628382,193.88349869324304,1838000
2017-10-18,195.36053466796875,195.54621069791938,194.89631239568112,194.97227252779246,2720500
2017-10-19,195.52090454101562,195.52935314227102,194.56715276362618,194.8372375455266,2305400
2017-10-20,196.9255828857422,196.9255828857422,195.87814669388175,196.3680759018902,3275700
2017-10-23,196.52020263671875,197.30578334830403,196.48642017851492,197.30578334830403,2325100
2017-10-24,197.90545654296875,198.25178785996593,197.6267159005653,197.75341619256687,3300500
2017-10-25,196.95098876953125,198.04065015750282,196.26678128299707,198.04065015750282,3813300
2017-10-26,197.5338134765625,198.01528751289786,197.4493380158707,197.5844935973193,2581500
2017-10-27,197.8041534423828,197.93930905231875,197.11994588966104,197.61831770100795,2944200
2017-10-30,197.09457397460938,197.7787814167672,196.94252071571523,197.25506962432962,2672500
2017-10-31,197.34799194335938,197.58450778330274,196.98476290328068,197.35643433437642,1772000
2017-11-01,197.82102966308594,198.522134813305,197.43246054894576,198.16736104255804,2675700
2017-11-02,198.47140502929688,198.64878542571583,197.08609274716414,197.83787783522746,2459400
2017-11-03,198.65728759765625,198.83468093660267,198.20115355188315,198.8093408723457,2574400
2017-11-06,198.85153198242188,199.00357233231324,198.58122084153328,198.69947874338587,2549900
2017-11-07,198.86000061035156,199.24856970436178,198.24337096141326,199.0965164452634,2390700
2017-11-08,198.89378356933594,199.02048386974127,198.47987443943606,198.81775049994724,1531900
2017-11-09,198.2687530517578,198.74178482185403,196.9510180095901,198.0744749081431,4225200
2017-11-10,198.02377319335938,198.2265066098519,197.7450324682613,198.04067086702085,2506600
2017-11-13,198.21810913085938,198.3194694174981,197.34806563280634,197.37340570446602,2452400
2017-11-14,197.89707946777344,197.95621488298784,196.7398401217381,197.63522351845003,2566500
2017-11-15,196.78204345703125,197.38177545111085,196.5201746643445,196.950981502301,2823600
2017-11-16,198.42921447753906,198.74175050971945,197.82102719551725,197.8463672581726,2933400
2017-11-17,197.61798095703125,198.10908507933365,197.59258013346843,197.93974194889725,3483300
2017-11-20,198.26156616210938,198.4478475531457,197.6434576846113,197.84667727121206,2056600
2017-11-21,199.59939575195312,199.8195535301272,199.06596534189018,199.125229645205,2749900
2017-11-22,199.1252899169922,199.8788783333274,198.93900847294876,199.8788783333274,2860800
2017-11-24,199.37928771972656,199.71797416708654,199.32848604462853,199.4554902323736,1435500
2017-11-27,199.59939575195312,200.10743824921607,199.31151103286425,199.40465172669388,2329500
2017-11-28,201.80938720703125,201.89406527524284,200.02278849626416,200.0990039256783,4844500
2017-11-29,202.72386169433594,202.91860575254537,202.17349299589463,202.49524123987987,3376100
2017-11-30,205.6195831298828,206.16996450672968,203.56203870335605,203.79064613737864,6586400
2017-12-01,205.28936767578125,206.12763372752548,202.71531815091345,205.873612537295,9772700
2017-12-04,205.84832763671875,207.9312870655918,205.81446415497606,207.457107880762,6565800
2017-12-05,204.9168701171875,206.4240466261958,204.71366343645917,206.41558398785165,4925600
2017-12-06,204.58656311035156,205.34015105827854,204.52729882593542,204.6712411395784,3976100
2017-12-07,205.2132110595703,205.6450381354367,204.146337326223,204.23947801945582,2718300
2017-12-08,206.2800750732422,206.28855063044594,205.39948276785302,205.91598787506936,2704300
2017-12-11,206.7458953857422,206.80517263944947,206.17858829484578,206.4072088276161,1857800
2017-12-12,207.8211669921875,208.18525425909618,207.27926095116723,207.38932693508474,3282400
2017-12-13,208.54934692382812,209.1335919776168,207.99896534385593,208.03284173773108,3748700
2017-12-14,207.93121337890625,209.20130667517986,207.84653532446515,209.04888876119733,4713300
2017-12-15,208.9844512939453,209.3663492241477,208.61953034609328,208.9505102788878,5862800
2017-12-18,210.29124450683594,210.92774492111218,210.07059569175513,210.47795233099436,3285700
2017-12-19,209.96038818359375,210.7581379101914,209.57000828524278,210.73267891463118,2773600
2017-12-20,209.68028259277344,210.80899895676052,209.41718479365082,210.7495989663793,2401400
2017-12-21,210.1809539794922,210.71560559144598,209.9772691584972,210.24035395876007,2446700
2017-12-22,209.96038818359375,210.13861410215688,209.59546728080298,210.11315510659668,1847000
2017-12-26,209.83309936523438,210.12164328981441,209.5190964443468,209.57001443696183,2156700
2017-12-27,210.02825927734375,210.2064851756448,209.70577438702978,209.74819740837935,2930300
2017-12-28,210.5798797607422,210.630797740938,210.27435892992838,210.41863085702948,2743300
2017-12-29,209.9434051513672,210.987262723783,209.76517924893497,210.95332171598855,2951800
2018-01-02,210.48655700683594,210.8684548645387,209.81610230252946,210.75812392467137,4454900
2018-01-03,211.27577209472656,211.5049159462323,210.5289534985024,210.74112037406442,5528600
2018-01-04,212.67605590820312,212.94762274276016,211.84435253133697,212.1329092894522,4932900
2018-01-05,214.4753875732422,214.58571856205566,212.99021850692284,213.3381755103757,3349200
2018-01-08,214.36492919921875,214.68742700586384,214.05092635567834,214.50071911250498,3847500
2018-01-09,215.40890502929688,215.8077670516501,214.47536510554622,214.8827220951623,5031400
2018-01-10,215.2390594482422,215.5021443162635,214.24611997072347,214.8571616414487,2357600
2018-01-11,216.9279327392578,216.97885072495504,215.4342823770313,215.56157734127436,2760400
2018-01-12,218.87991333007812,218.93083132565238,217.6663246034163,217.7936195923519,3678400
2018-01-16,218.7949981689453,221.290083056559,218.03120248686122,220.8827132731166,8102900
2018-01-17,221.57012939453125,221.6634962997505,219.41453230121652,220.02557401961823,6144400
2018-01-18,220.7893524169922,221.77380988068097,220.12739276545915,221.7059019732386,4860200
2018-01-19,221.2342987060547,221.24277246006886,220.15587746123984,220.81820369625095,4057600
2018-01-22,222.45704650878906,222.4825195966637,220.46156824654489,220.52101408945882,3359900
2018-01-23,222.36375427246094,222.72040361899667,221.85426631182452,222.32978149811606,3483300
2018-01-24,222.9581298828125,223.96860599010185,221.5145851827904,223.32325293640298,7106400
2018-01-25,223.95999145507812,224.5034518349651,222.83065010395026,223.81562669366528,5918900
2018-01-26,225.7942352294922,225.8112086565648,224.2148254483506,224.44410923879082,3861700
2018-01-29,224.30812072753906,225.78561139284113,224.2741479784474,225.49690780959904,4605600
2018-01-30,221.30221557617188,222.8476520766728,220.85217372862166,222.03248731601252,9409500
2018-01-31,221.9985809326172,223.45909893534343,221.022077678652,223.32323378234236,5360500
2018-02-01,222.15130615234375,223.23820090810136,220.58039689480893,220.73326130994886,5182000
2018-02-02,216.4706268310547,220.64839492942585,216.30080191443398,220.444584298584,9486600
2018-02-05,206.5696563720703,216.54702069871942,202.99478226127104,214.169433416752,19888200
2018-02-06,211.4012451171875,211.71542179758345,201.70408495984253,202.36642402801974,20493100
2018-02-07,211.2315216064453,214.6535460196176,210.22105847400024,210.78997926442085,12657100
2018-02-08,202.6636505126953,211.50317521290592,202.51929868899208,211.40128285660018,15829100
2018-02-09,205.51681518554688,207.21509073999957,198.49444213997702,204.9903539098471,19858000
2018-02-12,209.0322265625,210.45878463951183,206.3914077908056,207.2150723983536,10458400
2018-02-13,209.37181091308594,209.94921811471994,207.4697385091932,207.80090157055585,6234000
2018-02-14,211.69007873535156,211.8514170076694,208.07274302873589,208.18313510070408,5764000
2018-02-15,214.40724182128906,214.40724182128906,211.0022047443417,213.65999659470256,6111500
2018-02-16,214.4966583251953,216.33548306796303,213.84965264700367,214.04545084382713,6399000
2018-02-20,212.2747802734375,214.1817119886074,211.62777445007794,213.20270779483698,8685200
2018-02-21,210.88705444335938,214.9648340733378,210.8785459979498,212.4875254998819,5894800
2018-02-22,212.39393615722656,213.98588619446014,211.5766705345313,211.66180697085244,6342300
2018-02-23,215.30531311035156,215.3393598735023,212.8705603603962,213.5005229036081,5119000
2018-02-26,218.71920776367188,218.94053133597427,216.19931717673524,216.50579018068703,6120900
2018-02-27,216.19932556152344,219.5194260847687,216.16526578754275,218.87244625910813,7219200
2018-02-28,212.99830627441406,217.74012138418843,212.99830627441406,217.23783732220647,5299300
2018-03-01,209.40574645996094,214.41997420311543,208.03513346106854,213.00680599126943,8144800
2018-03-02,208.86944580078125,209.35468698217707,206.15375790404426,207.33708129901822,6393400
2018-03-05,211.84054565429688,212.51308963312155,207.54993745810236,207.58398423386816,4891000
2018-03-06,211.84054565429688,212.98130099737307,210.31670238138102,212.98130099737307,4408500
2018-03-07,211.21908569335938,211.61920349541276,208.9120237493919,209.30363310522927,5362600
2018-03-08,212.09596252441406,212.58121680864107,210.46144433911584,212.0874540771454,5846600
2018-03-09,215.85873413085938,215.85873413085938,213.11750762000102,213.62830017096616,3904000
2018-03-12,214.4966583251953,216.84627565706222,214.27530880792125,216.27589796023204,5512800
2018-03-13,213.01541137695312,216.20783320081443,212.53015702452734,215.46719549447786,6100900
2018-03-14,211.02333068847656,214.2072308839494,210.20606503472072,214.02846254687574,6222800
2018-03-15,211.976806640625,213.50917169626757,210.95523426686245,211.84059352679066,5069600
2018-03-16,212.4492950439453,213.32774750960607,211.80110742862087,211.99727631942957,3430100
2018-03-19,209.7286376953125,211.83522133733308,208.37258157347804,211.76699037970485,5739500
2018-03-20,210.74339294433594,211.38304304876385,210.07815787682807,210.22314367218598,3258400
2018-03-21,210.3341522216797,212.91833938044311,210.07830241485055,210.77764690972293,4341400
2018-03-22,204.14227294921875,208.97802792446478,203.98022611534648,208.17633075502474,7449700
2018-03-23,200.53469848632812,205.45573358647536,200.29589667619408,204.67109720836032,7598700
2018-03-26,206.2404327392578,206.5218675726087,202.30017589391016,203.86092503839402,6589700
2018-03-27,203.22975158691406,208.3213706193599,202.00163355570396,207.28940843141132,6513100
2018-03-28,203.2212677001953,205.30226649100624,202.17224431469566,203.8694423179375,7983700
2018-03-29,205.8822021484375,207.19562534053534,203.88649539100157,204.32146612968813,6614500
2018-04-02,201.40455627441406,205.56655180031976,198.88860098443834,204.9695474454691,9217400
2018-04-03,204.8160858154297,204.9013777546356,201.6178333010493,202.45365266135445,9874500
2018-04-04,206.78616333007812,207.16141392353038,200.37259907754915,200.46641497934203,6437500
2018-04-05,208.87576293945312,209.88214024838828,207.57087682805124,207.92907958277686,4786400
2018-04-06,203.94615173339844,208.3128279334675,202.3342331350353,206.64973938177883,6985500
2018-04-09,204.4579620361328,207.79267773527826,204.20209913344985,205.6775695663062,5052000
2018-04-10,208.10812377929688,208.95246700437653,206.5644362072966,207.5452413096313,5977500
2018-04-11,206.2915496826172,207.74142151091695,205.87364001461142,206.50476651071193,4733100
2018-04-12,208.7904815673828,209.65188603393094,207.62205730728257,207.8096891902698,4742400
2018-04-13,207.74139404296875,210.19765574223993,206.6753100434546,210.1635337665719,5222500
2018-04-16,209.4813232421875,210.37683677147334,208.71374765350023,209.05488946764433,4018400
2018-04-17,211.3405303955078,211.92047394270242,210.88851174439353,211.63902615760284,3821900
2018-04-18,210.9823760986328,211.69878170856182,210.7265132340222,211.40880986840855,3645600
2018-04-19,210.29141235351562,211.15280329727523,209.3703144760344,210.58990798097275,3721800
2018-04-20,208.6206512451172,210.4809043659346,207.86119339367346,210.23343311034904,3396500
2018-04-23,208.50978088378906,209.21802853673276,207.47725283601207,209.11563379571814,2491000
2018-04-24,204.87457275390625,209.54225645646974,203.19352329506827,209.39719292711467,7088900
2018-04-25,205.3951416015625,205.9327400384365,203.16796481826324,205.04527553881292,5269200
2018-04-26,207.4602508544922,208.108785815808,205.75360183325893,206.0181303482383,3845800
2018-04-27,207.31517028808594,207.73330395152882,206.30825369787746,207.33224042269725,3209800
2018-04-30,206.1119842529297,208.92795757388936,206.08638556079626,208.2965058070006,3475700
2018-05-01,205.44638061523438,205.55731695534703,203.01441385499672,205.38665467719483,4396600
2018-05-02,204.03831481933594,206.2484209914848,203.70551895951698,205.31830089874612,2729400
2018-05-03,204.0297393798828,204.65266214958672,200.63350105474436,203.02281045804773,6177500
2018-05-04,206.94822692871094,207.5455513751161,202.81812714064574,203.18506338531375,3600900
2018-05-07,207.71615600585938,208.78281115728663,206.92257082313,207.78442349803385,2983800
2018-05-08,207.71615600585938,208.19401543038794,206.36790233197215,207.5028249755739,2927200
2018-05-09,209.4057159423828,209.78972218011705,207.53694721668333,208.40732836979544,3670500
2018-05-10,211.1636505126953,211.71830613489175,209.89219253692514,209.91779122590674,3877800
2018-05-11,212.085205078125,212.42654259329757,211.09535883586165,211.36841582730486,3293500
2018-05-14,212.70814514160156,213.5017304654277,212.34975050948378,212.82761001897416,4286300
2018-05-15,211.0355682373047,211.77795599247762,210.33584928867208,211.68410284705726,4755900
2018-05-16,211.5988311767578,211.86335963077715,210.74550686278798,210.92469767713203,2034400
2018-05-17,211.40249633789062,212.38381374767346,210.66863716355778,211.45369369552228,2058200
2018-05-18,211.36578369140625,211.81932056323447,210.8694576122025,211.3401127784675,2408800
2018-05-21,213.88156127929688,214.5062417002306,213.25688085836316,213.2654334738125,4060300
2018-05-22,212.37554931640625,214.3009462060184,212.1530637098382,214.24960437815142,2329300
2018-05-23,212.76060485839844,212.8204992954481,210.9122210084148,211.22028498341206,3489400
2018-05-24,212.1444091796875,212.58938017906556,210.38160429677077,212.33267116305015,3448100
2018-05-25,211.6824188232422,212.3071125791695,211.11764563179693,211.71665541510794,4207000
2018-05-29,208.3279571533203,210.68978587956227,207.35242317517867,209.9795267377891,6439600
2018-05-30,211.10902404785156,211.502666405457,209.29487688241986,209.79975549054578,4185900
2018-05-31,208.95257568359375,210.52713205162675,208.3792369691058,210.51001376028117,5357800
2018-06-01,210.81802368164062,211.2202185518757,210.21044854019178,210.62976169738477,3565300
2018-06-04,212.392578125,212.79477301708073,211.82779214155545,211.98183061768933,3062500
2018-06-05,212.34979248046875,212.6321854769073,211.50262654858113,212.3583581532696,2816400
2018-06-06,215.2336883544922,215.24224097270562,212.69216359983764,213.28262069237408,4102500
2018-06-07,216.09796142578125,216.81677304064183,215.42193901458822,215.83268664344686,4286800
2018-06-08,216.73110961914062,216.85091150073995,215.4475124345369,215.61010350044148,4451000
2018-06-11,216.83380126953125,217.49271817151495,216.51718479727828,217.030615855735,4200200
2018-06-12,216.75686645507812,217.15906144363822,216.1236202256061,217.13339053436255,6531000
2018-06-13,215.7984619140625,217.14196724993508,215.67010735343945,216.85957415913194,3819000
2018-06-14,215.63584899902344,216.94511753566826,215.25075926447943,216.63705358249123,5007000
2018-06-15,214.8867645263672,215.28098193613832,213.19845321123708,214.48396864446676,6340800
2018-06-18,214.02133178710938,214.16702207318434,212.6586875729828,213.22431791441417,4075500
2018-06-19,211.57879638671875,211.87874227220578,210.4218267624183,211.33883444755116,5511100
2018-06-20,211.2188720703125,212.52151897561657,210.92747848114942,212.50438817627162,4711700
2018-06-21,209.5391082763672,210.77320573030607,209.0506059187893,210.67893403377062,4676600
2018-06-22,210.5589599609375,211.26170193154036,210.34470728696968,210.7560687594432,3584900
2018-06-25,207.66212463378906,209.4532726853599,206.28233778728696,209.26472940867487,9536000
2018-06-26,207.97068786621094,208.84484203347841,207.62788897709476,208.1849404411434,3829900
2018-06-27,206.6425323486328,210.46480798030532,206.54826059538442,208.48511423904188,6149300
2018-06-28,207.46514892578125,208.21932251586378,205.53687487773007,206.0853611949868,5524000
2018-06-29,208.02215576171875,209.93329859908363,207.90217481435909,208.66491363906167,3966200
2018-07-02,208.02215576171875,208.28782692537635,206.21386307704964,206.4709688433753,5700300
2018-07-03,207.10513305664062,209.36763995301175,206.83946192924316,209.16195275263593,3143800
2018-07-05,208.72488403320312,208.82772109584192,207.13084417759774,208.36494123702653,3294600
2018-07-06,209.62477111816406,210.1389695660806,208.09071501773204,208.5192202628003,3546000
2018-07-09,212.4014892578125,212.53861408278385,210.61890576401404,210.63604963637124,3679300
2018-07-10,213.59268188476562,213.8069344682691,212.9242148703899,212.98421187070204,3474700
2018-07-11,211.75021362304688,212.67578678455058,211.37312680795876,211.97303170607802,4409800
2018-07-12,213.65272521972656,213.77270616943107,212.6842991476484,213.45561646169975,3175400
2018-07-13,214.4240264892578,214.64685759058423,213.33561948253845,213.60130372465397,3018100
2018-07-16,214.82687377929688,214.89543620554508,214.10698791910917,214.58691182590098,1881400
2018-07-17,215.34967041015625,215.59821086251398,214.16699133453633,214.72405619457982,2960100
2018-07-18,215.99240112304688,216.11238209544058,215.1268250419883,215.4439148096834,2119600
2018-07-19,214.92970275878906,215.64102319267218,214.7754471132686,215.29822415132992,2537400
2018-07-20,214.9022216796875,215.41707299841553,214.25005834500104,214.3702047222714,2687800
2018-07-23,214.7476806640625,215.03944404370188,214.19849826347843,214.70478622293254,1792000
2018-07-24,216.42108154296875,216.8072233439961,215.43426016973532,215.6058772931311,5485300
2018-07-25,217.97418212890625,218.09431539378264,215.32264784331255,215.87184344679758,4687600
2018-07-26,218.91810607910156,219.39863919011842,218.34318160031032,218.40325478596006,4175000
2018-07-27,218.18016052246094,219.33002267766395,217.5108446153148,218.9095496206941,5852900
2018-07-30,216.98736572265625,218.63491328826876,216.81574863961114,218.41181238966453,4484200
2018-07-31,218.10292053222656,218.54054610643922,217.61381113675898,217.6910368686414,3743100
2018-08-01,217.193359375,218.50624931974266,216.7214024780393,217.8712515771458,3159000
2018-08-02,217.18478393554688,217.45079243479674,215.40851336022504,215.76891323922942,4132600
2018-08-03,218.29159545898438,218.38598678251407,217.13315767871453,217.13315767871453,2469400
2018-08-06,218.6864013671875,219.021059248353,217.63952018127623,218.14579513855722,2305400
2018-08-07,219.7761688232422,220.32536439604385,219.3728615079304,219.6560355650776,2394500
2018-08-08,219.34716796875,219.77621728445044,219.14123267708325,219.6475077271587,1876800
2018-08-09,218.9524688720703,219.8706407720015,218.81516993671752,219.46732023932253,1677300
2018-08-10,217.35646057128906,217.87131207075112,216.58416368177018,217.68252925954988,4796900
2018-08-13,216.2752227783203,217.92278404987294,215.983472319346,217.58812603080264,3686700
2018-08-14,217.27911376953125,217.57086409938785,216.4381678631777,216.89295899311395,2815800
2018-08-15,216.0348663330078,216.41243175519332,214.4044844756179,216.10351578190912,5804000
2018-08-16,219.62179565429688,220.02510311333373,218.19734859019,218.2745743350572,7919200
2018-08-17,220.5745086669922,221.09903875974723,219.3018382693365,219.4738168546312,3902500
2018-08-20,221.36558532714844,221.61496540376353,220.9700359327657,221.09040912138335,2930700
2018-08-21,221.9159698486328,222.45771488141793,221.64940106142922,221.79557040034672,3290900
2018-08-22,221.15069580078125,222.02781702129045,221.0389037830883,221.8558252644924,3850600
2018-08-23,220.5573272705078,221.47743317941251,220.11877984318878,220.8238960863955,2811900
2018-08-24,221.72683715820312,222.0105946809536,220.98730411939505,221.2022806870795,3631500
2018-08-27,224.07443237304688,224.13463212837965,222.9307682330476,222.9307682330476,4111600
2018-08-28,224.12600708007812,224.71073710885793,223.87662688694041,224.69352218654936,2713600
2018-08-29,224.71925354003906,225.0976143301096,223.9539507434773,224.26350434867027,2433900
2018-08-30,223.58421325683594,224.56449265166856,223.10266789757537,224.21192797037887,3867200
2018-08-31,223.44667053222656,223.99699695083368,222.69855620569697,223.2230864834672,3081800
2018-09-04,223.34341430664062,223.50679856027045,222.03634027760197,222.904853810871,2945000
2018-09-05,223.5067901611328,223.84213987180985,222.64688411844836,222.90484543435377,3282400
2018-09-06,223.82493591308594,224.4784466161678,222.75005343313447,223.69595526394139,3878500
2018-09-07,223.18008422851562,223.86799875860106,222.25137074641736,222.999485014506,3796400
2018-09-10,222.6640625,224.1344944171934,222.59525532410578,224.02270243805177,2247600
2018-09-11,223.60134887695312,224.01411319077303,221.7009640264289,221.94173664892858,3072900
2018-09-12,223.7906036376953,225.09765170260326,223.21445489826,223.70460776344663,4971200
2018-09-13,225.1062469482422,225.484607780601,224.42691369347227,224.79669330845132,2472300
2018-09-14,225.2008514404297,225.6995854989755,224.4527109892283,225.3040359875595,3077700
2018-09-17,224.41830444335938,225.4587834812494,224.12593951710318,225.05462656272576,2473500
2018-09-18,226.07797241210938,226.61111012861596,224.590325040036,224.65052478022434,2998900
2018-09-19,227.3763885498047,227.86651509571576,226.24130616950606,226.24130616950606,4001000
2018-09-20,229.62933349609375,229.86149869710076,228.72641634100756,228.7350237995732,5247100
2018-09-21,230.16867065429688,230.5908794104411,229.71198782744355,230.53918145238308,3944500
2018-09-24,228.70388793945312,229.8068217145004,228.5573928375103,229.7895715283804,3778600
2018-09-25,228.1094207763672,229.30712584122685,227.93707662647608,229.22957886258345,1820400
2018-09-26,227.29075622558594,229.06578998509167,226.85129718453737,228.1782731053388,3365900
2018-09-27,227.6956787109375,228.66074228089377,227.1269749009254,227.6956787109375,2440100
2018-09-28,227.8249969482422,228.29030499642246,227.04950106528742,227.10119903774984,3288800
2018-10-01,229.83274841308594,230.1946342997576,228.9796790881683,229.28989328705407,5828100
2018-10-02,230.55645751953125,230.94419224849605,229.2467056456568,229.29840360951877,4553400
2018-10-03,230.8839111328125,232.02991780409246,230.6426451864369,231.59045878547354,5827700
2018-10-04,229.4191131591797,230.6771411210351,227.98011597775343,230.65991722698993,8720900
2018-10-05,227.75608825683594,229.7379141052383,226.5325081470781,229.49664812111956,7477100
2018-10-08,228.19544982910156,228.52288776878893,225.82586360832522,226.8340264070462,6236400
2018-10-09,227.67848205566406,228.61769676004528,226.73926735128285,227.80772696066825,4559100
2018-10-10,220.63865661621094,227.58369703882175,220.41462771961318,227.51477518448962,12292000
2018-10-11,215.64959716796875,221.21597676506664,214.43464245286745,219.4926280715568,15270300
2018-10-12,218.26051330566406,219.3892963144405,215.3566831215177,219.17387930824617,8634400
2018-10-15,217.43324279785156,219.50125334294518,217.43324279785156,217.88992566594163,5500900
2018-10-16,222.24139404296875,222.40508674994211,218.8464073003416,219.39787422472577,7099800
2018-10-17,221.42282104492188,222.32756190213263,219.44098206872656,221.3797481644908,6822400
2018-10-18,218.58790588378906,221.32800348625628,217.41605016550776,220.6817525632583,8694600
2018-10-19,219.2733917236328,220.70462511831383,218.42843133235442,219.1957841916652,6618300
2018-10-22,218.1697540283203,220.2390293245761,217.44551359485232,219.9200214766064,4662600
2018-10-23,216.988525390625,218.0748859104637,213.41042286537393,214.72094925742007,7360500
2018-10-24,211.7895050048828,218.04041656285648,211.3928896553024,217.6179364248303,7624300
2018-10-25,215.35040283203125,216.35053881978988,212.31547339663743,213.2466453764531,5920200
2018-10-26,212.55694580078125,214.72105065208336,210.6428717267003,213.28981685975955,5882900
2018-10-29,210.7808074951172,215.75567620590687,207.83210224669153,214.44513615458948,6833300
2018-10-30,214.42788696289062,214.63481849240475,210.453167614659,210.7549411173607,6151100
2018-10-31,216.5746612548828,218.32491522080886,215.88490295139405,216.3591126072954,5376400
2018-11-01,218.76473999023438,218.85096475514757,216.33335686109618,217.40247027212845,3267900
2018-11-02,217.669677734375,220.37696854105533,216.0487475034547,220.18728465632864,6413400
2018-11-05,219.41127014160156,219.79925506627663,217.7041285794042,217.997271575288,2833700
2018-11-06,220.92015075683594,221.04947469549705,219.28197298286406,219.45440928642776,2193300
2018-11-07,225.70538330078125,225.77434731650555,222.01519012516542,222.8428898743604,4462300
2018-11-08,225.98121643066406,226.7313215443325,225.00693229467018,225.48975917960828,4023400
2018-11-09,224.24826049804688,225.42085920310555,223.34296640972087,225.17081532351008,4386500
2018-11-12,219.1870880126953,224.10160721376852,218.72149561282492,223.9119233702723,10153000
2018-11-13,218.1870574951172,220.17872577533907,217.47143408967773,218.85095130720822,3937900
2018-11-14,216.33326721191406,220.1096709100117,215.26414108787898,219.87688782210574,5610300
2018-11-15,218.32493591308594,218.99744670481385,214.1260520700585,215.72110431975298,5667000
2018-11-16,219.5616912841797,220.3481582817291,217.21957890338615,217.60848695236044,4529500
2018-11-19,215.94052124023438,219.32836421548066,215.058986565919,219.18144396765283,4249600
2018-11-20,211.30812072753906,213.40823191650028,210.4698011567816,212.91561861516877,7341100
2018-11-21,211.43772888183594,213.14894505414225,211.37723853348768,212.46618348985544,4257600
2018-11-23,209.84751892089844,210.90189984350948,209.7611022539916,210.2277891798525,1928000
2018-11-26,212.94155883789062,213.2353992955754,211.46369246272866,211.6279013030074,3435500
2018-11-27,213.90090942382812,213.9268357518007,210.9970420047622,211.8958521449581,2932000
2018-11-28,219.38018798828125,219.38018798828125,214.84289676721863,215.30094606407152,5132500
2018-11-29,219.1640625,220.35672577834177,217.98005011850248,219.17271339684422,3471100
2018-11-30,220.823486328125,221.10868908494402,218.50731342403915,218.7406635318633,2991800
2018-12-03,223.60638427734375,224.96323049628026,222.12850457996038,224.85090066740574,9544200
2018-12-04,216.69229125976562,223.00993754672305,216.38981321822268,222.6642445885765,5376900
2018-12-06,215.81948852539062,215.94912013624656,209.85619705378977,212.91562175610377,8232800
2018-12-07,211.14395141601562,217.28010367648372,210.26241674817228,215.767673081459,5963700
2018-12-10,211.48973083496094,212.16384193528052,206.77093994537114,210.82425745072393,6021000
2018-12-11,211.07473754882812,214.76507062383476,209.71787856769788,214.7132179883875,5646500
2018-12-12,212.50083923339844,214.98985908021413,212.3020531318164,213.80584612118255,3734800
2018-12-13,212.8378448486328,214.21199268638352,211.88716906867228,212.96747646074283,4455300
2018-12-14,208.64625549316406,211.59333734517867,208.1277158360029,210.92786427177452,6591200
2018-12-17,204.3336639404297,208.62896737347296,203.14101349500518,207.4535923521852,7036700
2018-12-18,205.13746643066406,207.25486685800186,203.6768883290452,206.07085385395922,5349600
2018-12-19,201.7323455810547,208.4561799340536,200.5656211283258,205.30168659213615,9545700
2018-12-20,197.81723022460938,201.6890479038572,196.14059118135148,201.0149372021641,11912800
2018-12-21,194.19146728515625,201.4533953972724,193.98349702093654,198.45502959976827,10242700
2018-12-24,189.000732421875,193.51559795770683,188.8100841381383,192.8136716507379,7024000
2018-12-26,198.19508361816406,198.2210799034015,188.02145193572366,189.94525638088788,9761100
2018-12-27,200.4049072265625,200.50023137529553,192.8396818290758,195.44807793831762,7952000
2018-12-28,199.72900390625,202.6147118247315,199.02707745474282,201.66148343269808,7266800
2018-12-31,202.08609008789062,202.13808267875552,200.22295172623024,201.332171074474,5079600
2019-01-02,202.22471618652344,202.7793257793958,198.56775463813707,198.68041405046506,5319500
2019-01-03,196.47055053710938,200.54346418818585,196.15858195150312,200.3961475259454,7350200
2019-01-04,203.02191162109375,203.80182660429173,199.07897871063264,199.31295849476487,7343700
2019-01-07,203.95782470703125,205.275027137999,201.8693682862923,203.50720038694942,5101600
2019-01-08,206.17626953125,206.81754211525893,204.33045386127094,206.1936047964754,4845800
2019-01-09,207.04283142089844,207.87475218829098,206.05493294751903,207.05149244136481,4872000
2019-01-10,207.97874450683594,208.11740017667762,205.41366750649468,205.93361965693475,3052200
2019-01-11,207.87486267089844,207.92685526719404,206.2110334747432,206.99960989012527,2047200
2019-01-14,207.06021118164062,207.67547434027264,205.9336568011126,206.18495867796196,2330700
2019-01-15,208.5333251953125,208.8712900795953,207.0168137258253,207.06014526953962,3940300
2019-01-16,209.590576171875,210.49181156220573,208.96663889282596,209.15728712936496,3718500
2019-01-17,211.2718048095703,212.14704418461525,208.88004009596676,209.04469209847554,4108400
2019-01-18,214.24099731445312,214.54450829076927,212.03830977294643,213.02691371206473,5393200
2019-01-22,211.59613037109375,213.10505835952802,210.16526019227402,212.7668519591317,5218500
2019-01-23,213.08766174316406,214.12829556430012,210.71153704512884,213.46055012585055,4330300
2019-01-24,212.87086486816406,213.50391502133365,211.7088239753933,212.87086486816406,2840400
2019-01-25,214.535888671875,215.54184047723191,213.9201729125545,214.535888671875,4110600
2019-01-28,212.550048828125,212.66277547131267,210.85033641538854,212.22917685128988,3560300
2019-01-29,213.0789794921875,213.89413355240063,212.41990130717872,212.76678804465072,2432900
2019-01-30,216.9553985595703,217.66650664597194,214.87413048220216,215.42046897627267,5686200
2019-01-31,216.9033660888672,217.17219511193994,215.3597560840666,215.8887469216025,5649600
2019-02-01,217.21554565429688,218.40361478734454,216.58249541879948,217.38031523545976,3971400
2019-02-04,218.8112335205078,218.8372483814444,216.5218198990404,217.17221788721702,2576100
2019-02-05,220.23333740234375,220.44145619610296,219.23605299687247,219.71301395319568,3090500
2019-02-06,220.1553955078125,220.57165977919433,219.44430053420362,219.94727660450354,1913500
2019-02-07,218.4469757080078,219.69574182932263,216.94672821366296,218.88057432055436,3884800
2019-02-08,217.9440155029297,217.98736477878612,216.04485144065288,217.24157462721575,2942300
2019-02-11,217.6144256591797,218.81116179952554,217.10278258528967,218.63771180695971,2677600
2019-02-12,220.72764587402344,221.0311701094419,219.11465896475488,219.15802146015406,3080600
2019-02-13,221.82907104492188,222.48813622646742,221.23937000258692,221.59492406984913,2918200
2019-02-14,221.27403259277344,222.149910201295,219.93854154373957,220.73636135052274,3811000
2019-02-15,224.9158172607422,224.94190347810775,222.74187735577203,222.7592858589173,4751100
2019-02-19,225.05499267578125,225.63762035049965,224.31584766899778,224.31584766899778,2744500
2019-02-20,225.65496826171875,225.88106650992626,224.62887496768224,225.06366296047938,2454000
2019-02-21,224.8114013671875,225.42879267468953,223.9157394707981,225.16793058344754,3197200
2019-02-22,226.23757934570312,226.44626907507,225.22886809151137,225.44626207205224,3938500
2019-02-25,226.86366271972656,228.1419137798563,226.7419093593239,227.69844812909588,3585000
2019-02-26,226.55938720703125,227.39417291614814,225.74198346820629,226.0550181576154,3080200
2019-02-27,225.97666931152344,226.45495194596796,225.02013057998303,225.9332011344597,2777200
2019-02-28,225.4635772705078,226.41141156050165,225.27226956278977,225.96791947957723,2772900
2019-03-01,226.45492553710938,227.42884611842828,225.42012828512162,227.08969884242677,3676900
2019-03-04,224.5941162109375,227.55066967195873,222.78540958194372,227.39415234141592,4823900
2019-03-05,224.51580810546875,225.0984091088702,223.8201579868951,224.54189432148146,2107200
2019-03-06,223.3679962158203,224.7419412388042,223.00278913492443,224.55931116100115,3222000
2019-03-07,221.57659912109375,223.037480041052,220.53311085417027,222.9592214064842,4104600
2019-03-08,221.48968505859375,221.65489333519798,219.77661946070876,219.8983595569134,5495800
2019-03-11,223.27232360839844,223.3331737549287,219.53314446688984,219.87227854782458,5469400
2019-03-12,222.4897003173828,223.45493014056777,222.11577576384408,222.82013015155388,6570500
2019-03-13,223.78541564941406,224.41151150572549,222.62018685465378,223.34192334446442,5272800
2019-03-14,223.95057678222656,224.29840182243356,223.1505553061359,223.76794674280455,3409600
2019-03-15,225.1226348876953,225.82848294540267,223.37107221446658,224.4603471916233,4225100
2019-03-18,225.68898010253906,225.80226891877382,224.57356394776573,224.77400005292097,2786200
2019-03-19,225.59320068359375,227.4057424765712,224.82634687338648,226.6650302010925,4761400
2019-03-20,224.20762634277344,225.84589995733015,223.56275755374375,225.22717270071894,4382600
2019-03-21,226.203125,226.54299146442705,223.38845625235058,223.41459778087417,3800000
2019-03-22,222.17724609375,225.3840785654151,222.09880818921528,224.75665511002006,6226500
2019-03-25,222.27316284179688,222.98772051088636,220.9660325062459,221.94201890180906,4982500
2019-03-26,223.48431396484375,224.67815483320962,222.47347710466775,223.9984484544659,3278700
2019-03-27,223.17935180664062,224.3296325291777,221.4278157815687,223.63250720295153,3166200
2019-03-28,224.02468872070312,224.19898339458246,222.7262811592926,223.88528489395986,2434400
2019-03-29,225.8111114501953,225.99410223849742,224.4516981212566,225.33181440360778,4255900
2019-04-01,228.65187072753906,228.88714451695773,227.0745763086162,227.64102049473777,6051700
2019-04-02,228.0419158935547,228.37305976881552,227.51033583231236,228.31205398260863,2320000
2019-04-03,228.31201171875,228.9394351047755,227.63230526669105,228.8174235549478,3265500
2019-04-04,229.86318969726562,230.00262010255,228.40790644943502,228.5037764877814,4397000
2019-04-05,230.1943817138672,230.78694111499303,229.71508460918665,230.54294450313907,3112700
2019-04-08,229.3751983642578,229.53204759881436,228.63448596512197,229.03533176242118,3231700
2019-04-09,227.88511657714844,228.43411558599163,227.3971233678735,228.4166701611805,4161200
2019-04-10,227.9635009765625,228.37306948281227,227.4406436035753,228.2249163662408,3602600
2019-04-11,227.7891845703125,228.52989689518077,227.07461378191593,228.24233999399237,2731700
2019-04-12,230.11581420898438,230.39467490472035,229.25309059365242,229.94151962574446,3395200
2019-04-15,229.88926696777344,230.2204107635446,229.3141266793745,230.07225768883845,2190300
2019-04-16,230.51678466796875,231.20521407286034,229.99392722872997,231.17034981860868,2536000
2019-04-17,230.51678466796875,231.09192519176798,229.9852311103926,231.01350056492728,2873600
2019-04-18,231.5526580810547,231.87527200502444,230.50631819996437,231.0469439912291,3469200
2019-04-22,231.12535095214844,231.4479647860325,230.57602399844484,230.7155377176014,1604200
2019-04-23,232.3548126220703,232.68612780067767,231.11664487845306,231.45671459033179,3399200
2019-04-24,231.86654663085938,232.54665950014143,231.70087572338454,232.26763201286525,1899800
2019-04-25,230.65451049804688,231.28230897037753,229.3030128330753,230.24469723680988,2333800
2019-04-26,231.3607940673828,231.3607940673828,230.07031196234317,230.5586233446881,1883100
2019-04-29,231.44802856445312,231.8578419119294,231.134115957468,231.34339989863423,1522500
2019-04-30,231.75314331054688,231.98855773759894,230.27956128937694,231.94497134317018,2259200
2019-05-01,230.32322692871094,232.6425933540583,230.31452561254366,232.34613658519083,2902500
2019-05-02,229.21572875976562,230.58468176605987,228.16938948920034,229.98304067691177,3660200
2019-05-03,231.03811645507812,231.2822587741348,229.8435620150681,230.47136035114482,2161600
2019-05-06,230.42779541015625,230.80275019329628,226.7743611744343,227.00980223051425,3282600
2019-05-07,226.28602600097656,228.87569077402628,224.79501495271055,228.43101914074637,6758100
2019-05-08,226.4080810546875,227.67237885659586,225.6669262828029,226.19009592233988,4115200
2019-05-09,225.34437561035156,225.91113179116772,222.66751104967997,224.73400642515222,7175400
2019-05-10,226.63485717773438,227.17545619887804,222.3797686478785,224.59449235477445,5456100
2019-05-13,221.01077270507812,222.95519641004861,220.2434607620554,222.0570987061729,6326000
2019-05-14,223.05116271972656,224.28933030174701,221.68222265093735,221.82172306031478,4308800
2019-05-15,224.01905822753906,224.6381287895953,221.2462793647553,221.62120754955532,4151400
2019-05-16,225.97218322753906,226.77435387039444,224.82994289664245,224.96072869607303,3889400
2019-05-17,225.0316162109375,226.73614695370418,223.95644779272084,224.08755938620885,3652900
2019-05-20,224.358642578125,225.0054777977452,223.3271820857362,223.95653130706947,2613300
2019-05-21,226.19407653808594,226.29024278216875,225.24129713727976,225.69585269876973,2376700
2019-05-22,225.17152404785156,226.27288833678475,225.05788508471898,225.44249695571563,2942600
2019-05-23,222.68896484375,223.20470151569,221.39528167667015,223.17847919957978,4616900
2019-05-24,223.8778533935547,224.36735461842486,222.91633694124778,223.95652037514282,2258900
2019-05-28,221.5614776611328,224.8306525487946,221.55274133063057,223.8778723455942,4580100
2019-05-29,219.6383819580078,220.52123130530745,218.07371218520305,220.34641136913703,5192100
2019-05-30,220.162841796875,220.57367598278054,219.2450337973772,220.07543849773083,3454700
2019-05-31,216.97235107421875,218.58946561699298,216.97235107421875,217.99506178334843,4891100
2019-06-03,217.2170867919922,218.18735278361353,215.9408759063464,217.07722550684352,5479600
2019-06-04,221.71873474121094,221.76244305438152,218.97402073169613,219.16632663932302,3796100
2019-06-05,223.5369110107422,223.59810532218563,222.08589358536662,223.09111818786187,2792400
2019-06-06,225.27635192871094,225.8270472609515,223.3620427622583,223.8777661132662,2796200
2019-06-07,227.4879150390625,228.24838910362791,225.8708006056396,225.9232452531398,3124900
2019-06-10,228.13470458984375,229.45462353194296,228.09100961758912,228.91267783211094,3495900
2019-06-11,228.03854370117188,229.77801957717958,224.60328691733366,229.5944633647086,2792100
2019-06-12,227.66268920898438,228.37071844223158,227.26057811479524,227.96860734804244,1725500
2019-06-13,228.6330108642578,228.9127334469068,227.59281418413062,228.44070492316337,1882700
2019-06-14,228.58926391601562,229.13120962431347,227.64520708314194,228.35323636989338,2260900
2019-06-17,228.73793029785156,229.1749868873885,228.11731740993795,228.70298497727703,1319500
2019-06-18,231.92837524414062,232.33920939405587,229.83925918345548,230.09275940595043,6147700
2019-06-19,232.12936401367188,232.69753192747976,231.31644561349438,231.98950278206033,3920800
2019-06-20,234.33229064941406,234.699429986755,232.42672998505222,234.30606831644843,3471800
2019-06-21,234.03167724609375,235.66138702345197,233.85642755979057,234.1981564262774,4446800
2019-06-24,234.09310913085938,234.7414850936737,234.03176904265845,234.23327684766377,1654200
2019-06-25,232.41946411132812,234.29450726366966,232.30555449780653,234.2857634975613,7240300
2019-06-26,232.38446044921875,233.49721857590689,232.37568994181626,233.1730306742376,2141400
2019-06-27,232.32310485839844,232.9890216320629,231.753583441667,232.5859794087476,1991500
2019-06-28,232.9364776611328,233.29572086853275,232.25304653810076,233.01533201309576,2176200
2019-07-01,233.91769409179688,235.4773195479736,233.06778418515714,235.21447184049308,3970200
2019-07-02,234.52218627929688,234.58352630211206,233.1903804744339,233.80370048459596,2775300
2019-07-03,236.1870880126953,236.22214329465965,235.0655596439461,235.11812919721984,1262900
2019-07-05,235.9330291748047,236.11704938583364,234.22446488766195,235.4423620907621,2157000
2019-07-08,234.87271118164062,235.19689888994947,234.35575960091353,234.73251684357865,1423400
2019-07-09,234.69757080078125,234.92539004857437,233.6724376644089,233.69872244381978,1407000
2019-07-10,235.42483520507812,236.46750938765325,234.96922343411597,235.55625910637977,1978600
2019-07-11,237.3787384033203,237.3787384033203,235.89796685616196,236.27472425259126,2238500
2019-07-12,239.54290771484375,239.54290771484375,237.9745115455967,238.0270810941218,2411200
2019-07-15,239.72703552246094,239.72703552246094,239.16625770470452,239.68320971455978,2624500
2019-07-16,239.56910705566406,240.06851758855626,239.1134688118089,239.74432990847995,1780400
2019-07-17,238.57034301757812,239.59550280177518,238.48271818091536,239.49910745964235,1550800
2019-07-18,238.5615692138672,238.9821523804261,237.22976262878228,238.0271031745017,2119000
2019-07-19,238.0381317138672,239.69548397486287,237.95918596505098,239.55517463213627,2364300
2019-07-22,238.21337890625,238.66061303941552,237.46799760472658,238.31860417022838,1623500
2019-07-23,239.70423889160156,239.9322181357545,238.47656571100322,239.21316961936222,1722900
2019-07-24,239.05535888671875,239.2658363089761,238.37136747724946,238.73968289524413,2355400
2019-07-25,237.98545837402344,239.0289603396772,237.2225214997428,238.9412904389391,2348600
2019-07-26,238.39756774902344,238.56418336860074,237.73988296477486,238.21342350258732,1731300
2019-07-29,238.6344451904297,239.11673685059824,238.24860115778569,238.3976614478278,1346000
2019-07-30,238.4414520263672,238.65190261364177,237.31022659723652,237.72237683815916,1670600
2019-07-31,235.46865844726562,239.11661957317918,234.2234570300426,238.7833883664897,5058800
2019-08-01,233.0485076904297,238.26612622805433,232.73280495877307,235.73186048378463,7225300
2019-08-02,232.21533203125,232.96949113568655,230.12827478570168,232.56609188298876,5691500
2019-08-05,225.4542999267578,229.00578627797964,223.72678053537493,228.86547701010642,6608200
2019-08-06,228.2517547607422,228.3131183489858,225.41053766513136,226.72590752529263,4991000
2019-08-07,228.2078399658203,228.60246153659565,223.05160041204792,225.48065326877872,5089500
2019-08-08,231.61903381347656,231.61903381347656,228.50597662228836,229.2776643402309,3637100
2019-08-09,230.78598022460938,231.89089927979978,229.0935443863912,231.01398619123944,3773000
2019-08-12,227.4712677001953,229.90033427364781,226.73466385925707,229.24264940553164,3072700
2019-08-13,230.77723693847656,232.0575225970447,226.7960438913369,227.18188780398998,4326300
2019-08-14,223.68307495117188,227.7607303492284,223.66553293633692,227.27841191540597,6148000
2019-08-15,224.80545043945312,225.32285276662648,222.67455783039625,224.70022513944042,4034800
2019-08-16,227.6137237548828,227.93903264242047,225.8464732955641,226.3036873704273,2743200
2019-08-19,229.77662658691406,230.57672444637407,229.31943930942862,230.39209473474912,1971800
2019-08-20,228.3258514404297,229.96999724237529,228.13242094421216,229.48643441773493,1975200
2019-08-21,230.38333129882812,230.93724735543628,229.90854227433277,230.20747556180962,2156300
2019-08-22,230.84927368164062,231.95710557504012,229.43373455724165,230.98115204232795,2329200
2019-08-23,225.33653259277344,231.40317837569933,224.23748817156178,229.71505494555245,6293900
2019-08-26,227.80706787109375,228.08842614400103,226.11894506545187,227.71914005683502,3145200
2019-08-27,226.66407775878906,229.09074609762948,226.17171415841622,229.0467956029477,3077200
2019-08-28,228.94137573242188,229.00290108086236,225.38049892610513,225.9783653953379,2741700
2019-08-29,232.0273895263672,232.32632270012175,230.3568679874761,231.18334133977737,3740600
2019-08-30,232.2296142578125,233.34621991905698,231.38556609523246,233.2319164199124,2442400
2019-09-03,229.8469696044922,230.5327639067947,228.62483419695374,230.41846038444217,3082900
2019-09-04,232.05377197265625,232.0713736392671,231.03386808615386,231.74603795686355,1963100
2019-09-05,235.3508758544922,236.2564762783916,234.48925276740565,234.5156284367693,3614800
2019-09-06,235.91348266601562,236.4585974667725,235.11338529233134,235.693676579788,2470100
2019-09-09,236.33566284179688,236.86320319381767,235.65866926965728,236.3796401896918,2243400
2019-09-10,236.8543243408203,236.88070000515472,235.23652748895935,236.0542267469363,2654300
2019-09-11,238.87644958496094,238.92040006675882,236.7047645145862,237.14437665974873,1899800
2019-09-12,239.4306182861328,240.41534623917806,238.67447064458597,239.69437511933268,3272200
2019-09-13,239.67662048339844,240.2744867447177,239.55351616570107,240.04587977288213,2182700
2019-09-16,238.41937255859375,239.33374692329502,238.09403688243896,238.79743273814188,4077500
2019-09-17,238.76231384277344,238.7798886814781,237.71603405582727,237.90946460883785,1756200
2019-09-18,239.12269592285156,239.26337506712994,236.93343543458855,238.48085235804447,3052600
2019-09-19,238.63906860351562,240.20408676648134,238.38408604650664,239.56224337531938,2965600
2019-09-20,237.29684448242188,239.50897966163404,237.15582920248062,239.18289359373247,4076900
2019-09-23,237.39395141601562,237.93157424597217,236.25706027477472,236.41569249505005,1898300
2019-09-24,236.16888427734375,238.49557048794478,235.20824234797345,238.32814332412,3733300
2019-09-25,237.5877685546875,238.07251382353564,235.6841287256616,236.54781069166344,3391800
2019-09-26,236.97076416015625,237.96666610794702,236.1070556355423,237.96666610794702,2401100
2019-09-27,236.18650817871094,237.93154306082477,235.3140041856194,237.5878130660125,3171000
2019-09-30,237.2351837158203,237.80803989251382,236.64471071224602,236.64471071224602,2128800
2019-10-01,233.9918975830078,238.21345384991963,233.94784207064342,237.74635245600493,3558400
2019-10-02,229.7792205810547,232.72284497377788,228.76570148021875,232.72284497377788,6690100
2019-10-03,230.9160919189453,230.93370874557937,226.83555074396855,229.41782788157778,5610300
2019-10-04,234.13291931152344,234.30037329657776,231.54182036964073,231.68283566736633,2937500
2019-10-07,233.3220672607422,234.87320850144093,232.8373490709816,233.48072626647948,2104200
2019-10-08,230.537109375,232.85499971237192,230.3344217260973,231.47133913676157,3505200
2019-10-09,232.1676483154297,232.8815200595306,231.33040494559634,232.17647018009947,2020800
2019-10-10,233.56005859375,234.45900084128576,231.8855187759127,231.9913004190793,2100800
2019-10-11,236.33633422851562,238.08136902807735,235.86041075664798,235.99260424996416,4177000
2019-10-14,236.0718994140625,236.8386753991671,235.70175766559677,235.8427730112737,1194600
2019-10-15,238.15185546875,239.00674255880193,236.95323841139069,237.1823917229289,3168900
2019-10-16,238.02841186523438,238.45145784581086,237.42911689802696,237.772846800231,2415000
2019-10-17,238.2927703857422,238.97138127382905,237.7022705225601,238.5483622873509,1883400
2019-10-18,236.02899169921875,242.51968750840933,236.01133667935397,237.76628871493728,2232400
2019-10-21,236.5316162109375,236.67272178494343,235.81728774531362,236.39933814566203,1379600
2019-10-22,236.18777465820312,237.56352083757818,236.13486341385376,236.7698252591919,2534300
2019-10-23,236.5580291748047,237.14007947021489,235.78196211425777,236.45220674166313,1693400
2019-10-24,236.328857421875,237.33419788041692,235.51750689841995,237.24600351065004,1843700
2019-10-25,237.75755310058594,238.216126219024,236.02022869689247,236.09959556855594,1825200
2019-10-28,238.82456970214844,239.50361514553455,238.27780234342973,238.79811408521496,1809600
2019-10-29,238.87738037109375,239.52116932963355,238.38352445415023,238.52462998943824,2884600
2019-10-30,239.64463806152344,239.8651104309517,238.00433655128018,238.8773985220141,2144700
2019-10-31,238.53367614746094,239.57430014682703,237.29020770896943,239.49493325668763,3021000
2019-11-01,241.05580139160156,241.05580139160156,239.60068832239443,239.75059454607032,2989400
2019-11-04,242.1228790283203,242.56382401064334,241.60256717875663,242.28163967594747,1543200
2019-11-05,242.35205078125,242.96938419507444,242.01692846592425,242.59015125697172,1706300
2019-11-06,242.3433074951172,242.7048855445149,241.6289789065713,242.53732432861983,1605900
2019-11-07,244.3275909423828,245.20948086011478,243.8954734949004,243.8954734949004,3023800
2019-11-08,244.34518432617188,244.4950905030098,243.44563961259368,244.4245511691692,1512000
2019-11-11,244.42469787597656,244.6451704321232,242.8637618671938,243.21651257439765,1729000
2019-11-12,244.53919982910156,245.1565064646061,243.96597691286968,244.66265039094748,1694000
2019-11-13,245.20944213867188,245.51810894376484,243.55151196218372,243.70141815316532,2595600
2019-11-14,245.3682098388672,245.44757669164483,244.36284254406826,245.0595430248601,1582600
2019-11-15,247.33319091796875,247.34203476754644,246.06091687475757,246.38781575366005,2363300
2019-11-18,247.6245880126953,247.7041017207853,247.04146052376274,247.1740103335187,1790500
2019-11-19,246.7942657470703,248.12839301335976,246.38785304931807,248.11954916244338,1928300
2019-11-20,245.7959747314453,246.41442431485245,244.48835170112335,246.1847267955149,2463600
2019-11-21,245.371826171875,245.99030259714826,244.87705581684125,245.91076185887306,1382100
2019-11-22,246.37890625,246.5291168380132,245.43355830055995,245.95483299057236,1419300
2019-11-25,248.09307861328125,248.1019224654111,247.0682163588439,247.10353784143567,1811100
2019-11-26,248.5878448486328,248.78222085149736,247.92520306108966,248.3316427707831,1300300
2019-11-27,249.07371520996094,249.07371520996094,248.27855072288466,248.8086424056326,1786300
2019-11-29,248.22549438476562,248.77327366148123,248.12829295276327,248.53470548662497,811900
2019-12-02,245.7959747314453,248.70274439569033,245.7959747314453,248.66742290838758,2544300
2019-12-03,243.4191436767578,243.53400584555865,241.7492742311774,243.34844682074942,3834300
2019-12-04,244.77976989746094,245.40708995790726,244.39101804361778,244.7356045807322,1928500
2019-12-05,245.05369567871094,245.49545676289924,243.98464140460317,245.49545676289924,1453000
2019-12-06,248.0045928955078,248.21662951035188,246.8471814345723,246.90019058828332,2686400
2019-12-09,247.1741180419922,248.02229159415776,247.12110888016628,247.77490651798652,1206100
2019-12-10,246.90907287597656,247.5098883820971,246.1757614134284,247.1122926609979,1406900
2019-12-11,247.13876342773438,247.29779090923196,246.19338846058145,246.61748870752538,1921700
2019-12-12,249.1090087890625,249.99253068302912,246.71464504309017,246.96203009488286,3768600
2019-12-13,249.2503204345703,250.57560312595018,248.269624185163,249.09129298271162,3065500
2019-12-16,250.09848022460938,251.01732332834996,249.97477425125524,249.97477425125524,2117200
2019-12-17,250.3901824951172,250.92030120010324,249.95726525147464,250.20465038540715,1697900
2019-12-18,250.2223358154297,250.84081219277337,250.16932663599567,250.73479383390531,1592600
2019-12-19,251.3266143798828,251.39731122614262,250.54029396513292,250.610963848446,1815100
2019-12-20,252.09408569335938,252.6258230013108,251.97002898049772,252.35996786997657,3637000
2019-12-23,252.8650665283203,253.15753418789345,252.7055534659787,252.87393738021046,2564700
2019-12-24,252.58151245117188,253.13096439687843,252.45742869812494,253.13096439687843,611600
2019-12-26,253.51214599609375,253.54760237646113,252.75000961260602,252.77659513655806,931600
2019-12-27,253.75135803222656,254.2122097363657,253.3702899271021,254.19446802756786,1930200
2019-12-30,252.15614318847656,253.82224090210718,251.79278978962864,253.7601990191926,2552900
2019-12-31,252.66136169433594,252.8474603469082,251.29657513645842,251.60675758760672,1341300
2020-01-02,255.7809295654297,255.7898004239967,253.5919640781194,253.84897556885798,3865500
2020-01-03,253.74252319335938,254.442617538141,252.73221938652705,252.8740178354836,3296700
2020-01-06,254.327392578125,254.37169275430375,251.8282460091539,251.9434589215602,1645100
2020-01-07,253.22857666015625,254.15912419054843,253.08677816851656,253.72485785824665,1413000
2020-01-08,254.69967651367188,255.8251934609406,252.64363918751698,252.85635042334619,3136700
2020-01-09,256.6138916015625,256.8620321493069,255.61245855503608,256.0733103189124,1783100
2020-01-10,255.4440460205078,257.0392582593898,255.08956342696348,256.9683455135079,2989600
2020-01-13,256.1353454589844,256.1885165059059,255.3554944223708,255.93153212754967,1463300
2020-01-14,256.3125305175781,257.4380200980009,255.86942055036326,256.0023481314705,2198500
2020-01-15,257.3141174316406,258.10283958196356,256.0734141896537,256.1265852539315,2195100
2020-01-16,259.6003112792969,259.63576763738666,258.30643818442775,258.44823657150994,2522000
2020-01-17,260.0242919921875,260.3257456367874,259.59872310947793,260.24595147127934,2147400
2020-01-21,258.7475280761719,260.0331638624611,258.3396822158625,259.28839126874954,4476900
2020-01-22,258.72967529296875,259.8468471522388,258.5257389360777,259.341457305614,2077000
2020-01-23,258.4903259277344,258.7740293873407,256.7702468693487,257.789874667951,1872600
2020-01-24,256.94775390625,259.5810705898368,255.6532696381118,259.3771611095858,3612500
2020-01-27,253.0109405517578,254.1547108490137,251.68098389942594,252.55877368943038,4129100
2020-01-28,254.72207641601562,255.52004469634446,253.35664718912497,253.77336786612284,2999200
2020-01-29,254.72207641601562,256.4864762540571,254.6511302686818,256.2293438215196,2126300
2020-01-30,255.83058166503906,256.0344911242112,252.55888469763772,253.2859344810712,3433200
2020-01-31,250.40426635742188,254.66899212958762,249.6860648260186,254.4295825997735,4885700
2020-02-03,251.7873992919922,253.80893229015703,251.36180342889125,251.53026676690806,3157400
2020-02-04,255.38705444335938,256.2382188050108,254.83734356275062,255.0678508964731,3004100
2020-02-05,259.66070556640625,259.8203209175779,257.08061365326483,257.79878803041316,3305900
2020-02-06,260.4410095214844,260.7956863298704,259.2972661059764,260.6892670525297,2857200
2020-02-07,258.1800231933594,259.6163718777987,257.7101063144004,259.5720508178727,3839300
2020-02-10,259.74053955078125,259.74938752881167,257.26681265331604,257.3022857395479,2877700
2020-02-11,259.73175048828125,261.04398453285415,259.1465661329195,260.98191337591146,1994500
2020-02-12,262.1965026855469,262.32949292942635,261.14140165404405,261.2300708359755,2804400
2020-02-13,261.3984680175781,262.3028285051463,260.6004996981911,261.0172203955862,2638000
2020-02-14,261.1502380371094,261.67335095763355,260.1394582171589,261.53148569914765,1861700
2020-02-18,259.74053955078125,260.5651061639241,258.68543846418646,259.9178508658671,2397800
2020-02-19,260.7601623535156,261.309873417987,260.1306571401406,260.4675567494994,1474400
2020-02-20,259.5897216796875,260.9285529401101,257.27561083254966,260.2812978354098,3493900
2020-02-21,257.6016845703125,258.7663756355803,256.7215052347749,258.5441059340783,3271800
2020-02-24,248.5509490966797,251.41378486176615,248.02639568765503,249.2355302306527,6595200
2020-02-25,240.67373657226562,250.15129642731355,239.94468515801813,249.6534142743012,9903700
2020-02-26,239.82028198242188,244.7724610270553,239.01121642761674,241.82071074343577,7477600
2020-02-27,228.9379119873047,238.0332026856237,228.8401262912429,235.48152238980515,11188900
2020-02-28,226.32408142089844,226.8219637836507,219.60264239118942,222.73220611370238,17541400
2020-03-02,237.4107666015625,237.60636506877282,225.8794107737278,228.23546472021272,8544500
2020-03-03,230.53819274902344,240.95820056867097,228.65334945568944,238.09536486864292,11482600
2020-03-04,240.84274291992188,241.03831434979315,233.79232232842855,236.00614858779147,5408100
2020-03-05,232.45870971679688,236.9663491238191,230.76946415693678,234.95702084708805,5872900
2020-03-06,230.13812255859375,231.24947139543016,224.43022299428432,225.53268592428324,7372400
2020-03-09,212.2410125732422,219.6648301894479,210.86293693854685,214.7126519534919,10406900
2020-03-10,222.687744140625,222.7499726513541,210.79185605253974,219.86046426739674,9407100
2020-03-11,209.6804656982422,217.7444217241909,207.68893668367105,216.52637381837843,7687200
2020-03-12,188.5825653076172,203.59911051424874,188.33362424905857,196.04193828992072,17322600
2020-03-13,206.3642120361328,206.6931670601078,189.63173186826432,200.62075336675275,13676000
2020-03-16,180.02964782714844,194.0948733834969,179.15834046407295,183.5948504508347,12407000
2020-03-17,189.7917938232422,190.680873285171,177.2379961620159,184.04833453002075,16128100
2020-03-18,177.27352905273438,182.6524617727703,168.63167678298416,176.9890307184085,13369800
2020-03-19,178.98056030273438,182.2434798623884,170.98774569452686,176.36666486467428,13532100
2020-03-20,171.12606811523438,183.06654763839657,170.32350208224034,181.28305546999616,12206000
2020-03-23,165.9806671142578,170.50181170786504,162.38693226060818,169.54765067972346,15712300
2020-03-24,184.2703857421875,184.77868747379756,174.96948185459934,175.02298443540806,14123600
2020-03-25,189.10372924804688,196.33579270781212,183.09336754339034,187.77503589188652,17556100
2020-03-26,200.70530700683594,201.41869302169584,190.84258342850202,191.2171151683933,16071900
2020-03-27,192.9292449951172,199.09119927276,191.34193826577203,194.05284001265346,10545600
2020-03-30,198.9485626220703,199.50144085614767,191.81459374069752,193.82993505117764,7691800
2020-03-31,195.4974822998047,200.4199242948839,194.793008908925,197.92303263900519,8426600
2020-04-01,186.7137451171875,191.5291671274547,185.2780337952399,187.84625251746706,8570300
2020-04-02,190.79795837402344,191.53809549543377,184.7519086655656,185.75958588480233,8231900
2020-04-03,187.80174255371094,191.32413708582268,186.09850416039487,189.70115257944622,6664500
2020-04-06,202.00718688964844,203.23780052039555,194.50760100403008,195.24775169448222,10322500
2020-04-07,202.06959533691406,210.59468265400994,201.93582530828888,209.97046334130718,10857700
2020-04-08,208.9628143310547,209.78321891032334,202.28363277096133,204.33465102261414,7010200
2020-04-09,211.4686279296875,214.18845572000814,209.65838479203995,212.092847355262,9393200
2020-04-13,208.63287353515625,211.06733599468146,205.95763587639289,210.81764823508718,6761900
2020-04-14,213.73370361328125,214.43819066832177,211.23682536165046,212.85979622521046,5391900
2020-04-15,209.63165283203125,210.96927184172495,207.23285389753295,209.09659978536808,6828000
2020-04-16,209.86351013183594,210.50556837024527,207.04558937514662,210.1845392510406,6126400
2020-04-17,216.3054656982422,216.51069044359767,212.5759137052291,215.56491940668948,5924500
2020-04-20,211.1394500732422,215.12775975038994,210.80039487467423,212.56703801138218,7357400
2020-04-21,205.41127014160156,208.19505155268186,204.68855870714702,206.40165600738774,6571400
2020-04-22,209.47088623046875,210.80924429848264,208.23959245126164,209.14074864917737,4318000
2020-04-23,209.73855590820312,213.17366670444787,209.52441372086386,210.1311294966021,6364800
2020-04-24,212.20118713378906,212.64730660042503,208.96235544937673,211.11265454603853,3568500
2020-04-27,215.31503295898438,216.0912762112884,212.75429883027294,213.35209707928055,3632500
2020-04-28,215.10989379882812,218.74131300564633,214.45856315131155,218.60746898909701,4709900
2020-04-29,219.89227294921875,220.9808054902744,217.88473543547454,219.02680013191244,5015300
2020-04-30,217.0103302001953,218.7501932028413,215.84149950648145,217.8847204450792,4928900
2020-05-01,211.71041870117188,214.43174972970118,211.01447353511958,213.76257063815217,4723500
2020-05-04,211.8353729248047,212.12981341628173,208.46271073441136,209.86353244103057,3845500
2020-05-05,213.066650390625,215.68983491460057,212.97742105552288,214.15518292934254,3143500
2020-05-06,211.33572387695312,214.61915676555427,211.10374664498227,214.44071169369315,3082300
2020-05-07,213.16481018066406,215.19018278873583,212.84360361503593,213.45925066703035,3411500
2020-05-08,217.36720275878906,217.5278128154189,215.33289947136464,216.16268859923892,3894800
2020-05-11,216.4214324951172,217.65272634651325,215.02954220109544,215.6362580258811,2743000
2020-05-12,212.42420959472656,217.83117440331947,212.2992967105654,217.53673397326457,6433900
2020-05-13,207.73104858398438,211.90671972616235,206.12501598526825,211.4249167537895,7531300
2020-05-14,211.23756408691406,211.24648157488986,203.69814794377345,205.28633213053735,6964500
2020-05-15,211.79356384277344,212.09751485785193,208.66462263306857,209.33511003514818,4811100
2020-05-18,219.85739135742188,220.9927544065484,217.5598604822043,217.69395257256622,5207700
2020-05-19,216.54066467285156,219.93780439062715,216.40657261654775,219.42822729446382,4404700
2020-05-20,219.67852783203125,220.43841914654377,218.78454446959466,219.38351168549474,3280600
2020-05-21,219.0438232421875,221.15362467689184,218.0246826804043,219.5176333675101,3378200
2020-05-22,218.9185791015625,219.1152564687489,217.38986204590464,218.94539750244255,2521100
2020-05-26,223.71934509277344,225.3016995249268,223.3885756010463,224.2467920231232,4872300
2020-05-27,228.6540985107422,228.6719683540581,223.790827472865,226.83036505098735,5326100
2020-05-28,227.3846435546875,230.59404012659743,226.9734052603865,230.5314547517922,4957600
2020-05-29,227.33103942871094,228.2518549074418,224.10375871473465,226.4191861556528,5082300
2020-06-01,228.20713806152344,228.4574523131574,225.9095942591144,226.8750979330327,2060800
2020-06-02,230.51356506347656,230.57615043289377,228.60044163177307,229.3513705770756,3045800
2020-06-03,235.26954650878906,236.01154048417388,232.13165706977523,232.74850759679845,5184500
2020-06-04,235.4126434326172,236.39603065710847,233.67834068678042,234.5544269831562,3937100
2020-06-05,242.75225830078125,244.90676155289933,241.18778736221572,241.73310413677012,7866800
2020-06-08,246.9897003173828,247.07910410211701,243.96803245591724,243.96803245591724,4667600
2020-06-09,244.3971405029297,245.86325881770557,243.27966146213583,244.27196975490327,4632600
2020-06-10,241.78675842285156,245.1123779780539,241.38448223605897,244.23629164978774,6531200
2020-06-11,225.3105926513672,235.57352996637647,224.7295090075708,234.34877730487565,14257800
2020-06-12,229.5213165283203,232.72179275683737,224.77426629552247,231.54172798155585,9817200
2020-06-15,230.9605712890625,232.0780503186378,222.69122647020532,223.7550550478358,7421300
2020-06-16,235.85067749023438,238.8187085528946,231.2645388595405,238.77399301919021,9238000
2020-06-17,234.06277465820312,236.63745159290167,233.56214606336866,236.5569690667566,3669300
2020-06-18,233.73194885253906,234.45607315583416,231.64000388501353,232.47142910326832,3268700
2020-06-19,232.03115844726562,237.10572285406766,230.96424323065654,236.88158146168777,5852600
2020-06-22,233.3939208984375,233.62700930634583,230.13040957766344,231.2062990454145,2823500
2020-06-23,234.4518280029297,235.9311552886828,234.02146680520073,235.64424782353018,2948000
2020-06-24,228.2925262451172,232.6767182457661,226.7773280386583,232.40775948290917,5903500
2020-06-25,230.811767578125,231.05383035345636,225.98824200010796,227.13584446260634,4312300
2020-06-26,224.4821014404297,229.56561311860432,223.87242971276936,229.20699234739624,5331400
2020-06-29,229.44012451171875,229.62839564184281,224.9931527571044,226.0959247036363,3759000
2020-06-30,231.19732666015625,232.2552673174057,228.37315098383516,228.68695436142772,3667900
2020-07-01,230.69520568847656,233.3400841593553,230.5428049158906,232.09384531020893,3575300
2020-07-02,231.69049072265625,235.0526116694262,231.20633764523848,234.1380972608582,3830000
2020-07-06,235.79678344726562,235.84160078868638,233.88709409329545,235.04367152870253,2989100
2020-07-07,232.2463836669922,234.765731063413,232.0132678324008,234.09330679687335,2828700
2020-07-08,233.75262451171875,234.1740115106014,231.53810600457226,232.78434553610307,2837800
2020-07-09,230.6325225830078,234.17396759204885,228.93802785322336,233.88706003789147,3995600
2020-07-10,233.8423309326172,234.14716006354374,229.93328927510487,230.59676666455266,3110100
2020-07-13,234.0394744873047,238.9526360990284,233.62703464203645,235.8505270147127,4876000
2020-07-14,239.01535034179688,239.42776273648548,233.19665004961527,233.59114098749228,7614300
2020-07-15,241.095458984375,242.55686529137967,239.4278327392311,242.4940991326837,5220600
2020-07-16,239.80438232421875,241.11336033104484,238.50435136716655,239.52644920005037,2478100
2020-07-17,239.3386688232422,240.53205763425498,238.82724385827302,240.42438922057727,3415100
2020-07-20,239.4105224609375,240.14629330466758,237.80439522465213,239.02470142676717,4017400
2020-07-21,240.77435302734375,242.50608420495624,240.15523215947402,241.20505413883086,3173200
2020-07-22,242.24581909179688,242.5778057818322,240.2628256804658,240.30770576830545,2039300
2020-07-23,239.29385375976562,242.06642537860563,238.33376461574255,241.94082133708963,2838000
2020-07-24,237.4991912841797,238.97968624970306,236.92492342361862,237.9119291948338,2637700
2020-07-27,238.62985229492188,238.95285754902514,237.19420949504232,237.57104895816278,2637900
2020-07-28,236.8173828125,238.32479568585018,236.54821172176375,237.70570217715672,1989300
2020-07-29,238.22605895996094,238.73751130808503,236.70068341094068,237.05063313837542,1917900
2020-07-30,236.23402404785156,236.71855911385958,233.2371356443902,235.51621663217853,3055600
2020-07-31,237.1942901611328,237.319894230686,233.452647066309,236.664902004021,3306800
2020-08-03,239.3207550048828,239.70657598322552,238.09149486579403,238.37862891681615,2569300
2020-08-04,240.8369598388672,240.8459413279657,238.70144651016207,238.93474616601384,1909800
2020-08-05,244.05833435058594,244.30058828062164,242.17405496915177,242.2548062791637,2122900
2020-08-06,245.76324462890625,245.87989458337714,243.67260909512748,243.72644332294198,1948100
2020-08-07,246.40921020507812,246.58867583337266,244.48905941885647,245.1620144510454,2311300
2020-08-10,249.56765747070312,249.6932615182394,247.18090674137989,247.20782385032433,2313900
2020-08-11,248.71536254882812,252.83384659667027,248.06932422469833,252.0442411579975,4546400
2020-08-12,251.27235412597656,251.9004288352578,250.08794712090832,251.09288856183875,2641600
2020-08-13,250.71609497070312,251.43390259305954,249.64833764918922,250.45587806999157,1668300
2020-08-14,251.05714416503906,251.38017690236504,249.3523297890809,249.64844541351448,2247000
2020-08-17,250.2945098876953,251.46095474613685,249.89072576913154,251.36226778266854,2436900
2020-08-18,249.62139892578125,250.67119316710975,248.64334710482626,250.42893927663468,1678300
2020-08-19,248.93067932128906,251.00337973823088,248.51794101462585,250.05227164139285,3374300
2020-08-20,249.32533264160156,249.74705219661988,247.53078600452076,247.68333451702043,2063700
2020-08-21,251.14535522460938,251.43308728200043,248.96021068155954,249.12209255152138,2601200
2020-08-24,254.6432647705078,254.70621728854576,252.20636566227398,253.3304001604582,2622800
2020-08-25,254.13986206054688,255.58763369018345,252.70109149417246,255.58763369018345,3346000
2020-08-26,254.8682403564453,255.03009484516872,253.19568908843686,254.13086665146096,2647500
2020-08-27,256.31597900390625,257.5838938867944,255.09301454800712,255.7764366687232,3432800
2020-08-28,257.8086242675781,258.4830451255063,256.2799260127056,257.3859860989196,2715500
2020-08-31,255.6324462890625,257.4848531327168,255.281761760381,257.41292699219923,4070100
2020-09-01,257.8895263671875,258.01540397843837,254.63432640063502,255.13789173014302,3023600
2020-09-02,261.8642272949219,262.62857672668724,258.6180267785542,259.0496387364333,3464300
2020-09-03,254.7873077392578,262.8983359962445,252.7730454093535,261.64842310332693,6118500
2020-09-04,253.3755340576172,256.9904491847321,249.095226249469,256.1991239341742,7145800
2020-09-08,247.6654815673828,250.73182605869832,247.29679465477633,250.72285243603943,4780100
2020-09-09,251.64895629882812,254.0229039017826,249.4368631465219,250.06630626868503,3488900
2020-09-10,247.99813842773438,253.73521839827157,247.15286177389103,252.80001344124517,3455800
2020-09-11,249.16709899902344,250.72277341671037,247.25173884702085,249.04122134103108,2787500
2020-09-14,252.260498046875,253.069797977557,250.5879466862835,250.8127537471545,2371700
2020-09-15,252.3053741455078,254.3915896418742,251.6759310258825,253.95997777521913,2331800
2020-09-16,252.70999145507812,255.58753143660195,252.48518450159204,253.16860642171136,2651800
2020-09-17,251.3972625732422,252.81803121352561,249.16716650864032,249.70670897742932,3305300
2020-09-18,249.24925231933594,251.84522762758593,247.67183944182685,251.50269928720607,3156700
2020-09-21,244.670166015625,245.32818217982944,240.71310145924633,244.79634469315545,5936900
2020-09-22,245.90499877929688,246.29258482584703,243.1828463605206,244.87744187589863,3169800
2020-09-23,241.19082641601562,247.50949796620952,240.74013720434158,247.1399295116904,3575900
2020-09-24,241.6595916748047,244.16542291153337,239.10867500641677,240.54186358169315,4432100
2020-09-25,244.90451049804688,245.45433809180332,239.97396978699516,240.45169921569078,3606800
2020-09-28,248.6903076171875,249.7899904210365,247.62668765336767,248.11343971615648,2790200
2020-09-29,247.35626220703125,248.76241025114052,246.33770025669523,248.4198820723141,1971100
2020-09-30,250.13241577148438,252.5391073348051,247.87897058435388,247.87897058435388,4028500
2020-10-01,250.70941162109375,252.70145026425917,249.29424087339243,251.78202665365447,2968000
2020-10-02,249.50155639648438,251.04293342851315,246.6171617174067,247.1309540614163,4771600
2020-10-05,253.7471160888672,253.81921427839563,251.25930217778267,251.29536502649378,1862500
2020-10-06,250.330810546875,255.55879426786746,249.89813901169293,254.6754610402137,4364400
2020-10-07,255.01800537109375,255.69403921440886,252.5932951191058,252.63835303883846,2422600
2020-10-08,256.2528991699219,256.6044224776683,254.8106880812734,256.4601986180146,2148000
2020-10-09,257.73114013671875,258.5243575940784,256.36105476084447,257.4426924235174,2549100
2020-10-12,260.01165771484375,261.04823758118346,258.4072049413386,258.65059476320454,2534800
2020-10-13,258.4612121582031,259.69609606243176,257.81221866376166,259.290492320833,2430600
2020-10-14,257.01007080078125,259.55196491800706,256.5142960927021,258.8939486725451,2264000
2020-10-15,256.92901611328125,257.25349927150273,253.8823514242355,254.2158571728179,3128000
2020-10-16,257.8728942871094,260.03708413120484,257.80076655061185,258.11635635685127,2409300
2020-10-19,254.3202667236328,258.85606304568074,253.6439549806682,258.47734388037,2837600
2020-10-20,255.14976501464844,257.59349589686855,254.51853001756095,255.33912450610185,3339000
2020-10-21,254.2661590576172,256.5205314904722,254.13990099216383,254.78016257691485,2907100
2020-10-22,255.78111267089844,256.24101349279726,252.76024784787913,254.38341265030002,2324200
2020-10-23,255.5015411376953,256.5836508724428,253.85135268735888,256.50249677021577,2161000
2020-10-26,249.7843780517578,252.8413192089647,246.8086184905842,252.61588204465806,5140600
2020-10-27,247.67430114746094,249.8475188159136,247.62019842701702,249.73931337502572,3029800
2020-10-28,239.3962860107422,244.14849237273242,238.9814617408166,242.57043194188373,5815200
2020-10-29,240.3971405029297,242.51625508040829,236.9885321150298,239.0805953370164,5479400
2020-10-30,239.0175323486328,240.15374463147,235.72615476521452,238.9904809856695,5271200
2020-11-02,242.75091552734375,243.92317857566354,240.70392706342014,242.48037423366725,5062900
2020-11-03,247.6652374267578,249.27034876879577,245.45596995800153,245.87076659178243,4343000
2020-11-04,251.1460723876953,255.24901850649977,248.48590236394955,248.79249366010902,6766400
2020-11-05,256.0154724121094,256.96229752350547,254.35625813432628,254.5546439457561,4316200
2020-11-06,255.39329528808594,256.4393271945031,254.19398149698426,256.0515818165489,3078200
2020-11-09,263.0580749511719,270.0646509273659,262.76051005299314,269.2711078399821,10839300
2020-11-10,265.57403564453125,265.9798060743014,262.7695826959082,264.4828998330435,4354500
2020-11-11,265.21337890625,267.04395575136914,264.1493217160309,266.98082671825574,2910400
2020-11-12,262.45391845703125,264.50090538689966,260.77667927385187,263.5089764251995,4361900
2020-11-13,266.15118408203125,266.8455483518823,263.68942718111987,264.18537807170543,3090400
2020-11-16,270.5066223144531,270.5967751815623,268.3334043448319,269.8753871295476,4615000
2020-11-17,269.0007019042969,269.7581676491224,266.5569701838155,268.09895303866773,4049200
2020-11-18,265.7994689941406,270.2991864274432,265.7994689941406,269.8032356251597,3566400
2020-11-19,266.3133239746094,266.7461730828123,264.12208212263135,265.16811349474017,3266600
2020-11-20,264.3721923828125,266.23390254293713,264.0739690418533,265.8995217248673,3090200
2020-11-23,267.40875244140625,268.0955789395665,265.23072668602686,265.9356457105009,2855600
2020-11-24,271.5118713378906,272.12641079266695,269.58689172270493,270.1653012660838,4022700
2020-11-25,269.98443603515625,271.1593196191485,269.36085055582424,271.0779859801149,2629200
2020-11-27,270.436279296875,271.3038931813864,269.4692944152915,270.61703908449937,1518000
2020-11-30,268.06854248046875,269.1349537876678,266.3785456031106,268.8819065693481,4159300
2020-12-01,269.71337890625,272.0360077547903,269.47839662551803,270.87921646362344,2841100
2020-12-02,270.3821716308594,270.52677400631603,267.8245877889326,268.502395910089,2481700
2020-12-03,271.1773986816406,272.3884122259607,270.2646084959653,270.5628594346858,3140900
2020-12-04,273.4637145996094,273.4637145996094,271.66527404276604,271.791783778293,2747300
2020-12-07,272.1173400878906,273.07530657841613,271.1232161127944,272.7228331590312,2589900
2020-12-08,273.1112976074219,273.7167903095274,271.1049859277886,271.13209712967296,2205400
2020-12-09,271.91839599609375,274.3765798469252,271.0959859584187,274.0331528443721,3074500
2020-12-10,271.611083984375,272.1623542906301,270.40007098270615,271.1140085026041,2413000
2020-12-11,271.9635314941406,272.1894673746721,269.9301085693573,270.6079162109517,2454300
2020-12-14,270.309814453125,274.5573943678157,270.21943454428566,273.85247520699016,3646100
2020-12-15,273.4909973144531,273.78020200568517,270.6532555744609,271.981760320976,4211500
2020-12-16,273.0661926269531,273.7168892875379,272.31609738353666,273.41866595897,1977300
2020-12-17,274.2773132324219,274.4761380558558,273.6989312970311,274.03331223187814,3002900
2020-12-18,273.369873046875,274.492709490698,271.8577066826173,274.42931799112546,4442100
2020-12-21,273.5873107910156,274.338862334306,269.31335706659735,270.5538855028731,6340800
2020-12-22,271.7127685546875,273.35171758564263,271.5225940945453,273.3154899312912,2698200
2020-12-23,272.8085021972656,274.1758133501217,272.6817468161389,272.73607449856644,2714400
2020-12-24,273.4786682128906,273.55112357333286,272.4916780874464,273.1527019917707,1955700
2020-12-28,275.271484375,276.31280189772184,274.6829160042107,274.990782111491,2382400
2020-12-29,274.78240966796875,276.810743936933,274.0399223248426,276.5662417964745,2319600
2020-12-30,275.3892517089844,276.2947501711144,275.14474943869243,275.37112405422494,2081300
2020-12-31,276.8924255371094,277.34517483859025,274.6830067351926,275.2715753003929,2797000
2021-01-04,273.75018310546875,277.6800414125324,270.50848454062844,277.6166499155778,5106600
2021-01-05,275.1266174316406,276.22226270602584,272.89909921118317,273.3971122540082,3355200
2021-01-06,279.0837097167969,280.92187072959234,274.4203975546433,275.0451937857848,7290300
2021-01-07,281.15716552734375,282.497312689551,279.8532460272528,280.4508781009286,4107900
2021-01-08,281.6460876464844,281.99921747442704,278.8843023429336,281.836234476915,3234900
2021-01-11,280.8582763671875,281.60982741339706,279.2736551518388,279.337018998916,2811400
2021-01-12,281.37451171875,281.8363246597438,279.71746211327525,280.8674349196095,2290900
2021-01-13,281.2750244140625,282.15335912978924,280.6321281686202,281.2750244140625,1854400
2021-01-14,280.7496643066406,282.7598711184819,280.6048089336573,282.1441390656749,3232400
2021-01-15,279.11737060546875,280.20442843108515,277.2241008026271,279.0177379213855,4009100
2021-01-19,280.2043762207031,281.4906991748059,279.55214717586864,281.14646333933445,2781700
2021-01-20,282.4237060546875,282.94005973418524,280.76597244342923,281.20984088105723,2398400
2021-01-21,282.5143737792969,283.27530315080276,281.90745485388214,282.6412091637281,1930000
2021-01-22,280.7931213378906,281.74427579991374,279.99594962171034,280.69346105085947,2049700
2021-01-25,280.50335693359375,280.6211247578,276.85269260834605,279.9054778880284,4546400
2021-01-26,280.267822265625,281.89838122019665,280.1047442541466,281.3095698002139,2256100
2021-01-27,274.71484375,277.84915418114696,273.664028559985,277.6861038012383,5743100
2021-01-28,277.26031494140625,280.294992384768,276.13701459837,276.27291754637696,6392100
2021-01-29,271.5895080566406,276.0916934325898,270.48434300525,275.3126567077684,5929900
2021-02-01,273.591552734375,274.79637842144945,271.888535965965,273.8270883879447,3138600
2021-02-02,277.9398193359375,279.3982608556065,275.85629590707833,275.87443105069997,3090500
2021-02-03,278.3382873535156,278.9542737844679,276.45405778880667,277.2874723357018,2087800
2021-02-04,281.42742919921875,281.42742919921875,278.80037676355,278.872862046691,2638800
2021-02-05,282.2154541015625,283.13036629358555,281.6085075182156,282.9582483510705,1955600
2021-02-08,284.34423828125,284.34423828125,283.00353747231634,283.2662481510655,1690000
2021-02-09,284.3714599609375,284.89685375954247,283.14852676078556,283.7735808931959,1798700
2021-02-10,284.8967590332031,285.5670955021687,282.903829470034,285.5037054690386,3048000
2021-02-11,285.0598449707031,286.03820238573513,283.35680088492654,285.43125587409264,1937100
2021-02-12,285.38604736328125,285.47664013188336,284.28992185974903,284.6975754959429,2479500
2021-02-16,285.8750305175781,286.7446874109433,285.23186923510184,286.5544344151985,1836300
2021-02-17,286.7991027832031,287.07992091319585,284.3260620808249,285.06888381275087,2007400
2021-02-18,285.8570861816406,286.25567224066685,283.8822910269397,285.12333176503125,2609600
2021-02-19,285.8216552734375,287.1104328948509,285.5130466283099,286.44787434162004,2314900
2021-02-22,286.0848388671875,287.2465667770007,283.87029071132827,283.9882832463354,2978000
2021-02-23,286.248291015625,287.24662995157547,282.8084754903053,285.6855551327678,5723400
2021-02-24,290.005615234375,290.46850039827405,285.14994654134136,285.60374683605903,4290300
2021-02-25,284.96844482421875,290.35959457500115,284.04267449063116,290.1689785076319,7648600
2021-02-26,280.8570251464844,285.3859434126079,280.24892053928284,285.36780137126345,7925600
2021-03-01,286.4297180175781,287.63684252856746,284.48746681102256,284.5146937256731,4749700
2021-03-02,285.1590881347656,287.1921049962244,284.9957266436364,286.5477162049187,4075700
2021-03-03,284.0699157714844,286.6838100492834,283.9246963451874,284.93214745956857,5148100
2021-03-04,280.97509765625,285.8217112368475,277.4354593932718,284.25155157887986,8577600
2021-03-05,286.112060546875,286.84721496162706,279.45027415651555,283.62524327711014,7016100
2021-03-08,288.84393310546875,292.0023936256298,286.64752714589343,287.4825320067784,8230700
2021-03-09,289.17071533203125,292.03873755806325,289.01643868665286,289.9512665247438,5829900
2021-03-10,293.45452880859375,294.34398748599324,290.85880404257466,290.9132578699893,6472200
2021-03-11,295.2696533203125,296.7581314092415,293.90825259409297,294.70694545178475,5745900
2021-03-12,297.9744567871094,298.13781830576676,295.42410040953473,295.5784047534548,4257200
2021-03-15,299.5899963378906,299.72613094177746,296.61306630917215,298.76407614393315,4456000
2021-03-16,298.4735107421875,299.5081886889523,297.98342637581914,299.3720541427389,3270600
2021-03-17,300.2071228027344,300.44310788672476,298.03797117682967,298.79126769435163,4338200
2021-03-18,298.9273986816406,302.10400161435257,298.3919175110027,299.7805456851056,5376500
2021-03-19,296.4908752441406,298.46437333629916,295.5541394678567,298.3825258709126,5628800
2021-03-22,297.6095886230469,298.28260316324275,295.599703928529,296.0726098112622,3807600
2021-03-23,294.71759033203125,297.8279344779261,294.15373342796494,296.77296476043915,5068400
2021-03-24,294.7357177734375,298.05524569908243,294.7357177734375,295.8270732221868,6099000
2021-03-25,296.6547546386719,297.0458131345656,291.5890900145743,293.48984523751847,5557900
2021-03-26,300.67425537109375,300.9289288656963,297.1001115951644,297.9368206014616,4956600
2021-03-29,301.62945556640625,302.35700751656174,299.1193541560126,299.47405446588465,5200900
2021-03-30,300.8654479980469,301.5748206991396,299.9196084784828,301.0746045642441,4568800
2021-03-31,300.28338623046875,301.59300164896024,300.065126245494,300.67444462165565,3763700
2021-04-01,301.4384460449219,301.5748585518076,299.86508112063984,300.82909984173233,5936100
2021-04-05,304.8487854003906,305.71274946255045,303.6755827638923,303.7028652552381,5632700
2021-04-06,304.0939636230469,305.048906454622,303.55738938632635,304.3849954052975,2987500
2021-04-07,304.0939636230469,304.8215430786734,303.24817852555447,303.8848070799379,2658500
2021-04-08,304.78515625,304.8033353284666,303.2390741964754,304.03029430170426,2665000
2021-04-09,307.2679443359375,307.4680252149043,304.9943105996413,305.3217282899134,3034700
2021-04-12,306.9859924316406,307.2679207729761,306.16748990020477,306.7222709215629,2951500
2021-04-13,306.2948303222656,306.8677904273381,305.1125242034911,306.14931444206337,3391700
2021-04-14,306.9678955078125,308.40482009162145,306.24941933874635,306.31308775655594,3966800
2021-04-15,309.6143798828125,309.8690257757694,308.15014518256964,308.15014518256964,3881800
2021-04-16,311.0080871582031,311.52665293123187,310.20752799419813,310.8898426123562,3748900
2021-04-19,309.9983215332031,310.50778097040563,308.99758772317784,310.28944914402086,3222800
2021-04-20,307.6056823730469,309.1886437213749,306.3593251952522,308.770165111803,3762900
2021-04-21,310.49859619140625,310.7169557261375,307.0961298595076,307.15981921394797,4191200
2021-04-22,307.6056823730469,310.41681583386935,306.66863788610607,310.3349413948309,4962500
2021-04-23,309.7071838378906,310.76250057014954,306.70501026902673,307.2690526444594,3613900
2021-04-26,309.1976318359375,310.6623480542224,308.7609683281341,310.3621141291597,2090900
2021-04-27,309.161376953125,309.70723435380415,308.1333792940564,308.9521515133448,2732700
2021-04-28,307.83319091796875,308.85211007661627,307.55116964239545,308.6155931198719,3025100
2021-04-29,309.83453369140625,310.09834202728615,306.92331347632586,309.2159084188241,3688400
2021-04-30,308.3516845703125,308.9976014276528,307.3600571302255,308.33349950512627,2909600
2021-05-03,310.3258056640625,311.2992479531013,309.81634624920133,310.03470582946744,2698400
2021-05-04,310.6714782714844,310.70787615765914,307.1507393381561,309.30684905618176,4478300
2021-05-05,311.3902282714844,312.3181662548151,309.65259686309145,311.36293679442923,3506100
2021-05-06,314.32867431640625,314.44694661334154,311.0535589389483,311.98149672779056,4276700
2021-05-07,316.4848937988281,316.8578958789665,313.6919452869,314.0194708201633,3526500
2021-05-10,316.35736083984375,319.40503760831456,316.2209035022741,317.74020256307256,6092500
2021-05-11,311.9632568359375,314.0647830497136,310.125566640994,313.85552996395734,8396400
2021-05-12,305.677001953125,311.3447730258506,305.41316581457585,310.7261198978605,7034100
2021-05-13,309.725341796875,311.17184537023803,305.92255411627184,305.9498455888466,5741300
2021-05-14,313.1915283203125,313.80104718869103,311.0263120723802,311.4174991387669,4677300
2021-05-17,312.6365051269531,313.9829490976593,311.17181662831257,312.34537760407903,3262200
2021-05-18,310.3258056640625,313.4098813937867,310.1074738472522,312.8185475476217,3462300
2021-05-19,308.8065185546875,308.9156844576916,304.9491752434517,307.0961787050778,7223900
2021-05-20,310.69879150390625,311.9906528007826,308.7155369020051,309.0794324988794,4532800
2021-05-21,311.8136901855469,313.6642965316802,311.120843022419,312.0415975080791,4481000
2021-05-24,313.56402587890625,314.22952532504974,312.7344398254573,313.02616789670265,2531800
2021-05-25,312.8529968261719,314.5121691490915,312.37895951421933,314.2204410398636,2623200
2021-05-26,312.9349060058594,313.70979629228486,312.38795081140546,313.19928623032,2064500
2021-05-27,314.1475524902344,315.5696923806665,313.48205289480757,314.8312746614316,3026200
2021-05-28,315.0955505371094,315.8613157764322,314.83117026211266,315.77014728635913,2641400
2021-06-01,315.3052978515625,317.8396268061056,315.0591678964514,317.7393609127836,2584300
2021-06-02,315.7519226074219,316.6544545657055,315.19584206791404,316.1074714014438,2576700
2021-06-03,315.4420166015625,316.2989505219779,313.1994159135953,314.1566157209394,4436400
2021-06-04,317.15576171875,317.2378050001422,315.91595948342865,316.39912179876893,2594200
2021-06-07,315.9616394042969,317.73932791320385,315.4420039545275,317.7028549463633,2224300
2021-06-08,315.73370361328125,316.253339016253,314.28421629503345,316.0527794477755,2748700
2021-06-09,314.32061767578125,316.2259192320481,314.22944919801404,315.9159686642103,2591200
2021-06-10,314.4939270019531,317.00090790436155,314.32981256277407,315.91606667002526,3089400
2021-06-11,314.62152099609375,315.92514430692165,313.2085066131293,315.45110705408973,3003000
2021-06-14,313.8738708496094,314.3935060851841,312.2056019288878,314.35703313337774,2527000
2021-06-15,313.06268310546875,314.083703671884,312.1145806563444,314.06548109774224,2138500
2021-06-16,310.64678955078125,313.2722862202749,309.4890026076451,313.0626014790596,4032000
2021-06-17,308.7233581542969,311.120948451116,306.8727511810535,310.4645740269706,5169100
2021-06-18,303.9786682128906,306.06935107433407,303.72304093569153,305.2476939591429,7126600
2021-06-21,309.2921447753906,309.57515974120344,305.30251974639526,306.07854020739,5435700
2021-06-22,309.9039001464844,310.78033286216373,308.0779824030643,309.2465686444014,4042100
2021-06-23,309.2921447753906,310.5520322290288,309.2008433338698,310.0316390875194,3082700
2021-06-24,312.21343994140625,312.5238423708177,310.7435628236915,311.0174669870111,3704700
2021-06-25,314.4685363769531,314.95240322119895,313.22689844790284,313.7746790677403,3638000
2021-06-28,312.9622497558594,314.44126634096096,312.06756800808165,314.359075535158,3606300
2021-06-29,313.0169982910156,314.7242544186777,312.78875862200755,314.03953541165345,2375800
2021-06-30,314.9250183105469,315.43627279714815,312.55132084488116,312.5787084830462,3778900
2021-07-01,316.2122802734375,316.2488064131627,314.8976457174242,315.6827766231878,3606900
2021-07-02,317.6546630859375,317.97420401285063,316.0478478154751,316.8330063176408,3013500
2021-07-06,315.7192687988281,317.8099233967286,313.69250011197255,317.4812717584009,3910600
2021-07-07,316.7234802246094,316.92433214890826,314.45019529475513,315.56400544563553,3347000
2021-07-08,314.4046936035156,314.97072348937195,311.80275596765057,312.7431022305732,6379900
2021-07-09,318.3760070800781,318.68640960658655,315.7375438128357,316.4040135046594,5063100
2021-07-12,319.5628662109375,319.8002443392,317.13439323045094,317.7187000503948,3999800
2021-07-13,318.6224365234375,319.7636343619885,318.48549835506645,319.1063032925321,3310200
2021-07-14,318.99688720703125,320.1654731717862,318.0382639018475,319.70899384397114,3933300
2021-07-15,319.4806823730469,319.53545765117036,317.38088908156584,317.6182393330071,5082600
2021-07-16,316.7466125488281,320.40060829745494,316.3812185495205,320.38234835471087,5710400
2021-07-19,310.4800109863281,319.75201925753606,308.1962637334309,312.2247972328745,9715300
2021-07-20,315.2301330566406,316.18017955238867,310.36119703674905,310.85449416231796,5802200
2021-07-21,317.8883972167969,318.0345603511517,316.4085338133842,316.95663859777306,3056800
2021-07-22,318.13507080078125,318.6374839419669,316.69172722228035,317.6874374744014,2429300
2021-07-23,320.2453308105469,320.62898475466017,319.0029577528947,319.7246297229035,4142300
2021-07-26,321.0126647949219,321.04921255817874,319.25873456966946,319.72462794842517,2466600
2021-07-27,320.291015625,320.34582333489857,318.5645170076415,319.7429106482374,3902600
2021-07-28,319.13983154296875,320.84809720327206,318.5460630768428,320.6562424408945,3697700
2021-07-29,320.4736633300781,321.2866627849768,320.07172161829504,320.59242263734654,2425700
2021-07-30,319.2496337890625,320.6472861143262,318.50970184496856,319.61502780576205,3576700
2021-08-02,318.2174377441406,321.46949252129616,317.9525151821427,320.13579155438634,2827100
2021-08-03,320.7203063964844,320.81166185661027,317.08457095454355,318.89330870505586,3819300
2021-08-04,317.8883972167969,319.7976061155745,317.7879257431721,319.3500006825779,3118500
2021-08-05,320.2818908691406,320.31843863718456,318.50972834680493,318.6741514863342,2261400
2021-08-06,321.6337585449219,321.9991524546024,321.0582498952351,321.204413034661,2123700
2021-08-09,320.775146484375,321.6064338632394,320.227041546052,321.186232157561,2322500
2021-08-10,322.21844482421875,322.4102717682671,320.647225758166,321.0126197060866,2841000
2021-08-11,324.2371826171875,324.4016056680852,323.10445331842965,323.32368405295983,3422500
2021-08-12,324.5021667480469,324.5204266868107,323.14103467149226,324.46561899275014,3118600
2021-08-13,324.6484375,325.54364871823,324.29215949274476,325.0686392530014,2414900
2021-08-16,325.7261962890625,325.75360013143,322.15441348575695,323.75303600531043,3634600
2021-08-17,323.2232971191406,323.99066071238366,321.1040009002229,323.29639264124637,5019600
2021-08-18,319.834228515625,323.41515644866314,319.62414161164315,322.11797575211585,4038000
2021-08-19,319.2496337890625,320.1631327696996,317.26732873485827,317.28558867847147,5442200
2021-08-20,321.3459777832031,321.88588252209934,318.93926437100265,319.3510698476365,3394800
2021-08-23,323.44158935546875,324.22856069321165,322.95658824749927,322.9931720818656,3569200
2021-08-24,323.7070617675781,324.3933859125096,323.59725437264524,324.0181920287549,1981400
2021-08-25,324.1096496582031,324.8966490591061,322.95664429057666,323.74361576488366,2434700
2021-08-26,322.2611999511719,324.8600772177217,322.17884440954805,324.3750759659818,3008900
2021-08-27,324.46649169921875,324.72271816993504,322.709490238171,322.709490238171,3163700
2021-08-30,324.0182189941406,325.0614451860242,323.8352159628896,324.8235105261342,2482000
2021-08-31,323.87176513671875,324.677028586455,323.19457306483895,323.7619298272749,2913800
2021-09-01,323.5331726074219,324.2652684102559,323.2952659072753,324.21036471586825,2739200
2021-09-02,324.7409973144531,325.0246756127819,323.8716705032033,324.6586418013825,2390000
2021-09-03,324.07305908203125,324.53974041751087,323.11218871461773,323.652093583197,2465400
2021-09-07,321.6023254394531,323.6612977454285,321.19051980761833,323.61555397593537,3168500
2021-09-08,320.95263671875,322.27038132563735,319.955182301673,321.0349922658553,3075700
2021-09-09,319.65313720703125,322.5814643325861,319.2962632218564,320.7970106269203,3484700
2021-09-10,317.2647705078125,321.80365281329216,317.14580319354036,321.42845894774126,4539000
2021-09-13,319.6438903808594,320.22956681738003,317.9692724371267,319.28701649270863,5439700
2021-09-14,317.0542297363281,320.8061397789997,316.35874582723545,320.6505607211152,3902200
2021-09-15,319.2047119140625,319.7903605174428,316.42280424987246,316.9993208570053,3267300
2021-09-16,318.61907958984375,320.3577616487175,316.6241709952054,319.2871117382933,3646000
2021-09-17,316.9647216796875,318.85381589664223,316.432824481272,318.0743287521896,5380900
2021-09-20,311.2423400878906,313.77337106481093,308.11524068132167,311.99431711519986,10010600
2021-09-21,310.97637939453125,314.6078657811758,310.88469809027697,313.0855811215564,6071100
2021-09-22,314.085205078125,315.76337064846155,312.19611090104075,312.8563787289562,6862700
2021-09-23,318.7254943847656,319.7434203807144,315.9468723750396,316.2036417097887,5592200
2021-09-24,319.0097961425781,319.5233348481717,317.579220036173,317.75345938118807,3121600
2021-09-27,319.68841552734375,321.4216297600718,319.28494479180733,319.39498480929564,3426000
2021-09-28,314.4703674316406,318.963843521408,314.00266956592935,318.49614565569675,7493800
2021-09-29,315.2498779296875,316.9922710522378,314.4337293490107,315.3415872496778,4116600
2021-09-30,310.2244567871094,316.7812657869042,310.0593688567587,316.4511179119513,7926000
2021-10-01,314.7087707519531,316.176035641456,309.6650669344902,311.82010961728344,6219800
2021-10-04,311.8018798828125,315.48835997331093,310.02282517608586,314.18615461608744,7037700
2021-10-05,314.66302490234375,316.2586609081077,312.2237022355414,312.8289502342901,3826100
2021-10-06,315.5709533691406,315.7360134095385,310.3896968721555,312.23295128055906,6276300
2021-10-07,318.78961181640625,320.7520566594511,318.0009453571583,318.09265466438495,5310400
2021-10-08,318.69793701171875,319.5507748911782,317.82674047737555,319.0555949528979,3658300
2021-10-11,316.3594970703125,320.5595150494648,316.249429100457,318.817150001096,4098400
2021-10-12,315.25909423828125,317.38662757429984,314.71804556835355,316.82722024676735,5100300
2021-10-13,315.3598937988281,315.9742929683123,312.819683185011,315.4149137845804,4189100
2021-10-14,320.1651611328125,320.2476911119582,317.84505843321415,318.4044376204519,4473900
2021-10-15,323.6850280761719,323.89599940448886,321.9145598243907,322.58420342488733,4206800
2021-10-18,323.3639831542969,323.94191475234766,321.29995772990776,322.29986002052874,3310600
2021-10-19,325.1620178222656,325.2079018576365,323.6392221517358,324.4373356138396,2380900
2021-10-20,326.602294921875,327.1068234053693,325.0794990690465,325.2079407892924,2873800
2021-10-21,326.53802490234375,326.65728419743397,325.015229278768,326.0151596783062,2243800
2021-10-22,327.2535095214844,328.06077726320075,325.9508958433715,326.5471642450505,3872300
2021-10-25,327.9964294433594,328.3083511279244,326.8405947107586,327.8221317940951,2518200
2021-10-26,327.9507141113281,329.26251024894054,327.8314548269748,328.9230972058654,3182200
2021-10-27,325.6390075683594,328.68457047050845,325.62064275883074,328.4919359364132,3542100
2021-10-28,327.7671813964844,327.84058463437316,326.34530860763135,326.34530860763135,2490500
2021-10-29,328.6202697753906,328.8862794748914,326.9323595657504,327.17085005512604,2979600
2021-11-01,329.4460144042969,330.2899558710366,328.3910735733026,329.73957143409297,2548400
2021-11-02,330.76708984375,331.05146455110753,329.1342168809579,329.702966295673,2629000
2021-11-03,331.67498779296875,331.93184306548903,329.23484870646377,330.16137536579134,3557400
2021-11-04,331.4825439453125,331.75773618299394,330.12486358408813,331.47336153900943,3870900
2021-11-05,333.2713623046875,334.7758212489468,331.97793074267287,332.9594684249333,4489000
2021-11-08,334.20703125,335.4179329852506,333.29884095099266,334.88585737651675,3056000
2021-11-09,333.2529296875,334.18861105778575,331.9136144723535,334.08771659413765,3680600
2021-11-10,331.22564697265625,333.6657871561655,330.50093684415555,332.5557799481054,3529000
2021-11-11,329.7486267089844,331.3998635088051,329.67525147116453,331.33564267875596,2461200
2021-11-12,331.41815185546875,331.8401224002717,329.85865532731964,330.8769220709086,3099800
2021-11-15,331.3816223144531,332.7484850854992,330.85875706151245,332.62922578381654,2555000
2021-11-16,332.014404296875,333.4913431262582,331.8034330320527,331.9135098650253,2728600
2021-11-17,330.1065979003906,331.69358680489796,329.822223195127,331.56517306468885,2976000
2021-11-18,329.6477355957031,330.2898599173045,327.61122978522684,330.2715231064465,3438100
2021-11-19,327.1302795410156,328.950182159057,326.643137715712,328.950182159057,3542200
2021-11-22,327.3968200683594,330.1909781400091,327.29570034775486,328.5733150590154,4929200
2021-11-23,329.06964111328125,329.39134489073973,326.6063590199122,327.47035062801024,5789300
2021-11-24,329.078857421875,329.23512316702477,327.02917032883494,327.26815509793846,4246700
2021-11-26,320.7973327636719,323.0400303161874,319.27156127795405,322.0014005418854,9075000
2021-11-29,322.7919616699219,324.24418685152807,320.7055292498687,324.0787488023303,5243000
2021-11-30,317.0106201171875,321.7074288389967,316.5142778535641,320.50336057065556,9543500
2021-12-01,312.929443359375,322.04729672825766,312.8007787372508,319.89651904554216,8415000
2021-12-02,318.58233642578125,319.81400575018205,313.58225264623877,314.17048624683105,8326400
2021-12-03,318.2422790527344,320.3195395621489,315.33780009129515,319.7312778763511,11365300
2021-12-06,324.2901611328125,325.39310951258386,320.62278273670836,321.0180332547358,7026500
2021-12-07,328.8122253417969,329.61187044250676,327.0199241281004,327.14858878633515,5271500
2021-12-08,329.0420837402344,329.8509293734674,327.5990589239744,329.20754983783604,3355600
2021-12-09,329.15240478515625,330.1358889054289,327.534741425957,327.9023909144178,3774500
2021-12-10,331.10101318359375,331.19290452187204,328.69284863377555,330.5127515394021,3855200
2021-12-13,328.1689147949219,330.88035403568955,327.7736642870684,330.36563919507415,4563000
2021-12-14,327.3692321777344,329.42809130530594,326.2662559023343,326.94640871058164,4079700
2021-12-15,330.7148132324219,330.8618785768816,325.7790500677242,327.05663641983307,9274900
2021-12-16,330.3749084472656,333.1966683565193,329.336278196964,332.0569183575859,9493700
2021-12-17,325.6344909667969,328.6732315440172,324.7873114286177,328.0931017007104,10638300
2021-12-20,321.61956787109375,321.96029993653866,319.10570992087196,321.72087418828374,7303400
2021-12-21,326.81317138671875,326.8776365057972,323.68234166498615,324.28087809534924,4693300
2021-12-22,329.0968322753906,329.2533582973289,326.13174607202063,326.8499953708931,2999500
2021-12-23,330.9107666015625,331.9605304501513,329.80578308377795,330.0175849396194,2655000
2021-12-27,334.1888732910156,334.22568639423423,331.2237885888,331.5552751274003,2594300
2021-12-28,335.1741943359375,336.2147407420309,334.16129991384526,334.3638563169759,3048500
2021-12-29,335.9569091796875,336.6935928810259,334.9900451923425,335.09132339412105,3012200
2021-12-30,335.24786376953125,337.68806695827544,334.815070894425,336.73960956409906,2863200
2021-12-31,334.5572204589844,335.86478823929986,334.17967536703213,334.7321810650502,3133800
2022-01-03,336.7304992675781,336.8870533792326,333.6180765085747,335.4965853403409,5624100
2022-01-04,338.7470397949219,339.9809534025046,338.13928626851066,338.2589991284779,5462200
2022-01-05,335.266357421875,340.24807139281074,335.16507919792207,338.5997711081387,7638000
2022-01-06,333.700927734375,335.7819927230594,333.3049478983673,335.2847346719518,7019800
2022-01-07,333.62725830078125,335.06375663628575,332.54068127036896,333.2405238805533,5806300
2022-01-10,332.22760009765625,332.6235518461831,328.2219678629675,332.4854324108382,8091800
2022-01-11,333.83905029296875,334.0324174973617,329.3822186529302,332.1355023642514,7310900
2022-01-12,334.21661376953125,335.6991425870557,333.03794771840097,334.934862955351,4493200
2022-01-13,332.6051330566406,336.22400263765996,331.9145078037004,335.37682329601006,6418100
2022-01-14,330.7081298828125,331.3158552141557,328.1850271881558,329.8517334399806,8575400
2022-01-18,325.8370666503906,327.22750666847736,324.704430887158,327.19988277677015,8166100
2022-01-19,322.61407470703125,327.40239282323176,322.48514450733336,326.813073900419,7386500
2022-01-20,319.8331298828125,326.9419665757909,319.35430651547637,323.6546118992048,8968700
2022-01-21,315.4816589355469,321.47152529021844,315.2881480506944,319.8496447857553,16301600
2022-01-24,316.8271484375,317.11281681017465,305.34504032458733,311.8693763607563,29707000
2022-01-25,316.0437316894531,318.65164276976435,309.02177066690393,313.55565054328906,18657900
2022-01-26,314.6615295410156,320.68826515705973,311.96148854067314,318.88209774484227,19047300
2022-01-27,314.7444763183594,320.34732176805534,313.21478111487215,317.3708083652482,12854100
2022-01-28,319.8681335449219,319.93264656119146,311.3809597353965,315.0301635297119,12008900
2022-01-31,323.52655029296875,323.78457422659307,317.66570889100154,318.6425157913294,8379100
2022-02-01,326.1621398925781,326.4662285115632,322.2364635306655,324.0610796120832,7636000
2022-02-02,328.0880432128906,328.66860403620666,325.07468956150825,325.8395371061569,8856400
2022-02-03,323.4344482421875,327.3416761727854,323.06581848665775,326.97307453975765,9339900
2022-02-04,323.3330078125,325.5262250954745,320.52238923406435,322.89989323878234,8532300
2022-02-07,323.3606872558594,325.4433271068964,322.374656165103,323.6924483869316,4746200
2022-02-08,326.7149353027344,327.46136248605126,323.25924348275174,324.0056706660686,4568400
2022-02-09,329.5993347167969,329.99558068249127,328.6685925960998,329.30444222593303,4781700
2022-02-10,324.88116455078125,329.9587378065592,323.4804672937554,326.93615984587336,10298500
2022-02-11,320.033935546875,326.6043621844722,319.0571288953731,324.7981669867017,8211500
2022-02-14,318.74383544921875,320.2735303939207,316.26495008326486,319.50868292156974,7315100
2022-02-15,322.7341613769531,323.23178916598374,321.010926542218,321.54539481746673,4932200
2022-02-16,322.22735595703125,323.19493904200573,319.4996412054177,321.3887708262153,4496500
2022-02-17,316.7072448730469,320.4209606477004,315.95159349396283,320.1629367770976,4433500
2022-02-18,314.6944885253906,317.66626576907464,313.485476271333,316.46646348116985,6193700
2022-02-22,310.1076354980469,314.03001105997134,307.86493818309566,312.6733294448925,7942700
2022-02-23,305.96368408203125,312.1841282434597,305.3176627753456,312.0918314382102,5732600
2022-02-24,306.7205810546875,307.089740234142,297.814485587037,297.9344686574937,14167100
2022-02-25,314.288330078125,314.731309628863,307.3849410405077,307.95714173689595,9496300
2022-02-28,313.180908203125,313.62391603676696,308.9816704925894,310.052251633448,8217300
2022-03-01,307.477294921875,312.8855444847717,305.7883505760326,311.27044885444803,8532900
2022-03-02,312.8670349121094,314.20526800886523,308.88928813737294,309.424564477059,6836200
2022-03-03,312.064208984375,315.71893226585996,310.725975447361,314.44530932222705,7790700
2022-03-04,310.53204345703125,310.9012024358258,307.1449457511601,308.8154133663508,6025000
2022-03-07,303.14874267578125,309.47990207046564,303.0287596739246,309.3599472336329,6590800
2022-03-08,301.3583068847656,308.62161626697656,300.92453733025496,303.1672056340967,8209800
2022-03-09,307.69879150390625,309.21238038996245,306.0098752859613,307.44037732397385,4669200
2022-03-10,306.5081787109375,307.191152493401,303.34259846819754,303.9332754514061,3317400
2022-03-11,304.5793762207031,309.84922346794394,304.27482768519695,308.344872558996,6923400
2022-03-14,304.62554931640625,308.80633925770644,303.4442231655433,306.1760346084695,5640600
2022-03-15,310.2738342285156,310.88295961999194,305.58542479050175,306.4068301133396,6648500
2022-03-16,315.045166015625,315.1005666367719,308.7509287954716,313.04246313445054,9577100
2022-03-17,318.81988525390625,318.94907825712204,313.4300556804616,313.7346323398851,6032900
2022-03-18,321.1433410644531,321.37458572789836,316.94393007241734,317.8411604957092,5903900
2022-03-21,319.5247497558594,321.82793844538634,317.54528113559775,320.606959383998,4329900
2022-03-22,322.0221252441406,322.5586005148809,320.8381253096008,321.07862882481817,4430800
2022-03-23,317.64691162109375,320.44959571356515,317.591415162083,319.81135820683437,4098700
2022-03-24,321.023193359375,321.023193359375,317.6747740640378,318.64599067401394,3550000
2022-03-25,322.3921203613281,323.11360269957265,320.2184145255551,321.707616851015,3206200
2022-03-28,323.2709045410156,323.2709045410156,319.46925436683205,321.66145009975475,2962400
2022-03-29,326.4897766113281,327.1742519080392,323.8628401387435,326.20303543415923,4711800
2022-03-30,325.7035217285156,326.95224872035743,324.1495641613006,325.73126996264045,3909800
2022-03-31,320.8104553222656,325.19487499341255,320.7457282453994,324.732385491722,3978900
2022-04-01,321.90185546875,322.2163448482172,319.3396463317353,322.0313378117727,3560200
2022-04-04,323.0396423339844,323.0766493961859,320.07046778198736,321.5596985833346,3829900
2022-04-05,320.3571472167969,324.7137893658955,319.5801684291184,321.72612597305647,4331700
2022-04-06,318.8864440917969,320.09816407215624,316.99024882644113,317.8134652870296,5431300
2022-04-07,320.0149841308594,321.0602149120402,316.24108225043364,317.9800190499659,4599900
2022-04-08,321.3099670410156,322.9286803732713,318.79402290404204,319.77449843561584,4535900
2022-04-11,317.4527587890625,321.0416530852885,317.0272481855395,319.4506883032028,5344400
2022-04-12,316.54632568359375,320.7364795723865,315.41785013463243,318.57203202335313,4501400
2022-04-13,319.8207092285156,320.0889327816924,315.9172971934878,316.05603838101297,3605000
2022-04-14,318.5772399902344,322.68564769370266,318.5402194218156,320.81649020722267,4179600
2022-04-18,318.4012145996094,320.2240880965831,317.0409990639143,318.1883817715969,3939000
2022-04-19,323.04638671875,323.6200782437039,318.5401013499693,318.57712190466583,4261200
2022-04-20,325.27630615234375,326.701300584326,324.1196612455012,324.8414065378349,5677000
2022-04-21,321.7417907714844,328.3763224696996,321.25137415836355,327.52501886886154,5369600
2022-04-22,313.0066833496094,320.5387703519289,312.5162669204997,320.4739914443239,6855100
2022-04-25,315.125732421875,315.60688675579377,308.3154176721917,311.3226957956151,6806600
2022-04-26,307.621337890625,313.7284013445051,307.45475953731136,312.78458912161943,7619800
2022-04-27,308.15802001953125,311.8315260704313,306.3536423270252,308.94454435314685,6894400
2022-04-28,313.9505920410156,315.10723747756794,307.6584239231228,310.2030438835379,5976600
2022-04-29,305.0674743652344,313.89499807135377,304.52154124214246,312.40522443172404,6495600
2022-05-02,306.0391540527344,307.5196660224304,300.22816786837166,305.6782953207207,9221700
2022-05-03,306.51092529296875,308.51887343978547,304.5307354966425,306.44614639569005,6051000
2022-05-04,315.1534423828125,315.6901415943882,305.53942171176897,307.01990504674166,10569700
2022-05-05,305.576416015625,312.97894569227026,302.4766293042576,312.59956265773303,9101200
2022-05-06,304.49383544921875,305.95582274869764,300.496462336986,303.2631489816413,10644200
2022-05-09,298.5069885253906,301.99542016194766,297.3688395221816,300.70924542806443,7817200
2022-05-10,297.79437255859375,303.14269677226565,295.2312579492117,302.1156097850077,7716500
2022-05-11,294.6761169433594,301.7177861839743,294.39853344673696,297.71115220617514,9374700
2022-05-12,293.91748046875,295.5737762993417,289.18909953388743,292.9551436185653,6790800
2022-05-13,298.16461181640625,298.90485338800374,295.03703893535607,296.40648866665197,4236700
2022-05-16,298.67364501953125,301.25528584268903,295.8236827553614,297.6835496327953,3692600
2022-05-17,302.67083740234375,302.92066253023336,299.30267396228953,302.42098403605377,3316800
2022-05-18,291.98358154296875,300.16340344772914,290.947231683112,299.99682503292547,3659000
2022-05-19,289.7904968261719,292.7237613630282,287.6159982879228,288.8096639941799,3836700
2022-05-20,289.7767028808594,292.2346327860294,284.08169896307754,291.9749275187992,4654000
2022-05-23,295.73126220703125,296.4825531464957,291.96552322713245,292.4663932886886,4484600
2022-05-24,296.2414855957031,296.94638359231436,290.8896615578251,293.62586481608395,5260500
2022-05-25,297.9943542480469,299.16304136794315,294.44195640281094,294.93354207446464,4612800
2022-05-26,302.7897644042969,304.01407272519344,299.49704218745796,299.54343530095184,3270200
2022-05-27,308.0023193359375,308.0579684062955,303.1328275394836,303.3461395406118,2773100
2022-05-31,306.2679443359375,308.4475995913512,303.9120292333021,306.2401197928479,4354000
2022-06-01,304.56134033203125,308.81869443614005,302.46515827692855,308.3178242522896,3721400
2022-06-02,308.65167236328125,308.6609566467267,301.7787267911548,304.73752602452714,3718800
2022-06-03,305.47955322265625,307.6870613896389,304.9044937786338,305.9618547518302,4150900
2022-06-06,305.5722961425781,308.6238247594364,304.71896299588474,307.5571795553747,1957600
2022-06-07,308.094970703125,308.3732159587164,303.132722736444,303.132722736444,2424000
2022-06-08,305.5074768066406,307.8726487204451,304.7469012863562,306.6019469617325,2032900
2022-06-09,299.58984375,306.0732186172769,299.58984375,304.37586446480117,2591500
2022-06-10,291.585205078125,295.6662978750716,291.5388402815777,295.23964550733166,4484700
2022-06-13,283.4324035644531,287.1796035861317,282.1153370452724,285.2132597874116,6317200
2022-06-14,282.2451171875,285.1482674680971,280.04689314406204,284.38769213913525,3724000
2022-06-15,284.962890625,288.1628278696516,280.35310035837017,284.19303071310304,7060900
2022-06-16,278.1640625,279.7965115710557,276.42031522969006,279.5275220523596,4943500
2022-06-17,277.7103271484375,280.36916306292767,275.54421396354473,277.2919653490108,4738000
2022-06-21,283.81829833984375,284.91529956464615,281.3360727628721,281.7637120185863,3246500
2022-06-22,283.18609619140625,286.0401831591107,280.1367869287777,280.3227318380834,6361200
2022-06-23,285.166259765625,285.46376023719813,281.4847836363286,284.1715368938125,3582600
2022-06-24,292.8638610839844,292.9568335131285,287.37882821890685,287.453217510703,3314800
2022-06-27,292.250244140625,293.67266256660236,291.339188202876,293.217106226529,1896500
2022-06-28,287.5835876464844,296.3317697275368,287.48133775198204,293.7751819102797,3025900
2022-06-29,288.24334716796875,289.5727930251219,287.1091518793068,288.56873641092506,2462800
2022-06-30,286.1702880859375,288.0296232901273,282.85136793736984,285.1755369426071,4117800
2022-07-01,288.98724365234375,289.41488289987973,283.334847494539,285.77987836779914,3315000
2022-07-05,287.9273376464844,287.97383804810744,282.22847085379277,285.03608509700103,3767700
2022-07-06,288.57818603515625,290.32596604359253,286.2819054276826,288.19701883151134,2493300
2022-07-07,291.8691711425781,292.16664322955944,289.69372386689315,290.5583363466983,2267500
2022-07-08,291.4136047363281,292.97546790280387,290.21435393167553,291.450799385131,2094300
2022-07-11,289.7774353027344,291.6739369956665,289.28471255341276,289.7402406505572,2633200
2022-07-12,288.1690979003906,291.49729578070986,286.8954576916829,288.71759843845854,2806000
2022-07-13,286.1052551269531,288.1412298051893,283.65091860532806,284.6549756809778,3481200
2022-07-14,284.8501281738281,285.27776729767925,280.2668740172802,281.373180657992,2893100
2022-07-15,290.7914123535156,290.9030145706006,287.526905588449,289.070802485279,3027500
2022-07-18,288.92193603515625,294.2232674197893,288.06630027547817,293.67453769969853,2344900
2022-07-19,295.8601379394531,296.12986216080816,290.79134912847917,291.17267554265413,3004900
2022-07-20,296.4461669921875,297.0879081769686,294.31635827818457,295.9811387935385,3243000
2022-07-21,297.999267578125,298.0457590282117,293.3210867004454,295.41371284940254,2159800
2022-07-22,296.7436218261719,299.6640108642664,295.14392460407447,299.25478401328434,3264100
2022-07-25,297.5807800292969,297.9807257747903,295.990391841288,297.6831009726298,4002500
2022-07-26,295.330078125,297.13438957289793,294.92085109250365,296.5856597754744,2101700
2022-07-27,299.4874572753906,300.817431056963,295.79513239445305,296.5763763301264,3338100
2022-07-28,302.482177734375,303.309912964697,297.44126081530396,299.896622722676,2688400
2022-07-29,305.67218017578125,306.2395006595937,302.1937801391499,302.75179098124283,3225600
2022-08-01,305.09552001953125,306.65800698970304,303.61673466743457,304.0445523986135,2745500
2022-08-02,301.3754577636719,304.85385931654736,301.2452362550503,304.10051596828356,5394600
2022-08-03,305.207275390625,306.1187407723053,302.398515614033,302.9193448655459,2564600
2022-08-04,304.46307373046875,305.39312959359904,303.7097307519774,304.7700080598111,2426400
2022-08-05,305.030517578125,305.23513106706946,302.2031389262725,302.3333604115378,2672400
2022-08-08,305.4491271972656,307.9602623801814,304.7887667351391,306.74189079945234,2528800
2022-08-09,304.9747619628906,305.93271880784806,304.3051202976635,305.31887824946773,1655100
2022-08-10,309.8948059082031,310.4807176023484,308.74151666399416,309.33676638785283,2934400
2022-08-11,310.3690185546875,313.24288854745276,309.8760899484798,312.3314517188385,2401600
2022-08-12,314.200927734375,314.28465778390756,310.81553734183274,311.38285809778444,2606900
2022-08-15,315.6332092285156,316.079646480658,312.5547250755582,312.60121653839815,1936500
2022-08-16,317.8374328613281,319.0930145507706,315.0565735895688,315.1216843429106,3897100
2022-08-17,316.40509033203125,318.13498102003996,315.0100062095497,315.9121617440768,2960300
2022-08-18,316.758544921875,317.1491810351587,315.2611679842602,316.4051473888884,1850900
2022-08-19,314.07098388671875,315.5805775475525,313.34414144121257,315.29170609086594,2010300
2022-08-22,308.2190856933594,310.7909754480139,307.6599693335338,310.4089130760971,2684500
2022-08-23,306.6814880371094,308.86204453804737,306.2435453401892,307.7997206818039,2897200
2022-08-24,307.3803405761719,308.47061869981997,305.9546097608377,306.51372601814865,2581700
2022-08-25,310.4462585449219,310.4462585449219,306.57908129217924,307.59479580853895,2498900
2022-08-26,300.92266845703125,310.93076859409854,300.820178486344,310.76301378358687,4191000
2022-08-29,299.2174072265625,301.2954170719131,297.9594024979554,298.69557286234385,2896900
2022-08-30,296.3659362792969,300.2144859304327,294.9961140041102,300.13992191611766,2926300
2022-08-31,294.13873291015625,298.35071720719077,294.0921517399706,296.7572316820474,2981600
2022-09-01,295.4527587890625,295.62981280383065,291.38990093780995,292.8715410315196,3228000
2022-09-02,292.3777160644531,298.8913485110037,291.02652010524196,297.9781238648331,3826200
2022-09-06,290.9239501953125,293.7195037393885,289.7404809947686,293.1137777212324,3320400
2022-09-07,294.7724914550781,295.34093550150635,290.22508127286824,290.40213528422754,2520200
2022-09-08,296.5523376464844,296.7014372615126,292.30309815063305,293.2442770289421,3301100
2022-09-09,300.3169250488281,300.9319500925057,297.72638052791393,298.2668415699028,2479300
2022-09-12,302.4509582519531,303.48529945924264,301.18362580108817,301.25818982411454,2486900
2022-09-13,290.4859924316406,297.81032940555787,289.6473035793725,297.074158975656,4301200
2022-09-14,290.79345703125,292.11669812883457,288.43587484489996,291.07300099095977,2868800
2022-09-15,289.2093200683594,292.153973224909,288.4358960976149,290.3927892732902,3294600
2022-09-16,287.8199157714844,288.3151087922961,285.29724564248824,285.8671724058892,4071000
2022-09-19,289.7820129394531,289.8193940676504,285.2411895773798,285.31592332032807,2730000
2022-09-20,286.8575134277344,287.7638131741668,284.577749705027,287.4835260416379,2822800
2022-09-21,281.98974609375,289.89415900806915,281.90565993134175,288.2590837631934,5110700
2022-09-22,280.78436279296875,283.07347879701257,280.19575984745825,281.7560723206563,3492500
2022-09-23,276.4305114746094,278.42998883930875,273.19774173561103,278.2618164946479,4949300
2022-09-26,273.49676513671875,276.7855927007436,272.3568827032202,275.25330808474496,4143400
2022-09-27,272.1700134277344,277.05656413156686,270.48823271262415,275.4214884588653,3681000
2022-09-28,277.2433166503906,278.4579323413673,271.93630889764046,273.1509531020612,3995700
2022-09-29,273.0201110839844,275.48675190276884,270.8151096066847,275.4119896585041,3351100
2022-09-30,268.4326171875,274.18808525280383,268.18971112090475,272.0858457319755,3827200
2022-10-03,275.4306640625,276.90689031913934,270.46003036511115,271.47844485158845,3457600
2022-10-04,283.2323913574219,283.26974397251445,278.8410354410795,278.99985533883955,4163800
2022-10-05,282.9053649902344,284.54976393832607,279.17737448429125,280.04632175316283,2746900
2022-10-06,279.57916259765625,283.3912108127526,278.999854903266,281.6720495774388,3081700
2022-10-07,273.7302551269531,277.3928358389847,272.30073348836953,277.24333983916233,3029300
2022-10-10,272.7865295410156,275.552162315773,271.03933988076824,274.95417841416867,3154500
2022-10-11,273.09490966796875,276.69208041730394,271.628006948577,272.05779011324273,3849900
2022-10-12,272.97344970703125,275.22518507534477,272.2353221224808,273.25373688422945,4378700
2022-10-13,280.82183837890625,281.91501552946943,267.7972937142791,268.2831628982848,7389600
2022-10-14,277.3274230957031,284.3722402405171,276.7387915130037,282.67178385137527,5519400
2022-10-17,282.2234802246094,283.2979531184917,280.28008800455416,281.13033101128605,3555700
2022-10-18,285.409423828125,288.1283240972886,283.13901165432793,288.0162092018101,4685500
2022-10-19,284.36297607421875,286.5119209095296,282.4382610266754,284.35362366191106,2939800
2022-10-20,283.3912048339844,288.11890525971756,282.8586306897927,284.81137403838284,3574700
2022-10-21,290.6385498046875,290.9377213923645,282.34608172329445,283.34639214056915,5357200
2022-10-24,294.5370178222656,295.4251745376933,291.3116651553082,292.18110581531283,4331700
2022-10-25,297.75299072265625,298.0241167053663,293.6581695564477,293.8825624696346,6024800
2022-10-26,297.6499938964844,300.77252004241285,297.07969671405516,297.2760439655174,4991800
2022-10-27,299.5946960449219,302.78267282175125,299.0898762318824,300.6230802520547,4262200
2022-10-28,307.1860046386719,307.47584665564483,300.5295954157241,300.8194089021314,5251400
2022-10-31,306.10150146484375,307.4103409254165,304.64304774527926,305.6340567624563,5128200
2022-11-01,305.15728759765625,308.3545937365145,303.6521006545357,307.92455255157876,4376400
2022-11-02,300.4361267089844,309.2147542896116,300.3987516646848,304.26918001173414,7110300
2022-11-03,299.0431213378906,300.89421295221337,296.5282661193198,298.55698903388105,4112700
2022-11-04,303.0351867675781,304.90496632624354,298.547698708438,302.53966779518277,6263700
2022-11-07,307.0363464355469,307.5318366071482,303.044350995318,303.9699107728799,4518300
2022-11-08,310.1123046875,311.841856619085,306.91499737213064,308.01816054968737,6349000
2022-11-09,304.1568908691406,309.32682771721943,303.801628359236,308.2423526719269,4799200
2022-11-10,315.30084228515625,315.5158486108585,310.27113220411854,312.45877021312475,6002300
2022-11-11,315.7962951660156,316.33851845899136,312.38395459722983,315.89911930428894,5190700
2022-11-14,313.90789794921875,317.7409513478093,313.71157910474875,314.78669653189064,3303300
2022-11-15,314.3191833496094,317.97460463155664,311.71086224849415,316.45073021781855,4824100
2022-11-16,314.1883239746094,315.29148674732403,313.7021631706199,313.81437387731535,3085500
2022-11-17,314.2162780761719,314.851995909623,311.06570591423207,311.06570591423207,3606500
2022-11-18,316.0441589355469,316.7748524226426,314.06755000335875,316.1284664238463,3659100
2022-11-21,315.7442932128906,317.24315929978445,314.32038615401257,316.3157485946626,2304100
2022-11-22,319.4072265625,319.5571160722225,316.99970314417783,317.46809714137294,4389400
2022-11-23,320.33447265625,320.9246247219623,318.49834871242234,319.0791523440171,3108500
2022-11-25,321.8052978515625,322.0675972619357,320.4094933379862,320.4656983124596,1498300
2022-11-28,317.0932312011719,321.29942703996556,316.5873864719097,320.09096300974954,3089800
2022-11-29,317.08392333984375,317.91764955930574,315.3321062582687,316.5686729316771,2943600
2022-11-30,324.26910400390625,324.3065835221587,314.9293281270878,317.2431952276184,6940400
2022-12-01,322.63909912109375,324.84055623356255,320.0910350865865,324.83117920696833,5325900
2022-12-02,322.9482116699219,323.5758720644544,319.31347049201855,319.31347049201855,3736500
2022-12-05,318.53594970703125,321.6086125013495,317.5991619210989,320.802988727925,3827200
2022-12-06,315.1916809082031,319.11682489576884,313.5616789446272,318.2924468857072,5516300
2022-12-07,315.1728820800781,316.94339611314797,314.3297787982118,314.8918571822874,3577100
2022-12-08,317.06524658203125,318.1800265472957,315.75374914892603,316.3907581037914,3278400
2022-12-09,314.1706237792969,317.6742021612911,314.05821378029236,316.3252535847326,3815500
2022-12-12,319.0887451171875,319.1168476155085,314.81699384137494,314.8919528958996,5017300
2022-12-13,320.2034606933594,326.2082743919777,318.03948299306364,326.17079487226556,5274300
2022-12-14,318.7138977050781,322.87323718789315,316.296998129735,320.1752841624466,5498400
2022-12-15,311.76287841796875,316.04400428951163,309.8705779000169,315.3039341363455,5865600
2022-12-16,308.87115478515625,310.30767631607927,306.5051277498323,309.1716108492484,6672200
2022-12-19,307.3782653808594,310.1480138110788,305.8102837603463,308.7772225769183,3709600
2022-12-20,308.31719970703125,309.71615704250377,306.4675582832077,307.5754577657037,4721700
2022-12-21,313.21820068359375,313.9035818729607,310.88970978251086,311.28406184393464,5086800
2022-12-22,310.0822448730469,311.5750978349993,305.75388531592716,311.2464759156382,4876900
2022-12-23,311.6502685546875,311.8943926623966,308.01671616656427,309.48140350669047,3997900
2022-12-27,312.0635070800781,313.4249292941247,310.3734913998808,312.0353411071773,3098900
2022-12-28,308.49554443359375,313.34965971200756,308.49554443359375,312.3638224516976,3102400
2022-12-29,311.77227783203125,312.5140195816185,309.96020104725903,310.33575669727026,2458800
2022-12-30,311.08685302734375,311.15258314252407,308.28893921429926,310.42023963167276,3881800
2023-01-03,310.98370361328125,313.43422866615833,308.28905441454435,312.1103995831755,3910700
2023-01-04,312.2418518066406,313.63143977409857,310.02605254690377,312.2418518066406,4137300
2023-01-05,309.10595703125,310.9180347631577,308.0543892003621,310.74903893028096,4350100
2023-01-06,315.7344970703125,316.5231726449751,309.75368580599013,311.8849866332427,4800800
2023-01-09,314.804931640625,318.6732090964745,314.45754196421007,317.05829408885154,3864000
2023-01-10,316.62652587890625,316.7203933326228,313.86614652721295,314.4858264483144,2277500
2023-01-11,319.0019836425781,319.04891737420223,316.5326619140274,317.7250594973836,3265800
2023-01-12,321.10504150390625,322.04394513403463,317.30249326311224,320.05347402265284,4332600
2023-01-13,322.0815124511719,322.5040018970215,318.3915993723608,318.4385617461653,3473400
2023-01-17,318.4385986328125,321.80925965000523,317.9409807924597,321.4430734347862,3929700
2023-01-18,312.62664794921875,319.4149294490695,312.373154361154,318.8234157571956,5164300
2023-01-19,310.4297790527344,312.1479604606778,309.81009908425955,310.8335008243999,3454200
2023-01-20,313.5495910644531,313.6059707485868,309.49008174268545,310.8714413586749,4120200
2023-01-23,315.8988037109375,317.383516350738,312.966917087499,314.5080380822816,3985300
2023-01-24,316.7726135253906,317.3552224547543,313.5776419055177,314.76164342484424,3360900
2023-01-25,316.9793701171875,317.28008077134757,312.4969861683189,314.085080256253,4318600
2023-01-26,318.8964538574219,318.9904295562427,315.9270282516547,318.0413524270164,2930900
2023-01-27,319.13134765625,320.94498956688756,317.76880052692155,318.9340187821122,2907400
2023-01-30,316.735107421875,319.9018901109659,316.53777855887256,318.05068097081227,3032700
2023-01-31,320.2778015136719,320.3059913545304,316.21832104325983,317.242590164262,2593500
2023-02-01,320.3154602050781,322.5707339471318,315.34444032703664,318.67098558604874,6175400
2023-02-02,319.9017333984375,320.9166244085548,317.6276778087149,320.9166244085548,5169400
2023-02-03,318.5392761230469,321.067069511104,317.5807644923158,318.3419186241631,6504300
2023-02-06,318.06964111328125,319.08450441480005,316.38757021694107,317.28967411577617,2708400
2023-02-07,320.9261169433594,321.6684874716733,315.91753194387644,316.6317126383227,4969600
2023-02-08,318.9529113769531,320.86987827703496,318.40786944620254,319.8456089599446,2769500
2023-02-09,316.75390625,321.90347001931093,315.7954230493268,321.14231569108586,3094700
2023-02-10,318.3043518066406,318.5674664615578,315.6919889194825,316.4343307131811,2523900
2023-02-13,321.8940734863281,321.9034796587015,318.4453921531693,318.4453921531693,2653900
2023-02-14,320.569091796875,322.8149586238085,318.0037019132385,320.9261535074304,3501100
2023-02-15,321.0577392578125,321.06714542970155,318.2104508786991,318.9903888569515,1967700
2023-02-16,317.0451965332031,320.3341444560469,316.97000452136496,318.0882491093198,3229600
2023-02-17,318.41192626953125,318.5436848660852,315.3905267192537,315.9929338016451,3034200
2023-02-21,311.7855529785156,316.19996808693656,311.64437281260234,315.0516548635965,3142900
2023-02-22,311.0985107421875,312.89628187417725,310.09140617320844,312.2562458225532,2896400
2023-02-23,312.1808166503906,313.19734234295163,308.7076417206012,312.3502328117607,5999600
2023-02-24,308.83953857421875,309.7996213672696,307.2488413233341,308.56657104243436,3764700
2023-02-27,309.7242736816406,312.47270571456994,308.91482148336144,311.2961563163614,2887300
2023-02-28,307.3805847167969,309.54542403696854,307.3241126457906,309.54542403696854,3155300
2023-03-01,307.7853698730469,308.5571932907327,306.1852509558303,306.88178783917476,3317500
2023-03-02,311.0231018066406,311.7384528324292,307.59697712980346,308.3217497399342,3047500
2023-03-03,314.5716247558594,314.7786985813412,311.0043479648219,312.03968836788295,3033500
2023-03-06,315.0140075683594,316.3693946542407,314.5433878503269,314.96695708629534,2641700
2023-03-07,309.54534912109375,315.23986384707206,309.4041689777464,315.004554033379,5009200
2023-03-08,309.18768310546875,310.1383439737792,307.4087557959651,309.5924378279537,3169600
2023-03-09,304.0955810546875,311.0231172541401,303.4555452231632,310.34542380771916,4760900
2023-03-10,300.9424133300781,305.7803677781054,299.71878516160444,303.58729312764893,7741600
2023-03-13,300.0858459472656,304.1802416296601,298.0527661175731,298.14689576905033,6831600
2023-03-14,303.2579345703125,304.6886081646601,299.98241100968374,303.27674901816715,4760500
2023-03-15,300.76373291015625,301.017857280893,296.46226071417755,298.2788463877541,6518000
2023-03-16,304.2555847167969,304.5567881678219,297.8363261979941,298.994060805429,6569900
2023-03-17,300.58258056640625,303.0268750182138,299.31796657208065,302.6776942109259,5314900
2023-03-20,304.16876220703125,304.5934586425728,301.3658406145088,301.3658406145088,4695000
2023-03-21,307.30206298828125,307.50968791916944,305.1503267958016,307.1133313788888,3527300
2023-03-22,302.16802978515625,309.1328670212618,302.05478508225843,307.33031203136755,4378700
2023-03-23,302.7909240722656,306.73576841636725,300.5825658202931,303.2533495726591,4772600
2023-03-24,304.1877746582031,304.31988392938075,300.0258574029016,301.47923219065774,4484900
2023-03-27,306.065673828125,307.25480071551414,305.11248298659643,306.3299210474574,3550900
2023-03-28,305.59381103515625,307.3302969294343,304.6783779973305,305.76367808115583,2536500
2023-03-29,308.6798400878906,308.76480241053514,306.9905587074194,308.20796798815934,2531700
2023-03-30,310.0012512207031,310.4448123556889,308.3402514299819,310.3787433183759,2487000
2023-03-31,313.9082336425781,314.08754736888795,310.97320260808084,311.0486894819418,2837300
2023-04-03,317.01312255859375,317.33399213543913,314.74814220388123,314.82362906869696,3450700
2023-04-04,315.1540832519531,317.34357770022683,313.91778009383313,317.0132613203993,2449900
2023-04-05,315.984375,316.578938331903,314.98400865770606,315.2104980028952,2566600
2023-04-06,316.0599060058594,316.4468445584722,314.5310451106678,315.54085825035594,2333300
2023-04-10,317.0604553222656,317.0604553222656,314.67278242867377,315.2107238096432,2834200
2023-04-11,317.9475402832031,318.8629736693166,317.10762259123436,317.39073444228035,2343100
2023-04-12,317.6737365722656,319.9387458015183,317.060308573005,319.5612250627837,3363800
2023-04-13,321.22222900390625,321.420407234184,317.1641402082959,318.10788446781356,3040900
2023-04-14,319.77838134765625,321.6753169995608,318.3344534218055,320.81650605269846,3107900
2023-04-17,320.7976379394531,320.80705579975967,318.97618919521886,320.0426250711499,2226400
2023-04-18,320.684326171875,321.0807114805708,318.89121762474934,320.81646420837114,2191100
2023-04-19,319.9198303222656,320.52384042176834,319.16484649867397,320.03307501572573,2854700
2023-04-20,318.9383544921875,319.7877184869486,317.9002301426855,318.4475890901757,2179300
2023-04-21,319.2633361816406,319.70713898023325,318.0358112407636,319.4049980580046,2470100
2023-04-24,319.8675842285156,320.01866905469024,318.4134179910088,319.0744105034621,2288800
2023-04-25,316.6382751464844,319.80154773415313,316.51554571437555,319.31999536505936,2745300
2023-04-26,314.3908386230469,317.7051659361115,313.7864994289453,316.8931175625762,3588400
2023-04-27,319.3482360839844,319.7070301079788,315.22180223498174,315.55229847313063,3066600
2023-04-28,322.0205383300781,322.02999013820835,318.33793522030686,318.394588436112,3651100
2023-05-01,321.3878479003906,323.4935549827021,321.29344509221727,322.0866188696812,2296200
2023-05-02,318.0923767089844,321.04791061439556,315.67507709908887,320.9912574060765,3275800
2023-05-03,315.4862365722656,319.32937610665647,315.31627693507295,318.33791607321274,3924100
2023-05-04,312.861083984375,314.9951169235714,311.0103458197444,314.7023991613866,3576800
2023-05-05,317.960205078125,318.6872738177894,315.3257155459487,315.6278852104139,3542700
2023-05-08,317.4786682128906,318.5834635953178,316.4116512479068,318.37572552411314,1789900
2023-05-09,317.0538024902344,317.91308155266444,316.4683665791599,316.71388311599566,1924900
2023-05-10,316.78924560546875,319.0177104436587,313.9564703678157,318.5927826314188,3365500
2023-05-11,314.7496643066406,315.2595719509684,312.993357377763,315.13681373877085,2744700
2023-05-12,314.62713623046875,315.80746007764714,312.842472741615,315.77913345797486,2636400
2023-05-15,315.1651916503906,315.6278979729643,313.3616542143242,314.91970400251085,2171000
2023-05-16,311.935791015625,314.50417520411395,311.86968600683554,314.1642271706837,2265200
2023-05-17,315.9583740234375,316.4871853802439,312.4457594983829,313.6260828145396,3068800
2023-05-18,317.3275451660156,317.68636804731665,314.20205148213574,315.2879431168986,3553500
2023-05-19,316.2449645996094,318.3836183687333,315.3270496426632,317.9199103157623,3706700
2023-05-22,315.024169921875,317.153351043292,314.19141890710205,316.17866039619804,2555100
2023-05-23,312.857177734375,315.21349151639123,312.3556383688378,313.9454491370872,2526200
2023-05-24,310.3968200683594,312.5070570297531,309.89528069201106,312.2799535774814,2978300
2023-05-25,310.1508483886719,311.07823584508645,308.32449029324096,310.4536723187925,3499900
2023-05-26,313.0747985839844,313.8129135743942,310.31161072403717,310.5103262156061,3580000
2023-05-30,312.7719421386719,313.5290015875813,311.25788099858323,312.8949661040487,3474500
2023-05-31,311.82574462890625,312.44086466319834,310.10349516951305,311.7595253688766,3067600
2023-06-01,313.1694641113281,314.1536271507964,309.7438524518976,311.24847050170365,3081300
2023-06-02,319.91656494140625,320.3234681768476,315.2228826946866,315.3459066679286,5584700
2023-06-05,318.0806884765625,320.3045052988393,317.91980433245624,320.0489851216624,3415600
2023-06-06,318.11859130859375,318.65796189955836,316.50986516733593,317.9860950687616,2824900
2023-06-07,319.06500244140625,319.39618539580476,317.89156705720023,318.4688269172867,2739000
2023-06-08,320.61688232421875,321.04273017955325,318.66750066608864,319.1217364531872,2700300
2023-06-09,321.0522155761719,321.9890752047084,320.1532450334416,320.38982078871953,3162300
2023-06-12,322.85009765625,322.97309274625553,321.01426814893597,321.49686287753,2035500
2023-06-13,324.22222900390625,325.17800397966226,323.25701063870525,323.3894780007367,3259300
2023-06-14,322.1404113769531,323.6734172899272,320.1720853838763,323.0583262466668,3766000
2023-06-15,326.25677490234375,327.0232777870687,321.91324892928003,322.0741330966677,4722500
2023-06-16,325.2667236328125,327.90337930407475,325.04857254005987,327.5429683438842,5576800
2023-06-20,322.9051208496094,323.99581851582724,321.52040978495086,323.7018051173865,3387200
2023-06-21,321.9281311035156,323.3318290121338,321.2168029842052,322.1083365425955,3050700
2023-06-22,321.8427429199219,322.40231751103596,320.7994559941107,321.4633737498121,2605500
2023-06-23,319.7752380371094,320.7521276481252,318.88370434037415,319.73729242720026,3721600
2023-06-26,319.75628662109375,320.64779139309417,318.6276434900466,319.4337923459199,2301900
2023-06-27,321.7384033203125,322.136730787103,319.71822719241624,319.71822719241624,1778800
2023-06-28,321.1694030761719,321.46341639280956,320.03126647085327,321.26425261728446,2305000
2023-06-29,323.5689697265625,323.7871207907936,320.6762177280948,320.96076636978995,2902700
2023-06-30,326.12017822265625,326.8125189419876,325.08638501729007,325.5226580801029,3027500
2023-07-03,326.32891845703125,326.7651916306289,325.10542589940184,325.3140833205168,1698400
2023-07-05,325.134033203125,326.0160736094129,324.6029102309067,324.72621180374864,2717000
2023-07-06,321.7384033203125,323.2938254782731,320.28729537469843,322.6963053340773,3742400
2023-07-07,320.0313415527344,322.84820281494046,319.8037257558767,320.5435060396872,2852200
2023-07-10,322.0704040527344,322.13680162647063,319.7846950736799,320.00281718164695,2560200
2023-07-11,324.97265625,325.23821760642306,322.4213569232132,323.1706017485394,2477100
2023-07-12,325.9115905761719,328.0645333329854,325.4563301454025,327.12558944754073,4140200
2023-07-13,326.1866149902344,327.09710682242104,325.97795759702353,326.58494250381017,2472300
2023-07-14,327.3723449707031,328.08367344414086,326.74637244079435,327.8844806318769,3293400
2023-07-17,328.0171203613281,328.8232980379053,326.4711625807895,326.7936278626172,2860000
2023-07-18,331.5548400878906,331.86784073910724,327.4481175617329,327.8274868548248,4617200
2023-07-19,332.6075439453125,334.2768031810733,332.33248897032576,332.33248897032576,5864300
2023-07-20,334.2579345703125,335.6426746297555,333.2336344582012,333.3284840291806,4561300
2023-07-21,334.2370300292969,335.35703125325097,333.8288694425608,334.8729506538944,2971700
2023-07-24,336.0689392089844,336.5435189986547,334.60722534630537,334.7780671187343,3073700
2023-07-25,336.3060302734375,337.12229312537585,335.5751592911767,335.81244904572173,2548700
2023-07-26,337.1888732910156,338.16650630405496,335.16715915578715,335.18616088185615,3084700
2023-07-27,334.8348388671875,338.24231649501036,334.14197127571947,337.76773695409844,4771000
2023-07-28,336.4580078125,337.4735862756302,335.46137314204213,336.4864814335963,3219000
2023-07-31,337.49261474609375,337.52108836944655,336.1827701397738,336.5434553462731,2201400
2023-08-01,338.0904541015625,338.5650336109886,337.0843478588619,337.20771419984374,2581900
2023-08-02,334.80645751953125,337.1414103598315,334.20848249862615,336.4580144739464,5061000
2023-08-03,334.0946044921875,335.4234508113234,333.26884045726894,333.724447392348,3307000
2023-08-04,332.82275390625,336.91362880072916,332.3956495352304,335.167178896227,4269400
2023-08-07,336.5909423828125,336.8282322614272,333.99025458233126,334.1421235805706,2390800
2023-08-08,335.072265625,335.3855044710435,332.12989444124804,334.5027931159179,3033600
2023-08-09,333.4207458496094,335.6987228416985,332.7183770932779,334.929905968944,2873300
2023-08-10,333.9997253417969,337.8248366816503,333.33530215514315,335.1956465253078,4133500
2023-08-11,335.0532531738281,335.7366490698216,332.7847484058619,333.3352770541581,2602600
2023-08-14,335.2525634765625,335.5278277965627,333.8857717051713,334.7969855301284,3134100
2023-08-15,331.8355712890625,334.1230486939787,331.4274397390597,333.79086610949105,2818700
2023-08-16,330.08917236328125,333.6485203101038,330.0322251134159,331.5413851669429,3586800
2023-08-17,327.5169677734375,331.5603964264091,327.28917876742736,331.2092120534606,4804100
2023-08-18,328.0586853027344,328.80963908197566,325.7393065232134,325.9959774019837,3525400
2023-08-21,327.6310119628906,328.62909288016533,325.5587597299801,328.22984310790315,3176500
2023-08-22,326.0055236816406,328.0777758990901,325.63481868987486,327.74507259284064,2816000
2023-08-23,327.78302001953125,328.3248485421111,326.28114144047964,326.5472982396375,2605400
2023-08-24,324.1710205078125,329.8173761367662,324.1139889567263,327.29838593403406,3840800
2023-08-25,326.5188293457031,327.516910233585,323.5245576731378,325.5302343745316,3868500
2023-08-28,328.61956787109375,329.53213046285805,327.46939321914954,328.1442857328947,2382700
2023-08-29,331.3857116699219,331.5092896666369,328.3248935555104,328.47698732001203,3107700
2023-08-30,332.1272888183594,333.39155607035815,331.29078727004503,331.8421310218574,2792900
2023-08-31,330.61572265625,333.9141814965758,330.54917620200695,333.571992318611,2901400
2023-09-01,331.7279357910156,333.0396901414436,330.558731273136,332.6309544595946,2533200
2023-09-05,329.8267517089844,332.01303760069555,329.7506903337214,331.82291317145325,1906900
2023-09-06,327.9446716308594,329.38003295476454,326.4807945393431,329.32300141954227,2748400
2023-09-07,328.6005554199219,329.1233541499035,327.3268028156181,327.431350958047,2378600
2023-09-08,329.3800354003906,329.88383330454076,328.4009553599132,328.676598112561,1665900
2023-09-11,330.19757080078125,331.35726059872786,329.38009929201036,330.81543189607265,1722900
2023-09-12,330.04541015625,332.03208598799495,329.237424729637,329.5036105722608,1813800
2023-09-13,329.4181213378906,331.2812486752349,328.7242278070888,330.3782007816789,2025200
2023-09-14,332.6404724121094,333.29636409775145,330.53973343824197,331.42375127230906,3489400
2023-09-15,329.89849853515625,332.4813322851964,329.38382816875315,331.9190196435648,3581700
2023-09-18,329.9080505371094,330.84207774989375,329.10746824856926,330.0319553708671,2122800
2023-09-19,328.878662109375,329.58393058559636,326.8867323999548,329.25988752663966,2740900
2023-09-20,328.1639404296875,331.34721858938747,328.04957568279235,329.8032363350176,3411400
2023-09-21,324.5993957519531,327.52535312374374,324.49457109969427,327.06789415295384,3483700
2023-09-22,323.6462707519531,325.40947117585023,323.398490207073,324.7042026405463,3376400
2023-09-25,324.0274658203125,324.11323934921853,321.84490907715224,322.8361183316753,3104700
2023-09-26,320.2724914550781,322.84578582650903,319.8054632349198,322.0166122261931,4657300
2023-09-27,319.6910095214844,321.33030516776324,317.30831405222074,321.07298452791247,4442200
2023-09-28,320.8251953125,321.8259449246721,318.8713965375981,319.58620522387537,4053600
2023-09-29,319.2336120605469,322.9315317087794,318.2424024105409,322.8838894244779,3786500
2023-10-02,318.413818359375,319.3001738988634,316.49812231511214,318.60444558933517,4192600
2023-10-03,314.4967346191406,318.2137335422352,313.6008388420824,317.2225241341978,4871100
2023-10-04,315.4593505859375,315.90729851255793,313.19101976967397,314.63971727821956,4877100
2023-10-05,315.6308898925781,316.18366239765845,313.93441202339517,315.29730673757854,3172200
2023-10-06,318.4233703613281,319.89111864717324,313.06707657522566,314.8493278080783,4491300
2023-10-09,320.3199768066406,320.5963775665422,316.98420385582625,317.3273270552957,3756300
2023-10-10,321.6162414550781,323.103041079688,320.26285765029854,321.3779719115748,3769400
2023-10-11,322.1689758300781,322.9409667327181,320.38672450952333,322.32147181013016,2773900
2023-10-12,320.4915771484375,322.87427250945143,318.87136175433005,322.87427250945143,3315000
2023-10-13,320.88232421875,323.6748360406627,319.7767501445627,321.6448041417938,5154600
2023-10-16,323.9417724609375,324.9139017814217,322.5312062144748,322.8743004150083,3969300
2023-10-17,324.03704833984375,325.4952568243499,322.39775267024663,322.45493503547135,3777800
2023-10-18,320.8346862792969,324.0179636511823,320.23424242105574,323.79874521679153,4141200
2023-10-19,318.4424743652344,322.73132614179735,318.0993801842154,320.8918922492911,5201800
2023-10-20,315.8267517089844,318.7257402558385,315.7695373187508,317.9151642582927,3960800
2023-10-23,314.0434875488281,316.9138396667777,313.62389597177224,314.5965696629873,3898300
2023-10-24,316.0652160644531,317.26677669648933,314.54897622503927,315.6456243866606,3583900
2023-10-25,315.025634765625,317.2570826786674,314.52973805033565,316.80888401011276,3836300
2023-10-26,312.6130065917969,315.66454668888827,312.1743242394165,314.84445456403216,4882600
2023-10-27,309.1513977050781,312.6702274151401,308.21684770690405,312.6320747963376,4757300
2023-10-30,313.9576110839844,314.7109434230705,311.2302663098928,311.24935717037494,4617200
2023-10-31,315.14959716796875,315.34030204202156,312.6320483743534,313.9098845279907,3645800
2023-11-01,317.2475891113281,317.89603819679866,314.78728329790175,315.5692520137528,4546200
2023-11-02,322.6927185058594,322.81666359713853,318.89733297654425,319.2501646944753,5356300
2023-11-03,324.8096618652344,325.7728189791241,323.64628354807047,324.34240145247713,4046900
2023-11-06,325.21978759765625,325.79196051770515,324.1231398103513,325.04811535029506,2766000
2023-11-07,325.6966552734375,326.20206847656823,324.5141565872619,324.9242318705759,2793700
2023-11-08,325.296142578125,326.6979534761217,324.1708873271972,326.230692877433,2787900
2023-11-09,323.37933349609375,326.18295494944965,323.05510892622686,326.1448314249433,3940700
2023-11-10,327.0984191894531,327.3749456803524,323.5318909807413,325.00046141962264,3268600
2023-11-13,327.6324157714844,328.32853376590776,326.3545794413365,326.49761539211374,2624500
2023-11-14,332.25750732421875,333.3064572473462,330.58868631678837,331.3992332388543,4815500
2023-11-15,334.0216369628906,334.50798835502906,332.79149853866295,333.0871159059046,3149400
2023-11-16,333.7831726074219,334.52698860466614,332.57209616760343,333.3635811113435,3848000
2023-11-17,333.89495849609375,334.6498446702837,333.2260967439635,334.2294039525694,2059200
2023-11-20,335.8920593261719,336.5800506219668,333.5509992991422,333.57966438809933,2904300
2023-11-21,335.22320556640625,335.5958517317827,334.7836353107615,335.5002917126937,1849500
2023-11-22,336.8858337402344,337.44006434565955,335.8729617077795,336.2456370280643,3486200
2023-11-24,338.0707702636719,338.2141249018019,337.34457812507304,337.4592385069134,1245100
2023-11-27,337.6120910644531,338.39564246737046,337.096090242919,337.90830673809785,2532400
2023-11-28,338.3669128417969,339.35114894848044,337.39227064596594,337.77448155643947,2759600
2023-11-29,338.8829650878906,340.29717774837616,338.6154144938342,339.18874552704875,2736300
2023-11-30,343.9951171875,344.1671077474952,340.6029547795653,340.8513758681715,4094300
2023-12-01,346.9095153808594,347.1006354473639,343.8613340333281,344.0142242543661,5852500
2023-12-04,346.5177001953125,346.8139158271539,344.96969794917135,345.0939230517156,4211000
2023-12-05,345.8201904296875,346.154635944165,344.6639928358678,345.77239583571867,5372700
2023-12-06,345.1609191894531,347.3873194559514,344.7882437725407,346.68022763206307,5583700
2023-12-07,345.7437744140625,346.25021054481243,344.8837923830874,345.86799954891563,3295600
2023-12-08,346.9764709472656,347.5115722339828,345.313836889311,345.67694758261905,2930400
2023-12-11,348.4765319824219,348.64852250318904,346.8616640510815,347.43499494779286,3673200
2023-12-12,350.1202087402344,350.37819462729965,348.22822475259073,349.16466657369705,3239600
2023-12-13,355.2131652832031,355.2131652832031,349.7283636653801,350.30169468388215,4304800
2023-12-14,356.7325134277344,357.05742339786025,354.75456347587027,356.1400820013228,5507000
2023-12-15,356.8597717285156,357.58761679713183,355.61477204661793,356.0074237691066,6948400
2023-12-18,357.1949768066406,358.0472955680132,356.9842863443859,357.491854836268,3403200
2023-12-19,359.6084899902344,359.6659483962237,357.32920913250445,357.4441259444831,3749200
2023-12-20,355.1072692871094,360.412817752534,354.9253079862818,358.81351060446354,4564700
2023-12-21,358.0569763183594,358.2963960330019,355.45208865400707,357.10888360070754,3837500
2023-12-22,357.98028564453125,359.4263898309334,356.8119164638563,357.827082771752,3330700
2023-12-26,359.46478271484375,360.1734557519699,357.7696723489035,357.8654460845791,2217800
2023-12-27,360.6234130859375,360.84368966198036,358.89001734159604,359.22521066130355,3061200
2023-12-28,361.0736389160156,361.70571043485313,360.58521337281445,360.58521337281445,2620400
2023-12-29,360.92034912109375,361.48537601899113,359.3880574317615,360.9969797798786,3364400
2024-01-02,361.1311340332031,361.83025015378337,358.93804116199277,358.93804116199277,5776300
2024-01-03,358.37298583984375,360.20215590741356,358.0761077414148,359.6754442427269,6393600
2024-01-04,358.68902587890625,361.2555980482538,358.55493681842927,358.97631782844604,4251900
2024-01-05,358.78472900390625,360.3265775397672,357.4152263778181,358.58359545276903,5381700
2024-01-08,360.89166259765625,361.01616551337634,356.7066110672679,357.59724530521487,4604900
2024-01-09,359.3019104003906,359.7041483393129,357.93243678693284,358.9379877951839,3230900
2024-01-10,360.99700927734375,361.49499169600335,359.4072590770392,359.65623567335126,2718700
2024-01-11,361.20782470703125,362.1176022803871,358.4113889862754,361.7824087634473,4095700
2024-01-12,360.0010070800781,362.2419717524669,358.8709532174781,361.5045696677604,3816700
2024-01-16,357.8463134765625,359.6371684044285,356.2948782818559,359.10087054023467,4471600
2024-01-17,356.946044921875,357.93245292074886,355.62444349646313,356.01709531314617,4361000
2024-01-18,358.947509765625,359.4454921107566,355.6435069416841,356.4767118643531,3953400
2024-01-19,362.7833251953125,363.5211465641462,358.816266937773,360.08112863519017,5218600
2024-01-22,364.1919250488281,365.1597106659968,363.24326412704033,363.82779552760184,5433400
2024-01-23,363.2049255371094,363.9810839803398,362.18921129676704,363.5115347329978,3110100
2024-01-24,362.2946472167969,364.71895101769707,362.1509195690468,364.3260759520771,3967200
2024-01-25,364.58477783203125,364.66142282214105,362.1317287513951,363.2336795954646,3539100
2024-01-26,365.1693420410156,366.1659025377898,364.07698260097925,364.1057281324893,3221000
2024-01-29,367.2966003417969,367.39242852803955,364.64233211455013,365.08310668007823,2730900
2024-01-30,368.4272155761719,368.8680192870468,366.51076924501206,366.8269992655376,2747900
2024-01-31,365.4376525878906,369.7017584057205,365.40890705565914,369.11722692680434,4476600
2024-02-01,369.0118713378906,369.0597708152604,365.05440365083064,365.46643273272315,3652500
2024-02-02,370.2766418457031,371.5798114317424,367.2294696804116,367.9481371192973,3344800
2024-02-05,367.55523681640625,369.86455820376733,366.1562391527988,369.86455820376733,3761600
2024-02-06,368.9925842285156,369.27047714991,367.47860440957936,367.881071028242,2507800
2024-02-07,370.5162353515625,371.2636483943324,369.5388288199478,370.2479339834568,2797600
2024-02-08,371.1677551269531,371.4648019737456,369.40462798247034,371.2827372298856,2549800
2024-02-09,370.56414794921875,371.31156101846574,369.6442616892202,371.01451410906355,3526300
2024-02-12,371.8960266113281,373.14173443246654,370.29581009478227,370.3437095621647,2412200
2024-02-13,366.8270568847656,369.06929593530344,364.5656346526068,368.98305934597374,5325300
2024-02-14,368.235595703125,368.48471384605426,366.10833906415434,367.95770279172024,3465200
2024-02-15,372.03021240234375,372.1068574029086,368.8010044197497,369.09805131625416,3497200
2024-02-16,370.6405029296875,372.6175570386088,370.170241592648,371.5810548925892,3772300
2024-02-20,370.1605224609375,371.0050946954473,369.05683209080865,369.9877770371915,3295700
2024-02-21,370.506103515625,370.6212964483155,367.8860427511295,369.45999469871515,3027600
2024-02-22,374.8153991699219,375.7079468433261,372.2912881738603,372.7231519083338,4990700
2024-02-23,375.5255432128906,377.0227291984491,375.1800522726025,375.99580453344555,3451600
2024-02-26,374.97845458984375,376.61001754988575,374.52737748598406,375.6886791656176,1914100
2024-02-27,373.9708557128906,374.72905560199473,373.0974921522928,374.64265355954655,2370900
2024-02-28,373.91314697265625,374.0474947808592,371.9936749956804,372.3199817171082,3313900
2024-02-29,374.2490539550781,375.36232190831424,372.8094499972391,374.9592492018571,3026900
2024-03-01,375.55438232421875,375.8422914780765,373.22223031149446,374.1531756274019,3857500
2024-03-04,374.517822265625,375.4967425264469,373.67324982625513,373.67324982625513,3048500
2024-03-05,370.6405029296875,373.61569082691034,369.4216485736275,373.3277524110885,4132400
2024-03-06,371.5906677246094,373.4621650947967,370.5829563953242,372.84791984693965,3039100
2024-03-07,372.8095703125,374.0284248461852,372.21450921527827,373.40460212089476,2965700
2024-03-08,372.36798095703125,374.70016181985034,372.0992560343748,372.6079149697181,4256900
2024-03-11,372.78082275390625,373.0015433795027,369.978379598526,371.3412181640287,3396000
2024-03-12,375.0552978515625,375.6791204906196,372.2240644966118,373.5676892473863,3275800
2024-03-13,375.4680480957031,376.9748411627269,374.35475043853563,375.919125342238,2788700
2024-03-14,374.36431884765625,376.61009811469,372.2240965074505,376.3797707915559,4471900
2024-03-15,372.308349609375,374.48256280302076,371.3848022339765,373.0202476530112,4372300
2024-03-18,373.01068115234375,374.0977584889382,372.77017186070844,373.6071394981523,2060600
2024-03-19,376.0602722167969,376.2430616027082,372.76049222320216,373.4243001280296,3303800
2024-03-20,379.9951171875,380.2163963435928,375.0887502710073,375.3388600137106,4823900
2024-03-21,382.6503601074219,383.67974712924433,380.7840052794813,381.2650239596917,4348400
2024-03-22,379.552490234375,382.9484799724226,379.5140005304165,382.65988059033884,3156100
2024-03-25,378.03253173828125,379.18695876973925,377.90746220408806,378.96570900220877,2535600
2024-03-26,377.9363098144531,379.3023861609624,377.72466046173474,378.7347877511824,3395400
2024-03-27,382.4675598144531,382.48678999185813,379.49486797813614,380.0047465903384,4427300
2024-03-28,382.6598815917969,383.42949951872896,381.9672137139412,382.9484809746359,3155000
2024-04-01,380.3221435546875,382.93888584559915,379.7449447368019,382.7176360850912,3825200
2024-04-02,376.7626647949219,377.2533132027879,375.4639085946605,377.0897539471499,4034900
2024-04-03,376.4067077636719,378.0036931384474,375.1849016536129,376.81074697182817,3547000
2024-04-04,371.3656005859375,379.27354778303317,370.96156139080534,379.07152818546706,5041200
2024-04-05,374.0977783203125,375.6274433321617,371.42331602991277,371.683084868438,4423500
2024-04-08,374.3286437988281,375.32917060955305,373.8187653070338,374.2805243281049,2431300
2024-04-09,374.0784912109375,375.1752275643534,371.08657001209644,374.8288789520489,4003900
2024-04-10,369.91302490234375,371.3175913421322,368.48919892399,370.30746377524684,5173100
2024-04-11,369.9417724609375,371.4232885277368,367.4981898887887,370.83645996083135,3972800
2024-04-12,365.4490966796875,368.3929284063422,364.42933951210375,367.7964699904779,5305100
2024-04-15,362.98626708984375,369.24913888977716,362.3032288729609,368.777720680085,4870700
2024-04-16,363.630859375,365.5068144437642,362.72654198876785,365.32402501299083,4383500
2024-04-17,363.1209716796875,365.75694434923764,361.86070523117655,364.81413727517923,4584900
2024-04-18,363.49615478515625,366.4688463953875,362.543747292678,364.6602116491905,4579200
2024-04-19,365.5732727050781,366.7572093985682,363.76371924696946,364.5048656733049,5078600
2024-04-22,368.0469970703125,370.03946507073385,365.58289312392674,367.4309857709341,4129000
2024-04-23,370.5978698730469,371.14652580311605,368.56692057414017,369.3177020773331,3126400
2024-04-24,370.0394592285156,371.0308758055539,368.6726373640918,370.45334502657994,3575800
2024-04-25,366.6513671875,367.257743734187,363.3402216613823,365.5636904558852,4682800
2024-04-26,367.98931884765625,368.98073563410657,366.2759957786127,366.48775612981774,4252400
2024-04-29,369.42352294921875,369.64491813313987,367.75834447155887,368.7497613287332,3265900
2024-04-30,363.9658203125,368.41275732081283,363.9176756130745,368.13361206233793,3463600
2024-05-01,364.697509765625,369.11557350323835,363.8215931232801,364.20660400329666,5731600
2024-05-02,367.91229248046875,368.56681372952255,364.7070124493114,366.8727310854408,3535600
2024-05-03,372.2821960449219,373.45649794662603,370.63625816918864,372.6383611037848,4471100
2024-05-06,373.89935302734375,374.17846898411756,372.3400107241087,373.7742179004382,2596100
2024-05-07,374.1784362792969,375.15061275772024,373.7934254893919,374.5923515185241,2428600
2024-05-08,375.8533020019531,376.26718789234945,373.64907323478144,373.7934486181241,2855100
2024-05-09,379.2414855957031,379.4917558743453,375.4009530474881,375.49718373209276,4141200
2024-05-10,380.3771667480469,381.07019784643774,379.3376347876792,380.4445517071325,3505600
2024-05-13,379.6842041015625,381.75366295440756,379.3088281000791,381.53229715527,2635800
2024-05-14,380.7621765136719,381.40709228215684,379.05848853114577,379.7611544431444,2702700
2024-05-15,384.3236083984375,384.53536872515355,382.07126458215146,382.36001531201947,3421200
2024-05-16,384.2562561035156,385.979213936705,384.1792656938184,384.77603683590473,2877200
2024-05-17,385.5421447753906,385.6096007256177,384.08653185902074,384.73237919058874,2702900
2024-05-20,383.7588195800781,386.2844317831988,383.50817642708705,385.36864289204715,2094800
2024-05-21,384.4143981933594,384.68431033180104,383.4407728926656,383.9709774126802,1618300
2024-05-22,382.37066650390625,384.4817759816317,381.2621001533429,383.61420359502597,2647200
2024-05-23,376.5868225097656,382.7851803857562,376.1915888669976,382.7562622859541,3361200
2024-05-24,376.5675964355469,378.1195836652216,376.1048773678474,377.12668956808096,2072200
2024-05-28,374.6011047363281,376.16274125468743,373.0780060794535,375.7675075378583,2176100
2024-05-29,370.7258605957031,371.82480730741474,370.39811230051146,371.42957363486295,2715000
2024-05-30,367.73760986328125,368.6244513929887,366.7061483853206,367.6315571957766,4063400
2024-05-31,373.56964111328125,373.6467462540169,367.53514156775833,368.2195857510299,4748400
2024-06-03,372.3260803222656,373.91666425468327,369.13532212004105,373.8973659070531,3614300
2024-06-04,373.5502624511719,374.3889166695576,370.68725321911364,371.1306738390704,2822500
2024-06-05,374.5335693359375,374.957721101346,372.06579329258483,374.6010547118459,2181400
2024-06-06,375.3046875,376.51930642904324,373.8201859402882,374.80343067157605,2241900
2024-06-07,374.4949951171875,377.5122444486271,373.9166331007285,374.87095984609624,1952000
2024-06-10,375.2662353515625,375.3336913155316,373.2418798135737,374.0516161451265,1380600
2024-06-11,373.99371337890625,374.2154384159559,371.0343004457608,373.69488321752243,2522600
2024-06-12,373.72381591796875,377.79179535888306,372.7598400259816,377.4736668403299,3866700
2024-06-13,372.9430236816406,373.7045729262617,370.73551049868706,372.8851874775643,3136100
2024-06-14,372.5381774902344,372.61531204873353,369.8101382021721,370.76446508154345,2884300
2024-06-17,374.5818786621094,375.1891884071426,371.1115876931549,371.3718506903603,2025300
2024-06-18,375.12164306640625,376.1338061215316,374.04196521120195,374.8999179909403,1848700
2024-06-20,377.94610595703125,378.94861989171847,374.3890318946224,374.73604916011834,3588000
2024-06-21,378.085205078125,379.1769363906805,377.23500619811927,378.4040444000969,2592100
2024-06-24,380.63568115234375,382.1911353729858,378.62611543905007,379.17681628697545,3096600
2024-06-25,377.7760009765625,380.7613380241776,376.6166630996673,380.2299785160927,2879100
2024-06-26,377.9885559082031,378.4619794871293,375.8341056522838,376.87751270432466,1501900
2024-06-27,378.2976989746094,379.09960304334794,376.9451234487111,377.3798640727846,1601100
2024-06-28,377.88226318359375,380.9642188685864,376.01764019086147,378.11412484538255,3624400
2024-07-01,378.2010803222656,380.9352435677379,377.041742506845,378.8000759494899,2536500
2024-07-02,379.9690856933594,379.9690856933594,377.4571430543764,377.55376190278594,1711600
2024-07-03,379.524658203125,380.71300816399645,378.8580559387573,380.3941983853858,2319100
2024-07-05,380.365234375,380.6550614607106,378.3846510095259,379.87249884535646,2011000
2024-07-08,380.1333312988281,383.2925938536544,379.4763702692007,381.05116618134775,3374500
2024-07-09,379.6310119628906,381.6598902579295,378.2108001047573,379.9015271032999,3821600
2024-07-10,383.8046569824219,383.99786521339536,379.33147218608866,379.6309700054429,4234300
2024-07-11,384.162109375,385.3794420799055,382.88681125404514,384.03650781224815,4020700
2024-07-12,386.76104736328125,389.05077002764693,384.63555023639327,385.3504767772835,4711800
2024-07-15,388.7319030761719,389.91058240201187,387.8044268885402,388.83819266692785,4433500
2024-07-16,395.7847900390625,396.10359994252474,390.17157751331115,390.18121876351296,6547600
2024-07-17,397.977783203125,398.3738999012356,394.7219309709734,394.7219309709734,4490600
2024-07-18,392.94427490234375,399.8424256662457,392.29695502688713,396.770140279667,4922200
2024-07-19,389.48773193359375,392.49381483279075,388.52114123962576,391.8268648941123,4284500
2024-07-22,390.64764404296875,391.208283194457,388.7821309829655,390.5413332199674,2314000
2024-07-23,390.00970458984375,391.749585693573,389.7487356983887,390.78299491305995,1693500
2024-07-24,385.3507080078125,389.17839872826306,384.7803935651896,388.3084730415251,3701300
2024-07-25,386.143310546875,390.87962859052993,385.06073367907067,385.3120567012421,4179800
2024-07-26,392.4068603515625,394.00172923983456,388.28917418714286,388.3858391647978,2810600
2024-07-29,391.9622497558594,393.4024606268991,390.46401629790876,393.26712375412484,2039000
2024-07-30,393.79876708984375,395.06499869640186,391.73992393624616,392.31020897677143,2576400
2024-07-31,394.8426818847656,398.2451005124732,392.9095002092087,393.8470945017743,5634800
2024-08-01,389.75836181640625,397.2010921874831,387.5641821430554,396.01220455634285,5497900
2024-08-02,383.8621520996094,387.00357173294043,380.4114163767058,386.5685941383538,4844900
2024-08-05,373.8869934082031,377.2603859368096,372.0697979435977,373.6066738104474,8680200
2024-08-06,376.93170166015625,381.339352898719,373.3553337637649,374.6118898763875,4058000
2024-08-07,374.81488037109375,381.60036623992266,374.3412603481842,379.5125267032067,3969400
2024-08-08,381.33935546875,381.9386664859858,376.23575771086024,376.49675608072306,2993500
2024-08-09,381.9483337402344,383.2435618216738,379.3095598384547,381.01073952108675,3380200
2024-08-12,380.6144104003906,382.80859017434517,379.4931616454462,382.721600550859,1902000
2024-08-13,384.50018310546875,384.82882045524116,380.90446395770795,381.8710548092779,3510800
2024-08-14,386.723388671875,387.4870038193877,384.2295968773112,384.45189392801836,5230400
2024-08-15,392.3198547363281,392.571177768389,389.7100479360285,391.21792713237676,3764100
2024-08-16,393.4681091308594,394.07755702370264,391.39795244659996,391.8139145087082,2789200
2024-08-19,395.76080322265625,395.96397221771616,393.97119199328534,394.06790539459547,2012400
2024-08-20,395.2287902832031,395.9930210531969,394.4742426627654,395.2868301369447,1999600
2024-08-21,395.64471435546875,396.61208452051545,394.29040202876234,395.96396304213914,1439000
2024-08-22,394.1839599609375,397.10540689416547,392.7715784273782,396.33152266021364,2353500
2024-08-23,398.3920593261719,398.8660908023837,395.2287693773908,395.9349602562887,3818300
2024-08-26,399.25299072265625,400.9942451020939,398.2178976255785,399.17561410388265,3145000
2024-08-27,399.41748046875,399.5916000127273,397.93737577955926,398.8370524670311,1710200
2024-08-28,397.91796875,400.4234534853011,395.37378094893904,399.19490422397416,2732600
2024-08-29,400.4041442871094,402.7161433746156,397.87929308416005,400.8491262477297,5024800
2024-08-30,402.629150390625,402.9580527223116,398.67260973942973,400.98463873219214,2283800
2024-09-03,396.86358642578125,401.63271396840986,395.28676842776906,400.6750270093835,3754700
2024-09-04,397.0280456542969,399.08851914938793,395.87687288450564,396.59271730472153,2131200
2024-09-05,395.1320495605469,398.22764621244585,392.73299020103286,397.9180806428964,2234700
2024-09-06,391.2721862792969,397.58911186355664,390.6046985472716,395.6156685896648,3351000
2024-09-09,395.70269775390625,397.482684582844,392.8586275126517,394.06784004645755,3038200
2024-09-10,394.93853759765625,396.74751501212495,391.75588161290483,396.7184950891792,1970500
2024-09-11,395.91552734375,396.55399511550763,387.7315850362944,393.8647075736265,3134600
2024-09-12,398.5274353027344,398.55645522297124,394.1839532838066,396.3315159467049,3131600
2024-09-13,401.4005432128906,402.7258354985283,398.89505824920485,399.1272176213481,5210300
2024-09-16,403.760986328125,404.8927929510234,402.0874252230729,402.8613391105809,3881100
2024-09-17,403.6448059082031,405.8020220622105,402.2421076333303,404.64119580329157,2561700
2024-09-18,402.6097106933594,407.26275789329503,401.99057974130534,403.8769629939446,3173600
2024-09-19,407.65948486328125,408.9847773311498,405.69572451243585,408.2108929697334,4073000
2024-09-20,408.0552978515625,408.7635566251654,406.04688678912595,406.90070576887564,2902200
2024-09-23,408.5792236328125,409.1516933507383,407.50226756679433,408.5889355427887,2318700
2024-09-24,409.56884765625,410.0733635604976,407.8709217208562,409.1225439867433,2790700
2024-09-25,406.64837646484375,410.3547130619394,405.93040588144487,409.8695914008371,2048000
2024-09-26,409.07403564453125,409.5591573659653,407.69630653696737,408.70533839872456,2703700
2024-09-27,410.3645324707031,413.517824093915,409.6756382126498,410.01522938627716,3667700
2024-09-30,410.52935791015625,410.70399460534844,406.6095665199172,409.85020533680535,3819800
2024-10-01,408.95751953125,410.5584149313638,406.8132902936367,409.8501563268412,5101300
2024-10-02,409.35546875,409.92790890397043,407.09478464739607,409.27783268297935,2599600
2024-10-03,407.48291015625,408.588972442604,405.8334842233458,407.8321836331562,2534400
2024-10-04,410.810791015625,411.0048219438561,407.17237800463255,409.80172951658847,2520900
2024-10-07,407.1239013671875,410.34511721425827,405.8140961993318,409.54951035874956,2632600
2024-10-08,408.278564453125,408.74429211972415,406.25075853748865,407.9972150801181,1872900
2024-10-09,412.4020080566406,412.993872017598,407.53139610718466,408.3658209550379,3935100
2024-10-10,412.0235595703125,412.421362911438,410.4517700235832,412.3534387681896,2179000
2024-10-11,415.9725341796875,416.3024134385684,412.36322693439473,412.6251820374662,3753500
2024-10-14,418.0682373046875,418.5824651770021,414.47832449906946,415.57470439519807,2180600
2024-10-15,414.81793212890625,417.3308593488914,414.323098447581,416.5546467498045,3291200
2024-10-16,417.90325927734375,418.2525327062157,414.21634601723247,414.46858917936873,2583700
2024-10-17,419.5818176269531,420.0087271399933,418.3690132397894,419.66913598969103,3462800
2024-10-18,419.91082763671875,420.454348879188,417.66876548692517,419.54200330368184,2303700
2024-10-21,416.7371520996094,420.29918708443387,416.1451136220179,419.7071189871467,2702600
2024-10-22,416.6788330078125,417.7561899750482,414.59209626081014,415.0579843574106,2306100
2024-10-23,412.65093994140625,415.1744486280836,410.47685473180826,414.465916035457,4006500
2024-10-24,411.3115539550781,412.17538261416087,409.5256939447203,411.8356743817161,1936600
2024-10-25,408.74920654296875,413.4662010986154,408.0989062926157,412.93239508122247,2518800
2024-10-28,411.5929870605469,412.3209205030537,410.8165069500604,411.0882675838087,2912000
2024-10-29,410.0692443847656,412.46657345980276,409.3510260740857,409.8071989626861,2697700
2024-10-30,409.3411865234375,412.15585621519244,409.0500250317567,409.60323186595025,2933600
2024-10-31,405.3813171386719,407.5748032277512,404.7504177571664,406.89541641490655,4297100
2024-11-01,408.05035400390625,410.8455933400994,406.97299718480554,407.3224206141331,3856400
2024-11-04,405.7501220703125,407.9339225757925,404.1875057038425,407.48746498818537,3125400
2024-11-05,409.87506103515625,410.18565309136574,405.42011174904263,405.9636330375649,3093100
2024-11-06,424.36578369140625,424.9093049430281,420.9493305444271,421.8713913925463,7271800
2024-11-07,424.5211181640625,425.3558010119174,423.589341974289,424.6569836794319,4267900
2024-11-08,427.16107177734375,428.70431687139506,424.53081367598776,425.40432795698786,5014300
2024-11-11,429.9757385253906,431.7809992589068,428.82074841836936,428.87898072463196,4065100
2024-11-12,426.4622802734375,431.15015896578,426.1322576891659,430.5289748303157,3483000
2024-11-13,426.86993408203125,428.55873042766706,425.54024687934634,426.96699781194303,2631000
2024-11-14,424.8219909667969,427.9666541235096,424.2396382585973,427.6269459087524,2528300
2024-11-15,421.98223876953125,423.92457486897877,421.02076224667087,423.27387923507723,3486900
2024-11-18,421.6714782714844,422.7785944901043,420.7003101747975,421.652065579122,2243000
2024-11-19,420.3603515625,421.60344541107486,417.2526317599104,418.311201318348,3202500
2024-11-20,421.7685852050781,422.37070466043093,418.49575358390774,421.04990068682406,3956000
2024-11-21,426.3137512207031,427.8384925697029,421.12771603838917,423.2934023862901,7558000
2024-11-22,430.3829040527344,430.7810865721691,426.65362171273034,426.9158264577574,5492800
2024-11-25,434.6560363769531,435.4718141068448,432.5583095125024,433.7334147336641,2976100
2024-11-26,435.9379577636719,436.3749656423865,431.83962704298455,433.6848405744116,4126500
2024-11-27,434.83087158203125,437.6472832742633,434.47154406428257,436.22935626138536,2985900
2024-11-29,437.1130065917969,438.26869889610697,435.3163398435899,435.3746075532445,3474100
2024-12-02,435.8020324707031,437.9968822070696,435.01538855660243,437.6181123622121,2661200
2024-12-03,434.9764709472656,436.6371600096545,433.7333473944871,436.2001225332748,1697400
2024-12-04,437.9386291503906,438.5310275786046,435.8409020966305,436.88005927543975,3694400
2024-12-05,435.7340393066406,438.46301951481996,435.42325837674457,437.4918513371704,1917600
2024-12-06,434.2579040527344,436.9868846338472,433.8985765199316,436.53043434246683,1973900
2024-12-09,432.2475280761719,435.35527816162363,431.97560216652244,434.7434374554871,1998600
2024-12-10,430.89764404296875,432.94679482831583,430.17898902065036,431.6940091225504,2461000
2024-12-11,429.75164794921875,431.917334058438,429.6253913416909,431.30549335285,2084300
2024-12-12,427.5762023925781,430.3440376231076,427.36254420824287,429.7321969298884,3585300
2024-12-13,426.70208740234375,428.79981387811944,426.2650795767837,428.1491182653578,2548400
2024-12-16,425.73095703125,427.9646614531887,425.3230830246593,426.9740510189286,1987500
2024-12-17,423.0116271972656,424.2352786493601,421.9044815183729,423.6040254152147,3130300
2024-12-18,411.989013671875,425.4105665690963,411.755942766056,423.4099622602722,6135700
2024-12-19,412.29010009765625,416.60208996000966,412.2124196699346,415.1841924618665,4948000
2024-12-20,417.3868408203125,420.83468749960673,410.7443307753521,411.0754783800868,6069600
2024-12-23,417.7276916503906,418.2633654206952,413.9194500305517,416.1790469505565,2602700
2024-12-24,421.2437438964844,421.3703652688792,417.13357253589083,417.7277121163603,1431700
2024-12-26,421.9352722167969,422.38332166183966,419.7048931364521,419.75357994758247,1867400
2024-12-27,418.8088684082031,421.03927744853763,416.3057478052802,419.37376031523223,2429100
2024-12-30,414.6889343261719,416.52975960894264,411.5235185586534,414.39675399080994,3858300
2024-12-31,414.42596435546875,416.60765674801326,413.00397054413736,415.79927135291746,2442700
2025-01-02,412.770263671875,417.7959742275752,410.61778896234097,417.19211496526253,4231500
2025-01-03,416.0427551269531,416.6368650250603,413.1598002866936,414.7668515104759,2203200
2025-01-06,416.0135192871094,419.8996660348167,414.9908287533307,417.69847528382076,3463300
2025-01-07,414.26031494140625,418.14649109994053,412.82857208790944,417.73740897465916,2053900
2025-01-08,415.03955078125,415.4583524731059,412.2442501205761,414.33828830318356,2020200
2025-01-10,408.41656494140625,413.2864356639836,407.90035983374634,413.23774884609065,3415500
2025-01-13,411.95196533203125,412.22467681716506,407.61779959603524,407.8612930550234,2608100
2025-01-14,414.08502197265625,414.4356680533896,410.5787097819546,413.82205970460103,2643300
2025-01-15,420.99053955078125,422.00348089900467,419.29583419234035,420.32824432142843,4059800
2025-01-16,420.3282165527344,421.6430873958064,419.5490492430097,420.8444215831757,2532500
2025-01-17,423.56500244140625,425.1921630036284,422.8342475855473,423.389628412278,2771000
2025-01-21,428.806884765625,429.1284037660915,425.11412917634016,425.1531110878921,2113800
2025-01-22,429.9566650390625,430.65819088327464,429.0505361628484,430.1612680710645,3724100
2025-01-23,433.9514465332031,434.01965745259685,430.19047960228886,430.19047960228886,2352500
2025-01-24,432.7237548828125,434.0488723737272,431.96377108498257,433.38629876102544,2022000
2025-01-27,435.6467590332031,435.83188595374116,429.235616932662,429.33305684891695,3822400
2025-01-28,436.9037170410156,438.19957590297656,434.7309285639253,435.7247741985409,2233500
2025-01-29,435.70526123046875,438.0728997897301,434.3314385550417,436.7088300272641,2225100
2025-01-30,437.30322265625,438.5600996655355,434.8966020151205,435.08172896709146,2322600
2025-01-31,433.96112060546875,438.8035597818542,433.62009580494583,438.48204080303697,3085400
2025-02-03,432.8699645996094,434.45814334984794,427.442914106138,428.3295372240631,4527700
2025-02-04,434.09759521484375,434.55553609472673,431.89557782632244,432.83096541150263,1890500
2025-02-05,437.1570129394531,437.33238695184673,432.03197652436995,434.28269888688624,2273400
2025-02-06,435.8806457519531,438.18985609252144,433.96122485981465,437.81960220497484,1867200
2025-02-07,431.7494201660156,436.98161980423527,431.43762431341867,436.28984691555814,2259200
2025-02-10,433.3667297363281,434.8184861034811,431.72984648194966,434.3800511609596,1858100
2025-02-11,434.6626281738281,435.0816168034011,431.8565550802624,431.9637181645702,1436200
2025-02-12,432.24639892578125,433.37663673694993,429.7520912509583,430.98949217468527,2444500
2025-02-13,435.7832336425781,436.35809056327173,432.3145862921105,433.9027352080142,2961500
2025-02-14,434.3509216308594,436.5431860489412,433.92220976589755,435.62730431329453,2005400
2025-02-18,434.47760009765625,434.55553419550233,432.2463537152554,433.8540083769282,2451200
2025-02-19,435.20831298828125,435.3349521682685,432.16834824436137,433.3667967415169,2239400
2025-02-20,431.03814697265625,434.1267871188734,428.6802318547743,433.8442202849255,2960000
2025-02-21,423.6407470703125,428.75392532029457,422.86012417263896,428.47093686387467,3842200
2025-02-24,424.0114440917969,426.324069353464,422.86001519187903,425.2799634183034,3629300
2025-02-25,425.57269287109375,426.9485648558778,422.1769218163813,424.99697845683863,2953100
2025-02-26,423.8260803222656,427.90488938081234,422.51852080593557,425.87525231427685,2427800
2025-02-27,421.88427734375,428.1293490724555,421.6403289967002,423.9236819516245,3296900
2025-02-28,427.7585144042969,428.1976333113563,420.58642752170385,422.5770542394713,3249900
2025-03-03,421.6305847167969,430.0224142725031,419.0837781274098,428.9002577701427,3925200
2025-03-04,415.2684326171875,420.65480183099646,413.5900666639288,419.2789294699948,3586900
2025-03-05,420.0497741699219,421.1524254452495,414.1755087889951,414.9170915023332,3018300
2025-03-06,415.59039306640625,419.7082423061012,413.77543168009197,415.85387633650714,2824100
2025-03-07,417.89324951171875,418.9275880306892,411.7652687594504,413.83394579739127,3719500
2025-03-10,409.3355712890625,415.7367737272936,406.5350489446929,413.141189441428,3442800
2025-03-11,404.700439453125,408.88660038351037,402.2707240511545,408.340158604584,3893400
2025-03-12,403.9296569824219,407.4620240384525,400.6217033316707,406.86677462787253,2960500
2025-03-13,398.8848571777344,404.1639034728948,397.39189434593146,403.34424052394945,2557200
2025-03-14,405.30548095703125,405.84218512631395,399.98742546841413,400.8851386064708,2422700
2025-03-17,409.0623474121094,410.5943502140224,404.79813497143874,404.89572026829114,2141000
2025-03-18,406.4471740722656,408.53538598708514,404.83712111466843,408.29143766687804,1844100
2025-03-19,410.24298095703125,412.26285020337036,406.7105846387899,407.50097473058446,1813800
2025-03-20,409.9503173828125,412.89723250165343,407.53036881553794,407.80358977567704,1646500
2025-03-21,410.24456787109375,410.62586855450604,404.935895680206,406.7543240098313,2485700
2025-03-24,415.9833679199219,416.7068545630707,413.3437112833882,413.8911969488499,2474900
2025-03-25,416.3060607910156,417.3032605491955,414.87865957536053,416.79488946701775,3997600
2025-03-26,414.7514953613281,418.5741383232387,413.685852668989,416.8045514675307,2442100
2025-03-27,413.4904479980469,415.5924055672497,412.04350421820516,414.21390497009884,1646000
2025-03-28,406.3338928222656,412.9428652390245,405.92329349401507,412.5518083144946,2600600
2025-03-31,410.49871826171875,411.94563185229043,402.24728893897685,402.99031797352814,2985300
2025-04-01,410.2152404785156,411.8674837730685,405.72779685980015,409.06161197573147,2384800
2025-04-02,412.6007385253906,414.18453869052684,406.88143694571585,407.06719423281055,2299800
2025-04-03,396.1662902832031,402.4135048838277,395.9512044848684,401.73894879913513,7440100
2025-04-04,374.6578369140625,387.78776747523403,374.12989361070913,386.10619570239993,8667200
2025-04-07,371.0894470214844,383.4470217269968,358.13548575437414,363.08243008537005,12718200
2025-04-08,368.0684509277344,385.5489393340057,362.7402064206121,384.68862592554774,7283000
2025-04-09,397.00701904296875,398.67883432151217,363.7275897389123,363.7275897389123,9861100
2025-04-10,386.8394775390625,391.2487220137004,375.72351754065414,390.67190772102884,6624200
2025-04-11,392.93023681640625,395.0615225036192,383.91623559700844,385.62713581885714,3789900
2025-04-14,396.36181640625,398.74727265329625,392.734686518023,398.37578795938896,2286200
2025-04-15,394.6900329589844,398.90373367103075,394.51406179988464,396.723576916583,2387300
2025-04-16,387.90509033203125,395.2570925911226,385.2361049005281,393.3213203256362,3004400
2025-04-17,382.80596923828125,385.7991138045124,380.9964288566661,382.92337145406634,4537500
2025-04-21,373.2789001464844,380.20416880674844,370.0803835117894,379.9693942051873,2881800
2025-04-22,383.304931640625,384.07767304741793,376.78073388300635,377.63171360351674,3308100
2025-04-23,387.256591796875,394.92522919787046,386.2686578323387,390.56271985392675,4049200
2025-04-24,392.2158203125,392.90050255353555,385.192730359165,386.8653765070565,4010500
2025-04-25,392.2548522949219,392.5972082776611,388.45968294367236,391.1397849189324,1790800
2025-04-28,393.4775695800781,395.33606514028935,390.00517390810364,393.0178411810609,1534700
2025-04-29,396.353271484375,397.4390256128791,393.40908168841406,393.6046923557796,1888100
2025-04-30,397.4586181640625,398.86714645483477,388.72380844530716,393.6340754988947,2487400
2025-05-01,398.51507568359375,401.9483376726525,398.1237945624132,399.6203523141974,1917600
2025-05-02,404.0121154785156,404.823960878338,401.3613269652594,402.77964598306147,2277700
2025-05-05,403.24920654296875,405.3815509274703,401.48853139064556,401.8406783613313,3866000
2025-05-06,399.3170471191406,402.74054726207027,398.60302190796875,399.54203073187483,1745600
2025-05-07,402.0656433105469,403.77739345454114,399.2290347563242,400.9016508245865,2420600
2025-05-08,404.83380126953125,408.6192096383872,402.57429348578694,404.0708509769754,2001000
2025-05-09,403.40576171875,406.0956550522629,402.5743341728257,405.38159989389374,1789200
2025-05-12,414.9575500488281,415.0259973615874,411.8861671860182,413.7152895308219,2398600
2025-05-13,412.2969970703125,414.72277220345154,412.20896779698575,413.44140747411103,3018000
2025-05-14,411.3579406738281,413.42183749445076,410.43848405808905,412.8544979567994,3064800
2025-05-15,414.22406005859375,414.41967077266196,409.34310558134126,409.3920306477777,3927000
2025-05-16,417.54437255859375,417.76952739557987,413.57989087935414,414.79370159136425,2430300
2025-05-19,419.0028991699219,419.6098044740682,414.6860028918024,414.7545321676299,3121500
2025-05-20,417.9555358886719,419.15957809180077,416.0564920267961,418.3764502824713,1971000
2025-05-21,409.9090576171875,415.6061888830875,409.26298841322534,414.1574249220873,3624800
2025-05-22,409.9776306152344,412.2584251273344,408.55823192700115,409.0476756300784,2638600
2025-05-23,407.5401306152344,409.3413095098589,405.0929124003599,405.2006055359144,3117800
2025-05-27,414.90142822265625,414.91119678277806,410.3398093785131,411.817938903973,3126600
2025-05-28,412.5226745605469,415.8606537664227,411.8570085324765,414.7839016991171,1790900
2025-05-29,413.5407409667969,414.0889154922065,409.74265327412195,413.5407409667969,2751400
2025-05-30,413.9225158691406,415.31251915678195,410.65303575274453,413.24708121765616,2957500
2025-06-02,414.7643737792969,414.90143235509225,410.2321203169227,412.41504998324706,2636100
2025-06-03,417.01580810546875,417.3681932110923,413.5505385338147,414.1378769164584,2332600
2025-06-04,415.9683837890625,418.1415148534013,415.89005607374605,417.37798393205367,2163300
2025-06-05,415.018798828125,417.8086332652982,413.93221852441366,416.9570061985673,3018800
2025-06-06,419.3357849121094,421.0096739845098,417.54440425935894,418.74844650344903,3081100
2025-06-09,419.31610107421875,420.6474031826056,417.4268559729374,419.47272660892696,2680200
2025-06-10,420.5397033691406,421.0193783969509,418.8364492503369,419.22799814424667,2022600
2025-06-11,420.5299987792969,422.93805322274073,419.1301970808402,420.7844891687534,3025000
2025-06-12,421.40118408203125,421.4599149301508,417.95551154151644,419.1595536745063,2587700
2025-06-13,413.88330078125,417.9065427670252,412.69885561619583,417.1136166398585,4826100
2025-06-16,417.2800598144531,419.15953649706506,415.9096236257092,416.0760177308057,3177100
2025-06-17,414.1769714355469,417.4171157276188,413.442805995517,415.4984752022543,2450200
2025-06-18,413.9126892089844,417.2115345255508,413.31558231410685,414.72518237122557,2786700
2025-06-20,414.0295715332031,416.37574965051857,413.0086253024684,415.61004746702287,3810500
2025-06-23,417.9169921875,418.1525836481238,411.92879291145744,414.2651747567185,4315000
2025-06-24,422.8940124511719,423.81678548739643,419.8410003951819,420.6754266460085,4958200
2025-06-25,421.98101806640625,423.01179043595016,420.6557863827621,422.854719504642,3265500
2025-06-26,425.9764709472656,426.231714982576,422.90383606022664,422.92348865261675,2444800
2025-06-27,429.9718933105469,431.50329765718703,427.12505343324,427.1741249994162,3621000
2025-06-30,432.57330322265625,433.17213808748636,430.6197875957693,432.3769870052751,2827800
2025-07-01,436.7355651855469,437.7957565373441,431.9351802793165,432.1217001401854,4520300
2025-07-02,436.55889892578125,437.2362543076354,435.24346339009645,436.52944999431895,3141700
2025-07-03,439.87689208984375,440.6327678671327,437.40309230744765,437.5012653850972,2807100
2025-07-07,435.8619079589844,439.63152086526486,433.4666284104801,439.1799606101856,3657500
2025-07-08,434.27154541015625,436.2348870649184,433.94757726051944,435.55753179736814,3563200
2025-07-09,436.372314453125,437.4325357452873,434.17338134081325,436.2447224078207,3251900
2025-07-10,438.31610107421875,439.6020876863118,435.5674342601774,436.2349633495558,2262600
2025-07-11,435.4397277832031,436.31339922463025,434.64457682485323,435.5379008557113,3345500
2025-07-14,436.43121337890625,436.6079369001784,434.36972856016075,434.98815603085427,2244700
2025-07-15,432.0823974609375,437.0104040596911,432.07260112450507,436.4311919233455,3810700
2025-07-16,434.2519836425781,434.4974014007516,429.6185251281559,433.7611481262311,4230300
2025-07-17,437.0595397949219,437.4423758856038,433.8789355163778,433.94762971435364,3790800
2025-07-18,435.3125,437.7873064191355,434.1929254484623,437.73821489125726,3901900
2025-07-21,435.4892272949219,438.01315499112513,435.19461821265907,436.2356102638611,2548800
2025-07-22,436.98193359375,437.4631683559795,434.8999496327011,434.9195802467175,3091600
2025-07-23,442.1378173828125,442.1771085826174,438.3470407877538,439.2308979757371,5486500
2025-07-24,439.0933837890625,441.07718473369835,438.7398529100601,438.9952007473864,5078300
2025-07-25,440.9691467285156,441.35216848910784,438.40595791373573,439.5058717332767,3710600
2025-07-28,440.3014221191406,441.42099671664187,439.3586429641563,440.6156918276051,2864200
2025-07-29,438.4747009277344,440.80220243875004,437.6595659020248,440.58614580222013,3146200
2025-07-30,436.7855224609375,439.3585414171807,434.674047696165,438.7005412403144,3765000
2025-07-31,433.4170227050781,438.1997296938132,432.6019176363505,437.28638164184144,4223300
2025-08-01,427.9076232910156,429.9110548652038,425.629213263147,429.9012245727998,5980000
2025-08-04,433.888427734375,433.97681045492226,429.7440903386483,430.02889908512526,5065800
2025-08-05,433.2304382324219,435.0570743166717,431.33502007471026,433.87857815428947,4081600
2025-08-06,434.0455017089844,435.00794114846275,432.23849641130215,434.1829759315387,2975300
2025-08-07,431.8359069824219,437.0310667013324,430.1271144350827,436.3043143777666,5205100
2025-08-08,433.9964294433594,434.9392083425734,432.41528100626005,432.90631605361745,3684500
2025-08-11,432.1206970214844,434.9294032694325,431.3546835020074,434.39907699582454,3538100
2025-08-12,436.7069396972656,437.1685138587479,433.2304330039591,433.77055958913104,5012600
2025-08-13,441.36199951171875,441.5878564751458,438.05239778476965,438.4354195459955,6203200
2025-08-14,441.1065979003906,441.57800232511164,438.9656923326166,439.71204520875784,4553200
2025-08-15,441.7315673828125,444.2078397112879,441.1812846431513,444.06044790390723,5584400
2025-08-18,441.2599792480469,442.1640325095229,440.8472820979347,441.5547929148652,3809100
2025-08-19,441.4957275390625,444.30609787787427,440.43444658073577,442.0460102625803,5794900
2025-08-20,441.56451416015625,442.70439414542597,439.9038597721034,441.98707733588003,4731400
2025-08-21,440.1790466308594,441.279612250862,438.1449494645167,439.95302583854436,3780700
2025-08-22,448.7182922363281,449.9269351885811,442.4784450852775,442.60619466290245,8534700
2025-08-25,445.2101745605469,448.2760441795815,445.17086008159083,447.7355975436192,3898200
2025-08-26,446.6055908203125,446.86108998969166,444.68943701446545,444.93510006558677,3190500
2025-08-27,448.1188659667969,448.7182993817757,446.33043182789527,446.39922467666014,2943900
2025-08-28,448.86566162109375,449.26855258109094,446.90035741905604,448.6101624786169,3576500
2025-08-29,448.1778564453125,448.9148456251518,446.3992582903536,448.2073348129794,3605900
2025-09-02,445.74078369140625,445.8292487658221,442.3506520989855,444.14889216249344,6009200
2025-09-03,445.3969421386719,445.86859599840255,442.7142908587933,445.0235295076084,3948200
2025-09-04,449.1211242675781,449.32750279727844,444.7090259941473,445.6818419638478,4524200
2025-09-05,447.0968933105469,450.71307602308127,445.1217828757931,449.189947193669,5828200
2025-09-08,448.2859191894531,448.37435428365626,445.7604959872762,447.4801372358291,4395200
2025-09-09,450.06451416015625,450.5951247218293,447.32290630552546,448.0500592895567,5979400
2025-09-10,448.0206298828125,449.9564560007423,446.82179294701587,449.76974967554855,5412200
2025-09-11,453.90667724609375,454.29973209367364,448.67896080760954,448.9246238358673,6352100
2025-09-12,451.35174560546875,453.6806261596832,451.1060825936206,453.24825685977765,3784600
2025-09-15,452.0887451171875,452.9141692575453,450.8702361582353,452.0297883920306,4862200
2025-09-16,450.8211669921875,452.8061136046771,449.8385148098959,452.12808119984277,4526100
2025-09-17,453.2580871582031,455.8031523297006,450.0153174505375,451.81358746755217,5998000
2025-09-18,454.6043701171875,456.31417526635516,452.66854417720185,453.28761983139395,6681000
2025-09-19,456.20867919921875,457.0364616717212,454.1687705667085,455.99187687971755,5871400
2025-09-22,456.9281005859375,457.53908077241704,453.4691275042222,454.45458717889045,4074900
2025-09-23,456.1396484375,460.20960111355174,455.31186604007496,457.4700248195124,5904600
2025-09-24,454.3165588378906,457.66714542539734,454.09975653015596,456.7112484422725,4588800
2025-09-25,452.7497253417969,454.3757277694967,451.05473352002775,453.2128925859385,4767200
2025-09-26,455.5582580566406,456.6718322051413,453.6267656809396,454.5629342471241,4167200
2025-09-29,456.3072204589844,457.03645093752453,454.6023645286824,457.0167525721565,3752700
2025-09-30,456.99700927734375,457.3419261400336,454.1391825521866,455.8932993758077,4253300
2025-10-01,457.5094909667969,458.3767002407274,455.82433337020143,455.8440618097804,4551600
2025-10-02,458.3471374511719,458.99754444900583,455.89335247094937,457.55878173649944,5458300
2025-10-03,460.7122802734375,463.5405448393148,458.9088721564135,459.0172883632953,9693900
2025-10-06,460.0519714355469,461.6582754490631,457.47993622900225,461.5104625188895,7405400
2025-10-07,459.1946105957031,461.7962082989309,457.63759766161445,460.7516235297918,7368700
2025-10-08,459.2931823730469,461.3232268288126,458.1697439461916,460.525006925033,4621200
2025-10-09,456.7605285644531,459.99283487755434,455.88345507739723,459.3917189517803,5411000
2025-10-10,448.2559814453125,459.7168808427674,448.1081685273334,458.356941849682,9309100
2025-10-13,453.98150634765625,454.8487155788887,451.39960709256667,451.5671484515345,6272500
2025-10-14,455.9819641113281,458.455477119485,447.9504750727452,450.38456127959756,7827400
2025-10-15,455.9819641113281,460.150468689526,453.55774212326133,457.9134864153584,6187100
2025-10-16,452.87786865234375,457.51937553474943,451.18287672299914,456.632467797337,8149500
2025-10-17,455.2191162109375,456.5302065864402,452.39976498837245,452.77434074995165,8439900
2025-10-20,460.3846435546875,460.8874071829694,456.84565331173667,456.8653884086821,4556600
2025-10-21,462.55340576171875,464.55456267449546,460.2762282431794,460.433958601328,5951600
2025-10-22,459.16229248046875,462.5731250895119,457.88077464633994,462.54355252669325,7604700
2025-10-23,460.6507873535156,461.3211187446546,458.2552897463788,458.9354886851479,5144200
2025-10-24,465.5008850097656,466.51624968225855,462.61252134036187,463.3419978767196,7228900
2025-10-27,468.5963134765625,468.86246653191404,466.97959987934416,468.01469970702357,4720200
2025-10-28,470.3707275390625,472.5986274684358,470.0454293601667,471.997278601521,9435500
2025-10-29,469.60174560546875,473.56464882899917,467.748451771338,471.84935023571575,10006500
2025-10-30,468.26116943359375,473.32812577241674,467.17679198085233,467.3640949083254,9338300
2025-10-31,468.9117126464844,470.3805331584031,466.6936805577013,469.0989854567149,7990900
2025-11-03,466.74298095703125,469.5327593282103,464.6037988898122,469.3947640796084,4858700
2025-11-04,464.2095031738281,465.9937845038579,462.13933370555395,463.7363422101001,6013300
2025-11-05,466.3880920410156,467.81750263815394,463.7166038388756,464.1109146671934,7030200
2025-11-06,462.61248779296875,466.71338629357024,461.202812394508,465.38256102143504,7125200
2025-11-07,463.1842956542969,463.27304342371815,458.25533479260815,461.6267572589587,8604400
2025-11-10,467.0880126953125,467.4626185008583,462.7801060995097,465.1952786561289,5636600
2025-11-11,472.5986022949219,473.04219069706073,467.2654633332966,467.52177891052435,4839100
2025-11-12,475.90106201171875,477.51774560971865,473.663294417353,473.663294417353,7066900
2025-11-13,467.9949645996094,475.5560037714284,467.48236350205826,474.56034405404165,8722300
2025-11-14,465.0967102050781,467.3147424751862,462.2083465134944,464.68269436169123,10940200
2025-11-17,459.6946105957031,465.6487736246892,457.9399017415733,464.1799529225438,7599500
2025-11-18,454.74591064453125,457.5061467384946,453.00106935436787,455.60357509290566,12817500
2025-11-19,455.1993713378906,456.81605474395303,452.89262142578497,454.95292331201625,5833400
2025-11-20,451.5914306640625,462.3661326152527,451.2069572505694,460.0101048079199,13414200
2025-11-21,456.5719299316406,459.77978765865015,451.9131322740016,453.5812207017955,11821400
2025-11-24,458.41766357421875,459.8291137032213,455.03214720990275,457.7366083132868,6206800
2025-11-25,465.0702819824219,465.78094706995773,457.440534853507,459.5428902040163,7203600
2025-11-26,468.1991882324219,469.6205184009557,465.81055471751154,466.0770729502752,5689100
2025-11-28,470.99249267578125,471.41690972030756,468.66310879449605,468.66310879449605,2281800
2025-12-01,467.1824951171875,470.7654299439384,466.8172977045406,468.1892579943649,4413900
2025-12-02,469.0973815917969,470.281803291317,466.98511620543457,468.060978717623,5233500
2025-12-03,473.193603515625,473.9536082574193,468.5150756532536,468.6729744625154,5994200
2025-12-04,472.8580322265625,474.99002768787716,471.30838277541466,473.48971785110126,4003800
2025-12-05,473.8055419921875,475.6808990327785,473.0751470690399,473.2626857852852,4596600
2025-12-08,471.9499206542969,474.28918452920107,470.6569095662961,474.2595747379439,4427600
2025-12-09,470.2424011230469,474.0523350654921,469.9166632775202,471.87099998508626,4266900
2025-12-10,475.1083679199219,476.4902081750844,469.19601942676553,469.9560541584987,5476200
2025-12-11,481.54388427734375,482.047280850235,475.71051442875967,475.9474228805182,6972300
2025-12-12,479.1058654785156,483.3106361653112,477.89183403143693,482.36309281401225,7089900
2025-12-15,478.8788757324219,481.4056781291238,477.4377856785033,481.2575990625074,4891300
2025-12-16,475.73028564453125,479.18490193940306,474.10165672231506,478.178108769762,5373200
2025-12-17,473.5784606933594,478.50377625538806,473.2724828476891,476.54943990916496,6381600
2025-12-18,474.2793273925781,478.3458993126792,473.19358486006024,475.9276559503377,6422800
2025-12-19,475.9450988769531,477.5772437759876,475.2328863516989,475.4208334199917,6439100
2025-12-22,478.2301025390625,479.18961065025843,476.64740470165833,476.64740470165833,4162000
2025-12-23,478.99176025390625,479.8721168112581,476.9639184084133,476.9639184084133,3677800
2025-12-24,481.74169921875,482.2956389120329,478.3586823464262,478.9521977856434,1544000
2025-12-26,481.761474609375,482.34508856840984,480.4755496403083,481.57352754947993,2711500
2025-12-29,479.3479309082031,481.6428414902629,478.5170212534822,480.63388623541323,3390100
2025-12-30,478.35870361328125,479.4270374888581,477.59704404801766,479.3775602573783,3042700
2025-12-31,475.37139892578125,478.57634028031237,475.1636488843198,478.4180674719162,3441900
2026-01-02,478.3982849121094,478.71483052243116,473.2050773558554,476.6375414624394,7021100
2026-01-05,484.4718017578125,486.7172648874438,479.0115263568583,479.1697991465531,7574400
2026-01-06,489.2594909667969,489.7639836493302,483.670616460362,484.03660911731714,6061400
2026-01-07,484.6597595214844,490.8817247470867,484.20474410820947,490.28820931947456,5603700
2026-01-08,487.2019958496094,488.181276744691,482.5330538139191,482.5330538139191,6544800
2026-01-09,489.66510009765625,490.33776712613025,486.5887570766211,487.5284623196031,6004600
2026-01-12,490.5355529785156,490.9707956555949,484.7488298201468,487.00416451617065,5722400
2026-01-13,486.61834716796875,490.5948491799176,485.32252075907064,490.18928081101427,5966400
2026-01-14,486.26226806640625,486.6183894257987,483.2650466194287,485.35223716869973,6767800
2026-01-15,489.1309509277344,490.46632309123544,486.8854874362374,487.04376025143847,8519900
2026-01-16,488.2591552734375,490.8121568341975,487.12115938013505,489.3278458760295,5845500
2026-01-20,479.8084411621094,483.94471353803533,479.1850257650982,481.08495696559015,7416300
2026-01-21,485.66650390625,487.7544502302921,480.4813209377751,480.5901861045816,6718600
2026-01-22,488.5262756347656,490.8220169540978,487.3091298891172,488.30857550623614,5087200
2026-01-23,485.7951354980469,486.98259623870496,484.4394697747972,486.67584108373813,4915700
2026-01-26,488.89239501953125,489.6741404988684,486.3294886539476,486.7648889058533,3722800
2026-01-27,484.9342346191406,486.44823043741354,483.44992380913266,485.55764999108493,5971400
2026-01-28,485.00347900390625,486.2503096688706,483.81601835171364,485.15190403583557,4726500
2026-01-29,485.0826416015625,487.79400311513604,480.80784957865296,484.95399650441016,9706500
2026-01-30,483.9150085449219,485.3498544057224,479.4917611279703,483.9941585007487,8112100
2026-02-02,488.8627014160156,489.63454181293577,481.8864528360983,483.7566687139363,5584500
2026-02-03,487.1607360839844,491.3266936032993,483.1728886271466,487.98207170271195,8799100
2026-02-04,489.5752258300781,491.3069219295276,485.9732834479991,488.7539203959136,8797100
2026-02-05,483.7962951660156,488.27891284639554,483.1234148100834,487.35864734210156,7767500
2026-02-06,495.7895202636719,496.42284073606606,486.98261505831846,487.2200951362752,10635300
2026-02-09,495.9775390625,496.9077096392247,493.09797230243305,494.879133297056,6414800
2026-02-10,496.650390625,500.0148224188762,496.0171003830187,497.0857908781537,8163100
2026-02-11,496.0863952636719,499.8367627410376,493.90942397689736,498.93627713573954,5743800
2026-02-12,489.49603271484375,499.262793022994,489.14968748580975,497.8675372363467,9160300
2026-02-13,490.0996398925781,492.57349125494136,486.06232775648886,489.8621598252731,8378100
2026-02-17,490.6636962890625,492.36570727259306,486.9627940328104,490.14911586715084,6779400
2026-02-18,491.8016662597656,494.11718758374224,489.47623986654713,491.5839661251158,4454300
2026-02-19,489.2090759277344,491.29699205270714,487.2596797805639,490.37672656250726,4625400
2026-02-20,491.5007019042969,492.41222274313833,486.8540228306246,487.9934012022723,6086800
2026-02-23,483.5052490234375,492.4023363902598,482.6531718556502,489.9353309513435,8269200
2026-02-24,487.2503356933594,488.30054850225133,482.9504015023377,483.881726859034,5335000
2026-02-25,490.2523498535156,490.5594858409452,487.35929091620267,489.07333226207743,4446200
2026-02-26,490.2920227050781,493.61110551069265,487.6962122869642,492.41228326697325,6467000
2026-02-27,485.1399841308594,486.4180846911084,482.2667598887364,485.11026226833604,7198400
2026-03-02,484.6643981933594,486.44780063066315,479.68083106514075,479.86907960412066,7218500
2026-03-03,481.0381774902344,482.8909410088593,472.3293393246989,475.72766990407325,11570700
2026-03-04,483.2376708984375,484.51577139699936,479.4826780921069,482.0685707144486,7590700
2026-03-05,475.4106140136719,481.0084530600228,471.7546738257564,479.3538856901309,8758600
2026-03-06,470.8432312011719,471.8340003451995,466.11724303320017,469.3471601182102,8206100
2026-03-09,473.4687194824219,474.95487306065706,462.37209400391714,466.5333361173244,10305600
2026-03-10,473.2904357910156,478.41269537245245,470.6252643544692,473.33004478724774,6265600
2026-03-11,470.4270935058594,473.35976169771385,468.09877997690626,472.9931819532164,6701700
2026-03-12,463.1647644042969,467.12784092966166,463.09540330849313,465.998349606713,8000200
2026-03-13,462.1046142578125,467.7420927910065,461.4804248942338,465.60202793125353,7471700
2026-03-16,465.9587097167969,468.3365798173542,464.6509174445395,465.73085216787007,7059900
2026-03-17,466.55316162109375,470.7441257853387,466.2856648498807,469.01027986599394,6189400
2026-03-18,458.72607421875,465.41376536556766,458.48829932012,464.4428008030416,7090700
2026-03-19,456.8039855957031,459.09265973154135,453.9307613361014,455.7240509362885,7882800
2026-03-20,452.6576232910156,457.3044334723532,450.32427940683976,455.477483237841,10543300
2026-03-23,458.6944580078125,463.72851704959675,457.6519150280996,460.01501446886203,9978100
2026-03-24,457.9001770019531,460.6505259464267,454.19661293419415,455.16967534293167,8188000
2026-03-25,460.84912109375,463.9271169120453,458.52568573880575,462.42784387509477,7019700
2026-03-26,456.0533447265625,462.12994714701716,455.6859729915191,458.26754423124925,8284000
2026-03-27,448.1895446777344,454.25620867967785,447.29590166560064,454.11718677069683,6938500
2026-03-30,448.854736328125,452.8859471043433,447.246227534812,452.3696449920447,9181600
2026-03-31,459.90582275390625,460.5313606809808,451.44624345268267,453.5710543449637,11656300
2026-04-01,462.17962646484375,464.582451013845,461.20656403272596,462.6959286097961,7790300
2026-04-02,461.7626037597656,464.2051532490507,455.6264288056394,456.89735206767074,3955900
2026-04-06,463.46044921875,463.7086766434598,460.1739205396881,460.8689694493553,2905300
2026-04-07,462.5768127441406,463.00375667687337,458.83352348409295,462.4477296246629,3943200
2026-04-08,475.76263427734375,476.79526889046116,472.1881531559376,475.4846207624122,4697500
2026-04-09,478.4831848144531,479.84346627358286,473.62787207268053,474.104449342332,4213700
2026-04-10,475.8519592285156,478.9796186279939,475.2363600814613,478.7810548747626,2659000
2026-04-13,478.7115173339844,478.86044771593464,471.7809973156645,472.7242735700106,3768700
2026-04-14,482.0477294921875,482.52433706545395,478.4434623661844,478.9895808920272,4217900
2026-04-15,481.2831726074219,483.6264248653164,479.4363448793609,483.06048938685086,3474500
2026-04-16,482.1867370605469,483.32857714252276,479.9229041819411,482.3753923255306,4111500
2026-04-17,490.9241027832031,493.7253037909825,487.08982893227386,487.3977894655512,10238700
2026-04-20,491.0333557128906,491.48036683932975,489.0268377778483,490.1592497973289,3764000
2026-04-21,488.0831604003906,495.0563642041832,487.05011787054417,493.923952186314,4322200
2026-04-22,491.46051025390625,492.83131203754516,489.9407148664066,492.01677325102645,4022400
2026-04-23,489.71221923828125,491.82801927509763,485.25217241873963,489.26520812958023,4077300
2026-04-24,488.9274597167969,490.1989222276495,487.4970606028305,489.761854147601,3372300
2026-04-27,488.5500183105469,490.25854900369364,487.0203102528905,488.32157156007133,2132100
2026-04-28,488.14276123046875,490.52674970377996,487.49707179235565,490.16913476005135,3057100
2026-04-29,485.4111022949219,488.21227284466744,483.7522260869924,487.67589589853685,3322300
2026-04-30,493.3378601074219,494.2616507088995,487.119628345615,487.70569002765103,5352300
2026-05-01,491.7187194824219,496.59597851633885,491.6094676189973,495.5132513226834,4402600
2026-05-04,486.295166015625,491.03334440206197,485.73890303032647,490.2088929355135,3310400
2026-05-05,489.6724853515625,490.2982887881453,486.76203253494197,488.6096441245702,3386200
2026-05-06,495.72186279296875,496.7449925916601,493.5862070361733,493.6656904983572,4317300
2026-05-07,492.60284423828125,497.85757440308925,491.4704321995109,497.17217349837256,4490500
2026-05-08,492.8213806152344,495.22522498487734,491.6293711281969,495.15571484414755,3495200
2026-05-11,493.7947692871094,494.5199118454831,491.4604656390592,492.4935080747541,4249100
2026-05-12,494.56964111328125,495.08616237763346,489.90097276872564,493.1988393306645,7445700
2026-05-13,493.82464599609375,494.2914825195294,491.34131820389564,492.8511705884905,3256800
2026-05-14,497.460205078125,498.8111511437465,495.52322761251264,498.0462971062351,4920500
2026-05-15,492.3377685546875,494.69325661206483,492.0495351911895,494.27584447395475,5300700
2026-05-18,493.96771240234375,494.59386089965864,490.5785820525343,492.61602146149716,5496200
2026-05-19,490.9562683105469,493.3018077568844,489.5648137039134,491.80104103929295,5361300
2026-05-20,497.1779479980469,497.863726833464,489.47538688297175,492.83470226092214,6516100
2026-05-21,500.03033447265625,500.96458294489247,494.16645578341854,495.7268527350017,6576000
2026-05-22,503.02191162109375,505.62586911141267,502.59455103498516,503.9064782735615,5172200
2026-05-26,502.15728759765625,505.12897564523115,500.88512388634496,504.46309380277523,3897800
2026-05-27,503.77728271484375,505.5861493804918,502.7138251369412,502.83308573805675,4247800
2026-05-28,503.9462585449219,505.0991616501224,500.557158358952,502.246734204765,3709600
2026-05-29,507.6534118652344,508.18016641560337,504.09533910947704,504.7910360704844,5346700
2026-06-01,508.30938720703125,508.7267993270842,505.21840829826255,506.72912351956734,4424800
2026-06-02,510.9034423828125,511.3407515303848,505.81478720827374,505.96386297886033,5078000
2026-06-03,505.14886474609375,509.71073461349374,504.88049804981733,508.0410557862651,4098000
2026-06-04,513.5371704101562,514.4117885769651,509.5417583600313,510.5455856193151,6390700
2026-06-05,506.5800476074219,514.5807599906597,505.6358505943952,514.5410266759451,6610700
2026-06-08,505.79486083984375,510.61517905828623,505.2084759909078,507.6434608384446,4825700
2026-06-09,506.29180908203125,510.39650309629303,500.00053921905675,508.34914550153144,6249400
2026-06-10,497.1878662109375,505.62588745787525,497.0387904581384,504.3835389665935,5153400
2026-06-11,506.2420654296875,507.6335199439988,498.4997718070495,500.1098505287712,6353900
2026-06-12,509.91943359375,512.145712307747,506.36136098257464,509.7504911899767,8384500
2026-06-15,515.2665405273438,517.6518739722778,514.7000223176332,516.0516829610394,5379400
2026-06-16,518.2482299804688,520.0968302254129,516.876672208657,517.1350904354557,4812600
2026-06-17,513.1395874023438,520.9614083257861,512.1457086505819,518.0692478492388,6563500
2026-06-18,513.7625732421875,517.7489369431304,513.6728532949999,516.662626070707,7134400
2026-06-22,515.3171997070312,517.1409171173381,514.2308889462191,515.0780276418812,6552200
2026-06-23,514.8588256835938,516.9516424045082,511.2212442866244,512.9254367550851,5039200
2026-06-24,516.7523193359375,520.6489628884937,514.2508665104224,514.4302455684528,4395900
2026-06-25,517.48974609375,524.7748223742248,516.7821447313484,519.4131590294076,5357500
2026-06-26,515.98486328125,519.5028578425766,514.3404642050534,515.2374202151739,3823600
2026-06-29,519.9014892578125,521.1970451523654,517.629293828871,518.8550810670996,5733400
2026-06-30,520.6090698242188,521.3565129058615,517.8186278181677,520.5691672638707,3607900
2026-07-01,520.6190795898438,524.9242984944789,517.8485278552889,519.6523548441407,3438400
2026-07-02,526.0803833007812,526.4590926903338,521.9445069382313,523.6985165683529,3518700
2026-07-06,528.2828369140625,528.2828369140625,524.0572408834853,526.9174515753018,3236900
2026-07-07,526.6484375,530.7244599409875,525.3129790207897,530.6945938460983,4489200
2026-07-08,520.98779296875,522.6720338570273,518.2571439039032,521.5558570250764,3575000
2026-07-09,522.4029541015625,523.3597032043348,520.3599550479155,521.8648169464842,3056400
2026-07-10,523.987548828125,524.6751380976898,519.9612829991238,523.8480115152817,3469400
2026-07-13,522.6819458007812,526.060403199139,521.1173517782297,524.047331152784,2723800
2026-07-14,522.9012451171875,524.9242928723611,520.7785017827503,521.535920546015,3664000
2026-07-15,524.1569213867188,525.9308213060542,521.9145921809996,524.1071040142284,3246900
2026-07-16,523.0407104492188,526.130117266753,521.2867010971727,525.0139405567362,3173300
2026-07-17,519.181884765625,523.7176487661008,517.2778824198983,518.0155593584977,4741300
2026-07-20,516.3208618164062,521.763815125998,515.5432709817418,520.4080204023024,2336600
2026-07-21,519.879638671875,521.3749492956505,516.5002220594995,518.0055111558621,3240700
2026-07-22,519.8397827148438,522.730741247396,519.3812596795002,519.9993166053256,3204100
2026-07-23,514.6461181640625,516.550120500166,513.1108934510415,513.4598358150703,4305100
2026-07-24,517.1383056640625,518.9326664859238,514.6560994286464,515.6629517863203,3328400
2026-07-27,519.6304931640625,523.6977556679836,517.6666199634841,523.0597417763189,3355200
2026-07-28,525.2428588867188,526.8178757061837,522.0328935639761,524.5450350474835,5157900
2026-07-29,513.7987060546875,521.53445659173,513.2105845768596,520.8267151236879,7369400
2026-07-30,519.879638671875,520.3481401287057,514.2572561238362,517.2180027979712,3225300
2026-07-31,522.680908203125,523.9668535751794,517.6267504448831,522.4416682124499,3981100
2026-08-03,529.559326171875,529.9880354937033,527.0372668333703,527.8945637883179,4328000
2026-08-04,538.7405395507812,540.395384251775,534.3243955974456,536.2184802927148,6705400
2026-08-05,541.1130981445312,545.0407835912906,540.9536250982599,541.6015566014052,5256700
2026-08-06,536.507568359375,542.8676287288935,536.00913140781,542.1000163532899,3651800
2026-08-07,537.93310546875,538.5312054892629,535.7499491273435,537.0259769635793,2230100
2026-08-10,537.3049926757812,538.3318018815934,536.1984773749457,537.0159211815401,3408900
2026-08-11,535.6004028320312,540.026464245202,535.2315035365834,538.2221250391151,2826800
2026-08-12,535.4708251953125,537.504425992173,535.18169283177,537.3249959963634,3167600
2026-08-13,536.2283935546875,538.2819512812971,534.0153627813106,537.0159628478413,2033100
2026-08-14,535.1218872070312,536.5973019252233,534.5237872161109,535.7299656718591,2089100
2026-08-17,532.52001953125,534.3044017355691,531.8221956999228,532.8290479765644,2668100
2026-08-18,531.2440185546875,532.589834763669,530.3568470666835,531.712580904946,3825700
2026-08-19,532.5997924804688,535.0022316025198,531.9119471145124,533.6564762903373,3062700
2026-08-20,525.8609619140625,530.1176329468883,525.5519334381374,528.6920497236306,2868500
2026-08-21,530.99609375,531.684509482654,528.2125314717738,528.8111882667956,3034400
2026-08-24,532.4228515625,533.2508990638441,530.6070294973008,530.6070294973008,4587500
2026-08-25,534.0091552734375,535.286241021926,531.9638816212114,535.1365616031875,2443900
2026-08-26,533.00146484375,534.7175411958807,532.0835975269172,534.1089585670459,1761300
2026-08-27,533.9891967773438,535.3959884896387,531.6944979593015,532.3330408514807,2500300
2026-08-28,533.82958984375,536.4934329423222,533.1711343534114,535.2962411417067,2655400
2026-08-31,530.3475952148438,532.3330092163116,529.5594338413621,532.3330092163116,1744800
2026-09-01,526.536376953125,530.4274328034503,525.6284963986084,527.454244254636,3189300
2026-09-02,529.3997802734375,530.9462037112556,528.0229488527222,528.2923474464967,3114500
2026-09-03,535.6952514648438,536.3836671547896,531.7144367383391,532.8118827855927,4806300
2026-09-04,532.8518676757812,535.1365797596661,531.704487812657,533.8994409580935,2321500
2026-09-08,526.8157958984375,529.1703543369938,526.1373060075155,529.000701416862,3643200
2026-09-09,522.8648681640625,524.531010820486,522.0467465095523,524.4312651360731,3782000
2026-09-10,519.552490234375,521.8172896589388,518.6046626627646,521.0889269487536,4748300
2026-09-11,524.5808715820312,526.1472685179691,523.0843209814944,524.1618544644249,3435700
2026-09-14,523.2838745117188,525.5785732591563,521.8970563371004,523.3337473528978,2698100
2026-09-15,520.0313720703125,522.4358641911842,518.0160586240214,521.9769000744085,3226000
2026-09-16,514.03515625,521.0988919317979,511.1119014684527,520.6998483200183,5678700
2026-09-17,517.157958984375,519.472631134722,515.3621105093051,519.2930523766947,4204900
2026-09-18,515.8800048828125,517.0800170898438,514.1500244140625,516.52001953125,2690000
2026-09-21,519.780029296875,520.52001953125,516.760009765625,520.030029296875,3079200
2026-09-22,518.0,522.5499877929688,516.510009765625,522.47998046875,3367800
2026-09-23,514.2999877929688,517.6599731445312,513.9500122070312,516.02001953125,4171500
2026-09-24,512.6799926757812,514.1400146484375,510.4200134277344,512.8499755859375,2761500
2026-09-25,517.489990234375,517.9199829101562,512.5900268554688,514.0,2788600
2026-09-28,514.02001953125,517.0399780273438,513.2999877929688,514.2899780273438,2433800
2026-09-29,512.8800048828125,514.260009765625,510.4599914550781,513.7899780273438,2567500
2026-09-30,508.54998779296875,514.1599731445312,508.3399963378906,513.989990234375,2695300
2026-10-01,508.6199951171875,510.95001220703125,504.70001220703125,509.3699951171875,4411400
2026-10-02,511.1000061035156,513.0599975585938,508.69000244140625,512.5399780273438,3977100
2026-10-05,512.1099853515625,513.280029296875,507.8399963378906,510.3699951171875,3219900
2026-10-06,514.5599975585938,515.989990234375,513.489990234375,514.3200073242188,2877800
