Date,Close,High,Low,Open,Volume
,QID,QID,QID,QID,QID
2009-01-02,66349.046875,72669.20756036864,65805.51305605829,72277.35759787579,11556
2009-01-05,66159.4453125,67992.29200151653,64844.85182520539,67107.4694619913,11236
2009-01-06,64908.03515625,65818.1380834652,63681.9242681962,65084.99961431962,13471
2009-01-07,68384.125,69521.75369685768,66740.88354898337,67069.53183918669,13092
2009-01-08,67031.6171875,70141.13591805346,66943.13494719971,69142.55063466435,12918
2009-01-09,69888.328125,70709.9489114216,66943.13361367336,66981.05457304667,12671
2009-01-12,72618.6328125,74097.55013870758,69711.35943619451,69888.32390257833,11200
2009-01-13,72580.6875,74400.8928291536,70444.47430120167,72707.09064785788,14542
2009-01-14,76954.2578125,77877.00104842518,73895.30078381652,74502.03606223308,14821
2009-01-15,74881.265625,80076.43783497214,73275.94477179693,77485.17189082546,18892
2009-01-16,72972.546875,76612.95801305647,72049.8037740343,72403.73263467869,14341
2009-01-20,79785.6796875,80063.76665725998,72884.06671072957,73541.3631847077,15141
2009-01-21,73377.0625,79292.73265503877,73086.3351205857,77459.88613264427,15767
2009-01-22,75273.1015625,77750.60414961167,72934.64248793031,76385.44966283586,16496
2009-01-23,74514.6875,78521.66899915182,72226.78954622561,77712.6885072095,14602
2009-01-26,73364.4140625,75260.46197934615,70988.0340067195,74186.03482646667,12597
2009-01-27,72176.2265625,73440.25855133538,71127.08001176664,73263.29407289842,10125
2009-01-28,67208.5859375,69900.97427767068,65792.87000276237,69749.29042752022,14547
2009-01-29,70545.6328125,71038.60534066476,68599.02334231097,68990.87330059578,12638
2009-01-30,73124.2421875,73693.05651739411,69028.77901226231,69610.23366059853,12038
2009-02-02,71291.40625,74704.2927194149,70343.38223071808,74641.09111812944,10909
2009-02-03,69104.6171875,73212.72045911834,68561.08352387049,71114.42771115329,10742
2009-02-04,68864.46875,69471.20415748899,65754.94978661895,68864.46875,13870
2009-02-05,65856.0703125,71089.16303982725,64971.24787068138,71038.60175743762,17051
2009-02-06,62392.6015625,65780.20634749797,61836.427642574956,65236.67274393486,17311
2009-02-09,61823.80078125,63075.19237342824,61217.06546383025,62329.41354576646,10710
2009-02-10,66336.390625,67309.69513683785,61217.06169909966,62670.698307688646,20853
2009-02-11,66804.0859375,68990.86112523652,65540.05403707427,66399.59572936376,17020
2009-02-12,65173.4765625,69458.54416426251,65148.195927681336,68611.64289783746,19493
2009-02-13,66007.75,66488.08215243202,64490.911623898886,65830.7855227882,14120
2009-02-17,70988.03125,71834.93261996972,69193.10595842235,70090.56860421118,17293
2009-02-18,70988.03125,72833.51781739671,68978.22053619123,70141.12988003026,16399
2009-02-19,73250.65625,73554.02393766178,69294.23599007765,70077.93584987058,16732
2009-02-20,72656.546875,75209.89107624392,71329.31350306628,74906.52344837335,20366
2009-02-23,77877.015625,78483.75101698181,71872.86330851322,71872.86330851322,18857
2009-02-24,72884.09375,77245.00466636317,71569.5003143427,77055.39984391259,17957
2009-02-25,73642.5,75879.83650875387,70722.58625128733,73516.09680741504,18468
2009-02-26,77636.8515625,77839.09669844921,71797.0232619668,72656.5650897509,16160
2009-02-27,79191.5859375,79950.00495685355,76638.24190567638,79381.19069233838,16952
2009-03-02,84310.9140625,85296.85878467016,79317.98886689468,81580.6056011057,21598
2009-03-03,84247.734375,85612.88896052139,80847.48823143286,82667.69434546136,16851
2009-03-04,79975.3046875,82364.32516891892,77459.881006006,81972.4752486862,17527
2009-03-05,84412.0625,85056.71886230908,80329.23887204252,81631.19191749027,14186
2009-03-06,85890.9765625,89683.07265797461,82617.13360007358,83577.79794426048,18105
2009-03-09,89506.09375,90239.23221031633,82579.19933183872,87534.20409811467,14098
2009-03-10,78496.375,86624.09949677938,78155.08641304348,85903.60136876006,15258
2009-03-11,76056.796875,78673.34282034237,74691.64246873443,76752.01439670932,13016
2009-03-12,71051.2421875,77649.48954951299,70469.78743912338,76132.65107548701,13017
2009-03-13,70444.4921875,72631.26720067738,70090.56328363315,70861.62268134308,12421
2009-03-16,72959.9375,73275.94554530493,69420.6473925849,69812.497368763,13364
2009-03-17,67511.9609375,72681.85272245367,67309.71578209838,72087.75757846143,12851
2009-03-18,65679.09375,68510.52504330255,63403.83646073903,67815.30753825058,12902
2009-03-19,65540.0546875,66652.40277091369,63618.72617978544,63757.769690212146,10501
2009-03-20,67562.4921875,68535.79656513096,63985.282591791394,65577.96248246024,11327
2009-03-23,59674.94921875,65653.8204283388,59599.10730065796,64490.911017594255,11597
2009-03-24,61785.90234375,61849.1039623504,59738.16990109707,60673.553856382976,8068
2009-03-25,61254.984375,64554.10755326558,59055.568922822946,60875.774814279815,12078
2009-03-26,57387.05078125,60180.56140298046,57311.20886391796,59687.58894032214,13125
2009-03-27,59497.9921875,59953.04375298757,58284.52134619981,58663.730984106114,11166
2009-03-30,62455.83203125,64149.63520716328,61482.52722121029,61596.290121085054,10357
2009-03-31,61305.5390625,61558.345409149486,58802.75623067011,61431.94223582475,10613
2009-04-01,59548.546875,63479.68635241987,59156.69695924432,63062.55579693802,13666
2009-04-02,55844.94140625,57867.39288316263,53847.77057279878,57488.18323124151,15430
2009-04-03,53544.38671875,55465.71504293555,53531.74640082773,54732.576603443704,11965
2009-04-06,53873.05078125,55958.70384997507,53721.36692170636,54922.19747642685,9822
2009-04-07,56653.91015625,57437.60993975904,55111.791227409645,55149.71218467621,9943
2009-04-08,54669.3828125,56451.66789378613,54125.84906430636,55617.40679190752,8784
2009-04-09,51319.69921875,53114.62465940579,51205.93633870844,52823.89729929957,9629
2009-04-13,51534.57421875,52646.92215381255,51003.680886106515,51812.661202515636,8448
2009-04-14,52798.6171875,53481.19447457805,51610.42709517896,52191.88182120841,10513
2009-04-15,53089.3515625,54871.636936383926,52988.22898809524,53594.96443452381,11866
2009-04-16,50447.51953125,52722.77724000094,49752.301898020545,51673.63062985467,11326
2009-04-17,50068.3125,51281.78334069679,49562.69964970967,50637.12695657662,9695
2009-04-20,53241.03515625,53847.77059962607,51597.79333043982,52014.923947760864,10450
2009-04-21,51875.87109375,53898.32220851608,51660.9856628061,53898.32220851608,11393
2009-04-22,51458.75,52760.703144190615,49183.492078113486,52432.0547776959,15568
2009-04-23,50548.640625,52419.408019973744,50283.19390003751,50839.367990435116,13350
2009-04-24,48488.265625,50637.119941019286,48007.933483772154,49777.578214611574,12742
2009-04-27,48564.1171875,49663.82520293792,47654.014002309996,49461.58005067348,13388
2009-04-28,49297.234375,49613.24228766026,48058.48335737179,49183.47152644231,10767
2009-04-29,47881.52734375,48665.227104920144,46604.85515216638,48526.183598906086,12502
2009-04-30,46908.22265625,47641.36114023343,45264.98122663197,46705.97755722009,16073
2009-05-01,46781.82421875,47729.84821669819,46301.49205978959,46958.788698366996,10646
2009-05-04,44797.296875,46314.135369638825,44734.095271056714,45922.285425190465,13668
2009-05-05,44948.9765625,45909.640853487064,44822.57336631749,44999.537840973004,11065
2009-05-06,44898.40625,46364.68303068693,44139.98722550675,44215.82912795608,16733
2009-05-07,47021.984375,47843.605069724465,44329.59655997984,44380.15783350135,17495
2009-05-08,47021.984375,47919.44698000672,45606.26871639785,46630.134505208334,16424
2009-05-11,46680.6953125,48450.339868078125,45656.829533915516,48172.25286648727,15878
2009-05-12,47691.93359375,48880.123829056785,46263.57724705142,46503.743358443215,14045
2009-05-13,50333.7578125,50447.52070057446,47249.519513592415,48576.75320779445,15654
2009-05-14,49208.76171875,50106.22436504623,48248.097477644165,50055.663089198555,14993
2009-05-15,49234.046875,49651.17743902439,47932.093902439025,49259.3275152439,13143
2009-05-18,46630.1484375,49132.93222460355,46554.30650455747,48564.11772753456,12617
2009-05-19,46276.203125,47401.19140091505,45290.258343860965,46958.78028117318,10528
2009-05-20,46554.30078125,46769.186231502856,44493.92852294326,45846.442827475905,14347
2009-05-21,48210.17578125,49120.27873254785,46604.85529771074,47186.30996103992,12322
2009-05-22,48475.625,49132.92161016949,47312.71561277706,47894.17030638853,9817
2009-05-26,44961.6171875,49562.69355979407,44822.57367075485,49512.13228097765,19049
2009-05-27,45568.3515625,45833.798270631065,43887.1890776699,45189.14197945561,14067
2009-05-28,44430.73046875,46389.980318723334,44165.28371488265,44948.98365487198,12756
2009-05-29,43457.41796875,44936.335334178664,43356.29541384889,44418.0822403105,10122
2009-06-01,40815.58984375,42787.4795977373,40613.34474077694,42522.03290008516,13983
2009-06-02,40815.58984375,41510.80738521988,40006.609431857774,41346.48323905427,12055
2009-06-03,41043.12890625,41927.95151895018,40942.00632194141,41131.61116752002,12073
2009-06-04,40069.8125,40992.55581624606,40019.25122239748,40853.51230283912,10473
2009-06-05,39956.0546875,40815.59651563983,39361.95960040335,39640.04666244859,14256
2009-06-08,40208.859375,41447.610779825525,39652.68527487425,40512.22706597768,12037
2009-06-09,39627.41015625,40259.42626719498,39159.71823415072,39842.29563397129,11629
2009-06-10,39930.76953125,41043.11765367798,39147.06971772119,39222.911635159464,15303
2009-06-11,39930.76953125,40069.8130465535,39008.0262024177,40031.89208783436,13348
2009-06-12,40246.7734375,41232.71826417243,40133.010572883955,40221.492800918655,11146
2009-06-15,41902.66015625,42597.87774556938,40992.5571302319,41055.75872926093,11834
2009-06-16,42749.56640625,42762.20672748189,41232.72785842327,41523.45524675673,13747
2009-06-17,41915.3046875,42951.81101571924,41144.245101873494,42433.55785160962,16237
2009-06-18,42066.98828125,42635.80272615873,41498.173836341266,42029.067318256086,13125
2009-06-19,41245.3671875,41750.98002461308,40701.83338760343,41447.61232234524,11500
2009-06-22,43710.2265625,43748.14752250217,41776.25760238939,41953.22208239951,14794
2009-06-23,43722.8671875,44380.16383212272,43141.41246341066,43343.65758483304,13178
2009-06-24,42345.06640625,43116.12582439366,41624.56826142724,43065.56455107276,12308
2009-06-25,40663.90625,43052.92654258626,40512.222421899285,42812.7604814268,17776
2009-06-26,40385.8203125,41194.80075068466,40183.575202953834,40979.91532179186,9705
2009-06-29,40272.0625,41005.20111424984,39640.04645323289,40335.26410467671,9998
2009-06-30,40474.296875,41043.11116587289,39665.316550203,40133.008300476264,10225
2009-07-01,40297.34765625,40411.11055741256,39437.80573635508,40082.46217627627,9460
2009-07-02,42130.1875,42357.713265076505,41055.7602760276,41093.68123687369,9874
2009-07-06,42648.4453125,43495.3468643487,42307.156627426644,42686.366277508154,9914
2009-07-07,44746.73828125,44746.73828125,42408.27879480049,42572.602974929374,13481
2009-07-08,44152.640625,45315.55014045949,43849.272925314915,44215.842229101065,17064
2009-07-09,44114.70703125,44405.43432687142,43495.33148840437,43887.18132163324,8957
2009-07-10,43672.30078125,44607.68435804088,43204.60899285456,44418.07957896165,12231
2009-07-13,42117.54296875,44809.93091963348,42016.420416604145,43558.539336828486,12542
2009-07-14,41725.69140625,42471.47019842472,41574.00758411277,42193.38319117313,11262
2009-07-15,39020.671875,40727.115251457726,38906.90898323615,40360.54593355199,14240
2009-07-16,38022.0859375,39349.3196553981,37845.121441780255,39336.679334275264,14173
2009-07-17,37630.2265625,38376.005322052406,37579.665290665944,37996.79578329695,9754
2009-07-20,36846.52734375,37503.82388641724,36707.48384433962,37225.73688759648,12597
2009-07-21,36366.203125,37415.349756691,36340.92248327251,36606.369221411194,18073
2009-07-22,35822.66796875,36467.32430834289,35405.53739607225,36340.92110450115,20940
2009-07-23,34141.50390625,35949.06964434469,33901.3378291605,35885.86804511061,31113
2009-07-24,34154.1484375,35127.45318571891,34103.58715187824,34874.6467576101,20269
2009-07-27,34103.578125,34950.479434998146,34015.09589858229,34229.98130559674,15178
2009-07-28,33926.62109375,34849.36451396004,33724.375960553276,34432.2339267418,17977
2009-07-29,34116.22265625,34722.95799804326,34015.10009928446,34192.06457397416,14379
2009-07-30,33661.17578125,33850.78060164757,32687.87103654243,33471.57096085242,17419
2009-07-31,33926.62109375,34027.74366034836,33269.32441086065,33749.656602202864,15964
2009-08-03,32965.94921875,33610.605434300705,32902.747628990124,33244.03621369344,14817
2009-08-04,32940.671875,33370.44272831926,32700.505809909824,33231.399216951264,15847
2009-08-05,33446.28515625,33876.056016156464,32776.34822757228,32788.988546981294,13393
2009-08-06,33977.1875,34242.63427734375,33105.00523158482,33332.53104073661,13343
2009-08-07,33104.9921875,33635.88553300401,32826.9051969979,33092.3518697499,17354
2009-08-10,33534.76953125,34053.02266007821,33206.12120565162,33395.72600888145,11139
2009-08-11,34204.703125,34545.99173711197,33787.57259908537,33926.61610772358,12778
2009-08-12,33092.36328125,34305.83420370989,32536.189108455885,34305.83420370989,18197
2009-08-13,32751.076171875,33522.13585789753,32649.95359010155,32738.435849153317,12036
2009-08-14,33484.203125,34078.29808418271,32965.95007550019,33054.432303463574,10769
2009-08-17,35418.16796875,35481.36955327668,34596.54736990319,34609.18768680853,14514
2009-08-18,34444.875,35228.57490825688,34305.831467889904,35026.3297706422,11724
2009-08-19,33989.81640625,35317.04984717832,33812.85194745956,35253.84825475316,14201
2009-08-20,33168.1953125,34128.859506002285,33041.792129144436,34040.377277653395,9061
2009-08-21,32283.365234375,33206.10825007953,32169.60239682239,32776.33753043633,12334
2009-08-24,32359.216796875,32586.742539978026,31828.323396301268,32182.252330017087,12160
2009-08-25,32207.53125,32359.21507064364,31537.59437549058,32182.250613226057,13016
2009-08-26,32245.451171875,32624.660711332566,31790.39972452592,32258.091489856917,11419
2009-08-27,32106.40234375,33269.31140501969,31992.639500799705,32258.086134350397,13730
2009-08-28,32068.4921875,32498.263072157075,31031.98593626823,31360.634259829523,13737
2009-08-31,32649.943359375,33067.07387848432,32447.698259200784,32510.899853005227,8946
2009-09-01,33876.05078125,34090.93617799674,31777.75808360541,32928.02697207323,17139
2009-09-02,33913.97265625,34318.462825836286,33572.68407566157,34217.34028343971,9481
2009-09-03,33446.28515625,34356.38815369898,33395.72387861394,33610.609308567175,7129
2009-09-04,32106.40234375,33471.556459153544,32030.560448449804,33370.43393208661,10897
2009-09-08,31449.107421875,31916.799131927,31398.546155923435,31600.791219729705,8256
2009-09-09,30905.578125,31676.63753834356,30614.850805214723,31436.471491564418,13838
2009-09-10,30349.40625,31057.26412172012,30260.924016034987,30880.29965379009,11197
2009-09-11,30260.927734375,30715.97927925282,30134.524527464495,30260.927734375004,9757
2009-09-14,30020.755859375,30728.61368174342,29982.83490460526,30690.692726973684,10687
2009-09-15,29869.076171875,30185.084172000632,29641.55041178454,30058.68097195038,11607
2009-09-16,28984.2578125,29793.238405609463,28895.77556012865,29590.9932573321,14165
2009-09-17,29009.533203125,29262.33959269472,28630.323618770424,29098.015439474402,15704
2009-09-18,28883.126953125,29199.134906660285,28655.601226579598,28718.802817286654,11425
2009-09-21,28731.44921875,29274.983013913334,28529.204085665973,29161.220126553566,12188
2009-09-22,28567.12890625,28807.295034222898,28352.243423326883,28377.52406837666,10467
2009-09-23,28895.7734375,28971.615362532808,27897.188091234686,28364.87996227034,16606
2009-09-24,29338.189453125,29767.960431757594,28541.849110364605,28642.971693572275,17796
2009-09-25,29869.076171875,30033.400331940327,29350.82305166896,29805.874571849872,15017
2009-09-28,28883.126953125,29616.26540532686,28529.19804516548,29553.063814619803,9825
2009-09-29,29110.66015625,29363.466584007274,28567.126336571862,28870.49404988059,10766
2009-09-30,29110.66015625,29970.20201062473,28605.047300735452,28895.774692656316,18896
2009-10-01,30766.53515625,30766.53515625,29249.69693983669,29262.3372583068,17281
2009-10-02,30943.501953125,31234.229299906812,30412.608537262564,31221.588980481516,13280
2009-10-05,30463.169921875,31031.984298009596,30185.08289354253,30652.774713919865,11445
2009-10-06,29376.10546875,30147.165035700837,29098.01841181691,30134.52471493115,14482
2009-10-07,29224.412109375,29616.261925720424,29186.491159406087,29451.937809188472,8475
2009-10-08,28971.607421875,29085.37027824362,28440.714092154776,28857.84456550638,9815
2009-10-09,28642.96484375,29199.138918385925,28541.842284725288,29098.01635936121,7881
2009-10-12,28503.919921875,28883.129499549614,28112.07002494457,28402.797367828436,6361
2009-10-13,28503.919921875,28782.00694550305,28276.394175270234,28529.200560386642,8844
2009-10-14,27707.576171875,28112.066334968065,27644.37458389171,27808.698712648267,10529
2009-10-15,27821.34375,28086.790464561564,27745.50183155384,27998.308226374374,8535
2009-10-16,28162.63671875,28567.127012735637,27935.110928383077,28036.233501879487,11052
2009-10-19,27631.73828125,28428.07840554952,27555.896364650045,28162.63169744968,10142
2009-10-20,27606.4609375,27973.030244820286,27303.09323489011,27328.37387677427,10656
2009-10-21,27745.494140625,27821.33603804812,26848.031687784736,27644.371610727507,16350
2009-10-22,27467.416015625,28149.99331191757,27265.170890797574,27808.704663771285,13381
2009-10-23,27682.29296875,27859.257398687212,26961.794932577053,27012.3561982734,14222
2009-10-26,27922.470703125,28149.99649427767,26923.88528639939,27694.94491197233,18802
2009-10-27,28718.810546875,28946.33633465834,27732.865466480525,27998.31221889442,20341
2009-10-28,29982.84375,30134.527613827995,28782.013161361723,28946.33734717538,19302
2009-10-29,29022.173828125,29818.51396365282,28870.489992786366,29616.268849867974,14647
2009-10-30,30539.013671875,30602.215273017126,28921.05268263659,29072.736525377688,25595
2009-11-02,30298.84375,31019.341911764706,29654.1875,30501.088848039217,25186
2009-11-03,30109.248046875,30741.26416876574,30020.765789810295,30564.299654636336,17657
2009-11-04,30033.39453125,30083.955801504628,29249.694842303237,29742.667227285878,15146
2009-11-05,28541.841796875,29376.10289456931,28478.640198564826,29350.82225524524,16210
2009-11-06,28175.2734375,28895.77168152759,28124.71215721736,28807.28944103297,14220
2009-11-09,26999.7265625,27821.34745508544,26987.08624107561,27783.426490812268,11413
2009-11-10,26848.037109375,27113.483803959214,26683.71296510858,27050.28221001059,11636
2009-11-11,26494.11328125,26860.68259668714,26216.026214366648,26443.551996362115,12787
2009-11-12,26797.474609375,26923.877791494695,26190.739335200473,26494.106972287736,11117
2009-11-13,26329.79296875,26822.765568740997,26203.389737983078,26645.801045667307,10682
2009-11-16,25824.171875,26228.662085474793,25584.00581253059,26140.179851933433,11268
2009-11-17,25634.568359375,26064.33922930535,25634.568359375,25963.21667167468,8270
2009-11-18,25900.01953125,26279.229187637262,25786.256634333822,25798.896956213397,8471
2009-11-19,26721.634765625,27113.48466048516,26266.583274819655,26279.223594008694,12026
2009-11-20,27012.365234375,27214.610364814867,26885.96202785008,27050.286196332476,8074
2009-11-23,26127.541015625,26494.110289671018,25748.33142178429,26494.110289671018,8691
2009-11-24,26317.1484375,26620.51614283141,26140.183942723343,26152.824263778817,7378
2009-11-25,26102.2578125,26304.5029093523,26051.696538286924,26152.819086713072,4193
2009-11-27,26860.671875,27593.810213235294,26506.74302205882,27505.327999999998,6567
2009-11-30,26822.7578125,27353.651228204526,26734.275576549247,26999.72228440151,7922
2009-12-01,26228.6640625,26405.628542921684,25900.015741716867,26392.988222891563,8555
2009-12-02,26152.8203125,26279.223503957226,25697.768823253988,26076.978397625666,7190
2009-12-03,26380.345703125,26405.626341077204,25672.487840463284,25975.855495889733,7405
2009-12-04,26127.541015625,26658.434447001993,25381.762147738267,25710.410462400218,15679
2009-12-07,26342.423828125,26468.827013480684,25912.652997915666,26152.81905009147,7150
2009-12-08,26683.71484375,27012.363155421008,26253.94397464176,26633.15356503138,9524
2009-12-09,26127.541015625,27062.924680432086,26076.97973644624,26708.995726180758,8224
2009-12-10,25887.373046875,25937.934322357178,25596.645712852478,25937.934322357178,6465
2009-12-11,26064.341796875,26279.227253008306,25546.088637965266,25634.57088460839,7464
2009-12-14,25584.00390625,26001.134404721466,25520.802315572506,25710.40708760499,4960
2009-12-15,25849.455078125,26001.13892210422,25444.964827513755,25723.051874808985,5127
2009-12-16,25786.248046875,25862.08995289522,25407.038516773897,25672.48518784467,4672
2009-12-17,26380.345703125,26481.468254933818,25975.855495889733,26051.697409746346,6837
2009-12-18,25558.7265625,26102.26031234545,25546.08624273615,25937.936155415427,7486
2009-12-21,24964.62890625,25318.55782238924,24787.664448180378,25305.917503955694,7622
2009-12-22,24661.265625,24888.79139703998,24585.423700986674,24838.23011436443,5916
2009-12-23,24332.61328125,24699.18252029221,24294.692325487013,24560.13901582792,6663
2009-12-24,23864.921875,24256.771757481463,23864.921875,24244.131438691737,3230
2009-12-28,23624.7578125,23902.84484935126,23536.275573501873,23738.520691211877,5168
2009-12-29,23814.365234375,23839.645876874336,23574.199130631303,23612.12009438031,4455
2009-12-30,23650.037109375,23877.562853879943,23561.554875400852,23839.64189646245,5230
2009-12-31,24067.169921875,24079.81024221212,23548.91678805311,23561.55710839023,4270
2010-01-04,23397.23046875,23536.273977748515,23334.028873750674,23485.712701749057,6550
2010-01-05,23384.591796875,23650.038514569256,23296.10955764358,23422.51275654561,6533
2010-01-06,23637.3984375,23725.880677640376,23245.54851687834,23422.51299715909,8587
2010-01-07,23637.3984375,23890.20483790107,23536.275877339573,23599.47747743984,7974
2010-01-08,23232.91015625,23864.926210554953,23232.91015625,23776.44396295226,8589
2010-01-11,23409.875,23650.041104211665,23131.787931965442,23169.70889578834,5966
2010-01-12,24016.603515625,24244.129233141448,23650.034304070723,23713.23589226974,7855
2010-01-13,23397.23046875,24180.930246741627,23258.186959751485,23839.641633745272,9539
2010-01-14,23397.23046875,23548.91429674838,23232.906321751758,23510.993339748784,5415
2010-01-15,23902.84375,24105.08885840825,23207.62618984664,23296.10842477525,8829
2010-01-19,23144.421875,23814.358717913707,23093.8606038367,23789.078082332057,8514
2010-01-20,23801.724609375,24269.416489644183,23435.155297812667,23447.795618901022,9400
2010-01-21,24256.771484375,24446.376264086113,23346.66854176166,23675.316826594255,14751
2010-01-22,25647.208984375,25773.612182918005,24256.773800401985,24370.53667909069,16953
2010-01-25,25495.5234375,25697.768541615023,25141.59450529871,25356.479928420922,9681
2010-01-26,25419.677734375,25773.606613819305,24812.942512470476,25508.159954236075,12324
2010-01-27,25040.47265625,25824.17245669801,24863.508185181097,25508.164472646393,14359
2010-01-28,26304.5078125,26569.954551597788,25318.562781565353,25381.764386112445,18197
2010-01-29,27227.25,27429.49512534819,25748.332520891367,25887.376044568246,23415
2010-02-01,26645.79296875,27113.48478082009,26595.231691769448,27075.563823084674,14315
2010-02-02,26152.8203125,26911.239461243356,26001.13648275133,26569.950844308845,13392
2010-02-03,25849.455078125,26418.269493047068,25760.97283580379,26405.629172715464,11668
2010-02-04,27341.00390625,27341.00390625,26140.17386875867,26253.93671441574,18249
2010-02-05,26923.880859375,27998.308029819545,26848.03894146127,27176.687252420776,28645
2010-02-08,27277.810546875,27315.73150685675,26633.154227185183,26949.16222703313,13230
2010-02-09,26721.634765625,27151.40561805227,26216.021998063505,26658.433169679814,21263
2010-02-10,26822.7578125,27164.04643688148,26468.828868696983,26721.63525712771,10753
2010-02-11,26001.142578125,27138.77156793115,25874.73935703543,26835.40383731618,11717
2010-02-12,25874.732421875,26582.590270250672,25760.969553386054,26519.3886766457,13547
2010-02-16,25255.35546875,25786.24882695195,25204.79419654029,25533.4424659034,7694
2010-02-17,24964.62890625,25305.917503955694,24964.62890625,25027.83049841772,6959
2010-02-18,24648.6171875,25078.387948717947,24547.494655448718,24989.905733173076,7358
2010-02-19,24661.265625,24901.431717708867,24408.459211622245,24737.107549013326,8129
2010-02-22,24762.3828125,24939.3472634316,24433.734546484175,24471.655500255234,5613
2010-02-23,25407.04296875,25621.92840679415,24749.746334732587,24812.947934157335,10193
2010-02-24,24901.427734375,25204.79538190038,24661.261680084073,25116.313151372146,9929
2010-02-25,24850.869140625,25735.69154135936,24775.027220562057,25432.32386110758,10867
2010-02-26,24686.541015625,25103.671508976575,24598.058789762545,24876.14578533026,6568
2010-03-01,23978.6875,24496.94062994201,23890.205258302583,24484.300309699523,7678
2010-03-02,23839.642578125,23928.124814629176,23523.634590610087,23814.361939123806,11537
2010-03-03,23776.4375,23953.401947102604,23548.91178229665,23713.23591174907,8113
2010-03-04,23624.7578125,23978.68676849251,23548.91589335875,23751.161011068754,7468
2010-03-05,22891.6171875,23359.308979845388,22828.41559393981,23270.826748861124,10446
2010-03-08,22828.41796875,22904.25988891196,22702.01476848007,22878.979248857973,6044
2010-03-09,22550.330078125,22954.82030374159,22310.16400666515,22954.82030374159,10835
2010-03-10,22183.76171875,22562.971320779918,22082.63915820869,22550.331000712253,12174
2010-03-11,22032.076171875,22373.3647872741,22019.435852786144,22284.88255365211,11283
2010-03-12,21994.15234375,22183.75710533405,21867.74916936063,21867.74916936063,7720
2010-03-15,22107.916015625,22423.923963246856,21981.512836576258,22120.556333529876,5650
2010-03-16,21829.828125,22120.555424869715,21766.6265380718,21968.87161624204,5779
2010-03-17,21716.0703125,21855.113836037544,21501.184867032887,21766.63159378638,7457
2010-03-18,21564.390625,21779.276111884526,21513.829333968348,21678.153529821222,9041
2010-03-19,21817.19140625,21968.875239897163,21412.701183190904,21817.19140625,10069
2010-03-22,21425.337890625,22044.71344026549,21261.013765210177,22006.792488246683,10673
2010-03-23,21134.6171875,21551.747789884867,21096.696223646828,21336.86232805024,7221
2010-03-24,21324.22265625,21425.345229605067,21197.819439556166,21197.819439556166,6928
2010-03-25,21412.703125,21425.343445616883,20805.967735389608,20982.93222402597,11147
2010-03-26,21311.5859375,21577.032737433274,21046.139137566726,21235.743994661923,10642
2010-03-29,21134.6171875,21261.0204003439,20982.93333208732,21134.6171875,6379
2010-03-30,20995.5703125,21286.29765577965,20869.167119769718,21033.491270319086,8061
2010-03-31,21159.89453125,21286.297724387692,20957.64942222969,21121.97357330869,8631
2010-04-01,21185.177734375,21526.46639716028,20730.12618399463,21033.49388424821,12681
2010-04-05,20793.32421875,21223.095053666413,20704.841988031916,21121.972504274316,8692
2010-04-06,20679.55859375,20982.926201482274,20553.155423861554,20881.803665571515,8798
2010-04-07,20755.40625,20995.572339372717,20578.44176309379,20730.1256090134,9781
2010-04-08,20704.841796875,21109.331990708943,20628.999885531135,20907.08689379197,11776
2010-04-09,20452.037109375,20768.04509932208,20414.11615058135,20654.282222941132,7244
2010-04-12,20401.474609375,20502.597160103003,20300.352058646993,20401.474609375,4663
2010-04-13,20211.869140625,20578.438374570043,20161.307866977408,20439.394872039164,6069
2010-04-14,19718.896484375,20047.544759114582,19693.61584785657,19984.343167818508,8871
2010-04-15,19554.5703125,19744.17506666128,19491.368727779573,19731.534749717193,6853
2010-04-16,19971.703125,20249.790130537975,19541.932298259493,19680.97580102848,13001
2010-04-19,20022.267578125,20515.240075313683,19883.22405327691,20136.030462091618,9158
2010-04-20,19820.01953125,20085.46622140067,19718.896982621176,19794.738894092796,5967
2010-04-21,19605.134765625,19845.300826583654,19466.091256648935,19554.5734896337,9508
2010-04-22,19364.96875,20199.2298058094,19339.68811194517,19971.704063315927,12350
2010-04-23,19225.921875,19541.929795364893,19175.36060774162,19377.605676775147,8131
2010-04-26,19289.12890625,19377.61114893922,19112.164420871562,19213.286983944956,5771
2010-04-27,20098.109375,20224.51257861635,19289.128871855348,19453.453036556602,14070
2010-04-28,20072.828125,20414.11676440491,19883.223325330604,19908.503965286523,12928
2010-04-29,19402.890625,19895.863090390878,19314.40838762215,19870.582451140064,8250
2010-04-30,20173.94921875,20186.589537809366,19339.688160831767,19402.889756128603,10107
2010-05-03,19579.859375,19996.99001371853,19390.25453921885,19996.99001371853,8843
2010-05-04,20780.68359375,21020.849645015966,20060.1854399521,20085.466076927463,16372
2010-05-05,20957.65234375,21437.984544632087,20704.84592223311,21172.537802039355,16061
2010-05-06,22322.802734375,25824.1710001858,9467.598668203213,21248.3756491984,33351
2010-05-07,23384.591796875,24383.177068201014,22145.840447635135,22714.654842694257,32802
2010-05-10,21058.771484375,21526.463288049596,21046.131165356768,21412.700416885506,21145
2010-05-11,21109.33984375,21551.751157840572,20515.244650542667,21463.268895022455,17134
2010-05-12,20338.271484375,20945.006743076057,20275.069894926975,20869.164835738426,13055
2010-05-13,20957.65234375,21033.494270205065,20161.312115971803,20464.67982179207,12988
2010-05-14,21728.708984375,22221.681439517888,21248.376848594748,21248.376848594748,19791
2010-05-17,21602.310546875,22550.33470779696,21425.346036836236,21665.51215760313,19085
2010-05-18,22209.041015625,22398.64580517217,21159.894513464,21235.73642928287,18376
2010-05-19,22562.97265625,23043.3048472514,22006.79854035364,22360.72752319678,22356
2010-05-20,24218.853515625,24319.97607727688,23321.390780964575,23422.513342616454,27552
2010-05-21,23687.9609375,25166.878456009872,23321.391638040288,24989.913966615528,25557
2010-05-24,23864.921875,23877.562193789723,23169.70434156515,23713.238049523305,13082
2010-05-25,23839.642578125,25419.682515699562,23763.800661121422,24914.069735675705,22725
2010-05-26,24357.892578125,24433.73448547775,22891.615702638494,23523.631597244745,15677
2010-05-27,22525.048828125,23371.950215041037,22499.768189709597,23245.547022964016,15977
2010-05-28,22739.931640625,23169.70244428328,22398.643061249306,22449.204332267927,13596
2010-06-01,23194.986328125,23245.547606224452,22133.199488036444,22916.899298577995,15556
2010-06-02,22082.640625,23245.550148468803,22057.35998318546,22929.542125787062,12578
2010-06-03,21690.79296875,22246.9671474359,21589.67039080711,21956.23973585009,9495
2010-06-04,23144.421875,23296.105688489894,22044.714227198252,22600.888209994537,16819
2010-06-07,23991.328125,24054.52972701528,22777.85736630664,22891.62024993414,12819
2010-06-08,24079.810546875,24737.107212721454,23725.881572957675,23902.846059916337,19080
2010-06-09,24484.298828125,24623.34234237868,23296.108797229932,23751.160298423787,14146
2010-06-10,23081.224609375,24016.608301102133,23030.6633287411,23852.284139041963,13291
2010-06-11,22638.80859375,23548.9114517902,22588.24732385888,23523.63081684464,10470
2010-06-14,22664.09375,22727.295349972115,21918.314870329057,22221.682550195204,10763
2010-06-15,21437.98046875,22449.205962558965,21374.778875386943,22411.285006541126,12846
2010-06-16,21235.73828125,21627.588213820687,21046.13347516741,21577.026932198663,9060
2010-06-17,21084.046875,21488.53698291367,20995.564663893885,21033.48561151079,7723
2010-06-18,21084.046875,21210.450033723024,20780.67929406475,21020.84529563849,7519
2010-06-21,21425.337890625,21678.144237417036,20477.31409015487,20565.79631153208,10732
2010-06-22,21766.6328125,21842.47473867596,20932.37162456446,21273.66029235627,12652
2010-06-23,21943.599609375,22284.88831297703,21551.749616350444,21728.714129329277,14192
2010-06-24,22613.533203125,22752.576727571268,21994.157503318893,22145.841348169368,13398
2010-06-25,22702.013671875,23005.381337868876,22297.523450549834,22449.207283546773,11224
2010-06-28,22828.41796875,23144.425969424836,22398.647087832225,22664.093808399088,9334
2010-06-29,24560.13671875,24901.425288696602,23510.990374099332,23523.63069150476,18184
2010-06-30,25331.201171875,25419.683411497317,24256.77397646114,24749.74645435691,13651
2010-07-01,25508.162109375,26456.18597369766,25053.110654500124,25204.79447279175,19617
2010-07-02,25634.568359375,26076.979549009186,25217.437809148483,25407.042604705992,11069
2010-07-06,25470.24609375,25912.657316222085,24547.502686879652,24876.151023573202,11398
2010-07-07,23864.921875,25356.4794921875,23801.720281051377,25318.558535818327,12952
2010-07-08,23612.1171875,24155.650934321468,23384.591433016594,23473.073670871254,9539
2010-07-09,23131.783203125,23725.878181565913,23131.783203125,23612.115313353825,7495
2010-07-12,23018.021484375,23308.748828768534,22714.65382066001,23169.705316232496,5668
2010-07-13,22423.9296875,22954.823175028185,22221.684549394024,22613.53450447435,11368
2010-07-14,22196.40625,22499.773989179954,21930.95947821754,22310.169152192484,8875
2010-07-15,22120.556640625,22739.932226562498,22006.793777901785,22284.88077566964,9946
2010-07-16,23346.671875,23397.23315680834,22246.96399566865,22297.52527747699,12397
2010-07-19,22954.822265625,23612.11893842924,22866.340021209046,23207.628678242017,10200
2010-07-20,22423.9296875,23852.285975373452,22386.00872410513,23713.24244292559,12846
2010-07-21,23018.021484375,23081.22308098229,21880.392745443783,21918.313703408156,14347
2010-07-22,21867.755859375,22398.64935422688,21627.589754561057,22398.64935422688,12335
2010-07-23,21564.390625,22221.68740841149,21539.109979484176,22133.205149106096,13562
2010-07-26,21223.1015625,21716.07414197439,21185.180594848123,21501.18865861376,8067
2010-07-27,21223.1015625,21425.346723310005,20957.654788936867,20995.575756588743,7669
2010-07-28,21551.74609375,21728.710577804253,21084.054243035192,21286.299367668624,7340
2010-07-29,21880.39453125,22310.165423256065,21235.7381932409,21324.220435712738,14213
2010-07-30,21766.6328125,22487.131111171606,21526.4667129428,22221.68436955575,11317
2010-08-02,20957.65234375,21412.703902480396,20843.8894540674,21248.37972849442,7391
2010-08-03,21121.9765625,21336.862021244764,20945.012067063137,21020.853993678935,5356
2010-08-04,20730.125,21121.97492378049,20666.923399390245,20945.01044207317,6344
2010-08-05,20793.32421875,21084.051548252282,20730.12262537994,20919.72740549012,4946
2010-08-06,20856.52734375,21501.18364346591,20793.325745738635,21273.657890625,8816
2010-08-09,20629.001953125,20843.88739013672,20489.958435058594,20654.282592773438,5259
2010-08-10,20932.373046875,21286.302059744867,20704.84725288723,20919.732724986792,9117
2010-08-11,22044.716796875,22259.602224367474,21627.586261154313,21640.226580418577,13415
2010-08-12,22411.2890625,23005.38414763113,22246.96489001692,22904.261579949238,12122
2010-08-13,22752.576171875,22752.576171875,22411.287529296875,22588.252010633678,6898
2010-08-16,22664.09375,23169.70654977691,22348.08575013943,22992.742069854994,6920
2010-08-17,22082.640625,22423.92928949628,21678.150355967373,22335.447043145392,6651
2010-08-18,21918.314453125,22348.085324754902,21640.227418540948,22158.480528447595,7271
2010-08-19,22575.61328125,22866.34066393127,22006.7988368736,22171.12300969345,9721
2010-08-20,22499.76953125,22891.61945005267,22411.287291520366,22651.453370786516,6287
2010-08-23,22942.18359375,22967.464236828513,22082.64172908058,22183.76430139463,8485
2010-08-24,23814.365234375,23991.329731870355,23321.39270563794,23447.795918134623,11439
2010-08-25,23346.671875,24218.85398619383,23144.426747766647,24143.01206348132,9582
2010-08-26,23902.84375,23953.40502710206,23081.222997091485,23169.705232020093,8459
2010-08-27,23308.75,24547.501355748373,23232.908080260302,23574.196719088937,13474
2010-08-30,23789.0859375,23814.36658142933,23119.148873372742,23548.91982017136,5455
2010-08-31,23902.84375,24269.41300898995,23548.91481028556,24054.527581306185,9556
2010-09-01,22525.048828125,23296.108299794825,22373.364997632576,23258.187342171717,9991
2010-09-02,22019.439453125,22562.973262817522,22006.799131969357,22449.21037241676,6189
2010-09-03,21298.9375,21741.348664688427,21286.2971810089,21564.384198813055,8519
2010-09-07,21602.310546875,21652.871835457503,21273.662171088723,21463.267003273115,4811
2010-09-08,21071.41015625,21463.260015184464,20869.165067767695,21437.979379124175,6977
2010-09-09,20881.802734375,20982.92526577633,20641.636722296837,20692.1979879975,8845
2010-09-10,20755.40625,21058.773941839223,20679.564327040196,20843.88849345311,6100
2010-09-13,20161.3125,20426.759247648904,20060.189929467084,20426.759247648904,7796
2010-09-14,19984.345703125,20312.994019558428,19782.100585319815,20237.152100381485,7485
2010-09-15,19756.826171875,20211.87783034429,19693.624552643156,20085.474591880597,6731
2010-09-16,19579.859375,19908.50775702066,19541.93840784377,19807.38517793738,5778
2010-09-17,19428.16796875,19643.05336593201,19314.405111418346,19327.04542889964,9328
2010-09-20,18770.87109375,19339.685369318184,18682.38887310606,19289.124100378787,10117
2010-09-21,18808.79296875,18922.555829448083,18492.78502236643,18745.591379473288,10760
2010-09-22,18871.998046875,19074.243169949346,18606.55132283992,18922.559327643587,9153
2010-09-23,18909.91796875,19150.084039208723,18492.78742532169,19112.163080715243,10942
2010-09-24,18113.578125,18518.068355286112,18088.29748560712,18454.86675680391,9609
2010-09-27,18303.181640625,18328.462278250172,18037.734945560685,18126.217177248793,5442
2010-09-28,18303.181640625,18897.276624816557,18189.418771311724,18214.699408936896,9986
2010-09-29,18366.38671875,18505.430252064696,18189.422221804027,18379.027039960427,6115
2010-09-30,18543.349609375,18770.87537145322,17961.89488406399,18189.42064614221,12188
2010-10-01,18581.267578125,18758.232031249998,18189.41771763393,18227.338671874997,8302
2010-10-04,18998.396484375,19200.641556730287,18555.985388597805,18695.028875842065,9156
2010-10-05,18063.01953125,18606.553358992303,17987.177601797586,18568.632394266097,9802
2010-10-06,18328.462890625,18593.90959455819,18012.454909752156,18113.577463631467,9565
2010-10-07,18239.984375,18530.711776680528,18138.861800502425,18138.861800502425,8523
2010-10-08,17974.533203125,18467.50563274657,17886.050972167282,18214.699258581662,8738
2010-10-11,17974.533203125,18075.655752790964,17784.928422501318,17949.25256570851,5910
2010-10-12,17721.732421875,18328.467911354313,17633.2501629926,18025.10016661466,7511
2010-10-13,17405.71875,17595.323529411766,17254.034926470587,17506.84129901961,7078
2010-10-14,17481.560546875,17671.16532504067,17342.51704288684,17393.07831706435,7372
2010-10-15,16748.421875,17342.516839622644,16748.421875,17064.429834905663,9910
2010-10-18,16874.828125,16874.828125,16609.38139044944,16735.78459737828,7217
2010-10-19,17165.5546875,17431.00140947165,16912.74828562224,17178.195007593888,13130
2010-10-20,16925.38671875,17140.272136389096,16672.580345056947,17077.070542965834,7604
2010-10-21,16874.828125,17190.836142322096,16571.460428370785,16710.50395599251,9817
2010-10-22,16634.66015625,16912.74718013868,16596.739198446998,16849.545583800344,5913
2010-10-25,16482.974609375,16520.895563230923,16242.808568287479,16482.974609375,7269
2010-10-26,16381.8544921875,16761.064086914062,16306.012573242188,16647.301208496094,6793
2010-10-27,16255.4521484375,16609.38112212043,16255.4521484375,16546.17951967705,7634
2010-10-28,16217.53125,16482.977981293843,16116.408685697583,16141.689326773187,8153
2010-10-29,16280.732421875,16293.37274207832,16091.127618825214,16204.890500655085,5248
2010-11-01,16280.732421875,16407.13562390819,15926.803456182066,16154.32921984181,8326
2010-11-02,15901.5185546875,16040.562039664894,15813.036336974612,15990.000772400386,6321
2010-11-03,15775.1201171875,16166.970055995842,15737.199155367338,15863.602361434545,9019
2010-11-04,15370.6298828125,15471.752447831004,15244.226676539372,15383.270203439813,9677
2010-11-05,15370.6298828125,15459.11212720369,15282.147638421311,15357.989562185188,6943
2010-11-08,15320.0673828125,15497.031857531458,15282.146423944154,15408.54962017198,4547
2010-11-09,15484.3896484375,15623.433147321428,15155.741378348213,15206.302650669642,6214
2010-11-10,15345.34765625,15699.276597250824,15294.786378964169,15446.470210821664,8381
2010-11-11,15534.9521484375,15926.802039895241,15471.75055304109,15800.398849102421,8602
2010-11-12,16027.9326171875,16268.098799937155,15560.240577096067,15686.643831174833,11638
2010-11-15,16141.6826171875,16166.96324775475,15813.034419813284,15876.235996231402,8306
2010-11-16,16697.865234375,16824.268453408877,16192.252358239497,16394.497508693697,12022
2010-11-17,16584.09765625,16748.421794612233,16407.133199552212,16659.93956626334,8459
2010-11-18,16053.201171875,16242.805910125493,15813.035170091043,16217.52527835876,9504
2010-11-19,16015.287109375,16217.532250456296,15939.445181469515,16103.769358598067,5414
2010-11-22,15749.837890625,16204.88938666232,15749.837890625,16154.328109324839,8952
2010-11-23,16255.4521484375,16432.416635278965,16027.92637964133,16065.84734110736,10408
2010-11-24,15585.515625,15939.444609184915,15509.673699817518,15926.80428832117,6961
2010-11-26,15775.1201171875,15863.602361434545,15585.515308086688,15762.47979658078,3296
2010-11-29,15825.6787109375,16192.247946254742,15724.556163263776,15838.319029396715,9003
2010-11-30,16217.53125,16331.294134840218,16002.645800857365,16154.32964731099,8551
2010-12-01,15522.3173828125,15737.20288404036,15345.352852389557,15724.562560438722,8211
2010-12-02,15206.3037109375,15497.031047056838,15155.74243509066,15459.110090171707,7355
2010-12-03,15105.1796875,15345.345724372384,15079.899052039747,15345.345724372384,6376
2010-12-06,15130.4638671875,15218.946112024854,15067.262263732247,15130.463867187502,3288
2010-12-07,15117.82421875,15143.104861256272,14751.254902409073,14776.535544915343,7196
2010-12-08,15004.056640625,15218.942034804128,14953.495371406381,15041.977592538964,5823
2010-12-09,14966.1396484375,15067.262213629645,14789.175159351245,14827.0961212983,4654
2010-12-10,14776.5361328125,14991.421602665207,14738.615167544376,14902.939350372915,6140
2010-12-13,14877.658203125,14890.29852445306,14637.492097891887,14662.772740548004,5941
2010-12-14,14814.4580078125,14915.580588070605,14700.69510502213,14801.817685280237,7665
2010-12-15,14940.8564453125,15016.698356202412,14650.129120234507,14827.093578977634,9568
2010-12-16,14713.3310546875,14991.418067748606,14662.769779585482,14928.216473871082,6456
2010-12-17,14700.6904296875,14751.251703736296,14599.567881589906,14662.769474150902,4151
2010-12-20,14662.7744140625,14877.65990116514,14549.011509125809,14637.493768521013,4870
2010-12-21,14485.8037109375,14624.847202054701,14485.8037109375,14549.005297808955,4297
2010-12-22,14473.1689453125,14536.370556427402,14447.88830086654,14485.809267535482,2819
2010-12-23,14561.64453125,14637.48642985026,14485.802632649738,14549.004214816623,3710
2010-12-27,14549.0068359375,14839.734166282036,14498.445561094972,14612.20842949066,4832
2010-12-28,14599.5703125,14662.771915584415,14473.167106331168,14473.167106331168,2984
2010-12-29,14536.3662109375,14561.646847826089,14473.164618716033,14511.085574048913,2610
2010-12-30,14612.2060546875,14650.127004656411,14523.723838093372,14523.723838093372,3491
2010-12-31,14700.6904296875,14839.73393332169,14624.848518614304,14624.848518614304,3537
2011-01-03,14245.640625,14435.245424800354,14043.395505212953,14435.245424800354,7577
2011-01-04,14258.28125,14447.886053856384,14119.237727171987,14131.878047429078,7600
2011-01-05,14030.75390625,14372.042514780404,14018.113587415539,14346.761877111485,7851
2011-01-06,13942.2724609375,14056.035336865367,13916.991821842419,14005.474058675205,6754
2011-01-07,13942.2724609375,14232.999810530939,13866.430543652255,13891.711182747338,8911
2011-01-10,13853.7880859375,14093.954120274007,13803.226815550866,14030.752532290717,7687
2011-01-11,13803.23046875,13916.99335722871,13714.74822215545,13740.028864039607,6747
2011-01-12,13613.625,13790.589484679665,13600.984679665738,13676.82660167131,6616
2011-01-13,13613.625,13689.466922005571,13525.142757660167,13588.344359331477,6594
2011-01-14,13398.7373046875,13664.183987138857,13386.096986475532,13600.98239607901,6416
2011-01-18,13322.896484375,13626.264146258301,13284.975526639586,13613.623827013163,5765
2011-01-19,13626.2646484375,13714.746886414368,13272.335696530034,13284.976016241015,7922
2011-01-20,13828.509765625,14018.114561314556,13702.10656849863,13740.027527636541,9841
2011-01-21,14030.75390625,14043.39422508446,13626.263703547296,13676.824978885134,7284
2011-01-24,13651.544921875,14030.754503038193,13626.264283130786,13967.552906177661,7747
2011-01-25,13600.984375,13841.150455971188,13563.063414846654,13777.948855715613,9416
2011-01-26,13474.5791015625,13638.903236947408,13373.456556710249,13550.42101020169,8666
2011-01-27,13297.6171875,13411.380072183934,13209.13494385694,13373.459110622623,7216
2011-01-28,13967.5546875,14081.317576357465,13272.33703337104,13297.617675339367,14671
2011-01-31,13815.869140625,14131.877126458143,13740.027224025047,13929.632015524932,7455
2011-02-01,13310.2587890625,13638.907154224538,13234.416858640492,13613.626510750535,9136
2011-02-02,13348.177734375,13398.739013671875,13247.05517578125,13360.818054199219,5229
2011-02-03,13322.896484375,13600.983507768025,13259.694888149312,13386.098080600686,7012
2011-02-04,13145.9326171875,13373.458374023438,13120.651977539062,13284.976135253906,7896
2011-02-07,13019.5283203125,13133.291189130765,12880.484813979067,13095.37023285801,7918
2011-02-08,12842.56640625,13070.092189037894,12829.926084984007,13006.890582707923,5566
2011-02-09,12893.1240234375,12968.965929457721,12817.28211741728,12905.764341107537,10149
2011-02-10,12842.56640625,13095.372831569883,12817.285763718011,13057.451867771899,13959
2011-02-11,12665.6005859375,12968.96826464259,12652.960265991454,12918.406984858408,9373
2011-02-14,12615.0400390625,12690.88196314504,12577.11907702123,12678.241642464616,4845
2011-02-15,12640.322265625,12754.085166015626,12602.401298828125,12665.60291015625,5686
2011-02-16,12463.35546875,12577.118348282202,12400.15386900989,12577.118348282202,8011
2011-02-17,12488.6357421875,12615.038937958627,12425.434144301935,12589.758298804401,5825
2011-02-18,12539.1962890625,12627.678520940965,12438.073738344254,12475.994694863595,5414
2011-02-22,13259.6962890625,13297.617250804338,12792.00442757984,12855.206030482901,16537
2011-02-23,13461.9404296875,13689.466183428698,13171.21307768486,13284.975954555459,18642
2011-02-24,13335.5361328125,13676.824735263626,13247.053902547394,13398.737725859006,3077
2011-02-25,12963.912109375,13206.607183410155,12923.463701873061,13196.49431003075,30510
2011-02-28,12905.7666015625,13057.450440170483,12779.363402722514,12852.677103748927,33029
2011-03-01,13315.3134765625,13388.626407198071,12797.060353450293,12812.228120338254,50593
2011-03-02,13178.796875,13348.177465838518,13006.888837450602,13327.953263128195,43352
2011-03-03,12665.6005859375,12933.575523094443,12617.567524443308,12933.575523094443,21438
2011-03-04,12789.4765625,12951.272516101015,12663.073353201711,12668.129790175228,18268
2011-03-07,13123.1806640625,13363.346763411419,12660.545223391959,12685.825865428687,20319
2011-03-08,13022.0576171875,13322.897863567994,12908.295503708412,13166.157580100913,16586
2011-03-09,13206.607421875,13343.121956914896,13092.844537837818,13123.180072508107,19441
2011-03-10,13606.041015625,13722.331344635739,13436.660415798873,13504.918453699891,27975
2011-03-11,13444.244140625,13767.8360263636,13360.81833662324,13762.781132733295,21515
2011-03-14,13537.78515625,13740.030312645891,13391.157726464597,13595.9303301122,21469
2011-03-15,13914.462890625,14415.019182702541,13762.779072237405,14336.648284064395,31102
2011-03-16,14581.873046875,14781.590722865,13995.361882089215,14144.51827737368,43000
2011-03-17,14318.955078125,14334.122844884716,14000.418089100654,14131.87772538017,23563
2011-03-18,14372.0458984375,14399.85398921719,13982.723369473622,13987.779806799394,25388
2011-03-21,13831.0400390625,13997.893219174344,13674.301276998773,13939.748045214437,21989
2011-03-22,13866.4326171875,13934.69066155283,13772.893929946717,13795.647125737822,18546
2011-03-23,13722.3330078125,14162.21682270474,13638.907192714461,13975.139443265965,19493
2011-03-24,13226.8310546875,13661.658367938673,13171.213338514477,13517.558412447415,18531
2011-03-25,13156.044921875,13199.020773014443,12986.664334946588,13148.459495901947,19707
2011-03-28,13305.1982421875,13317.838560020286,13037.224121335488,13047.335449797187,9326
2011-03-29,13057.4501953125,13446.772657642061,13054.922748586216,13365.874303299945,13078
2011-03-30,12920.9345703125,13044.80954541587,12883.013612331639,12923.462788478664,12079
2011-03-31,12883.0126953125,13009.415108080782,12860.260276444285,12968.966706316762,16207
2011-04-01,12877.9599609375,12946.217237161785,12673.186589256578,12754.084959045396,15446
2011-04-04,12953.80078125,13065.034673403545,12776.835526630686,12797.060501889084,13803
2011-04-05,13039.755859375,13075.149378158616,12855.207466878841,13006.891330794817,14855
2011-04-06,12968.9677734375,13113.067723966133,12741.442023026315,12829.924259297331,16827
2011-04-07,12971.494140625,13161.09891685519,12807.17077272931,12971.494140625,15976
2011-04-08,13100.42578125,13236.94028877681,12819.810569545929,12860.259741130045,14927
2011-04-11,13183.8525390625,13274.8622174311,12936.102598607826,12996.775203184336,18865
2011-04-12,13360.8173828125,13466.996372601958,13236.941637556849,13300.143233502036,17710
2011-04-13,13140.875,13355.760417705105,13067.562077411087,13176.26850953096,20301
2011-04-14,13186.3798828125,13426.54593869852,13150.987916170734,13325.423388851774,16161
2011-04-15,13236.9423828125,13403.795531306452,13128.23594026802,13284.97621563829,15333
2011-04-18,13424.0185546875,13853.789393538136,13406.321799780353,13497.333020870969,23407
2011-04-19,13252.1103515625,13484.692522802794,13247.053915512302,13350.703911006955,13698
2011-04-20,12640.322265625,12814.758558589816,12622.625505851507,12781.894029300809,18060
2011-04-21,12445.6591796875,12526.557538994994,12392.570451114885,12392.570451114885,11905
2011-04-25,12382.45703125,12468.411823535795,12367.289264614998,12422.906209119097,5778
2011-04-26,12238.357421875,12369.816280995785,12157.45906895154,12316.727556612626,13750
2011-04-27,12066.447265625,12306.613307852429,12046.223065407361,12202.963317357304,14145
2011-04-28,12122.06640625,12215.605079195919,12074.03334642799,12139.763162159943,14181
2011-04-29,12114.482421875,12172.627582514957,12046.224388511686,12149.875161895143,7596
2011-05-02,12167.5703125,12233.300123179039,12020.942926103835,12079.088082760014,15116
2011-05-03,12286.390625,12433.018023445773,12157.459211054163,12180.211631984868,16719
2011-05-04,12319.25390625,12526.555434965994,12205.491041553034,12271.220851012042,19355
2011-05-05,12448.1845703125,12541.72322879432,12165.041920063517,12438.072470572135,24461
2011-05-06,12372.3427734375,12438.072579581569,12058.863049716278,12197.906544000218,16826
2011-05-09,12271.2236328125,12425.435705327945,12180.21316612273,12334.425238638176,14248
2011-05-10,12074.033203125,12243.413019592703,12036.112245057086,12202.964614856686,17081
2011-05-11,12243.4130859375,12410.265456641242,12020.943772668423,12104.369572268359,16264
2011-05-12,12106.8984375,12465.883836942181,12066.449258879149,12336.952417621178,20938
2011-05-13,12379.9296875,12395.09745426122,12117.010414914921,12154.93137482578,17949
2011-05-16,12814.755859375,12870.373574230422,12422.90595167728,12488.635767914448,18674
2011-05-17,12741.44140625,12996.775229926146,12733.85752353829,12943.686507936507,20107
2011-05-18,12534.1396484375,12807.17099382471,12483.578373903256,12771.778255951504,11084
2011-05-19,12450.7138671875,12604.925908980333,12397.624374569794,12445.657431127214,16830
2011-05-20,12645.376953125,12675.713259461798,12455.772145380246,12488.636670121095,15213
2011-05-23,13009.41796875,13130.76628674085,12910.824389142383,12976.553442214126,18946
2011-05-24,13178.796875,13178.796875,12943.687239600988,12948.743676030508,18503
2011-05-25,13075.150390625,13219.250381105083,12948.747160907064,13209.137505524379,12541
2011-05-26,12900.7109375,13153.517350317981,12832.453668941513,13150.989903392958,16203
2011-05-27,12776.833984375,12890.596852645758,12749.025128941383,12860.260550675852,11539
2011-05-31,12387.5126953125,12665.599715003189,12369.815940003371,12536.668306118554,16222
2011-06-01,12908.298828125,12918.410932871431,12359.708466209628,12420.381866192345,17341
2011-06-02,12847.6201171875,12986.663621609427,12754.081451065767,12847.6201171875,16842
2011-06-03,13229.3583984375,13267.279357849995,12943.68747946493,13138.34871305063,20059
2011-06-06,13441.7158203125,13454.356139582493,13143.404594142201,13274.862680143953,17199
2011-06-07,13487.2197265625,13507.443927391623,13267.277877902694,13378.513296974299,13018
2011-06-08,13694.51953125,13762.777550579103,13504.914779228837,13547.89216495512,19200
2011-06-09,13646.4912109375,13762.783098190788,13507.44767007521,13691.99606116355,14534
2011-06-10,14061.091796875,14076.259563154392,13709.690295660748,13765.308010364784,19997
2011-06-13,14058.5634765625,14149.574707595677,13904.352187684046,14018.115069219644,14406
2011-06-14,13697.0498046875,13851.262627301046,13618.68044154509,13843.677201248514,13885
2011-06-15,14195.0791015625,14258.280700411844,13783.004985666339,13944.800152915986,25601
2011-06-16,14313.8974609375,14561.647403294799,14093.955603015365,14187.494271672787,23317
2011-06-17,14404.9111328125,14480.75306739348,14010.533690194647,14066.151417488987,20903
2011-06-20,14250.6953125,14485.804926794086,14162.213083453264,14485.804926794086,13868
2011-06-21,13646.4912109375,14268.395974053668,13613.626682608023,14149.576639624283,17152
2011-06-22,13836.095703125,13846.2085775997,13598.45858304961,13755.197336351417,18111
2011-06-23,13570.6455078125,14222.885627794216,13568.118061338868,14124.292070208296,26547
2011-06-24,14058.5634765625,14099.01342691319,13679.353871443844,13717.27483195571,19298
2011-06-27,13606.041015625,14078.789301226452,13459.41360943516,14018.115146868251,16377
2011-06-28,13191.4375,13578.230979193773,13188.9100532306,13540.310019605995,14967
2011-06-29,13090.31640625,13274.86478829811,13032.171236975659,13123.180932969586,22408
2011-06-30,12746.4990234375,13009.416754186348,12718.690165078171,12989.192550745332,15767
2011-07-01,12354.646484375,12797.057591549208,12324.3094141387,12726.271351499088,21408
2011-07-05,12235.828125,12382.455508805502,12202.963605993049,12329.366789102554,16461
2011-07-06,12147.3427734375,12336.947499349635,12104.365393629307,12253.521728549738,13566
2011-07-07,11811.115234375,12000.72003305501,11742.857198248636,11967.854738381468,19873
2011-07-08,11879.37109375,12139.762116037098,11874.31542928559,12010.830713885603,20219
2011-07-11,12306.6142578125,12384.98438983694,12008.303038304577,12122.065909193778,24300
2011-07-12,12498.75,12513.918540410392,12256.055667945784,12306.616954977746,21708
2011-07-13,12387.5126953125,12478.523146966587,12134.70631377551,12311.670780851404,22851
2011-07-14,12673.1826171875,12766.721279719635,12205.490847534404,12324.310146264004,24476
2011-07-15,12339.48046875,12572.061892536723,12334.424032176938,12387.513530178483,17256
2011-07-18,12463.35546875,12703.521547762424,12362.232909165821,12465.883687040385,14407
2011-07-19,11902.123046875,12220.659212813402,11871.786746764157,12213.075330661637,22343
2011-07-20,11998.19140625,12036.112364694845,11755.49711790221,11763.08100098963,17596
2011-07-21,11826.283203125,12099.314580791452,11699.880001845324,11975.43959783815,20150
2011-07-22,11586.1181640625,11856.621347762295,11553.253637371788,11843.981026496023,14353
2011-07-25,11624.0380859375,11813.642887936288,11510.275204738227,11770.66626238558,14496
2011-07-26,11583.5888671875,11694.823522266428,11495.10663245365,11651.846128222727,12999
2011-07-27,12165.0439453125,12228.245543591338,11707.464219472928,11725.160204088672,30140
2011-07-28,12119.537109375,12250.996729138631,11818.697686208634,12167.570164921932,25235
2011-07-29,12208.01953125,12438.073483725359,11952.684941612597,12321.782398479196,25654
2011-08-01,12311.6728515625,12609.984123347844,11859.149506801758,11919.822894274577,29429
2011-08-02,12931.046875,12961.383950463722,12324.3115377566,12433.017977077823,30600
2011-08-03,12703.521484375,13360.818118392412,12658.016641390737,12893.126282649253,39608
2011-08-04,13853.7880859375,13861.37196789399,13014.470688917885,13057.448077348026,48017
2011-08-05,14033.28125,14816.981011994767,13436.658822587693,13552.949137809659,71661
2011-08-08,15719.50390625,15719.50390625,14415.023311670739,14897.882987976154,63712
2011-08-09,14210.25,16139.1644564179,14187.498345204478,15277.09353230911,76282
2011-08-10,15355.4599609375,15393.380917499242,14435.24413116951,14857.431089491763,67603
2011-08-11,14020.6455078125,15079.905181341333,13659.132582393711,14945.91806754379,31357
2011-08-12,13775.419921875,14129.348845100192,13590.870034644315,13848.73284445277,25545
2011-08-15,13353.2353515625,13777.949826606775,13353.2353515625,13659.130501151882,17660
2011-08-16,13595.9287109375,13937.217371710609,13365.875490138049,13623.738342434868,22727
2011-08-17,13750.142578125,14020.644228406692,13320.371639835479,13547.897430694637,29133
2011-08-18,15064.7333984375,15332.707554654577,14480.749711688874,14480.749711688874,35287
2011-08-19,15618.3798828125,15656.300844753452,14662.771950502047,15398.43799495339,36560
2011-08-22,15537.48828125,15618.386677185019,14872.607434581088,14892.831647812704,29287
2011-08-23,14263.3408203125,15436.361872074736,14240.587621647795,15299.847309111055,25178
2011-08-24,14030.75390625,14551.53442502666,13962.495875942384,14296.200601773648,27406
2011-08-25,14473.1689453125,14571.76407585498,13904.354445278384,14040.870542489807,28876
2011-08-26,13760.251953125,14857.432339130128,13641.432637302945,14561.64854446904,25942
2011-08-29,12979.0810546875,13479.637412743888,12953.8004149573,13477.108422966192,16449
2011-08-30,12807.1689453125,13216.714740630554,12652.95692834857,13080.200247028235,23295
2011-08-31,12771.77734375,12976.549873785114,12448.184746940571,12647.901612785648,29523
2011-09-01,12996.775390625,13039.752783866312,12491.163401660917,12693.408505848089,26052
2011-09-02,13598.4580078125,13737.501539413823,13343.122596703488,13451.829049172025,22037
2011-09-06,13590.8701171875,14296.200521387396,13550.421714347736,14245.63924633386,23857
2011-09-07,12900.7109375,13279.920556726971,12898.183490574977,13209.135069739516,21901
2011-09-08,13011.9443359375,13097.897577012534,12658.01541349199,13037.224973255037,34999
2011-09-09,13593.3994140625,13750.139678873556,13095.370534924265,13209.133406366658,28034
2011-09-12,13234.4130859375,13906.87739344495,13231.885639513803,13891.709628887595,30758
2011-09-13,12890.59765625,13272.335458990305,12837.508160113264,13145.932264142779,26608
2011-09-14,12539.1962890625,13014.47196883672,12230.772200770314,12766.722028178552,31986
2011-09-15,12152.40234375,12511.386921203673,12111.953170817582,12248.468454398664,31126
2011-09-16,11937.5185546875,12147.347558755386,11909.709696297998,12081.617740244898,27949
2011-09-19,11914.765625,12412.794554208298,11795.94707689466,12225.717967773562,30877
2011-09-20,12026.0,12076.561276818997,11611.396912881139,11795.946036172792,31517
2011-09-21,12435.546875,12445.658976872666,11780.778442069863,11907.181644237993,40802
2011-09-22,13239.4697265625,13613.62284050408,12850.147304821363,13092.842342545779,63751
2011-09-23,12968.9677734375,13487.220871596308,12847.621015153083,13464.46767935209,31939
2011-09-26,12670.658203125,13413.908159401213,12615.040481578575,12834.982377734741,38120
2011-09-27,12407.736328125,12569.533022090582,12010.830790219206,12233.30008716616,36583
2011-09-28,12792.001953125,12822.339025251715,12124.59330987141,12296.50132791268,36089
2011-09-29,13065.03125,13502.385906498757,12347.061403789361,12387.510572203422,52604
2011-09-30,13750.142578125,13760.253909691704,13201.552307118536,13401.268464401206,36480
2011-10-03,14442.828125,14460.524880133169,13552.949362236423,13970.07988762488,52887
2011-10-04,13861.376953125,15031.870474940933,13795.64789518599,14763.896262718115,62500
2011-10-05,13143.4052734375,14129.350227453928,13062.5069173269,13904.35191561629,41407
2011-10-06,12706.0498046875,13287.503752560622,12700.993368091355,13176.269862484487,39495
2011-10-07,12857.732421875,13032.168666800073,12592.285727400897,12721.21713330337,37628
2011-10-10,11998.19140625,12470.938891960086,11990.606751658706,12435.546151712339,22595
2011-10-11,11823.7548828125,12081.616931470911,11755.49685056253,12036.112090973502,23115
2011-10-12,11682.1826171875,11717.575355005414,11434.431909454455,11583.588286300517,29052
2011-10-13,11487.5224609375,11765.60949607751,11452.129719856823,11742.857074775924,22927
2011-10-14,11060.2783203125,11320.66856416634,11057.75010239567,11194.26538336277,22695
2011-10-17,11393.9814453125,11512.79995587943,11088.085635910358,11156.342881171273,22867
2011-10-18,11115.896484375,11641.73342948302,10989.493298387128,11421.791577262593,34053
2011-10-19,11545.6669921875,11608.868583404852,11161.401008984476,11227.130818151283,22028
2011-10-20,11639.2041015625,11972.908789350347,11520.385580966578,11553.250097587978,26561
2011-10-21,11353.53515625,11568.420588261954,11209.435205005138,11416.736753900575,18752
2011-10-24,10893.4287109375,11297.918991382643,10825.171439014772,11272.638348854822,16145
2011-10-25,11300.4453125,11356.063025324136,10951.572812796172,10961.684913808602,24448
2011-10-26,11328.2529296875,11747.911633578567,11136.119945453831,11191.737652193813,26931
2011-10-27,10698.7666015625,11027.414904512623,10569.835189950523,10794.832719977143,29193
2011-10-28,10678.5400390625,10835.280284214314,10648.203740051787,10835.280284214314,14219
2011-10-31,11029.943359375,11042.58367987463,10782.193386183839,10863.091745983042,14018
2011-11-01,11601.2822265625,11727.68539044203,11406.621817090236,11553.249178589016,25861
2011-11-02,11411.6845703125,11624.041863257464,11310.561976385932,11371.23537844104,16324
2011-11-03,10936.4052734375,11492.579366412554,10903.539977768438,11229.660858579677,23217
2011-11-04,11045.1103515625,11265.052206057853,10954.099902409118,11052.695005702515,15606
2011-11-07,10888.3720703125,11282.74944122799,10875.731750180492,11062.808333833415,13993
2011-11-08,10645.67578125,10974.324043302577,10600.170174371227,10734.158005648771,17017
2011-11-09,11378.8125,11447.06974279296,11014.771557259919,11050.164287393713,23537
2011-11-10,11404.09765625,11616.454892807938,11138.650917676587,11151.291238561036,24147
2011-11-11,10981.91015625,11222.076242691603,10898.48435061396,11201.852038750723,14156
2011-11-14,11098.203125,11181.628944672864,10906.070069218551,11024.88940899899,13866
2011-11-15,10858.03515625,11186.683484611467,10767.024695633732,11156.346407238068,15887
2011-11-16,11227.1318359375,11247.356038358941,10850.450472435105,11002.134305107522,18189
2011-11-17,11725.158203125,11874.314566811803,11259.994673476273,11265.051109077225,23420
2011-11-18,11919.8212890625,11952.6858111625,11702.407639351466,11725.160060151764,15381
2011-11-21,12369.81640625,12609.982477762549,12200.436587138214,12218.132571610497,18116
2011-11-22,12293.9765625,12577.120076851836,12210.550747978767,12438.076538313775,14374
2011-11-23,12855.2041015625,12857.732319600053,12443.130021067731,12470.938104969327,17592
2011-11-25,13042.2822265625,13042.2822265625,12658.016206655926,12948.743554024859,8262
2011-11-28,12144.8212890625,12417.852708643362,12096.78821950321,12400.155949145923,17326
2011-11-29,12291.4482421875,12352.121627665825,11962.799901717288,12159.988597397833,16143
2011-11-30,11378.8125,11694.820396736817,11345.94721583718,11618.978501519981,26337
2011-12-01,11211.96484375,11383.87290253849,11153.819675146122,11368.705134383721,12574
2011-12-02,11272.6357421875,11292.860714435355,10986.964856282817,10989.493074251774,11750
2011-12-05,11032.470703125,11153.81823320341,10878.258650954616,10923.764264047973,14441
2011-12-06,11085.5595703125,11161.401482994228,10946.516063729332,11007.18943957395,11142
2011-12-07,11088.0869140625,11371.229569512567,10984.43615393634,11153.816720837902,14956
2011-12-08,11462.2421875,11500.163148048525,11057.751941649067,11222.076104026008,15828
2011-12-09,11090.6181640625,11409.15364209252,11022.360120768077,11396.513320853108,15846
2011-12-12,11338.365234375,11522.913568384274,11313.084598400921,11318.14103419725,11932
2011-12-13,11578.533203125,11677.127545532052,11093.14460303872,11189.21149863075,14793
2011-12-14,11937.5185546875,12076.56207513111,11651.846858873738,11669.543615531762,18049
2011-12-15,12013.36328125,12043.699593531002,11715.051195710235,11722.635852408552,12236
2011-12-16,11897.0693359375,11927.40564102913,11555.780696005295,11876.844361039173,13258
2011-12-19,12117.0107421875,12185.268780472212,11742.857569562952,11801.00273439517,13922
2011-12-20,11399.0390625,11727.687343312618,11371.230207515093,11725.159125313297,14529
2011-12-21,11725.158203125,11985.54920649897,11522.913123146966,11522.913123146966,17241
2011-12-22,11527.97265625,11702.40893030036,11512.804116875195,11674.600070030543,6715
2011-12-23,11320.6708984375,11525.444247863383,11313.087014627039,11477.411183554583,6006
2011-12-27,11257.4697265625,11378.817272709413,11184.156018069727,11351.008411831746,5739
2011-12-28,11510.2744140625,11573.476010387252,11254.940582113586,11290.333321754675,10172
2011-12-29,11345.9501953125,11550.723520472682,11328.25421135042,11479.93804161665,8377
2011-12-30,11409.1513671875,11414.20780327664,11292.861052175562,11393.983601927735,5182
2012-01-03,10976.85546875,11032.472420293312,10855.50791978424,10964.215147285067,10492
2012-01-04,10880.787109375,11100.728982088962,10850.450804813556,11017.302408661231,8099
2012-01-05,10701.2939453125,11009.718042947237,10683.597961303074,10916.179372097922,11485
2012-01-06,10630.5078125,10777.135197863992,10582.47475670861,10693.709404726516,10418
2012-01-09,10691.18359375,10764.497302937847,10564.780380838545,10579.948920688717,10483
2012-01-10,10542.0234375,10595.1129184644,10402.979962904677,10461.125107315806,9819
2012-01-11,10493.9951171875,10622.926551446677,10451.01771526644,10549.612069169105,9573
2012-01-12,10408.0400390625,10602.700508694877,10387.815063689004,10448.488446801643,14442
2012-01-13,10486.41015625,10660.847205968796,10478.826272133521,10514.21901718372,11472
2012-01-17,10304.38671875,10372.64396861521,10205.792399053316,10299.330283276842,10065
2012-01-18,10023.7734375,10294.276585398526,10018.71700106112,10258.883073334135,14423
2012-01-19,9899.8974609375,9965.627270491723,9859.448288019224,9932.76197996271,13691
2012-01-20,9917.5927734375,9993.434678219854,9915.065327147757,9978.266914466383,8183
2012-01-23,9922.65234375,10031.358799678655,9778.55237053853,9920.1241251578,11030
2012-01-24,9952.98828125,10043.99796808938,9899.898782924423,10001.021342971651,9553
2012-01-25,9695.1259765625,9899.89932619616,9652.148577582417,9748.215477801441,17722
2012-01-26,9773.4951171875,9856.92091664991,9581.36210795155,9624.33950252544,14721
2012-01-27,9702.708984375,9816.471860399999,9672.372680337328,9803.831540841666,11572
2012-01-30,9697.6533203125,9945.40327507621,9662.260579846808,9872.089575932165,15109
2012-01-31,9664.7890625,9788.664824663667,9561.139048205612,9601.587457928319,12220
2012-02-01,9508.0478515625,9619.282501483887,9434.734157625937,9558.609126208932,15849
2012-02-02,9442.3203125,9520.690461362383,9386.70258840308,9449.904196920485,9066
2012-02-03,9197.0947265625,9300.745484613037,9166.758427391645,9275.464849552114,13560
2012-02-06,9197.0947265625,9300.745484613037,9194.567280259413,9257.76886791172,7397
2012-02-07,9164.2314453125,9293.162855809393,9126.31048760776,9214.792722252156,9472
2012-02-08,9065.6376953125,9224.90541936117,9065.6376953125,9156.648153984843,10402
2012-02-09,8934.1767578125,9103.557330452386,8916.480775218231,9004.96300270096,17187
2012-02-10,9060.5810546875,9118.726988518052,9010.019775619485,9060.5810546875,16723
2012-02-13,8888.6728515625,9004.963945588543,8865.920430699636,8924.065591960718,10655
2012-02-14,8840.6396484375,8989.795262238049,8838.111430270603,8934.177548581772,12011
2012-02-15,8972.09765625,8994.850074588001,8663.674356715761,8757.21224799505,26625
2012-02-16,8719.29296875,9004.964676333355,8699.068764453807,8956.930840998,20683
2012-02-17,8772.3837890625,8845.69750504492,8704.125739162697,8711.710395542706,11073
2012-02-21,8721.818359375,8833.052989947451,8648.504678191137,8754.682873576967,16007
2012-02-22,8800.1904296875,8825.471068226389,8706.651758492073,8757.213035569846,12895
2012-02-23,8683.8974609375,8863.390110064021,8666.200709184184,8782.49177562557,12530
2012-02-24,8623.2255859375,8668.730424732468,8595.416730449984,8638.394122703767,14192
2012-02-27,8595.41796875,8790.079213702678,8539.800249762395,8724.349392582038,20254
2012-02-28,8428.56640625,8605.530911120593,8426.038187593904,8582.778486223748,18082
2012-02-29,8494.296875,8549.914603616511,8357.781543809744,8418.454938616072,25572
2012-03-01,8360.3076171875,8481.65437565947,8347.667297700675,8431.09309771217,18319
2012-03-02,8375.4755859375,8428.56508336696,8322.386860011935,8385.58845897465,15736
2012-03-05,8542.3271484375,8597.944858832529,8365.362688185449,8395.699761401615,14424
2012-03-06,8716.763671875,8800.190240158898,8676.315268287002,8706.651570978001,17921
2012-03-07,8587.8359375,8658.621439204262,8542.330310829457,8638.397230575645,18003
2012-03-08,8395.69921875,8517.045960763839,8347.666165515513,8486.709661012264,14813
2012-03-09,8329.970703125,8380.531982051405,8299.633627167603,8365.363444072706,15042
2012-03-12,8319.8603515625,8398.230504682853,8302.163591614531,8337.556340006417,7317
2012-03-13,8011.43310546875,8259.183792245227,8006.377441353162,8228.846721536676,20317
2012-03-14,7943.177734375,8046.827745579458,7890.088233816656,7988.682579708472,14500
2012-03-15,7905.25439453125,7981.0962949399145,7872.389108118605,7900.197959235857,15010
2012-03-16,7917.8935546875,7953.286282074268,7882.50005579714,7885.028273075536,8977
2012-03-19,7796.548828125,7928.008458090406,7766.212524558738,7892.615718177833,11954
2012-03-20,7771.267578125,7925.479616510984,7756.09904178307,7885.03044343377,11225
2012-03-21,7766.21240234375,7791.493040669733,7685.31405109906,7766.212402343749,10695
2012-03-22,7806.66259765625,7867.336760763034,7768.741631466526,7864.80854204958,12681
2012-03-23,7806.66259765625,7900.201289525849,7778.854506320345,7778.854506320345,11798
2012-03-26,7538.685546875,7718.177435345186,7533.629111353132,7710.593553566126,13183
2012-03-27,7510.8779296875,7533.630350270093,7452.731997638799,7531.10213209339,9141
2012-03-28,7569.02490234375,7660.03537796694,7452.733781908788,7510.879727878296,14855
2012-03-29,7627.1689453125,7735.875382278928,7576.607668304141,7647.3931475143,13008
2012-03-30,7654.9775390625,7720.707357841243,7553.854978327176,7558.911414965506,16118
2012-04-02,7498.23828125,7703.011627824182,7480.541523933441,7675.202768399847,13833
2012-04-03,7505.82177734375,7586.720133036122,7435.036294740847,7485.597574172605,12312
2012-04-04,7708.0673828125,7791.493962056205,7609.473035982617,7614.529472847307,15070
2012-04-05,7609.47265625,7745.987958240747,7596.832336223007,7733.347638213753,9374
2012-04-09,7723.23779296875,7824.360382729388,7665.092612458036,7804.136173378914,11818
2012-04-10,7973.5146484375,8016.492050142001,7675.20336961896,7735.876758522257,26491
2012-04-11,7895.1455078125,7935.594696075095,7791.495475488727,7829.416444827892,13324
2012-04-12,7718.17919921875,7887.559798362066,7695.426777178104,7867.3355946601405,15283
2012-04-13,7943.177734375,7953.289836504223,7761.156810033231,7761.156810033231,13743
2012-04-16,8117.611328125,8170.700811186344,7857.220347968382,7864.805000693537,21097
2012-04-17,7796.548828125,8079.69229043332,7745.987550677362,8051.883433536345,14370
2012-04-18,7834.4677734375,7879.973374351734,7740.929897092746,7839.524208484749,13688
2012-04-19,7998.791015625,8064.5208065938805,7700.479896270924,7892.61283467858,28965
2012-04-20,8054.4111328125,8074.635333887086,7852.166036051377,7917.895846799505,16457
2012-04-23,8193.453125,8342.608702038746,8173.228156153458,8195.981342543777,21982
2012-04-24,8289.5224609375,8355.252285258484,8160.591030827875,8223.792636616517,15806
2012-04-25,7842.05615234375,7970.986820772646,7836.999714893817,7945.706176531053,17253
2012-04-26,7753.57177734375,7867.33464532334,7715.650821350554,7854.694326658941,13958
2012-04-27,7654.9775390625,7766.212973074486,7612.000913652334,7690.371052522993,14818
2012-04-30,7763.6845703125,7781.38055511843,7675.2023317711755,7708.066854627824,7883
2012-05-01,7740.93212890625,7806.661174449029,7569.02331728389,7786.436971436466,13350
2012-05-02,7697.953125,7854.6933658675025,7687.841025606165,7829.412731631049,9035
2012-05-03,7864.806640625,7900.199379544591,7677.730073618152,7687.842174523201,9683
2012-05-04,8249.0712890625,8249.0712890625,7983.624608782168,7998.793144813231,17876
2012-05-07,8241.4873046875,8355.250166255271,8158.061514805979,8342.609848303297,17896
2012-05-08,8297.10546875,8560.023942315,8238.9595400697,8340.082089248841,22202
2012-05-09,8329.970703125,8554.968240046719,8256.657002982492,8489.238423141616,24088
2012-05-10,8383.060546875,8443.733929794294,8264.241227884111,8271.825882938972,15275
2012-05-11,8383.060546875,8453.846031696856,8203.567844964817,8443.733929794294,11938
2012-05-14,8539.7998046875,8565.08044445449,8408.340940801494,8524.632038030426,12546
2012-05-15,8592.88671875,8625.75200346734,8352.720713177827,8489.23597257075,16794
2012-05-16,8711.7080078125,8742.044310505707,8481.654047745751,8527.158887537484,16556
2012-05-17,9078.2783203125,9080.806538708528,8678.843730362005,8711.709026502504,24709
2012-05-18,9295.6904296875,9328.554948818944,8974.626034771612,9027.715526179474,26547
2012-05-21,8805.2470703125,9303.276013322944,8779.96642897195,9283.05180885208,19007
2012-05-22,8812.8310546875,8944.289916747906,8671.259319657618,8754.68512112857,18241
2012-05-23,8772.3837890625,9113.672495553405,8736.991040467958,8961.988626001892,22813
2012-05-24,8886.1435546875,9022.658834797305,8736.987956576717,8747.100056676742,15443
2012-05-25,8919.0087890625,8969.570065126356,8843.166874966719,8883.616050118571,8723
2012-05-29,8691.4873046875,8855.811532396574,8605.533247571291,8759.745369414497,14730
2012-05-30,8838.1123046875,8941.763087754265,8772.382483364385,8843.167970017623,12990
2012-05-31,8913.953125,9045.411979873177,8812.830572865012,8853.279748019777,19097
2012-06-01,9384.173828125,9394.285929771982,9123.782774567779,9222.377115757681,23988
2012-06-04,9245.1279296875,9502.989927094486,9212.262643412534,9336.137592593668,23247
2012-06-05,9166.7587890625,9313.38616959948,9131.36605288155,9313.38616959948,15678
2012-06-06,8739.517578125,9045.412705675226,8729.40470489697,9027.716720533988,20183
2012-06-07,8815.359375,8827.999694854314,8562.552977913725,8562.552977913725,21794
2012-06-08,8640.921875,8898.784694639387,8620.697672931907,8843.16698169635,14446
2012-06-11,8906.3701171875,8941.763634180941,8499.352386802828,8511.992708156487,26083
2012-06-12,8716.763671875,8969.570051819215,8709.17978907821,8855.807180844318,21790
2012-06-13,8838.1123046875,8896.257470759521,8633.338956971002,8772.382483364385,21505
2012-06-14,8767.32421875,8931.64835204811,8696.538746853865,8840.638680039874,28083
2012-06-15,8544.857421875,8726.878361948497,8524.633215868615,8719.293706068098,14332
2012-06-18,8393.1728515625,8645.979262754141,8347.66800614958,8618.170403222273,16215
2012-06-19,8216.208984375,8314.8033378867,8145.42349249583,8312.275119283016,12597
2012-06-20,8193.453125,8322.38450469588,8130.251543923949,8190.924907456222,19060
2012-06-21,8605.529296875,8625.754270825913,8195.98341104334,8221.26404985408,16941
2012-06-22,8426.0361328125,8595.416711913502,8403.283713464081,8549.911873216668,12839
2012-06-25,8757.21484375,8797.664028064897,8560.026131032913,8562.554349709599,18685
2012-06-26,8640.921875,8769.853284819694,8587.833151695293,8694.011369808562,16429
2012-06-27,8537.2724609375,8592.889406193695,8458.902322413322,8575.193421045597,14419
2012-06-28,8724.34765625,8901.312108622195,8651.033965996561,8661.146066117073,18231
2012-06-29,8175.7578125,8436.148835260195,8175.7578125,8395.69966195238,13864
2012-07-02,8122.66943359375,8244.016970142342,8115.085550092426,8153.006510606877,11680
2012-07-03,7988.681640625,8142.893687355556,7988.681640625,8115.084831141218,5357
2012-07-05,7976.04150390625,8087.2761598025845,7900.199587862768,7998.793924418522,12435
2012-07-06,8183.3427734375,8289.52098941166,8039.2428292179075,8046.82671196469,12370
2012-07-09,8203.5673828125,8284.46573648339,8135.309348683695,8195.983499688802,9718
2012-07-10,8357.779296875,8426.03655836757,8074.635835227987,8117.613229559648,13790
2012-07-11,8453.8486328125,8592.892198390022,8340.0857155218,8385.591345340576,19173
2012-07-12,8613.115234375,8767.326536887744,8544.857190817174,8590.362038853067,16425
2012-07-13,8350.1962890625,8577.722081914382,8312.275323587186,8572.666416086751,12596
2012-07-16,8398.2294921875,8463.95854348922,8317.33113004144,8390.64483676533,11073
2012-07-17,8307.216796875,8552.438492928835,8254.127309192003,8294.576479403037,16623
2012-07-18,8082.22021484375,8347.666911795715,8034.186385811276,8340.082257551927,25122
2012-07-19,7907.78173828125,8003.848607123859,7854.693025885571,7976.039756366691,30581
2012-07-20,8110.02783203125,8120.140703773728,7907.782741242403,7912.839177113642,18516
2012-07-23,8299.6328125,8549.911735822165,8254.127974534415,8433.62065140545,20189
2012-07-24,8443.7333984375,8542.327735914889,8256.656824748941,8286.99312854759,23234
2012-07-25,8552.4404296875,8656.091210730778,8443.733983412798,8567.608968389624,21552
2012-07-26,8319.8603515625,8436.151471853598,8223.793438494178,8299.635372835672,19746
2012-07-27,7930.5380859375,8256.658229142702,7902.7292240974275,8206.096942707663,21430
2012-07-30,7940.64892578125,7993.738422393739,7821.829612958245,7895.143312326024,14732
2012-07-31,7953.28662109375,7960.870501748618,7849.63588029,7920.421338080859,16503
2012-08-01,7991.20947265625,8051.8828468719485,7829.413550913118,7834.469215387203,16188
2012-08-02,8046.82763671875,8165.646956765517,7892.616345450469,8120.142112047652,20584
2012-08-03,7738.40576171875,7844.5840101889125,7675.204147806484,7799.0791567737115,17741
2012-08-06,7624.6416015625,7695.427088890406,7556.383561171774,7662.562563667581,11135
2012-08-07,7498.23828125,7584.192306421995,7435.036678696484,7556.383446997661,15803
2012-08-08,7505.82177734375,7558.911275047875,7470.429036042298,7538.687071876731,12225
2012-08-09,7465.3720703125,7531.101883215289,7437.563985799336,7505.821245291435,9546
2012-08-10,7447.67724609375,7546.271595044798,7442.620809120275,7508.350632255629,11169
2012-08-13,7412.2841796875,7526.047063111397,7412.284179687499,7447.676922451926,9040
2012-08-14,7409.7568359375,7445.149582879588,7323.802801505569,7354.1391110970635,13090
2012-08-15,7369.3056640625,7419.866937915416,7344.025027136042,7414.8105019285995,9204
2012-08-16,7192.3408203125,7328.8560981020355,7156.948084812068,7308.631898245723,18318
2012-08-17,7131.67041015625,7192.34380641925,7124.085753433318,7162.006722535704,9258
2012-08-20,7108.91455078125,7192.340333926538,7103.858115407231,7141.779066201219,8076
2012-08-21,7164.53271484375,7217.62220938871,7007.793220834642,7063.410161997674,16981
2012-08-22,7113.97216796875,7232.791488349521,7073.522988381427,7197.398745524589,15569
2012-08-23,7217.62255859375,7253.015299501488,7121.55643734362,7162.004843235955,11934
2012-08-24,7134.1962890625,7273.239796831937,7093.747114319714,7253.014823708625,11111
2012-08-27,7106.38818359375,7136.724489226267,7045.714800824797,7065.939004579808,8153
2012-08-28,7106.38818359375,7162.005129671991,7065.939004579808,7113.972067125899,8160
2012-08-29,7096.275390625,7162.004432179534,7065.938316443027,7101.331055319432,5939
2012-08-30,7245.43115234375,7268.183572705359,7159.477135697745,7167.061018650328,8096
2012-08-31,7144.30908203125,7295.992923384339,7088.691364933553,7136.724427061248,12804
2012-09-04,7162.0048828125,7303.576618729652,7111.443603663794,7169.589537587141,11077
2012-09-05,7177.17333984375,7215.094298777237,7108.916076665805,7174.645121614074,8872
2012-09-06,6861.16650390625,7088.692295814369,6856.110838099589,7086.164077159031,18138
2012-09-07,6878.8623046875,6914.255046419579,6853.581664664028,6891.502624699236,9015
2012-09-10,7050.77294921875,7060.885054657631,6881.39306148096,6909.201158561836,10454
2012-09-11,7076.05078125,7096.275755579413,6995.153198443997,7050.770141966145,9483
2012-09-12,7030.5458984375,7116.4999172042,6995.153157945787,7022.961243793925,18786
2012-09-13,6845.99609375,7035.600868556634,6782.794502147789,7020.433103775145,17658
2012-09-14,6717.06591796875,6795.435279648007,6669.032087902294,6787.851396744807,15958
2012-09-17,6712.00927734375,6760.042334443937,6709.481059285038,6719.593160016052,6375
2012-09-18,6704.42578125,6749.9306229152935,6696.841126636533,6749.9306229152935,6093
2012-09-19,6674.0888671875,6742.3469028398395,6641.2243442460895,6706.9533901289105,8796
2012-09-20,6686.7275390625,6775.20975602552,6676.615439996039,6744.8726873224305,10925
2012-09-21,6676.61767578125,6696.84188068661,6610.887852582883,6620.999955035563,7082
2012-09-24,6767.626953125,6823.243892605788,6737.289879587241,6795.43503711348,9872
2012-09-25,6954.70458984375,6959.760255211497,6696.841739466314,6717.066715449142,14485
2012-09-26,7063.4091796875,7136.722866004381,6962.286640904561,6969.871294215528,14895
2012-09-27,6861.16650390625,7055.8277678070235,6835.885860360903,7030.547124261678,12172
2012-09-28,6977.4560546875,6995.152809804548,6871.277066992892,6919.31089616664,10837
2012-10-01,6992.62548828125,7048.242435844385,6828.301320996821,6909.198909680637,19362
2012-10-02,6962.28857421875,7070.995796498881,6896.558751456989,6942.064369447728,15581
2012-10-03,6871.27783203125,6979.985049917864,6848.525409707423,6919.311666553017,14184
2012-10-04,6825.7724609375,6894.030494148422,6787.8515028211805,6848.524881506518,10240
2012-10-05,6894.03125,6931.952212273919,6734.76274554717,6754.987721662298,13943
2012-10-08,7017.90380859375,7053.296540157603,6947.117573962358,6974.926424299559,10557
2012-10-09,7237.8466796875,7278.295856626287,7060.882205646202,7060.882205646202,16565
2012-10-10,7321.27587890625,7341.500088880845,7207.512961914798,7247.962153368147,12823
2012-10-11,7359.19384765625,7371.834166607393,7197.397919382387,7202.4535840605395,12488
2012-10-12,7366.77880859375,7399.644105579044,7285.881218368935,7364.250590132735,11726
2012-10-15,7263.12744140625,7402.1709590708615,7242.9032383475,7311.161273802594,11413
2012-10-16,7053.296875,7242.901629704302,7038.128340322912,7237.845194310698,14521
2012-10-17,7055.826171875,7146.836622353723,7017.905215134185,7124.083431106162,11543
2012-10-18,7225.2060546875,7278.295548956453,7060.88190716693,7111.4431833271055,18557
2012-10-19,7571.5517578125,7589.248514595931,7235.319550958619,7242.903434434996,20451
2012-10-22,7483.06982421875,7612.001249139525,7452.732746059528,7584.192389410896,16108
2012-10-23,7629.69580078125,7680.257073871924,7505.820836009857,7611.999818101794,17471
2012-10-24,7695.42626953125,7710.594807059025,7520.990016721508,7551.327091777058,10440
2012-10-25,7682.78515625,7733.346428448426,7556.381975753937,7576.606947535579,12657
2012-10-26,7642.337890625,7806.662066261695,7579.136284610887,7682.787072774829,14414
2012-10-31,7738.40576171875,7786.4388339912575,7637.283179459124,7667.619491234566,9991
2012-11-01,7508.3486328125,7680.256643076737,7483.067997685184,7647.392126012731,11177
2012-11-02,7690.37109375,7690.37109375,7435.03647222371,7447.676792383389,13639
2012-11-05,7569.02490234375,7700.484563966586,7541.216038749991,7670.147481590839,11544
2012-11-06,7536.1591796875,7601.889000093638,7437.5648348302575,7546.271281710614,20101
2012-11-07,7892.61669921875,7955.818303884166,7682.786908827191,7697.955448247683,25405
2012-11-08,8137.8359375,8137.8359375,7814.2441306151595,7859.7489632539355,21121
2012-11-09,8079.6923828125,8142.893980344664,7900.199691520382,8140.365762142602,19182
2012-11-12,8079.6923828125,8120.14155953386,7963.4012890525455,7981.0980449631015,9898
2012-11-13,8183.3427734375,8238.959713756201,8036.714611134366,8208.62341126523,15562
2012-11-14,8372.9482421875,8403.28454716047,8092.33298504009,8110.028970065013,21635
2012-11-15,8451.3173828125,8496.822996311734,8312.273867099735,8372.948018432047,25816
2012-11-16,8362.8349609375,8633.33810322728,8317.330119946633,8423.509110930476,24492
2012-11-19,7965.9326171875,8185.873799563045,7950.764073557144,8180.818132689044,23463
2012-11-20,7955.81689453125,8112.556383433099,7935.591921718742,7968.457213225133,17304
2012-11-21,7922.95361328125,8006.380200730634,7900.201188160153,7945.706038402346,8968
2012-11-23,7690.37109375,7842.054935666142,7680.258220419124,7826.886397173745,8008
2012-11-26,7614.52880859375,7768.740089962866,7612.000590381954,7715.651365034549,15287
2012-11-27,7667.61767578125,7692.898315360488,7566.495117464299,7624.641051398882,13610
2012-11-28,7541.2158203125,7839.527883352989,7526.048051068026,7740.933525743755,21280
2012-11-29,7445.14892578125,7520.990850322315,7392.059424301714,7460.317464990253,23395
2012-11-30,7460.3173828125,7513.406883707238,7432.508523152975,7445.148843770582,11372
2012-12-03,7488.12646484375,7503.294232832154,7341.498278422786,7354.138599415767,15494
2012-12-04,7518.46240234375,7606.94464494044,7478.013222855905,7498.238198351792,18903
2012-12-05,7670.1455078125,7756.099523752946,7531.101997128179,7536.158433390969,27280
2012-12-06,7579.13623046875,7761.157163090708,7533.631383065248,7715.652315687206,14213
2012-12-07,7665.08984375,7715.651120367074,7480.540721195366,7500.765694744508,14229
2012-12-10,7617.0576171875,7705.539869893315,7538.688239136993,7705.539869893315,8142
2012-12-11,7419.86767578125,7526.046670032827,7336.441874229217,7513.406350312586,18384
2012-12-12,7460.3173828125,7493.1819078167,7341.498060405415,7346.554497254036,16678
2012-12-13,7571.5517578125,7632.225140135256,7376.890519210413,7478.013080249645,17666
2012-12-14,7705.53857421875,7763.684507693545,7622.112772868511,7667.617615149753,12625
2012-12-17,7498.23828125,7718.179395233876,7498.23828125,7703.011627824182,16077
2012-12-18,7268.18310546875,7470.428200577446,7250.486351045215,7429.979027254944,21711
2012-12-19,7336.44140625,7346.553507080381,7230.262418771402,7235.318854938512,11219
2012-12-20,7341.49658203125,7412.282826137826,7303.575627814659,7313.687727971659,10643
2012-12-21,7488.12646484375,7627.169995766545,7475.486143850769,7561.440172302248,14892
2012-12-24,7528.57373046875,7553.854368612035,7508.349528555662,7528.57373046875,2192
2012-12-26,7649.92138671875,7703.010882024407,7498.237555276226,7520.989975691832,7465
2012-12-27,7672.673828125,7867.3350542769995,7619.584332674104,7639.809306490755,17325
2012-12-28,7821.82861328125,7826.88504907577,7667.616579593777,7786.435877230957,11241
2012-12-31,7495.7109375,7867.336712480195,7455.261752845064,7847.1117344007125,21545
2013-01-02,7010.32275390625,7177.1751700626455,7010.32275390625,7131.670316340029,19705
2013-01-03,7078.57958984375,7126.612654188329,6987.569126530683,7017.906204803022,15486
2013-01-04,7131.67041015625,7164.5349414433485,7081.109118019735,7083.637336927379,10110
2013-01-07,7119.02734375,7212.565235254549,7103.85880765354,7174.644280765296,8338
2013-01-08,7144.30908203125,7230.263104497218,7091.219583256887,7131.668761918493,9778
2013-01-09,7106.38818359375,7144.309144262336,7060.882567889095,7131.668824039474,9338
2013-01-10,7017.90380859375,7146.835189972637,6992.623175833328,7005.2634922135385,11862
2013-01-11,6995.1533203125,7050.770264803598,6990.096883766083,7022.961406806101,6874
2013-01-14,7055.826171875,7116.499548359535,7017.905215134185,7065.938272705116,11933
2013-01-15,7129.140625,7189.814007933259,7103.859984485816,7124.084188295595,10905
2013-01-16,7073.5234375,7131.669377943609,7020.434705643808,7106.388735534382,7666
2013-01-17,6997.6806640625,7035.601623090665,6947.119385358281,7007.793537006453,10930
2013-01-18,7028.0185546875,7093.7483789242215,7017.906452075075,7045.715312887224,8385
2013-01-22,7002.73779296875,7098.803923404282,6997.68135599679,7017.906332380666,10702
2013-01-23,6931.9501953125,6949.646176322362,6883.916373205247,6931.9501953125,9477
2013-01-24,7108.91455078125,7131.666966956899,6987.5670453382545,7111.4419969645405,11653
2013-01-25,7043.1884765625,7093.749771051098,6997.682848620286,7063.412685756289,9453
2013-01-28,7005.26416015625,7053.297212680202,6959.758553946381,7038.128677276913,9201
2013-01-29,6997.6806640625,7116.4999776189725,6972.40002471039,7030.545958122575,9477
2013-01-30,7025.48876953125,7065.937942465085,6939.534759236729,6982.512150135892,9353
2013-01-31,7068.46630859375,7076.050191144896,6964.815541873096,7035.6010173632,8673
2013-02-01,6894.03125,7022.9619045281615,6873.806273884872,6969.873174547838,14458
2013-02-04,7146.83544921875,7146.83544921875,6939.533944462112,6979.983112646787,17184
2013-02-05,6921.8408203125,7108.918224783744,6883.919849920348,7078.581139868375,15617
2013-02-06,6972.3994140625,7012.848587784085,6909.197821217467,6972.3994140625,15551
2013-02-07,6959.759765625,7111.443603058197,6942.063780826796,6957.232318870894,15050
2013-02-08,6813.13232421875,6894.030678970585,6787.8516847967885,6886.446024241663,14565
2013-02-11,6813.13232421875,6856.109719837641,6803.020222750743,6805.548440993717,8575
2013-02-12,6868.75048828125,6881.390808818018,6800.492448781128,6825.773089854663,8002
2013-02-13,6815.66015625,6858.636777929717,6767.627098370859,6828.300475244712,11583
2013-02-14,6828.30078125,6886.4459426298745,6800.491923914629,6883.917724416862,11890
2013-02-15,6858.63720703125,6901.614602903636,6790.3799430916815,6823.244465932523,10678
2013-02-19,6762.5693359375,6838.411235032127,6760.041118333607,6830.827353724141,9722
2013-02-20,6964.81640625,6969.872842914179,6757.514847081283,6762.571283745462,14907
2013-02-21,7121.556640625,7169.589702621145,7010.321206734249,7017.905861683479,19096
2013-02-22,6972.3994140625,7091.218717212689,6972.3994140625,7043.185660951228,10872
2013-02-25,7151.892578125,7162.004679366715,6835.8845924222,6881.390205265726,21581
2013-02-26,7088.69140625,7220.151044790455,7065.938984215207,7126.612366809294,21943
2013-02-27,6944.5927734375,7111.444396015595,6863.69440918438,7093.74840924421,18440
2013-02-28,6974.927734375,6974.927734375,6845.9963287793935,6952.175314917853,13362
2013-03-01,6911.72802734375,7093.748975696065,6894.032039159301,7028.019145929727,18415
2013-03-04,6851.05419921875,6982.513850388382,6851.05419921875,6962.28887324475,9841
2013-03-05,6646.279296875,6775.210699562968,6636.167196400296,6765.098599088265,19357
2013-03-06,6679.14453125,6704.425167974635,6608.358285518739,6618.470385907832,12894
2013-03-07,6648.80859375,6696.841657426874,6628.5843895188755,6669.0327979811245,8265
2013-03-08,6631.11083984375,6686.728550376578,6585.606001410581,6608.358420627165,11437
2013-03-11,6593.18994140625,6694.312491252995,6590.662494863144,6651.335870470426,6250
2013-03-12,6638.6953125,6706.95256828446,6605.830022081881,6628.583212180502,12696
2013-03-13,6658.92041015625,6706.953471772205,6610.887348540295,6623.527668518383,13204
2013-03-14,6608.3583984375,6646.279354172418,6588.134197313739,6613.41483447035,9894
2013-03-15,6651.33544921875,6684.199967235989,6600.774177497595,6603.302395384409,7770
2013-03-18,6679.14453125,6803.0194968999485,6628.58325780073,6767.626759786222,14817
2013-03-19,6701.89697265625,6825.771938724941,6618.47040828066,6638.695380631019,21563
2013-03-20,6618.47119140625,6671.5606892899805,6583.078449985063,6613.415526348309,15682
2013-03-21,6752.45849609375,6792.907670787137,6699.369002527669,6734.761741070444,14785
2013-03-22,6628.583984375,6722.121887606769,6620.9993296239545,6706.953349608568,9664
2013-03-25,6674.0888671875,6742.3469028398395,6560.325988769531,6590.6630649492145,20471
2013-03-26,6603.3037109375,6658.920658008872,6603.3037109375,6628.584351834651,12266
2013-03-27,6580.55029296875,6712.009929761499,6578.0228461682,6694.313173134199,14941
2013-03-28,6547.685546875,6615.943581254785,6540.101663723415,6588.134723859173,13244
2013-04-01,6641.22509765625,6676.617842878394,6532.5178719334,6542.629974639158,11827
2013-04-02,6537.5751953125,6593.19215348594,6497.126007501943,6583.080049409323,13803
2013-04-03,6661.4482421875,6689.257098827575,6514.820847545448,6535.045049736124,17938
2013-04-04,6648.80859375,6727.178735277498,6620.9997343042505,6661.448914270437,12520
2013-04-05,6762.5693359375,6891.500718699103,6744.872584213943,6863.691868063668,15284
2013-04-08,6689.25830078125,6800.492975824796,6689.25830078125,6754.988126967345,9419
2013-04-09,6600.77392578125,6719.592446892628,6547.684438197814,6656.3908596513365,17608
2013-04-10,6342.912109375,6562.8539751466515,6327.74395757305,6555.2693206177755,18755
2013-04-11,6350.498046875,6388.419014972285,6320.161349547579,6373.250859184593,14445
2013-04-12,6350.498046875,6454.148847308395,6347.970213786402,6375.77869227319,11520
2013-04-15,6603.3037109375,6618.471478272643,6385.8900449212115,6406.1142490373595,21509
2013-04-16,6431.3935546875,6557.796732930194,6418.753236863231,6522.403997322995,14262
2013-04-17,6681.6728515625,6754.987324855205,6540.101884592646,6542.629331392609,27785
2013-04-18,6861.16650390625,6921.839894114279,6643.752815115467,6643.752815115467,19792
2013-04-19,6684.20166015625,6861.166156000422,6648.80891528821,6835.885513736969,16551
2013-04-22,6524.9326171875,6679.144658445293,6492.067325917316,6620.998729969038,11513
2013-04-23,6413.69775390625,6535.044892897674,6373.248964743722,6464.25902967335,24373
2013-04-24,6416.22705078125,6476.900823354246,6375.77786906592,6446.563744191755,14100
2013-04-25,6355.552734375,6388.417643487516,6304.991454433267,6383.361592643733,12923
2013-04-26,6390.9453125,6444.034420424775,6355.552188131564,6385.889262090772,10488
2013-04-29,6274.6552734375,6355.553250766882,6229.150040642227,6355.553250766882,12534
2013-04-30,6186.17138671875,6304.990295592831,6181.115336804255,6262.013292691808,13685
2013-05-01,6239.26171875,6262.014139317296,6160.891584348097,6186.172223090397,15261
2013-05-02,6077.46484375,6229.148662336957,6057.240643206591,6216.508344121377,13805
2013-05-03,5938.42138671875,5973.814509431821,5900.5004317952535,5963.702023334414,14120
2013-05-06,5890.388671875,5925.781410881634,5872.692302371683,5915.669309951717,7764
2013-05-07,5895.44482421875,5943.478268845729,5862.579917000698,5872.6924038572915,12008
2013-05-08,5842.35546875,5923.253431436214,5829.715150025531,5905.557062372341,9660
2013-05-09,5852.46875,5880.277611104253,5779.155040909868,5867.637289829954,12453
2013-05-10,5781.68115234375,5849.938789752334,5779.153320292692,5837.298472241416,9439
2013-05-13,5769.04248046875,5817.075932163047,5741.234005463409,5804.4356110464405,9426
2013-05-14,5710.8955078125,5771.569265554346,5675.502771777007,5771.569265554346,11779
2013-05-15,5685.6171875,5761.459126252345,5675.505083300507,5733.650646827715,10371
2013-05-16,5700.783203125,5705.8392529840485,5619.8852481245995,5675.502568077883,12445
2013-05-17,5594.60498046875,5675.502940781626,5584.492494334701,5645.166253883286,10594
2013-05-20,5604.716796875,5647.693799949446,5569.324061578841,5617.357114588183,10080
2013-05-21,5594.60498046875,5647.694086102871,5551.627975216776,5607.245298822384,10782
2013-05-22,5683.0888671875,5746.290477396988,5488.427984892682,5576.910239185964,28780
2013-05-23,5721.0078125,5812.017867603263,5678.03080988858,5789.265450265417,19892
2013-05-24,5721.0078125,5824.658185180262,5721.0078125,5796.849717961993,10159
2013-05-28,5642.63916015625,5683.088341247771,5546.572644377874,5589.550043944607,13976
2013-05-29,5695.72802734375,5763.9856752955475,5660.334901395159,5690.671976708791,11022
2013-05-30,5640.11083984375,5700.784220483819,5587.0213424697295,5700.784220483819,14770
2013-05-31,5751.34521484375,5751.34521484375,5599.661385001717,5683.08756856522,14989
2013-06-03,5718.47900390625,5870.162799159742,5718.47900390625,5738.703587090417,23946
2013-06-04,5779.15380859375,5827.186864892971,5652.750622804315,5705.839729384732,17515
2013-06-05,5923.2529296875,5938.421079420845,5776.625167753874,5814.546120715059,18806
2013-06-06,5870.166015625,6026.905946119756,5867.638182436793,5918.199475225556,22712
2013-06-07,5713.42431640625,5854.996046688771,5700.783997122166,5822.131139399764,21704
2013-06-10,5710.8955078125,5731.120093726448,5655.278185863059,5685.614871858036,11153
2013-06-11,5819.60205078125,5857.523002961517,5721.007729413305,5822.130268560684,15695
2013-06-12,5953.59130859375,5971.287681192887,5748.817950048328,5753.874387149788,22813
2013-06-13,5806.96337890625,6004.152463271456,5779.154904211761,5971.287551585258,15207
2013-06-14,5880.27685546875,5897.973225828326,5789.266399688159,5809.490988278507,12568
2013-06-17,5766.51513671875,5829.716747661516,5698.257088298947,5786.739343618819,15453
2013-06-18,5678.0322265625,5753.874150947118,5650.223366654017,5746.2898813582615,12238
2013-06-19,5801.90576171875,5809.4900294073195,5655.278000829948,5667.918318393606,16414
2013-06-20,6079.99365234375,6110.3303418578635,5892.917078880101,5928.309819021244,21338
2013-06-21,6128.02685546875,6239.261900628605,6042.072835540087,6074.937744013498,21984
2013-06-24,6259.48681640625,6360.609379606662,6163.420304215467,6236.734008234978,21530
2013-06-25,6173.53173828125,6244.3176020131605,6115.386193581755,6138.138999291256,14310
2013-06-26,6059.7685546875,6105.273778009379,6034.487917925557,6064.824604889508,10990
2013-06-27,6004.15087890625,6011.735146640508,5930.837190896147,5996.566611171992,10998
2013-06-28,5994.0390625,6069.880971924706,5918.197153075294,6047.128167646155,14959
2013-07-01,5913.1416015625,5925.781921690468,5814.5472588651355,5903.029499760909,9649
2013-07-02,5910.6142578125,5971.2876451438215,5837.300163555831,5918.198527666912,8293
2013-07-03,5865.1083984375,5958.646687986329,5806.962850095704,5951.062418941408,6179
2013-07-05,5766.51513671875,5890.390139865763,5766.51513671875,5794.323614082355,11932
2013-07-08,5758.9287109375,5801.905713143746,5708.367441106182,5715.951708731255,8007
2013-07-09,5690.671875,5758.929521731835,5665.3912365251035,5708.368244782042,11543
2013-07-10,5624.9423828125,5700.784302580758,5609.773844558067,5700.784302580758,12855
2013-07-11,5397.416015625,5513.707100473187,5397.416015625,5508.650664456555,13439
2013-07-12,5349.38330078125,5422.696998677043,5344.3268644420095,5392.360309401264,6799
2013-07-15,5329.15869140625,5372.135699854702,5321.574422679599,5341.799010700026,5283
2013-07-16,5336.74267578125,5369.607195592438,5311.462038540698,5319.045921111335,6694
2013-07-17,5319.04736328125,5346.856226086526,5291.23888622799,5308.935259944068,6474
2013-07-18,5341.80029296875,5359.496667077564,5291.239003656698,5319.047481327112,9829
2013-07-19,5453.03271484375,5483.369398705862,5432.808130351721,5435.336348070174,8172
2013-07-22,5422.6982421875,5453.034938419963,5394.889378952396,5407.529701195258,4927
2013-07-23,5496.01025390625,5508.650572232393,5397.415925263095,5397.415925263095,5990
2013-07-24,5465.6748046875,5488.427614277704,5384.776826232526,5394.888928882402,8281
2013-07-25,5394.888671875,5470.730595391998,5382.248351288834,5410.057210879188,8874
2013-07-26,5339.27001953125,5455.561094498361,5336.742187489628,5435.33650940601,7259
2013-07-29,5356.96630859375,5384.77516090858,5311.461474990385,5356.96630859375,5667
2013-07-30,5298.82275390625,5339.271549932962,5253.31752084321,5319.046959043613,9356
2013-07-31,5281.12548828125,5298.8222447038115,5217.923888920526,5278.597655757991,9326
2013-08-01,5174.94580078125,5217.922802245843,5157.249433796049,5207.810702754834,8479
2013-08-02,5114.27294921875,5192.642692574387,5111.744731214542,5167.362055539941,5968
2013-08-05,5106.68896484375,5137.025653821149,5099.104696161418,5124.385334601238,5385
2013-08-06,5164.8359375,5207.812957572277,5111.746427806459,5119.330698584398,7851
2013-08-07,5185.0595703125,5260.901492535977,5167.362813192117,5192.643453933276,7218
2013-08-08,5137.0263671875,5200.227972063704,5111.745725237019,5126.914264708101,7901
2013-08-09,5172.4189453125,5205.28346773888,5116.801230355982,5144.610087834241,6198
2013-08-12,5152.193359375,5215.3949452707875,5131.968774737974,5215.3949452707875,4870
2013-08-13,5096.57763671875,5212.868359727491,5068.7687759166665,5137.026432905795,9598
2013-08-14,5129.4423828125,5144.610923127437,5086.465366256185,5099.105687934631,7557
2013-08-15,5306.40625,5334.215108658719,5243.204649186508,5243.204649186508,12060
2013-08-16,5311.46240234375,5329.158772473848,5255.844688003531,5303.878133501726,8259
2013-08-19,5324.10302734375,5329.159078277919,5217.924028966397,5306.4062704462185,10063
2013-08-20,5276.06982421875,5316.519005075317,5230.564592193105,5308.934735445714,7180
2013-08-21,5313.98974609375,5354.438919030051,5222.979685614925,5308.933695914688,14802
2013-08-22,5210.33935546875,5273.5409469433735,5205.282919549259,5273.5409469433735,8099
2013-08-23,5139.5537109375,5177.474667409122,5129.441224427251,5137.025492871959,7518
2013-08-26,5144.61083984375,5157.2511613175675,5058.6568081225905,5134.4987369654955,10598
2013-08-27,5344.326171875,5369.606807287373,5210.339112790927,5253.316115841585,16766
2013-08-28,5301.35107421875,5359.496633716074,5258.374055721431,5356.9684149653995,10064
2013-08-29,5225.50830078125,5321.574811584957,5177.475238255377,5306.4062730231235,11934
2013-08-30,5293.76513671875,5331.686091525479,5220.451445059832,5220.451445059832,13576
2013-09-03,5240.67578125,5283.652784162187,5159.7778253414335,5207.810878169428,11006
2013-09-04,5124.38525390625,5233.092074636031,5109.217102532372,5202.755386136351,10383
2013-09-05,5109.216796875,5121.857115139656,5078.879724438304,5116.800679232274,5225
2013-09-06,5094.048828125,5210.339923415231,5040.959331198602,5071.296407014797,12180
2013-09-09,4975.23095703125,5056.128942968338,4960.062415901535,5053.600724196044,8810
2013-09-10,4922.140625,4960.06158572535,4914.556355704538,4917.084574053679,8388
2013-09-11,4939.83740234375,5005.567227306143,4939.83740234375,4990.398687468054,7445
2013-09-12,4949.94873046875,4972.701149140342,4919.612043655995,4942.364462327586,7515
2013-09-13,4947.42138671875,4997.982668924873,4934.781066167219,4942.365335648532,5691
2013-09-16,4970.17333984375,4992.925758620246,4858.938306681574,4863.994356881695,9253
2013-09-17,4906.97119140625,4952.476023798013,4891.802656774423,4952.476023798013,4782
2013-09-18,4783.09814453125,4909.501374491125,4765.401769487276,4891.804999447151,18498
2013-09-19,4760.34326171875,4780.567845229473,4740.118678208027,4760.34326171875,7486
2013-09-20,4793.2099609375,4803.322063612731,4730.008354837332,4737.59223896776,7591
2013-09-23,4810.90625,4858.939315501699,4745.1764264957965,4752.760696246586,10732
2013-09-24,4813.43310546875,4848.826228535845,4762.871831731675,4795.7367368111545,13295
2013-09-25,4846.29833984375,4866.522927863178,4793.209230263675,4808.377381964297,7760
2013-09-26,4770.45654296875,4813.433552486102,4747.704121974841,4805.84966932276,8823
2013-09-27,4783.09814453125,4841.243707463202,4765.401769487276,4823.547332419228,7048
2013-09-30,4805.84912109375,4914.555548721637,4783.0963169434335,4886.747080207114,9660
2013-10-01,4707.2548828125,4810.905656532435,4704.727050375389,4808.377438343389,14036
2013-10-02,4712.3125,4783.098389554073,4699.672176356489,4772.986284940091,8550
2013-10-03,4818.490234375,4871.579347982353,4704.727352106721,4722.423723309173,11436
2013-10-04,4740.1201171875,4828.602359375,4727.479796875,4821.018090037108,6746
2013-10-07,4815.9619140625,4823.54618320354,4745.17604499938,4821.0179649058755,8621
2013-10-08,4995.45458984375,5005.566691485365,4813.433674279085,4818.490110851843,19167
2013-10-09,5033.375,5111.744743544674,4972.7012395198335,4980.285507798842,26035
2013-10-10,4826.0751953125,4924.669946740113,4800.794549164709,4924.669946740113,17105
2013-10-11,4742.64794921875,4843.7705034813935,4737.591512904073,4843.7705034813935,9484
2013-10-14,4679.447265625,4810.906534659827,4676.919046974482,4805.850483110797,9839
2013-10-15,4709.783203125,4724.951355332367,4638.997335568122,4687.030396186034,12130
2013-10-16,4606.13232421875,4674.389972006325,4601.076273595955,4674.389972006325,13771
2013-10-17,4553.0439453125,4654.166517017368,4550.515726719079,4646.582246989104,8872
2013-10-18,4403.88720703125,4497.42549355177,4403.88720703125,4469.617022289959,20193
2013-10-21,4391.2470703125,4413.999877657261,4363.438597893728,4386.191019486537,7183
2013-10-22,4373.55126953125,4426.640774502661,4325.518201796736,4355.854896458113,17226
2013-10-23,4424.1123046875,4469.617536971824,4398.831662946428,4416.528035014782,9725
2013-10-24,4381.1337890625,4431.695055212669,4368.493472524958,4419.054738675127,6713
2013-10-25,4330.57421875,4365.966964614055,4285.068984244788,4305.293575775105,9647
2013-10-28,4317.93212890625,4360.909127212469,4307.819644406537,4325.516395843075,7035
2013-10-29,4305.2939453125,4345.742746092986,4285.069352046241,4297.709674618649,8065
2013-10-30,4315.4052734375,4355.8544526998585,4264.843992235533,4280.012530896908,12711
2013-10-31,4333.099609375,4368.4927210427895,4282.538351922541,4338.15604372167,13705
2013-11-01,4333.099609375,4376.076986811015,4297.706883458991,4310.347197822106,8842
2013-11-04,4322.98828125,4350.797132096793,4302.763697520682,4305.291915143791,4587
2013-11-05,4307.82080078125,4378.606668273363,4292.652648587761,4353.326028865604,15259
2013-11-06,4310.349609375,4340.686303668882,4272.428645069648,4277.484696493296,14684
2013-11-07,4474.673828125,4479.7298795939505,4297.70932644774,4315.4056994650655,16728
2013-11-08,4353.32666015625,4464.561721132127,4353.32666015625,4444.337129522694,13863
2013-11-11,4368.49462890625,4393.775268673356,4340.685770861654,4371.022461431791,12379
2013-11-12,4353.32666015625,4398.831894839473,4340.686338619355,4396.303676231293,8993
2013-11-13,4249.67529296875,4411.471217713048,4247.1470749329055,4406.415167393273,12507
2013-11-14,4224.3955078125,4287.597113939246,4214.283019381027,4269.900355622165,9153
2013-11-15,4206.6982421875,4242.091368801429,4204.1704096984695,4219.338561888487,7897
2013-11-18,4282.5400390625,4302.764627161473,4189.001753075672,4209.226341174645,11073
2013-11-19,4310.349609375,4325.51814939794,4249.676220787236,4287.597185092588,10613
2013-11-20,4333.099609375,4358.380238101229,4257.257723196311,4287.594786269212,10440
2013-11-21,4244.6201171875,4302.765677508978,4234.5080135455155,4300.237844474495,7964
2013-11-22,4199.11474609375,4234.507490218666,4194.0583091456365,4226.923220548476,5920
2013-11-25,4178.8896484375,4196.586018352455,4158.665060355294,4168.777161520431,6887
2013-11-26,4133.3837890625,4191.5293262425,4110.631372047309,4176.360791064457,7185
2013-11-27,4075.239501953125,4120.744735694009,4072.711669149293,4118.216517138186,7140
2013-11-29,4034.7900390625,4049.958190636763,4014.5654512115543,4044.9021401120085,6390
2013-12-02,4049.95849609375,4060.0709836578935,4004.453266434997,4017.0935865762085,7226
2013-12-03,4057.54248046875,4087.8791695274763,4034.790060112688,4055.0142623172187,14158
2013-12-04,4047.42919921875,4115.686826136336,4022.1485680824726,4087.8779775857033,14095
2013-12-05,4055.013916015625,4080.2945523642306,4032.2614976026384,4037.31754772198,9033
2013-12-06,3999.3955078125,4037.3164520441323,3981.6991443214297,3989.283410318115,10644
2013-12-09,3969.0615234375,3979.1736277951177,3948.8369289702105,3969.0615234375,5675
2013-12-10,3971.5888671875,3986.7570203813343,3956.420328241696,3981.700969316723,4338
2013-12-11,4070.18310546875,4085.3516440135168,3964.0044929112614,3974.116594773133,8205
2013-12-12,4095.463623046875,4100.519673826173,4049.958394529298,4070.1829833984375,6718
2013-12-13,4105.57666015625,4118.216982860859,4052.487536248113,4057.5435881795493,5990
2013-12-16,4060.06982421875,4070.1819231432114,4012.036389947939,4065.125873680981,5516
2013-12-17,4072.711181640625,4090.407552157138,4039.8462731088466,4057.5426436253597,6090
2013-12-18,3981.70068359375,4178.889746979257,3974.1164146650876,4070.182921006944,18073
2013-12-19,4001.924560546875,4037.317294917984,3991.8120751895062,3991.8120751895062,5363
2013-12-20,3921.028076171875,3991.813571446721,3905.859535326112,3989.2857384737727,9338
2013-12-23,3837.601318359375,3880.5783302080295,3837.601318359375,3857.8259079799072,7555
2013-12-24,3835.07275390625,3852.7691235702328,3830.0167033953876,3837.600972037645,2678
2013-12-26,3807.264404296875,3835.072875866931,3802.207967873283,3822.432556311831,5055
2013-12-27,3830.016845703125,3837.601114627183,3797.1519375335024,3799.6801557588356,6388
2013-12-30,3837.601318359375,3862.8819589470495,3830.0170490326805,3842.6573693265177,5226
2013-12-31,3789.568115234375,3830.0172970952517,3789.568115234375,3827.4890785719517,7572
2014-01-02,3847.713134765625,3870.465941057287,3822.432496053956,3824.9607142258965,9108
2014-01-03,3905.859375,3905.859375,3842.6577669902913,3850.242037101857,8433
2014-01-06,3931.138427734375,3961.4751101549464,3895.7456958690163,3905.8577947585914,11933
2014-01-07,3865.409912109375,3908.3873110503737,3847.713540296479,3898.2748230487377,8150
2014-01-08,3842.657470703125,3875.522381484533,3822.43288054903,3860.3538424309686,6569
2014-01-09,3870.466064453125,3893.218485718233,3812.320516412139,3817.37656716528,9356
2014-01-10,3845.185546875,3908.3871476733925,3835.073059296082,3850.24159778848,7335
2014-01-13,3953.890869140625,3986.7557693758654,3827.487703429584,3855.2965541867525,15462
2014-01-14,3809.791748046875,3931.138877360138,3799.679648000724,3931.138877360138,15545
2014-01-15,3744.063232421875,3781.984195400819,3728.894692929504,3774.3999256546335,15779
2014-01-16,3741.534912109375,3761.7595022981986,3731.42280989095,3749.1191816491805,7946
2014-01-17,3784.512451171875,3804.737044171698,3741.535432142268,3764.2878581720524,7672
2014-01-21,3728.894775390625,3792.0963817531783,3723.8387240320194,3736.47904530453,10159
2014-01-22,3703.614501953125,3731.4233658249163,3688.445960613597,3708.6705538156243,6867
2014-01-23,3733.94970703125,3784.510976959234,3731.4218749859765,3731.4218749859765,10223
2014-01-24,3878.681640625,3881.8417201129214,3758.59862008399,3768.710720144582,42990
2014-01-27,3953.890869140625,4010.7722937105937,3864.7767916150806,3876.1529993787044,43850
2014-01-28,3957.052490234375,4007.6137762210888,3950.100467712002,3996.8698115505113,30428
2014-01-29,4041.7431640625,4058.8076767765792,3969.0613088838936,4025.9427607628027,38164
2014-01-30,3898.2744140625,3951.3639096832935,3867.305863076982,3941.251422742606,41308
2014-01-31,3914.70751953125,3987.389364381347,3877.418418742148,3977.909123748726,32850
2014-02-03,4088.511962890625,4113.792604774006,3893.8507117870035,3926.083761639504,77640
2014-02-04,4033.526123046875,4077.1349948810184,4003.1894326944393,4054.3825735546784,31556
2014-02-05,4054.3828125,4144.761027194891,4025.9420912899454,4058.1747543605525,41689
2014-02-06,3951.99658203125,4031.6308417979685,3941.252231219231,4030.3667324520816,42680
2014-02-07,3811.05712890625,3929.2442181802803,3804.73696783012,3903.9635738757615,62234
2014-02-10,3764.918701171875,3816.11183351637,3762.3904833330853,3816.11183351637,19835
2014-02-11,3681.492919921875,3757.334834152025,3665.0606594727788,3752.2787836870666,41129
2014-02-12,3664.427734375,3687.8123974216173,3649.8914473195955,3665.0599816611452,30840
2014-02-13,3611.339599609375,3720.0460436492317,3605.65130127503,3720.0460436492317,47624
2014-02-14,3598.0673828125,3634.092375687101,3579.739148368926,3613.867784445922,36159
2014-02-18,3561.41015625,3601.2270870576835,3547.50572711425,3585.426687074321,35705
2014-02-19,3609.443115234375,3623.9797914071605,3557.6181133645778,3574.0503745791075,58991
2014-02-20,3577.2099609375,3634.7232530051742,3562.041425176939,3605.6506761746355,46559
2014-02-21,3587.9541015625,3593.6420128310756,3543.712991520427,3551.9291205207246,29940
2014-02-24,3544.345703125,3575.314641882541,3513.3771501194183,3568.362234328828,44058
2014-02-25,3553.825439453125,3577.2101056332635,3522.224643466965,3537.3931798410836,57756
2014-02-26,3560.7783203125,3587.9549313301077,3512.744872564399,3531.705352681607,59683
2014-02-27,3513.376953125,3570.25839077461,3507.0567933861544,3558.881794643138,53001
2014-02-28,3524.119873046875,3582.8976498232482,3472.926748614613,3515.27188348239,65591
2014-03-03,3574.68212890625,3635.355892745646,3555.08978837332,3588.5865572289404,92453
2014-03-04,3481.144287109375,3502.0007393744786,3467.872104509394,3495.6805789455393,100638
2014-03-05,3460.92041015625,3484.9373333395934,3450.176443813454,3470.400652754288,59805
2014-03-06,3469.135498046875,3493.152025571728,3441.326643595846,3447.6468027209066,60568
2014-03-07,3503.2646484375,3537.393667104465,3440.0630477593854,3446.3832078271967,103408
2014-03-10,3496.312744140625,3541.8179753082454,3493.15266400054,3507.0570937673087,68990
2014-03-11,3526.6484375,3546.873021818831,3461.5508822018955,3479.879110372195,87336
2014-03-12,3500.10546875,3583.5316802555676,3496.3135260346794,3557.6191716127432,68821
2014-03-13,3598.0673828125,3629.668186079344,3471.6641697451223,3473.5601407907347,86601
2014-03-14,3646.73291015625,3650.5248524691247,3589.8514609510403,3622.716375420009,66466
2014-03-17,3584.1630859375,3604.387677933189,3546.242120602586,3601.227597488613,54556
2014-03-18,3495.049072265625,3575.9470568240818,3488.72891119462,3575.315195017789,67438
2014-03-19,3533.600830078125,3579.7383005218317,3486.831883771434,3493.1520429278976,49039
2014-03-20,3514.00927734375,3569.626613216059,3493.7846863669133,3554.458459297423,44136
2014-03-21,3599.33056640625,3611.3390228600747,3469.7673063336806,3474.1914948036106,75416
2014-03-24,3659.3720703125,3726.3656015822307,3567.097902978434,3572.1539530409227,108099
2014-03-25,3636.6201171875,3698.557606314988,3576.578598856906,3622.715688423711,110605
2014-03-26,3730.15869140625,3732.0546623484965,3585.42686603386,3600.595405075777,123915
2014-03-27,3773.767333984375,3813.584650082494,3708.037902266618,3740.2705635582925,120106
2014-03-28,3758.60009765625,3778.192443882704,3675.8057510736535,3749.119855465635,89124
2014-03-31,3702.982177734375,3708.0382289655226,3654.3168649116137,3699.189849997027,77345
2014-04-01,3574.05029296875,3669.484549673862,3569.6261040498784,3666.956717257316,72975
2014-04-02,3555.090576171875,3587.955490648667,3536.7619549005826,3544.9784728337922,80510
2014-04-03,3612.60302734375,3651.1562318670376,3537.3933605066436,3546.8735997866766,76774
2014-04-04,3802.20751953125,3822.4321055849905,3556.985426228368,3566.465664776819,140254
2014-04-07,3872.993896484375,3927.3475028919047,3781.983825683028,3848.9773660959063,132585
2014-04-08,3804.736328125,3894.4826774670437,3795.2560881047552,3864.1459865526504,118578
2014-04-09,3673.90869140625,3796.5199417159643,3670.116749954167,3775.6634922256535,106600
2014-04-10,3900.170166015625,3921.0270003942474,3668.852488970449,3670.7484596179843,156429
2014-04-11,3991.812744140625,4010.141361717968,3871.097847206076,3969.060323339454,153078
2014-04-14,3929.242919921875,4004.452580426637,3886.2659159545983,3922.9227609339846,117060
2014-04-15,3901.433837890625,4068.2861797129704,3858.4568364369507,3902.6979467646474,164189
2014-04-16,3799.681396484375,3898.908015074481,3799.681396484375,3834.442286797643,109919
2014-04-17,3796.51904296875,3847.080307704137,3761.1259262028766,3824.959754382405,70633
2014-04-21,3741.534912109375,3814.8486175728913,3740.9030503777135,3779.45587405643,43785
2014-04-22,3680.228515625,3728.2619555684814,3663.1640091418144,3716.885360745096,49581
2014-04-23,3745.95947265625,3749.751414925892,3680.2296444677104,3680.2296444677104,53899
2014-04-24,3672.01318359375,3755.439377824072,3621.4519005150064,3622.0837622527,76766
2014-04-25,3793.990966796875,3808.5272537995597,3709.9329381926254,3718.149066867895,82281
2014-04-28,3764.286865234375,3886.2662528772653,3711.1977565846314,3757.3348440457416,152080
2014-04-29,3706.7734375,3780.087131238451,3692.8690098594216,3742.798422738618,73973
2014-04-30,3686.548583984375,3759.8626581736553,3680.228425127638,3737.742102175075,62865
2014-05-01,3664.427734375,3693.5006942376617,3623.34670509781,3677.0680510756742,69098
2014-05-02,3677.700927734375,3694.765049599021,3626.5074048846805,3639.7799711428615,71251
2014-05-05,3641.0439453125,3738.3745615713487,3637.8838653787966,3720.04594365509,51218
2014-05-06,3732.053955078125,3736.4781436062435,3646.7318070788792,3649.2600250240607,50368
2014-05-07,3756.07080078125,3842.6570650890712,3709.9337125119814,3717.5179812382016,83319
2014-05-08,3761.759521484375,3798.416374403095,3670.749058046473,3779.455893332863,68440
2014-05-09,3732.68603515625,3816.112217455352,3728.8940937684406,3768.0791597007983,63356
2014-05-12,3611.9716796875,3695.397874373985,3608.8115994777995,3688.445466461457,60365
2014-05-13,3606.282958984375,3619.5555257630826,3579.1063495116873,3603.1228791444823,43975
2014-05-14,3642.940185546875,3660.0043080424216,3599.9627912193164,3627.1397863828997,41539
2014-05-15,3699.82177734375,3745.958867682622,3632.8278506342012,3644.8363088020487,79980
2014-05-16,3653.051513671875,3742.1655917980784,3646.731355343723,3690.3406021087126,60103
2014-05-19,3598.0673828125,3686.549631959664,3589.2193893489793,3672.0133396073143,39099
2014-05-20,3627.140869140625,3655.5815961257777,3577.2114385769823,3603.756194246868,63129
2014-05-21,3556.986083984375,3617.0276058940767,3553.1941421645483,3612.603416602969,62615
2014-05-22,3526.017822265625,3560.778706248071,3506.425092569775,3547.506137276302,33553
2014-05-23,3474.8232421875,3534.2328893979943,3472.9272716918204,3519.064353928797,26739
2014-05-27,3386.341552734375,3448.279041789419,3386.341552734375,3442.5911294053913,33594
2014-05-28,3407.830078125,3412.8861285725006,3379.3893603868955,3388.86959963293,34825
2014-05-29,3364.220703125,3397.085608487728,3363.588841498603,3383.813428318121,32334
2014-05-30,3364.220703125,3398.349717492431,3352.2126319600957,3362.3247324939002,42529
2014-06-02,3369.90966796875,3411.622573119196,3354.1092666614622,3354.74112841296,25924
2014-06-03,3371.173583984375,3398.9820572399985,3361.0610962761784,3391.3977878968417,29485
2014-06-04,3347.15625,3399.6138814030733,3336.4122876662764,3387.605424292316,35996
2014-06-05,3289.6435546875,3363.5895100124285,3278.267342887969,3340.2048389094016,60408
2014-06-06,3254.250732421875,3278.899126441018,3253.618484932989,3263.730972987386,31706
2014-06-09,3257.410400390625,3275.738631713354,3240.977754038744,3250.4579934045464,27839
2014-06-10,3247.298095703125,3270.6827646004162,3242.8739066006187,3263.098495532113,23221
2014-06-11,3249.19384765625,3273.8426240298304,3238.449885097845,3268.154326173797,34550
2014-06-12,3305.443115234375,3328.827780389279,3254.249982281978,3261.20200279338,33168
2014-06-13,3287.11474609375,3315.5554633630736,3270.0506243336886,3276.3707837268717,34145
2014-06-16,3280.16259765625,3311.13153178074,3261.8339818271597,3297.858966119429,30284
2014-06-17,3276.37109375,3295.9634354220057,3259.938446321653,3283.3231154395626,26664
2014-06-18,3238.4501953125,3305.4437381911152,3230.8659260285913,3268.7868866961758,37150
2014-06-19,3242.87353515625,3273.210607954604,3226.441275517062,3231.4973257328193,21260
2014-06-20,3237.18603515625,3253.6182968859553,3230.2338205681567,3241.610224314849,20309
2014-06-23,3234.657470703125,3254.2501960939867,3233.39355456162,3239.0816593882814,20724
2014-06-24,3243.505859375,3259.9381194035095,3181.5681819467736,3234.02562033888,63050
2014-06-25,3199.896484375,3256.7779164384574,3189.1523295996944,3256.146054827401,45779
2014-06-26,3195.47265625,3245.401877325977,3194.2085472097133,3194.8406017298566,28529
2014-06-27,3169.56005859375,3207.4810164233863,3167.032033313634,3206.2169073453456,27890
2014-06-30,3156.91943359375,3173.3518856370947,3141.1190360282153,3169.559751646177,26249
2014-07-01,3086.134033203125,3137.3273674855973,3070.9656878650526,3136.06345121841,38971
2014-07-02,3077.2861328125,3089.294399280712,3067.805891988755,3084.2383479917785,22069
2014-07-03,3038.1005859375,3073.493322939439,3038.1005859375,3056.4290089297792,15290
2014-07-07,3057.693359375,3067.1735994634414,3037.468962911911,3045.0530392570777,26723
2014-07-08,3129.743408203125,3154.391994408029,3064.0135878220717,3067.805722517284,44520
2014-07-09,3082.97314453125,3131.006386232266,3077.2850406310076,3112.0459113141746,37336
2014-07-10,3102.56640625,3169.5601386837134,3077.9178216130977,3160.7119535417446,40100
2014-07-11,3064.64599609375,3105.727042134889,3062.117970297189,3088.662723351096,31854
2014-07-14,3024.197021484375,3045.053475516623,3012.1887542271406,3035.5732340699637,18190
2014-07-15,3045.684814453125,3089.293876284439,3007.1318030547895,3017.2440967967077,44820
2014-07-16,3020.40478515625,3028.6211098604035,2996.3882514462616,3003.3404668494686,21141
2014-07-17,3101.302001953125,3121.5263943982736,3017.243774143036,3039.9963844102754,55326
2014-07-18,3003.3408203125,3077.2865940965594,3000.812601413061,3069.070461301449,46964
2014-07-21,3012.18798828125,3038.7325418564847,3001.4436402233973,3017.244038616736,32918
2014-07-22,2971.107666015625,2989.4360939785593,2963.523395814961,2982.483878440618,27734
2014-07-23,2934.449462890625,2962.258314103235,2928.129304501564,2952.778076519644,28680
2014-07-24,2940.138427734375,2948.986612914163,2916.7537592315343,2923.0739190565214,22276
2014-07-25,2964.78662109375,2994.4912526242842,2955.9384370820153,2969.8426711358998,29525
2014-07-28,2962.890869140625,3007.1319882192024,2947.0904694697047,2958.466872958351,26585
2014-07-29,2971.107666015625,2976.795772228121,2936.3467812019207,2948.355048289636,30291
2014-07-30,2949.618408203125,2971.1069111440675,2928.1297123862287,2940.7700309251304,35604
2014-07-31,3067.805908203125,3075.390178052604,2987.5399845301126,2996.3881707705086,48858
2014-08-01,3089.92626953125,3130.3752560570583,3046.3172029194257,3080.446029273202,51443
2014-08-04,3046.31689453125,3098.774141498312,3022.3003654591894,3074.1255578978366,39708
2014-08-05,3094.350830078125,3121.5274449282592,3054.5337004912712,3072.8623214901113,48686
2014-08-06,3100.03857421875,3137.959535371273,3060.853503877417,3132.9034843679965,43908
2014-08-07,3116.470947265625,3139.22356193347,3058.325397878463,3070.333663352166,43866
2014-08-08,3072.229248046875,3134.7987819336695,3065.9090892123313,3108.2540376782094,48513
2014-08-11,3034.30908203125,3052.0054542074045,3016.612516979105,3050.741537838245,21601
2014-08-12,3040.629150390625,3070.3337879918527,3022.9325858745888,3042.5251213249217,38023
2014-08-13,2973.6357421875,3016.6127597169593,2973.0036875140654,3012.8208174283645,40709
2014-08-14,2943.29833984375,2974.2670826454046,2942.666285322092,2969.2108393480985,24069
2014-08-15,2914.85791015625,2969.84318720419,2901.5855353943407,2911.6978301117947,63050
2014-08-18,2868.088134765625,2892.1048551744934,2863.6641391021662,2885.152641559401,31630
2014-08-19,2836.487548828125,2858.608107408617,2833.3274690309117,2854.184111418097,22075
2014-08-20,2835.85595703125,2846.6001136386167,2825.743662142683,2841.5440626323248,26885
2014-08-21,2826.375732421875,2842.8079947215037,2823.8475140287164,2834.5918635716894,20006
2014-08-22,2818.791259765625,2835.855768309213,2805.5188856623868,2823.847310435445,37519
2014-08-25,2796.039306640625,2809.3116838798273,2780.8709581712574,2789.087090669994,21510
2014-08-26,2789.08642578125,2803.6229089592284,2784.662429673493,2787.822509554449,26600
2014-08-27,2788.454833984375,2801.727016468152,2782.7665353473412,2789.086695720945,15536
2014-08-28,2797.302490234375,2814.36680428621,2789.718222071814,2808.678699602265,19636
2014-08-29,2773.918212890625,2803.6230423351367,2773.918212890625,2781.502482116111,13640
2014-09-02,2759.38134765625,2781.501903271879,2756.853322732509,2760.01340210617,15879
2014-09-03,2789.08642578125,2801.0948836296575,2744.845307447868,2745.477361999253,32825
2014-09-04,2797.934814453125,2810.5751340253078,2749.269506949832,2777.0781714334407,37411
2014-09-05,2765.702392578125,2816.2636787573374,2764.4382832732445,2787.1909006290903,31820
2014-09-08,2756.221923828125,2782.1346194304647,2743.58160332708,2766.966080528423,29811
2014-09-09,2803.62353515625,2812.4717222239997,2735.9977334489986,2757.486242863822,41371
2014-09-10,2756.853271484375,2810.574619837972,2754.3250537316935,2796.670193701961,29586
2014-09-11,2758.74951171875,2801.094655830221,2758.117457218767,2780.8700690864835,21366
2014-09-12,2787.1904296875,2805.518854255376,2764.437816176082,2764.437816176082,22545
2014-09-15,2842.80859375,2859.241052388213,2782.135197048943,2782.135197048943,29454
2014-09-16,2792.246826171875,2869.9849158921825,2782.134723692868,2864.9286717766877,34179
2014-09-17,2784.030517578125,2817.5272888798654,2758.7498772368936,2793.510757706087,37395
2014-09-18,2740.42138671875,2772.022186397527,2740.42138671875,2766.334081030542,27321
2014-09-19,2746.741455078125,2767.5979050203737,2718.3007363154393,2721.4608161779597,38018
2014-09-22,2796.039306640625,2819.423980484744,2758.1183390291985,2759.382448433319,35855
2014-09-23,2809.94287109375,2822.5831897285616,2786.558204468967,2818.791055562927,35835
2014-09-24,2751.1650390625,2824.4789194664713,2749.2690685793727,2808.0464680675905,39348
2014-09-25,2866.1923828125,2868.0883535449007,2762.5418037953555,2766.3339381361216,61181
2014-09-26,2802.3583984375,2856.7118031793757,2795.4061851200613,2849.127535401089,36613
2014-09-29,2809.94287109375,2863.664225291698,2797.302552458939,2861.136200139927,49409
2014-09-30,2802.9912109375,2830.799878851873,2775.814597654907,2796.671050371688,35008
2014-10-01,2892.737548828125,2911.065975771531,2814.3674040339865,2820.0557028060716,52916
2014-10-02,2893.369384765625,2967.3153393830758,2875.6730126076664,2896.5294649992597,61909
2014-10-03,2835.22412109375,2879.465245876697,2813.1035587022766,2861.1368184703897,35498
2014-10-06,2847.864013671875,2865.5603837702024,2804.886811770845,2821.9513201967784,44830
2014-10-07,2930.026123046875,2930.026123046875,2858.608201552246,2875.0406556141234,53734
2014-10-08,2811.838623046875,2960.994409912197,2796.6702804400156,2924.969427454458,60458
2014-10-09,2907.273681640625,2914.2258964110492,2808.6791442967465,2820.0555483417993,87993
2014-10-10,3049.4765625,3051.3725329532526,2906.6409377849163,2942.03386496114,70175
2014-10-13,3144.27978515625,3151.2320001408384,3014.716497526696,3062.1177003179964,100513
2014-10-14,3144.27978515625,3163.872320885185,3064.0136712792532,3103.198742737123,99325
2014-10-15,3189.152587890625,3328.8281542895816,3160.0798150172727,3240.3459194690977,112250
2014-10-16,3224.544921875,3321.8751306605745,3171.455436536062,3318.7150514321106,101599
2014-10-17,3137.32763671875,3178.4086800092628,3078.550221161182,3144.2798518508043,89698
2014-10-20,3046.31689453125,3153.759606579033,3041.260844055857,3142.3833965714175,48344
2014-10-21,2887.681640625,2985.644140138248,2886.417724098825,2971.10784639314,76615
2014-10-22,2916.753662109375,2919.913741916644,2861.1363346518247,2869.3524650003383,56051
2014-10-23,2827.638916015625,2867.4560308782484,2795.4060686151965,2857.9757929884713,69760
2014-10-24,2785.294677734375,2838.383984847641,2778.34246293807,2818.7914496493213,54671
2014-10-27,2776.4462890625,2815.6313593167397,2767.598103388441,2794.774907879601,31054
2014-10-28,2694.916259765625,2755.589836014536,2693.652343456345,2754.957781421905,38994
2014-10-29,2712.612060546875,2751.164872459364,2697.443526096665,2710.715897302635,49344
2014-10-30,2701.867919921875,2749.2691114994514,2689.2276021678545,2739.156818721047,37231
2014-10-31,2626.65869140625,2644.9871179253983,2608.962126624048,2610.858290462849,36336
2014-11-03,2609.59375,2625.3941483323756,2597.5854858425855,2619.7060435079115,24399
2014-11-04,2626.65869140625,2664.5796536704133,2615.2822870014083,2629.1867169819966,22103
2014-11-05,2627.921875,2646.882350845241,2594.4251114904487,2596.9531363612937,33515
2014-11-06,2611.490234375,2650.675111328,2610.858179788859,2630.450714703349,29915
2014-11-07,2616.546630859375,2643.7232457686237,2600.7462284991134,2603.9063089711653,20334
2014-11-10,2598.2177734375,2627.9224092415993,2591.2655589723795,2615.282089441734,19245
2014-11-11,2583.681640625,2610.858447609001,2581.7856695480696,2595.6901003655585,14605
2014-11-12,2572.936767578125,2603.2734536289604,2566.6166085778723,2603.2734536289604,19410
2014-11-13,2550.81689453125,2574.201373372146,2531.8564124503077,2562.82516127398,39026
2014-11-14,2534.3837890625,2567.8805550094553,2534.3837890625,2552.0801573220333,19494
2014-11-17,2549.552490234375,2573.5692138168674,2535.016199471374,2545.7603556817735,21080
2014-11-18,2512.263671875,2544.4965273723665,2504.679402507626,2544.4965273723665,25340
2014-11-19,2533.11962890625,2556.504294161442,2514.7912065344226,2514.7912065344226,28698
2014-11-20,2510.99951171875,2559.032766693154,2506.5755154075678,2555.240632086442,23833
2014-11-21,2501.51953125,2516.6880712510538,2461.7025959372295,2467.390701999626,29366
2014-11-24,2461.702392578125,2492.039084322148,2459.174367078787,2487.615087917302,20611
2014-11-25,2452.8544921875,2466.126868697733,2438.950061009922,2454.7504633135313,21059
2014-11-26,2420.62109375,2454.1178620222654,2418.7251230462725,2449.061811561684,15656
2014-11-28,2399.132568359375,2411.772887272885,2389.020274653375,2408.612807544507,20851
2014-12-01,2454.118408203125,2469.9188105038816,2404.1891755079346,2412.405500429931,35449
2014-12-02,2434.52587890625,2458.5424114304965,2425.045638245207,2447.7980615309184,20190
2014-12-03,2425.045166015625,2454.7497985769096,2418.7250068056555,2426.9411366282347,26030
2014-12-04,2426.94140625,2447.1659951191396,2408.6129810800776,2428.8373770732433,28988
2014-12-05,2425.67724609375,2437.053649421832,2411.7730103051654,2419.3570863145833,17814
2014-12-08,2462.334228515625,2486.3507579406332,2418.0931111398986,2438.949560752355,37409
2014-12-09,2445.27001953125,2536.2802906917277,2442.1099393320947,2519.215973341882,55504
2014-12-10,2521.74365234375,2530.5918371101143,2442.109603694544,2452.2218975172304,44366
2014-12-11,2497.095947265625,2508.472161270978,2437.686465360725,2507.2082446459553,50869
2014-12-12,2550.81689453125,2552.0808109443806,2488.8792040079074,2545.128788482167,52810
2014-12-15,2603.906005859375,2619.7064063803664,2507.8394935413544,2526.168112446491,58539
2014-12-16,2689.228271484375,2689.860326104575,2560.9290914993235,2639.299042504399,72548
2014-12-17,2593.79345703125,2691.755930671357,2574.8329782621972,2684.8037165475116,79543
2014-12-18,2465.494384765625,2530.5919537720206,2464.862330208326,2514.791554219403,53713
2014-12-19,2444.637939453125,2472.4467992168293,2423.1494328978883,2462.334504109663,40946
2014-12-22,2430.73291015625,2452.853464109796,2430.100855753821,2452.221409707367,22303
2014-12-23,2445.901123046875,2454.1172512194057,2412.4043631115856,2413.0362246049235,17045
2014-12-24,2443.373779296875,2446.5338591477826,2425.6772164062127,2442.109670206125,5013
2014-12-26,2410.5087890625,2432.6293472605385,2399.1325791396075,2431.3654310890843,11724
2014-12-29,2409.2451171875,2416.8291936131304,2401.028793298092,2415.5652773135157,12269
2014-12-30,2441.4775390625,2449.6938621426634,2413.668875822169,2425.67714030368,14503
2014-12-31,2495.198974609375,2500.255218099413,2414.933062074193,2436.421566497944,20163
2015-01-02,2506.57568359375,2531.85632550014,2447.798075435799,2468.0226661113074,34835
2015-01-05,2579.889404296875,2595.0577498107327,2524.2718802447594,2530.592040281865,38024
2015-01-06,2650.04296875,2672.7955829637385,2564.7208101054607,2574.8331045200084,55195
2015-01-07,2581.153564453125,2628.5547692100113,2570.4094071004947,2615.282393302884,41774
2015-01-08,2485.086669921875,2543.8640732210742,2473.0782131636724,2538.8080230209534,45256
2015-01-09,2516.055419921875,2543.864081868979,2466.126200741128,2469.9181419661336,48741
2015-01-12,2567.880615234375,2581.7850426757886,2501.5189433908113,2505.31107749992,39575
2015-01-13,2570.4091796875,2610.8581655928488,2464.8624292831873,2518.5837899214107,79051
2015-01-14,2595.0576171875,2643.090869589906,2571.672949094917,2621.602172261168,75176
2015-01-15,2666.474853515625,2672.1629576351097,2565.9843711516223,2574.8325545459243,62193
2015-01-16,2600.745849609375,2681.6438207578904,2596.3216604426375,2674.0597444554546,56005
2015-01-20,2562.192626953125,2629.8184108651103,2547.6563372295204,2569.7768955160254,38003
2015-01-21,2536.27978515625,2595.057380870486,2510.9991486019853,2575.4648489657407,44396
2015-01-22,2442.10986328125,2560.2969361995406,2436.421757675104,2516.6878693844433,53959
2015-01-23,2430.1015625,2456.014257528382,2416.197133106435,2440.8459118382984,24411
2015-01-26,2435.156982421875,2460.4376163131,2426.9408535575985,2437.6852001117413,21913
2015-01-27,2558.400390625,2577.99292290104,2510.3673345623915,2512.2633051895114,48023
2015-01-28,2590.00146484375,2590.00146484375,2476.238585986028,2479.398665954298,52971
2015-01-29,2538.176513671875,2638.034973141317,2529.3283274832906,2591.89787830913,55899
2015-01-30,2575.46533203125,2584.313517909657,2504.679459252021,2543.232475803637,53956
2015-02-02,2531.223876953125,2647.5147730494373,2528.6958517311105,2564.0887834671953,52468
2015-02-03,2484.455078125,2547.6566817767375,2480.662943330698,2516.0558799508685,44674
2015-02-04,2487.615478515625,2516.056203819822,2456.6467273151466,2505.311852665609,34706
2015-02-05,2444.637939453125,2488.247200048031,2443.374023112221,2478.76695954931,28434
2015-02-06,2474.342529296875,2492.6709539016583,2426.9413314176245,2436.4215709934747,35918
2015-02-09,2490.142333984375,2502.150596004547,2468.65383465208,2496.4624921924574,27698
2015-02-10,2414.9326171875,2471.8140440587663,2406.7162953583133,2462.9658606762,26823
2015-02-11,2395.340087890625,2417.4606427919894,2385.227795646243,2408.61245940663,28159
2015-02-12,2340.987548828125,2371.956298531208,2338.459523054078,2366.2681923206014,30620
2015-02-13,2299.273681640625,2335.2986637528165,2298.641820064853,2327.714396084164,27550
2015-02-17,2296.113525390625,2310.650005789579,2292.9534461138,2301.8018223896556,19404
2015-02-18,2289.162353515625,2307.4907815374954,2287.26618952136,2300.5385659771987,14811
2015-02-19,2267.041259765625,2292.953759071556,2263.2491255406726,2292.953759071556,15946
2015-02-20,2236.072509765625,2283.473709318678,2233.5444843646574,2270.201527744603,26516
2015-02-23,2230.384033203125,2247.448539352656,2229.751978739079,2236.7041920917004,22050
2015-02-24,2225.960205078125,2249.9767335101537,2222.168070884658,2236.704360270998,23764
2015-02-25,2238.600830078125,2248.712932142907,2217.112131000505,2234.1766407677956,31981
2015-02-26,2216.480224609375,2246.8169159443073,2213.9520062681477,2234.8086503273958,27863
2015-02-27,2236.072509765625,2242.3926697060324,2215.2160591126717,2217.112029944404,26456
2015-03-02,2194.9912109375,2227.8561158968555,2193.7272948242644,2227.8561158968555,29836
2015-03-03,2216.480224609375,2242.392726723139,2203.8399044071566,2208.2639007523453,26068
2015-03-04,2231.649169921875,2256.2977623640913,2223.432843857115,2229.1211437773454,31520
2015-03-05,2225.328125,2241.7605777322615,2211.42369740902,2221.5359908501005,23509
2015-03-06,2277.153076171875,2285.3693981125866,2222.167811842194,2231.015995344862,41311
2015-03-09,2261.985595703125,2284.106159324176,2249.9773283126133,2264.513621541758,39003
2015-03-10,2344.77978515625,2345.4118398460496,2293.5864412986607,2294.2184959884603,50159
2015-03-11,2373.2197265625,2373.851781043565,2332.7707471616577,2337.1947427772175,44369
2015-03-12,2340.354736328125,2378.275689287539,2335.2986864172462,2377.0117732477897,40951
2015-03-13,2363.107421875,2390.2842214195994,2327.0826311427822,2346.674969827838,42470
2015-03-16,2300.53759765625,2348.5708388198614,2299.273488858817,2342.8827349832586,29224
2015-03-17,2294.850341796875,2323.9231189973,2285.370100940823,2313.1787688767104,19115
2015-03-18,2246.185302734375,2328.3474001936447,2227.224818705313,2305.5947807835664,39601
2015-03-19,2239.232666015625,2248.7129062491813,2229.1205640672833,2243.024800684244,25029
2015-03-20,2208.264404296875,2211.4244850680143,2189.3039196700397,2203.8404069428943,25841
2015-03-23,2220.272216796875,2221.5363259961996,2201.9437906625726,2212.0560856292173,15609
2015-03-24,2235.44091796875,2237.3368890293928,2199.4159248085557,2220.272377979617,24274
2015-03-25,2339.7236328125,2339.7236328125,2224.6966277500237,2227.856708187169,39374
2015-03-26,2353.62744140625,2392.180454277595,2328.3468025235275,2376.3800549758935,50840
2015-03-27,2335.299560546875,2362.476176523267,2324.5552093695965,2356.156015330989,28883
2015-03-30,2280.3134765625,2307.4902782109302,2278.417505857802,2306.226169157157,26016
2015-03-31,2329.610107421875,2330.2421617509476,2284.7369503203477,2294.217186628731,24096
2015-04-01,2353.62744140625,2383.9643237910973,2329.610911618051,2329.610911618051,38394
2015-04-02,2351.09912109375,2364.3714934170484,2335.9307782425276,2350.467066625794,25378
2015-04-06,2311.914306640625,2385.860251178531,2299.2739874290833,2378.90803703699,37448
2015-04-07,2319.49853515625,2320.7626442059022,2280.9455236533922,2315.0743463584286,29758
2015-04-08,2284.105712890625,2318.234537231633,2277.1534985362046,2318.234537231633,57864
2015-04-09,2254.4013671875,2300.5384624993135,2253.1372579148497,2285.370115607484,25816
2015-04-10,2236.704345703125,2265.7771171624086,2236.072291195671,2256.2968781784652,18048
2015-04-13,2247.448486328125,2251.872481720186,2210.1595883404825,2231.648089479468,33145
2015-04-14,2260.088623046875,2284.7372015842175,2239.2319851491834,2249.9763312973205,26703
2015-04-15,2232.911865234375,2253.768503489989,2222.1677117777795,2246.816290738118,19568
2015-04-16,2237.3369140625,2249.9772356108756,2229.7526439830744,2243.025020184069,20490
2015-04-17,2307.489990234375,2326.4504664189203,2268.936983417278,2280.31319197763,39275
2015-04-20,2237.96826171875,2286.0015070035993,2230.38399403527,2284.1053436447596,35299
2015-04-21,2219.008544921875,2224.064596524185,2204.4720590322236,2213.9523004435596,24186
2015-04-22,2194.35986328125,2236.0727694310963,2188.6715643735465,2207.00018462993,34778
2015-04-23,2177.295166015625,2210.1600758605928,2158.9667402034615,2208.895966683486,35995
2015-04-24,2119.78125,2138.741726641996,2114.0931455825894,2133.053622224586,36114
2015-04-27,2129.89404296875,2138.742228904402,2095.765215573528,2102.085375938421,29631
2015-04-28,2138.110107421875,2173.503042933532,2118.517765204262,2127.9980054551,59346
2015-04-29,2165.919189453125,2188.039752315861,2137.478465772465,2163.390970825154,74741
2015-04-30,2232.911865234375,2254.400557899419,2172.8703609811764,2189.93486565614,48274
2015-05-01,2173.502685546875,2217.1117449549424,2170.9746604708616,2217.1117449549424,41573
2015-05-04,2167.1826171875,2168.4467262164267,2139.3739544347363,2158.966487127351,32449
2015-05-05,2235.44091796875,2238.6009983204867,2175.3993912857577,2181.7195519892307,50981
2015-05-06,2265.145263671875,2297.378117652929,2215.8480937309496,2228.4884134979534,53524
2015-05-07,2241.128662109375,2272.097405980085,2227.856288200223,2270.201435225621,33976
2015-05-08,2185.511962890625,2200.680506133326,2175.3998578968767,2193.7282892930943,39286
2015-05-11,2201.943603515625,2204.471628823429,2172.8708302859604,2182.983124393144,28811
2015-05-12,2221.535888671875,2260.720951625285,2198.7832776949253,2228.488102147602,50374
2015-05-13,2213.319580078125,2218.3756297191353,2178.5587083873693,2201.311124647847,33735
2015-05-14,2147.59033203125,2193.0955620542372,2143.7983902593182,2175.399190865287,43630
2015-05-15,2146.32568359375,2157.7018907809384,2131.157343052194,2136.2133922740745,23910
2015-05-18,2129.89404296875,2157.702709999079,2119.7817478097245,2154.542629816633,30845
2015-05-19,2133.053955078125,2140.0061695069076,2117.2535554108795,2122.9416607158937,27086
2015-05-20,2130.525634765625,2152.6461912374925,2105.2449987977766,2129.2615258168544,40819
2015-05-21,2109.037109375,2143.165928977854,2102.7169504531403,2138.7417405821748,30030
2015-05-22,2110.933349609375,2115.357538570321,2097.028921054375,2112.8293203777985,31444
2015-05-26,2161.494140625,2177.2945363898025,2115.3570621421463,2122.3090819779195,56450
2015-05-27,2090.708740234375,2156.4385550575225,2086.2847441940257,2148.854286308401,52706
2015-05-28,2099.557373046875,2112.8295556557237,2089.4450777786174,2097.6612091913325,31889
2015-05-29,2125.4697265625,2134.318104845434,2097.0290066198654,2103.981221181038,45279
2015-06-01,2112.19775390625,2145.062473366561,2098.9253780444346,2102.0854583507717,45023
2015-06-02,2123.57421875,2146.3268382403826,2103.3496252305454,2126.1022447209275,48108
2015-06-03,2112.829345703125,2121.677723731077,2095.1329753991613,2105.2452696625564,36465
2015-06-04,2141.902099609375,2156.438582752556,2107.7732755519437,2136.2139944124647,48560
2015-06-05,2152.0146484375,2179.1912614142143,2138.110218198814,2147.5904589408296,42828
2015-06-08,2197.52001953125,2205.7361515413177,2152.014783953635,2154.5428097355016,39580
2015-06-09,2203.207763671875,2236.704533747569,2188.0394185975224,2207.631759844076,41295
2015-06-10,2145.062255859375,2194.35961936513,2131.1580196469636,2189.935430234468,47094
2015-06-11,2137.477783203125,2145.0618580371806,2117.8852523489204,2127.997545003601,33646
2015-06-12,2170.974365234375,2177.9265779049247,2151.3818360267983,2160.8620734295687,47951
2015-06-15,2191.8310546875,2229.7520085255255,2187.407059131964,2206.367536050977,38961
2015-06-16,2171.60693359375,2200.679707084792,2162.758748498903,2198.1514888782904,28973
2015-06-17,2157.70263671875,2185.5113028046358,2143.798400113798,2163.390742278775,41464
2015-06-18,2097.660888671875,2145.0620846777592,2088.8127039926353,2143.7981685098453,49331
2015-06-19,2116.621337890625,2117.2533924038476,2090.7086458561625,2093.8687255463174,25993
2015-06-22,2086.284423828125,2093.8684985366845,2071.74794310383,2083.1243444805746,28788
2015-06-23,2080.596923828125,2098.9253507917037,2077.436843562819,2079.9648691998655,21343
2015-06-24,2102.7177734375,2103.349635276236,2068.5887476009157,2086.9173699487183,22923
2015-06-25,2111.565185546875,2117.8853446219177,2081.8603607437963,2086.9166037293994,28183
2015-06-26,2136.845947265625,2155.1743710838145,2102.7171248324516,2112.197364001442,43959
2015-06-29,2238.600830078125,2241.1288555943206,2162.1268527383163,2186.1433844561484,74424
2015-06-30,2222.168212890625,2236.7045032058954,2196.255519267953,2205.7357589194694,59186
2015-07-01,2188.0390625,2208.26345501568,2170.3425020633467,2178.558824261917,38644
2015-07-02,2186.14306640625,2200.0474940364215,2172.2388316520337,2176.0307729366664,30295
2015-07-06,2197.52001953125,2224.0645795548553,2172.2393759605757,2215.21639288032,45838
2015-07-07,2186.775634765625,2273.3619147954732,2181.7195832807292,2191.8316862505208,72771
2015-07-08,2263.2490234375,2270.2012370569473,2212.6877503883557,2217.7438005428903,65419
2015-07-09,2263.881591796875,2265.777562816198,2198.15176761243,2201.94390252707,52128
2015-07-10,2194.9912109375,2220.2718477136345,2178.558951333774,2205.1035042231442,45028
2015-07-13,2119.1494140625,2157.070371256885,2114.725418115399,2156.4385096044152,43458
2015-07-14,2091.973388671875,2114.7260079093703,2079.3330660817123,2110.9338725571183,39153
2015-07-15,2085.653076171875,2098.293397845644,2070.484728738553,2084.3889668540974,36336
2015-07-16,2027.5069580078125,2059.739807927475,2026.2430419159514,2050.2595692967475,37215
2015-07-17,1968.097412109375,2000.9623150258387,1968.097412109375,1992.745992858753,34065
2015-07-20,1954.193359375,1970.6256194784512,1939.6568770610793,1957.3534390681189,27129
2015-07-21,1957.353759765625,1966.8340003982464,1946.6094098982583,1951.0335993438773,36426
2015-07-22,1998.4342041015625,2017.3946796893347,1982.001753350307,2016.1305708331106,39729
2015-07-23,2016.1312255859375,2025.6114664585987,1983.2663134103145,1994.6427181831043,37005
2015-07-24,2053.419921875,2060.3721363704635,1990.850377167779,1994.642511699484,44504
2015-07-27,2087.549072265625,2097.0293136344535,2059.7404028255955,2078.0688308967965,50104
2015-07-28,2052.156005859375,2102.085230717506,2043.9396822270405,2069.8523765081386,53320
2015-07-29,2034.458984375,2058.4757024218097,2027.5067714436623,2043.3071677076432,40024
2015-07-30,2016.7630615234375,2069.22031151335,2009.8108470621787,2046.4676973110368,38656
2015-07-31,2021.1871337890625,2030.0355122778246,2002.2266533862535,2004.1228171521227,34805
2015-08-03,2032.5628662109375,2060.3715230387306,2009.810258669682,2021.1864660023514,44590
2015-08-04,2042.0445556640625,2059.108878799897,2029.4042305814946,2036.988309905403,48045
2015-08-05,2011.0753173828125,2023.7156394458698,1982.6345927409336,2018.659394895042,41190
2015-08-06,2074.908203125,2092.6047647377823,2001.5945101787497,2007.282614924448,43179
2015-08-07,2080.596923828125,2114.093697489976,2070.4846284039463,2085.0209204739585,46151
2015-08-10,2033.82763671875,2053.4201734698177,2023.0834792511307,2053.4201734698177,31115
2015-08-11,2083.124755859375,2106.5092319236915,2037.6195271178258,2054.051981545384,50100
2015-08-12,2069.85205078125,2157.0701669157006,2061.6359213178393,2113.4611088484753,57323
2015-08-13,2078.699951171875,2085.652163625811,2045.8352449251402,2066.0596350286883,43910
2015-08-14,2070.484375,2094.500904926579,2064.1642152429035,2086.9168289436448,24430
2015-08-17,2035.7235107421875,2090.076923613054,2033.8273470760585,2081.8606001451026,33610
2015-08-18,2056.579833984375,2061.6360772392914,2038.2514102657046,2042.0435444879022,23918
2015-08-19,2083.124755859375,2107.141286493208,2047.7318216021672,2069.2203268339085,52268
2015-08-20,2200.047607421875,2200.047607421875,2108.405292718408,2120.4135574491866,73675
2015-08-21,2386.49267578125,2386.49267578125,2223.432416941469,2257.5614384056985,125043
2015-08-24,2575.46533203125,2780.87054256135,2385.860522311158,2780.87054256135,182583
2015-08-25,2598.2177734375,2598.2177734375,2352.99545359453,2394.70854750928,168739
2015-08-26,2334.66650390625,2552.079917040218,2323.2902957927713,2445.90133172798,155511
2015-08-27,2220.272216796875,2322.026835311016,2212.6881402288795,2265.145393109122,104363
2015-08-28,2216.480224609375,2248.081025114921,2200.6798243566022,2239.2326466725845,69845
2015-08-31,2271.465576171875,2281.577871240103,2216.480297216611,2239.8647746311535,72226
2015-09-01,2409.2451171875,2431.3656776285543,2315.074577009085,2385.8604475708503,100211
2015-09-02,2279.049560546875,2382.0680835299854,2277.15339696608,2329.610836686014,126416
2015-09-03,2299.906005859375,2313.178379398328,2228.488280585713,2260.7211326443244,82745
2015-09-04,2354.2587890625,2380.171474711927,2324.5539701440994,2363.1069714394994,98144
2015-09-08,2221.535888671875,2283.473369726288,2215.847784146624,2262.6169221750533,67233
2015-09-09,2270.833251953125,2282.841709413641,2168.446782842975,2169.71069902895,94538
2015-09-10,2223.43212890625,2281.5776759137184,2192.463384622781,2275.889570698546,86104
2015-09-11,2198.151611328125,2254.4011906647306,2198.151611328125,2244.28889590332,48413
2015-09-14,2210.791015625,2226.591409369821,2181.0863911102765,2182.3503068843224,30551
2015-09-15,2160.23046875,2215.8479888170746,2144.4300697893477,2198.7834807891845,51353
2015-09-16,2134.318115234375,2172.2390753424706,2129.8939260713732,2157.702591575448,49004
2015-09-17,2133.685791015625,2150.7501051822014,2068.588035331118,2136.845870625282,86345
2015-09-18,2191.199462890625,2200.047647967108,2142.534155656015,2195.6234589908818,78486
2015-09-21,2179.8232421875,2217.7442038708173,2143.166389710687,2169.710947163418,54136
2015-09-22,2244.920654296875,2282.8416099919173,2230.384172221536,2244.920654296875,60310
2015-09-23,2242.392578125,2263.881275345549,2220.904073780418,2232.2804769341146,44776
2015-09-24,2255.66455078125,2322.0262156404333,2239.8641543862063,2284.1052642923287,73275
2015-09-25,2293.58642578125,2322.6592054312378,2203.840253841214,2209.5283602589047,97766
2015-09-28,2425.045166015625,2438.3173460557987,2311.9141618564113,2314.4423798411613,89755
2015-09-29,2449.0615234375,2485.7183671540597,2363.7393800403224,2413.668595749409,104376
2015-09-30,2340.354736328125,2400.3962451805305,2332.770661461807,2380.1718526610744,91981
2015-10-01,2320.130615234375,2390.916286647405,2317.602589983189,2330.242909115083,74941
2015-10-02,2237.3369140625,2395.340933417196,2236.0728047572625,2382.7006118688205,117414
2015-10-05,2169.7109375,2212.0560883415023,2159.5988353969406,2204.4718188882234,68363
2015-10-06,2191.199462890625,2225.9603415222123,2167.1827401104924,2181.087168713515,67589
2015-10-07,2166.5498046875,2222.1673036107386,2155.8056532043865,2164.021780390055,67964
2015-10-08,2148.2216796875,2223.4315218046554,2140.6376057634025,2181.718633032327,77273
2015-10-09,2127.997802734375,2157.702436964974,2121.045588637524,2146.958281429807,48754
2015-10-12,2118.517578125,2135.5818933440255,2110.3012549075743,2120.413548857348,26809
2015-10-13,2146.958984375,2149.487010453577,2099.557772116583,2141.9027393418196,61135
2015-10-14,2152.0146484375,2170.3430752968648,2124.20598083612,2145.062433318157,64486
2015-10-15,2080.596923828125,2141.270310621214,2080.596923828125,2136.2142593471203,67064
2015-10-16,2062.267822265625,2092.604701451803,2061.003906180335,2071.116199242394,55785
2015-10-19,2040.147216796875,2078.0681702159686,2036.9871373452836,2068.587931861195,38604
2015-10-20,2060.371826171875,2074.9081146662675,2038.251269755919,2047.0994537471124,39294
2015-10-21,2085.653076171875,2088.181101931428,2036.355898794577,2040.1478409959059,49596
2015-10-22,1999.0660400390625,2060.3716541377034,1997.8021240749651,2048.9954460811796,87068
2015-10-23,1890.3599853515625,1915.008571960009,1872.6634207761756,1892.2559562922177,87246
2015-10-26,1887.831787109375,1906.1602117376667,1879.6154637408524,1891.6237286438043,53200
2015-10-27,1879.6156005859375,1897.312164830865,1873.2954404004595,1896.6801102371207,36914
2015-10-28,1848.6468505859375,1903.6323212409377,1848.014795993447,1872.6633820927298,64979
2015-10-29,1852.439208984375,1868.8716659937757,1847.3829645097876,1864.4474761880122,30908
2015-10-30,1868.87158203125,1868.87158203125,1845.4869104673946,1850.5429618388246,37031
2015-11-02,1827.789794921875,1867.6067136980655,1822.7335527294597,1860.6545012309432,42891
2015-11-03,1814.51806640625,1839.1666530784967,1801.2456911593524,1835.374518311385,26634
2015-11-04,1813.2537841796875,1829.0541834717308,1799.9814101991776,1803.7735446044617,34370
2015-11-05,1825.26220703125,1842.958771495444,1801.8777297808292,1811.3579701765095,33226
2015-11-06,1820.20556640625,1853.7023278043293,1817.0454872979058,1832.2138284427733,37575
2015-11-09,1858.1265869140625,1881.5112503623322,1830.3179282701262,1834.7419234657925,34780
2015-11-10,1868.87158203125,1890.3600896738217,1866.3433634695386,1880.8798486953933,29453
2015-11-11,1875.1917724609375,1879.615769262191,1840.4308883213757,1858.1272612783891,31828
2015-11-12,1911.84814453125,1913.1122535127254,1870.767110020661,1890.9916964685622,49678
2015-11-13,1983.265869140625,1987.0580032154155,1922.5924954477796,1926.384436646619,55075
2015-11-16,1927.6485595703125,1997.170310899078,1927.0165050739515,1989.58604269465,47448
2015-11-17,1927.016845703125,1935.2331698562728,1897.944069615037,1921.960794590408,49516
2015-11-18,1852.439208984375,1913.7446543402084,1848.0150191786117,1910.584573872093,48654
2015-11-19,1849.910888671875,1855.5989940337124,1832.21432514219,1849.9108886718752,29668
2015-11-20,1825.26220703125,1834.74244742693,1821.4702651737655,1832.2144218966123,30686
2015-11-23,1833.478515625,1849.910970747351,1808.829929379465,1822.734166116852,29436
2015-11-24,1838.5343017578125,1877.087312062228,1829.0540628080034,1856.8627251522528,45254
2015-11-25,1834.742431640625,1841.6946464461698,1827.1583551149256,1832.2144061320585,25870
2015-11-27,1829.0546875,1841.6950104168984,1821.4706094754736,1825.8946067707752,12735
2015-11-30,1839.1663818359375,1849.9107299454997,1817.6778784927712,1817.6778784927712,28625
2015-12-01,1801.2457275390625,1827.1584239490332,1801.2457275390627,1823.9983437252804,26471
2015-12-02,1821.4700927734375,1828.4221141048133,1782.2850256963927,1798.71747940212,30909
2015-12-03,1883.4078369140625,1906.7925080127216,1807.5659105953755,1812.6219618662242,63186
2015-12-04,1796.8216552734375,1881.5119650947445,1790.5014944136985,1875.1918042350053,58478
2015-12-07,1813.8858642578125,1829.6862637722534,1792.397359493367,1794.9253848404833,36791
2015-12-08,1810.7254638671875,1851.8064953336332,1800.6131713925674,1850.5423864458296,34716
2015-12-09,1868.2392578125,1889.0957078051542,1808.1977402795014,1828.4221357229303,72525
2015-12-10,1851.8072509765625,1869.503625371325,1825.2624965084035,1859.3915216463265,42944
2015-12-11,1933.9688720703125,1937.761006473095,1884.0396489155864,1892.8878339381001,68149
2015-12-14,1904.8958740234375,1985.1619700523906,1904.8958740234373,1930.1765098907051,95208
2015-12-15,1882.7755126953125,1887.8317561181605,1849.9107983886438,1871.3993025268435,56206
2015-12-16,1826.5257568359375,1896.0474984456098,1820.8376529157858,1858.758602884698,67699
2015-12-17,1878.9832763671875,1880.87943987633,1810.7256333090602,1811.9897423151551,52824
2015-12-18,1951.033935546875,1951.033935546875,1884.6722396830496,1892.2563177704446,65543
2015-12-21,1908.6883544921875,1945.3452060042282,1908.6883544921875,1916.9044854902718,47439
2015-12-22,1886.567626953125,1909.952294454353,1879.6154128682224,1890.3597612608867,28753
2015-12-23,1857.495361328125,1872.0318479954753,1854.3352806886162,1866.3435485435468,31675
2015-12-24,1857.495361328125,1859.3915254374397,1847.3830647064935,1857.495361328125,10838
2015-12-28,1858.7587890625,1893.51966334907,1858.7587890625,1867.6069730329834,29439
2015-12-29,1801.877197265625,1839.16609322665,1793.6608756253104,1835.3739596138837,32688
2015-12-30,1832.8468017578125,1834.1109111852943,1803.7740208098985,1806.9341015025846,28976
2015-12-31,1877.719482421875,1879.6154531784355,1839.1664697387557,1846.7507385169313,32325
2016-01-04,1954.193359375,2004.7546344648995,1954.193359375,1962.4094894267255,58504
2016-01-05,1966.8333740234375,1983.8976860021137,1934.6005275624786,1940.2886315553708,57215
2016-01-06,2004.12255859375,2033.195330035814,1982.0020009776513,2033.195330035814,65821
2016-01-07,2129.261474609375,2130.525583527745,2039.5153348074218,2090.07660552715,76918
2016-01-08,2162.126953125,2167.8150590195323,2071.1166801845097,2098.293293278381,78024
2016-01-11,2148.8544921875,2216.4802842390886,2119.78171636506,2133.054091509651,100933
2016-01-12,2098.293212890625,2160.862761085359,2078.0686228448994,2110.301478847031,99806
2016-01-13,2244.920654296875,2251.240813579382,2073.6442991657436,2082.492483586063,104676
2016-01-14,2149.486328125,2299.27399558769,2109.6692067417794,2226.5921598634245,116599
2016-01-15,2281.57763671875,2337.19496456317,2236.7044645682017,2293.585901494708,102933
2016-01-19,2272.7294921875,2327.082904792354,2213.9518905926343,2222.168214020374,67745
2016-01-20,2284.105712890625,2444.0058715384134,2238.600678061271,2344.779285539067,111040
2016-01-21,2279.681640625,2328.9788082628097,2214.583881140651,2269.569346708639,77020
2016-01-22,2150.1181640625,2205.7354859856864,2148.8540551149954,2192.4631135406694,62673
2016-01-25,2211.42431640625,2217.7444774665,2141.270490062274,2162.7591919679307,43033
2016-01-26,2172.871826171875,2234.1774805829905,2155.8075028661815,2196.2565049578193,52838
2016-01-27,2280.945556640625,2300.5380899378156,2181.0871123046986,2198.7834819999885,81533
2016-01-28,2218.3759765625,2296.7459155068946,2205.103603084797,2208.895737346421,61870
2016-01-29,2127.3662109375,2220.9045156972643,2124.2061304675617,2218.376489896515,55441
2016-02-01,2114.093017578125,2162.126260738046,2097.660566908161,2147.589780467107,44178
2016-02-02,2203.207763671875,2217.111999625043,2132.421896156934,2132.421896156934,53953
2016-02-03,2224.6962890625,2302.4341788310558,2176.663035155274,2178.559198854491,90923
2016-02-04,2226.592529296875,2279.682033283046,2192.4637002171917,2238.60098888365,61735
2016-02-05,2380.171630859375,2399.132105572207,2241.7602040308852,2243.0241199528537,76069
2016-02-08,2454.118408203125,2541.3367446289044,2433.261954316528,2470.550865171113,96075
2016-02-09,2469.2861328125,2528.695587258105,2395.97225178612,2518.583294551718,65793
2016-02-10,2448.4296875,2454.117792325603,2348.5712471697734,2407.9807063362105,95495
2016-02-11,2457.90966796875,2526.799358890423,2419.356661509999,2513.5271799853545,74463
2016-02-12,2383.33251953125,2449.06214895378,2378.908330111777,2401.660946070803,44383
2016-02-16,2278.41748046875,2342.8831839735894,2278.41748046875,2312.5463029047405,53826
2016-02-17,2173.502685546875,2255.032699722992,2167.1825264188665,2243.0244359549665,48491
2016-02-18,2222.800048828125,2228.4881534844103,2158.9664028774864,2160.8623734709313,53776
2016-02-19,2207.00048828125,2254.4016998605207,2195.624081776611,2240.4972673135253,41335
2016-02-22,2137.477783203125,2172.238656601381,2133.053594892971,2168.4465227463834,31738
2016-02-23,2206.367919921875,2210.7919162471117,2150.750395557357,2163.3907157025683,36268
2016-02-24,2166.5498046875,2286.6327911370895,2160.2296475059425,2258.8241381134153,62734
2016-02-25,2123.57421875,2195.6240197395286,2123.57421875,2157.7030515475644,38845
2016-02-26,2128.62939453125,2138.741687128678,2089.4445259206313,2091.340496399426,44298
2016-02-29,2164.02294921875,2165.287058488186,2100.1892886321057,2130.526175214627,35671
2016-03-01,2028.13916015625,2138.7419522341565,2028.13916015625,2126.1016331395385,50069
2016-03-02,2028.13916015625,2057.843987178987,2025.611134912519,2032.5633489897514,31384
2016-03-03,2033.82763671875,2062.2683598772683,2029.4036399530237,2031.9316656585813,30036
2016-03-04,2031.9315185546875,2058.476268731301,2006.0188229777048,2026.8754675096106,43641
2016-03-07,2055.947509765625,2086.284386687609,2029.4029594443139,2053.419484907776,42415
2016-03-08,2090.708740234375,2098.9250635252515,2049.627702407891,2087.5486604015687,40235
2016-03-09,2063.531982421875,2098.2928580828866,2063.531982421875,2073.6442757348145,36213
2016-03-10,2070.484375,2123.573678384417,2023.0831768217765,2045.2037359716142,62436
2016-03-11,1997.8023681640625,2038.8834030970827,1997.8023681640627,2025.6110301589165,41510
2016-03-14,1991.483154296875,2014.235776866365,1982.0029109659245,2012.9716672718205,29875
2016-03-15,1991.483154296875,2018.0277198979097,1988.9551279838304,2007.9156146457315,28295
2016-03-16,1955.4571533203125,2001.59442968207,1947.2410237820543,2001.59442968207,34954
2016-03-17,1959.8814697265625,1983.2659437954412,1950.401230620703,1967.4655452856753,28700
2016-03-18,1951.033935546875,1973.7863626850828,1943.4496645834574,1951.665797397141,34213
2016-03-21,1937.128662109375,1962.4092971776865,1934.6006371777316,1961.777242725791,23774
2016-03-22,1926.3846435546875,1961.7775772609464,1917.5364583471157,1961.7775772609464,31958
2016-03-23,1957.353759765625,1966.2019457808738,1931.441063461262,1933.9690890547631,29815
2016-03-24,1956.7210693359375,1983.897673168355,1956.089014923943,1980.1055395723154,29489
2016-03-28,1961.1458740234375,1969.3621990191864,1944.7136097839527,1946.6095809266606,17206
2016-03-29,1899.2076416015625,1976.3136529533965,1896.6796167603075,1969.993494412293,35834
2016-03-30,1880.8797607421875,1889.0958920555597,1856.8630356609683,1875.8235167312,32105
2016-03-31,1885.9359130859375,1891.6240191370616,1869.503456701358,1884.671996672353,22078
2016-04-01,1848.0146484375,1913.74427041269,1844.8545686033472,1908.6882198284316,44014
2016-04-04,1860.6551513671875,1868.2394208678902,1843.5908343045844,1848.0148307833397,19268
2016-04-05,1894.1519775390625,1900.4721373668526,1875.1914980556924,1889.0957339512477,32461
2016-04-06,1833.478515625,1892.255928431736,1832.846461028759,1892.255928431736,35814
2016-04-07,1886.567626953125,1901.735971308209,1848.6466696274342,1855.5988837123368,31720
2016-04-08,1888.4632568359375,1901.7356280797017,1853.7023855610892,1863.1826231815023,35550
2016-04-11,1903.6322021484375,1903.6322021484375,1853.702785605017,1872.6632649376668,32911
2016-04-12,1869.5029296875,1923.856334925318,1863.182770773241,1901.103724258796,42784
2016-04-13,1821.4700927734375,1847.3825931015836,1817.67795839889,1841.0624334359934,35578
2016-04-14,1823.366455078125,1832.8466966123267,1808.8301618760856,1823.366455078125,19928
2016-04-15,1832.8468017578125,1841.0629344083882,1817.678453008124,1825.8945856586997,22173
2016-04-18,1811.990234375,1844.222901147949,1811.358179700313,1844.222901147949,26623
2016-04-19,1831.58203125,1852.4386720194664,1802.5094536713884,1805.037478737883,26791
2016-04-20,1830.950439453125,1847.3827012448078,1814.5179847854645,1834.742381173681,23471
2016-04-21,1830.3189697265625,1846.7514296449801,1818.3107003971172,1834.1111055348188,23990
2016-04-22,1887.1995849609375,1913.7441380056941,1861.918948036815,1877.7193461143916,32906
2016-04-25,1884.67138671875,1904.2637242344404,1884.6713867187502,1899.8397289046768,18930
2016-04-26,1904.264404296875,1915.6408096560824,1872.0317379691319,1878.9837606666424,20419
2016-04-27,1933.336181640625,1965.5690241487923,1925.7521082054648,1942.8164180915032,30774
2016-04-28,1982.0028076171875,1988.95502427258,1907.4247815768497,1930.809457724251,35164
2016-04-29,2000.9622802734375,2033.8269897431721,1973.785482174842,1983.8977746562744,41806
2016-05-02,1966.20166015625,2009.1786676305878,1959.2494461270583,1994.0103233970547,27448
2016-05-03,2002.22705078125,2011.70729286426,1975.6824886744341,1993.3788634123114,28353
2016-05-04,2027.5069580078125,2036.9871966385397,2010.4426441980727,2026.2430419159514,35059
2016-05-05,2028.771240234375,2036.355508937039,2003.4906017267815,2012.970841167129,25324
2016-05-06,2005.3865966796875,2052.1559327842515,2005.3865966796875,2047.7317438416142,28251
2016-05-09,1996.5386962890625,2007.9151011022052,1976.9461598408682,2006.0189371953506,18535
2016-05-10,1939.0245361328125,1987.6898333688446,1938.3926745882877,1981.3696749161613,23320
2016-05-11,1975.05029296875,1976.9462640995978,1934.601301543951,1945.9775140810489,17675
2016-05-12,1994.0103759765625,2020.555123742168,1961.777523082889,1963.0416321673338,33820
2016-05-13,2007.28271484375,2014.8667905902196,1971.889782732336,1996.5383664412975,31831
2016-05-16,1956.08935546875,2004.7546605257878,1942.816982009925,2002.226442437661,29703
2016-05-17,2006.650146484375,2016.7624377662507,1949.1366706398765,1959.248961921752,33088
2016-05-18,1990.850341796875,2023.0831954297328,1969.9938915570103,2015.4989265010706,50586
2016-05-19,2011.0753173828125,2041.4120131837467,1997.8029406414007,2015.4993143792776,39920
2016-05-20,1967.4654541015625,1999.0662496565246,1952.2971108103707,1995.9061701010285,28714
2016-05-23,1976.3135986328125,1977.5775145807343,1950.4009107513336,1965.569252257881,23014
2016-05-24,1892.887939453125,1952.297405488478,1889.095804838958,1951.0334892010749,33503
2016-05-25,1865.079345703125,1885.9357975717821,1855.5991052399195,1879.6156372629787,28065
2016-05-26,1857.495361328125,1871.3997932923705,1851.1752000491074,1863.183467904038,17308
2016-05-27,1836.638427734375,1853.702743016125,1836.6384277343752,1853.702743016125,20416
2016-05-31,1827.1580810546875,1848.0145294670258,1823.3659469226384,1831.5820768121162,19410
2016-06-01,1830.3189697265625,1842.9592938367239,1820.8387266439415,1840.4312675898996,23229
2016-06-02,1820.8380126953125,1856.2309449014413,1820.8380126953125,1836.6384116376946,20381
2016-06-03,1837.270263671875,1861.2867902668772,1826.5259164248812,1827.1579708881059,24939
2016-06-06,1825.26220703125,1837.2706658332327,1815.1501049099786,1831.5823672950366,23998
2016-06-07,1832.8468017578125,1836.0068824504983,1819.574424273328,1822.102450252273,19461
2016-06-08,1827.1580810546875,1841.6943702055955,1820.2058672919234,1825.8939720520198,21983
2016-06-09,1834.1103515625,1849.91075020492,1830.3182173131272,1842.9585362270634,22239
2016-06-10,1875.1917724609375,1888.4639557406977,1860.6552870042483,1867.6075024073605,32991
2016-06-13,1906.160400390625,1911.8485061311899,1875.8235149809675,1896.0481052540724,40459
2016-06-14,1905.528564453125,1934.6013439785238,1893.5202969836803,1916.9047772397548,42570
2016-06-15,1918.8006591796875,1923.85671014683,1892.887964002125,1894.1520731819012,33169
2016-06-16,1905.528564453125,1961.1459047726632,1902.36848391506,1937.7614245165887,52144
2016-06-17,1949.13720703125,1959.88155563926,1913.1124125753881,1913.1124125753881,31976
2016-06-20,1927.6485595703125,1929.5445301834434,1886.567524694224,1904.2638933366195,34058
2016-06-21,1913.744384765625,1928.912923176706,1906.7923630158537,1918.800628527978,24445
2016-06-22,1921.9608154296875,1926.3848119822862,1889.7279588276633,1911.8485202186228,25479
2016-06-23,1868.2392578125,1909.3202961245518,1868.2392578125002,1892.2557876753121,31420
2016-06-24,2019.290771484375,2029.4030643142585,1945.9768895626487,2004.7544831436285,91553
2016-06-27,2098.9248046875,2119.7812518616356,2047.7314791339625,2048.3635335977724,79321
2016-06-28,2011.7069091796875,2057.8441942430386,2009.8109382751038,2056.580085055995,45483
2016-06-29,1940.2896728515625,1981.3707245568887,1932.07353966091,1980.7386698016005,42393
2016-06-30,1892.887939453125,1946.609300005217,1892.887939453125,1932.704870711931,42829
2016-07-01,1875.1917724609375,1897.944196869669,1861.9193963051775,1896.0482257942747,27859
2016-07-05,1897.94384765625,1918.8004900280553,1890.991826408279,1892.8877971348231,26365
2016-07-06,1868.87158203125,1928.2810535875353,1865.7115017051071,1916.9046486878235,38948
2016-07-07,1855.598876953125,1873.9273010185866,1848.6466628935466,1864.4470617216966,29534
2016-07-08,1800.6138916015625,1842.326994196304,1797.4538109940215,1837.9028041953416,41990
2016-07-11,1778.4930419921875,1787.3412276984207,1765.2206669948462,1786.7093659791046,36429
2016-07-12,1758.900146484375,1765.2203053907162,1751.3160715223316,1756.3721214970274,30744
2016-07-13,1768.380859375,1769.6449686458593,1750.6844868389394,1751.9485961097987,30013
2016-07-14,1745.6280517578125,1753.8441815842225,1738.6758380484143,1745.6280517578125,28095
2016-07-15,1751.9483642578125,1758.2685240237124,1735.5159102912792,1738.0439356224451,22235
2016-07-18,1727.29931640625,1748.7880105463448,1720.9791576299726,1748.155956093529,22244
2016-07-19,1739.307861328125,1745.628020427608,1729.1955681937623,1738.6758068429867,15368
2016-07-20,1698.8587646484375,1724.7714566885663,1692.5386052667454,1720.9793224843597,29343
2016-07-21,1706.443115234375,1715.9233547634547,1690.0106614754432,1696.3308211614963,16969
2016-07-22,1692.5386962890625,1714.6592553145967,1688.1147002095365,1703.9150995134896,18171
2016-07-25,1691.90673828125,1703.9150024933153,1691.90673828125,1695.6986795975129,14640
2016-07-26,1687.48291015625,1705.811337646418,1676.1066980246972,1692.5389615756073,28299
2016-07-27,1665.362060546875,1679.2664888669124,1655.8818211130217,1659.6739554617561,27323
2016-07-28,1652.7215576171875,1670.4179254432083,1649.5614781571164,1660.3058254717357,20191
2016-07-29,1647.03369140625,1656.5139311577718,1637.5534516547282,1646.401636847621,22648
2016-08-01,1628.0731201171875,1647.6656530742903,1620.4888515931605,1643.8735188122769,34231
2016-08-02,1654.6177978515625,1674.2103322728462,1631.865376331078,1633.7613471657935,33978
2016-08-03,1641.977294921875,1657.7776930365042,1641.977294921875,1656.513776912906,22059
2016-08-04,1632.497314453125,1650.8259334680051,1629.9692889298262,1643.8737186219455,15196
2016-08-05,1600.8961181640625,1620.488551049477,1594.575959858194,1616.0644595229617,34478
2016-08-08,1604.0567626953125,1615.4330709432502,1599.632669609447,1600.264627800001,16048
2016-08-09,1597.104248046875,1604.6884199773299,1587.624009024312,1603.4244073952505,22428
2016-08-10,1604.6884765625,1614.168715919359,1595.208237205641,1596.472346270274,21570
2016-08-11,1591.4163818359375,1601.5285804468406,1585.0962215398758,1594.5764619839683,21943
2016-08-12,1588.88818359375,1601.528503579183,1588.88818359375,1597.736465446346,24530
2016-08-15,1574.98388671875,1586.992248840822,1569.29578117113,1585.7281396631374,26639
2016-08-16,1592.0482177734375,1594.5763395605616,1581.936019938897,1582.567978057189,18670
2016-08-17,1587.62451171875,1610.3771311523249,1586.9925534466006,1593.3127147961482,31135
2016-08-18,1585.72802734375,1596.4723759650901,1582.567947499352,1590.7841743823835,16268
2016-08-19,1586.9923095703125,1601.5286012900438,1580.6721491919966,1592.6804153355993,20400
2016-08-22,1587.62451171875,1597.7368084532297,1580.672392097053,1593.3127147961482,21888
2016-08-23,1579.408203125,1581.304270721965,1567.3999357408964,1574.3521514504328,18395
2016-08-24,1602.1605224609375,1611.0087076784268,1578.143895736056,1581.9360302224006,25468
2016-08-25,1604.6884765625,1612.2727451983728,1596.472346270274,1609.112665412753,26720
2016-08-26,1600.8961181640625,1619.8564966437054,1580.0395764671043,1604.0561973169968,44740
2016-08-29,1595.8404541015625,1600.2645469639485,1587.6242265354215,1599.6325888053173,16310
2016-08-30,1607.216552734375,1617.9608044135882,1592.0481123302102,1601.5283514185712,21048
2016-08-31,1611.008544921875,1623.016808852155,1607.2165072566174,1611.640599418406,21013
2016-09-01,1602.7926025390625,1624.9131623729486,1598.3684134218952,1608.4807079211525,43711
2016-09-02,1593.3123779296875,1603.4245760881843,1579.407948750023,1586.3601633398553,27618
2016-09-06,1572.4560546875,1592.6805503246571,1571.1920417923031,1586.99244407727,26516
2016-09-07,1569.2957763671875,1581.3040420145094,1564.2396289858975,1569.2957763671875,21710
2016-09-08,1587.62451171875,1596.472795470922,1578.1442696944287,1578.776324404587,18918
2016-09-09,1666.626220703125,1667.8901369407981,1607.2166605673124,1614.80083305925,62863
2016-09-12,1609.7449951171875,1686.2188857204153,1603.424834086937,1686.2188857204153,69101
2016-09-13,1635.6573486328125,1651.4577488045977,1614.1688429743804,1624.9131922415856,62018
2016-09-14,1619.8568115234375,1634.3932941781986,1603.4244545967142,1634.3932941781986,43978
2016-09-15,1571.1917724609375,1620.4889419891845,1566.135625308865,1619.2250257486485,52846
2016-09-16,1571.1917724609375,1587.6241301576913,1569.295705224162,1573.719797817981,34806
2016-09-19,1585.09619140625,1591.4163515821617,1554.1273486814882,1564.8716981309308,39849
2016-09-20,1578.7757568359375,1585.095915913393,1566.7673967259877,1574.9836228142747,20700
2016-09-21,1548.4390869140625,1584.4639769954874,1544.6469526158153,1566.7675110003017,49450
2016-09-22,1524.4224853515625,1533.9027248082737,1520.6304474316676,1530.7426449893699,29758
2016-09-23,1544.01513671875,1547.1752167789857,1526.9507236810755,1528.2147364175717,19995
2016-09-26,1570.559814453125,1574.3519491597979,1557.287439417761,1561.079574124434,27454
2016-09-27,1538.9591064453125,1574.352044388453,1536.4310807799443,1570.5599094524032,26955
2016-09-28,1532.63916015625,1548.439563869201,1531.375147146816,1535.79924089884,25894
2016-09-29,1554.759521484375,1568.0318974380993,1532.638959186833,1537.695106999585,53694
2016-09-30,1532.63916015625,1550.3356316023574,1522.5268632047569,1546.5434961360447,36710
2016-10-03,1535.798828125,1548.4391476980454,1532.6387482317386,1536.4308826788463,21485
2016-10-04,1540.85498046875,1552.2312874106788,1520.6304883708683,1528.2146608528258,37200
2016-10-05,1530.1107177734375,1533.270797656127,1519.9984235736372,1532.6387431043952,23708
2016-10-06,1532.0067138671875,1545.9111427311625,1525.6865539973758,1533.9027811157282,28666
2016-10-07,1537.062744140625,1552.8631426133659,1525.0544798765336,1529.4785721613052,29456
2016-10-10,1518.734619140625,1523.7907669337694,1511.7824038703016,1523.1587122953772,21074
2016-10-11,1563.6075439453125,1574.3518930855369,1521.2624912729773,1521.8945458475746,33238
2016-10-12,1562.975830078125,1574.352139132903,1554.127546840852,1560.447707822617,19455
2016-10-13,1575.61572265625,1604.0564393235543,1568.0315508325643,1585.0959615453514,31300
2016-10-14,1572.4560546875,1573.7200675826969,1547.175411031553,1559.8157328595266,25813
2016-10-17,1580.040283203125,1585.0964313969762,1567.3999609375,1573.7201220703125,17075
2016-10-18,1551.5992431640625,1554.1272685288502,1538.3268689039617,1544.0150706317131,23879
2016-10-19,1554.1270751953125,1557.9192092087383,1549.07102509471,1554.7591296768749,11196
2016-10-20,1556.6551513671875,1574.3516155180496,1549.7029380242866,1557.2871093923786,20364
2016-10-21,1544.6470947265625,1564.2396296734255,1542.7511238409868,1554.7593894935867,15338
2016-10-24,1507.3580322265625,1525.054498014093,1506.0940196213062,1525.054498014093,38728
2016-10-25,1519.3662109375,1521.8943324434008,1505.4618801879571,1507.357947207889,17271
2016-10-26,1536.4310302734375,1546.5432290404935,1521.8946420804255,1537.0629884500067,31635
2016-10-27,1552.231201171875,1556.023238983183,1522.5263745744046,1523.790483616154,27816
2016-10-28,1571.8236083984375,1580.6718893362565,1545.2789584609372,1562.3433693894747,54488
2016-10-31,1575.61572265625,1575.61572265625,1559.8153245077476,1559.8153245077476,20156
2016-11-01,1599.000244140625,1624.9129348935876,1568.6634613278325,1569.295515809797,41445
2016-11-02,1624.2811279296875,1631.8653971171043,1592.6803277754134,1600.2645005248414,36781
2016-11-03,1656.5137939453125,1659.0418190944558,1618.5928380802964,1628.7051315528252,35116
2016-11-04,1668.522216796875,1672.9464058857411,1641.3456063251942,1664.7300822744146,39868
2016-11-07,1586.35986328125,1617.960657370518,1584.4637963482999,1615.4326324185647,34538
2016-11-08,1567.3995361328125,1598.3682787150835,1552.8631501794687,1591.4161612159917,26840
2016-11-09,1553.4954833984375,1606.5847934747076,1547.8072810372678,1605.3207806515577,105636
2016-11-10,1603.4244384765625,1643.2414624307498,1533.9026842968,1539.590885683387,110746
2016-11-11,1599.6324462890625,1628.0731647193763,1593.94424474021,1617.9608707022937,67724
2016-11-14,1633.76123046875,1650.1936837411133,1597.7363406125478,1599.000353224734,47285
2016-11-15,1588.2562255859375,1612.9048109843336,1576.8799183105284,1609.1127728511894,39714
2016-11-16,1568.663818359375,1602.7927429558295,1566.767750919906,1602.1606883300078,25029
2016-11-17,1545.9110107421875,1576.8797528849777,1545.9110107421875,1571.1916480629889,32600
2016-11-18,1559.18359375,1561.711715841477,1537.6950863814297,1545.2792597798664,21345
2016-11-21,1525.6864013671875,1551.599092816296,1523.158376247362,1550.3350802563832,27116
2016-11-22,1515.5743408203125,1523.7905678560019,1509.2541810140876,1514.9422862644958,21051
2016-11-23,1528.21484375,1541.4871230723593,1523.790750642547,1526.9508309247274,28224
2016-11-25,1518.734619140625,1528.2148600885214,1517.4706063018384,1524.4227251341638,6955
2016-11-28,1525.6864013671875,1528.8464809859581,1511.782070332193,1523.158376247362,21243
2016-11-29,1514.942138671875,1531.3745911423289,1500.4057532461622,1523.7904194013408,24166
2016-11-30,1552.231201171875,1552.231201171875,1511.1501647025002,1512.4141773062695,25368
2016-12-01,1604.0567626953125,1610.376923228834,1552.8634237985912,1552.8634237985912,35659
2016-12-02,1600.2646484375,1612.273011468852,1586.360314372038,1604.056783381716,26561
2016-12-05,1574.98388671875,1597.7365017852096,1562.3435664458257,1581.9361014440544,23991
2016-12-06,1566.1356201171875,1579.407897854647,1561.7115275380343,1566.1356201171875,24543
2016-12-07,1526.3184814453125,1583.1999155364422,1523.1584017735831,1572.4556639401578,35809
2016-12-08,1521.8946533203125,1532.006852162052,1513.6784254602778,1525.6866917217167,26210
2016-12-09,1498.509765625,1510.5180293753886,1497.2456566508752,1509.885974888326,29600
2016-12-12,1510.51806640625,1523.7904394561403,1506.093974202279,1512.4141334759454,19513
2016-12-13,1472.59716796875,1501.6699403321666,1456.796769170802,1501.6699403321666,27734
2016-12-14,1481.4454345703125,1487.7655944386809,1460.5889841550866,1471.3332366437153,40585
2016-12-15,1473.8612060546875,1482.7094873972335,1457.4288488836437,1477.6533404069191,32530
2016-12-16,1485.237548828125,1490.9256540569536,1464.3810022591117,1468.173136703654,22721
2016-12-19,1473.2294921875,1487.1338263874466,1455.5330230066593,1482.077678558921,32679
2016-12-20,1462.4847412109375,1468.1729421238829,1456.796636735964,1465.0128626515705,23466
2016-12-21,1464.3809814453125,1471.333195682164,1459.3248344037825,1461.8529561435391,19979
2016-12-22,1473.2294921875,1483.973746049368,1463.1171965304486,1463.7492511732637,12913
2016-12-23,1471.3333740234375,1480.8136147111684,1470.0693612193393,1478.2854926649763,19994
2016-12-27,1454.9005126953125,1466.2768176369862,1439.1001159535347,1466.2768176369862,22336
2016-12-28,1478.91748046875,1480.8135478082313,1447.3166796040332,1449.8447050980142,17969
2016-12-29,1483.9736328125,1492.1898603521527,1473.2293797704888,1479.5495399643767,20331
2016-12-30,1512.41455078125,1521.8947923075368,1477.6536651848644,1478.2856234238145,32958
2017-01-03,1487.1336669921875,1502.3020124139791,1474.4933469946984,1492.1898142787807,23971
2017-01-04,1470.0692138671875,1483.341491636869,1464.3810121619078,1483.341491636869,32700
2017-01-05,1453.0047607421875,1471.3332827981974,1451.7407480164602,1470.701228216339,23249
2017-01-06,1427.723876953125,1458.0606593860755,1420.7717599284313,1450.476487887331,26210
2017-01-09,1418.8758544921875,1427.724039508482,1413.8197074380262,1426.4600268544377,27701
2017-01-10,1413.1878662109375,1423.9321193159187,1404.3395840248418,1417.6119590849896,26211
2017-01-11,1404.971435546875,1426.4599386508633,1404.971435546875,1412.5556074401663,31964
2017-01-12,1408.7635498046875,1435.3082975301998,1408.131591701403,1415.0837094654319,27276
2017-01-13,1399.91552734375,1407.4997005293453,1394.8593797406884,1406.867742352709,22818
2017-01-17,1407.49951171875,1416.3477929466437,1403.0754193237938,1407.49951171875,19813
2017-01-18,1402.4437255859375,1410.6599543976915,1399.91569969217,1404.9718479177113,23463
2017-01-19,1404.339599609375,1410.0278017431306,1388.5391988567087,1399.2834520809233,23859
2017-01-20,1398.6512451171875,1404.9714042940045,1384.1148597229135,1392.3310859403705,24055
2017-01-23,1396.75537109375,1413.1878257994604,1391.6992237659938,1400.5475056990642,24871
2017-01-24,1375.26708984375,1394.8595313326591,1372.7389675484683,1390.4354378634218,27724
2017-01-25,1349.986328125,1361.9945945598417,1348.0902606779207,1359.4665689224003,23574
2017-01-26,1345.56201171875,1351.2502135236023,1340.505960920642,1344.297999019223,18008
2017-01-27,1341.77001953125,1349.9862470162893,1338.6099394553112,1340.5060067884726,16426
2017-01-30,1360.7303466796875,1376.5307452792242,1350.6180530007923,1350.6180530007923,25944
2017-01-31,1366.418701171875,1382.851157291915,1366.418701171875,1371.47484893481,24280
2017-02-01,1348.72216796875,1360.7305303884036,1343.6661168846776,1348.72216796875,26244
2017-02-02,1350.6181640625,1360.730458572932,1343.0339913986697,1353.7782440422616,19855
2017-02-03,1344.2977294921875,1350.6178881606397,1340.505692153897,1348.0898632684462,17729
2017-02-06,1340.506103515625,1349.9863444275093,1339.8740488796336,1348.7222351555265,12470
2017-02-07,1330.3935546875,1337.345768607852,1324.7054497984695,1335.4497014988488,21901
2017-02-08,1325.3377685546875,1339.2421037413499,1322.177687992355,1334.1860519920222,11200
2017-02-09,1317.1214599609375,1324.7057300011807,1310.8012992194015,1322.1776078417665,26889
2017-02-10,1308.2733154296875,1315.2255310434039,1303.8492220564146,1311.43339590174,21683
2017-02-13,1293.7364501953125,1300.6886632523322,1289.3123584490122,1299.424650815956,23031
2017-02-14,1284.888427734375,1300.056771747832,1284.2563732179897,1292.4725997411035,25595
2017-02-15,1269.0882568359375,1287.4166838428614,1267.824244014425,1286.7847256511034,18098
2017-02-16,1269.7203369140625,1276.672552756752,1262.7682175093787,1267.8243657187888,20048
2017-02-17,1258.975830078125,1274.1442716682147,1258.975830078125,1273.5122171043827,16874
2017-02-21,1246.335693359375,1255.8159345813347,1245.0716804840472,1254.5519217060069,24228
2017-02-22,1245.70361328125,1253.287786229305,1244.4395040915815,1250.1277061311162,15558
2017-02-23,1255.183837890625,1265.2960362156691,1242.5435176558271,1242.5435176558271,30860
2017-02-24,1250.759765625,1267.1922220421427,1250.759765625,1265.9282091880546,32571
2017-02-27,1246.967529296875,1258.9757941632306,1246.967529296875,1255.1837562023738,12140
2017-02-28,1254.5517578125,1261.503972375573,1247.599543249427,1248.2315978235201,17309
2017-03-01,1227.3751220703125,1243.8075775740917,1222.9510291079084,1239.3834846116877,38874
2017-03-02,1239.3837890625,1243.1758283454947,1227.3754235713068,1227.3754235713068,20213
2017-03-03,1235.5911865234375,1248.2315055671554,1234.959131996059,1241.9113460452963,14611
2017-03-06,1240.647216796875,1250.7594132184263,1236.855082865061,1244.4392542907174,22610
2017-03-07,1245.0711669921875,1248.8633004922212,1234.32691732604,1246.3351793462118,19714
2017-03-08,1240.0152587890625,1246.3354182084136,1233.063141290564,1244.4393510950124,17830
2017-03-09,1239.3837890625,1252.0241128818502,1235.591653341488,1241.2797604849886,16885
2017-03-10,1228.63916015625,1238.7514555111309,1224.8471217266663,1228.0072019703173,21144
2017-03-13,1224.84716796875,1231.1673286946589,1223.583155111168,1228.6392065414957,13533
2017-03-14,1231.1671142578125,1240.0152991577647,1228.6389925449814,1229.9031016203883,12598
2017-03-15,1215.9986572265625,1233.0631651392382,1209.6784976849733,1225.4788965389462,37055
2017-03-16,1216.6307373046875,1222.3188424363732,1210.3105776303773,1210.3105776303773,19723
2017-03-17,1218.5267333984375,1219.1586914662062,1211.5745195871368,1214.734599239914,14239
2017-03-20,1215.366455078125,1221.6866133505666,1210.3103091725793,1218.526534214346,12055
2017-03-21,1252.65576171875,1254.5518291107983,1203.9905463254763,1207.150626499559,53560
2017-03-22,1235.5911865234375,1255.1837196163929,1233.6951193792836,1252.0236398554632,39063
2017-03-23,1241.9114990234375,1246.3355919461005,1232.431258572877,1239.3834734784853,24789
2017-03-24,1236.8553466796875,1246.3355870933356,1224.8470807309304,1233.0633083770238,37956
2017-03-27,1233.695068359375,1259.6077599025605,1228.6389216633904,1255.1836677078154,28604
2017-03-28,1217.262939453125,1238.1193917570238,1210.9427790124296,1234.3273533554034,25379
2017-03-29,1206.518798828125,1219.1591219020206,1205.8868405372373,1217.2631505913457,17544
2017-03-30,1203.3582763671875,1210.310490081226,1200.1981967586203,1207.1504104726587,18701
2017-03-31,1204.62255859375,1209.046651394363,1198.3023984677345,1207.1505840689601,15934
2017-04-03,1206.518798828125,1219.1591219020206,1196.4065982318157,1202.7267597687635,29005
2017-04-04,1203.3582763671875,1214.1026241866969,1202.0942638113559,1213.470569689793,18570
2017-04-05,1212.2066650390625,1216.6307575972737,1185.0299586986432,1198.9342909264437,33868
2017-04-06,1210.310546875,1217.2627609152707,1204.6224418878555,1209.678492348437,29749
2017-04-07,1211.5745849609375,1221.0548244308009,1205.254425314362,1211.5745849609375,23806
2017-04-10,1211.5745849609375,1217.894744607513,1201.4623873892065,1210.310572319219,17953
2017-04-11,1222.3189697265625,1239.383479774655,1210.3107036700467,1214.1028384447325,34678
2017-04-12,1231.1671142578125,1234.9591521700852,1220.4228621827326,1222.3188329198777,17385
2017-04-13,1241.279296875,1241.911351405106,1221.0548056053628,1235.5911918559707,29249
2017-04-17,1222.3189697265625,1235.5913449999694,1221.054956947665,1234.9592903915238,19879
2017-04-18,1225.4786376953125,1231.166837944079,1217.894467134918,1229.90282559034,16575
2017-04-19,1221.6868896484375,1224.846969499345,1206.5184485012912,1214.7346754012474,17613
2017-04-20,1201.4622802734375,1215.3666109686735,1196.4061337193586,1210.942518898095,30578
2017-04-21,1201.4622802734375,1207.1503848730422,1197.6701462483848,1197.6701462483848,15945
2017-04-24,1173.021728515625,1179.3418884829764,1170.4936066658918,1175.5497539273706,22314
2017-04-25,1155.9571533203125,1166.701501800509,1152.1651154196393,1166.069447264739,22326
2017-04-26,1159.749267578125,1160.3813221029511,1149.636973808791,1154.0611626066125,20008
2017-04-27,1145.8448486328125,1155.325087154698,1145.2127941561641,1154.0610746393745,18574
2017-04-28,1142.0528564453125,1145.2129363449608,1135.1007385288774,1136.3647512011396,17340
2017-05-01,1122.4603271484375,1135.1006457134515,1118.0361385003007,1133.204578641104,22520
2017-05-02,1116.7720947265625,1123.7243083182525,1116.1401366787563,1118.0361072601493,21956
2017-05-03,1123.7242431640625,1130.67635991469,1121.8281762546299,1122.4602307037637,24685
2017-05-04,1123.0926513671875,1131.9409351102217,1120.5646254051826,1124.35666434819,19116
2017-05-05,1116.1402587890625,1126.8845111569783,1115.5082042341323,1118.6682841328127,10383
2017-05-08,1110.4520263671875,1119.3003077013298,1110.4520263671875,1115.5081733527,13734
2017-05-09,1103.500244140625,1109.8204056845277,1097.8120408883055,1107.2922832041595,17204
2017-05-10,1101.6038818359375,1109.8201089337058,1100.9718272753453,1101.6038818359375,16041
2017-05-11,1104.1322021484375,1118.0365382538475,1102.8681891275842,1107.9243376490092,21491
2017-05-12,1099.0758056640625,1104.7640076316025,1098.443847515218,1102.8679403090891,15208
2017-05-15,1092.1236572265625,1099.7078298690967,1090.8596445258047,1097.8117625989664,12931
2017-05-16,1083.27490234375,1092.7551381160858,1082.6429444883613,1087.6990895211964,16610
2017-05-17,1137.6287841796875,1138.2608387460932,1096.5477447509766,1100.339879273437,46649
2017-05-18,1118.66845703125,1141.4210743935262,1110.4522287372058,1138.2609940064324,53928
2017-05-19,1109.18798828125,1111.7160134970122,1099.0756945422402,1110.452000889131,24381
2017-05-22,1089.595458984375,1104.1318451187635,1088.9635008973028,1104.1318451187635,21518
2017-05-23,1087.6993408203125,1093.3874450227001,1083.2751526207137,1083.2751526207137,17910
2017-05-24,1077.58740234375,1087.6996980670435,1076.9553476967944,1080.7474827025294,16308
2017-05-25,1059.890625,1074.4270097131248,1054.2025205825896,1070.0029177842532,24963
2017-05-26,1056.7310791015625,1062.4192828289094,1054.835011192447,1059.2592017930567,14678
2017-05-30,1054.20263671875,1057.9946746021162,1051.6745150251907,1057.9946746021162,12080
2017-05-31,1054.83447265625,1065.5788198431362,1047.2503013298374,1047.2503013298374,20571
2017-06-01,1045.9866943359375,1059.2590716308111,1045.9866943359375,1051.042842659604,20944
2017-06-02,1023.8659057617188,1043.4584400644526,1022.6018930668943,1040.298360108398,23074
2017-06-05,1023.2338256835938,1026.39390556086,1020.0737458063276,1023.8658802342408,12470
2017-06-06,1032.08203125,1034.6100563905773,1020.0736707373142,1025.7618719605794,21831
2017-06-07,1023.2338256835938,1035.242187079996,1021.9698130202842,1026.39390556086,24371
2017-06-08,1021.3380737304688,1032.714286575606,1018.1779931761516,1018.8099514242119,21180
2017-06-09,1072.5311279296875,1099.7078350960967,1016.9137008901033,1018.8097681692459,79420
2017-06-12,1083.27490234375,1111.715609660758,1080.746878046305,1090.859168111975,97361
2017-06-13,1068.107177734375,1083.9075797718658,1063.6830844514777,1072.5312710172723,45335
2017-06-14,1075.691162109375,1093.3876285644894,1057.9946956542606,1057.9946956542606,58356
2017-06-15,1087.06787109375,1111.7164644793888,1083.9077900731286,1098.4441820555908,62800
2017-06-16,1094.65185546875,1103.5001386471342,1086.435626959537,1086.435626959537,39450
2017-06-19,1059.2587890625,1078.2192678898384,1056.7306673560654,1075.059188085282,39693
2017-06-20,1076.323486328125,1076.323486328125,1058.6270154391525,1061.155041378431,34953
2017-06-21,1054.20263671875,1072.5310609166409,1053.5705821858649,1071.2670482888523,37639
2017-06-22,1055.4666748046875,1060.52282187578,1047.2504478689104,1052.306594940003,23224
2017-06-23,1047.2506103515625,1063.6830667726392,1044.7225846427812,1057.3629060626865,19668
2017-06-26,1056.7310791015625,1061.7872280465308,1032.0824855971189,1035.2425666329716,35140
2017-06-27,1095.91552734375,1095.91552734375,1063.0507199717224,1065.5788414237077,61535
2017-06-28,1064.314697265625,1099.7076249186543,1062.4187267868303,1087.6993618424317,56040
2017-06-29,1100.9718017578125,1121.1962935341958,1073.1631376200335,1073.7950957279927,91826
2017-06-30,1103.500244140625,1107.2922832041595,1089.5958115936296,1094.651960116354,52545
2017-07-03,1123.0926513671875,1124.9887190576953,1087.6998057090764,1090.8598863805869,37190
2017-07-05,1102.236083984375,1124.9887030711288,1095.9159227311663,1117.40452885488,42374
2017-07-06,1121.828369140625,1129.4125416444012,1109.820104046145,1118.6682892275528,66509
2017-07-07,1097.811767578125,1114.8761802107201,1091.4916076076834,1114.2442220764685,34451
2017-07-10,1083.27490234375,1101.6034160330335,1078.2188537488603,1095.9152167068646,26855
2017-07-11,1078.2193603515625,1094.6517188816083,1074.4272256857107,1087.0675459878955,31685
2017-07-12,1051.674560546875,1063.6829221256037,1049.7785897421159,1059.2588295178557,35226
2017-07-13,1047.882568359375,1053.5706738985614,1042.1943663821985,1049.7786356851004,23691
2017-07-14,1031.4503173828125,1044.7226948489958,1028.9222914073534,1039.034491747199,22708
2017-07-17,1030.1859130859375,1033.978047046719,1022.6017416023471,1028.9219005783345,23701
2017-07-18,1016.2814331054688,1038.4019862669275,1016.2814331054688,1032.7137861626345,30245
2017-07-19,1004.2732543945312,1011.2254680626522,1001.7452292995648,1011.2254680626522,29430
2017-07-20,1002.37744140625,1010.593572475784,998.5853067295491,999.8493194757858,30854
2017-07-21,1003.641357421875,1013.1215967619344,1003.0093028906784,1009.9615169819145,20815
2017-07-24,994.1608276367188,1005.5371308087877,992.2647610350483,1003.009009860576,24805
2017-07-25,998.585205078125,1004.2733100761624,994.1611126976536,999.849217695691,25350
2017-07-26,992.265380859375,996.6894747348396,991.0013678146728,992.8974356007329,17988
2017-07-27,1004.2732543945312,1027.0258660011311,977.7286051454817,978.9926176929649,85854
2017-07-28,1006.8013916015625,1020.0736682137249,1003.0092574621005,1017.5456430794018,32550
2017-07-31,1016.2814331054688,1019.4415121285342,998.58497128871,1001.1129959319791,29238
2017-08-01,1011.8572998046875,1016.9133488815795,1008.0651665590641,1008.6972209126528,23503
2017-08-02,1005.5376586914062,1023.8660871076377,997.3214300628182,997.9533883031687,57831
2017-08-03,1013.1217651367188,1016.9138036401678,1002.3775113866171,1003.6415242211001,34991
2017-08-04,1009.9615478515625,1018.1777748183406,1004.9054007613926,1009.3294933010471,23425
2017-08-07,997.3212890625,1008.697596598481,997.3212890625,1007.4334874204906,18198
2017-08-08,1001.113525390625,1006.1696737891655,984.6811636428805,1001.113525390625,37131
2017-08-09,1002.37744140625,1021.969880067896,1002.37744140625,1016.9137326449584,40796
2017-08-10,1045.9866943359375,1048.5147202787666,1013.1218748891168,1014.3858878605315,80493
2017-08-11,1030.1859130859375,1048.5143355411117,1025.7618210903408,1043.4582855106999,52880
2017-08-14,1004.2732543945312,1015.0176021430774,1001.1131748068354,1014.385547650348,37168
2017-08-15,1003.0093383789062,1008.0654854934295,998.5852458179427,999.2173003715025,25745
2017-08-16,999.848876953125,1006.1690343250638,989.7366830207918,998.5848647663269,36229
2017-08-17,1039.666259765625,1040.2983143042015,1004.2733272409639,1006.8014489572869,62698
2017-08-18,1042.8265380859375,1050.4107118025986,1027.6581906526153,1039.6664576674953,51941
2017-08-21,1044.09033203125,1057.3627055808345,1037.7701725196348,1043.458373942877,54438
2017-08-22,1012.4896240234375,1033.9782261262906,1010.5935567146579,1033.3461715440342,38673
2017-08-23,1020.0736083984375,1025.1297548085777,1015.6495164538042,1021.9696753569864,35614
2017-08-24,1025.7618408203125,1037.7701045304718,1013.7534806721787,1015.0175896420687,28016
2017-08-25,1031.4503173828125,1033.9784397962808,1013.7538462405712,1018.8099946294985,30521
2017-08-28,1025.1298828125,1030.8180843984103,1019.4417776645734,1025.1298828125,24644
2017-08-29,1016.913818359375,1044.0905286651143,1013.1217798010387,1042.1944611669467,48268
2017-08-30,992.897216796875,1016.2817905036762,989.7371366624966,1014.3857231354508,44866
2017-08-31,973.3045654296875,988.4729096923604,971.4084982873583,987.2088970768012,41951
2017-09-01,973.9365234375,978.9925733986729,966.9843100839303,968.2483225742235,24273
2017-09-05,992.265380859375,1006.8017719684846,976.4649767055633,980.2571122776836,63684
2017-09-06,985.3129272460938,999.8493148556224,981.5208890249062,987.2089945756828,28535
2017-09-07,980.888916015625,988.4730895267616,976.4648228372952,982.152928861148,21945
2017-09-08,998.585205078125,1000.4812722234645,983.4168607913713,984.6808734089371,31141
2017-09-11,976.46484375,983.4170592062682,972.0407504769205,982.7850045509709,27055
2017-09-12,971.408447265625,980.2567279857593,968.2483676737147,970.1444347164561,34931
2017-09-13,968.88037109375,977.7285549094855,968.2483166334957,973.9365174618721,18738
2017-09-14,979.6246337890625,980.8886462870024,970.7764498655114,976.4645543252268,22524
2017-09-15,973.3045654296875,983.4168592301235,965.7203932983512,980.2567794722348,30653
2017-09-18,976.46484375,982.1529498956736,965.0885350206523,971.4086958216233,41131
2017-09-19,972.0406494140625,978.9927677095199,970.1445820833048,972.6726075656547,22469
2017-09-20,977.7285766601562,993.5289741383035,971.4084176688974,972.6724301795546,48403
2017-09-21,991.0014038085938,997.3215656996715,979.6250931170504,980.2571478813651,41996
2017-09-22,992.897216796875,998.585322463559,989.7371366624966,997.3213096974062,43630
2017-09-25,1013.7534790039062,1023.8657721185383,999.2171902538373,1001.7452153135082,53438
2017-09-26,1008.0656127929688,1015.6497862034983,999.849384749063,1003.6415196733263,40378
2017-09-27,989.7366943359375,1003.0089671059751,982.7844825721446,997.3208639813803,49736
2017-09-28,991.6329345703125,999.8491607737084,989.1049094791024,995.4250686451031,28269
2017-09-29,977.0966796875,992.2650236392783,975.8325706598694,987.2088768426926,34740
2017-10-02,975.8328247070312,984.0490533357389,966.9846378379639,973.9368535479482,37850
2017-10-03,971.408447265625,977.096648393849,968.8804221672872,973.3045143083664,26248
2017-10-04,969.5122680664062,977.0965353599978,965.0881764371211,975.2004685365999,31878
2017-10-05,950.5518798828125,964.4563069042525,949.9199218423665,962.5602399069677,47310
2017-10-06,949.2877807617188,957.5040060417491,948.6558227789254,957.5040060417491,24928
2017-10-09,951.18408203125,953.0801493228968,943.5999093026517,946.127934732855,31044
2017-10-10,949.2877807617188,956.8719516209911,941.7036099024463,944.8636891303069,38359
2017-10-11,943.5997924804688,952.4479768287209,942.967737982175,949.9199517114994,25843
2017-10-12,946.7597045898438,949.2877292597927,939.8074920905445,946.1276502033767,23370
2017-10-13,939.8078002929688,941.7038676362102,937.9117329497271,938.5437875434714,27616
2017-10-16,932.8554077148438,939.1755660423481,932.8554077148436,935.3834324706604,15605
2017-10-17,931.5916748046875,936.6478227944854,930.3276619167384,934.7517552435609,13143
2017-10-18,932.8554077148438,936.0154868785959,929.0632741431559,929.0632741431559,13888
2017-10-19,941.0717163085938,953.7120353802363,940.4397582178003,944.863850605279,40474
2017-10-20,936.0158081054688,937.9117791040193,930.959660420677,932.223673232376,22868
2017-10-23,948.0238037109375,950.5518286123126,931.5913525380939,932.2234069824218,31790
2017-10-24,944.2316284179688,951.8158956646706,940.439591232582,944.2316284179688,25315
2017-10-25,951.8161010742188,965.7204332972317,942.3358614078937,948.6560211854437,37900
2017-10-26,956.8721923828125,958.7682596841976,948.6560614734585,953.0801542180312,20914
2017-10-27,901.8869018554688,929.0636118292294,898.7268215431244,927.1675443542233,69851
2017-10-30,898.0946655273438,927.1673401345078,891.1424517962954,927.1673401345078,28436
2017-10-31,892.4064331054688,897.4625796020892,887.3502866088483,891.7744750671244,35375
2017-11-01,892.4064331054688,898.726592116751,883.5582490648628,884.8222615795246,24810
2017-11-02,895.5665893554688,907.5749503687292,893.6705222020086,894.9346312629697,30313
2017-11-03,879.1343383789062,895.5666973348714,877.8702291655302,888.6145788512683,26210
2017-11-06,872.8140258789062,881.0301557053162,872.1819713824242,879.7661431503283,16588
2017-11-07,872.1820068359375,877.8701117835884,869.0219271010246,873.4460194423066,27476
2017-11-08,864.5977172851562,874.7099132001252,863.96566284886,872.8139427671709,26031
2017-11-09,873.446044921875,891.7745657818244,872.8140868192455,879.1342464734385,51263
2017-11-10,873.446044921875,881.03021721931,872.8140868192455,878.502191932826,18396
2017-11-13,872.1820068359375,880.3982334343068,869.6539816231993,880.3982334343068,14610
2017-11-14,878.5023193359375,886.7185473655277,875.9742936828314,877.8702647036624,27899
2017-11-15,886.718505859375,896.1987462717603,882.2944129545269,886.0864512566856,26393
2017-11-16,863.9660034179688,877.8703385557683,860.173964619299,877.8703385557683,50823
2017-11-17,870.9181518554688,872.1821646906093,862.0698691334901,862.0698691334901,19280
2017-11-20,872.1820068359375,874.7100320486757,867.7579144946556,869.6539816231993,11788
2017-11-21,853.8536987304688,864.5979519984878,852.5895895147073,864.5979519984878,22528
2017-11-22,851.325439453125,855.1175736129073,850.0614268791902,851.9574939590814,16803
2017-11-24,845.637451171875,850.6935986022789,844.3734384237717,849.4294894161848,13496
2017-11-27,845.637451171875,849.4294894161848,841.8453164895742,845.637451171875,19079
2017-11-28,841.845458984375,851.3257008568072,840.5814460223188,842.4775136844067,26936
2017-11-29,870.9181518554688,879.1343799408784,843.1093872923899,843.1093872923899,41216
2017-11-30,857.0136108398438,867.7578620009946,853.2214768121556,864.5977824572459,33764
2017-12-01,863.333740234375,888.6143757148783,855.7494724398472,867.7578321558689,83539
2017-12-04,883.5582885742188,886.086313716586,851.95749210474,853.2215046759237,59381
2017-12-05,882.9261474609375,891.7744274672255,863.3337134345239,885.4542687932918,53966
2017-12-06,875.3422241210938,891.7746799000092,872.1821438896096,889.8786124735196,36890
2017-12-07,869.6539306640625,877.2381022958473,864.5977840968811,875.9740897635455,23419
2017-12-08,862.0696411132812,864.5977625528635,852.5894027002848,857.0135911100609,28540
2017-12-11,848.7975463867188,862.0698251353018,848.1654917824085,862.0698251353018,28365
2017-12-12,850.6934204101562,854.4854578601596,845.6372740388475,849.429311488851,22169
2017-12-13,847.533447265625,850.0614725493145,841.8452457203491,844.3733674420216,26985
2017-12-14,849.4293823242188,850.6934913509402,840.5811977650415,845.0052900446301,27408
2017-12-15,829.8369140625,845.6373119066528,827.9408470336066,843.7412448777594,40348
2017-12-18,815.9327392578125,821.6208449941128,814.6686300381959,819.0928194308668,50049
2017-12-19,825.4129638671875,830.4690148962244,817.1967362880149,819.0928036428996,41560
2017-12-20,827.3088989257812,834.2611134463626,819.7247262729572,819.7247262729572,28200
2017-12-21,827.3088989257812,829.8370207687142,820.3567808431874,826.0448862233085,27805
2017-12-22,829.8369140625,834.2610061712677,828.5729015225628,829.8369140625,24165
2017-12-26,838.6920166015625,845.0169938111926,836.7945041363748,838.0594802760022,26951
2017-12-27,838.0593872070312,840.5893392053275,834.2643626981046,838.0593872070312,14748
2017-12-28,837.4268188476562,838.6918913097882,832.9993547646304,832.9993547646304,16881
2017-12-29,846.9142456054688,848.1793180113773,834.8968298411331,834.8968298411331,39440
2018-01-02,817.8196411132812,842.4870156955549,817.1871047346583,839.3245268254428,50541
2018-01-03,802.6397094726562,816.5546898808539,800.1097086479156,815.9221534828546,47348
2018-01-04,798.8446044921875,801.3745566562061,794.4170916936663,796.3146040724246,25978
2018-01-05,783.0322265625,794.4171570037875,782.3996902137494,792.5196927247804,59200
2018-01-08,777.97216796875,784.2971449441056,776.7071918759767,784.2971449441056,34928
2018-01-09,776.7073364257812,781.767289994306,772.2798227655991,774.1773355136419,35343
2018-01-10,780.5023193359375,791.2547629709466,780.5023193359375,784.9297847725285,44580
2018-01-11,770.3822631835938,780.5022173272724,770.3822631835938,777.9722167274158,39185
2018-01-12,758.997314453125,773.5447822824431,757.7323382313364,772.2797578049048,49193
2018-01-16,763.4247436523438,767.8522567322898,741.2873230198562,749.5098128427934,75460
2018-01-17,746.9797973632812,763.4247284254047,744.4497968331669,755.8347750908082,43690
2018-01-18,747.6123657226562,753.3048554628291,743.1849005112726,749.5098783879644,36031
2018-01-19,743.1846923828125,749.5096684881981,740.0222043301197,743.1846923828125,30243
2018-01-22,726.7398071289062,745.0822485701806,726.7398071289062,743.184736324078,36641
2018-01-23,715.3548583984375,722.94485942668,713.4573943331841,722.3123231491859,52476
2018-01-24,723.577392578125,732.4323702021567,708.3974378306057,712.192414453549,94198
2018-01-25,723.577392578125,729.2698816404129,714.0899268928936,714.0899268928936,51344
2018-01-26,703.3375854492188,719.150031599208,703.3375854492188,716.6200788198146,31744
2018-01-29,710.294921875,712.1923859827451,702.7049206767874,706.4998971480218,41303
2018-01-30,720.4148559570312,728.6372967155932,715.3548552934989,721.6798319950431,67116
2018-01-31,716.6199951171875,724.2099490803583,710.2950173959616,712.8249698798517,45300
2018-02-01,727.3724365234375,732.4324379928571,712.8249684906685,726.7399484036976,54376
2018-02-02,757.0997924804688,757.7323288392724,730.53490610618,733.6973948772024,80495
2018-02-05,814.656982421875,817.1869343859769,746.3472177648315,771.0146354607494,252293
2018-02-06,773.544677734375,846.9143503083671,771.0146773769891,838.6919577222848,224199
2018-02-07,793.1522827148438,793.1522827148438,761.5273914443616,777.9723252538614,121449
2018-02-08,860.1968383789062,860.1968383789062,787.4596057218664,789.3571180499995,170954
2018-02-09,830.4696044921875,897.5143112693138,817.8196488914276,835.529606034792,215578
2018-02-12,800.7421264648438,827.3070604079226,790.62217231042,813.3921294775583,141809
2018-02-13,793.7846069335938,812.7595377766279,789.9896304161358,809.5970493027888,82005
2018-02-14,762.7921752929688,802.6395475401076,761.5271992636834,802.6395475401076,104798
2018-02-15,736.8597412109375,765.9546226290627,736.2272532301448,751.40720604787,114005
2018-02-16,741.2872314453125,744.4497197164201,726.1073263485895,740.0222554391661,102159
2018-02-20,740.0223999023438,748.2448903146701,726.7399562219133,748.2448903146701,74943
2018-02-21,744.4498291015625,744.4498291015625,717.8849430232654,733.0648986061846,88240
2018-02-22,743.8173828125,747.6123598575929,729.2699627636855,737.4924049854282,88453
2018-02-23,714.08984375,738.1247250673764,714.08984375,733.0647729111741,47303
2018-02-26,695.7474365234375,708.3973899147727,695.1149485050192,708.3973899147727,54790
2018-02-27,712.1923217773438,712.8248097562389,691.9524169182615,694.4824170895816,73178
2018-02-28,722.3123779296875,722.3123779296875,698.9099815598464,704.6024706988135,58963
2018-03-01,743.8173828125,757.7323629855089,714.0900063275628,721.0474722861916,146901
2018-03-02,732.4324340820312,767.8522994115937,728.6374088723549,762.7922979691918,109419
2018-03-05,715.3548583984375,743.8172536789251,711.5598820121878,738.1247649716789,61523
2018-03-06,709.02978515625,718.5172489583115,704.6023213509158,708.3972972205931,58328
2018-03-07,706.4999389648438,722.944918406456,704.60247474479,720.4149178573044,61421
2018-03-08,698.277587890625,705.8675422648398,697.6450997353993,700.807588767281,53616
2018-03-09,672.9775390625,690.6874450935633,672.3450510356304,688.7899810129546,60711
2018-03-12,666.0202026367188,670.4476679339817,661.5926890837031,667.2851789342931,59238
2018-03-13,681.8327026367188,686.2601682911331,655.9002521427713,659.6952778531338,111215
2018-03-14,683.7301025390625,688.7901041702455,674.2426356724083,675.50766020808,66966
2018-03-15,684.3624267578125,689.422427177004,676.1399863963015,682.4649627924209,39725
2018-03-16,688.1575927734375,689.4225690106064,678.6701262274199,682.4651031946769,28481
2018-03-19,717.8848876953125,729.2698655689899,700.8074691405413,700.8074691405413,67915
2018-03-20,714.08984375,722.3122840997313,709.6623313256152,718.5173079186445,52505
2018-03-21,719.2865600585938,725.6238865789338,703.4432437577437,717.3853427625061,68611
2018-03-22,756.6767578125,756.6767578125,729.4262358174668,739.565948065632,140859
2018-03-23,795.9680786132812,795.9680786132812,752.2405226920591,757.3104024669672,146266
2018-03-26,736.3972778320312,788.3633811691211,734.4961090007722,763.6477995630629,104431
2018-03-27,784.5611572265625,796.602040695087,724.9902695587185,725.6239926333822,139768
2018-03-28,801.6716918945312,813.7125719070523,777.5898351695741,792.1657034530941,201928
2018-03-29,772.52001953125,808.6427570100457,756.6767051370487,792.165719710068,101565
2018-04-02,816.2476196289062,833.358380729761,776.3224459269637,783.9272178940189,150620
2018-04-03,798.5031127929688,828.9222983345907,791.5320635417528,802.3054988981809,123928
2018-04-04,774.4212646484375,832.0909734126523,769.3514325521082,829.5559848395428,110579
2018-04-05,765.5491943359375,776.9563550196023,756.6769260153277,759.2118667283552,73303
2018-04-06,803.5728759765625,811.177647077936,767.4500923701498,782.6596829228523,97475
2018-04-09,794.067138671875,795.9683078725834,760.4792842763479,789.6309805036138,74058
2018-04-10,758.577880859375,779.4910753928245,752.8743263047605,768.0838695836777,81140
2018-04-11,766.1826782226562,768.7176181442695,750.9730870429345,766.8164011155702,59390
2018-04-12,749.072021484375,758.5780118501664,743.368465944874,757.3105658080477,52773
2018-04-13,756.0430908203125,762.3804174882113,738.9322798070065,740.8334971473623,64611
2018-04-16,745.2697143554688,755.4094288218752,739.5661098587489,745.9034374439993,36240
2018-04-17,713.5828857421875,733.2285863366517,709.7804998771234,730.0599233907717,39539
2018-04-18,710.414306640625,719.9202966001784,705.3444743388424,712.949246966499,45149
2018-04-19,723.72265625,728.792536714959,714.850437961267,717.385329843783,56559
2018-04-20,745.9031982421875,751.6068009098336,726.2574986980351,727.5249928185991,75635
2018-04-23,750.9732055664062,758.5779781815231,733.8624430074109,738.9322753008338,71978
2018-04-24,781.3924560546875,792.1658928575628,740.8335526703866,743.3684931975246,101371
2018-04-25,780.1246948242188,801.6716094111898,773.7873698486362,780.1246948242188,110431
2018-04-26,747.1707763671875,766.1827551635538,742.1008960148382,759.8454288980984,69991
2018-04-27,747.1707763671875,756.0430428088175,726.2575803511996,726.2575803511996,71518
2018-04-30,757.3104248046875,761.7465334761124,734.4960618445798,743.3683275373879,74645
2018-05-01,740.1998291015625,765.5491376550411,740.1998291015625,762.3804740858563,88693
2018-05-02,749.072021484375,750.9732388975202,733.228704208056,737.6648620554057,52361
2018-05-03,749.7057495117188,773.7875613694712,744.0021459520001,756.6767990402795,112886
2018-05-04,721.1876831054688,757.3104202106812,718.019020259399,756.0429744122365,59193
2018-05-07,709.78076171875,716.1180899483817,704.7108797950536,714.2168721395012,50959
2018-05-08,711.6817016601562,721.8214131986443,708.5130387825063,713.5828703767711,46666
2018-05-09,695.2046508789062,713.5829061608837,695.2046508789062,708.5130743123815,54074
2018-05-10,681.896240234375,692.6697230067796,680.6287944258372,690.7685059440146,44795
2018-05-11,683.1638793945312,688.8674350934904,679.9952158506791,684.4313254720847,54564
2018-05-14,680.6287841796875,683.1637241085606,671.7565186036106,679.9950612849586,51150
2018-05-15,695.2046508789062,702.8094711766008,690.7685419677217,691.4022649050394,109926
2018-05-16,686.3326416015625,694.5711389899155,683.7977007320786,693.9374158600384,45234
2018-05-17,692.0360107421875,699.0071083332417,681.896298359694,692.0360107421875,51024
2018-05-18,699.0072021484375,701.5420943218021,693.3035980584292,697.1059846684451,58495
2018-05-21,692.0360107421875,697.7396140667034,682.5300213179819,688.2336246424977,45584
2018-05-22,693.9373779296875,696.4723186606125,683.1639402607226,685.0651095464367,49191
2018-05-23,681.896240234375,704.7106032377636,681.896240234375,704.0768803334947,67404
2018-05-24,682.846923828125,696.3137425115103,680.3119835824363,682.2132008541937,161335
2018-05-25,681.2625732421875,685.3818449829467,676.509578545149,682.5300191547461,149215
2018-05-29,687.4415283203125,695.6800726604138,679.8367553525017,688.2336941857081,195785
2018-05-30,678.0939331054688,685.5403110566592,675.2421555305248,682.2132049859154,77565
2018-05-31,679.0444946289062,682.2131576478465,669.6969483930244,678.093886053232,109850
2018-06-01,657.4976196289062,672.3903271264116,656.8638966534736,672.2318842950625,94425
2018-06-04,646.09033203125,655.1210404414048,645.4566091349137,654.328874733495,63415
2018-06-05,642.129638671875,647.5164052996419,639.7531410478489,642.9218045465503,81605
2018-06-06,634.5248413085938,646.8826091401605,634.2079556308752,640.0700022189061,100115
2018-06-07,644.66455078125,651.1603203378249,634.0495575375472,634.0495575375472,129190
2018-06-08,645.1399536132812,654.1706162176348,643.0802931824849,651.6356755681777,114430
2018-06-11,641.6544189453125,646.0905289214886,638.4857551480517,646.0905289214886,78280
2018-06-12,635.0,641.0204882751735,633.7325542315197,639.9114369652857,50695
2018-06-13,635.4754028320312,637.6934573615572,625.6525277513216,632.9404626483034,136440
2018-06-14,622.4838256835938,630.2470402264615,620.4242141099618,629.9302029420348,117720
2018-06-15,626.2861938476562,632.940405182044,624.5434679576597,626.7615222858029,162330
2018-06-18,627.8705444335938,638.8024702950847,626.7615414106614,635.1584788912679,83850
2018-06-19,631.356201171875,647.516404331067,631.1977583271834,643.8724123030303,155415
2018-06-20,622.21533203125,626.5075880815418,617.1282658573972,625.5537480132191,101885
2018-06-21,633.3433227539062,635.5689171309609,618.3999907773182,619.353830800147,126240
2018-06-22,637.635498046875,640.8149320450999,628.7330731489826,629.0510359545302,114770
2018-06-25,665.1375122070312,676.4245114069297,646.2198916261267,647.8096084566953,263560
2018-06-26,659.7326049804688,665.2966149019908,652.1019822081079,660.5274635406861,168635
2018-06-27,678.3321533203125,678.4910861830928,648.2864680804979,654.4864021866849,228090
2018-06-28,666.4093627929688,682.4654651270619,661.6402119576593,679.762975428973,243040
2018-06-29,664.3428344726562,664.6607973309692,653.0558322030389,659.8916455422002,168575
2018-07-02,653.8505249023438,678.4911362244324,653.8505249023438,675.7886466718851,129265
2018-07-03,669.7476196289062,670.5424779709839,649.2402841061635,649.717228219992,79515
2018-07-05,652.7377319335938,667.6810602457564,651.9428735285393,660.5273346002662,83435
2018-07-06,633.6613159179688,652.4199603690848,631.7536357810358,650.1943658855438,149490
2018-07-09,621.5792846679688,631.2765670983869,621.261321894129,626.5074165766378,100845
2018-07-10,620.7845458984375,624.9178201834673,617.9230744395877,619.989687324944,103000
2018-07-11,626.8253784179688,631.1176336190877,622.6921531301494,630.1637937394711,153400
2018-07-12,606.4771118164062,622.3742838168363,605.8412346392529,621.4204437939468,103215
2018-07-13,604.8873901367188,609.0206645290843,602.8207771976952,606.1591444816073,79010
2018-07-16,607.430908203125,609.6565024204409,602.6617569455988,604.56938834002,64670
2018-07-17,600.2772827148438,620.3077310828328,597.7337252449792,619.9897682062284,97770
2018-07-18,602.82080078125,606.318149623676,599.3234034245036,600.118262049735,73230
2018-07-19,608.8616333007812,610.2923689503223,603.1386421883027,606.9539534251836,83820
2018-07-20,609.3385009765625,610.6103036732162,601.3899160511478,605.046294225426,114100
2018-07-23,605.8411865234375,617.9230459870886,605.0463279865435,613.1538947657249,74130
2018-07-24,600.4362182617188,605.5232842983193,588.8312533531566,593.282490713792,122500
2018-07-25,584.06201171875,600.43612580459,583.2671532247086,600.1181630012485,128910
2018-07-26,601.0719604492188,603.1385729820571,596.3028098217682,600.1181206208669,103965
2018-07-27,618.08203125,624.9178443550411,593.7593773660346,593.9183587897461,207165
2018-07-30,635.409912109375,641.45081737784,617.4460806801685,618.0819577851153,187185
2018-07-31,628.2562866210938,637.7945902731489,621.1025588820523,631.7536355182546,150830
2018-08-01,621.7384643554688,628.4152481068618,617.6051895488025,623.3281817030847,119835
2018-08-02,605.046142578125,630.9585035346404,603.2974446299608,630.7995221731163,146515
2018-08-03,601.0719604492188,607.9077236095077,601.0719604492188,603.2975543725006,115870
2018-08-06,594.2362060546875,603.4565939317894,593.7593103516967,601.8668769027353,136750
2018-08-07,589.9439086914062,593.4412565102674,587.7183148949844,590.4208043212444,107630
2018-08-08,589.3082275390625,594.7132567022712,586.4467072660774,592.0107178635058,114805
2018-08-09,589.9439086914062,591.0566813324641,584.6978141916552,589.1490502988052,106490
2018-08-10,598.6875,602.8207743729979,594.0773298784832,597.5746785676981,145115
2018-08-13,599.6412353515625,600.4360938032405,588.8311313001567,596.6207344237386,151000
2018-08-14,592.4874877929688,601.8668074796557,591.0567038204048,595.3489587094807,125005
2018-08-15,606.7950439453125,614.4256667135185,598.3695141030056,601.7079297569644,228335
2018-08-16,603.4564819335938,605.6820756583488,595.3489168872746,598.0514547408159,117950
2018-08-17,602.9795532226562,613.7896563989249,600.1180824339914,606.9538451593052,182465
2018-08-20,604.410400390625,609.0205698167902,600.2771266410485,600.5950409206708,124585
2018-08-21,600.1181640625,601.3899182494903,592.805456201525,600.9130225579471,97895
2018-08-22,595.34912109375,604.0925661298398,594.0773666760473,602.8208117121371,83700
2018-08-23,597.4158325195312,599.1645315175482,589.1493304146871,597.4158325195312,119575
2018-08-24,586.4464721679688,593.6001972111206,585.4926324593546,593.2822829844512,142080
2018-08-27,574.682861328125,582.3134857242616,574.682861328125,580.2468724336532,118895
2018-08-28,572.9338989257812,575.3184740171879,570.2314095974364,571.5031635737981,118040
2018-08-29,559.7392578125,571.344170276135,559.1033808375878,571.344170276135,144120
2018-08-30,562.2830200195312,565.6213874882242,555.1292922763531,562.1240385890409,176150
2018-08-31,560.5342407226562,564.6675147495448,557.3548066272518,563.5546934104275,147465
2018-09-04,564.9855346679688,571.1854226101414,561.9650814155589,563.713780197793,130750
2018-09-05,580.2467041015625,583.7441009018723,567.369986718638,567.369986718638,188905
2018-09-06,590.89794921875,598.3695915390539,578.3391435374429,579.9288608627403,259280
2018-09-07,594.3952026367188,599.6412980751302,585.1748630385143,599.1643538456483,238810
2018-09-10,591.374755859375,598.0515870248038,588.0363402766607,588.672217408055,119855
2018-09-11,582.6314697265625,599.3235036477873,580.5648563610946,596.4620315241659,127230
2018-09-12,585.8107299804688,595.8259279394024,583.2671730103908,583.9030501243318,209515
2018-09-13,574.5237426757812,579.292893913014,571.344308517626,578.9749796057876,107415
2018-09-14,576.9081420898438,581.518310508226,571.1851526502691,573.0928319682274,152215
2018-09-17,593.6004638671875,594.8722668880908,578.339167216619,579.451988795619,150395
2018-09-18,584.2210083007812,593.282414774029,578.1801029948252,592.805470556624,178145
2018-09-19,585.0159301757812,592.4876204288626,581.20061859489,584.221071574999,139025
2018-09-20,572.6160888671875,580.0877297376913,570.5494276367231,576.9082957040353,169460
2018-09-21,578.4979858398438,579.9287213856445,567.6879300334483,568.4827885049277,151635
2018-09-24,575.636474609375,591.6926243165332,575.0005975793931,587.0824066919722,175600
2018-09-25,573.7288818359375,579.9287687166193,573.093004709719,576.1134574449932,99370
2018-09-26,573.6968994140625,575.6145687244605,562.5106088962395,573.3772716062108,200790
2018-09-27,563.6292724609375,569.222417868756,559.6341685982101,568.5831622360334,138970
2018-09-28,564.4282836914062,568.9027804346733,561.2322006552564,567.6243667275561,124615
2018-10-01,562.1909790039062,564.5880412488376,553.7213785791577,557.8762962240434,151715
2018-10-02,564.4282836914062,566.9851111056406,555.958634384595,563.6292629323688,193145
2018-10-03,563.469482421875,565.0675240346607,557.2371298856831,559.7939574514522,166660
2018-10-04,584.4038696289062,593.0332850616063,567.4646178427248,568.1038247695243,330050
2018-10-05,599.5853271484375,610.7716202014429,581.5274248161369,585.2029503660019,422590
2018-10-08,606.6165771484375,620.9989509802417,596.3891210661593,605.0185356115703,321400
2018-10-09,603.740234375,609.1736160662448,593.83240346114,606.2971112705792,288175
2018-10-10,656.4756469726562,658.0736890040098,610.1324280634057,610.2922420202156,636265
2018-10-11,672.2960205078125,686.5185788760916,643.6910411130299,661.1097309736948,735410
2018-10-12,635.7008666992188,662.5479922102824,631.3861840629019,637.7783498367236,517275
2018-10-15,651.6812744140625,655.6763779815061,637.9381571567397,640.0155915044687,342285
2018-10-16,613.6480712890625,639.8559479133594,610.1323597066221,637.7785130126964,238795
2018-10-17,612.6890869140625,625.4734186129197,606.2969210646338,607.0959417958125,291180
2018-10-18,640.3352661132812,646.567618380481,617.6430566837911,618.2822635476448,308325
2018-10-19,643.052001953125,647.3667342626786,620.5196031212566,632.3451512975546,314875
2018-10-22,636.1802368164062,646.0880633900839,626.4321753544151,635.0615884245051,232245
2018-10-23,640.6548461914062,673.5745118005744,634.9018868707547,659.5117656997442,436715
2018-10-24,699.9421997070312,701.8598690765855,640.6548483800016,642.252889931844,448670
2018-10-25,652.6403198242188,684.9207865829708,643.5315100093494,678.0491769664519,412680
2018-10-26,684.6009521484375,704.2568913800293,660.7901441328709,696.905890905654,649150
2018-10-29,710.4892578125,739.8932115412455,659.8313229577332,665.584282088399,418870
2018-10-30,691.1530151367188,724.8717037791419,690.0343664719277,717.8403302574347,344015
2018-10-31,659.9911499023438,668.9401921970639,646.7274247506323,668.4607504784934,353780
2018-11-01,640.6548461914062,666.5431387501593,639.8558254182145,656.4754477469297,266850
2018-11-02,660.3108520507812,669.8991022813248,637.6186403311497,645.1294558524205,334020
2018-11-05,664.62548828125,679.487304346124,659.6715495929586,660.150991331518,209365
2018-11-06,654.8773803710938,666.8626914962481,647.5264285623504,665.2646500128942,190435
2018-11-07,614.4469604492188,642.4126868675837,614.2871465445854,639.5362316576088,233085
2018-11-08,621.7980346679688,628.0303875387264,616.364702646497,619.8803651223376,167145
2018-11-09,643.052001953125,652.9598804877626,631.0666886136594,633.94319307615,241650
2018-11-12,681.0853271484375,683.3225755615832,649.923516967768,652.320579289358,286265
2018-11-13,680.7656860351562,684.9206037317651,656.6352493821166,675.9715614856128,221975
2018-11-14,692.4314575195312,699.622645256944,662.8676857101677,667.821624794058,255755
2018-11-15,667.501953125,706.6539698203139,664.1460562260162,694.8284237221463,251355
2018-11-16,672.7755737304688,685.8795355290015,666.2235928312024,681.0854103005183,186805
2018-11-19,715.9226684570312,720.3971656275431,677.5696683611189,679.1677100317819,251420
2018-11-20,741.8109130859375,760.3481562029004,722.7941794706795,749.3216791713668,363315
2018-11-21,730.9441528320312,733.6608428168453,716.4019658165984,722.3147387160852,144500
2018-11-23,742.1305541992188,743.4090168176054,727.2687859271452,743.4090168176054,76220
2018-11-26,707.6128540039062,727.7481894265982,707.1334609953224,721.1962086218955,132080
2018-11-27,703.1383056640625,722.7941978832368,699.6225946283984,715.9226384943182,123480
2018-11-28,658.552978515625,700.7412686292557,658.3931645957888,693.230453312202,198925
2018-11-29,662.548095703125,672.9353667081213,654.078445468803,663.9863234732213,166935
2018-11-30,652.6403198242188,667.5021391564317,652.480505876231,661.2697365634943,149185
2018-12-03,630.7470703125,640.1755064664801,623.0764409910199,624.5146687486844,156425
2018-12-04,678.3685302734375,680.4459644512694,633.7831878607261,637.93810498474,238950
2018-12-06,669.7393798828125,711.7678629629054,669.7393798828125,706.0149022847149,294335
2018-12-07,714.1647338867188,718.3196515246258,668.1411583686792,676.1313658383635,263945
2018-12-10,699.302978515625,731.7432018461883,693.3902053875802,717.201014268628,213890
2018-12-11,694.9883422851562,706.6540762366399,676.4510483658123,677.2500692350222,178560
2018-12-12,682.523681640625,683.3227025629932,661.1099306748295,674.0540306025015,199030
2018-12-13,682.36376953125,691.4726262431094,668.6206018900634,675.0127683493725,180710
2018-12-14,717.0411987304688,718.9588191575953,693.2303427547328,698.6637225524746,175765
2018-12-17,747.8834838867188,759.7089822115973,710.9687124283817,721.8354247886066,236355
2018-12-18,738.7745971679688,752.19818535002,724.8716647913562,736.8569765479317,187455
2018-12-19,775.3699340820312,786.5562271612208,714.9639221933869,741.0120339102347,256270
2018-12-20,796.7835693359375,817.717924517864,763.064881068054,779.8443182433724,258225
2018-12-21,848.2404174804688,856.7100180108716,780.4834669321747,791.1903646004412,307095
2018-12-24,889.4697875976562,890.428670941755,839.4511122200419,861.1845333757833,137580
2018-12-26,779.9354248046875,883.4667261702925,779.9354248046875,871.9097295664067,318640
2018-12-27,773.3544921875,835.3127995263375,773.3544921875,800.9628505166896,216070
2018-12-28,774.7990112304688,787.6400966522467,748.9563170221699,764.6866270699065,223805
2018-12-31,763.0814208984375,778.0092107131317,755.0557432512414,760.1921965393865,140540
2019-01-02,756.6610107421875,796.1473614497727,747.6722404127186,794.8632723962161,214460
2019-01-03,807.8648681640625,809.3095296427949,772.7124022171433,778.8119479471818,236195
2019-01-04,735.7940673828125,785.7137887860016,728.8920046646368,781.2194291999587,266910
2019-01-07,719.9033813476562,737.7203979070777,712.5197471266066,733.5470351747579,161445
2019-01-08,705.938720703125,727.6080544775916,701.2838365781741,706.2597674640974,161310
2019-01-09,695.826416015625,707.0623673699719,689.2453489968211,701.7654384682953,200800
2019-01-10,691.9740600585938,713.8039169526612,690.8504453934767,706.4202824022602,218345
2019-01-11,696.1473999023438,704.3335531045278,695.3448320209645,699.678669189499,126735
2019-01-14,708.8280029296875,715.0880229633715,703.2100274406374,708.8280029296875,100015
2019-01-15,681.05908203125,703.8520293722528,679.7749930197241,703.8520293722528,178375
2019-01-16,681.8616333007812,682.3432034070152,669.8231154177529,679.4539297241755,138130
2019-01-17,671.2677612304688,688.7637303522885,665.6497863482883,686.8375479415995,151540
2019-01-18,659.229248046875,669.9836277882604,652.166611816886,662.278996063541,176735
2019-01-22,684.1089477539062,694.381807830758,667.5760184098044,668.3785863686969,192250
2019-01-23,683.466796875,698.7155868150069,671.7493252518847,677.6883472435143,179445
2019-01-24,675.1201171875,684.2693617198529,672.7124135234824,679.6144777663902,121000
2019-01-25,657.945068359375,668.6994964032971,654.8953205362011,664.3656107175731,149055
2019-01-28,675.1201171875,685.7140231061486,675.1201171875,675.7621617009333,130005
2019-01-29,688.1216430664062,692.7765264536446,674.4779906299333,674.7989883551753,101755
2019-01-30,652.006103515625,676.4041353645213,647.9932644959199,672.3912963448162,151635
2019-01-31,633.386474609375,646.8696029381638,627.4474536981377,645.5855141391735,171300
2019-02-01,639.486083984375,642.5358321647745,630.6578372077751,640.1281284984291,125975
2019-02-04,624.0768432617188,640.1282029030681,623.755845459809,638.844113725705,89575
2019-02-05,612.5198364257812,622.150651309882,611.2356983836532,621.8296045531357,107315
2019-02-06,616.693115234375,621.6689963913286,610.1120494974626,612.3592295336434,84825
2019-02-07,633.0655517578125,642.2148454411629,624.3978282069244,627.6080998172428,194560
2019-02-08,630.97900390625,645.7462264761683,630.8184805010069,644.7831840144411,151405
2019-02-11,632.1024780273438,634.991751947762,623.1137564567766,626.6450259352541,84410
2019-02-12,613.322509765625,625.0399836282899,611.7173736756782,623.1138497112734,125450
2019-02-13,613.0012817382812,613.9643729045135,604.6546059289217,608.1858748919714,129430
2019-02-14,611.8778076171875,621.5086227487182,607.2228744490607,617.9773042732133,122830
2019-02-15,606.42041015625,612.1989100196625,602.2470954072711,602.568093242264,125650
2019-02-19,604.3335571289062,610.7540995685227,600.6417648200672,610.7540995685227,84215
2019-02-20,604.3335571289062,611.0751462844441,598.7155824942417,603.3704659659935,112410
2019-02-21,609.6305541992188,615.5695762234793,604.8151468232854,608.1859417834102,128210
2019-02-22,599.8392944335938,606.9018824672198,599.5182476655319,606.9018824672198,103830
2019-02-25,595.9869384765625,596.7895064244085,588.1217823846428,591.4925775625684,83605
2019-02-26,595.0239868164062,600.962961144728,591.1716208917064,599.8393952374134,92440
2019-02-27,595.8263549804688,608.1858697233843,594.5422171081216,600.1601917144062,127395
2019-02-28,598.8761596679688,602.086431176256,594.5422735378386,599.6787275450406,69145
2019-03-01,590.2084350585938,598.8761583144078,588.9242970672677,590.5294328177835,114075
2019-03-04,590.5293579101562,603.5309656370737,581.3801146836953,584.1088157225278,161780
2019-03-05,589.7268676757812,595.8264129469247,586.0350750264266,590.2084377940814,75300
2019-03-06,596.7894897460938,598.2341511997312,588.603336094728,589.0848572560346,88325
2019-03-07,611.396240234375,615.7301266571047,599.5182446487478,599.8392914151941,187350
2019-03-08,613.161865234375,626.6449959294686,612.8408184858595,625.3609069051192,228390
2019-03-11,587.8007202148438,608.9884823263774,587.3191501079662,608.9884823263774,135540
2019-03-12,581.3802490234375,587.4797459171576,578.6514983692223,584.9115186516952,139475
2019-03-13,572.8727416992188,577.3671496392656,566.9337708644681,575.9224887748841,121655
2019-03-14,575.1201782226562,575.6017483876306,571.1073384388396,572.3914765605773,75755
2019-03-15,565.489501953125,571.589049317023,561.1556633106194,570.9470045905266,138705
2019-03-18,562.1185302734375,567.4154583815018,558.7477355751906,565.1682782442882,89365
2019-03-19,558.4268188476562,563.0817035694226,552.3273214860126,557.6242508271839,122510
2019-03-20,553.73974609375,563.4036163512534,547.2971659220811,558.5716812225018,163470
2019-03-21,537.3112182617188,557.9274559983603,535.5394988109945,557.9274559983603,186575
2019-03-22,560.9876098632812,561.9540066525763,538.9218037981219,541.9820193367373,293040
2019-03-25,562.7594604492188,570.9737613457222,559.0549959042241,565.0143540484761,212340
2019-03-26,557.9275512695312,563.403735745342,547.6194306410057,554.3841609160048,141905
2019-03-27,564.5310668945312,573.0674656485759,553.9008001694867,556.4778419744952,181420
2019-03-28,562.4373168945312,569.5241458606878,558.5717291375457,562.7594164389533,101565
2019-03-29,554.0620727539062,560.9878290021294,553.4178243603741,554.8673955340718,129170
2019-04-01,539.4048461914062,547.4580688850759,538.4384496375717,543.7536061071761,132760
2019-04-02,536.0225830078125,541.3377404707774,534.8951611117749,538.9217732111514,99790
2019-04-03,529.9022216796875,533.1235117810837,523.1374928055608,529.7411473440204,152885
2019-04-04,530.2242431640625,536.505747524419,525.7144086121076,530.063168867033,110660
2019-04-05,525.0703735351562,528.6138128950574,524.4261252387181,526.8420932151068,84165
2019-04-08,522.332275390625,530.868725368931,521.6880270712991,527.0031862999792,86345
2019-04-09,526.19775390625,528.2915727957705,522.6543151592304,526.3587790877625,87290
2019-04-10,520.8826293945312,526.0367135131183,520.2383811679551,524.5871427150748,72510
2019-04-11,523.2986450195312,525.0703646695672,519.1109574338992,519.2720317935376,59605
2019-04-12,518.9498291015625,523.1374667020339,518.3055317910434,518.9498291015625,88700
2019-04-15,518.6278686523438,525.7146992629556,517.6614714888509,518.9500174245086,94020
2019-04-16,515.4063720703125,518.4665875738837,512.9904047012329,515.4063720703125,110875
2019-04-17,512.18505859375,514.9231744801285,507.6752727075755,508.4805951267481,111805
2019-04-18,511.2186584472656,516.8559153438393,510.25226172011423,510.25226172011423,125310
2019-04-22,507.83636474609375,516.0506643339925,507.67533956343755,515.4064161444093,53530
2019-04-23,495.1122131347656,506.8699499383528,493.98479124049044,505.58140457677877,109550
2019-04-24,498.33349609375,498.6556447180472,493.179462175848,494.7901069913759,72595
2019-04-25,494.95123291015625,499.7831683404005,490.7635948596691,491.24676874149793,128855
2019-04-26,493.82379150390625,504.4540588656317,493.50164282661666,496.2397591246172,99770
2019-04-29,492.21319580078125,495.4344862848793,490.4414762039289,493.662766688027,75150
2019-04-30,499.300048828125,506.5479527627268,498.172577443767,499.7832227625674,105070
2019-05-01,503.8096008300781,503.8096008300781,490.6023448741999,493.3404111459565,121705
2019-05-02,507.3533020019531,514.1180323565112,498.33367791354124,503.4877628649186,200735
2019-05-03,491.5688171386719,501.07161171540616,490.924519890368,499.1388182764525,141565
2019-05-06,497.68939208984375,513.9569192670683,496.4008955255657,512.3462739852242,173775
2019-05-07,517.3390502929688,526.1975953380335,504.45389386378366,508.80260466685104,225090
2019-05-08,520.8826293945312,523.9428453355097,512.0240811083896,520.5605298577377,200960
2019-05-09,525.3924560546875,540.5325103016461,522.0100914833592,531.3518134870391,276765
2019-05-10,524.2650756835938,546.9751855668464,519.4331395021782,529.5801858219522,278090
2019-05-13,560.8265991210938,563.8868147384401,545.8475713841079,551.1627292854837,314410
2019-05-14,549.06884765625,559.2159402227451,541.9820197838775,555.1893278915127,200185
2019-05-15,534.08984375,556.3167230878663,530.5464054077986,556.1556487717698,216535
2019-05-16,523.1375122070312,534.4120279800534,516.21175789337,533.6067054248375,188030
2019-05-17,533.7677001953125,534.5730226304753,519.4329706800106,533.1234520777783,274465
2019-05-20,551.64599609375,555.3504604939127,544.7202412054487,548.746854315622,203850
2019-05-21,540.854736328125,546.0088215615876,537.4724201187272,542.4653818194571,123530
2019-05-22,545.2034301757812,546.9751498237902,539.2440229469313,546.6530011048818,143945
2019-05-23,561.79296875,569.0408714101214,557.6053309798739,557.6053309798739,234760
2019-05-24,563.7257080078125,564.6921047664221,552.4511938476562,556.3167317291136,137615
2019-05-28,567.4302978515625,567.5913722060078,553.9008876790182,560.3434686328957,150300
2019-05-29,576.6110229492188,582.8925298490723,570.6516156206688,574.1950549759679,211175
2019-05-30,572.42333984375,578.865921156911,569.2020491871696,573.7118855981789,142030
2019-05-31,590.7845458984375,591.1066945484854,582.0870730299555,585.9526110656161,171910
2019-06-03,616.0717163085938,622.6753706800149,591.1067186542587,593.8448348323797,299285
2019-06-04,582.409423828125,608.0186775001816,581.9262006853315,603.5088897521088,229585
2019-06-05,573.7117919921875,586.1137295047432,571.1347500567906,571.4568495780986,214455
2019-06-06,565.1753540039062,577.0941178762878,562.2762124941064,572.2621825912962,150755
2019-06-07,543.5927124023438,560.3434113391074,538.7607771809896,559.3770144642393,179405
2019-06-10,531.1907348632812,536.3448188497593,520.3994421740126,536.1837445089967,202595
2019-06-11,529.5800170898438,532.8013068511032,517.6612548037804,519.5940483217285,169095
2019-06-12,535.7005615234375,537.3112065976794,530.3854032866473,532.6403457129754,132975
2019-06-13,529.2579956054688,533.2846084004693,527.0031022708661,531.3518145976738,130795
2019-06-14,534.5731201171875,538.1165591392906,531.35182978909,535.3784426992119,84690
2019-06-17,528.1305541992188,532.9624898262069,524.7481894297288,531.9960928702111,97495
2019-06-18,512.34619140625,518.1445233169236,504.93721447333286,515.7285557835584,188075
2019-06-19,508.4806823730469,517.5002556929952,506.3868142321396,510.73557570303393,116755
2019-06-20,499.4610900878906,507.03109309273987,494.4680800999315,494.7902288035383,138295
2019-06-21,501.0716247558594,503.1654434084019,494.79011964525154,501.23269907212733,165205
2019-06-24,501.23260498046875,501.87685297162164,498.33341529082395,499.4608861400699,87570
2019-06-25,518.3712768554688,519.830554201322,501.6705153934538,502.1569741634882,210930
2019-06-26,513.993408203125,515.4526855855099,505.0755414992853,511.7234156658456,120000
2019-06-27,509.7777404785156,512.6963450745217,507.66990061651023,510.26419931891604,86065
2019-06-28,508.96697998046875,512.371993632044,506.53483444107616,507.8320084180288,88760
2019-07-01,495.1848449707031,500.0491362758812,488.21271389279985,489.6719913879273,134060
2019-07-02,491.4556579589844,498.42779021716495,491.29350499160233,495.83349118546806,117070
2019-07-03,484.48333740234375,489.9962398209201,484.1590810426255,489.02337177751696,89145
2019-07-05,486.1048889160156,494.53634808607546,484.4834582665531,490.8070773851662,108755
2019-07-08,493.2391052246094,497.130527954865,492.2662371715143,492.2662371715143,66725
2019-07-09,488.21270751953125,498.75200520983407,487.0776864369546,498.26554639638863,95805
2019-07-10,478.8083801269531,484.3212831048926,475.8898251827386,482.3755468206635,283395
2019-07-11,479.6191101074219,482.5377146236797,475.07912461386184,477.18696441827245,151370
2019-07-12,474.2684020996094,479.45699928295284,473.94409621985164,478.80838752343743,106620
2019-07-15,471.349853515625,474.5927144287504,471.0255476314602,471.99841580182397,56265
2019-07-16,476.3761901855469,478.97048849574117,471.67405233201487,472.8090733058888,89570
2019-07-17,481.0783996582031,481.0783996582031,474.4305253955899,476.21410865855347,86390
2019-07-18,479.6191101074219,488.53697763430324,478.15983259035835,485.45626965780673,140885
2019-07-19,487.7261047363281,487.88825762627806,472.97113191106416,472.97113191106416,115955
2019-07-22,479.1326904296875,484.80769691531833,477.5112600052216,484.6455439764458,89445
2019-07-23,473.1334228515625,480.59201340653743,473.1334228515625,474.1062910947565,125675
2019-07-24,466.6476745605469,476.86271632219007,466.48557109748447,476.70056337699606,124315
2019-07-25,475.8897705078125,477.34904781226356,469.89045888914063,469.89045888914063,110555
2019-07-26,465.9991149902344,470.21484417930276,464.53983743920776,469.72843482300453,125070
2019-07-29,469.0796813964844,474.91683932015144,466.48543297006967,466.64753638513287,81400
2019-07-30,473.45770263671875,476.86271655895706,469.728432306063,476.21415425999066,81585
2019-07-31,486.1048889160156,495.02275748805965,470.21488834413736,470.8634507074951,257220
2019-08-01,492.26617431640625,496.15759654978484,466.97185557626807,484.80758617119494,350335
2019-08-02,505.88629150390625,511.88560385625954,497.77913939647186,498.58985460721533,302725
2019-08-05,542.6926879882812,550.313379961747,526.9647958276537,527.1269487381786,324340
2019-08-06,526.9647827148438,539.9362235201322,523.7219225135216,531.8290730168269,238680
2019-08-07,522.7490234375,546.0976056006564,519.6683163260622,538.3147613736431,294355
2019-08-08,498.751953125,519.1819841029594,498.58980020411855,516.2633799734657,165900
2019-08-09,508.6426696777344,515.9391055224331,500.2112129087891,503.94048254767506,199150
2019-08-12,519.9926147460938,524.6947517949915,511.72331194583035,514.6418661190452,167520
2019-08-13,496.9684143066406,521.9384324047411,490.1583868789184,520.8034608215397,227810
2019-08-14,527.1270141601562,528.748444502401,510.2641484972375,513.6691126302495,261935
2019-08-15,528.0999145507812,536.3691702161224,522.2627550653821,524.8570536680184,202250
2019-08-16,511.5612487792969,519.50624718404,508.96695045800067,519.3440942610606,108600
2019-08-19,496.31988525390625,500.5356144444504,493.2391772046312,497.6170098592436,115375
2019-08-20,502.9676513671875,503.29190770729866,494.5361948103591,497.6169021930814,109405
2019-08-21,494.3741455078125,497.6170064812742,490.9691315892514,494.2119925627131,103420
2019-08-22,497.45477294921875,505.2376677139881,490.15833694094204,492.59048227703425,135955
2019-08-23,528.424072265625,531.8290854530596,495.50906024537244,504.102620186979,322040
2019-08-26,513.1826782226562,523.397669086371,513.1826782226562,517.0741009573036,194195
2019-08-27,514.9662475585938,519.5062323798945,504.4269511328882,506.53479062517994,237120
2019-08-28,511.7234802246094,523.8842090822183,510.1020497102615,519.0199175391747,128165
2019-08-29,496.64404296875,503.1297636708277,493.4011826177112,499.40049405998184,222655
2019-08-30,498.4276123046875,504.42692358141386,490.96902380668524,491.13117671618716,157425
2019-09-03,508.1561279296875,511.72329355283773,500.5354369814873,505.39972675008437,147965
2019-09-04,494.04974365234375,501.6704350071813,493.4011320628963,498.9140336804976,100785
2019-09-05,476.0519714355469,483.6726645638238,473.2955199852823,483.1862552406611,163130
2019-09-06,476.86273193359375,479.13272479422943,474.4305861224555,474.9169954918299,82320
2019-09-09,479.1326904296875,484.1591346419579,473.78198982180174,474.26839915628966,79340
2019-09-10,481.7270812988281,490.80710331189493,481.56492832888887,484.4834838592386,120290
2019-09-11,472.8090515136719,482.37547970209573,472.48474568404845,480.1054873410985,91800
2019-09-12,469.2419738769531,470.3769950127269,461.9455366724604,467.2962869783674,175520
2019-09-13,472.48486328125,473.78203744047636,468.43128681267007,470.7012797386479,88200
2019-09-16,477.02484130859375,479.78124328681065,475.07910504457,478.97052809048887,85565
2019-09-17,472.6470031738281,478.80841944293206,472.32269727245074,477.02488543175633,62725
2019-09-18,472.6470031738281,484.645579292792,472.4848502231394,474.5927396178258,123555
2019-09-19,471.6741638183594,473.13344149959903,465.67490013278825,471.18775441865824,94005
2019-09-20,481.8890380859375,484.4832866202589,469.40400671550987,470.3768746569399,144490
2019-09-23,481.402587890625,485.1319068183954,478.4840334968219,482.21330294247247,79650
2019-09-24,494.6983642578125,498.10337757658687,474.91689601131236,476.8626320455042,228395
2019-09-25,482.8789978027344,503.257077558907,480.59661306910607,495.10584565643796,181420
2019-09-26,486.79168701171875,493.80172810040983,483.69422815278966,484.34631689921963,147140
2019-09-27,498.52947998046875,505.53957147110265,484.8354160294638,485.1614853085395,185900
2019-09-30,489.56304931640625,496.8991592447311,487.9328026656674,495.5949818246118,123745
2019-10-01,497.7143249511719,499.1815868627198,480.596733660827,486.1396125462666,181575
2019-10-02,515.1580200195312,520.2117953560363,504.39838053724037,504.39838053724037,245990
2019-10-03,503.2572326660156,527.3848666331471,502.9311633889517,514.9949803725174,264885
2019-10-04,488.9109191894531,499.34448692009175,487.76977648131276,498.8554328667709,155665
2019-10-07,492.0083923339844,493.8016735017741,484.34626334604917,492.3344615467377,145215
2019-10-08,507.0066833496094,507.49573742021533,494.12774539482257,498.20336182046253,190990
2019-10-09,496.2470703125,501.13781026252695,492.3344883027143,498.2033861929826,106875
2019-10-10,489.4001159667969,497.5513500784944,485.4874837922342,497.0622461810817,176855
2019-10-11,477.0101318359375,478.6403783222181,469.0219340033975,478.47734372335515,230905
2019-10-14,476.52105712890625,478.96642700760646,473.9127023925681,477.9883188570684,80325
2019-10-15,464.62030029296875,474.40178029913653,462.66398439126317,474.0757110651256,127010
2019-10-16,466.9027404785156,470.00019989215525,464.9464738888864,467.88089864892584,95340
2019-10-17,464.9463806152344,468.36985889809375,460.2186253652263,461.6858872020874,88355
2019-10-18,473.749755859375,478.31442724777014,464.4573286922723,465.92454094202884,115675
2019-10-21,465.435546875,471.6304659521935,464.9464926456612,469.0221103941288,74140
2019-10-22,472.7716369628906,473.09770626816896,460.54478428281584,462.338065959465,110415
2019-10-23,471.14129638671875,476.3581057281514,470.97826176645253,475.2169131374689,89325
2019-10-24,462.3379211425781,468.69587259449446,461.52279788589203,464.62025631106405,140345
2019-10-25,455.00189208984375,466.90267383616026,454.3498033197085,466.90267383616026,169195
2019-10-28,446.0355529785156,450.7632589448793,444.7313256335692,450.4371896708462,121410
2019-10-29,452.88250732421875,453.0455419422823,446.19853574423706,447.66574780444813,120670
2019-10-30,448.4809875488281,456.30615373513103,447.17676001698214,451.08939286132687,102680
2019-10-31,448.6439208984375,453.3716264747058,445.70944692782876,446.19855079852124,113330
2019-11-01,440.49267578125,445.8724699607428,440.32964116192403,444.4052578891703,109965
2019-11-04,434.7867736816406,436.4170202275018,433.15652713577947,434.29766986717647,85750
2019-11-05,435.11279296875,437.2321433282406,432.99349236043565,433.645581028288,87550
2019-11-06,436.4170227050781,440.655623947439,435.4388648217731,435.4388648217731,102630
2019-11-07,433.4826354980469,435.9280058183644,427.93980605556453,432.17845789435216,155160
2019-11-08,430.3851318359375,437.55820741630015,430.059062593165,435.27587197043675,110580
2019-11-11,431.5263366699219,435.7649384390571,431.0372327918951,434.29772630734243,65185
2019-11-12,429.2439270019531,432.01536623297625,426.1464682886319,430.8741736669832,104625
2019-11-13,429.7330627441406,432.5044524296582,428.1028159581243,432.17843292316513,96610
2019-11-14,429.7330627441406,434.62380310218964,429.08097397997085,432.01539829432676,73840
2019-11-15,424.0272521972656,427.12471152910894,423.8642175479707,424.5163063939604,99605
2019-11-18,422.39691162109375,428.1027748239035,421.41875369323344,424.67924695198184,90300
2019-11-19,421.7448425292969,424.6792666981397,419.29947247153405,419.29947247153405,56045
2019-11-20,426.96160888671875,432.83050706839094,421.2557453283784,423.53808080147815,153355
2019-11-21,428.5919189453125,431.20032405048715,426.961671973477,427.61376081197335,89710
2019-11-22,427.93975830078125,432.6674637755823,426.1464769824275,426.7985657115068,79445
2019-11-25,417.832275390625,424.67933251397466,417.832275390625,424.67933251397466,96925
2019-11-26,416.364990234375,418.64732562579303,415.386857156163,417.5061828056741,68030
2019-11-27,410.8221740722656,415.38686987040893,410.65913944977837,414.24570213977086,86130
2019-11-29,414.57171630859375,415.0607952648364,411.637267446727,412.77843509423377,39955
2019-12-02,423.701171875,427.77678924538515,414.40876924564077,414.5718038906939,147120
2019-12-03,429.7330627441406,439.02543957372353,429.5700281153023,434.786837731028,138895
2019-12-04,425.33135986328125,426.7985719629957,423.5380785186606,425.33135986328125,67005
2019-12-05,424.190185546875,428.10276743965005,422.55993894562056,422.7229238048036,66395
2019-12-06,415.3868103027344,418.3212589575603,414.40865245926335,417.99518975934507,111245
2019-12-09,418.9734802246094,418.9734802246094,412.45249220554933,416.52810971746186,73630
2019-12-10,419.62548828125,421.41876959144975,415.7129061733837,418.6473303164882,64495
2019-12-11,414.7347717285156,418.97342331540625,414.24571759399055,417.8322306666029,65905
2019-12-12,408.702880859375,417.1801595154466,405.76843155038296,416.2020263295111,172145
2019-12-13,406.25750732421875,410.9852380829133,403.48609267289714,409.3549912438309,166320
2019-12-16,398.4322814941406,401.2037207704536,397.12810404127623,401.2037207704536,101320
2019-12-17,398.1062316894531,399.084389641322,396.475985020065,397.4541429719339,56865
2019-12-18,397.7801818847656,397.9432164997084,395.1717772992198,397.12809317617405,81280
2019-12-19,392.4003601074219,397.12809027473395,392.0743157555082,397.12809027473395,84030
2019-12-20,388.9769287109375,390.77018541440236,387.99877059952456,388.9769287109375,103585
2019-12-23,387.34661865234375,387.8356727527582,386.0424163415284,386.3684607003347,72380
2019-12-24,387.10101318359375,388.5747630350147,386.44602990696916,386.7735215452815,63355
2019-12-26,380.05987548828125,385.791066911067,380.05987548828125,385.791066911067,81165
2019-12-27,380.8785705566406,382.84354523559836,377.43984612895815,377.43984612895815,137665
2019-12-30,385.9547424316406,389.557200074844,381.0422933765429,381.3697849830145,173345
2019-12-31,384.8085021972656,389.720951161486,383.98976070322885,388.5747180670361,117575
2020-01-02,372.03619384765625,379.5686268820537,372.03619384765625,378.25863526920045,179860
2020-01-03,378.7498474121094,381.6973220000887,374.328648023145,381.6973220000887,153155
2020-01-06,374.1649475097656,385.6273310220998,373.83745583518726,384.80858934264734,133910
2020-01-07,374.1649475097656,376.2936808735446,371.87248080170406,373.83745583518726,91115
2020-01-08,368.76116943359375,375.3111014838743,364.9949535074809,374.328626667937,189270
2020-01-09,362.0475158691406,366.46871514992074,361.06501603518564,362.53874080010945,155895
2020-01-10,364.1763000488281,365.48629177280515,359.4276081586771,359.4276081586771,150930
2020-01-13,355.9888000488281,362.37499884525636,355.6613084406542,361.2287657236435,132500
2020-01-14,358.6087951660156,359.5912950101891,355.1700706974174,356.31632884428944,144665
2020-01-15,358.445068359375,360.57380155146035,355.00636857463206,358.1175767112106,116965
2020-01-16,351.73138427734375,356.4800753998505,351.56762596856356,355.00635056486834,112180
2020-01-17,348.29266357421875,352.22263815478306,347.8014136283969,348.62015520942987,135215
2020-01-21,348.4564208984375,350.4213956901522,346.9826710651439,350.4213956901522,107370
2020-01-22,346.8189697265625,347.63771138078664,342.88899479467904,345.18148641811416,93615
2020-01-23,345.01763916015625,350.42133768236585,344.52638929704517,347.47386348970554,105110
2020-01-24,350.5851745605469,353.5326244279686,340.7602750397769,341.4152583467569,208965
2020-01-27,364.9949645996094,367.94243910901037,361.39250685967863,365.97746443141256,315655
2020-01-28,353.6963195800781,361.7199760946678,352.0588366190592,359.7550015386465,262155
2020-01-29,353.0413818359375,355.8250982308069,349.11140723199514,349.9301488178985,131560
2020-01-30,350.257568359375,359.42748222839674,349.93007678962533,357.6262411157658,267995
2020-01-31,361.5563049316406,363.84877147667544,347.31020571946965,347.4739390521085,288320
2020-02-03,350.91265869140625,358.44506650424825,348.7839255103381,358.1175748577788,165320
2020-02-04,334.5378112792969,343.21647693873626,333.22781976704016,340.9239855457846,239895
2020-02-05,332.0815734863281,336.33901450099364,326.35038270865584,326.67787432732104,277290
2020-02-06,326.51409912109375,333.0640310993384,326.51409912109375,330.6078066074967,148410
2020-02-07,329.4616394042969,331.4266143935844,326.02293941954684,329.6253977309094,186675
2020-02-10,321.6016845703125,331.7541002123857,321.6016845703125,331.7541002123857,130675
2020-02-11,321.6016845703125,323.239167740194,316.0342517871197,317.99922659377535,155315
2020-02-12,315.3793029785156,319.3092530212956,315.0517863199398,317.83552800175636,119980
2020-02-13,316.1980285644531,320.455470063173,313.5780453452319,319.80048675137357,164920
2020-02-14,314.560546875,317.3442634431126,313.905538573907,315.5430218476217,115770
2020-02-18,314.39678955078125,318.1630060894774,312.92306459416676,317.8355144308977,133700
2020-02-19,308.0106201171875,311.1218284068511,307.02812013833983,310.7943367425726,120905
2020-02-20,314.0693054199219,321.43798035163326,308.3381138063686,309.81183879830587,233205
2020-02-21,326.1866760253906,328.6429010330909,316.19804265235064,317.180517663823,329710
2020-02-24,351.2401123046875,354.67883668529055,343.2164553979581,350.5851290826718,648405
2020-02-25,370.07122802734375,372.3636946667365,343.21651174011845,345.5089783795112,848155
2020-02-26,366.7962341308594,372.1999336487393,353.5326103129732,365.97749253681724,562805
2020-02-27,403.63958740234375,403.9670790277807,374.0011330591269,385.46351485148557,770470
2020-02-28,400.85589599609375,432.95055201583637,397.74466289624417,428.8568439786745,1253875
2020-03-02,361.5563049316406,402.493385993058,361.5563049316406,391.1947366285,833185
2020-03-03,384.8085021972656,391.3584341495595,351.40385923496984,359.26375758891646,864490
2020-03-04,353.5325927734375,378.4223559862894,352.87760952510325,371.05368200548673,704750
2020-03-05,374.6562194824219,379.5686698471756,359.4276183544823,371.7087442663667,590330
2020-03-06,386.77349853515625,405.60455395692645,383.4985323748484,399.38211325513976,864495
2020-03-09,441.1380310058594,443.7580145177129,413.1370790297453,443.1030311327568,677075
2020-03-10,392.9959716796875,440.97420990010727,392.9959716796875,407.07833732594736,722320
2020-03-11,427.21929931640625,437.371713777144,406.58702876827823,412.3182191959817,458945
2020-03-12,505.6547546386719,507.61975432162717,447.52410535345325,484.6949912232311,919815
2020-03-13,410.0257873535156,501.0698641711802,407.40582919912913,447.03291803507256,678200
2020-03-16,508.4385070800781,512.5322148665522,448.3428567858314,495.50240046922386,629900
2020-03-17,439.8279113769531,512.5321412238957,426.23677349547665,479.78248363770433,697490
2020-03-18,466.355224609375,512.5322737332579,453.25535818807765,490.5900074719898,569070
2020-03-19,458.1678161621094,491.7362244576556,427.21939119135226,469.7939578100939,658110
2020-03-20,495.1749267578125,497.7949099625463,432.45933802436673,437.6992544618112,686100
2020-03-23,492.063720703125,525.795885927095,472.0864048987478,491.4087373921012,700210
2020-03-24,417.8857116699219,450.96286763148106,417.72197833995045,442.12046826067206,576135
2020-03-25,425.0269470214844,434.2202786305634,391.37282334690383,414.19197589272693,582435
2020-03-26,378.4036560058594,417.311098489775,375.77698286398515,416.81859414444716,624445
2020-03-27,405.4911193847656,406.8044559554883,384.14948152240953,397.93945289046883,408655
2020-03-30,374.13531494140625,399.08863440825064,372.6578269689429,396.1336334135126,413310
2020-03-31,381.0303039550781,385.46279267034197,362.1511640143014,376.26946233143104,490855
2020-04-01,412.5503234863281,418.9528054761829,391.7011878490572,403.35699160620493,456660
2020-04-02,396.2978210449219,419.4453017277071,395.80534170896726,416.65447694143853,579485
2020-04-03,406.80450439453125,416.32616435376974,392.02952257668977,398.76033259715103,376290
2020-04-06,349.5103454589844,381.85115461548196,344.7495286546306,376.43365701237553,439245
2020-04-07,349.8387451171875,350.6595774379225,327.8404238916005,328.98958413066663,626825
2020-04-08,334.8995056152344,349.3461559654611,332.27283280617195,342.77949899261336,458440
2020-04-09,333.7503356933594,339.6603117626397,325.5420147222969,329.1536709396029,548185
2020-04-13,325.87042236328125,340.31707582058345,324.5570856762876,336.21291432986203,467355
2020-04-14,297.63372802734375,315.03535372544707,295.9920638077222,312.5728573960148,694145
2020-04-15,304.52874755859375,310.9312287272328,299.43957787596514,307.31957204108227,512390
2020-04-16,293.2012023925781,303.87201846437137,290.246202162736,297.633690212439,687105
2020-04-17,288.27630615234375,296.64878036092585,284.3362961867053,285.81380931749965,490180
2020-04-20,295.00714111328125,295.00714111328125,286.3063132070845,293.52965290554505,374370
2020-04-21,316.512939453125,319.79626864859347,299.1112846972165,300.4246213853666,598135
2020-04-22,297.30548095703125,305.67795572161634,293.6937986528965,303.05130728657224,367025
2020-04-23,298.7829284667969,299.93208856632225,287.78378171451993,295.1712717040836,526610
2020-04-24,288.93292236328125,301.7379091597977,288.2762666505613,297.6337483307738,423345
2020-04-27,285.3212890625,287.6196092938615,281.8737836656459,283.1871202477718,332310
2020-04-28,295.3354187011719,295.99209949808704,279.90378319592503,279.90378319592503,620855
2020-04-29,275.1429443359375,285.157081450012,271.85961576414735,282.2020807254391,413935
2020-04-30,274.157958984375,278.5904479220643,271.8596388092209,272.02379022183976,394975
2020-05-01,290.24627685546875,292.7087735057417,280.3962902543769,285.81378789493965,402725
2020-05-04,283.1871337890625,294.5146091206998,282.6946294159885,293.03712105129074,345285
2020-05-05,276.78460693359375,279.0829268999047,270.3821012277694,277.4412626240229,366960
2020-05-06,273.33709716796875,275.63541709420247,268.41210442620354,272.6804414889901,370975
2020-05-07,266.11383056640625,269.72548752561244,264.1438130888276,266.77048635905726,463540
2020-05-08,259.21881103515625,264.6363088220773,258.8904831495454,262.50213999088874,365540
2020-05-11,254.7863311767578,262.66632596569116,251.99550647333493,262.3379980681966,357575
2020-05-12,264.8005676269531,265.12889561465437,251.66724772034485,253.30891270867087,392350
2020-05-13,271.3670959472656,277.9337527152585,259.21876589659433,263.8154306441508,664930
2020-05-14,265.45721435546875,279.90387075946967,265.45721435546875,274.97887596604795,509770
2020-05-15,262.173828125,273.82965664998636,262.00967669707035,272.8446478831544,461135
2020-05-18,252.15969848632812,256.9205159179165,249.86135296260508,254.7863468779645,434340
2020-05-19,253.63714599609375,253.9654738612075,246.90631203711465,251.8313051632524,347995
2020-05-20,243.29464721679688,247.72713587088523,242.63799150871327,247.72713587088523,321155
2020-05-21,248.7122039794922,249.69721282705999,241.81721719596445,243.29470541750055,443545
2020-05-22,247.0705108642578,251.66717654146237,246.41385507457687,249.6971841226069,276470
2020-05-26,248.05555725097656,248.8763896375783,238.53389655643292,238.86222450111035,308930
2020-05-27,245.42884826660156,259.2188203566393,245.26467179298638,249.20468171143492,486375
2020-05-28,246.4138946533203,248.21971088989753,238.69805011128875,248.21971088989753,422560
2020-05-29,239.6830291748047,248.7121843834446,238.36969249813072,244.936350831687,570480
2020-06-01,237.05636596679688,241.65303200697326,236.7280380460303,240.99637616544007,229670
2020-06-02,234.26551818847656,241.48885698902353,234.1013667690307,236.72801492847415,231515
2020-06-03,231.9672088623047,234.75803362268158,230.6538721957116,233.1163690518936,252295
2020-06-04,235.578857421875,238.04135418935107,229.99720810218764,232.78803276203132,382525
2020-06-05,226.05714416503906,234.10131337762087,224.74380785994342,233.2804813181619,561820
2020-06-08,222.2813262939453,229.17633608651153,222.2813262939453,226.38548686104036,313290
2020-06-09,219.3263702392578,224.41551476535912,217.52052940914453,224.08718690074133,329885
2020-06-10,213.90890502929688,217.02805778785728,210.95390370287356,216.20722547772937,595380
2020-06-11,235.0863800048828,235.2505564947914,218.50558156654617,220.96807861628267,725955
2020-06-12,231.8030242919922,239.68301896661038,222.28136510390408,224.74386187410897,1195060
2020-06-15,225.89303588867188,240.0113349755818,224.415522869818,238.36967054339615,663335
2020-06-16,217.68470764160156,224.90802092134084,215.05803460361787,216.20719466405677,693520
2020-06-17,216.53553771972656,218.01305080090802,213.08805729659449,215.22222615842617,318650
2020-06-18,215.55055236816406,218.50555345767532,214.89387154282147,217.35636827577883,307720
2020-06-19,215.55055236816406,218.50555345767532,210.46138243346064,210.95388679001454,493440
2020-06-22,210.133056640625,216.2072102991806,209.96889269510575,215.5505545171036,360820
2020-06-23,206.68556213378906,208.4913905707593,202.7455648463683,207.34223043584353,541080
2020-06-24,215.0580596923828,217.84888446468767,206.02890451445833,208.16307347556682,694070
2020-06-25,211.11810302734375,219.65475496635835,210.62559857801628,215.05808852232994,576080
2020-06-26,221.29637145996094,221.95302721585242,211.2822083588421,211.61053623678782,781265
2020-06-29,216.3713836669922,226.3855219740388,216.3713836669922,221.62470499771638,607730
2020-06-30,208.1630401611328,216.535513138116,206.68553977258676,216.37136173649444,467540
2020-07-01,203.0738983154297,208.65556024891814,201.10390588003682,207.83472798002003,490005
2020-07-02,200.2830352783203,200.93970347273824,196.6713789963778,198.805534972106,454465
2020-07-06,190.2689208984375,195.0297505245665,189.44808863617064,195.0297505245665,492795
2020-07-07,192.73141479492188,193.22390662995247,186.493084685285,190.5972459350708,555335
2020-07-08,187.9705810546875,193.05973838612144,187.6422531719779,190.59724169108188,444200
2020-07-09,184.687255859375,191.25391384548612,183.538095721768,185.1797602182958,767520
2020-07-10,181.8964385986328,188.79142475358367,181.73226212240004,184.85142729722318,481760
2020-07-13,189.44810485839844,190.76142907554006,174.01645450140552,178.2847801257038,1305355
2020-07-14,186.82144165039062,197.9847537238022,186.16477328727058,193.223923747316,1429700
2020-07-15,186.3289031982422,190.92556837520928,183.37390236663407,184.68723885288324,839645
2020-07-16,188.6272430419922,193.5522362675016,187.6422469018714,190.26890745049533,621655
2020-07-17,188.134765625,191.41809491173615,186.8214414252499,187.64227374693394,366725
2020-07-20,177.4639129638672,189.1197272935654,176.47891686310064,187.1497350920323,676640
2020-07-21,181.0756072998047,182.22476749023085,175.1656048207367,175.49394525007753,642450
2020-07-22,179.92642211914062,183.04558709479545,178.6130980674847,180.5830904074215,369745
2020-07-23,189.283935546875,191.25392807936052,179.43394783463324,180.41894410087602,843350
2020-07-24,192.8955535888672,198.96970643659736,190.76138500728388,195.19388609405587,1082320
2020-07-27,186.00057983398438,191.4180647896438,185.34391157499087,190.10474079656208,551255
2020-07-28,190.7613983154297,191.08973871045106,186.32890944433714,186.8214137744165,484870
2020-07-29,186.16473388671875,188.95555818318508,184.85139743843777,188.46306640875818,499635
2020-07-30,184.03062438964844,190.76144766761035,183.53813245706115,189.11978284250216,623000
2020-07-31,177.4639129638672,184.5230746483532,177.4639129638672,177.7922533473927,717225
2020-08-03,173.0314483642578,174.83727688816833,171.88227564910986,174.67311293597768,515570
2020-08-04,171.38978576660156,174.50895099377718,171.38978576660156,173.52394221947455,354975
2020-08-05,170.56893920898438,172.04643972198866,170.07643486301433,171.0614310300486,306690
2020-08-06,166.13645935058594,171.71812172538824,165.6439674652521,170.89728939159107,477340
2020-08-07,169.91226196289062,172.70308637647364,165.8081010459126,166.95726109270439,502950
2020-08-10,171.38978576660156,175.9864391054174,169.41978074290319,169.58395722189152,518385
2020-08-11,178.12060546875,178.61310984867234,171.22561929927718,173.03144781748134,594750
2020-08-12,168.76309204101562,175.00140875484735,167.61391953656192,175.00140875484735,540340
2020-08-13,168.27061462402344,169.419774787103,165.31561345480972,168.10645067571298,529635
2020-08-14,168.5989227294922,170.40476352364593,167.12143484322812,167.44976270130792,322295
2020-08-17,164.65895080566406,166.46477921170256,164.16644645633272,166.46477921170256,333415
2020-08-18,161.37564086914062,165.15146206707627,160.8831364618455,163.50979740930234,421045
2020-08-19,163.67393493652344,164.1664392642784,160.22644221695467,161.53977874103103,361055
2020-08-20,159.07730102539062,164.9872910350994,158.42063268544368,164.6589631275793,391265
2020-08-21,156.943115234375,159.56977578779316,156.45062342586843,158.74894358204338,437210
2020-08-24,154.8089599609375,157.59978446758885,152.18228686655326,153.16729553940013,476290
2020-08-25,152.51065063476562,156.28647186792128,152.34648667243843,155.95814394326686,355915
2020-08-26,145.94395446777344,151.3614389829458,145.7797905475993,151.19727506277164,542825
2020-08-27,146.76480102539062,149.22729764486058,143.97396400838136,144.79479621487135,685255
2020-08-28,145.2873077392578,146.92897223348672,144.7948033810267,145.61563562814115,389785
2020-08-31,142.82479858398438,145.28729511129444,141.01897030227133,144.79479079587043,626265
2020-09-01,138.22813415527344,142.00396719468966,137.89980629310904,140.3623028340574,634150
2020-09-02,135.43731689453125,140.85481458027482,134.94481255040702,135.10898901505226,799715
2020-09-03,149.22732543945312,151.85398648447327,139.2131731600532,139.37733712694674,2562790
2020-09-04,153.16729736328125,165.3156042073927,147.42147181948044,150.86896464077978,2393040
2020-09-08,167.61395263671875,168.1064570251586,158.7489613191499,165.47979617826218,1855640
2020-09-09,158.09230041503906,164.0022902616494,155.30146317851023,161.047289075891,1048635
2020-09-10,164.4947967529297,166.30063792993343,153.00314393516274,154.3164806957277,1331315
2020-09-11,166.30062866210938,170.89728201810314,160.71896652813197,161.86812673590367,1294890
2020-09-14,160.71896362304688,163.3456244254088,158.25646677241255,161.86812381004688,591240
2020-09-15,156.12232971191406,158.25649909497938,154.48066480952818,156.2864936971708,658460
2020-09-16,161.37564086914062,161.53980482993654,154.64480575234163,155.46563808122858,640945
2020-09-17,166.13645935058594,170.4047975062572,163.6739623491944,169.41978868577465,1051110
2020-09-18,170.7331085205078,175.65810203552246,164.00228655496903,164.65895486195222,1031530
2020-09-21,169.0914306640625,178.61308905122422,168.9272667315056,175.4939242330226,1215130
2020-09-22,162.68894958496094,170.2406037864755,162.03228127941486,165.9722785877852,732345
2020-09-23,172.86724853515625,173.85224456878055,163.01726314910528,163.34559098534535,792130
2020-09-24,171.06143188476562,176.47892961788156,166.79310678968642,175.82226132827572,1137255
2020-09-25,163.0172882080078,172.37477075322022,162.03227949806458,170.2406019148846,835110
2020-09-28,156.45062255859375,160.3906071044272,156.2864460984295,157.10727829962906,628630
2020-09-29,157.92816162109375,158.42066611119597,155.62984073370862,156.7790011774012,328970
2020-09-30,155.1373291015625,157.76399036972887,151.8539993851273,157.76399036972887,628480
2020-10-01,150.54063415527344,153.33147140392404,149.883978355503,151.03313853000782,534665
2020-10-02,158.9131622314453,160.06232261461236,153.33149924554374,157.43566136386713,1050645
2020-10-05,152.01817321777344,156.7790041201203,151.85400922629452,156.61484012864136,389570
2020-10-06,157.5998077392578,158.5848040326467,151.197313044869,153.33148211796774,653670
2020-10-07,151.85397338867188,155.30146649575767,151.19730505282058,154.48063420717025,362645
2020-10-08,150.54063415527344,151.6898068546848,149.3914739807686,149.71980188065385,378500
2020-10-09,145.7798309326172,149.22732431094164,145.7798309326172,148.89898385472975,407145
2020-10-12,137.0789794921875,142.00397276735592,133.9598145795997,141.01897661730334,524050
2020-10-13,136.91482543945312,138.22814955937227,134.6164925734615,135.27316089587433,549915
2020-10-14,139.04898071289062,140.85482171622942,135.2731598079695,136.25815602121386,517815
2020-10-15,141.01898193359375,144.46647485119794,140.5264775775477,143.9739704951519,515725
2020-10-16,142.82479858398438,142.82479858398438,137.89980552936422,139.37730595073126,400060
2020-10-19,147.42149353027344,148.40648983500446,139.705662005914,140.52649434734113,713595
2020-10-20,146.60060119628906,148.07808878630772,143.31727317419885,146.10809698301458,556905
2020-10-21,146.60060119628906,147.25725678078518,143.64560096644692,146.2722608791386,420975
2020-10-22,146.60060119628906,150.37642090675135,144.95893718524397,146.10809698301458,491745
2020-10-23,145.94395446777344,149.39144689104754,145.94395446777344,146.27228230812173,399930
2020-10-26,150.54063415527344,154.31646762848627,145.6156405075558,148.570641706149,579500
2020-10-27,148.2423095703125,150.8689702690584,147.25730084898987,149.71979760248405,402405
2020-10-28,159.89816284179688,160.06232682586722,152.51067083444914,153.0031627866602,772600
2020-10-29,154.3164520263672,158.91311730945515,150.54061893490888,158.09228511782553,568775
2020-10-30,161.70394897460938,164.65895000644275,155.62979549517016,156.614791664146,992000
2020-11-02,161.21145629882812,164.8231258797532,156.94313090765004,159.24146381825568,616755
2020-11-03,155.79397583007812,160.22646531935408,153.00313844524277,158.9131411308202,700670
2020-11-04,141.6756134033203,147.58560151498045,139.70560901616506,145.45143322678797,1007955
2020-11-05,134.45233154296875,136.75066445885585,133.3031588225718,135.60149173845892,680650
2020-11-06,134.2881622314453,138.5564874621102,133.46732997459029,134.9448180170043,447145
2020-11-09,139.86981201171875,140.03398848354718,130.01982489751583,131.1689975757833,1208360
2020-11-10,144.46646118164062,147.25728553541492,141.51146037478148,142.98896077821104,874670
2020-11-11,137.89979553222656,142.49646039326242,137.73563161395475,142.16812003181465,410720
2020-11-12,139.3773193359375,140.52647948241398,135.92982637160182,137.57149088080035,444960
2020-11-13,136.7506561279297,140.03398508634427,136.2581517742051,137.89981625341238,382280
2020-11-16,135.10897827148438,137.89980259985282,134.45231003983744,137.07897044152037,384485
2020-11-17,135.60150146484375,136.25816984861376,134.28817722221135,134.6165051516425,340450
2020-11-18,137.89979553222656,137.89979553222656,134.61646706717355,136.25813129970007,312150
2020-11-19,135.76565551757812,138.88482071908098,135.2731636593872,138.39232886089005,419225
2020-11-20,137.57147216796875,137.57147216796875,134.94479929061302,135.43730358634335,257855
2020-11-23,137.40731811523438,139.54148704470424,135.10899776030567,136.58648583850083,377410
2020-11-24,133.4673309326172,138.0639840890563,132.97482656500648,136.2581556159943,363280
2020-11-25,131.82566833496094,133.4673328844628,131.1690000101789,132.64650060971186,316970
2020-11-27,129.52731323242188,130.34814536630932,128.3781407300368,130.1839814445127,159815
2020-11-30,128.87066650390625,133.13899180669765,128.54233860557864,129.19899440223386,429860
2020-12-01,125.42315673828125,127.88565322191934,124.109820270379,127.06482106070663,405170
2020-12-02,125.0948486328125,128.04985018551844,124.93068466319728,126.40818543955027,303615
2020-12-03,125.0948486328125,125.42318909695096,123.45318388684431,124.93068466319728,324265
2020-12-04,123.78150939941406,125.42317394708557,123.6173454496282,124.93066957282151,234400
2020-12-07,122.30401611328125,123.78151679949697,122.13985215368112,123.78151679949697,289410
2020-12-08,121.64732360839844,124.27398401544727,121.31899575435664,122.79649614735435,306550
2020-12-09,126.90069580078125,127.88569218938932,121.48319687607396,121.97570133283232,614670
2020-12-10,125.91567993164062,129.8556777933347,125.09484756565885,129.03484542735293,462845
2020-12-11,126.57231903076172,129.527319874243,126.4081551005472,127.5573151369538,308145
2020-12-14,124.76651000976562,125.75150626801923,123.12484540437397,125.58734231246146,368595
2020-12-15,121.9756851196289,124.76650993720897,121.97568511962892,122.9606813773097,198320
2020-12-16,120.82650756835938,122.63233605632203,120.1698392477621,121.81150378680205,213505
2020-12-17,119.3490219116211,120.49819474768158,119.02069397269412,119.51319840599261,192760
2020-12-18,119.84151458740234,121.81150707750652,118.52817791072837,118.52817791072837,233975
2020-12-21,120.16981506347656,124.43815202589889,119.84148723170743,122.13981962880315,316775
2020-12-22,119.67733001708984,121.97566254287945,118.85649786680102,119.67733001708984,202345
2020-12-23,120.99066925048828,120.9906692504883,119.34900474220538,119.51318121295864,248285
2020-12-24,119.84151458740234,120.82651083245443,119.3490102024229,120.82651083245443,96600
2020-12-28,117.5431900024414,119.18485470226574,117.0506981074387,117.87153045735089,266530
2020-12-29,117.2148666381836,117.87153504867337,115.90152981720406,116.39403425629843,352275
2020-12-30,117.2148666381836,117.7073585523698,116.06569378859946,116.39403425629843,196580
2020-12-31,116.55817413330078,118.03567462025332,116.22984625838048,117.21484240804696,229025
2021-01-04,119.84151458740234,122.96067980082294,115.40902522221457,115.57318917557213,548075
2021-01-05,118.03567504882812,120.66233563244442,117.70733464781007,120.66233563244442,308250
2021-01-06,120.99066925048828,122.13984192123006,117.87151670467573,121.31900966708861,696670
2021-01-07,115.08069610595703,119.02069399847434,114.58820419745989,118.8565300289753,507715
2021-01-08,112.12568664550781,115.24483907225286,111.96151018102165,113.43901068705684,503530
2021-01-11,115.73733520507812,116.06566306094619,113.60316656722112,114.25983480386212,406435
2021-01-12,115.73733520507812,117.87150384293513,114.75233911256908,115.24483089637117,244880
2021-01-13,114.25984954833984,116.06567803845414,113.60318122696015,115.73735014021753,197830
2021-01-14,115.40902709960938,115.90151896769353,113.11069414049561,113.93152644554287,236415
2021-01-15,117.37903594970703,118.36403234779975,114.91653869202088,115.73737111124959,433010
2021-01-19,113.7673568725586,116.39401761404419,113.43901645180641,115.57318534952329,265560
2021-01-20,108.67817687988281,111.46901383912711,107.85734469038248,111.30484990620809,397345
2021-01-21,106.7492446899414,108.63716151268835,106.37987265449043,107.69319683886133,696380
2021-01-22,107.44695281982422,107.89841313081334,106.79029694010337,107.61112931466248,650420
2021-01-25,105.55905151367188,110.07362970784293,104.2457146654042,105.18966691422204,1649600
2021-01-26,105.39485931396484,106.25673570944556,104.65611527492798,105.23069536361294,623560
2021-01-27,110.97651672363281,112.57713709214123,106.87235550955685,106.91339962667882,1815600
2021-01-28,109.82737731933594,110.8534178164805,106.37988375391187,110.44300161762267,1398080
2021-01-29,114.46504211425781,115.7783785791554,110.36088131758378,111.18171347691857,2373200
2021-02-01,108.76026153564453,113.3569266557922,108.10359330063703,111.92047037135914,1164140
2021-02-02,105.18963623046875,106.83130054947664,104.49193640983326,106.70818073551295,967940
2021-02-03,106.13362121582031,106.13362121582031,103.63008014109364,103.87633234145986,886640
2021-02-04,103.50695037841797,106.0515292215325,103.50695037841797,105.14862121868116,626360
2021-02-05,102.89131927490234,103.99944153826321,102.23465724520288,102.97340124580816,736300
2021-02-08,101.53694915771484,102.80924167948821,101.41382932734271,101.74215722493938,600800
2021-02-09,101.57799530029297,102.11153753819933,100.75716301503807,102.11153753819933,503360
2021-02-10,101.98841094970703,103.99944753387486,100.34674638713629,100.6340364330955,1071180
2021-02-11,100.83924102783203,102.3988235610114,100.63403296458351,101.0034112359027,861580
2021-02-12,99.69007110595703,102.02944795446338,99.64903325222623,101.37277967024178,566140
2021-02-16,100.30570220947266,101.00341465812014,98.74612588590452,99.23862400189726,811020
2021-02-17,101.24966430664062,103.50695316183001,101.04445622889614,102.07049661761859,1310800
2021-02-18,102.11153411865234,104.61506874736851,101.66007387189947,103.54799056974385,1280260
2021-02-19,103.05548858642578,103.67111275656583,101.20861607600563,101.29069804620038,930220
2021-02-22,108.34986877441406,108.43195701829708,105.02549529567213,105.88737175681375,1352220
2021-02-23,108.96548461914062,116.02464720141668,107.81632444291269,112.04360565357963,3818580
2021-02-24,107.20069122314453,112.7002645039852,106.95443905611172,110.85339203859729,2060260
2021-02-25,114.7523422241211,115.69629422901605,107.24172019966345,108.96547280197312,3847900
2021-02-26,113.43898010253906,116.02460842221049,109.99148820121286,112.45398420571763,3956300
2021-03-01,106.7492446899414,110.89445037088628,106.58508073250843,109.90944157647424,1231640
2021-03-02,110.31986236572266,110.44299473264903,106.37987712223142,106.46195284194137,1562080
2021-03-03,116.68130493164062,116.72234905109316,110.4019429275107,111.0175671445786,2146520
2021-03-04,120.53922271728516,123.49421134634107,114.46505646189745,117.00964148474864,5239740
2021-03-05,116.72233581542969,125.58732604094828,116.06566755337177,118.28192450343042,5262240
2021-03-08,123.37107849121094,123.74045046523062,115.73733675354904,117.17379306077395,2994020
2021-03-09,113.64423370361328,117.62527551828325,112.0436131634033,117.21485935284953,2208620
2021-03-10,114.3009033203125,114.79340773416914,110.23778574317159,110.40194970615462,3172320
2021-03-11,108.96548461914062,111.34589320914417,107.6931920865912,110.64819328961525,1560260
2021-03-12,110.77130889892578,113.5211019281775,110.64818907220362,111.87943743904957,1635960
2021-03-15,108.39088439941406,111.71525700414846,108.26775206596214,110.52504040530096,1594720
2021-03-16,107.20069122314453,108.18568736637032,104.69715048730428,106.87235082546562,2090580
2021-03-17,106.29777526855469,110.4429805928888,104.98444493471565,109.25277634775877,1779120
2021-03-18,112.86443328857422,113.15172958327119,108.9654801386053,109.62214843726548,2275460
2021-03-19,111.87943267822266,114.50609324407334,110.85339241617899,112.94651705572917,2422400
2021-03-22,107.81631469726562,110.23776718716498,106.33881422930665,110.19672307210116,1612200
2021-03-23,108.92444610595703,109.33486226500352,106.13362123440378,107.07757339024782,1735740
2021-03-24,112.53608703613281,112.53608703613281,107.73421419354466,107.73421419354466,2139820
2021-03-25,112.78235626220703,115.65526939504979,111.67424014019777,113.80839666679373,2777700
2021-03-26,109.37590789794922,114.0136055493252,109.17069981558909,112.98756513752456,2351520
2021-03-29,109.54005432128906,111.83838698073664,108.7192221232653,109.78630648567726,1869380
2021-03-30,110.48402404785156,112.49506052238618,110.15568363829317,110.85339604931205,1590180
2021-03-31,107.24174499511719,109.4990340308154,106.05154055400338,109.21175021394411,1223360
2021-04-01,103.50695037841797,104.69716095480211,103.42486840201816,104.5329907395491,1016900
2021-04-05,99.32070922851562,101.9884142284551,98.86924895431369,101.90633225017844,856100
2021-04-06,99.56696319580078,99.97737935693358,98.29467059130762,99.52591907470604,608540
2021-04-07,99.07445526123047,100.34674782037611,98.4998751611054,99.77216772025103,725060
2021-04-08,96.94027709960938,97.76110926177788,96.85819513588301,97.30965533005664,894520
2021-04-09,95.75009155273438,98.17154439610886,95.66800957307744,97.80217235642584,769840
2021-04-12,95.996337890625,97.1044665391862,95.7911298094031,96.40675405306881,754040
2021-04-13,93.78010559082031,95.21656235041712,93.49281549139185,95.13448035950249,880520
2021-04-14,95.996337890625,96.44779817429465,93.574885037188,93.61592915841383,1275320
2021-04-15,93.04133605957031,94.39571055039266,92.87717211142046,94.27258445805369,1321740
2021-04-16,92.83612060546875,93.90320497088614,92.75403863792572,92.79508275292359,968040
2021-04-19,94.55987548828125,95.62695994978375,93.08238115210848,93.78008733272785,1743940
2021-04-20,95.91424560546875,97.06341198933413,94.19049916089718,94.97028728077744,1695660
2021-04-21,94.23153686523438,97.30965754337855,94.19049275121144,96.73507125932011,906640
2021-04-22,96.57091522216797,97.22757726304498,93.94424827130074,94.55987245725278,1615760
2021-04-23,94.0673828125,96.20154559638777,93.3696765915593,96.20154559638777,833040
2021-04-26,92.91820526123047,94.39570576956127,92.71299720520967,93.9852896575197,738060
2021-04-27,93.73902893066406,94.23153323013018,92.58986893178263,92.75403285663646,1264760
2021-04-28,94.43675231933594,94.6829982354348,93.28758592351551,93.9032101074422,1344860
2021-04-29,93.6569595336914,95.50383211711744,92.22050307991562,92.42571114474073,1455120
2021-04-30,94.84717559814453,95.38071158784037,93.61592713739383,95.05238367493631,1446340
2021-05-03,95.91424560546875,96.11945366464282,93.69800107137002,94.19049916089718,1209900
2021-05-04,99.36175537109375,101.53695602073593,97.18654845899792,97.39175654009273,2804360
2021-05-05,99.97736358642578,100.42881753498699,97.51486700806507,98.00736507124668,1694960
2021-05-06,98.41779327392578,101.5369522327294,98.37674915425659,100.10049571865508,2439660
2021-05-07,96.85821533203125,97.51488370367058,95.38071462706964,96.73508922954217,1861140
2021-05-10,101.78318786621094,101.86526982974159,97.63798295216252,97.63798295216252,2159980
2021-05-11,101.94735717773438,105.92839837498457,101.49590322324552,105.51798227320229,3043180
2021-05-12,107.28276824951172,107.81631670546827,103.67111150492335,105.18964359132511,4215280
2021-05-13,105.64110565185547,107.28277011427717,103.54798721973955,105.23068953625004,3158580
2021-05-14,101.00341796875,103.75320494708924,100.34674961760025,103.4659148918813,2107640
2021-05-17,102.11153411865234,103.99944455404358,101.61903601648304,102.07049000078277,1573600
2021-05-18,103.54798889160156,103.71215283551311,100.75715800793397,101.49590828044201,1141200
2021-05-19,103.26070404052734,107.32382134954403,103.0965338259241,107.07756915886584,3554380
2021-05-20,99.32070922851562,102.43987450265703,98.74612911812545,102.27570428365019,1243080
2021-05-21,100.46987915039062,100.63404311256257,98.08946412417512,98.33571632988676,1317180
2021-05-24,97.02236938476562,99.15653824340272,96.28362537018687,98.91028606357442,1050600
2021-05-25,96.73507690429688,97.4327830462337,95.66799876440906,96.11945273274328,1163860
2021-05-26,96.07842254638672,96.73508462431086,95.75008837619794,96.36571259688186,786820
2021-05-27,96.73507690429688,96.85820299109817,95.83216270517552,96.24257881954459,887880
2021-05-28,96.28362274169922,96.36570471191683,95.21653834151145,96.07841468492872,664660
2021-06-01,96.81714630126953,97.55589646368472,95.09340009726884,95.33965223889128,1131520
2021-06-02,96.4477767944336,97.43277286097032,95.87319679936256,96.48882090656107,813200
2021-06-03,98.45883178710938,99.40279018370931,97.35070943564573,98.08945975743931,1409600
2021-06-04,94.97029876708984,97.3917579156823,94.7650906830966,97.26863181279562,975440
2021-06-07,94.47779083251953,95.75008332648221,94.47779083251953,95.42174917360929,634000
2021-06-08,94.43675231933594,95.33966653660448,92.95925177293066,93.45174986758141,645880
2021-06-09,94.35466766357422,94.43675590117368,93.16446336782124,93.61592362480522,561000
2021-06-10,92.3436279296875,94.39570855034722,92.3436279296875,94.10841851594547,975240
2021-06-11,91.89216613769531,92.71299837210957,91.89216613769531,92.34362637160434,576840
2021-06-14,90.08634185791016,92.26154863134352,90.08634185791016,91.64592442730313,442580
2021-06-15,91.31759643554688,91.68696847794514,90.12739206563806,90.2915560261587,512400
2021-06-16,91.97425079345703,93.86216110170156,90.45570620889708,91.07133036076105,1167040
2021-06-17,89.59383392333984,92.54882852623236,89.06029175251628,92.5077844121488,1234000
2021-06-18,91.03031158447266,91.44072777172235,89.92218913138929,90.45572516485068,1433260
2021-06-21,89.8811264038086,92.13841496646133,89.7169624678695,90.94821077477097,841060
2021-06-22,88.19842529296875,90.12738614588328,87.95217936836174,89.963215933692,778060
2021-06-23,88.15739440917969,88.52676645653068,87.54177015529218,88.19843226863327,730360
2021-06-24,87.00821685791016,87.41863297516444,86.22842874010819,87.09029882887042,775880
2021-06-25,87.21343231201172,87.54176648614764,86.59780808392694,86.76197203976815,657240
2021-06-28,85.07926940917969,86.59780791635976,85.03822528907206,86.59780791635976,785480
2021-06-29,84.50469207763672,85.57177669002395,84.50469207763672,85.20240461936523,502540
2021-06-30,84.70989990234375,85.03823410990172,84.3815719572399,84.58678005415688,490300
2021-07-01,84.6688461303711,85.57176033464899,84.46363807201462,84.95613615957956,666620
2021-07-02,82.73988342285156,83.84800557551115,82.61675734756665,83.76592361280532,703300
2021-07-06,82.08320617675781,83.72487030029298,81.87799816131593,82.45257809957258,821580
2021-07-07,81.7138442993164,82.57571431265413,80.85196802352628,81.0161319510804,1171900
2021-07-08,82.57572174072266,84.62780233200529,82.24738759362684,84.05322227142734,1848120
2021-07-09,81.63177490234375,83.19135762365221,81.38552895421329,82.90406755293972,939740
2021-07-12,81.0161361694336,81.67280443874631,80.76989026528088,80.9750983166345,724160
2021-07-13,81.0161361694336,81.34447030408995,79.62072392520997,81.18030636798814,1370080
2021-07-14,80.72884368896484,81.05717781361176,79.57967738392693,79.90801150857384,1066140
2021-07-15,81.83696746826172,82.73988789417739,80.64676328857676,80.76988937051551,1621500
2021-07-16,83.15031433105469,83.31447828574966,80.97510748785231,81.42656149449022,1290620
2021-07-19,84.46363067626953,85.73591676920486,84.25842263588133,84.79196479338111,2492820
2021-07-20,82.57572174072266,84.8740545079404,81.79593362101645,84.05322227142734,1681860
2021-07-21,81.34447479248047,82.82197534873262,81.26239281990048,82.6988492586361,1179280
2021-07-22,80.23636627197266,81.22136263682594,80.15428428531057,81.22136263682594,923560
2021-07-23,78.3073959350586,80.11322433470687,78.18426984816145,79.57968213312122,1056280
2021-07-26,78.14323425292969,78.96406657181531,77.979070294134,78.63573865422394,982900
2021-07-27,79.90801239013672,81.67280284993745,78.30739212569688,78.30739212569688,1779200
2021-07-28,79.2513656616211,80.400525938238,78.55365315623449,79.415529626151,1646920
2021-07-29,78.96408081054688,79.53866729484788,78.47158258289939,79.53866729484788,851040
2021-07-30,79.82593536376953,80.76989369254122,79.579683186715,80.76989369254122,1108800
2021-08-02,79.82593536376953,80.03114342383064,78.79989506346402,79.08718509505896,1040980
2021-08-03,78.7999038696289,80.89302882114741,78.7999038696289,79.45657224019064,1473620
2021-08-04,78.55364990234375,79.29240023703501,78.1842778662249,78.79990210139202,1293540
2021-08-05,77.52760314941406,78.51260560233612,77.52760314941406,78.26635342349235,846280
2021-08-06,78.3073959350586,78.7588499037442,77.73280961702292,78.18426984816145,822960
2021-08-09,77.93801879882812,78.55364297974289,77.73281073852321,78.10218900454387,640120
2021-08-10,78.7999038696289,79.29240201632335,77.60969949324621,77.77386345465979,953960
2021-08-11,79.04615020751953,79.6207302922763,78.02010986870154,78.18427381793111,1082240
2021-08-12,78.4715576171875,79.86697612443375,78.30739368101864,79.29238982293727,839800
2021-08-13,77.89698791503906,78.553650009306,77.77386181534727,78.34844193063753,690780
2021-08-16,77.81490325927734,80.07219204698109,77.81490325927734,78.43052747410563,1147920
2021-08-17,79.21031188964844,80.27739631645912,78.5946877039776,79.08718580002366,1402940
2021-08-18,80.7698974609375,80.85197943630095,78.84094285885651,79.45656706776235,1297120
2021-08-19,79.99010467529297,81.75489536275123,79.21031649970728,81.63176926596047,2062400
2021-08-20,78.3073959350586,79.57968213312122,78.10218787771434,79.4976001626741,1254360
2021-08-23,75.96802520751953,77.85593557447608,75.63969106382403,77.85593557447608,1224080
2021-08-24,75.43447875976562,75.88593270228323,75.22927071431602,75.72176877090456,740980
2021-08-25,75.35240936279297,75.68073728031511,75.0651130412807,75.39344722125644,682920
2021-08-26,76.25532531738281,76.41948927971002,75.3524109996757,75.68073892433011,1105980
2021-08-27,74.77782440185547,76.17324312763054,74.57261631828152,76.05011702499543,987660
2021-08-30,73.0951156616211,74.49052800634547,72.88990759548791,74.49052800634547,960600
2021-08-31,73.25929260253906,73.79283492160305,73.0130403745236,73.0130403745236,830400
2021-09-01,72.97197723388672,73.0540591939738,72.15114510811173,72.80780705126044,1124240
2021-09-02,72.97197723388672,73.50551936813089,72.31530902828588,72.43843509964255,848880
2021-09-03,72.5205307006836,73.50553319436167,72.39740460616717,73.38240709984525,763160
2021-09-07,72.31532287597656,72.9719912073231,72.11011480523744,72.56157506584485,765260
2021-09-08,72.80781555175781,73.751773859099,72.43844355701479,72.4794876730764,1309040
2021-09-09,73.34136962890625,73.46449573458348,72.35637330839619,72.80782734594085,1165460
2021-09-10,74.4494857788086,74.61365599335622,72.39740506536346,72.6436572559582,1331660
2021-09-13,74.53157806396484,75.39344825293462,73.34136742807274,73.5055376515339,1731380
2021-09-14,74.98301696777344,75.39343304998616,73.66968675718321,73.91593891149182,1360640
2021-09-15,73.8749008178711,75.76281745486453,73.75177473068406,74.85989699046154,1115100
2021-09-16,73.79281616210938,75.18822839957937,73.54656399669574,74.44947816579119,1010680
2021-09-17,75.5576171875,75.92698922469275,73.9980345347183,73.9980345347183,1860380
2021-09-20,78.59469604492188,80.56469490062737,77.15823945924446,77.93802767220214,2419960
2021-09-21,78.5125961303711,78.96405005384938,77.2813479095993,77.85592790764522,2053160
2021-09-22,76.99407196044922,78.47156633751705,76.33740361789455,78.02011233165747,2375680
2021-09-23,75.5576171875,76.74782154063537,75.10615690875012,76.50156934087116,2024020
2021-09-24,75.35240936279297,76.62469569932526,75.22928326249537,76.50156959902765,1329440
2021-09-27,76.58364868164062,77.65072681087479,76.21427042492458,76.62468653519606,2529480
2021-09-28,80.89302825927734,81.09823634084583,78.26636105772856,78.5126132605922,3374200
2021-09-29,81.09822082519531,81.46759279636915,79.37446825984418,80.23634454251975,2912960
2021-09-30,81.8780288696289,81.91907299309152,79.66178397663559,80.44157222279331,3617520
2021-10-01,80.7698974609375,83.39655824728779,80.23635522739511,81.4676036452068,2810200
2021-10-04,84.05322265625,85.16134492812537,81.3444737583742,81.54968181844198,3146320
2021-10-05,81.8780288696289,83.72490170127467,80.76990642313224,83.64281971680343,2053520
2021-10-06,80.7698974609375,83.80697438655835,80.68781548557405,83.39655824728779,3537380
2021-10-07,79.37448120117188,79.62073339707206,78.10219488889695,79.4155253213064,1760560
2021-10-08,80.11322784423828,80.35948002882016,78.75885335394433,78.88197944623528,1655400
2021-10-11,81.34447479248047,81.385518909997,79.21031219313532,80.76989472196746,1205560
2021-10-12,81.8780288696289,82.20636306996784,80.48261634625592,80.6467803151984,1842560
2021-10-13,80.56468963623047,81.75489393875218,80.27739959035833,80.85197968210261,1514560
2021-10-14,77.65072631835938,79.2513528957376,77.52760023356832,78.96405661040751,1244360
2021-10-15,76.58364868164062,77.52760072530276,76.58364868164062,77.11718461503128,1033520
2021-10-18,75.06510925292969,77.44552410955312,74.98302727769163,77.15823406499327,1172240
2021-10-19,73.95698547363281,74.90094382640137,73.95698547363281,74.61365378750307,823120
2021-10-20,74.16218566894531,74.73677194822096,73.54656153844087,73.75176958194236,743760
2021-10-21,73.21823120117188,74.57260561078299,73.13614923201877,74.44947952582692,681240
2021-10-22,74.53157806396484,75.1061581899447,73.34136742807274,73.75178359304512,959520
2021-10-25,72.97197723388672,74.65467933425417,72.56156117099923,73.83384720847917,1039280
2021-10-26,72.56156921386719,72.930941206427,71.08406871872228,72.06907113630315,1399820
2021-10-27,72.23323059082031,72.39739451900029,70.91990037802316,72.27427470409152,1296020
2021-10-28,70.550537109375,71.69970363772497,70.4274172683531,71.41241357125092,1280660
2021-10-29,69.85282135009766,71.78177583340123,69.7707393797885,71.7407379794731,1184640
2021-11-01,69.31929016113281,70.4274188549237,69.31929016113281,69.64762435697996,1039180
2021-11-02,68.70365905761719,69.56553545316874,68.6215770824345,69.56553545316874,988800
2021-11-03,67.30825805664062,68.9499228872904,67.18513194185103,68.58055080537594,1283900
2021-11-04,65.54345703125,67.0619955135736,65.25616698255959,66.8567874413014,1432220
2021-11-05,65.46137237548828,65.91283262099014,64.68158423775212,65.00991212998643,1373320
2021-11-08,65.70762634277344,65.83074617448062,65.13303999084232,65.50241827332374,1249540
2021-11-09,66.56949615478516,66.97991229169807,65.13303967558993,65.29720988782705,2098580
2021-11-10,68.45741271972656,69.1551188982569,66.48741401494135,67.5134543546781,2033160
2021-11-11,68.04700469970703,68.21116866866322,67.34929843796219,67.4313804224403,1035320
2021-11-12,66.61054229736328,68.25220689489556,66.48741620005767,67.67762052828719,1070080
2021-11-15,66.65157318115234,67.51344950966104,66.11803725274036,66.24115707471063,920840
2021-11-16,65.74867248535156,66.97992105722126,65.54346439003994,66.93888319563139,1013100
2021-11-17,65.62554168701172,65.99491998965459,64.96887958640266,65.62554168701172,1070580
2021-11-18,64.27117156982422,65.74866595177382,64.14804547238172,64.9278336520951,1473880
2021-11-19,63.61450958251953,64.02492577337449,63.16304926759744,63.778673553879884,1157180
2021-11-22,65.09199523925781,65.09199523925781,62.09595649017069,63.080952614207696,1324180
2021-11-23,65.62554168701172,67.14408649378747,64.76367150575228,65.50242184858439,2405620
2021-11-24,65.2151107788086,67.26719112128151,65.13302881760012,66.52844720795304,1694560
2021-11-26,67.71865844726562,68.12907455906723,65.62553377209626,66.1180381162205,2336920
2021-11-29,64.72262573242188,66.282208358043,64.35325370166184,66.03595616256733,2314820
2021-11-30,66.65157318115234,67.2671973408149,64.23012065812738,65.0509528710108,3868840
2021-12-01,68.990966796875,69.03200466004006,64.3943002754945,65.09201283629804,4006840
2021-12-02,67.92387390136719,69.85282858444401,67.2672055459798,69.31928632849845,6730240
2021-12-03,70.18115997314453,71.74074255837174,67.06199480269011,67.34929111078844,8666840
2021-12-06,69.11406707763672,71.65865184657875,68.62156902193755,70.0990694514876,3654660
2021-12-07,64.84574890136719,66.69262149665929,64.72262280919041,66.6515773784493,2499500
2021-12-08,64.35326385498047,65.46138638454775,64.27118186435594,64.88680618772159,2891680
2021-12-09,66.24115753173828,66.32324576355522,64.14803913191588,64.7636632958259,1976700
2021-12-10,64.76365661621094,66.3642767723106,64.72261250453569,65.29719875572822,2751020
2021-12-13,66.7336654663086,66.81574744009265,64.72262266510666,64.76366678322528,2432640
2021-12-14,67.96491241455078,69.56553278787464,67.43137020262515,68.33428441994766,2524920
2021-12-15,64.96886444091797,69.56552312342683,64.80469425719669,68.1701110052829,5615760
2021-12-16,68.252197265625,68.82677728871606,64.47637047649894,64.5994902939809,4655540
2021-12-17,68.990966796875,70.05804517598136,67.43138396015335,69.5655469808204,4839980
2021-12-20,70.26324462890625,71.45345523834129,70.01699869286881,70.71470490532188,4874320
2021-12-21,67.10302734375,70.46843786018157,67.0209453823643,69.031981617349,1993880
2021-12-22,65.54345703125,67.472411658118,65.46137505483179,67.2672035858458,2036780
2021-12-23,64.51741790771484,65.4203321905451,64.02491977730321,65.33825021255207,1427000
2021-12-27,62.42429733276367,64.06596189102225,62.38325321382589,64.06596189102225,1563480
2021-12-28,62.95783996582031,63.2451363038771,62.05492561573116,62.09596973901183,1772840
2021-12-29,62.95783996582031,63.73763447097537,62.506385922002714,62.87575798171292,1732960
2021-12-30,63.36825942993164,63.53242966910088,62.34221891932747,63.039931476501735,2117440
2021-12-31,64.18909454345703,64.27118279772814,63.1220161249327,63.57347021115103,1607680
2022-01-03,62.834693908691406,64.39426974349911,62.79364980253274,63.73760788211991,2426020
2022-01-04,64.47637176513672,65.46136789939418,62.71158128401047,62.71158128401047,2090140
2022-01-05,68.53948974609375,68.53948974609375,64.68158085219294,65.09199695845697,3221560
2022-01-06,68.5805435180664,69.93491184947499,67.39033288484347,69.1551236427577,3867600
2022-01-07,70.05804443359375,70.67366873663492,67.9238814355419,68.53950573858306,3642240
2022-01-10,69.81179809570312,73.91596009398187,69.72970984577418,71.90491695735275,3882580
2022-01-11,67.71865844726562,71.0019873416785,67.71865844726562,70.2221992342366,3464460
2022-01-12,67.18511962890625,68.1290779860225,66.28220539001586,66.89782958868474,3235700
2022-01-13,70.63261413574219,71.00198612505326,66.5694909410565,66.81574310889906,5359820
2022-01-14,69.72968292236328,71.69968117338955,69.64760096658131,71.65864332672447,5223680
2022-01-18,73.0951156616211,73.50553179388746,71.16615483000662,71.94594923878464,4547660
2022-01-19,74.77782440185547,74.94199462618685,71.57657704561115,72.64366158517717,4715180
2022-01-20,76.78885650634766,77.0351024142999,71.78177496609852,73.46448351814328,4033740
2022-01-21,81.18031311035156,81.18031311035156,76.54260951208828,77.77385792247038,10804340
2022-01-24,80.11322784423828,89.10134490713214,79.9490638961525,83.7248910642044,17807020
2022-01-25,84.13530731201172,85.57176377831436,81.30343849771066,83.27343092724885,11579580
2022-01-26,84.05322265625,86.10530325692773,78.22531500281588,80.15426951496234,7875380
2022-01-27,86.02322387695312,86.43364000945299,81.0161420504922,81.91906255195447,6954880
2022-01-28,80.52364349365234,87.54176182513231,80.44156152010206,84.91509483435095,5642620
2022-01-31,75.35240936279297,80.64677531350743,75.10615716219777,79.9490690950925,3347100
2022-02-01,74.28531646728516,76.9940653185872,74.0801084107457,74.81885866677834,4657820
2022-02-02,73.0951156616211,74.85990002040391,72.52052931897627,72.6026112929389,3764220
2022-02-03,79.08717346191406,79.49758952166707,75.72176302442982,77.11717512260921,4353400
2022-02-04,76.99407196044922,79.74385890279666,75.51657132092794,78.79990050879438,3483400
2022-02-07,78.3073959350586,78.84093813664424,75.72177316003038,76.78885756320169,2963160
2022-02-08,76.41948699951172,79.29240009169226,76.00907084348593,78.75885783636802,2732120
2022-02-09,73.25929260253906,75.22929163929989,73.21824847705172,74.57262320622817,2422740
2022-02-10,76.58364868164062,77.32239267016702,73.34135765302416,76.13218845536085,5167120
2022-02-11,81.42655944824219,82.00114580014214,75.84490371698513,76.5426099005856,5164080
2022-02-14,81.09822082519531,82.90404909252679,79.57967630215241,81.71384495212001,5892640
2022-02-15,77.1171875,79.21031224566993,77.07614964490934,78.6767700298665,3010060
2022-02-16,77.19927978515625,79.53865057145875,76.78886363799955,78.18427603335095,2976520
2022-02-17,81.8780288696289,82.04219283857138,78.34844717527984,78.67678137561879,2823960
2022-02-18,83.683837890625,84.83300419023516,81.1803035097287,81.34446744005051,4178880
2022-02-22,85.40760803222656,87.21343668687923,82.45260657922572,85.24343780569662,5021020
2022-02-23,89.6759262084961,89.9221783964298,83.3144760655593,83.76593632261999,4147860
2022-02-24,83.64281463623047,95.70904723174927,83.43760655628999,95.54488327277832,7857820
2022-02-25,81.05718231201172,85.20238755801222,81.01613819573335,83.31447093335889,4821160
2022-02-28,80.40052795410156,83.1503213973259,79.78490367799833,82.65781696648011,4289980
2022-03-01,83.06822967529297,84.21739619509977,80.0311525452249,81.09823708414272,4334260
2022-03-02,80.27740478515625,83.6838539619287,79.66178053454142,82.32948562053905,3634860
2022-03-03,82.61676788330078,83.43760013994073,78.96406058378116,79.00510470159442,3845700
2022-03-04,84.87403869628906,86.10528682168267,83.06820435490737,83.80695448263388,2890000
2022-03-07,91.3586196899414,91.3586196899414,84.38154649971531,85.03820845426524,4866180
2022-03-08,92.17945861816406,93.98528695422486,86.51571518240583,91.68695428791776,8018340
2022-03-09,85.3665542602539,88.77300936062966,84.66884809811745,87.29550880114402,3104600
2022-03-10,87.21343231201172,89.67592922435088,86.7209341820346,87.58280434388121,3042260
2022-03-11,90.90717315673828,91.19446319639084,85.5717634455076,85.69488953748817,2658640
2022-03-14,94.35466766357422,94.84717203935791,89.67592619325525,91.64592490903023,3231180
2022-03-15,88.56779479980469,93.78007796830994,87.99320850773515,92.83611969469419,3961960
2022-03-16,81.91905212402344,88.36258333154782,81.8780080110169,86.31050293026921,5628000
2022-03-17,80.03114318847656,83.51968019925631,79.94906121718411,82.98613799217587,3503660
2022-03-18,76.58364868164062,81.30343394976273,76.50156044962405,80.72884763791093,3100300
2022-03-21,77.07615661621094,79.04615544988302,76.00907208808958,77.07615661621094,2540300
2022-03-22,74.03907012939453,77.03510924347582,73.66969810349485,76.91198314735813,2398660
2022-03-23,76.13218688964844,76.17323100481262,73.75177224653815,75.27031057082226,2440500
2022-03-24,72.80781555175781,76.29635249359706,72.76677769814907,75.31135633264711,1852940
2022-03-25,72.8899154663086,74.69574413829686,72.39741104444464,72.80782722102869,2053860
2022-03-28,70.59156799316406,73.42343652976926,70.59156799316406,72.93093847067956,2042020
2022-03-29,68.252197265625,70.18115164309079,67.96490725407948,69.1140673002616,2387960
2022-03-30,69.77073669433594,70.30427887448904,68.33428035062902,68.90886038313072,2047660
2022-03-31,71.61760711669922,71.78177104636968,69.52448256991211,69.6476086483912,2117200
2022-04-01,71.65866088867188,73.01302914712947,71.04303667575357,71.37136457934733,1992500
2022-04-04,68.8267822265625,71.4944870125723,68.74470025486819,71.412405040878,1371940
2022-04-05,71.82281494140625,72.23323102678572,69.07302842185433,69.31927431561053,1870380
2022-04-06,75.02406311035156,76.00905922932493,73.54656266943891,74.03906072892559,3459680
2022-04-07,74.53157806396484,76.91198681084167,73.62865749106267,75.39344825293462,2572240
2022-04-08,76.70677947998047,76.91198756447743,74.9830328226968,75.27032288850178,2882640
2022-04-11,80.31843566894531,80.44156176086584,78.14322891985984,78.63573328754197,2971400
2022-04-12,80.89302825927734,81.63177234296096,77.11719454845434,77.97907099602342,2981400
2022-04-13,77.73280334472656,81.18030218740151,77.1992674486451,80.8109239565154,2091240
2022-04-14,81.26238250732422,81.34446446948762,77.40447392357358,77.65071981006379,1984440
2022-04-18,81.0161361694336,82.49363664416084,79.99009591266542,81.75488640679723,2168540
2022-04-19,77.52760314941406,81.91906067659211,77.2403131157317,81.46760043619621,1745760
2022-04-20,79.86697387695312,80.31842781993981,76.91197300944637,77.1171810551092,3210200
2022-04-21,83.02718353271484,83.47863751379091,76.66573358044853,77.89698195830653,3924620
2022-04-22,87.3775863647461,87.62383853305194,82.37051112963368,82.98613528794552,4745140
2022-04-25,85.12030029296875,88.97821555622997,84.99718046763996,88.40362923406614,7231820
2022-04-26,91.68695831298828,91.68695831298828,86.14634071655772,86.26946680452455,5395860
2022-04-27,91.85113525390625,92.79509364760898,88.28051601572528,91.52280108273311,8871560
2022-04-28,85.32550811767578,91.35863004035126,84.17634800140708,88.8140451080201,7132760
2022-04-29,93.04133605957031,93.32862610005913,85.73592764274493,87.54176238465915,6430880
2022-05-02,89.92218017578125,95.13446398225524,89.75800995975914,93.2465472039481,9126480
2022-05-03,89.63487243652344,91.27653681274147,88.36258630242602,89.8400804835507,5554480
2022-05-04,83.56072998046875,92.4667591121533,83.23239581058913,89.3886380116319,6429160
2022-05-05,91.85113525390625,93.73904577885828,85.81801912560691,85.85905698297015,7684900
2022-05-06,94.19049072265625,96.65298721213746,90.82508010618909,93.24653248253131,8398840
2022-05-09,101.53694915771484,102.48090751943832,96.20153940987714,97.76112197327419,7057280
2022-05-10,99.07445526123047,101.98841240639453,95.70904411238338,96.5298764053926,5900820
2022-05-11,105.0665283203125,105.60006427447661,96.98133188565407,100.67507702191506,7974280
2022-05-12,105.51797485351562,109.99150754339674,102.19360215785741,108.18567932751591,6574940
2022-05-13,97.7611083984375,103.3838074071465,96.89923839324331,102.27568525049547,3113800
2022-05-16,99.93633270263672,100.75716500409575,97.47383579825964,98.8692482057586,3277780
2022-05-17,94.68299102783203,98.54090604423305,94.55986494792887,95.95528341607704,2723220
2022-05-18,104.0815200805664,104.8613081252448,97.22756655517755,97.63798263394563,2786420
2022-05-19,105.23068237304688,106.62609456613644,101.74214562787044,105.47693453062857,4117920
2022-05-20,105.88735961914062,112.04360145746276,102.111532544127,102.60403063870216,4056860
2022-05-23,102.39884185791016,106.87237593108968,102.02946978304367,104.98446516933821,2570820
2022-05-24,106.66716003417969,110.15569747774595,105.55904389057963,106.13362402336197,3292720
2022-05-25,103.67112731933594,107.98049711565709,102.111544616748,107.85736474938909,3913400
2022-05-26,97.92528533935547,104.4508989159609,96.8171568438408,104.2046467475237,2658300
2022-05-27,91.44071197509766,95.91424513832301,91.44071197509766,95.83216316754375,2224540
2022-05-31,91.97425079345703,94.35465917070218,90.20946030562313,91.60487254486702,3188360
2022-06-01,93.36965942382812,94.72403375807085,89.42966249920428,90.66091075534267,3020360
2022-06-02,88.23946380615234,94.97028551708236,88.19841969009858,94.06737132597509,2841500
2022-06-03,92.87716674804688,93.57487288107309,90.45570794672285,91.27654016497787,2217640
2022-06-06,92.22050476074219,93.20550724732745,89.14238373226313,90.12738621884839,2302320
2022-06-07,90.5788345336914,94.97028567319062,90.20946253841173,94.27257953629965,2079940
2022-06-08,91.93321990966797,92.46676217056302,89.55280492737334,91.11238758904594,1392940
2022-06-09,96.94027709960938,96.98132121269876,91.15341411379289,93.041324329309,2130620
2022-06-10,103.79423522949219,104.04048740881379,99.85424419751781,100.71611430023734,2983420
2022-06-13,113.35694885253906,114.05464881236797,108.43195491296298,110.36090335768591,3279900
2022-06-14,112.86443328857422,115.08067783725957,110.68923285697502,111.46902098198761,1918400
2022-06-15,107.32381439208984,112.41297172826322,104.04048546231272,110.11463897243804,2774520
2022-06-16,115.9015121459961,117.62526489510203,112.49506329050848,112.90547941887597,2269160
2022-06-17,113.15171813964844,116.76337462965476,111.09963774193922,115.40900657712858,2707380
2022-06-21,107.48798370361328,109.54006438724433,105.6000669696914,109.457988674843,1473020
2022-06-22,107.81631469726562,109.90942679155997,104.40985354545667,109.54005480579657,1967420
2022-06-23,104.61507415771484,108.10361143363842,103.99944993255187,105.88736672803306,1908500
2022-06-24,97.30967712402344,102.68612523289214,97.26863300174159,102.56299912850044,2095060
2022-06-27,98.9102783203125,99.69006639130073,96.20152960406979,96.52986373065264,1789040
2022-06-28,104.94338989257812,105.10756008125027,96.7761124453226,98.54090283322095,1788780
2022-06-29,104.65611267089844,106.95444549335824,103.58902823280215,105.14861703460635,1765980
2022-06-30,107.3648681640625,110.73027310479286,104.77924514684622,107.03652772661346,2480880
2022-07-01,106.0104751586914,109.95047228085826,105.72319139946497,108.4729717944325,2020480
2022-07-05,102.27569580078125,110.0325642224057,102.27569580078125,108.84235997997723,2517160
2022-07-06,101.04446411132812,103.30175314260758,99.5259254700491,102.07050458009151,1922100
2022-07-07,96.81714630126953,100.46985300225766,96.28361043184111,100.46985300225766,1144220
2022-07-08,96.48883819580078,99.27966297187623,95.58591766682572,98.70508287384973,1254520
2022-07-11,100.71611022949219,101.24965242148892,98.00736767870175,98.21257573235798,1232740
2022-07-12,102.56298828125,103.7531988145525,98.37674501185364,99.56695554515615,2043520
2022-07-13,103.05548858642578,107.03651737172129,101.33173590007131,106.6261012582946,2676500
2022-07-14,102.35777282714844,107.28276602676974,101.70111082467054,104.98443962441809,1575200
2022-07-15,98.62299346923828,101.33173606478582,98.54091149891009,100.18257595528542,1539700
2022-07-18,100.30570220947266,101.04445251468843,95.75008680847313,96.73508304045862,1641580
2022-07-19,94.14946746826172,98.82821559232063,93.90322152222944,97.72009317904087,1649880
2022-07-20,91.19446563720703,94.3546686828742,90.37363335197122,93.86217056422339,1592680
2022-07-21,88.56779479980469,92.50778556529055,88.52675068520949,90.90716529532014,1682800
2022-07-22,91.68695831298828,92.75404272543018,87.87009342318738,89.10134177794974,2108820
2022-07-25,92.6719741821289,93.98530469834868,91.35864366590914,91.6459337378238,1315600
2022-07-26,96.32464599609375,96.89923222543547,93.65694166240905,93.82111184041467,1120860
2022-07-27,88.280517578125,93.65696545923112,87.09030696936456,93.24654930361446,2870100
2022-07-28,86.55675506591797,90.57883419510276,86.18738307201902,88.3625897068034,2413600
2022-07-29,83.35552215576172,86.43364326546558,82.86301776824637,85.61281096954455,2189360
2022-08-01,83.51969146728516,84.91510395487742,81.63177456058612,84.38156793826815,1321900
2022-08-02,84.01217651367188,85.28446896039753,81.75488790735095,84.75092676459475,1677240
2022-08-03,79.45658111572266,83.15032702221372,79.00512077772532,83.10928289604871,1394560
2022-08-04,78.7999038696289,80.5236505142863,78.59469578663509,79.45657224019064,1118920
2022-08-05,80.07219696044922,81.67281751224027,79.04615653944117,81.26240134383706,1875460
2022-08-08,80.60572814941406,81.30344060394127,77.69177728546954,79.53864993284623,1410880
2022-08-09,82.41156768798828,83.2324000230032,81.46760925023038,81.59073535297337,1462920
2022-08-10,77.85594940185547,79.8259483514515,77.6917854320783,78.55365566708943,1864240
2022-08-11,78.75884246826172,79.08717658150567,75.7217660112729,76.70676208855242,1600520
2022-08-12,75.63970184326172,78.225324982469,75.55761986125354,77.73282056551234,1245420
2022-08-15,74.4494857788086,76.13219446881496,74.20323985066719,76.13219446881496,1051940
2022-08-16,74.77782440185547,76.21428098687309,73.83386596492457,74.94199462618685,1216560
2022-08-17,76.54259490966797,77.4865530967012,75.22926477496837,76.33738688041953,1633200
2022-08-18,76.17323303222656,77.322393137977,75.63969083315506,76.62468699878484,1267120
2022-08-19,79.12823486328125,79.57968887018609,77.36344416822624,77.65073422033905,1566080
2022-08-22,83.35552215576172,83.80697616104624,81.2213531764043,81.34447927328314,1887460
2022-08-23,83.51969146728516,83.93010764157157,82.00115287491619,83.47864734487497,1427760
2022-08-24,83.06822967529297,84.09427009253945,82.0421892580465,83.76594216898354,1122020
2022-08-25,80.19532012939453,82.6988613655414,80.15428226832324,82.1242812109113,1648980
2022-08-26,86.76197052001953,86.76197052001953,79.70281408078829,80.31843829808962,2391040
2022-08-29,88.44468688964844,89.14239314394375,86.88510415140051,88.36260490604674,3636080
2022-08-30,90.41465759277344,91.93319573410533,87.13132917369825,87.41861915787693,1844500
2022-08-31,91.48174285888672,91.56383108586428,88.15737632722707,88.69091849031886,1758900
2022-09-01,91.5228042602539,95.46280192621491,91.27655205771123,93.12342478942038,1982320
2022-09-02,94.0673828125,95.1344673356707,88.85509882229708,89.67593114398112,2382780
2022-09-06,95.50382995605469,96.85820440574425,93.20550343949188,93.82112762003686,2132400
2022-09-07,91.68695831298828,95.3396655229217,90.94821431009326,95.21653943495487,1450260
2022-09-08,90.70195770263672,93.8211225539528,89.92216962103403,93.08237232469871,2049520
2022-09-09,86.76197052001953,89.34759348517579,86.47468047110291,89.30655562816106,1603400
2022-09-12,84.70989990234375,86.14635658076254,84.50469180542677,85.94114848384557,1933840
2022-09-13,93.98529052734375,94.51883273042624,88.93717105002203,89.63487719445932,2952940
2022-09-14,92.50780487060547,94.39572181182352,91.9332247210803,93.28759937347985,1938080
2022-09-15,95.626953125,96.65299339458154,92.26154229326309,93.8211247555176,2248280
2022-09-16,96.85821533203125,99.23863035115666,96.5709252678592,97.92529987033173,2523980
2022-09-19,95.33966064453125,98.70507138952128,95.21653456286461,98.66402727481484,1716680
2022-09-20,96.85821533203125,98.41779801783437,95.33967676787574,97.06342341536183,1491400
2022-09-21,100.4288330078125,100.46987712875647,93.3696763147486,96.28363355306945,3571460
2022-09-22,102.85029602050781,103.75321035354841,100.79821514430019,101.57800337227755,2967820
2022-09-23,106.2156982421875,108.80132759054979,104.57403984850284,104.77924793052013,2433260
2022-09-26,107.28276824951172,107.77527258963998,103.21965128062338,106.74923231846081,3249300
2022-09-27,107.07755279541016,108.96546926889168,102.56297591421314,104.40984827470282,3105880
2022-09-28,102.97340393066406,108.30881359054206,101.82424378311438,107.15965344299238,2697320
2022-09-29,108.71923828125,111.0996595242432,105.64111708118682,105.88736928217332,2834620
2022-09-30,112.57715606689453,112.70028843901426,106.21570511286137,109.49903463752364,2118280
2022-10-03,107.32381439208984,112.37192761165983,105.92840210191575,111.01755943808912,2351060
2022-10-04,100.5929946899414,103.05549143865524,100.05945247522945,103.01444732119545,2856880
2022-10-05,100.67507934570312,105.27173881332654,99.40278681997597,103.38382208401268,2351900
2022-10-06,102.31675720214844,102.60404728204736,99.19759165979258,101.49592482389207,2415000
2022-10-07,110.27881622314453,111.2227682872064,105.76423891259371,105.84631462147833,2526600
2022-10-10,112.61817932128906,114.67025989392518,109.7452665195985,110.03256280972988,2528660
2022-10-11,115.40902709960938,116.96860346923638,111.38694128993353,113.93152644554287,2126420
2022-10-12,115.4910888671875,116.22984536745382,113.23380030092265,114.95755294330527,1353180
2022-10-13,110.36087799072266,123.04273196516624,109.04755409032036,122.22189983057565,4640800
2022-10-14,117.00965118408203,117.37902322771926,107.85736318669656,108.34986759481777,2666680
2022-10-17,109.00653839111328,111.46903543673373,108.34987000729963,111.38694719191665,2152360
2022-10-18,107.40589141845703,109.62213570983025,102.80922638642738,103.30172442201562,2591800
2022-10-19,108.1446533203125,110.11464579018853,105.72320058965875,108.63715770023484,1930080
2022-10-20,109.45799255371094,110.31985645145268,104.8202825294141,109.00653228233239,2049440
2022-10-21,104.2867431640625,111.22277339083433,103.87632702608894,110.36089699610855,2874940
2022-10-24,101.94735717773438,106.8723503991216,101.24965105719507,104.04048180180504,1910280
2022-10-25,97.80216979980469,101.29070707488722,97.51487974728859,101.29070707488722,2082100
2022-10-26,102.15258026123047,102.48091444346394,98.00738078070049,101.82425234145063,2193560
2022-10-27,105.96945190429688,106.33882392373424,101.94736623457186,103.0554948177905,1910060
2022-10-28,99.52592468261719,106.54404393841426,99.11550849835896,106.46195569159943,1752540
2022-10-31,101.82424926757812,103.13757969441154,100.55195669825152,101.12653680297443,1389540
2022-11-01,103.9583969116211,104.16360495674374,98.78715166954949,99.19756775979478,1453620
2022-11-02,111.017578125,111.09966637202419,101.6190499864973,103.91737686673285,2643120
2022-11-03,115.40902709960938,115.77839913189923,112.16672947474704,113.39797793231796,2445120
2022-11-04,111.8384017944336,116.7633956349224,110.07361734488791,111.01756948768545,2634240
2022-11-07,109.37590789794922,112.78235705516443,108.88340349032195,110.81236447447013,1710220
2022-11-08,107.77527618408203,111.05860516135851,105.06652727284771,108.10360407184724,1913680
2022-11-09,112.90550231933594,113.11071042514175,108.67820782479106,109.29383214220847,2101440
2022-11-10,96.32464599609375,103.83526098803489,96.03735601264887,102.02943286713679,2515620
2022-11-11,92.6719741821289,97.26863412012506,92.2205138816531,96.32467565887357,1759880
2022-11-14,94.35466766357422,94.92925401450411,91.8921708344688,94.02633976298945,1953440
2022-11-15,91.72799682617188,93.94424122437351,89.14237418663491,89.75799832640787,3503960
2022-11-16,94.19049072265625,94.76507073188758,92.79507855026453,93.00028659105463,2127200
2022-11-17,94.6419677734375,97.39175475728095,93.73904722318585,97.26862865838721,1667760
2022-11-18,94.72405242919922,96.40675495346228,92.58988961705008,92.71300945697018,1163840
2022-11-21,96.69403839111328,97.26861844233156,94.88820374272908,95.75008008200936,813860
2022-11-22,93.94424438476562,97.72007757902524,93.82112456263121,96.16049511997707,834700
2022-11-23,92.13842010498047,94.14945661342644,91.72800397979125,94.02633678583213,1097740
2022-11-25,93.36965942382812,93.6979935446222,92.75403529575892,93.20549549465733,307740
2022-11-28,96.2425765991211,96.77611878798204,93.41070798029011,94.76507611649889,896940
2022-11-29,97.63800048828125,98.62300301491616,95.79112779610101,96.0784241137363,953520
2022-11-30,88.77300262451172,98.08944673098966,88.7319585100198,97.51486670281848,2818840
2022-12-01,88.64987182617188,90.33258023155697,87.41862360636394,88.60882771386403,1277420
2022-12-02,89.34759521484375,91.89217410979205,88.81405296369648,91.76905427391104,1457320
2022-12-05,92.3846664428711,93.24653649379384,89.92216984745865,90.6198759636683,1219700
2022-12-06,96.1604995727539,97.14549577015693,92.42571032123234,92.548836411521,1324320
2022-12-07,97.1455078125,98.25363023755665,95.62696921057393,97.1455078125,1585060
2022-12-08,94.84717559814453,97.63800043255,94.14946312708965,96.2015438950075,1417820
2022-12-09,96.03736877441406,96.40674076471916,93.65695410785683,95.54487069985635,1479940
2022-12-12,93.69801330566406,96.65300849111833,93.69801330566406,95.95530225131651,1001160
2022-12-13,91.68695831298828,93.49279299077818,86.26946680452455,86.47467486365161,3159220
2022-12-14,93.12342071533203,95.13446358157239,89.96321765404389,92.13842447316155,2883820
2022-12-15,99.40278625488281,100.22361852166541,95.46279513179823,95.87321126518954,2418200
2022-12-16,101.33173370361328,102.52194416422356,98.82819922344855,99.93632145319049,2341040
2022-12-19,104.12255859375,105.18963664786793,101.08548209651505,101.24964602408629,1671820
2022-12-20,104.40985107421875,106.42088741569243,103.05548298350722,105.18963914235282,1459300
2022-12-21,101.41383361816406,104.28674668086045,100.38779323862963,103.63007833297702,1540440
2022-12-22,106.50261688232422,109.70878859993302,103.74858825869208,103.91301134171003,1845820
2022-12-23,105.96823120117188,109.13330766526312,105.55718296137805,107.57132937172526,1757400
2022-12-27,109.17443084716797,109.54437180784818,106.50261690063509,106.54372423942146,1340140
2022-12-28,112.13394927978516,112.29837860296827,107.57132407796523,109.46213585260952,1665200
2022-12-29,106.6670150756836,110.24313967393421,105.84491862037967,109.7498767830733,1306300
2022-12-30,106.74922180175781,110.03760737847185,106.74922180175781,109.05108167010127,1356660
2023-01-03,108.35232543945312,110.20204263667529,103.7074787786755,104.94062357682361,2712660
2023-01-04,107.24249267578125,109.87319913275836,105.88603838296117,106.5848129254875,2576600
2023-01-05,110.77751159667969,111.02414307382358,108.64005552036325,108.80448486792453,1685860
2023-01-06,104.73509216308594,111.84622792582557,103.70747156939808,109.29772383580101,2367600
2023-01-09,103.37865447998047,103.8308101495678,99.63811218677549,103.13202297436925,1978720
2023-01-10,101.57003784179688,104.57068542602185,101.52893050279407,104.11853605748763,1561400
2023-01-11,98.15831756591797,101.44670337199832,98.0761091751856,100.87123209267536,1431240
2023-01-12,97.21292114257812,100.91235577379673,96.47303296191456,97.95280932324168,2524060
2023-01-13,95.93866729736328,99.22705358035225,95.73314315467647,99.02152943766544,1830740
2023-01-17,95.56871795654297,96.84297003813629,94.62330572878972,96.02087353958538,1537500
2023-01-18,98.03500366210938,98.1994204466237,93.43126470262705,94.41777795390958,1728780
2023-01-19,100.09024810791016,100.95345193513398,98.48716245403558,99.35036000916094,1476120
2023-01-20,94.54109954833984,99.6380954499326,94.37668275361699,98.93931466421245,1749160
2023-01-23,90.43061065673828,94.62330135094922,89.60851419622247,94.00672900556238,2430420
2023-01-24,90.80055236816406,91.82817295301018,90.14287895712152,91.45823205130489,1957780
2023-01-25,91.2938232421875,95.40430594067232,90.882774972339,93.80121392500394,2327380
2023-01-26,87.7587890625,90.8005431769045,87.67658067845349,89.15635040758366,2235440
2023-01-27,86.07351684570312,88.70422989200533,84.88147921066442,88.66312255061791,2163580
2023-01-30,89.69074249267578,89.77295090255201,87.22445256379139,88.08765654774078,2026560
2023-01-31,86.93670654296875,89.6496275538583,86.8544981458112,89.6496275538583,1817760
2023-02-01,83.11394500732422,88.25204752103242,81.7574846892857,87.06001024669123,4153300
2023-02-02,77.3592758178711,80.07219665124343,76.24944684861813,79.62004108831529,3766220
2023-02-03,80.07221221923828,80.89430884105367,77.03045095526168,80.7298857534309,3231000
2023-02-06,81.51087188720703,82.16854534539236,80.23661976181866,81.51087188720703,2073360
2023-02-07,78.05807495117188,82.16855822974016,77.52371714263778,81.55198573795491,4210060
2023-02-08,80.93539428710938,81.26423412678427,78.34579544590288,78.8390520693661,1755980
2023-02-09,82.45629119873047,83.23728045714296,78.55133236246944,78.63354076776034,2559940
2023-02-10,83.4839096069336,84.88147127403447,82.53849729231872,83.64832641291049,2281360
2023-02-13,80.89430236816406,83.44280043744962,80.56546249133068,82.82622802042414,1674020
2023-02-14,79.7844467163086,82.78509312941178,79.20897555536651,81.75747277640468,2906120
2023-02-15,78.51021575927734,81.05871365515878,78.42800736368734,80.72987380070022,1979100
2023-02-16,81.55196380615234,81.63417846729347,78.96236505475595,81.01760614132327,2876420
2023-02-17,82.78511047363281,84.38820232344408,82.3329611868385,82.70290208258824,2324140
2023-02-21,86.64896392822266,86.7722796456505,84.10046628047157,84.88145537068469,2010780
2023-02-22,86.64896392822266,87.55326873586363,85.33361091055414,86.32012410578105,2311780
2023-02-23,85.12809753417969,87.67659550311633,84.38820940846293,84.47041780640951,2258320
2023-02-24,88.0876693725586,89.07418297890052,87.42998945359696,88.0876693725586,1888840
2023-02-27,86.81338500976562,87.18333218040036,85.29250781164036,86.1557116043565,1651520
2023-02-28,87.06002044677734,87.3888603006016,85.5802442406174,87.18333617597376,1866120
2023-03-01,88.53977966308594,89.07414357685323,86.85448580840173,87.2655340079,2130760
2023-03-02,87.06002044677734,90.26619804539152,86.56676380209021,90.10177498243011,2055980
2023-03-03,83.4839096069336,86.3612476162229,83.40169493184605,86.07350879761469,2141200
2023-03-06,83.3194808959961,83.48390396295618,81.18203120230453,82.86733157407791,2363900
2023-03-07,85.45691680908203,85.78575661787548,82.82621088292979,83.31946746007112,2705220
2023-03-08,84.59373474121094,86.27902887540473,84.264894872654,85.21030714271816,2124200
2023-03-09,87.6766128540039,88.08766119718058,82.90844956431454,84.34711876543288,2731500
2023-03-10,90.10179901123047,90.75947889427238,86.64899530551095,87.59440778534612,5834040
2023-03-13,88.82752227783203,92.2803247947195,86.4434413627916,91.25270425134846,7198200
2023-03-14,84.79926300048828,87.14223698578047,84.42931577832691,86.60787295739124,3383720
2023-03-15,83.89495849609375,87.14223747818652,83.68943435109803,86.27903356036482,6099920
2023-03-16,79.537841796875,84.96367781231955,79.33231765786499,84.59373687094111,4117660
2023-03-17,80.40103912353516,81.38755240137915,78.3457979012781,79.6200436958184,3568620
2023-03-20,79.8255844116211,81.88082606110721,79.62006024667248,80.72988948297504,3236080
2023-03-21,77.56480407714844,79.62004534189587,77.27707155450351,78.79794883599689,1594360
2023-03-22,79.72408294677734,79.76536558865683,75.09999866932986,77.61847291687508,3625460
2023-03-23,77.8662109375,79.26994706349225,75.55416829489106,77.74235038525141,3072400
2023-03-24,77.3294677734375,79.26992829998599,77.24689619141992,78.15519619322902,3270460
2023-03-27,78.40290832519531,78.81577252132548,76.46244786334508,76.99917257827583,2259600
2023-03-28,79.26994323730469,80.42596450281053,78.73321840334029,78.73321840334029,1699300
2023-03-29,76.3798828125,77.74233603614408,76.0908791104684,77.32947180472516,2676280
2023-03-30,74.97615814208984,75.84316937765892,74.687148097091,75.22387293804852,3074800
2023-03-31,72.54024505615234,75.01743047389101,72.45767346885604,74.89356994304242,2897940
2023-04-03,72.91183471679688,74.15042756272338,72.78797417224243,73.57241378807228,2444700
2023-04-04,73.40726470947266,73.98527213797061,72.25124355266827,72.74667939135344,2046140
2023-04-05,74.97615814208984,75.80188672823705,73.90270846017482,73.98528005882771,2555640
2023-04-06,73.98526763916016,76.46245298176467,73.73755288478456,75.80187400362166,2195420
2023-04-10,74.06783294677734,76.25601440726011,74.06783294677734,75.38900339071171,1820680
2023-04-11,75.0587387084961,75.30645353405086,74.10914946101141,74.15043841517549,1600980
2023-04-12,76.42118072509766,76.627612865036,73.86141715001506,74.10913823786466,2375440
2023-04-13,73.48983764648438,75.71930211134192,73.28340551826392,75.63673052001546,2420820
2023-04-14,73.82014465332031,75.1413092706444,72.99441598001653,74.31558059734061,2788700
2023-04-17,73.69627380371094,74.9348666407481,73.53113061202956,74.02656648688263,2110420
2023-04-18,73.7375717163086,74.27429030443002,72.54026138172223,72.70541089329089,1837960
2023-04-19,73.82014465332031,74.89358814872934,73.32470870930001,74.85230549495004,1999120
2023-04-20,74.97615814208984,75.59545458170025,73.61370471498513,75.22387293804852,3055480
2023-04-21,74.89356994628906,76.0908800114663,74.4807057099814,75.22386259529686,1807900
2023-04-24,75.22386169433594,76.25602227274288,74.35685058835905,75.01742957865456,1716800
2023-04-25,78.07262420654297,78.11390684743384,75.71929318248868,76.00830316776403,2083020
2023-04-26,77.20561218261719,77.41204430075253,75.59544418108486,76.33859476652545,2485360
2023-04-27,73.03567504882812,75.67800973001302,72.7879603067159,75.34771710738893,2382320
2023-04-28,72.04481506347656,73.69627214229551,72.00352611658258,73.15954733171759,2618140
2023-05-01,72.25125122070312,72.74668711196897,71.59066583247589,72.25125122070312,1703720
2023-05-02,73.48983764648438,74.27427721379868,72.12738434026761,72.29253382272914,3299120
2023-05-03,74.43943786621094,74.52200946992762,72.1273951632866,73.36598811846545,3461560
2023-05-04,75.0587387084961,75.59546361357961,74.10914946101141,74.64587436609492,3130100
2023-05-05,71.96224212646484,74.19170662133837,71.50808891834198,73.98527449033864,2504620
2023-05-08,71.63194274902344,72.66410330736672,71.42551063735478,72.20995014177244,1922620
2023-05-09,72.54024505615234,72.66410558700093,72.00352028901398,72.37510188155974,1663120
2023-05-10,70.93008422851562,72.58154134070547,70.55850259838755,71.38423115448248,3061580
2023-05-11,70.59979248046875,71.50809264423228,70.35207139043824,70.8062246222245,2789920
2023-05-12,71.13650512695312,72.04480513517134,70.18691617753083,70.35205934273125,2405440
2023-05-15,70.3520736694336,71.5906665600913,70.26950207001826,70.8887985153471,2197580
2023-05-16,70.26950073242188,70.72365397027514,69.48506110319434,70.72365397027514,1988760
2023-05-17,68.57675170898438,70.31078022984185,68.28774170566793,69.81534440956946,2528240
2023-05-18,66.14085388183594,68.49417892841755,65.97571069603708,68.49417892841755,2959080
2023-05-19,66.3885726928711,66.84271958821111,65.72798737262023,66.0169910878018,3757580
2023-05-22,65.9344253540039,66.55372178431666,65.56285001573987,66.55372178431666,1960440
2023-05-23,67.66844940185547,67.83359888502748,66.2234244980957,66.67757770205793,2085840
2023-05-24,68.37031555175781,69.23732661104489,67.83359081992796,68.49416977465033,2669920
2023-05-25,65.14997863769531,66.38857136350774,64.61325386321492,65.35641075866405,3218360
2023-05-26,61.8057746887207,64.81968486267955,61.516770984326456,64.77839591927683,2699780
2023-05-30,61.31034469604492,61.80578056494007,59.90660868420717,60.27818401092632,2682180
2023-05-31,62.136070251464844,62.50764556028772,61.18648120692925,61.847066533512766,2939940
2023-06-01,60.649757385253906,62.548935504658765,60.154321532307456,62.17736018990109,2247040
2023-06-02,59.741455078125,60.64975515847977,59.328590832526615,60.030458790082186,2684780
2023-06-05,59.700172424316406,60.03045878089784,58.79186604429218,59.82402665813023,2042040
2023-06-06,59.741455078125,60.360751446522585,59.36987977700983,59.865315611766206,1956360
2023-06-07,61.8057746887207,61.97092416252332,58.99829663215891,59.658881927752844,3518860
2023-06-08,60.360755920410156,61.76449823937392,60.11304113457578,61.76449823937392,2396820
2023-06-09,59.906612396240234,60.360759345947706,58.75059109731432,59.82403449646682,2693980
2023-06-12,57.842288970947266,59.658889308871636,57.842288970947266,59.28731397150817,2663100
2023-06-13,57.01655960083008,58.048720301063724,56.72754956491749,56.93398170496422,3702840
2023-06-14,56.1495361328125,57.92485360873808,56.108247189262116,57.01655354890424,4297420
2023-06-15,54.910945892333984,56.85140663007129,54.41551004650021,56.5624029116523,4735060
2023-06-16,55.65410614013672,55.777966683956464,54.167792213917664,54.167792213917664,3242320
2023-06-20,55.819244384765625,56.72754445925957,55.40638014183126,56.10824809485801,2668820
2023-06-21,57.33283615112305,57.6247111354129,56.08193790782581,56.165329851566135,2920400
2023-06-22,56.04022979736328,57.95827600880014,55.99853701335598,57.833184931985315,2327680
2023-06-23,57.166053771972656,57.70810460178552,56.457206325483256,57.3328376638539,2327860
2023-06-26,58.70881652832031,58.75050931262661,56.45719621669532,57.374526544985045,2403600
2023-06-27,56.749080657958984,58.500336755608934,56.49889848869605,58.25015458634601,2353580
2023-06-28,56.54059982299805,57.374531936243464,55.915150738063986,57.33283278562235,2258700
2023-06-29,56.790767669677734,57.332824739695916,56.45719359871298,56.66567659776643,2318820
2023-06-30,55.12290954589844,55.79005775885572,54.74764265260802,55.70666582283528,2143580
2023-07-03,54.872737884521484,55.248004806170485,54.664254847517064,54.95612982684377,977540
2023-07-05,54.9144287109375,55.373093920905916,54.3723715616286,55.3313947700371,1935040
2023-07-06,55.74836349487305,56.6656875962767,55.62327239868222,56.04023847772001,3079400
2023-07-07,56.16532897949219,56.24872092193769,54.87273796559348,55.873453999734245,2519240
2023-07-10,56.16532897949219,57.08265307118746,55.95684594217975,56.33211922678057,2762300
2023-07-11,55.62327194213867,56.70738628369774,55.45648805685146,56.0402380177541,2674080
2023-07-12,54.247283935546875,54.99781771190967,53.83031789872452,54.37236865667614,3382220
2023-07-13,52.4543342590332,53.53844225212762,52.204152065489694,53.32996239283926,2461520
2023-07-14,52.4543342590332,52.74620924323564,51.45361502845539,52.32924316226145,2544100
2023-07-17,51.53700256347656,52.41263062237768,51.286823572533166,52.28754271750521,2003260
2023-07-18,50.70307540893555,52.245851835476756,50.36950444893655,51.745490623680105,2907640
2023-07-19,50.78647232055664,51.07834731846834,50.161023169718256,50.411202193813835,2931400
2023-07-20,53.163177490234375,53.413359693971046,51.203438102289596,51.620404200252224,3855560
2023-07-21,53.49675369262695,53.58014564293792,52.24585535076848,52.496034382900376,3210540
2023-07-24,53.329959869384766,53.872013840283195,52.91299380814048,53.204868778532045,1892740
2023-07-25,52.57942581176758,53.1631790017521,52.12076372720794,53.1631790017521,2318540
2023-07-26,52.954689025878906,53.621837259352745,52.496027001264544,52.954689025878906,2432180
2023-07-27,53.288265228271484,53.66353214778996,51.0366478051673,51.453613876808866,4362840
2023-07-28,51.328521728515625,52.287544946071726,51.078342726909256,52.12075788460128,2698660
2023-07-31,51.2451286315918,51.70379065438291,51.036645604759606,51.32852056984526,2193860
2023-08-01,51.620399475097656,52.16245344411198,51.370217294261806,51.70379141457722,2251760
2023-08-02,53.872013092041016,54.20558720888279,52.57941895637659,52.57941895637659,3712380
2023-08-03,54.12220001220703,54.664257204267805,53.455051720071054,54.58085889595258,3812660
2023-08-04,54.622554779052734,54.74764587163689,52.87129857006637,53.58013961151356,3915820
2023-08-07,53.705223083496094,54.789330886467006,53.6635239377526,54.122189091345604,3169420
2023-08-08,54.622554779052734,55.58157800566823,54.455770897205376,54.455770897205376,2478200
2023-08-09,55.87345886230469,56.08194191776105,54.53916857986357,54.58086137351608,2992500
2023-08-10,55.70667266845703,56.207030708464,53.955409984836116,54.99782521918301,4790300
2023-08-11,56.45719909667969,56.91586428422189,55.91514833627123,56.49889824550964,3351080
2023-08-14,55.206298828125,56.91586206515042,55.16460604331742,56.707379053922764,2689600
2023-08-15,56.373809814453125,56.58229284362078,55.24800272942724,55.53987769778252,2826360
2023-08-16,57.5830192565918,57.624712047923445,56.08193879590592,56.58229682866869,3305980
2023-08-17,58.91729736328125,59.04238843637792,57.08264313678808,57.20773420988475,4026700
2023-08-18,59.084083557128906,60.20989053475505,58.66711753857133,60.08480581910499,3419820
2023-08-21,57.166053771972656,58.79221898620654,56.99926351769377,58.667127886096786,4559240
2023-08-22,57.37452697753906,57.624702772452494,56.37380471069566,56.37380471069566,2576900
2023-08-23,55.58157730102539,57.08265130581338,55.24800317916233,57.040958517078735,3883520
2023-08-24,58.04167938232422,58.08337853694911,54.53916671535549,54.53916671535549,4332180
2023-08-25,57.166053771972656,58.9173100863163,56.58229742559301,57.74980375595466,4718120
2023-08-28,56.29041290283203,57.12434494583695,55.998537960259625,56.24871375572316,3332460
2023-08-29,53.872013092041016,56.457201363369855,53.746922002925714,56.41550857526281,3758180
2023-08-30,53.288265228271484,54.12219737155461,53.12147816337512,53.830322393884984,2647340
2023-08-31,53.03807830810547,53.37165240813567,52.53772033925855,53.32995644093149,3061320
2023-09-01,53.12147521972656,53.58013723687647,52.287543122654554,52.37093505988236,2988220
2023-09-05,53.079776763916016,53.66352665955445,52.70450670157821,53.45504364505548,2355680
2023-09-06,53.99710464477539,54.580854582462756,53.204868496372946,53.32995958656228,2930040
2023-09-07,54.872737884521484,55.66497088017932,54.5808565427974,55.41478869081507,3524380
2023-09-08,54.7059440612793,54.99781902152576,54.03880220391554,54.872734297417956,3205720
2023-09-11,53.41335678100586,54.414072816581736,53.28826568595952,53.830322856228705,2710200
2023-09-12,54.622554779052734,54.74764587163689,53.53844045985309,53.91371373760555,3156340
2023-09-13,54.247283935546875,54.91442577702456,53.788618750083565,54.622550823728275,3535740
2023-09-14,53.41335678100586,54.3723736641005,53.12147861963064,53.746924551266225,3399240
2023-09-15,55.289703369140625,55.539879193440626,53.7052310323181,53.78862297375143,3513500
2023-09-18,55.206298828125,55.62326485058031,54.83103195287385,55.58157206577273,2459980
2023-09-19,55.45648956298828,56.332120890520805,55.2063073658654,55.62327345280516,2785060
2023-09-20,57.0452995300293,57.087557886546925,55.01702092386204,55.10153118917736,4110380
2023-09-21,59.24260711669922,59.24260711669922,58.0171919755443,58.31298117019678,4296260
2023-09-22,59.20035171508789,59.327113899815146,57.890419925995424,58.60876691290528,3247820
2023-09-25,58.65101623535156,59.87643111550615,58.608757881807136,59.58064198385361,2962180
2023-09-26,60.38350296020508,60.76380882313627,59.369366887828356,59.53838741731784,4515480
2023-09-27,60.172237396240234,61.4399109912261,59.49614868088058,60.087727112785444,4380900
2023-09-28,59.24260711669922,60.848328177596635,58.48200172493509,60.55253898294416,5082220
2023-09-29,59.15810012817383,59.58065798623221,57.63688926007515,58.01719520096043,3838420
2023-10-02,58.22846984863281,59.28486441610539,57.721401745790125,59.073585502610875,3336400
2023-10-03,60.29899215698242,60.8060601886426,58.31297193847682,59.03131885397206,3748600
2023-10-04,58.6087646484375,60.17222719429743,58.31297548263485,60.003206656044554,3732040
2023-10-05,59.03132247924805,60.214485590929655,58.566512774897575,58.65102304407764,3251000
2023-10-06,57.12981414794922,60.34125605636394,56.70725634145888,60.12997715311877,4249900
2023-10-09,56.53823471069336,58.31297617427955,56.32695581151119,57.84816001699064,3040400
2023-10-10,55.90439224243164,56.580480781393355,55.059276732939765,56.41146025858284,3607540
2023-10-11,55.10153579711914,56.07342004882027,55.05928388478808,55.52409360675263,3208620
2023-10-12,55.608612060546875,56.28470070840636,54.50995914215927,55.01702723998406,4138040
2023-10-13,57.003047943115234,57.425605767594135,55.228306369848,55.39733336827199,4106500
2023-10-16,55.693119049072266,56.622744914846585,55.35507152123061,56.622744914846585,3307980
2023-10-17,56.073421478271484,57.46786357515391,55.566353383328966,56.8340268445456,4032180
2023-10-18,57.679134368896484,58.01718186719587,56.200182205591446,56.87627720219022,4135060
2023-10-19,58.693267822265625,58.989063400030446,56.83401633536381,57.214315724319356,6173600
2023-10-20,60.51027297973633,60.55253133694535,58.73553158819809,58.94681047880312,5680000
2023-10-23,60.172237396240234,61.73570665489986,58.904563801254376,61.05961149181887,6076920
2023-10-24,58.98906326293945,60.12996787487407,58.73552603907867,59.538383168438735,4545760
2023-10-25,61.94697570800781,62.11599624796177,59.791928361133266,59.791928361133266,5655920
2023-10-26,64.35555267333984,64.82036237346792,62.073736739885035,62.41178426125465,7207160
2023-10-27,63.67945098876953,64.22877734773485,62.411777751643186,63.34140350265861,6873920
2023-10-30,62.36952590942383,63.34140356737134,61.86245145587963,62.87659391524851,4619380
2023-10-31,61.735694885253906,63.29915739812477,61.60892626037895,62.36953156190859,3469840
2023-11-01,59.58064270019531,61.52441092765831,59.411622179424434,61.4821525736058,6055640
2023-11-02,57.55236053466797,58.5665029376468,57.46785027968285,58.101686863649945,4323160
2023-11-03,56.15792465209961,57.214319069541055,55.77762524090862,57.129808805689706,3695940
2023-11-06,55.777626037597656,56.49597296217425,55.60860550748078,55.98890492410371,2640480
2023-11-07,54.80574417114258,55.862138648025514,54.467696648996004,55.481839215435734,3920400
2023-11-08,54.72123336791992,55.39732840560776,54.42544420682654,54.63672310013897,2984520
2023-11-09,55.52408981323242,55.73536870361416,54.17190620433332,54.55221207565247,4493460
2023-11-10,53.15777587890625,55.22830665027801,53.07326237926513,55.059286098716505,2825040
2023-11-13,53.45356750488281,54.002893994081944,53.15777830230514,53.58033614819354,2930300
2023-11-14,51.2140007019043,51.805582227765626,50.91821155090361,51.63655847411096,3479620
2023-11-15,51.08723831176758,51.509796108847766,50.58016702095525,50.70693564962337,4056480
2023-11-16,51.002723693847656,51.7210738673664,51.002723693847656,51.38302634760933,4235140
2023-11-17,51.08723831176758,51.55205124378376,50.79144591949535,51.29851721030767,3271260
2023-11-20,49.8195686340332,51.12949725785069,49.65054485783021,51.08724211976504,3177220
2023-11-21,50.49565887451172,50.918216689361195,50.284379967086984,50.284379967086984,2424360
2023-11-22,50.07310104370117,50.3688902244574,49.31249568767046,49.946332409742624,3902480
2023-11-24,50.242122650146484,50.537911818161405,50.07309888676933,50.28437778502574,1287260
2023-11-27,50.41114807128906,50.62242697649336,49.8618216282138,50.45340320755787,2091500
2023-11-28,50.15760803222656,50.70693444492393,49.988587496498205,50.62242417705975,3051140
2023-11-29,50.28438186645508,50.32663700476405,49.14347701281076,49.52377648145193,3203260
2023-11-30,50.580169677734375,51.34077504197442,50.11535672130338,50.19987021947467,4545700
2023-12-01,50.28438186645508,51.29852130517247,50.15761322766775,50.875963474361924,3890960
2023-12-04,51.29852294921875,52.18589377758782,51.17175430636867,51.25626780955556,3238800
2023-12-05,51.002723693847656,51.805584135375625,50.664679397950664,51.76332900137101,3552940
2023-12-06,51.59430694580078,51.72107557586224,50.199868134425735,50.24212326982616,3407920
2023-12-07,50.15760803222656,51.12949223196496,49.988587496498205,50.87595820451236,3088720
2023-12-08,49.777313232421875,50.74919429868815,49.650544594975656,50.66468402296426,4618220
2023-12-11,48.974449157714844,49.98858851198698,48.88993566427375,49.98858851198698,3290860
2023-12-12,48.17158508300781,49.27023462433952,48.17158508300781,48.97444547916326,3618640
2023-12-13,46.946170806884766,48.17158906830671,46.81940540154742,47.960310168884305,4718200
2023-12-14,47.11519241333008,47.833539348922045,46.439100610915276,46.777144900192674,3917080
2023-12-15,46.73489761352539,47.115200323690516,46.396853267492375,46.946176538743735,4734860
2023-12-18,46.05880355834961,46.69264030456543,45.88977978125331,46.60813002794748,3069380
2023-12-19,45.63623809814453,46.058795858312536,45.63623809814453,46.01654072706771,2916100
2023-12-20,47.04056930541992,47.083649380281294,45.36055155537143,45.834402799911985,4331520
2023-12-21,45.96363067626953,46.782102756097316,45.87747710430791,46.17901789272168,5637160
2023-12-22,45.877471923828125,46.30824630808942,45.53285110179999,45.74823829393064,2954660
2023-12-26,45.36054992675781,45.70516750743775,45.18823949314376,45.70516750743775,1634080
2023-12-27,45.188236236572266,45.48977700875466,45.102079382700204,45.2743898038964,3503300
2023-12-28,45.274391174316406,45.360548030796366,44.88669353652666,44.97285039300662,3198640
2023-12-29,45.70516586303711,46.135940288299565,45.18823786734138,45.27439143777465,5120780
2024-01-02,47.21287536621094,47.77288342198502,46.48056017316603,46.52363695748374,4264360
2024-01-03,48.2898063659668,48.37596321215636,47.64364480900949,47.859031994661926,4650100
2024-01-04,48.806739807128906,48.849816588912475,47.988267807049986,48.76365973879756,4064280
2024-01-05,48.72058868408203,49.02213276510885,48.03135023488215,48.76366547092924,4618740
2024-01-08,46.695945739746094,48.41904334426405,46.609788887591485,48.41904334426405,4039020
2024-01-09,46.52363586425781,47.47133824316983,46.308248661182546,47.47133824316983,3257600
2024-01-10,45.877471923828125,46.69594391123413,45.70516151281406,46.48055671910348,3553180
2024-01-11,45.83440017700195,46.91133625594209,45.36054895957791,45.66208974706191,5485960
2024-01-12,45.791324615478516,46.092865411024825,45.40362695938456,45.57593739393167,4272840
2024-01-16,45.83440017700195,46.39440496612197,45.446702531273885,46.04978739278998,5143120
2024-01-17,46.30824661254883,47.29902901748293,46.22209304974923,46.60978736889516,3545280
2024-01-18,45.01593017578125,45.92055586650166,44.92977660011197,45.619015065110936,4747380
2024-01-19,43.29283142089844,44.71438839411437,43.24975463400818,44.585154746895405,4142900
2024-01-22,43.2066764831543,43.3359068397455,42.56051484055407,42.862055625814946,3890560
2024-01-23,42.862056732177734,43.42206481817218,42.818979945535425,43.034367165295116,3099980
2024-01-24,42.388206481933594,42.51743684483583,41.569734370693205,42.08666239539859,3201700
2024-01-25,42.345123291015625,42.77589767531264,41.785115276810416,41.914348906718615,3406100
2024-01-26,42.862056732177734,42.991290378652806,42.34512871937375,42.73282308570266,3278400
2024-01-29,42.00050735473633,42.905133009682565,41.9574305686052,42.775902651289165,2556720
2024-01-30,42.560516357421875,42.73282350568456,42.08666184005496,42.215895487800154,3540180
2024-01-31,44.240535736083984,44.2836158113311,43.034369219775684,43.465143679860425,6368320
2024-02-01,43.2066764831543,44.111302125485,43.12051962554543,43.89591491128492,5955060
2024-02-02,41.742042541503906,43.07744260494768,41.526655328479166,42.86205539192294,6435260
2024-02-05,41.95742416381836,42.60358571679335,41.69896019993789,41.78511375904884,4376240
2024-02-06,42.129737854003906,42.56051225624711,41.5697298164686,41.69896345176071,4062040
2024-02-07,41.22511291503906,41.82819779305426,41.09588255395964,41.56973378434723,2771740
2024-02-08,41.138954162597656,41.39741813877039,40.96664374963324,41.26818779395791,2433900
2024-02-09,40.363563537597656,41.09588205433731,40.19125639158658,40.92357162177809,2746200
2024-02-12,40.66510772705078,40.794338086911324,39.97586928148345,40.40664372078155,3328260
2024-02-13,41.95742416381836,42.56050893723787,41.44049294950981,42.172811348143355,4603240
2024-02-14,41.00971984863281,41.91434868000154,40.96664306774566,41.483574298034604,3859320
2024-02-15,40.880489349365234,41.48357413911817,40.751255720651145,40.9666429108095,3299220
2024-02-16,41.61281204223633,41.74204569443187,40.79433991361054,40.83741998870793,4033960
2024-02-20,42.30205154418945,43.034370113470565,41.742046706378645,42.04358752008074,4390900
2024-02-21,42.60358810424805,43.422060107858755,42.60358810424805,42.862052082612536,4188840
2024-02-22,40.14817810058594,41.05280709003842,39.93279087196359,40.83741986141607,4566620
2024-02-23,40.406646728515625,40.62203396419738,39.71740494509531,39.88971539095039,3769100
2024-02-26,40.492801666259766,40.53587845753119,40.10510397171991,40.27741442335413,2897900
2024-02-27,40.277408599853516,40.79433659346771,40.23433181481033,40.277408599853516,2698380
2024-02-28,40.751258850097656,40.923569272766265,40.49279485936873,40.708182066067494,2653880
2024-02-29,40.06201934814453,40.83741458563099,39.84663214734805,40.19125298324156,4163460
2024-03-01,38.8989372253418,39.932793357849775,38.726626774407634,39.932793357849775,2980920
2024-03-04,39.200477600097656,39.24355439070016,38.81277991157821,38.89893677933167,3653680
2024-03-05,40.622032165527344,41.05280661781693,39.76048326094817,39.76048326094817,4862920
2024-03-06,40.105106353759766,40.492804071326894,39.50202138049409,39.84664230423125,4637980
2024-03-07,38.8989372253418,39.76048619346411,38.68354998331122,39.458942082692204,5171160
2024-03-08,40.105106353759766,40.191263227968406,38.382008308171386,38.89893969377712,6749320
2024-03-11,40.363563537597656,40.751261189218866,40.14817631853567,40.363563537597656,4799600
2024-03-12,39.200477600097656,40.57895461866852,39.15740080949515,39.93279289998559,5702460
2024-03-13,39.84663391113281,40.06202112146326,39.41585949047192,39.4589362752284,3920460
2024-03-14,40.105106353759766,40.57895765898683,39.545101460872765,39.674331842362676,4608180
2024-03-15,41.095890045166016,41.268200511229885,40.535881852095635,40.66511552328073,3995000
2024-03-18,40.32048797607422,40.363564763885705,39.63124951144568,40.062023962657044,3394700
2024-03-19,40.06201934814453,41.09587856927719,40.01894256529481,40.665104167684234,3783500
2024-03-20,39.176815032958984,40.228542261743875,39.08916914694017,39.92178667570107,3463700
2024-03-21,38.82624435424805,38.87006563255667,38.212736427879726,38.30038232784619,3321840
2024-03-22,38.78242111206055,39.132998007475294,38.56331138826359,38.91388828367834,2287720
2024-03-25,39.08917236328125,39.483570524446094,38.78242009534691,39.308282081334056,2432440
2024-03-26,39.35210418701172,39.39592545915452,38.650950459331874,38.78241761910903,2554020
2024-03-27,39.08917236328125,39.65885896755814,38.826241370287676,38.826241370287676,3054660
2024-03-28,39.264461517333984,39.35210741215145,39.00153051957966,39.13299769013134,2658700
2024-04-01,39.13299560546875,39.48356913601603,38.69477618477301,39.13299560546875,3811060
2024-04-02,39.83414840698242,40.36001040612218,39.74650251155976,40.00943685447869,2819240
2024-04-03,39.70267868041992,40.27236526228282,39.30828053477244,40.228543989066175,3031440
2024-04-04,40.9296875,40.97350876583926,38.826233306232574,38.957700447098645,4800140
2024-04-05,39.96561050415039,40.842049360323415,39.48356980192501,40.66676426376794,6017560
2024-04-08,40.009437561035156,40.22854728843765,39.615039383040845,39.79032783363267,3547020
2024-04-09,39.65885543823242,40.579115503488524,39.483567010719675,39.571212896150385,5080760
2024-04-10,40.39506530761719,40.76316800684603,40.228543135587294,40.640467107103085,8184300
2024-04-11,39.124229431152344,40.50900440841543,38.975236432594315,40.07954790411202,7475000
2024-04-12,40.40383529663086,40.64924048241887,39.71145104927188,39.91303161175354,8553500
2024-04-15,41.7623176574707,41.902547756920804,39.70268410157009,39.73774246226994,7888200
2024-04-16,41.77107620239258,42.02524427583025,41.24521422035163,41.80613455942169,6014100
2024-04-17,42.80527877807617,42.97180097623998,41.38544860438935,41.38544860438935,6995200
2024-04-18,43.33113098144531,43.436306039590846,42.35828676871313,42.717626525672365,5711600
2024-04-19,45.12784194946289,45.46088633544992,43.48889874414334,43.594073822891104,7519500
2024-04-22,44.23387145996094,45.30312462289948,43.74306448226277,44.57568208912525,4898400
2024-04-23,42.92797088623047,43.9271105568413,42.69133201529391,43.84823093319578,4250700
2024-04-24,42.691341400146484,43.120797966257136,42.025249254428196,42.33200155640056,3929900
2024-04-25,43.147090911865234,44.382869749316,42.95427326492914,44.172526264794264,5186300
2024-04-26,41.80613708496094,42.638754726282265,41.50814771890959,42.498524633043345,5456700
2024-04-29,41.49938201904297,42.0252473833171,41.297801466243435,41.438031561380036,3922300
2024-04-30,43.08573532104492,43.08573532104492,41.5519672769875,41.823664534111884,4983800
2024-05-01,43.73429870605469,43.883291701501406,41.96389187830364,43.383721838705426,6047900
2024-05-02,42.64751434326172,43.935880523720776,42.45469672622733,42.98056204268051,3874400
2024-05-03,40.94722366333008,41.47308562984488,40.736876870714845,41.14880419527238,5344700
2024-05-06,40.06201934814453,40.76316976502361,40.05325643064869,40.631705942492545,3699900
2024-05-07,40.07954406738281,40.193482042245876,39.77279183892287,40.00943070516991,5643300
2024-05-08,40.12337112426758,40.57035682832571,39.87796930610172,40.57035682832571,3937100
2024-05-09,39.99190902709961,40.4651835049822,39.90426312871457,40.11460994148951,3480200
2024-05-10,39.82537841796875,40.114604830767334,39.42221736680898,39.746498791146294,3709100
2024-05-13,39.667625427246094,39.92179352528652,39.4923403118313,39.50110323026233,2637100
2024-05-14,39.15928649902344,39.7815572549099,39.07164395491362,39.76402807741819,4235500
2024-05-15,37.97609329223633,39.01905421898027,37.923505762730876,38.756123258150126,5129300
2024-05-16,38.16014862060547,38.18644071643308,37.70440001394965,38.037447715611385,4058500
2024-05-17,38.22150421142578,38.59837323791438,38.05497866653353,38.16015375068107,3460400
2024-05-20,37.70439529418945,38.2214942886129,37.58169440455482,38.18643593633201,3165300
2024-05-21,37.55540466308594,38.04621163939259,37.52911256656292,38.01991954286957,2574000
2024-05-22,37.5992317199707,38.0286849266576,37.415177002327106,37.52911500023043,4408300
2024-05-23,37.99362564086914,38.282852087725374,36.83672654014248,36.845492801570984,10413800
2024-05-24,37.26618194580078,37.844631478563414,37.07336432043023,37.73069348690363,6010200
2024-05-28,37.02077865600586,37.49405309611807,37.00324947772779,37.09965828658271,7940600
2024-05-29,37.53787612915039,37.72192747827861,37.266178892331055,37.713161217835115,5953100
2024-05-30,38.370487213134766,38.58959689953841,37.69562897780972,37.721924413655124,6062900
2024-05-31,38.40555191040039,39.86920659593048,38.26532182166838,38.370493552380125,8771800
2024-06-03,38.16891098022461,39.05411608477054,37.713162380229974,37.92350917382321,5760700
2024-06-04,37.984859466552734,38.51948769399015,37.77451267383927,38.23026127192774,8634900
2024-06-05,36.451087951660156,37.57292848811096,36.44232503518411,37.3801142355013,6645400
2024-06-06,36.494911193847656,36.678962539932066,36.31085984776324,36.36344737950823,5560900
2024-06-07,36.60885238647461,36.77537456992192,36.17063294686158,36.60008612540691,9073100
2024-06-10,36.31962966918945,36.83672879459691,36.267045470796745,36.79290751481987,6611300
2024-06-11,35.846351623535156,36.76661178128358,35.82005618358874,36.52997288185987,5952400
2024-06-12,34.908565521240234,35.346785002993094,34.55798859849823,35.2416099201609,11053500
2024-06-13,34.557987213134766,34.88226868049425,34.30381912150339,34.40022793856006,5544000
2024-06-14,34.224937438964844,34.68945231671991,34.224937438964844,34.61933560183273,5355300
2024-06-17,33.401084899902344,34.391461730356795,33.14691683258546,34.2161732927814,6900500
2024-06-18,33.41861343383789,33.66401523570391,33.3222046278623,33.43614261159243,5046400
2024-06-20,33.953243255615234,34.18987880809454,33.20826821096723,33.269618664328384,6780600
2024-06-21,34.181114196777344,34.373931808271806,33.83930358974538,34.023354940708934,6102500
2024-06-24,34.95238494873047,34.97867704637072,34.11100104740174,34.35640621765764,10032000
2024-06-25,34.16358184814453,34.785852554130734,34.11976057960368,34.65438874850817,6520600
2024-06-26,34.04732131958008,34.36033709592073,33.95788921537306,34.30667919804295,6060200
2024-06-27,33.89529037475586,34.20830619094139,33.67170667416147,34.08309986446718,5999900
2024-06-28,34.27984619140625,34.36927828502721,33.13509560568699,33.82373364373857,11270800
2024-07-01,33.89529037475586,34.69124780301324,33.80585484754819,34.15464487461679,6519200
2024-07-02,33.18876266479492,34.127813457138416,33.17981740691203,34.1188716108718,4589700
2024-07-03,32.6700439453125,33.3229078358647,32.65215684276937,33.3229078358647,3014400
2024-07-05,32.017189025878906,32.63428229586847,31.96353111483072,32.58062097320336,5402900
2024-07-08,31.883037567138672,32.11556311827557,31.811489144255578,31.990356789846732,4965800
2024-07-09,31.84726333618164,32.0350728287098,31.561076468057795,31.70416990211972,3764000
2024-07-10,31.194395065307617,31.775710569127394,31.122846652250107,31.614730051364106,5989400
2024-07-11,32.5716667175293,32.723705383946545,31.167561572624564,31.185448675239297,13275500
2024-07-12,32.21393585205078,32.5806129374487,31.587900888498808,32.53589688539843,8372000
2024-07-15,32.070838928222656,32.339138622773724,31.435862188408123,32.00823577988126,9097900
2024-07-16,32.04401397705078,32.4643489666565,31.784656094951497,31.8830334579282,4159200
2024-07-17,33.94000244140625,33.95788954474437,33.04566774419721,33.09932564259544,7586500
2024-07-18,34.288795471191406,34.73596285948988,33.412347799520376,33.43917675110103,10427300
2024-07-19,34.923770904541016,35.1115803810986,34.00260721432557,34.37822616744074,8609800
2024-07-22,33.904232025146484,34.57498312304172,33.752196747199484,34.06521256157066,8552100
2024-07-23,34.16358184814453,34.217239739840046,33.60909536039145,34.047317396778084,4809300
2024-07-24,36.61405944824219,36.7392691653601,35.09369326815731,35.13840931846287,9205800
2024-07-25,37.427913665771484,37.857197413862906,35.9164889345412,36.56935299282233,14144600
2024-07-26,36.72138977050781,37.240102203835605,36.22950287905473,36.766105830199,8281600
2024-07-29,36.60512161254883,36.94496977300676,35.95225765404828,36.30998950729465,7028200
2024-07-30,37.633609771728516,38.134435072969,36.18478494898329,36.301049427464044,9954500
2024-07-31,35.388824462890625,36.14900760735324,35.11157947256312,35.92542392820351,12087800
2024-08-01,37.114891052246094,37.66937762596687,34.73596082247039,35.29939265393776,13734900
2024-08-02,38.939334869384766,39.61902776143976,38.17020645757501,38.57265776743084,16653000
2024-08-05,41.27355194091797,43.33946312327295,40.0751431853373,43.12482468408576,19233500
2024-08-06,40.486534118652344,41.452413864514654,39.08242884876,40.94264333527305,10976900
2024-08-07,41.37192153930664,41.47029890173344,38.77835296765955,39.21657505823115,8098300
2024-08-08,38.84989547729492,40.95158392522832,38.69786022629019,40.2271716396931,6853900
2024-08-09,38.49216842651367,39.34178712062456,38.23281053044322,39.15397423045363,5164700
2024-08-12,38.3580207824707,38.84990426266966,37.857195454973585,38.36696604138553,5344900
2024-08-13,36.47096633911133,37.651487817253496,36.43519554554337,37.62465886917353,7597800
2024-08-14,36.4620246887207,37.14171753277249,36.08640235551145,36.34576022705879,5084100
2024-08-15,34.61968994140625,35.594514746654426,34.583915740277824,35.522969756013175,6116400
2024-08-16,34.601806640625,35.05791922606123,34.38716823351522,34.93271291997786,5242700
2024-08-19,33.69853591918945,34.85222864306436,33.68959066058274,34.592870729334365,4728600
2024-08-20,33.86845397949219,34.09203765347387,33.47494794146623,33.84162503033154,3971900
2024-08-21,33.53754806518555,33.99365721776111,33.296077309722314,33.76113171895345,5477600
2024-08-22,34.61968994140625,34.76278333430435,33.14403996682252,33.23347205802798,5373300
2024-08-23,33.904232025146484,34.60181207524025,33.51072594256322,34.02943835089495,8186800
2024-08-26,34.592864990234375,34.87905180907184,33.88633978864739,34.02943319806612,4354900
2024-08-27,34.38717269897461,35.12052693979442,34.2440792717809,34.84328193202443,4324100
2024-08-28,35.19206619262695,35.683952966557506,34.37822181887256,34.48554443042969,6323100
2024-08-29,35.29045104980469,35.496147648261086,34.21724858739239,34.914832064349504,9242700
2024-08-30,34.51237869262695,35.379884505761076,34.43188842737104,34.70018817435196,4539500
2024-09-03,36.623008728027344,36.962856888588036,34.95954554566056,34.97743265007073,9100400
2024-09-04,36.819759368896484,37.28481384006759,36.22949858079782,37.14172041906235,7652200
2024-09-05,36.75715637207031,37.2669268998692,36.08640531848059,37.09700452780833,8369800
2024-09-06,38.76047134399414,38.86779056744255,36.79293405215156,36.93602748728829,10130500
2024-09-09,37.81247329711914,38.608430703154184,37.63360907093056,38.05394409641344,6584300
2024-09-10,37.12383270263672,38.19703504828199,37.043342441422915,37.52628400870572,6123100
2024-09-11,35.55874252319336,38.33118185575999,35.415649122336845,36.944963895284566,9916300
2024-09-12,34.83434295654297,35.80916807577784,34.72702373020626,35.54086830412773,6314300
2024-09-13,34.566036224365234,35.02214540316251,34.40505571146831,34.99531645488503,4288200
2024-09-16,34.89693832397461,35.37093459501322,34.80750281233416,34.89693832397461,4710200
2024-09-17,34.87905502319336,35.24573213184433,34.27090712421863,34.458716601709455,6665500
2024-09-18,35.20101547241211,35.28150573447101,34.109926011528366,34.70913205388159,8109700
2024-09-19,33.4123420715332,33.85056412643466,33.00094896361302,33.54649021805543,8358300
2024-09-20,33.59121322631836,34.16358689981033,33.42128744651429,33.57332612256971,5399900
2024-09-23,33.42129135131836,33.61804610392531,33.269256069115976,33.43917845715686,3386600
2024-09-24,33.117218017578125,33.832688618527854,32.99201168589692,33.233482501974954,4364900
2024-09-25,33.04462432861328,33.23516434124038,32.79965074023667,33.226089194320096,3705800
2024-09-26,32.5818977355957,33.080923605066815,32.01028452306805,32.04657819459632,4529300
2024-09-27,32.9720458984375,33.13536395840085,32.47302003128503,32.482091718547444,4562600
2024-09-30,32.81780242919922,33.516440089484675,32.772437066563604,33.12629174073883,6048000
2024-10-01,33.75233840942383,34.260435901855544,32.8268706695816,32.881311169979824,9593400
2024-10-02,33.643463134765625,34.24229483484293,33.38033922352511,33.870293376630585,5249800
2024-10-03,33.71604919433594,34.0880506766228,33.30775404032474,33.97009797409622,7563100
2024-10-04,32.94482421875,33.6434617502826,32.88131203053383,32.93574907120216,6661400
2024-10-07,33.67975616455078,33.824927393060065,33.071852726779106,33.22609564281487,4175000
2024-10-08,32.663551330566406,33.425701000059135,32.58189231379381,33.32589515054214,4335000
2024-10-09,32.17360305786133,32.86316898243894,32.101019174890304,32.71799775534183,3918300
2024-10-10,32.246185302734375,32.654480395990205,32.010279932784556,32.473015525526,4325100
2024-10-11,32.20082473754883,32.618191578856255,32.0737968865311,32.54560423541755,3176000
2024-10-14,31.656431198120117,31.955848808976707,31.49311313059019,31.874189775211743,3589100
2024-10-15,32.5274543762207,32.7905782799968,31.547549558962935,31.638280268673107,6188600
2024-10-16,32.51838684082031,32.953900533102775,32.418580970705655,32.49116831666365,3205600
2024-10-17,32.454872131347656,32.48209065339733,31.79252822595136,31.80159991291629,5335200
2024-10-18,32.08287048339844,32.24618853708184,31.946770951610638,32.13730752718966,3058200
2024-10-21,31.983060836791992,32.50930860553164,31.88325498677899,32.264331553996406,4231600
2024-10-22,31.92862319946289,32.436724180899695,31.729014942704136,32.33691832194293,4789700
2024-10-23,32.908531188964844,33.33497314196045,32.16452828873085,32.23711216474759,5857700
2024-10-24,32.391361236572266,32.77243440515128,32.30062705751415,32.427654908195514,4215500
2024-10-25,32.037506103515625,32.146383655573196,31.37516218167,32.05565293905105,5899700
2024-10-28,32.02842330932617,32.06471697173298,31.62920340631376,31.62920340631376,3599000
2024-10-29,31.42959213256836,32.23710709526331,31.26627411077003,32.0012052088625,3942000
2024-10-30,31.910476684570312,31.973992336396414,31.42052599384241,31.538475227286362,4494500
2024-10-31,33.53458023071289,33.54365537812111,32.43672275283259,32.44579443908619,9012600
2024-11-01,33.080928802490234,33.371271298022734,32.62726822057625,33.3621996092929,4917700
2024-11-04,33.28960037231445,33.52550572895188,32.82686826684001,33.171651155150066,4055200
2024-11-05,32.454872131347656,33.08999751469427,32.355066268958986,33.07185067960952,3547000
2024-11-06,30.685592651367188,31.493107700957708,30.594861945562133,31.3388648088582,7300600
2024-11-07,29.751054763793945,30.37710497291244,29.651248905567503,30.368033286325833,5051800
2024-11-08,29.723831176757812,29.914371196335697,29.62402878507504,29.841783862943256,2504800
2024-11-11,29.760128021240234,30.086764134075317,29.55144460718558,29.578663129536864,3233100
2024-11-12,29.869001388549805,30.23193112112706,29.669393150671315,29.77827068598271,3766600
2024-11-13,29.959741592407227,30.21379037973701,29.63310545946599,29.9325230683805,4768900
2024-11-14,30.386178970336914,30.485981363630437,29.90529653173723,30.005102386185364,3639400
2024-11-15,31.88326072692871,32.110090986467085,31.066673869283623,31.102964080331898,6650800
2024-11-18,31.42959213256836,31.856034018503344,31.15739658328921,31.674569165265847,3703900
2024-11-19,31.02130126953125,31.810672968597583,30.957789081489775,31.774379300815408,4032500
2024-11-20,31.057600021362305,31.865115225353215,31.021306347638948,31.057600021362305,7370100
2024-11-21,30.839841842651367,31.756234515769716,30.59486476104827,30.685595475202803,7167800
2024-11-22,30.77632713317871,31.139256923236616,30.694671564628422,30.957792028207663,4907900
2024-11-25,30.694669723510742,30.975937005837498,30.104909715330187,30.27729945163222,5332800
2024-11-26,30.36803436279297,30.622083130080377,30.27730018793685,30.522277268316074,3942000
2024-11-27,30.867061614990234,31.275356767534088,30.531353805634183,30.531353805634183,3092000
2024-11-29,30.34081268310547,30.894279041219317,30.295447325801277,30.839841996916252,1934700
2024-12-02,29.705692291259766,30.259155216775703,29.5968112747259,30.23193669321978,3413000
2024-12-03,29.533296585083008,29.94159170971923,29.506078063825523,29.869004371492885,2954100
2024-12-04,28.81651496887207,29.233883525893045,28.79836813365867,29.161296185039433,4095400
2024-12-05,28.988908767700195,29.02520071046084,28.74393166439986,28.825590698833306,1984200
2024-12-06,28.48987579345703,28.952609658170317,28.471728960195193,28.93446282490848,3180900
2024-12-09,28.961687088012695,29.079638059404537,28.526173412843182,28.616905861147874,3313700
2024-12-10,29.170368194580078,29.315539399512403,28.625973580217963,28.83465870156329,3098600
2024-12-11,28.126949310302734,28.725780995882346,28.054363703886338,28.68948905796283,7504500
2024-12-12,28.498950958251953,28.553389730799548,28.235828782124095,28.38099999596927,3656800
2024-12-13,28.099727630615234,28.444510541500755,27.80938521970781,28.099727630615234,3856500
2024-12-16,27.29221534729004,27.836608288149804,27.2014829020505,27.82753487056811,4127400
2024-12-17,27.537189483642578,27.70958093809318,27.37387144580277,27.482750714555063,3099300
2024-12-18,29.54237174987793,29.67846781739818,27.44645908298009,27.627923967495214,8227300
2024-12-19,29.823640823364258,29.841787659020767,28.961686896609958,29.007052255173736,7892700
2024-12-20,29.306467056274414,30.413399763013526,28.60783121466035,30.286375379188684,8223000
2024-12-23,28.756959915161133,29.531432356762227,28.720079353933393,29.13497687493572,5088000
2024-12-24,27.9917049407959,28.62787877413261,27.9917049407959,28.563339552654558,2974600
2024-12-26,28.047027587890625,28.40660430101675,27.8810685638133,28.185326188434356,3557500
2024-12-27,28.830720901489258,29.32859619614779,28.42504349796457,28.461924061267744,5915700
2024-12-30,29.61441421508789,30.020093386593704,29.19029827862652,29.623636114689848,4860800
2024-12-31,30.13994598388672,30.24136576343611,29.402352383241688,29.485331883134485,7935400
2025-01-02,30.269031524658203,30.776126965310173,29.50377565537727,29.77115446636392,8620700
2025-01-03,29.310157775878906,30.01087089547687,29.171857421568884,29.909451104599402,6366600
2025-01-06,28.637100219726562,28.913699156822446,28.259083255067964,28.70163944414701,5221900
2025-01-07,29.66973114013672,29.872570699082086,28.498799761256706,28.535680320541996,6335400
2025-01-08,29.660511016845703,30.21370888786109,29.48533362544232,29.69739157833818,6954500
2025-01-10,30.619386672973633,31.00662556171485,30.130731508659505,30.139949891120978,5856900
2025-01-13,30.831445693969727,31.550602649875756,30.785346745839362,31.366203340229998,3468700
2025-01-14,30.905202865600586,31.329318761467924,30.29668768370976,30.462646689418516,4701100
2025-01-15,29.512990951538086,30.130728018629842,29.365473987934198,29.94632873664169,5780900
2025-01-16,29.918672561645508,29.92789094380529,29.23639621672777,29.24561635744958,4930900
2025-01-17,28.950576782226562,29.273274649763103,28.75695911684178,28.81227819858573,6231100
2025-01-21,28.572561264038086,29.1349775253836,28.489581757985075,28.646320629578316,3182700
2025-01-22,27.890287399291992,28.139225923753784,27.6413488748302,28.11156550151513,3840600
2025-01-23,27.770427703857422,28.222204026553236,27.770427703857422,28.176103325117776,2586100
2025-01-24,28.120784759521484,28.286743770619726,27.696668849881075,27.779646596868215,2796100
2025-01-27,29.798810958862305,30.20448657839394,29.37469505883507,30.130728973535405,9446300
2025-01-28,28.90447998046875,30.056969435174516,28.756961245855436,29.66051217644047,5274800
2025-01-29,29.015117645263672,29.448455459361803,28.830720109499406,28.830720109499406,6279900
2025-01-30,28.76618003845215,29.319374388045425,28.434262021846624,28.69242067460225,6795800
2025-01-31,28.886037826538086,29.015116271317048,27.88106541302837,28.37894242899623,6609200
2025-02-03,29.356252670288086,30.139945190893496,29.06121523779262,29.891006697764762,9361200
2025-02-04,28.637100219726562,29.356255345901488,28.581781135732175,29.31015640233316,5545000
2025-02-05,28.406600952148438,29.079657110288675,28.388162430528553,28.94135676748712,3121000
2025-02-06,28.120784759521484,28.51724200635351,28.09312433815112,28.351282995255268,3353600
2025-02-07,28.84916114807129,28.932138898278467,27.881067465284346,28.074686905266553,6890700
2025-02-10,28.166885375976562,28.434264189416197,28.0470270600443,28.36972496094789,3644500
2025-02-11,28.30518341064453,28.526461500911324,28.10234384231185,28.5172413606633,3492600
2025-02-12,28.2683048248291,28.959799564690016,28.185325315360828,28.922920759683038,3906700
2025-02-13,27.484609603881836,28.194544604069392,27.438510659375947,28.102344956495603,5298400
2025-02-14,27.272552490234375,27.539931300624332,27.217233403401377,27.50305073702762,2960800
2025-02-18,27.18035316467285,27.503051065752793,27.1065937951599,27.125034077178658,3243400
2025-02-19,27.161911010742188,27.47538874920887,27.03283256263072,27.254110655919796,2946300
2025-02-20,27.410850524902344,27.871847009042224,27.21723284567337,27.254111649952304,4740500
2025-02-21,28.55411720275879,28.600217899219448,27.309428293870855,27.309428293870855,6671900
2025-02-24,29.25483512878418,29.291715689945082,28.25908283874512,28.36972276366588,7588500
2025-02-25,29.992427825927734,30.425765613170686,29.328593572904474,29.33781371290559,9482600
2025-02-26,29.881790161132812,30.232148452767685,29.264054839256307,29.743489817372673,8355200
2025-02-27,31.513717651367188,31.550598211533067,29.356254121396287,29.44845376324909,11030900
2025-02-28,30.554847717285156,31.983936176022016,30.481090105562043,31.58747890127819,11781700
2025-03-03,31.88252067565918,32.32507690814362,29.992432149864573,30.167613076579283,12813500
2025-03-04,32.11301040649414,33.1087607859086,31.07115757410699,32.27896587212709,11627300
2025-03-05,31.273998260498047,32.675427925537896,31.080380590774325,32.048472456516805,11397100
2025-03-06,32.99812698364258,33.26550577076611,31.725775787264915,32.334290965163135,9406600
2025-03-07,32.56479263305664,34.0768605974872,32.37117494624828,33.200966539908755,7937100
2025-03-10,35.026512145996094,35.63502732500013,33.61586060416378,33.68039982639725,7893600
2025-03-11,35.275447845458984,35.95772415908904,34.224376471240824,35.19246834132998,8918300
2025-03-12,34.47331619262695,35.26623070052902,33.89245964335293,34.16906034489943,8333100
2025-03-13,35.736446380615234,36.02226547076666,34.60239543652915,34.61161733592467,4785700
2025-03-14,34.06764221191406,35.05417444513367,33.93856375405343,34.98041331657091,4381800
2025-03-17,33.63430404663086,34.316580410690364,33.19174783093989,34.06764187990341,7209400
2025-03-18,34.75913619995117,35.08183233749899,34.104522025426114,34.104522025426114,4072600
2025-03-19,33.874019622802734,34.74069165524333,33.21940201148061,34.46409449741111,6703100
2025-03-20,34.104515075683594,34.537849298211896,33.366918025096005,34.45486980587696,6459900
2025-03-21,33.88323974609375,35.04494927556818,33.80947862441341,34.88821216768326,5499800
2025-03-24,32.4818115234375,32.9428080029364,32.33429279068282,32.869050395121064,4557700
2025-03-25,32.09457778930664,32.48181316341738,32.06691560749573,32.361953087901306,3582200
2025-03-26,33.27711486816406,33.4728069386028,32.14023458646806,32.242737417550735,8689700
2025-03-27,33.65918731689453,33.854882973851254,32.988242458835956,33.55668091439496,6932800
2025-03-28,35.45769500732422,35.58815639389189,33.85487911617058,33.96670265397056,7477300
2025-03-31,35.494972229003906,37.228253135958,35.34587298726626,36.547987623354594,8483600
2025-04-01,34.935848236083984,36.184555621286066,34.80538329928468,35.75589222427188,7461600
2025-04-02,34.432640075683594,35.942270359657165,33.92942879609028,35.90499466010069,6262100
2025-04-03,38.10421371459961,38.188082266806624,36.762320434093965,37.30280389457849,7512900
2025-04-04,42.79152297973633,42.81016082995685,39.912044439391586,40.31274577731021,15438300
2025-04-07,42.670379638671875,47.012898936106524,38.831068046751554,45.78282933630486,17307300
2025-04-08,44.22660446166992,45.53122550939847,38.83106958464729,39.790899298044316,15703800
2025-04-09,33.72441482543945,44.40366064854135,33.26779996364316,44.385022799414074,20513800
2025-04-10,36.50139236450195,38.47696182286775,35.168819849341624,35.44838049199899,23230800
2025-04-11,35.24336624145508,37.34939700920629,35.001081309093955,36.780955044859226,10104500
2025-04-14,34.749481201171875,35.49497752100736,33.584642090551796,33.64987279636197,9635200
2025-04-15,34.6749267578125,34.954487408939066,34.031936904740746,34.59105820699388,5057300
2025-04-16,36.76232147216797,37.75010272071345,35.50429315353923,36.05409733246437,6044600
2025-04-17,36.725040435791016,37.284161681891625,36.24978773208611,36.333656274481825,5226800
2025-04-21,38.64469528198242,39.539290676204566,37.6941863425691,37.84328557493946,4161900
2025-04-22,36.67845153808594,37.88988340487137,36.110009528989565,37.66623274948016,5431000
2025-04-23,35.06631088256836,35.289957958391206,33.5753149729226,34.39536254548746,9597300
2025-04-24,33.072105407714844,34.82402043703922,33.01619186451284,34.730834753175195,6188300
2025-04-25,32.35456466674805,33.360983573189785,32.28001327488998,33.12801580584236,5798000
2025-04-28,32.37321090698242,33.25848580855207,32.0563745190626,32.29865949579802,4257400
2025-04-29,31.953857421875,32.76458419598952,31.85135104317434,32.7179913569817,6075400
2025-04-30,32.009769439697266,33.73373303092136,31.75816738211467,33.10937757318542,10054500
2025-05-01,31.208362579345703,31.282910413773436,30.434907912673335,30.947436271833897,7809400
2025-05-02,30.267173767089844,30.77970217578736,29.99693028720718,30.5560550960823,8822500
2025-05-05,30.639921188354492,30.86356825016687,30.257854199186216,30.807658262116753,3750200
2025-05-06,31.17108917236328,31.627704023109413,30.761063611098493,31.450649792894446,5679700
2025-05-07,30.96607780456543,31.823401108756887,30.658562174392525,31.14313204285854,6107500
2025-05-08,30.351041793823242,30.882208042585155,29.791918771872727,30.313766096238435,5566600
2025-05-09,30.41627311706543,30.649240899585607,29.978292548389494,30.136712489002466,3722400
2025-05-12,27.956132888793945,28.748223676123718,27.956132888793945,28.04932035390387,6184800
2025-05-13,27.108131408691406,27.900222227442033,26.92175647107839,27.834991532498417,8262000
2025-05-14,26.80061149597168,27.098809946304126,26.74469973088509,27.014941409972757,6682800
2025-05-15,26.716745376586914,27.164043092550642,26.46513974483114,27.03358170307867,7298100
2025-05-16,26.530370712280273,26.986987357528996,26.52105178759318,26.614239257060973,3622600
2025-05-19,26.502416610717773,27.285188536839623,26.446503060706778,27.26655068683596,5597200
2025-05-20,26.67947006225586,27.042901016935485,26.614239366580918,26.772657532107125,4113300
2025-05-21,27.42496681213379,27.620658890370983,26.418546093220765,27.117449419616005,7015300
2025-05-22,27.33177947998047,27.508835487871693,26.949712468543616,27.378372324339857,4924600
2025-05-23,27.862945556640625,28.26365041434325,27.611339932864134,28.217057570267485,7676400
2025-05-27,26.57696533203125,27.294506536209685,26.53037070860224,27.145405518640004,4445700
2025-05-28,26.809932708740234,26.875163403144455,26.334678221419765,26.502415308403826,4134900
2025-05-29,26.716745376586914,26.996306004713464,26.04579880264132,26.064434874420794,5300500
2025-05-30,26.828571319580078,27.57406753022844,26.68878922485574,26.809933469963077,6494900
2025-06-02,26.427865982055664,27.17336217979079,26.399909208114423,27.042900789537928,4880200
2025-06-03,25.999202728271484,26.4744571914779,25.868741346082558,26.399907576312366,5113600
2025-06-04,25.878061294555664,26.157621918142272,25.77555490311913,25.971248761552232,3425300
2025-06-05,26.288082122802734,26.49309489645234,25.46803636041336,25.766234819464042,9326500
2025-06-06,25.794193267822266,25.961930356289816,25.598499405475746,25.794193267822266,5103100
2025-06-09,25.719642639160156,25.8873797210469,25.570543405794837,25.775554407321383,2971800
2025-06-10,25.384170532226562,25.906017891289654,25.32825875953489,25.701006873151385,5043000
2025-06-11,25.579862594604492,25.78487359825128,25.160519885550748,25.272345200432774,5814800
2025-06-12,25.458721160888672,25.719645739431616,25.365533684451673,25.710326814047587,5429600
2025-06-13,26.129667282104492,26.24149082211802,25.65441279353919,26.055115885557978,12993700
2025-06-16,25.402807235717773,25.784874257105717,25.3003008425736,25.784874257105717,5911400
2025-06-17,25.915334701538086,26.017841090944,25.505312698720545,25.654411932000205,6434600
2025-06-18,25.933975219726562,26.092393393569363,25.589182096396968,25.831468819768503,6230200
2025-06-20,26.185579299926758,26.36263531359411,25.51463094388337,25.635775187014822,7336500
2025-06-23,25.63577651977539,26.44650345560529,25.598500819211463,26.120349962687072,9438600
2025-06-24,24.862319946289062,25.20711124010774,24.78777033324154,25.15119947467284,5688500
2025-06-25,24.745561599731445,24.915050234621326,24.55723849965533,24.670232718897438,4043300
2025-06-26,24.2935848236084,24.717310871222175,24.246504949865564,24.566653120066626,4838200
2025-06-27,24.133512496948242,24.463077025107346,23.982854734815312,24.23709038190795,5883900
2025-06-30,23.84161376953125,24.077016751925488,23.74745221737711,23.8792791087858,4875100
2025-07-01,24.246505737304688,24.444243368624882,23.926357556706368,24.02051910323213,4995600
2025-07-02,23.916940689086914,24.340666741012324,23.907524355046117,24.340666741012324,4421200
2025-07-03,23.47438621520996,23.738036411942513,23.399057331003196,23.738036411942513,3185400
2025-07-07,23.832197189331055,24.048769295850324,23.643875882944037,23.728621099411967,4301200
2025-07-08,23.82278060913086,23.926358493964827,23.681539181800478,23.73803539353619,3826800
2025-07-09,23.483802795410156,23.756869330017217,23.370808569929185,23.662707774780124,5172000
2025-07-10,23.559131622314453,23.803950946934343,23.427304726914645,23.45555373221081,3266500
2025-07-11,23.690956115722656,23.87927922091524,23.559131019677185,23.785117668318946,4250700
2025-07-14,23.530881881713867,23.926358963590662,23.474385668869246,23.738035859465626,4762100
2025-07-15,23.50263214111328,23.50263214111328,23.163653078681378,23.20131662073729,6073100
2025-07-16,23.446138381958008,23.94519338725912,23.408474835963364,23.46497105294651,6770600
2025-07-17,23.078907012939453,23.474384067843488,23.041241676290447,23.408471524689833,8209200
2025-07-18,23.144821166992188,23.25781538882159,22.994163401874467,22.994163401874467,5010700
2025-07-21,22.918834686279297,23.097741457153262,22.7587605851778,23.097741457153262,3648100
2025-07-22,23.163652420043945,23.389639053900215,22.918833117704125,22.918833117704125,6076600
2025-07-23,22.956497192382812,23.31431071796029,22.956497192382812,23.097740413310962,6018300
2025-07-24,22.86233901977539,23.01299678959415,22.777593799754552,22.86233901977539,7173000
2025-07-25,22.787006378173828,22.956494994291134,22.68342850500604,22.909415122477768,6691800
2025-07-28,22.64576530456543,22.758759521939158,22.579852759423318,22.692846976797046,5093300
2025-07-29,22.730512619018555,22.78701063091721,22.344451850956027,22.457446078771014,5770500
2025-07-30,22.664596557617188,22.909415849981453,22.476275268401476,22.655180223759096,7427800
2025-07-31,22.918834686279297,23.012996239159396,22.165545855202982,22.165545855202982,7568800
2025-08-01,23.84161376953125,24.048769543466804,23.436720352456003,23.446136687269643,9660600
2025-08-04,22.97532844543457,23.427301695801454,22.96591211155417,23.427301695801454,5301100
2025-08-05,23.304893493652344,23.342558830056923,22.79642222808307,22.881167439011282,7322500
2025-08-06,22.721094131469727,23.276645290639557,22.683430589753918,23.248398083348242,6863900
2025-08-07,22.570436477661133,22.909417334591414,22.250288289667456,22.39153151070985,6938200
2025-08-08,22.174957275390625,22.51393809969136,22.156126404248795,22.49510543256754,6478200
2025-08-11,22.316204071044922,22.410363829839913,22.00547219746754,22.18437717596384,5611600
2025-08-12,21.760650634765625,22.353865315664287,21.732401632443942,22.146711353251536,8518900
2025-08-13,21.741819381713867,21.854811806391037,21.52524907109745,21.56291261399577,8818300
2025-08-14,21.78890037536621,21.930143607420508,21.638242604091776,21.911310937015628,10907700
2025-08-15,22.01488494873047,22.127879164483375,21.807730981829298,21.807730981829298,9850100
2025-08-18,22.01488494873047,22.165544501728384,21.97722140746759,22.08079928890924,8234400
2025-08-19,22.626934051513672,22.711679264124676,22.07138290038914,22.090213772983265,10179100
2025-08-20,22.900001525878906,23.464969035072947,22.711680220135694,22.72109475883798,16170300
2025-08-21,23.11656951904297,23.31430893563637,22.862335691968628,23.050656978839175,21439400
2025-08-22,22.41977882385254,23.13540408297867,22.269121063613582,23.04124253383378,13075200
2025-08-25,22.56102180480957,22.655183360445434,22.33503514887288,22.570438139971387,7747800
2025-08-26,22.382116317749023,22.702264522070536,22.37269998280048,22.62693563846443,7825300
2025-08-27,22.32561683654785,22.579852475454807,22.25970429223467,22.48569092815792,7378300
2025-08-28,22.05255126953125,22.419779344138032,21.996055057126103,22.297370584596507,11128600
2025-08-29,22.608104705810547,22.749346148927433,22.259707469871994,22.287956476888326,9328300
2025-09-02,22.9847469329834,23.47438556475097,22.965914263457982,23.333144135274768,8556900
2025-09-03,22.64576530456543,22.909417281116024,22.504523879834885,22.711679645689696,8872200
2025-09-04,22.2220401763916,22.730509645077756,22.203207508222686,22.58926822577505,7458500
2025-09-05,22.19379234313965,22.542189538687204,21.807731605252517,21.864227816752976,7981100
2025-09-08,21.98663902282715,22.07138424058396,21.83598125703331,22.02430256628449,9969900
2025-09-09,21.864227294921875,22.127879268935096,21.835980087836912,21.93955617378535,10639300
2025-09-10,21.854812622070312,22.024303061394107,21.628825968299342,21.638242303370916,14714600
2025-09-11,21.60999298095703,21.798314276026282,21.553494976052363,21.68532185818115,11782600
2025-09-12,21.44050407409668,21.62882538248065,21.355758856730112,21.581745504380216,11120200
2025-09-15,21.08268928527832,21.327508588049326,21.08268928527832,21.327508588049326,10016300
2025-09-16,21.1203556060791,21.17685181827869,21.016777720394693,21.026194055091658,10270000
2025-09-17,21.223934173583984,21.619409467667953,21.09210727957373,21.14860349358826,22421600
2025-09-18,20.847286224365234,21.00736031408363,20.640132259545826,20.866118892798482,15941300
2025-09-19,20.56480598449707,20.819041652575915,20.527140642863607,20.724880094474603,15528200
2025-09-22,20.338815689086914,20.64954751812096,20.29173402045629,20.640131184394836,12383000
2025-09-23,20.621299743652344,20.68721228767417,20.32940056470619,20.32940056470619,14808400
2025-09-24,20.762256622314453,20.95273677415539,20.50511077884855,20.52415734078996,12922100
2025-09-25,20.943212509155273,21.305124433033328,20.83844824436636,21.047976773944185,17021600
2025-09-26,20.800352096557617,21.143215622105753,20.771779530577525,20.92416291603153,15405600
2025-09-29,20.609872817993164,20.705112892021436,20.381297730257305,20.590826256430166,14350100
2025-09-30,20.505111694335938,20.800354307973002,20.486063314990723,20.647970906318164,12905700
2025-10-01,20.31463050842285,20.781304879500286,20.276535568209052,20.724161560902918,16317300
2025-10-02,20.152721405029297,20.343201541389274,20.05748133684931,20.05748133684931,10200200
2025-10-03,20.352725982666016,20.467012612658998,20.06700577457709,20.12414908957358,16217200
2025-10-06,20.038433074951172,20.17176806914948,19.933668827193614,20.000336324292768,16649800
2025-10-07,20.25748634338379,20.36224878700933,19.924147001812962,19.962241940434996,17912400
2025-10-08,19.800336837768555,20.219390259285564,19.78128845954869,20.219390259285564,14788400
2025-10-09,19.867002487182617,20.067004990128567,19.800334986200635,19.800334986200635,18204900
2025-10-10,21.267024993896484,21.28607336991989,19.72414105050989,19.838429490097205,39390700
2025-10-13,20.352725982666016,20.70511187778982,20.286056662524672,20.524155927655492,30935300
2025-10-14,20.628921508789062,21.162263388256775,20.324154720521797,20.809877470530257,29273600
2025-10-15,20.352725982666016,20.781303569969555,20.03843502535546,20.228913347528177,20340500
2025-10-16,20.505111694335938,20.80987849764561,19.943197219526187,20.15272394266323,20184500
2025-10-17,20.25748634338379,20.771779822377496,20.14319789441115,20.66701737875195,15579600
2025-10-20,19.74319076538086,20.047957536210063,19.66699907267356,20.03843516410574,11961400
2025-10-21,19.762237548828125,19.895572546173828,19.68604586226585,19.74318917304928,12097700
2025-10-22,20.152721405029297,20.53367986119604,19.781287137335877,19.809857886202625,14242800
2025-10-23,19.819381713867188,20.219388539698503,19.771762588920694,20.19081779135188,16991000
2025-10-24,19.41937828063965,19.54319093361592,19.33366238751869,19.48604579383295,16876400
2025-10-27,18.7241268157959,18.981274468427003,18.705078437848414,18.95270190150578,14118900
2025-10-28,18.447933197021484,18.666984100825637,18.343168931483252,18.600316592411623,23743000
2025-10-29,18.28602409362793,18.60983923607626,18.20983240226086,18.29554646556475,24770000
2025-10-30,18.847938537597656,18.857460909554145,18.428883325936635,18.505075017461074,22984600
2025-10-31,18.67650604248047,18.82888941953201,18.37173928837738,18.3812616599591,20775200
2025-11-03,18.51460075378418,18.6479357709604,18.286025660102077,18.333644790078335,18891200
2025-11-04,19.27651596069336,19.32413690284534,18.82889000378396,19.04794088802346,23404000
2025-11-05,19.028894424438477,19.40033054435746,18.819367707562336,19.324138845806736,18192000
2025-11-06,19.733667373657227,19.819383258483686,19.114609618340925,19.124133807383124,14623900
2025-11-07,19.876527786254883,20.600347965843177,19.876527786254883,19.98129022941586,19851000
2025-11-10,19.019367218017578,19.42889821397153,18.943175531553106,19.295563216796975,20352600
2025-11-11,19.12413215637207,19.36223141221164,19.047940467165535,19.17175128091872,20596000
2025-11-12,19.152706146240234,19.352708664082723,18.91460687268301,18.91460687268301,26268300
2025-11-13,19.943195343017578,20.086054541557804,19.34318416597406,19.37175673230341,23465000
2025-11-14,19.924148559570312,20.686065557113697,19.638430139629897,20.533682157605018,33957700
2025-11-17,20.276533126831055,20.514632378297534,19.69557037195584,20.095577187081652,20552200
2025-11-18,20.77178192138672,21.095597106885563,20.371775034391288,20.562255196409474,30001500
2025-11-19,20.533681869506836,20.89559380067719,20.095580056204536,20.724162024496852,25282700
2025-11-20,21.505125045776367,21.562268359422532,19.56223603282802,19.72414178539996,35186800
2025-11-21,21.20035743713379,21.88608262314709,20.695586373194967,21.381313375761383,30687400
2025-11-24,20.105100631713867,20.838444918533874,20.019384759031144,20.82892254739407,30035400
2025-11-25,19.867002487182617,20.647967755634124,19.79081079798133,20.22891255675045,24794400
2025-11-26,19.524137496948242,19.79080929720711,19.4193732510335,19.63842593036005,19278400
2025-11-28,19.238422393798828,19.476521671857956,19.238422393798828,19.438424915422896,8298300
2025-12-01,19.362234115600586,19.657476725429056,19.238423284560717,19.590809215134247,26350800
2025-12-02,19.076515197753906,19.35270942127898,18.971750931992652,19.228898593468436,20663400
2025-12-03,18.981273651123047,19.324137173201358,18.94317689686847,19.228897104118133,23284600
2025-12-04,19.03841781616211,19.238422151823915,18.90508280342311,18.90508280342311,26292300
2025-12-05,18.886032104492188,18.99079635394283,18.67650542214399,18.96222379048727,20466100
2025-12-08,18.971752166748047,19.12413557238028,18.695556108693694,18.800320381273412,32386800
2025-12-09,18.924131393432617,19.14318229297337,18.876510447954196,19.047942218569858,24306500
2025-12-10,18.771745681762695,19.181276719143565,18.686031615303545,19.00984495311871,30896200
2025-12-11,18.90508460998535,19.371759015720375,18.886036230187152,19.000324692422872,36230400
2025-12-12,19.6574764251709,19.781289070873008,19.03841864632052,19.133658723809823,44567700
2025-12-15,19.84795570373535,19.924147399051765,19.343184586918298,19.352708775902013,20665200
2025-12-16,19.762237548828125,20.086052670856063,19.657473298597587,20.000336796404365,18636600
2025-12-17,20.514633178710938,20.514633178710938,19.66699857516223,19.705095328828776,23511300
2025-12-18,19.924148559570312,20.076531959078988,19.66700089169189,19.87652942843138,31302900
2025-12-19,19.400327682495117,19.75271355510207,19.390803494512074,19.75271355510207,26470100
2025-12-22,19.238422393798828,19.333660651779816,19.086039001165254,19.095561373720688,18605900
2025-12-23,19.066987991333008,19.333657983359462,19.047939615744525,19.305087236529815,16515700
2025-12-24,18.961219787597656,19.097072350180913,18.941811749842234,19.07766431242549,8406200
2025-12-26,18.97092056274414,19.02914467173549,18.88358625010933,18.932106340935455,13182200
2025-12-29,19.164997100830078,19.300849652563258,19.05825475255275,19.223219358593983,18528200
2025-12-30,19.252330780029297,19.271738815596677,19.097070197194558,19.23292274446192,16677200
2025-12-31,19.601669311523438,19.601669311523438,19.24262803322084,19.262036070070117,28117800
2026-01-02,19.67930030822754,19.873375131068418,19.06796008169057,19.24262871784399,32683500
2026-01-05,19.37847900390625,19.45610929409936,19.19410822148019,19.30084871371314,32297500
2026-01-06,19.029144287109375,19.349369476680394,19.000032233202127,19.31055340480406,34016000
2026-01-07,19.009737014770508,19.097071329148193,18.767142108355216,19.067959274071548,40075000
2026-01-08,19.23292350769043,19.388184096686444,19.05825488235686,19.06795890052564,41896300
2026-01-09,18.854475021362305,19.32996078049323,18.786548748751045,19.18440421763309,34264900
2026-01-12,18.83506965637207,19.126182823364044,18.728327298077236,19.126182823364044,28450300
2026-01-13,18.90299415588379,19.048550725652426,18.70891934647634,18.82536386195037,33938300
2026-01-14,19.29114532470703,19.61137051354503,19.067958464485553,19.135884739261467,46227100
2026-01-15,19.184404373168945,19.232922610898314,18.82536312107439,18.864179191939588,32548500
2026-01-16,19.23292350769043,19.36877606034889,18.9224023296984,18.951514384204735,30736000
2026-01-20,20.048044204711914,20.106266467749474,19.61137260479928,19.89278360271017,38210400
2026-01-21,19.51433563232422,20.057747725842347,19.2329246413982,19.96070938928674,56382200
2026-01-22,19.22321891784668,19.417295573746205,19.12618058989692,19.13588460777711,45039500
2026-01-23,19.116477966308594,19.37847903940775,18.95151336798951,19.310552766720853,40351300
2026-01-26,18.951513290405273,19.155292107631727,18.825362912344232,19.097069852831613,21902100
2026-01-27,18.631288528442383,18.854475385866166,18.56336040366579,18.75743705846604,19485300
2026-01-28,18.524545669555664,18.5924719415966,18.311062835876708,18.369285090361497,35911000
2026-01-29,18.72832489013672,19.388183291388334,18.485729998550223,18.534250087378805,30228400
2026-01-30,19.203813552856445,19.34937012556963,18.825364242779475,18.97092081549266,30711600
2026-02-02,18.922401428222656,19.397887190727022,18.796252899742775,19.38818317302055,29570000
2026-02-03,19.533740997314453,19.853966198881828,18.796254112558024,18.81566029837101,24414300
2026-02-04,20.2130069732666,20.54293618499691,19.611370807507743,19.621074825600072,35846700
2026-02-05,20.80493927001953,20.950495840743077,20.280933394392104,20.591454572162927,43606200
2026-02-06,19.941299438476562,20.698196169964728,19.81515090865461,20.591453824910047,31330300
2026-02-09,19.630779266357422,20.232415445069947,19.494926711844244,20.077154853954248,18800800
2026-02-10,19.82485580444336,19.85396600830954,19.475518551231314,19.572556882773796,21418400
2026-02-11,19.727819442749023,20.067452711634417,19.436706269905784,19.504632553512376,15703400
2026-02-12,20.533231735229492,20.601158009595547,19.56285215662374,19.621074413101482,22505100
2026-02-13,20.46530532836914,20.834048751477095,20.15478416136199,20.572047673597407,19373600
2026-02-17,20.513824462890625,21.05723837974697,20.329453668707586,20.717605144424812,17565500
2026-02-18,20.2130069732666,20.55264020308924,19.941300019238053,20.465305891110496,24134000
2026-02-19,20.377971649169922,20.56234429185341,20.21300704273779,20.42648988894611,19890100
2026-02-20,20.028635025024414,20.66908543448608,19.931598542444128,20.610863174767456,33361800
2026-02-23,20.513824462890625,20.678789071426973,20.086858765027795,20.1741930784207,14606100
2026-02-24,20.08685874938965,20.639974833212605,20.00922845430664,20.455602188320878,15645100
2026-02-25,19.524038314819336,19.883077729394014,19.494926260589416,19.873373711317374,15574200
2026-02-26,19.98982048034668,20.319749698194467,19.582260967173074,19.582260967173074,22445200
2026-02-27,20.125673294067383,20.46530653456857,20.067451034535033,20.41678829343365,22562100
2026-03-02,20.0771541595459,20.746714741504686,19.96070779481053,20.688492484563092,24429300
2026-03-03,20.504121780395508,21.15427623864618,20.3585651988757,20.872867094488196,24896400
2026-03-04,19.902484893798828,20.387674671265835,19.75692833072915,20.33915458300786,22950100
2026-03-05,20.01892852783203,20.455600048783275,19.776333649715127,20.12567086647612,18775500
2026-03-06,20.630271911621094,20.737014267103955,20.23241639681521,20.610863874105604,15237800
2026-03-09,20.096561431884766,21.222203515718636,19.98982093019235,21.028126847610523,36504100
2026-03-10,20.106266021728516,20.261526620286084,19.737522562867372,20.096562002962127,20999300
2026-03-11,20.106266021728516,20.280934657818865,19.805448843379768,20.02863572244973,17062600
2026-03-12,20.80493927001953,20.824345455491045,20.35856368883481,20.44589800143938,27169400
2026-03-13,21.066940307617188,21.154274620017116,20.38767569554821,20.659382650887128,26577100
2026-03-16,20.601158142089844,20.698196470744943,20.35856324587818,20.630270195942025,19676400
2026-03-17,20.397380828857422,20.504121332519134,20.232416213177707,20.42649103401411,19785400
2026-03-18,20.999013900756836,21.008717918835544,20.445897826235754,20.542936156170654,27886700
2026-03-19,21.125164031982422,21.54242755010979,20.931087374436427,21.377462946451345,31463600
2026-03-20,21.920873641967773,22.173172540847972,21.270719285467433,21.28042330283037,29226000
2026-03-23,21.406572341918945,21.57153693935406,20.892272365272838,21.24160774448383,28220600
2026-03-24,21.73650360107422,21.872358009474052,21.435686430425097,21.668577322300447,16012500
2026-03-25,21.450302124023438,21.60659019884483,21.176802185012853,21.352624638993145,16134000
2026-03-26,22.485700607299805,22.505236849538722,21.684733306290212,21.831251396924888,15868400
2026-03-27,23.364810943603516,23.45272217033447,22.71036173520563,22.73966609847548,12394100
2026-03-30,23.726224899291992,23.96065422538099,22.92525570630625,22.9838644351375,17165300
2026-03-31,22.134056091308594,23.23782957733347,22.016842361956435,23.23782957733347,28807400
2026-04-01,21.587053298950195,21.88985759209199,21.33308774683566,21.81171448860125,14150300
2026-04-02,21.56751823425293,22.534539891375896,21.4893751264979,22.38802179722005,13336600
2026-04-06,21.323320388793945,21.596822192334532,21.1572660550512,21.479606601366104,13939700
2026-04-07,21.313552856445312,22.055913318211307,21.284250355202637,21.51867968053737,19608500
2026-04-08,20.063262939453125,20.336762884991703,19.779993009484,19.87767235992434,25687500
2026-04-09,19.799530029296875,20.268388694118308,19.770225664091015,20.06326372691345,14806700
2026-04-10,19.740921020507812,19.84836849500207,19.574868542585698,19.701850397196342,13015300
2026-04-13,19.350204467773438,19.936278691659286,19.330670088670836,19.84836746492248,16269000
2026-04-14,18.666454315185547,19.17438361268788,18.65668619328067,19.164617353861757,17228100
2026-04-15,18.12921905517578,18.676222711410887,18.11945093312743,18.617613979120765,16479300
2026-04-16,17.963163375854492,18.25620142636138,17.865485888764173,18.031538362049172,15529400
2026-04-17,17.513839721679688,17.777573389363344,17.435696619745105,17.689662166802126,22236600
2026-04-20,17.631053924560547,17.855716978951897,17.523608320890137,17.562678941385226,26114200
2026-04-21,17.758037567138672,17.87525129126713,17.44546515202471,17.543142634438908,30604900
2026-04-22,17.181732177734375,17.53337709059536,17.162195935224627,17.445465862380114,29274300
2026-04-23,17.377090454101562,17.67989475332463,17.084052412817247,17.269642985989456,37998900
2026-04-24,16.712873458862305,17.113357113071284,16.693337216442693,16.99614152163222,33258900
2026-04-27,16.712873458862305,16.888695914481588,16.693337216442693,16.751944080622913,22322800
2026-04-28,17.04498291015625,17.24033975408467,16.937535434994462,17.05474916873577,28112900
2026-04-29,16.84962272644043,17.093820157258406,16.839854605638283,16.996140812315506,35530500
2026-04-30,16.546817779541016,17.054746999616558,16.47844279970845,16.65426337795856,22276900
2026-05-01,16.22447967529297,16.48821151349876,16.136568441531455,16.46867713283523,22222000
2026-05-04,16.302621841430664,16.488210556979652,16.107263141498564,16.214710612769082,19154700
2026-05-05,15.872833251953125,16.0681919449009,15.823994510255467,16.04865570299041,19676600
2026-05-06,15.22815227508545,15.648172163569097,15.218384154065065,15.599332490006462,22415500
2026-05-07,15.257455825805664,15.403974847638242,14.993723076969902,15.198848962304071,27584200
2026-05-08,14.57370376586914,15.07186678317762,14.57370376586914,15.052330540205835,26029900
2026-05-11,14.48579216003418,14.661614616064744,14.427185295716866,14.603006820208119,32414200
2026-05-12,14.720221519470215,15.159777660713827,14.603006858985022,14.68114996597515,29105600
2026-05-13,14.436952590942383,14.837436249015653,14.33927417251974,14.612775048258188,21556000
2026-05-14,14.22205924987793,14.446720446502813,14.124379901712755,14.427185135793358,21213700
2026-05-15,14.661615371704102,14.798365349851947,14.41741791753797,14.603007572826911,30642500
2026-05-18,14.80813217163086,15.081633035456168,14.544399428684132,14.554166618023434,57740000
2026-05-19,14.983954429626465,15.237919979985383,14.76906043074282,15.05232941182338,37626800
2026-05-20,14.48579216003418,14.886275815179966,14.48579216003418,14.827668950862654,23345300
2026-05-21,14.42718505859375,14.74952560165897,14.339273832023364,14.671382496160692,24850900
2026-05-22,14.329505920410156,14.38811278462089,14.153683464699332,14.30020248830479,21234000
2026-05-26,13.831342697143555,14.065772013340053,13.78250302338446,13.997397029000899,15700200
2026-05-27,13.850878715515137,14.016933044690031,13.723895938408496,13.723895938408496,15765400
2026-05-28,13.626216888427734,13.977861796218967,13.587145335510854,13.860646205929022,15923200
2026-05-29,13.538305282592773,13.655519938063012,13.411322506281863,13.557841524274117,17471200
2026-06-01,13.382019996643066,13.635985566750263,13.27457345461587,13.577377769210393,22432700
2026-06-02,13.255037307739258,13.509002879688676,13.255037307739258,13.391788215298025,17031300
2026-06-03,13.323412895202637,13.440627556671718,13.176893869711794,13.215965423534822,25223900
2026-06-04,13.460162162780762,13.743431146045127,13.362483749109176,13.655519921663208,17180800
2026-06-05,14.759293556213379,14.79836511098772,13.811808120050726,13.870414986442569,35523500
2026-06-08,14.309969902038574,14.436952685202478,14.01693371331807,14.241594915542366,31210300
2026-06-09,14.642078399658203,15.501653507336204,13.929022316112873,14.046236976495422,62976000
2026-06-10,15.237920761108398,15.257456072077817,14.515095624453611,14.915580212028814,37948400
2026-06-11,14.241595268249512,15.17931351738089,14.163452158450177,14.993723864492306,24842500
2026-06-12,14.056004524230957,14.456488163748919,13.948557057943217,14.202522610846069,17973700
2026-06-15,13.196430206298828,13.440627652315287,13.14759053078767,13.411323288084994,19247300
2026-06-16,13.68482494354248,13.694593064842092,13.176893814434587,13.25503692175283,13456700
2026-06-17,13.968093872070312,14.026700736502404,13.469930866700958,13.489467109204531,19808300
2026-06-18,13.313645362854004,13.59691437348752,13.23550225175092,13.421091907735901,13110500
2026-06-22,13.342948913574219,13.47969982497282,13.079216144174726,13.20619893371499,15799900
2026-06-23,14.231826782226562,14.290434578845057,13.880182797133575,14.173219917147394,19381900
2026-06-24,14.366015434265137,14.602817653821281,13.991078116150385,14.168679310333307,23915400
2026-06-25,14.139079093933105,14.583083485372702,13.71480775006255,13.734541738599953,23197000
2026-06-26,14.543617248535156,14.681752352983342,14.178546909245396,14.514017205070694,16257000
2026-06-29,13.8134765625,14.592951273745193,13.803609567694366,14.227880934652473,12166400
2026-06-30,13.369471549987793,13.823342940130239,13.310270524765572,13.823342940130239,9605200
2026-07-01,13.75427532196045,13.78387630591965,13.527340090750325,13.626008155344188,8255300
2026-07-02,14.247613906860352,14.454816091825,13.57667426013973,13.774009450351677,12619700
2026-07-06,13.862810134887695,14.030545277135841,13.73454202958215,13.971344251237749,11351200
2026-07-07,14.375882148742676,14.55348429206077,14.109479874733955,14.198280946393002,13503300
2026-07-08,14.316681861877441,14.731086229859182,14.267347829314206,14.56335108372522,10389900
2026-07-09,13.833209991455078,14.158813279097066,13.78387596039482,14.03054517472774,10430200
2026-07-10,13.744409561157227,14.079879858762862,13.724675571430579,13.93187775871827,13605700
2026-07-13,14.277215003967285,14.346282085845278,14.020678784179855,14.060145822534196,15568900
2026-07-14,13.961477279663086,14.178546453687668,13.872677152122852,13.951611226137539,15314700
2026-07-15,14.040410995483398,14.33641423597113,13.793741785238348,13.813475773722766,15744400
2026-07-16,14.523883819580078,14.642284931306063,14.208146580675725,14.287080655159716,13645700
2026-07-17,14.95802116394043,15.323091492077209,14.68175190445256,15.115889312219212,14587600
2026-07-20,14.938287734985352,14.958020782532843,14.523883385836058,14.681751530089434,14191500
2026-07-21,14.385748863220215,14.652152073005373,14.336414830930178,14.494282981483575,15947900
2026-07-22,14.5337495803833,14.612684594245543,14.366015381210104,14.602817599891717,17309400
2026-07-23,15.096156120300293,15.263891261490059,14.819886863445305,14.977755010219584,16672200
2026-07-24,15.441493034362793,15.520427110705768,15.076422696034431,15.175090761947356,21998400
2026-07-27,15.550027847290039,15.816431056429082,15.086289450437855,15.106023439693368,15978100
2026-07-28,15.846030235290527,16.191367521191058,15.66842903597084,15.826298127876033,18311300
2026-07-29,16.507102966308594,16.526836954635655,15.648694234416855,15.855896407009231,14931200
2026-07-30,15.411892890930176,15.924964383828916,15.342825809820523,15.855897302719264,14321700
2026-07-31,15.224424362182617,15.589494690134648,14.879087082271253,15.036955230470143,15360800
2026-08-03,14.691618919372559,15.332958507888195,14.632417893201575,15.224424391037847,15270100
2026-08-04,13.714808464050293,14.385749053757136,13.626008333914164,14.356149010378426,26950800
2026-08-05,13.961477279663086,13.98121126865095,13.527339872582306,13.616140941090926,16980100
2026-08-06,14.060145378112793,14.306814595272666,13.882543240647799,14.218013526540169,18085200
2026-08-07,13.75427532196045,14.010811537129774,13.72467527896965,13.852943386554314,19093700
2026-08-10,13.833209991455078,13.852943039298156,13.6852078982743,13.78387596039482,13835700
2026-08-11,13.931877136230469,14.030545198518293,13.74440894704566,13.74440894704566,17020800
2026-08-12,13.734541893005371,13.76414193517588,13.5964067945957,13.606273788975328,25845500
2026-08-13,13.418806076049805,13.724675384908625,13.349738053913612,13.67534135223089,24714700
2026-08-14,13.478006362915039,13.56680743486181,13.349738252432862,13.379339237060734,20233200
2026-08-17,13.50760555267334,13.537206535429945,13.339871355227718,13.408938433056406,22529200
2026-08-18,13.98121166229248,14.040411748986084,13.803609520274847,13.882543596511926,36005700
2026-08-19,14.030545234680176,14.168679393077097,13.823343056116412,13.862810092939588,28366800
2026-08-20,14.247613906860352,14.336414977697832,14.089745754690794,14.198280815033673,28870100
2026-08-21,14.1588134765625,14.326548619925669,14.060145413065909,14.079879402152583,19811100
2026-08-24,14.43508243560791,14.592950581131623,14.316681326465126,14.316681326465126,25936800
2026-08-25,14.26734733581543,14.405482434020804,14.129212237610057,14.247613347085359,30980600
2026-08-26,14.247613906860352,14.37588201574022,14.178546825528272,14.35614896720323,30833400
2026-08-27,13.852943420410156,14.119346630883623,13.843076425732976,14.02067856604862,33539000
2026-08-28,14.050278663635254,14.109479690959672,13.754275408949978,13.912144501492289,42748200
2026-08-31,14.040410995483398,14.188413086211444,14.000943959482925,14.109479014210498,28145700
2026-09-01,14.395615577697754,14.523883682768076,14.218013441297556,14.415348625648674,41721300
2026-09-02,14.346282005310059,14.504150157841206,14.316681961952572,14.435083076350933,29918000
2026-09-03,14.010811805725098,14.326549053897285,13.9516117186086,14.277215020654593,31875600
2026-09-04,13.961477279663086,14.07001233715957,13.852943163134988,13.961477279663086,25209600
2026-09-08,14.000944137573242,14.109479193681368,13.862809980298717,13.912144011168921,30336500
2026-09-09,14.070012092590332,14.168679212909435,13.951610983626384,14.089745140266805,27110100
2026-09-10,14.395615577697754,14.454815662518898,14.247613483708127,14.435082614567976,31971300
2026-09-11,14.139079093933105,14.198280118576955,14.030544979882473,14.119346046364065,29998400
2026-09-14,14.366015434265137,14.632417696023706,14.22788033570653,14.602817653821281,40497700
2026-09-15,14.563350677490234,14.602817714246237,14.366015493710227,14.385748541604038,36878400
2026-09-16,14.563350677490234,14.760685861270241,14.267347431336034,14.415348583928944,40363100
2026-09-17,14.070012092590332,14.20814624923075,14.010811067624173,14.089745140266805,26970800
2026-09-18,13.902276992797852,14.14894620575461,13.882543004096492,14.000944113399532,24991300
2026-09-21,13.103068351745605,13.626007761627239,13.034001273106602,13.616140767259274,34725200
2026-09-22,12.886000633239746,13.122802861665464,12.866266643720063,13.122802861665464,45537700
2026-09-23,13.119999885559082,13.220000267028809,12.90999984741211,12.90999984741211,52051800
2026-09-24,13.109999656677246,13.34000015258789,13.069999694824219,13.319999694824219,40919900
2026-09-25,13.010000228881836,13.180000305175781,12.960000038146973,13.069999694824219,39504200
2026-09-28,13.289999961853027,13.470000267028809,13.130000114440918,13.149999618530273,44309200
2026-09-29,13.25,13.34000015258789,13.15999984741211,13.15999984741211,36642600
2026-09-30,13.180000305175781,13.1899995803833,12.989999771118164,13.15999984741211,34132000
2026-10-01,13.100000381469727,13.3100004196167,13.010000228881836,13.09000015258789,46482900
2026-10-02,12.869999885559082,12.930000305175781,12.680000305175781,12.789999961853027,36764700
2026-10-05,12.640000343322754,12.869999885559082,12.609999656677246,12.869999885559082,20442400
