Date,Close,High,Low,Open,Volume
,QQQ,QQQ,QQQ,QQQ,QQQ
2009-01-02,26.72745132446289,26.813584237464802,25.5732525471332,25.62493262351035,107891500
2009-01-05,26.718843460083008,26.985859162242704,26.348465940023875,26.555187932942385,91751900
2009-01-06,26.98585319519043,27.24425521848119,26.79635848763587,26.916945879454225,136791700
2009-01-07,26.21926498413086,26.615481727778807,26.00392936878818,26.469053443630575,133879800
2009-01-08,26.494882583618164,26.529335412528127,25.90916970623202,26.167571673135487,131926600
2009-01-09,25.90056610107422,26.520733689997915,25.771365067675205,26.503506447443307,117137900
2009-01-12,25.426834106445312,25.96947922499575,25.15120473557013,25.935026375076674,102726200
2009-01-13,25.43543815612793,25.823041196952946,25.13396802912179,25.418210916212146,186266700
2009-01-14,24.660228729248047,25.220102525000712,24.522414096014163,25.142581588446653,136294000
2009-01-15,25.065059661865234,25.27178160355089,24.17787655794433,24.608547680509435,192567200
2009-01-16,25.340700149536133,25.49574208524163,24.72053404959483,25.409607493974057,175478100
2009-01-20,24.0831356048584,25.349310136214555,24.0831356048584,25.237334690767053,135105800
2009-01-21,25.10813331604004,25.14258780430651,24.20372435649077,24.487967313167434,149179600
2009-01-22,24.77220916748047,25.177039529313966,24.34153794059704,24.565487175722065,200602700
2009-01-23,24.892791748046875,25.280396434073637,24.238171413246135,24.36737407050841,170164100
2009-01-26,25.07367515563965,25.48711906991458,24.76359139849341,24.927246897307267,140398700
2009-01-27,25.254560470581055,25.469896083928955,25.082292965630945,25.082292965630945,110591300
2009-01-28,26.141746520996094,26.40014862686616,25.67662075897335,25.67662075897335,139722800
2009-01-29,25.478498458862305,26.184798696006755,25.392363922968674,25.823034959557205,130731800
2009-01-30,25.030609130859375,25.779977725166905,24.927248965156398,25.668002295628433,140334200
2009-02-02,25.332077026367188,25.504346144299884,24.754977617036737,24.789432097775304,126796100
2009-02-03,25.728290557861328,26.21064169837715,25.004763025647716,25.383752386041696,120541100
2009-02-04,25.762746810913086,26.589636233069243,25.659386659943554,25.78858767009546,175780900
2009-02-05,26.33123207092285,26.50350117644764,25.375141656732186,25.392368895860656,217578900
2009-02-06,27.02031135559082,27.140898763837313,26.339850082473678,26.42598464959841,164513200
2009-02-09,27.132280349731445,27.27870859511186,26.865264717407136,27.037532178344136,98856900
2009-02-10,26.133129119873047,27.287328092586037,25.92640713649046,26.960017053403394,232795200
2009-02-11,26.012537002563477,26.296779883668997,25.607705087466528,26.167577229901042,169117200
2009-02-12,26.33123207092285,26.365686549179788,25.530183523128507,25.711066248217527,201151400
2009-02-13,26.21063995361328,26.51211001244762,26.090052587231405,26.25370640078405,145066700
2009-02-17,25.168420791625977,25.556025474184494,25.030606158467396,25.400983601161087,157783300
2009-02-18,25.18565559387207,25.556033147777327,24.866959775079525,25.332083890930416,161271900
2009-02-19,24.798046112060547,25.5043465496253,24.737750769809818,25.340691049276362,155322400
2009-02-20,24.866960525512695,25.10813539179483,24.453514846536574,24.522422185885834,210752400
2009-02-23,23.996999740600586,25.021996011628673,23.885024308816856,25.00477041225292,169473500
2009-02-24,24.78944206237793,24.96170960667688,24.083139709245835,24.126207827481117,181337300
2009-02-25,24.625778198242188,25.12535670121361,24.238173479178077,24.643005439729517,220224700
2009-02-26,23.936704635620117,24.93586162770765,23.85918369288228,24.789433362856194,211218500
2009-02-27,23.712757110595703,24.100360208907553,23.59216805618023,23.686916246889474,204492600
2009-03-02,22.94615936279297,23.695527919857213,22.799731099590996,23.359604933697447,188180400
2009-03-03,22.928930282592773,23.394054220265627,22.756661183970305,23.135652215211806,158758800
2009-03-04,23.540489196777344,23.867798606355915,23.187338922147692,23.264859874420576,164911000
2009-03-05,22.83418846130371,23.46296805316239,22.756667509663014,23.28208692792099,199626900
2009-03-06,22.653303146362305,23.092587941979115,22.14511102846522,22.954773297418566,218421600
2009-03-09,22.170955657958984,23.092591866153356,22.07620745764278,22.47242586024473,181098800
2009-03-10,23.540489196777344,23.592169283999148,22.532718460110196,22.61023941238308,175068200
2009-03-11,23.902250289916992,24.108972257440925,23.480192734195608,23.78166288624807,173094900
2009-03-12,24.69468879699707,24.772209751092845,23.635237948195353,23.885026411374763,184395100
2009-03-13,24.75497817993164,24.841112740856573,24.393214338351008,24.686070859767717,156783500
2009-03-16,24.341537475585938,24.961703439013743,24.28124376783494,24.918636974300266,190269800
2009-03-17,25.263166427612305,25.263166427612305,24.37598337834646,24.462117926129142,169773800
2009-03-18,25.581867218017578,26.012538372240904,25.047834263913423,25.159808041144256,208033900
2009-03-19,25.56463623046875,25.952239226729517,25.37513989894231,25.93501363167425,146753400
2009-03-20,25.175540924072266,25.908893191562562,25.002986868569575,25.615552284566444,149410800
2009-03-23,26.65949058532715,26.694002043064067,25.192788189042588,25.796723889066744,179499000
2009-03-24,26.167705535888672,26.642226410157278,26.15044981249074,26.435162666171177,118757600
2009-03-25,26.28849220275879,26.78889666011185,25.589651863916625,26.39202489713365,190555200
2009-03-26,27.099496841430664,27.142634510115112,26.245358165825284,26.57320872637819,182459500
2009-03-27,26.59047508239746,26.90107168700446,26.495570198634827,26.74577338470096,156108100
2009-03-30,25.93476676940918,26.159086310854388,25.55515060289904,26.14183058175932,162919700
2009-03-31,26.15908432006836,26.702628226019414,26.115946646210492,26.13320237399235,150243800
2009-04-01,26.54732894897461,26.642232156941336,25.70181806725384,25.831232729460616,137950000
2009-04-02,27.40147590637207,27.841487206222173,26.944208874230462,27.021858023945022,212272400
2009-04-03,27.91050910949707,27.95365008932449,27.461871552685608,27.686191153890007,134577300
2009-04-06,27.84148406982422,27.89325126086705,27.306567948227404,27.599908781748717,160413700
2009-04-07,27.108131408691406,27.539514784612276,26.92694953509421,27.539514784612276,147531200
2009-04-08,27.56539535522461,27.73794934489986,27.16852183721025,27.37558563746247,126126000
2009-04-09,28.419525146484375,28.47991853355908,27.979515713341122,28.083046763870225,131871500
2009-04-13,28.376392364501953,28.531690612607292,28.065795868291275,28.333254693626763,119310500
2009-04-14,28.031288146972656,28.367766592759388,27.841478442705935,28.203838833185994,124069000
2009-04-15,27.95363998413086,27.97952192971529,27.47911735272314,27.83284989195205,124808200
2009-04-16,28.678359985351562,28.842284435963506,28.048537542405697,28.34187828484334,171168000
2009-04-17,28.738758087158203,28.90268256463541,28.41090584101023,28.61796799243475,129835400
2009-04-20,27.815593719482422,28.31599658366338,27.66029548444863,28.22109174101017,123080500
2009-04-21,28.203845977783203,28.246986951458382,27.677560985604632,27.712069156872882,145490200
2009-04-22,28.290124893188477,28.928570498623618,27.945016847789745,28.03992172483411,165040500
2009-04-23,28.566213607788086,28.59209556253198,28.03129903218148,28.471308718800937,181666600
2009-04-24,29.066612243652344,29.27367772332528,28.531697750355626,28.764645180789877,141170000
2009-04-27,29.101119995117188,29.385834581967554,28.773267732099903,28.833661136972335,120749100
2009-04-28,28.88542938232422,29.25641933511271,28.78189829748836,28.919940841000788,108968000
2009-04-29,29.282302856445312,29.679178070156617,29.075240675651088,29.11837835571705,141413600
2009-04-30,29.575647354125977,30.11056518506167,29.36858514766878,29.670552236749874,144120400
2009-05-01,29.653301239013672,29.799973342267847,29.342704588541263,29.56702585441354,100112000
2009-05-04,30.239961624145508,30.274473069988808,29.782696485895947,29.92073897807653,119317400
2009-05-05,30.214092254638672,30.24860371483899,29.877613745670565,30.18821030508543,113569500
2009-05-06,30.222726821899414,30.49018577553561,29.730949897390364,30.447048083967168,178840500
2009-05-07,29.515247344970703,30.429781210974028,29.23053605187512,30.429781210974028,216484700
2009-05-08,29.532512664794922,29.972525657746157,29.230545545079185,29.739578183453403,183507300
2009-05-11,29.636037826538086,29.955263907490878,29.057985658834674,29.152890532026365,142775900
2009-05-12,29.273677825927734,29.748198908315125,28.919943569108682,29.696431715416914,147842200
2009-05-13,28.48855209350586,29.032095945690916,28.43678491528097,29.014840219615955,175548300
2009-05-14,28.80778694152832,29.075245871644906,28.540331302606347,28.557583744760674,140021700
2009-05-15,28.790515899658203,29.178761465584415,28.66972912163513,28.764633958994075,121326400
2009-05-18,29.541141510009766,29.57564968634419,28.807787635392206,28.988967903128017,114333400
2009-05-19,29.67917823791504,29.972519071693284,29.29093253273882,29.472112764756375,129086400
2009-05-20,29.575647354125977,30.231352020694107,29.48937198330122,29.79133907238231,131873700
2009-05-21,29.032100677490234,29.558385598183694,28.738759868792133,29.35132343392254,139253200
2009-05-22,28.93720054626465,29.308190550026577,28.74739078865781,29.14426274438638,83510600
2009-05-26,30.015670776367188,30.0501822532176,28.626615099496124,28.687008538386554,144857200
2009-05-27,29.808582305908203,30.360752346525825,29.70505124609066,29.929369090894177,121348800
2009-05-28,30.153690338134766,30.257221398334256,29.5152416693196,29.98976259402642,118931300
2009-05-29,30.52468490600586,30.628215982157826,29.98976721496796,30.170950712225864,111535700
2009-06-01,31.396076202392578,31.490981055452007,30.723119304252478,30.85253232017528,119126200
2009-06-02,31.43922233581543,31.741192703293418,31.154510991204273,31.223530626700136,126858600
2009-06-03,31.344308853149414,31.37881701220425,30.99920093305671,31.344308853149414,93329800
2009-06-04,31.69804573059082,31.74118340153352,31.352937780662582,31.413331178221025,89280600
2009-06-05,31.73255729675293,31.991389932562154,31.421960766736802,31.88785556176099,121958800
2009-06-08,31.637659072875977,31.87923603089747,31.16313795966797,31.53412797154926,89194100
2009-06-09,31.87923240661621,32.069038855604106,31.637655476059077,31.784327536525264,109187800
2009-06-10,31.767087936401367,32.06905513893163,31.309822375085357,32.06042891508605,133404700
2009-06-11,31.767087936401367,32.120822355592104,31.706694495895317,31.72395023478214,147909800
2009-06-12,31.62040138244629,31.68079478912671,31.232155702933692,31.637653820474558,109452500
2009-06-15,30.97332763671875,31.344317602457267,30.697242540056685,31.318432361949352,112152900
2009-06-16,30.671367645263672,31.2235380248396,30.645485687219512,31.09412494342372,110550300
2009-06-17,30.96471405029297,31.240799288936657,30.58509766995681,30.80078946834692,153421800
2009-06-18,30.90430450439453,31.11136997106385,30.68861281841121,30.91293401490247,126266700
2009-06-19,31.236021041870117,31.408787304755318,31.020064037074214,31.140999432521138,122044700
2009-06-22,30.303081512451172,31.002779937815102,30.251250656955403,30.95095237756096,137714900
2009-06-23,30.233978271484375,30.45857208873744,30.035298238272247,30.389467566214236,114903100
2009-06-24,30.743629455566406,30.985500168738856,30.475841669381676,30.493118619642754,103314600
2009-06-25,31.348323822021484,31.40879152787523,30.475855560001158,30.544963392544197,112538200
2009-06-26,31.417421340942383,31.529719896116887,31.140996663006753,31.20146435535254,87677300
2009-06-29,31.486528396606445,31.74567611399885,31.201463600805393,31.503805350464873,93817600
2009-06-30,31.426061630249023,31.728400093561017,31.192827689161724,31.572910799502818,97843000
2009-07-01,31.443323135375977,31.823406058968605,31.434683014816773,31.581535407158793,85976000
2009-07-02,30.75227165222168,31.184185598434016,30.665890181075973,31.175548769416206,113309800
2009-07-06,30.588151931762695,30.700450503915636,30.268536467434807,30.562238144051474,107632500
2009-07-07,29.82796859741211,30.657245670744462,29.810691648463408,30.596774701803465,149773000
2009-07-08,29.983469009399414,30.12168135722214,29.629299662151034,30.009386090095255,152776400
2009-07-09,30.035293579101562,30.24261040975365,29.93163516377552,30.095761262645222,97851500
2009-07-10,30.164873123168945,30.354916343599402,29.853897801431486,29.948916116404302,108482000
2009-07-13,30.743629455566406,30.75226628307628,29.78478013514516,30.19078022817719,127140300
2009-07-14,30.855932235717773,30.916399922341625,30.579507583939666,30.709079785887155,115631700
2009-07-15,31.89250373840332,31.901143857117916,31.21871946921558,31.37420865368041,160869700
2009-07-16,32.27259826660156,32.34170275808577,31.719749153765324,31.745662926166823,120142500
2009-07-17,32.44538879394531,32.454025626149004,32.10849302362516,32.26398236523658,104906500
2009-07-20,32.75636291503906,32.825470750968265,32.488578288920884,32.618150538423656,97168800
2009-07-21,32.98095703125,32.98095703125,32.5144890676699,32.88593541327153,130587600
2009-07-22,33.25737762451172,33.42150375637144,32.93776219078814,33.00686671648192,113808600
2009-07-23,33.99162292480469,34.11256158592086,33.162349020028984,33.222816702966284,160239300
2009-07-24,33.73247528076172,34.00889991600896,33.49924137691407,33.628816866354406,109312300
2009-07-27,33.99162292480469,34.04345377956876,33.576985972416836,33.97434926845824,94718600
2009-07-28,33.758399963378906,34.198950795321004,33.628824444738235,33.84478144564447,111564300
2009-07-29,33.98298645019531,34.060731085529504,33.689284860626344,33.965709498427536,126538200
2009-07-30,34.181663513183594,34.708598963440906,34.1298326623375,34.33715277048055,108969900
2009-07-31,34.07801818847656,34.4235474410337,34.04346427464807,34.181676634719445,78208300
2009-08-03,34.587669372558594,34.60494632572074,34.2421368997995,34.44081691830132,111722800
2009-08-04,34.587669372558594,34.717241578411844,34.354435447732484,34.42353996513918,100690800
2009-08-05,34.31986618041992,34.674035323619066,34.0866323599853,34.665398498524624,118093000
2009-08-06,34.01754379272461,34.49264848102338,33.89660841336586,34.39762688431524,116937500
2009-08-07,34.449466705322266,34.61359286353597,34.19895575706756,34.48401732609587,107442100
2009-08-10,34.207576751708984,34.42353368396786,33.98298299206592,34.32851540177663,87163200
2009-08-11,33.91387939453125,34.1211995250964,33.73247633981279,34.09528574449139,91922700
2009-08-12,34.440792083740234,34.74313360320253,33.86202939873102,33.8879431621674,147240000
2009-08-13,34.6308708190918,34.69133852624088,34.242147490817054,34.648147777597664,110107000
2009-08-14,34.23350143432617,34.51856293475055,33.93115968480952,34.44081829004535,124480200
2009-08-17,33.2401008605957,33.697928643584206,33.22282390526225,33.65473790287172,131797200
2009-08-18,33.71520233154297,33.78431014617948,33.35239619042723,33.44741778793144,84496200
2009-08-19,33.948421478271484,34.03480620894588,33.29191400134875,33.3178277729308,88036300
2009-08-20,34.34579849243164,34.41490631145641,33.86205694022694,33.931161464009534,81473500
2009-08-21,34.80361557006836,34.864083239795946,34.32851103853411,34.5444679433443,114660200
2009-08-24,34.76905059814453,35.045475084622396,34.63947517844062,34.86407213322876,109904900
2009-08-25,34.87274169921875,35.20963415247371,34.76908324327328,34.84682790904311,92900400
2009-08-26,34.81226348876953,35.07141119806719,34.622223592746934,34.79498653545077,96407500
2009-08-27,34.89863204956055,34.95909971047603,34.26803507960127,34.803610498053246,121957800
2009-08-28,34.93319320678711,35.48604573768718,34.69132248999677,35.330556478252994,114300900
2009-08-31,34.57903289794922,34.725885367705814,34.371716028606315,34.67405450274898,96415300
2009-09-01,33.93115997314453,35.062775745638,33.827501544404086,34.45809553670835,162958900
2009-09-02,33.90523910522461,34.09528226424068,33.72383606902273,33.74974984698262,92757200
2009-09-03,34.12982940673828,34.1816602526403,33.706555698548684,34.06936173413977,76783100
2009-09-04,34.864078521728516,34.88135546720419,34.13846328795231,34.19029412437933,74866600
2009-09-08,35.19234848022461,35.22689909025452,34.95047443856454,35.14051762231707,71024400
2009-09-09,35.494693756103516,35.667460020527,35.06277974266602,35.21826905112291,99280800
2009-09-10,35.831573486328125,35.87476421334757,35.416936575507236,35.511958152094756,99289100
2009-09-11,35.86613464355469,35.95251611507287,35.60698693375823,35.85749451925772,93868400
2009-09-14,36.004364013671875,36.03027780834228,35.598363655870436,35.632917578926616,90435600
2009-09-15,36.116641998291016,36.237577364706524,35.909321873549004,35.978429680210205,91594600
2009-09-16,36.6435661315918,36.69539697518163,36.1425478245202,36.28076011218556,96888500
2009-09-17,36.63493347167969,36.8508904016696,36.462167268639504,36.54855201778022,102169600
2009-09-18,36.69632339477539,36.851963112579995,36.49745115500951,36.782791737127944,87444200
2009-09-21,36.808738708496094,36.92114592912994,36.454226672740766,36.48881401730976,71351400
2009-09-22,36.87790298461914,37.03354269280172,36.69632112611961,37.01624902540034,75638400
2009-09-23,36.704986572265625,37.32754239428068,36.644460357603485,37.03355980788246,143924100
2009-09-24,36.37637710571289,36.91246731524417,36.11697883003182,36.85194116086619,111016400
2009-09-25,36.05647659301758,36.39369490493299,35.95271787360442,36.108354303509046,109216000
2009-09-28,36.67038345336914,36.88654935519245,36.22075798176507,36.255345317679975,84478500
2009-09-29,36.506103515625,36.85196702647799,36.34181529692176,36.67038843589789,106686400
2009-09-30,36.532039642333984,36.8346706040227,35.970006943849114,36.65309202700947,173102700
2009-10-01,35.45122146606445,36.42829263978744,35.45122146606445,36.40235047870835,140119100
2009-10-02,35.347450256347656,35.667374877139785,35.20910420694322,35.20910420694322,145286400
2009-10-05,35.63279342651367,35.79708165499153,35.30422356641904,35.5290346969275,97054200
2009-10-06,36.26398849487305,36.4369218664441,35.814363048160196,35.83165671516027,124628000
2009-10-07,36.36775588989258,36.38504955945715,36.11700262885152,36.22076134780878,93787600
2009-10-08,36.523406982421875,36.851976911098326,36.436938607692895,36.58393319551655,107850400
2009-10-09,36.730926513671875,36.791452730109604,36.36776921504553,36.44558910738424,62828000
2009-10-12,36.808738708496094,37.06813719590206,36.55798540801701,36.87791339763407,53221900
2009-10-13,36.81737518310547,36.964366401925375,36.63579333257018,36.774139367283475,70939300
2009-10-14,37.318885803222656,37.362118329281685,37.0508388641682,37.275653277163634,91004900
2009-10-15,37.23243713378906,37.28431486851455,37.068148844673665,37.12002987783091,85772800
2009-10-16,36.990291595458984,37.17187337895231,36.73089328844792,37.09405355700615,111859300
2009-10-19,37.362117767333984,37.413998776882686,36.826027195718495,37.01625426563346,83512000
2009-10-20,37.37076950073242,37.57828696010961,37.128661400218306,37.57828696010961,89847900
2009-10-21,37.30160140991211,37.88957314614658,37.232430010701,37.362127621133496,110397400
2009-10-22,37.448604583740234,37.60424439070726,36.99897884121683,37.232438551667364,85871800
2009-10-23,37.29295349121094,37.81175049181517,37.19783993813295,37.81175049181517,117020400
2009-10-26,37.17189025878906,37.83767833969619,36.99895687610945,37.35346882630919,107068600
2009-10-27,36.609867095947266,37.27565864816632,36.47152101356608,37.12001889318364,121438200
2009-10-28,35.7884407043457,36.59257844939556,35.71062081616567,36.48017121126191,143553600
2009-10-29,36.39369201660156,36.48015705951199,35.918127683734326,35.99594754172569,85207600
2009-10-30,35.41663360595703,36.44558578856233,35.38204625730467,36.367765903310094,162796500
2009-11-02,35.563629150390625,35.9440801005631,35.13994236401776,35.45122191344579,142456600
2009-11-03,35.676021575927734,35.727902583567,35.312864417743285,35.373390610774024,95107000
2009-11-04,35.73656463623047,36.203480688547,35.69332879756643,35.90949479716106,107970600
2009-11-05,36.618507385253906,36.66174321019019,36.12564932653951,36.151591481187346,135204800
2009-11-06,36.83469009399414,36.877925938623854,36.38506765541814,36.41965171331732,96312300
2009-11-09,37.621524810791016,37.6301732969062,37.07678892905083,37.12002146433372,101620800
2009-11-10,37.71662139892578,37.846322244853596,37.52639766957572,37.578275369203226,72846500
2009-11-11,37.9587287902832,38.16624618218363,37.707975584843176,38.00196130539334,84676200
2009-11-12,37.742576599121094,38.18355369059904,37.65610823912398,37.98468141025168,92426100
2009-11-13,38.05385208129883,38.16625929795731,37.72528221480574,37.8549798047065,87959500
2009-11-16,38.44293212890625,38.607220278022695,38.14894645506671,38.21812110699552,87776100
2009-11-17,38.56401443481445,38.56401443481445,38.26138334356003,38.339203238229956,81884000
2009-11-18,38.34783935546875,38.46889506176449,38.08844086741077,38.44295290405719,100240800
2009-11-19,37.751216888427734,38.11437735644136,37.48316995485649,38.08843520259237,114558000
2009-11-20,37.560997009277344,37.65611056192588,37.42265092317881,37.55235182195969,70912100
2009-11-23,38.16625213623047,38.391066527362014,37.9241473751011,37.95008622852782,91621500
2009-11-24,38.03654861450195,38.17489464183077,37.81173425857422,38.14895249403635,60670000
2009-11-25,38.200843811035156,38.23543115181839,38.0538492619216,38.16625647025192,37630100
2009-11-27,37.621524810791016,37.89822029314971,37.094082602850186,37.15460881193243,61230000
2009-11-30,37.66474533081055,37.71662303268522,37.275646074602136,37.53504447926452,84819400
2009-12-01,38.05385208129883,38.30460537290982,37.94144816307095,37.9500933496921,81817800
2009-12-02,38.10572052001953,38.46888090843264,38.02790067239026,38.1835403676488,81653600
2009-12-03,37.95008850097656,38.47753387510321,37.94144331545998,38.24407428499321,72460400
2009-12-04,38.148963928222656,38.67640934626137,37.75121939274215,38.43430455047854,125062600
2009-12-07,37.967403411865234,38.29597671863379,37.889583504957734,38.123043225680235,67471900
2009-12-08,37.73393630981445,38.045215876553456,37.49183144609807,37.751229985570106,86621400
2009-12-09,38.1143798828125,38.14896392618644,37.45723358225065,37.69933837802056,78820500
2009-12-10,38.30459213256836,38.51211282248096,38.25271443391231,38.27865328324033,76722400
2009-12-11,38.1576042175293,38.5553486675836,38.001964511259395,38.51211614882635,66643700
2009-12-14,38.52077102661133,38.564003556247656,38.20949153574084,38.417012295798024,47965500
2009-12-15,38.30459213256836,38.62451670185538,38.19218495476447,38.39970564467707,61171100
2009-12-16,38.35646438598633,38.6504500389289,38.295938219065384,38.45157787641315,61629700
2009-12-17,37.88957977294922,38.22679823685604,37.83769874064367,38.18356569248393,90440900
2009-12-18,38.50709915161133,38.524421680312244,38.108690903293905,38.247267828966685,96442600
2009-12-21,38.94015121459961,39.08739105189111,38.68897951235402,38.7063020405021,82357400
2009-12-22,39.174007415771484,39.225975009537734,39.00078540715232,39.07007553217399,51569100
2009-12-23,39.45981979370117,39.46847940638878,39.15668048668061,39.25195274591751,73932200
2009-12-24,39.82358169555664,39.82358169555664,39.49446025729771,39.503123173636766,31770400
2009-12-28,40.03143310546875,40.10071988945412,39.78892110168686,39.91883836456763,49381400
2009-12-29,39.86688995361328,40.05743448300781,39.83224819694277,40.040111952705146,32410200
2009-12-30,39.988155364990234,40.06610512083359,39.80627370266765,39.823596237736815,57612700
2009-12-31,39.624393463134766,40.083429095175,39.624393463134766,40.066106559483835,50079200
2010-01-04,40.20466232299805,40.265292817887186,40.07474832978047,40.126715909427965,62822800
2010-01-05,40.20466232299805,40.273952429194715,39.97947608572711,40.17868018514135,62935600
2010-01-06,39.96215057373047,40.31725408162443,39.901523387304714,40.187340098112315,96033000
2010-01-07,39.988155364990234,40.07476804033604,39.771628632529335,40.02280043512856,77094100
2010-01-08,40.3172607421875,40.3172607421875,39.7802755863043,39.9015299791875,88886600
2010-01-11,40.152706146240234,40.3952149589753,39.94483908965676,40.36923281587791,104673400
2010-01-12,39.650352478027344,39.962151330656404,39.43382586413871,39.910187057840844,90673900
2010-01-13,40.14401626586914,40.265273894726796,39.503099604427206,39.77159037992347,100661000
2010-01-14,40.17868423461914,40.291279016569725,40.031447700012905,40.06608945266856,75209000
2010-01-15,39.71098709106445,40.31726238410538,39.53776841071094,40.24797557275089,126849300
2010-01-19,40.35191345214844,40.39521812868703,39.7976056630104,39.80626527674411,84388200
2010-01-20,39.7716178894043,40.36057070692464,39.347227458621454,40.06609429816447,145680000
2010-01-21,39.39917755126953,40.14402620361736,39.23461523761978,39.884194971037104,204939600
2010-01-22,38.24726486206055,39.39052523615993,38.143333001851765,39.269270848593976,171098700
2010-01-25,38.3771858215332,38.62835423230582,38.21262344792903,38.48111769164375,154218700
2010-01-26,38.41183090209961,38.87952931400189,38.151999552354404,38.33388116678256,140816500
2010-01-27,38.714969635009766,38.844883655918075,38.11735390545314,38.342543494656596,161632700
2010-01-28,37.71894073486328,38.481115447064155,37.519736618798106,38.45513330703569,221439800
2010-01-29,37.060707092285156,38.12601795424225,36.92213015017533,38.03074568705395,212099600
2010-02-01,37.4677848815918,37.485107416915376,37.1386666222512,37.15598915757478,136827100
2010-02-02,37.805564880371094,37.918156390716156,37.26857626083992,37.52841095593873,110727700
2010-02-03,38.01340866088867,38.0826987574891,37.60633760319533,37.62366012734543,93581600
2010-02-04,36.91345977783203,37.81421137159866,36.91345977783203,37.73626165090858,151652500
2010-02-05,37.225250244140625,37.25989529082186,36.48039826016164,37.008723658283174,213618600
2010-02-08,36.95676803588867,37.39848426404156,36.93078589444482,37.16463507924319,94354400
2010-02-09,37.337852478027344,37.68429310248102,37.03471321470444,37.39847966990509,118956000
2010-02-10,37.25990676879883,37.511078478711376,37.02605758756313,37.337856495877396,94102900
2010-02-11,37.822845458984375,37.92678055238801,37.034689172299586,37.26853817655973,93050800
2010-02-12,37.900821685791016,38.004756852026446,37.38115907035119,37.48509093265229,93938500
2010-02-16,38.38584899902344,38.41183114298043,37.97877778937779,38.17798523949771,83861400
2010-02-17,38.60237503051758,38.60237503051758,38.33388076635574,38.55907035666821,82691700
2010-02-18,38.84487533569336,38.91416544181766,38.498434716874186,38.57638443429697,65752600
2010-02-19,38.82756805419922,39.01810929677224,38.64568312165276,38.74095539490683,80416500
2010-02-22,38.749629974365234,39.000798502063624,38.59373044465664,38.983475964991996,72055000
2010-02-23,38.24726486206055,38.74960824361581,38.065383280711615,38.723622800612915,95814400
2010-02-24,38.63703536987305,38.792934900527854,38.38586353671406,38.44649076486469,86591000
2010-02-25,38.62836837768555,38.71498105443998,37.96146893832326,38.22995997642252,97961300
2010-02-26,38.76691436767578,38.8535269751952,38.455118892405316,38.61967789079249,66222400
2010-03-01,39.329898834228516,39.39918894505227,38.93149060879492,38.94015022068072,77290100
2010-03-02,39.45116424560547,39.71099562591431,39.364554886814275,39.46848677815076,76368500
2010-03-03,39.49446487426758,39.68500940878739,39.34722831863675,39.546432466573414,65735500
2010-03-04,39.624393463134766,39.676361070208245,39.32125734837912,39.52046155292367,54470900
2010-03-05,40.22198486328125,40.308597496056656,39.83223957956132,39.91884890840261,68136300
2010-03-08,40.2999153137207,40.395187512257664,40.22196563345706,40.23928815173037,58712400
2010-03-09,40.52511215209961,40.75029832293369,40.18733124388192,40.21331337407308,98002800
2010-03-10,40.854248046875,40.949520304561226,40.5337895196951,40.551112048723006,102578900
2010-03-11,41.01014709472656,41.01014709472656,40.68968857074627,40.75897868616609,67510300
2010-03-12,41.01880645751953,41.16604298412921,40.79361690584862,41.14006084506498,64068300
2010-03-15,40.91486358642578,41.03611794133957,40.62904691790039,40.93218280518486,60150500
2010-03-16,41.17469787597656,41.235325057934745,40.90620371020918,41.044780598104104,74950600
2010-03-17,41.28728103637695,41.48648837016732,41.166026696805744,41.23531677880813,75643500
2010-03-18,41.425872802734375,41.46917746414794,41.22666541315099,41.32193765062116,77829400
2010-03-19,41.17531967163086,41.57415329307517,41.02792262438105,41.548140103876925,86337100
2010-03-22,41.548126220703125,41.712864236551056,40.96721700629043,41.010567897185844,71902800
2010-03-23,41.834251403808594,41.87760229817521,41.4180768644588,41.60882476862542,59182600
2010-03-24,41.63484191894531,41.76489462477034,41.53946795019654,41.76489462477034,62995700
2010-03-25,41.57412338256836,42.13769136198618,41.530772508376174,41.981625568926546,76294800
2010-03-26,41.617488861083984,41.903610684585146,41.392062251702555,41.74754483675921,78067900
2010-03-29,41.8169059753418,41.96430296960007,41.70419101590441,41.82557813777746,57993300
2010-03-30,41.95562744140625,42.094352262100095,41.66950894573921,41.9469585871269,49437300
2010-03-31,41.75621032714844,42.007650095881665,41.678177409522974,41.825574390575774,59947400
2010-04-01,41.75621032714844,42.224407832901214,41.43540980244846,41.9296171782562,83728600
2010-04-05,42.1463737487793,42.24174767962191,41.73886815607379,41.85158310229328,56220300
2010-04-06,42.26777648925781,42.39783250913263,41.955644687527844,42.051018661107776,54097100
2010-04-07,42.16372299194336,42.37180860215059,41.9382930555142,42.207073885114774,77211500
2010-04-08,42.25910186767578,42.32846264334342,41.8255862705031,42.042344069089445,68314300
2010-04-09,42.510536193847656,42.52787721372985,42.16372571858769,42.267768530419545,54227300
2010-04-12,42.545223236083984,42.657938224840656,42.43250824732731,42.52788221416282,44280600
2010-04-13,42.7619743347168,42.78798420978377,42.36314081553741,42.50186566166334,59376000
2010-04-14,43.273521423339844,43.282190278927644,42.918038809939794,42.98740288448669,69004800
2010-04-15,43.464256286621094,43.51627601947023,43.23882641940775,43.23882641940775,72254200
2010-04-16,42.94402313232422,43.45557130162076,42.65790476371247,43.30817769209998,127388000
2010-04-19,42.91804504394531,43.05676990572829,42.39782763912456,42.787989039009325,98251700
2010-04-20,43.134803771972656,43.24751875816959,42.85735404245841,43.15214479350001,69543700
2010-04-21,43.377532958984375,43.51625770061725,43.10875563251621,43.42955597739373,74748700
2010-04-22,43.62031936645508,43.66367024359932,42.70993440912642,42.961374127006906,110477200
2010-04-23,43.80241775512695,43.84576865475718,43.429594064876035,43.61166982779998,77205200
2010-04-26,43.707027435302734,43.915116306102554,43.61165350733034,43.84575224668248,67361000
2010-04-27,42.779293060302734,43.7243566156154,42.66657814798302,43.53360881129887,112608000
2010-04-28,42.805320739746094,43.030750658221876,42.46717916949329,43.00473747842182,130082100
2010-04-29,43.55096435546875,43.63766943521161,43.013406090905406,43.048088122802554,84180200
2010-04-30,42.69260025024414,43.60298197572834,42.65791822266412,43.533617920568304,110897000
2010-05-03,43.29085159301758,43.498937149588485,42.85733615812452,42.874677172415474,74169700
2010-05-04,41.990318298339844,42.76197548234098,41.68685872287692,42.76197548234098,141136500
2010-05-05,41.7735481262207,42.05099774364379,41.30535065652161,41.54811824490173,128560200
2010-05-06,40.377628326416016,41.89493238555865,36.9701966604303,41.487426808430165,274356800
2010-05-07,39.37187576293945,40.57704826819589,38.392129852009724,40.0741720312545,288200400
2010-05-10,41.418087005615234,41.44409688711144,41.01925338785052,41.123296221297394,136041600
2010-05-11,41.37472915649414,41.95563846215931,40.923872543944626,41.00190548279861,113016100
2010-05-12,42.155052185058594,42.18973422369598,41.53079202689188,41.60015279670541,85462400
2010-05-13,41.48745346069336,42.302465138528035,41.38341061303069,41.97299226222333,102844300
2010-05-14,40.68976593017578,41.20131436297904,40.212899531875316,41.175304490832374,147386100
2010-05-17,40.81980895996094,40.984543610412885,39.944106057526355,40.767785924705684,120969600
2010-05-18,40.256256103515625,41.2533432377161,40.07418035786691,41.16663813922053,153072100
2010-05-19,39.93544006347656,40.42964735766158,39.49325250080994,40.10884357848461,159000300
2010-05-20,38.45282745361328,39.259166630549196,38.36612566774407,39.15512382601392,189289800
2010-05-21,38.87765884399414,39.571282780391485,37.70716865803986,37.854562297510626,190631100
2010-05-24,38.72162628173828,39.30253910097858,38.70428525501113,38.86035118809284,113038000
2010-05-25,38.75628662109375,38.808306364667295,37.481749984169056,37.87191459827466,155643000
2010-05-26,38.32277297973633,39.51060458930324,38.25340890832114,39.02506601177981,140203200
2010-05-27,39.77070999145508,39.788051007891475,39.09442688773907,39.189800824408906,110671600
2010-05-28,39.5366096496582,39.874754495454255,39.18979925718154,39.84007246396842,128535300
2010-06-01,39.17246627807617,40.10018931216061,39.12911538355527,39.389224058141906,104242700
2010-06-02,40.10019302368164,40.126202901309306,39.129119005197396,39.39789656058073,97249300
2010-06-03,40.48169708251953,40.55106118588342,39.952810677951106,40.2129194506407,98928400
2010-06-04,39.094451904296875,40.13489040403291,38.964395851531314,39.623341667931356,112849900
2010-06-07,38.38347625732422,39.41524231926747,38.34012535358008,39.29385846579908,88436600
2010-06-08,38.314090728759766,38.56553046024286,37.79387355996586,38.45281552760215,133030100
2010-06-09,37.99330139160156,38.93836539439878,37.880586425911694,38.58288278641787,101949200
2010-06-10,39.07709884643555,39.120449748190396,38.357464616412045,38.46150744211604,76892300
2010-06-11,39.44990921020508,39.484591242861754,38.67825217462774,38.67825217462774,74346800
2010-06-14,39.441246032714844,40.09151935505105,39.37188195741763,39.81406636132334,68085000
2010-06-15,40.499019622802734,40.55104267658001,39.40656195316783,39.64932958920648,76332600
2010-06-16,40.66374969482422,40.871835254357336,40.31693601898857,40.386300077139836,78399700
2010-06-17,40.7938117980957,40.90652676498707,40.438329186325475,40.88918574642985,77111900
2010-06-18,40.82768630981445,41.123035662477164,40.70607245525846,40.87111935590888,75921400
2010-06-21,40.480224609375,41.41839452635276,40.245685443860324,41.348898985659694,95488100
2010-06-22,40.167503356933594,40.94930828281784,40.089322532972204,40.653958871600324,94493400
2010-06-23,40.00244140625,40.36728624923644,39.689718201898394,40.21092464706064,92397600
2010-06-24,39.39437484741211,39.95032913592056,39.26407570167089,39.82871196067455,114145900
2010-06-25,39.40220642089844,39.74165498064142,39.12368435545574,39.611096309858006,88740300
2010-06-28,39.2629508972168,39.64591796087392,39.0018368392576,39.40221194947806,71350000
2010-06-29,37.74848937988281,38.69720646997674,37.487375285046454,38.662390371933,136384200
2010-06-30,37.17402648925781,38.00959268361121,37.11309999510152,37.6266256745938,101313200
2010-07-01,37.06959533691406,37.39163597159167,36.355881865333345,37.28719098849955,158695000
2010-07-02,36.96514892578125,37.26978149813389,36.634402618479804,37.130520419308965,78565300
2010-07-06,37.07829666137695,37.748491647879156,36.773664085805976,37.513487952333236,88591900
2010-07-07,38.26200866699219,38.30552712198755,37.165328327980816,37.20014442007522,72448400
2010-07-08,38.470890045166016,38.62755909107065,38.01829094813532,38.56663260880155,78264600
2010-07-09,38.83646011352539,38.84516579649409,38.36645616081753,38.453493069033186,47851200
2010-07-12,38.94961166381836,39.19331766873359,38.69719997573028,38.801648252332775,60927500
2010-07-13,39.454429626464844,39.602393017648424,38.993124768712555,39.28905487132456,93310500
2010-07-14,39.65461730957031,39.87221287648363,39.37609524954086,39.53276100309318,87687100
2010-07-15,39.689422607421875,39.8112788909659,39.158492313079066,39.57627532449734,95992500
2010-07-16,38.5927619934082,39.715556267943626,38.55794589491581,39.55018146022771,98831900
2010-07-19,38.923492431640625,39.00182696121303,38.38385308558868,38.70589688507778,81800800
2010-07-20,39.39349365234375,39.39349365234375,38.17496066529124,38.29681363197206,89061200
2010-07-21,38.85386276245117,39.82868994409387,38.784233909599074,39.81128522106441,83577000
2010-07-22,39.83741760253906,40.020197177383245,39.376115822147575,39.40222624134057,82890300
2010-07-23,40.089805603027344,40.12461836788089,39.49794543733694,39.56757428728866,81056100
2010-07-26,40.420562744140625,40.4379707928455,39.959261074321745,40.14204060535423,64850900
2010-07-27,40.40315246582031,40.66426986173808,40.22037294487437,40.59463767076117,67655600
2010-07-28,40.08110809326172,40.542413014250556,39.933144681795035,40.359630190342195,51988200
2010-07-29,39.785186767578125,40.39445523506435,39.38481157932142,40.31612067038404,85669500
2010-07-30,39.87220001220703,40.11590590604287,39.22811588104174,39.4544170569554,98958100
2010-08-02,40.62074661254883,40.72519489523512,40.22037148965453,40.37704059343847,68706800
2010-08-03,40.44667053222656,40.646858082539154,40.25518534486438,40.59463394410075,60856600
2010-08-04,40.855743408203125,40.89926517880416,40.47277639672658,40.62944547420447,43820600
2010-08-05,40.760009765625,40.83834099491955,40.49019002382179,40.65556148607482,39150200
2010-08-06,40.699073791503906,40.777408329205,40.081103171998,40.31610678510128,71339200
2010-08-09,40.977596282958984,41.073335537619926,40.72518464370689,40.90796411202958,26927600
2010-08-10,40.62074661254883,40.86445595190468,40.28129799443212,40.64686034334315,86694500
2010-08-11,39.5153694152832,39.96796542309971,39.34999460449836,39.950560693776424,92219700
2010-08-12,39.2020263671875,39.37610352133576,38.688500588585185,38.75812945809716,66000200
2010-08-13,38.923492431640625,39.21942250777588,38.91478675044116,39.054047767431605,46387300
2010-08-16,38.99312210083008,39.26294177953583,38.55793099854348,38.73200810350705,55472900
2010-08-17,39.48925018310547,39.84610684897842,39.19332002211969,39.27165457415256,56927100
2010-08-18,39.64592361450195,39.88092729625108,39.262956496232555,39.410919932752826,61835400
2010-08-19,39.04536056518555,39.567588751584935,38.78424647198585,39.41091963161595,82969500
2010-08-20,39.09756088256836,39.19330344124266,38.766818087458695,38.984413604356995,65806700
2010-08-23,38.714599609375,39.46312882781539,38.69719156705725,39.34127585183571,69612200
2010-08-24,37.99220275878906,38.401280333150495,37.83553362129023,38.27072493206561,79095800
2010-08-25,38.35774612426758,38.52311755920586,37.66144097683686,37.722367469721746,87247900
2010-08-26,37.89645767211914,38.57535501025372,37.86164157266455,38.488318081863234,91199000
2010-08-27,38.35774612426758,38.43608066086883,37.400326961580944,38.17496664561292,109568800
2010-08-30,37.957366943359375,38.51441100060356,37.94866126232741,38.17496248573566,49373200
2010-08-31,37.82681655883789,38.16626514790978,37.58311056058016,37.75718769658363,72066900
2010-09-01,38.95831298828125,39.08887167043157,38.35775035492921,38.38386076326119,83523100
2010-09-02,39.39349365234375,39.41090169333306,38.93219218698227,39.02793475230129,41816800
2010-09-03,40.04629135131836,40.05499703434886,39.64591625829189,39.828695758989376,64041100
2010-09-07,39.776485443115234,40.06370997429167,39.71555892679763,39.88093042533883,51195200
2010-09-08,40.255184173583984,40.42926130973501,39.880919492945104,39.88962517588752,66879800
2010-09-09,40.41187286376953,40.646876613512966,40.31613022643923,40.612060505347976,61476400
2010-09-10,40.55982208251953,40.62074859026347,40.25518954379985,40.45537711499359,66995700
2010-09-13,41.12557601928711,41.230020996968804,40.85575623000958,40.873164279664195,64523400
2010-09-14,41.29964828491211,41.517243899352906,40.97760770520849,41.07334698655615,91405800
2010-09-15,41.56076431274414,41.6042827736298,41.07334891818579,41.19520525700968,67108200
2010-09-16,41.72612762451172,41.760943714503455,41.377976685329614,41.48242163505974,66885800
2010-09-17,41.86745071411133,41.9983117593391,41.65806838251993,41.9983117593391,76372600
2010-09-20,42.60029220581055,42.68753291967398,41.97214841633015,42.024491513440246,84475000
2010-09-21,42.59157943725586,42.896925359145065,42.40837188412233,42.626477064906325,82272000
2010-09-22,42.478153228759766,42.76605359311966,42.24259929283443,42.41708405959617,88315900
2010-09-23,42.46070861816406,42.888196172603,42.15536274215086,42.198983106149825,85040000
2010-09-24,43.324405670166016,43.35057722247897,42.879472640743955,42.94054181482109,79495900
2010-09-27,43.08884048461914,43.40291234259643,43.05394287195066,43.298222832610506,43859800
2010-09-28,43.071407318115234,43.21972056180113,42.39092026408309,43.19354567878555,104922900
2010-09-29,43.001609802246094,43.21098887101253,42.84457383666112,43.01033254343624,81679200
2010-09-30,42.8096809387207,43.481445237162475,42.53050659755278,43.219719708320135,122458600
2010-10-01,42.75733184814453,43.21099095639264,42.55667551088448,43.16737059229619,77675400
2010-10-04,42.294960021972656,42.79223961216992,42.05068326272382,42.635203601789605,71359900
2010-10-05,43.324405670166016,43.4116463965561,42.74860822313843,42.774779775451385,99301300
2010-10-06,42.94926071166992,43.36802215129381,42.670086418587324,43.2720553640429,81831200
2010-10-07,43.10630416870117,43.219719785008344,42.748611835443796,43.1935449024632,75693300
2010-10-08,43.402923583984375,43.50761312108496,42.818403396484015,43.12374926636922,83223900
2010-10-11,43.42036437988281,43.638469483260955,43.28949998664802,43.42908711968924,46880000
2010-10-12,43.71699142456055,43.804232142628265,42.97543200890465,43.35057308703197,88571700
2010-10-13,44.07466506958008,44.27532129876396,43.86528277546461,43.99614712528911,71122900
2010-10-14,43.98744201660156,44.17937560031242,43.76933688166478,44.10085761861436,68464000
2010-10-15,44.92094421386719,44.92966695671404,44.1706618642426,44.52835422534026,104654000
2010-10-18,44.75517272949219,45.121591084350044,44.75517272949219,44.929657501899726,72399400
2010-10-19,44.336402893066406,44.7551642708876,43.98743341420561,44.336402893066406,105739800
2010-10-20,44.65921401977539,44.99073481453953,44.38003966461217,44.45855766000313,80861400
2010-10-21,44.74645233154297,45.11286737756722,44.310242041692916,44.93838259602312,85885400
2010-10-22,45.05181884765625,45.095439231025665,44.676677560239824,44.75519558151354,47406900
2010-10-25,45.26988983154297,45.56651287319658,45.23499222004974,45.23499222004974,51413900
2010-10-26,45.39205551147461,45.49674840907561,44.85987826341115,45.04308917020219,60498300
2010-10-27,45.531620025634766,45.566517640779296,45.069238273038856,45.15647898288043,57483400
2010-10-28,45.62761306762695,45.75847753573781,45.22630024651876,45.72357990050536,61220000
2010-10-29,45.522911071777344,45.79336267901997,45.514185001338774,45.62760062089482,46668700
2010-11-01,45.55779266357422,46.02017439346169,45.34841031100994,45.688653721909745,60555600
2010-11-02,46.046356201171875,46.17722061669075,45.87187475117382,45.932943924277204,48137500
2010-11-03,46.2557373046875,46.2731861148026,45.67993988297024,46.08997860062443,126225800
2010-11-04,46.822811126708984,46.98857316753436,46.674501224939355,46.76174195209556,84201000
2010-11-05,46.822811126708984,46.944952803956255,46.68322396644681,46.84898600727218,77937100
2010-11-08,46.88388442993164,46.962402416921165,46.630881657629786,46.74429726728587,39623500
2010-11-09,46.630889892578125,47.14561826973853,46.421507447622595,47.06710026888284,66828700
2010-11-10,46.86643600463867,46.910056369320934,46.32553283291297,46.691951217889105,83553700
2010-11-11,46.56980895996094,46.65704968200897,45.94166511155042,46.15977024469071,85163600
2010-11-12,45.81080627441406,46.56108855618929,45.46184001574182,46.3255345843747,99164300
2010-11-15,45.63633346557617,46.133613057726144,45.6188846501297,46.0463689804938,56723400
2010-11-16,44.88604736328125,45.58398328384113,44.3625929268456,45.31353165861499,101097000
2010-11-17,45.01689529418945,45.25244922240568,44.79879017488036,44.91220576876669,77836200
2010-11-18,45.74101257324219,46.05508452343518,45.47928705742152,45.505458610597444,71488300
2010-11-19,45.77590560913086,45.880595139364495,45.48800524096317,45.67993881974163,54506100
2010-11-22,46.15977478027344,46.15977478027344,45.514182058414406,45.59270004718077,69918900
2010-11-23,45.42692947387695,45.75845015416197,45.16520402229181,45.6886549254621,76818300
2010-11-24,46.34298324584961,46.456398860359165,45.85442981969264,45.87187863177262,53444200
2010-11-26,46.03764724731445,46.35171927620231,45.950403168167085,46.046369991218526,23640300
2010-11-29,46.002742767333984,46.15105601579479,45.45311679860177,45.97657121149654,89269100
2010-11-30,45.44438171386719,46.01145634182089,45.26117421672027,45.52289968807585,118862100
2010-12-01,46.404048919677734,46.639602872937466,46.0987030513894,46.116151862151646,81758800
2010-12-02,46.875160217285156,46.944955465383316,46.421501088708894,46.47384752478252,56844600
2010-12-03,46.99729919433594,47.05836837321834,46.67450448766887,46.67450448766887,38014200
2010-12-06,46.979854583740234,47.06709865281826,46.83154465833901,47.00602946847412,39312000
2010-12-07,47.00603485107422,47.56438364502559,46.95368840363328,47.54693482921194,59067300
2010-12-08,47.180511474609375,47.2415806553241,46.84026461745782,47.12816503627358,48066900
2010-12-09,47.224124908447266,47.494573146752735,47.06708894451881,47.468401595438074,51679800
2010-12-10,47.5382080078125,47.590551122742475,47.189238377514464,47.363723192663485,44696200
2010-12-13,47.372432708740234,47.756299860491,47.34626115858273,47.721402241600906,53110200
2010-12-14,47.45968246459961,47.65161273554099,47.311369230487095,47.49457675966681,69884800
2010-12-15,47.25029373168945,47.72140159627464,47.13687813584041,47.43350123635478,76951900
2010-12-16,47.61672592163086,47.68651785075092,47.163066734276875,47.293927849384865,65519400
2010-12-17,47.658668518066406,47.79853241437474,47.56251146411349,47.67615192193224,36844200
2010-12-20,47.69363784790039,47.86846522656717,47.34397642132984,47.74608472765303,48159600
2010-12-21,47.98211669921875,47.98211669921875,47.74609568232469,47.87721958102781,35775400
2010-12-22,47.9733772277832,48.04330752919529,47.89470355455754,47.96463385596963,35766500
2010-12-23,47.85097885131836,47.964615965554685,47.73733840246397,47.88594232167365,21664800
2010-12-27,47.8772087097168,47.95588236415066,47.38768337828179,47.711121365742414,29263700
2010-12-28,47.789794921875,48.008332495144124,47.684897820399065,47.9733690177313,24160500
2010-12-29,47.894691467285156,47.99084852525133,47.84224125349857,47.920914906869214,24132700
2010-12-30,47.781063079833984,47.90344360831192,47.68490599756723,47.894703571114626,27553300
2010-12-31,47.606231689453125,47.746095625079775,47.38769408162278,47.71987217921829,38540100
2011-01-03,48.34925079345703,48.68142548248537,48.0345561746988,48.05203957958742,90994300
2011-01-04,48.314292907714844,48.55905395212789,48.008338267579404,48.52408713589199,43851500
2011-01-05,48.72515106201172,48.74263113780655,48.13946848429762,48.16569193260945,43787400
2011-01-06,48.882476806640625,48.91744361439341,48.672682629360544,48.77757971800059,46139600
2011-01-07,48.838783264160156,48.9961306072786,48.35800119779566,48.96990716163194,72261700
2011-01-10,49.0223388671875,49.109752542731485,48.585263820231624,48.73386773558,55551800
2011-01-11,49.09228515625,49.267115898991605,48.9087143769499,49.22340904696097,56663800
2011-01-12,49.44193649291992,49.44193649291992,49.12724188750536,49.32829603327169,51979300
2011-01-13,49.45943069458008,49.59055125238222,49.31082339419473,49.47691076792508,47364500
2011-01-14,49.8265495300293,49.84403293001851,49.35450773417343,49.4768881994803,43867400
2011-01-18,49.9664306640625,50.0276209178637,49.380751567788494,49.45068185729612,65805600
2011-01-19,49.39822769165039,50.05384035965892,49.23214034955088,50.05384035965892,67767200
2011-01-20,49.048561096191406,49.25835524618262,48.67267629828776,49.18842497439151,92357800
2011-01-21,48.67269515991211,49.38075819341103,48.64647171465558,49.29334115152397,59673300
2011-01-24,49.34578323364258,49.35452326907942,48.67268712797243,48.76884419087082,64103300
2011-01-25,49.415706634521484,49.43319003757735,48.99611496503534,49.10101204875233,55305100
2011-01-26,49.67797088623047,49.80909145087931,49.34579278680536,49.48565672320236,60547700
2011-01-27,49.98393249511719,50.13253649923586,49.75665146754515,49.83532515637855,53656100
2011-01-28,48.71638488769531,50.01887000967146,48.489107327924884,49.97515983678429,123359900
2011-01-31,48.95240783691406,49.09227172592052,48.41917571800877,48.786320510787064,70571300
2011-02-01,49.87027359008789,49.983914061965386,49.26711108788038,49.31955797134789,76952900
2011-02-02,49.791595458984375,49.975166203873485,49.68669836685037,49.76537201960548,48661000
2011-02-03,49.8790168762207,49.94894716559892,49.30207781672077,49.695442780538066,45341900
2011-02-04,50.15875244140625,50.193715924180125,49.73916063654658,49.870281199841905,47647800
2011-02-07,50.3947639465332,50.67449176365026,50.17622638099684,50.25490003797467,45627100
2011-02-08,50.72693634033203,50.761903149537524,50.31608800333213,50.412241726719536,38099900
2011-02-09,50.63953399658203,50.80562137558855,50.48218665452566,50.64827403353218,62540800
2011-02-10,50.718196868896484,50.788127153466036,50.25489831294039,50.30734519271293,70194700
2011-02-11,51.08535385131836,51.120320671511905,50.49967461886431,50.56960492463189,47853500
2011-02-14,51.207733154296875,51.27766345382671,51.03290240354347,51.08534929453604,48506100
2011-02-15,51.137794494628906,51.1989847511863,50.90177350449943,51.08534427417162,39723800
2011-02-16,51.4699592590332,51.6098231428369,51.25142173217629,51.268905134479006,53061700
2011-02-17,51.452484130859375,51.54864119167842,51.18149635351648,51.21646316374496,38361900
2011-02-18,51.338836669921875,51.54863416808894,51.14652257448691,51.452477120371455,44334300
2011-02-22,49.852787017822266,50.81435428062021,49.77411336299897,50.63952356605526,92598100
2011-02-23,49.44193649291992,50.0276155260716,49.06605164029902,49.85278481921703,97842900
2011-02-24,49.70417785644531,49.85278178071241,49.0747886839772,49.546830563328285,98716100
2011-02-25,50.3947639465332,50.45595419811389,49.93146204005545,49.98391225624688,54094600
2011-02-28,50.499664306640625,50.74442532877528,50.202453064926196,50.59582137522748,51402800
2011-03-01,49.68672180175781,50.71821980900384,49.56434124744388,50.71821980900384,91993900
2011-03-02,49.94895935058594,50.27239410392653,49.64300800750964,49.66049141777394,61552900
2011-03-03,50.936744689941406,51.02415839692056,50.412252444208995,50.412252444208995,64146600
2011-03-04,50.67448806762695,50.92798909084949,50.34231005854639,50.9192490560977,62328400
2011-03-07,49.99266052246094,50.9280011901822,49.53810191115223,50.884294336802725,98470000
2011-03-08,50.193721771240234,50.421002776152186,49.62552592819962,49.93147727948152,62399100
2011-03-09,49.852787017822266,50.0625845422239,49.581802578134194,50.01013432746886,84764200
2011-03-10,49.074798583984375,49.406976640311406,48.873744409912945,49.293336164664474,102894400
2011-03-11,49.38074493408203,49.52934886345931,48.795062581868635,48.795062581868635,81679400
2011-03-14,49.2059326171875,49.46817710117963,48.83004763410495,49.1097755283125,73565800
2011-03-15,48.5066032409668,48.795071115639196,47.6149695049104,47.76357346027703,101276500
2011-03-16,47.335243225097656,48.3754809507768,47.003065155325395,48.104493139302186,176507700
2011-03-17,47.77230453491211,48.28805322984538,47.31774608051177,48.086995771388025,94434500
2011-03-18,47.6646614074707,48.33870751561848,47.629645244607815,48.33870751561848,94887200
2011-03-21,48.583805084228516,48.8289115007543,47.70842120883701,48.39121956305855,57423000
2011-03-22,48.49625778198242,48.68008755552149,48.39120933482544,48.65382711339413,36162100
2011-03-23,48.76763153076172,48.90769280758458,47.988540469726765,48.32118725442766,60365100
2011-03-24,49.634254455566406,49.73929956031811,48.86391589563201,49.135286033841226,69502400
2011-03-25,49.756805419921875,50.08945213270889,49.66051268680009,49.79182156638862,74131100
2011-03-28,49.485435485839844,49.98440388729508,49.459175045549635,49.975651520306194,37824000
2011-03-29,49.9669075012207,49.9669075012207,49.22282928855839,49.37164626682049,47994800
2011-03-30,50.20325469970703,50.273286999754845,49.96690403535531,50.21201040687494,44935900
2011-03-31,50.27328872680664,50.31705724617819,50.02818234686681,50.1157193856099,50004300
2011-04-01,50.299556732177734,50.68472777492826,50.15074307607829,50.52715841004386,68031800
2011-04-04,50.133235931396484,50.49214319380007,49.914389958240044,50.43961895808569,48659100
2011-04-05,50.001914978027344,50.32580934466228,49.896869871203876,50.03693112674308,55349400
2011-04-06,50.12446975708008,50.53590116929626,49.83559486927584,50.3870875414961,49532100
2011-04-07,50.08946228027344,50.42210572112677,49.730555054587526,50.10697035705375,60697000
2011-04-08,49.85310363769531,50.395840610345644,49.590489188949924,50.31705594178963,42782200
2011-04-11,49.68677520751953,50.15073081932227,49.511701146502,50.04568237552335,42451700
2011-04-12,49.34538650512695,49.581740544462825,49.15280432958705,49.4591873402126,50422800
2011-04-13,49.765567779541016,49.896876685495684,49.37164774032541,49.71304688861851,49979800
2011-04-14,49.67802047729492,49.748052769829826,49.222820593788555,49.42415842584115,53544100
2011-04-15,49.59049987792969,49.78308206754701,49.266605426650145,49.48545140432975,68530000
2011-04-18,49.240333557128906,49.257841632001416,48.426226441838466,49.09151992969836,69065000
2011-04-19,49.546722412109375,49.546722412109375,49.109030506209734,49.37164832120891,38608400
2011-04-20,50.6672248840332,50.71974578482215,50.3608384923568,50.42211510282712,67397500
2011-04-21,51.06989669799805,51.18369753964888,50.9123273293506,51.15743375199127,43666800
2011-04-25,51.20119857788086,51.227459022602964,51.01736544685381,51.11365819660033,25376800
2011-04-26,51.49006652832031,51.67389629517655,51.218696392015644,51.33249720263678,49400000
2011-04-27,51.8402099609375,51.90148653645402,51.349994017482395,51.586347954184525,56465500
2011-04-28,51.761436462402344,51.84897349218514,51.542590548621725,51.68265179986838,48100000
2011-04-29,51.717681884765625,51.90151170044346,51.63014149206818,51.665157649147154,44831200
2011-05-02,51.621376037597656,51.94526706016775,51.49006715149762,51.79645009996612,48149400
2011-05-03,51.37627410888672,51.64764428951376,51.06113874537286,51.595120059266016,38100000
2011-05-04,51.29749298095703,51.53384702443203,50.868556758569554,51.402541448717756,53097200
2011-05-05,51.01737976074219,51.62139687341184,50.84230562770899,51.0436435521572,72200000
2011-05-06,51.18368911743164,51.82271885653932,51.043627850494666,51.52508824688275,72507000
2011-05-09,51.37627410888672,51.57761198251677,51.06989111408539,51.27122898771543,40022000
2011-05-10,51.813961029052734,51.892745697189106,51.45505383850344,51.52508613876861,38053600
2011-05-11,51.43754577636719,51.919009492501544,51.087394292924955,51.73517637392121,61900000
2011-05-12,51.74394226074219,51.813971235477936,50.98235921162158,51.2799898677287,66100000
2011-05-13,51.13117218017578,51.70892540608019,51.11366410189692,51.62138835401038,63506600
2011-05-16,50.24702072143555,51.05237204251236,50.13321991673609,50.894802725028036,73115300
2011-05-17,50.38707733154297,50.395829697565546,49.879353279831086,49.98439836871786,63136000
2011-05-18,50.807273864746094,50.89481090438401,50.25578116492,50.31705776053134,42351100
2011-05-19,50.95610427856445,51.069905139024726,50.64096548918223,50.96485998900569,35015800
2011-05-20,50.5709228515625,50.95609052387993,50.50089054423704,50.90356963271004,44703300
2011-05-23,49.82683563232422,50.02817680993279,49.5904849860115,49.87935985335127,43700000
2011-05-24,49.52046585083008,49.9581577910632,49.511713481328194,49.949405421561316,39314800
2011-05-25,49.713043212890625,49.94939722253875,49.43292068426854,49.45918112778812,41369000
2011-05-26,50.01942825317383,50.15948952327595,49.55547592208381,49.564228290510904,40564100
2011-05-27,50.27328872680664,50.32581295364688,50.06319515876966,50.10696701746518,30127200
2011-05-31,51.08738327026367,51.08738327026367,50.48336649828156,50.745984228355425,47590100
2011-06-01,49.97566223144531,51.08740007942816,49.931893708473,50.964846879375976,51795000
2011-06-02,50.080711364746094,50.25578880997923,49.80058878810287,50.071958995180466,50198100
2011-06-03,49.32787322998047,49.888121637888496,49.25784426606947,49.502950648743976,57773700
2011-06-06,48.92518615722656,49.48543109587404,48.898925719265975,49.21406433208599,50175600
2011-06-07,48.83765411376953,49.24908215413894,48.80263796670553,49.05650002393413,46311100
2011-06-08,48.48751449584961,48.82016131841157,48.3474532030853,48.73262092335599,46426400
2011-06-09,48.575035095214844,48.81138571723385,48.347433500148995,48.505002807710504,45307500
2011-06-10,47.83095932006836,48.4437285072971,47.78719080797847,48.34743577710528,53740600
2011-06-13,47.83095932006836,48.08482136524252,47.6646376383974,47.85721975945761,37736800
2011-06-14,48.443748474121094,48.55754932391829,48.172378244396945,48.19864203393464,40565300
2011-06-15,47.524574279785156,48.277404675771095,47.428281553881384,47.97977413176092,59022400
2011-06-16,47.340763092041016,47.70842272854113,46.93808395864738,47.55085335880548,66316200
2011-06-17,47.192501068115234,47.90315007347846,47.05212566671392,47.72768333183699,70337000
2011-06-20,47.43813705444336,47.578512396279216,47.060877695732216,47.060877695732216,37402900
2011-06-21,48.45586013793945,48.50850214728893,47.40304337863552,47.60483272759018,55892800
2011-06-22,48.10491180419922,48.534809729307966,48.09613646469252,48.254059107699,36833300
2011-06-23,48.552371978759766,48.578691311743405,47.42936914729204,47.58729183881875,80743300
2011-06-24,47.710113525390625,48.36812353718195,47.61360485483798,48.32425687242493,56298300
2011-06-27,48.47340393066406,48.7190599293781,47.65747125286449,47.76275191705451,49968900
2011-06-28,49.192813873291016,49.20158921177146,48.508484731500644,48.57867070528916,47028800
2011-06-29,49.394622802734375,49.49113148355172,49.043686100540455,49.306889463888986,65407300
2011-06-30,50.05261993408203,50.087714599264864,49.54376067617689,49.57008000165827,50347200
2011-07-01,50.80714416503906,50.87733350322889,49.9385695124052,50.07894818878484,53203900
2011-07-05,51.061580657958984,51.11421932011113,50.73696330304267,50.85979131048062,43128800
2011-07-06,51.2282829284668,51.31601962308285,50.833476169726275,51.000174216090436,49282700
2011-07-07,51.93015670776367,52.079307406463066,51.53535331897482,51.61431466609509,54799800
2011-07-08,51.789772033691406,51.79854737446623,51.210723374592796,51.48270204281028,69519500
2011-07-11,50.85103225708008,51.50904251924772,50.675562184472724,51.24583908374331,52080800
2011-07-12,50.46499252319336,50.94753263385284,50.41235050597474,50.84225194622832,84000700
2011-07-13,50.67555236816406,51.18441514547279,50.49131033368164,50.833475068238315,82378100
2011-07-14,50.08773422241211,51.0440424690278,49.89471683509853,50.807158406455535,98774200
2011-07-15,50.75450134277344,50.75450134277344,50.28073670488093,50.649220683998635,68281500
2011-07-18,50.48253631591797,50.70187301870161,49.99122089683012,50.47376097359163,59512200
2011-07-19,51.63187026977539,51.67574029778546,50.96508801386921,50.96508801386921,73904600
2011-07-20,51.41252899169922,51.930163816611845,51.324795637027776,51.92139181986988,57085500
2011-07-21,51.754676818847656,52.04419945321764,51.184400196599306,51.465150837666044,70148800
2011-07-22,52.28986358642578,52.37760026720628,51.69326754436701,51.72836221667921,43620400
2011-07-25,52.184593200683594,52.47411928409994,51.78101442999368,51.877523124465796,48916100
2011-07-26,52.31620407104492,52.49167414551889,52.04422528826961,52.14950599422867,40918900
2011-07-27,50.96506881713867,52.01788550337005,50.83346547630525,51.97401883869624,83969500
2011-07-28,51.052799224853516,51.70203720403229,50.789595905061184,50.99138522846236,61031900
2011-07-29,50.88610076904297,51.42128270917275,50.39478548780006,50.640444801827286,82860500
2011-08-01,50.649234771728516,51.60554300085388,50.03509128890084,51.50026231279599,85421100
2011-08-02,49.36830520629883,50.64045874516172,49.31566319305322,50.41234670124322,90853300
2011-08-03,49.84207534790039,49.90348935915579,48.56114641374281,49.42972126077474,103612300
2011-08-04,47.525856018066406,49.210362957579484,47.525856018066406,49.13140164249588,132830000
2011-08-05,47.22758102416992,48.28039453288449,45.90278544903113,48.00841916008532,214111800
2011-08-08,44.384971618652344,46.604657795280524,44.384971618652344,45.779953066239,204804500
2011-08-09,46.52570724487305,46.569577269406075,43.80593306447425,45.051764115151144,193707100
2011-08-10,44.62186050415039,46.53447686964765,44.56921848926799,45.47288800394678,205917900
2011-08-11,46.587100982666016,47.10473558677615,45.042972510147315,45.26230915007853,143825300
2011-08-12,46.99946594238281,47.28899198135864,46.394097879268315,46.87663793074906,90483300
2011-08-15,47.69257736206055,47.69257736206055,46.96437783862843,47.19248990369915,73554300
2011-08-16,47.28896713256836,47.68377029198875,46.65727672259886,47.2275531590225,89219200
2011-08-17,47.008235931396484,47.74520391728008,46.5169205939955,47.350400595360135,84416600
2011-08-18,44.700801849365234,45.744842909561406,44.28844795101373,45.73607091774611,130019400
2011-08-19,43.89365005493164,45.33249796730294,43.85855873392658,44.23581469911607,96674600
2011-08-22,44.051578521728516,44.95524792970006,43.91997852028098,44.946472588182914,77107700
2011-08-23,45.86768341064453,45.86768341064453,44.16563205439602,44.349874054166904,75688400
2011-08-24,46.22740936279297,46.31514606544832,45.36760975764847,45.736097215174965,80197700
2011-08-25,45.47287368774414,46.41163423664911,45.31495103962821,46.20106959022403,93623700
2011-08-26,46.613433837890625,46.77135652088388,44.87628767177704,45.323733042383104,91573300
2011-08-29,47.91190719604492,47.96454585979158,47.06087976614284,47.078427102995825,45985800
2011-08-30,48.227760314941406,48.51728305250499,47.47324144308958,47.73644484455089,61617900
2011-08-31,48.306697845458984,48.90329371283361,47.90311592566238,48.517259124055215,60900400
2011-09-01,47.86804962158203,48.81558256397515,47.78031292064836,48.429551120305796,57158400
2011-09-02,46.74502944946289,47.911902125605835,46.490601459051064,47.00823612759061,58185700
2011-09-06,46.753814697265625,46.82400070530966,45.54307510048906,45.65713112872484,52992200
2011-09-07,47.93822479248047,47.94700013399543,47.28899008648485,47.42059008789967,48952200
2011-09-08,47.71888732910156,48.403216696334255,47.56096465253831,47.69256799861173,61422800
2011-09-09,46.65731430053711,47.58730333680694,46.367788180512385,47.385510579134,63663500
2011-09-12,47.25389862060547,47.28899329542241,46.12212045885213,46.1396677962606,65973000
2011-09-13,47.88558578491211,47.982091113194684,47.201253064609624,47.42936508698117,59020000
2011-09-14,48.569908142089844,49.113862095085395,47.65746687803741,48.13123484361983,90757300
2011-09-15,49.28936004638672,49.377093417128435,48.59625503836102,49.09634261457866,83536100
2011-09-16,49.74113845825195,49.79387810498294,49.30165146121952,49.3983391370498,91902100
2011-09-19,49.75870895385742,50.02240043172936,48.72151956827794,49.12584672454952,73042900
2011-09-20,49.53895950317383,50.40914161017153,49.42469198048067,50.0136061177282,66570100
2011-09-21,48.677589416503906,50.03999867981769,48.6687977973034,49.79388699052806,79938000
2011-09-22,47.095428466796875,47.86892317159368,46.36587843831796,47.438227789857685,151885500
2011-09-23,47.596435546875,47.79859913098183,46.664722054321665,46.69988181321481,85940600
2011-09-26,48.150184631347656,48.23808402487559,46.770196006639694,47.833753520685114,96261400
2011-09-27,48.65119934082031,49.39832909571616,48.325979967970056,48.967630450845,81148600
2011-09-28,47.930442810058594,49.19616729583231,47.81617862410779,48.86215629508435,76757100
2011-09-29,47.35911560058594,48.72152450172849,46.55924947000397,48.65999659576214,116900200
2011-09-30,46.1373405456543,47.121790354737364,46.11096904913883,46.72625143719797,104870100
2011-10-03,44.950740814208984,46.453785916986675,44.924372660728146,45.72423906217889,99149500
2011-10-04,45.873634338378906,45.96153371663079,44.036579245644965,44.49364595349946,137013700
2011-10-05,47.05146789550781,47.18331531079111,45.407787777543014,45.759378649619116,108825700
2011-10-06,47.84255599975586,47.85134426459462,46.77020662635875,46.98995013054539,71939200
2011-10-07,47.52611541748047,48.044710118913535,47.21847591367234,47.81617839508737,72525200
2011-10-10,49.169795989990234,49.169795989990234,48.24687411756705,48.33477351442873,48230200
2011-10-11,49.50381088256836,49.62686669482662,48.95884799127349,49.037955778156565,66449100
2011-10-12,49.74992370605469,50.30367822758169,49.714767296718925,49.978458808344335,85627600
2011-10-13,50.206993103027344,50.26852101375866,49.600502260238855,49.65324190644555,63443700
2011-10-14,51.13871383666992,51.14750210241505,50.54979944114265,50.82228262152334,65643600
2011-10-17,50.34763717651367,51.05960743007579,50.07515734169698,50.901391818173096,65161300
2011-10-18,50.97170639038086,51.23539793351228,49.80266930003773,50.26852447133723,91434600
2011-10-19,49.987247467041016,50.8486415334279,49.82024362406441,50.690425954599746,67639400
2011-10-20,49.74113845825195,50.03119813272313,49.03795993360399,49.978461839011835,80378300
2011-10-21,50.36520004272461,50.68163115960554,49.90813324645428,50.26851238445332,60455800
2011-10-24,51.41119384765625,51.55182956204926,50.37400419662535,50.54979632485167,61449500
2011-10-25,50.40036392211914,51.26175794794375,50.29488799220698,51.24417806745516,65299200
2011-10-26,50.33884811401367,50.78712343863141,49.40713434233151,50.68164748337197,98193800
2011-10-27,51.72761535644531,52.03525824921162,51.00685698930751,51.54303163259723,104455500
2011-10-28,51.80670928955078,51.868237181044016,51.41996206401922,51.43754194059137,42950000
2011-10-31,50.9365348815918,51.54302562628372,50.9013751231409,51.35844192394519,60520200
2011-11-01,49.609291076660156,50.90138392243136,49.32801966646801,49.67961060571804,99933000
2011-11-02,50.03118133544922,50.24213649852819,49.55653808630403,50.12786897881797,65003800
2011-11-03,51.06837844848633,51.13869796470271,49.84660535488892,50.42672795159773,78994200
2011-11-04,50.80470657348633,51.02445011692963,50.29490329626848,50.82228645932424,61527800
2011-11-07,51.16508865356445,51.20024842716641,50.25095465803689,50.76954958309382,65559000
2011-11-08,51.75399398803711,51.84189005350234,50.95412772143161,51.53425047135406,62906900
2011-11-09,49.93450927734375,50.83106307227185,49.77629370453177,50.75195528586586,69539000
2011-11-10,49.90814208984375,50.47068490708019,49.42470706584491,50.426736878174786,66052400
2011-11-11,50.848628997802734,50.99805627564439,50.277298084456525,50.33882597738583,54471000
2011-11-14,50.53220748901367,50.98927093472347,50.34762043449418,50.7079995744317,44617600
2011-11-15,51.094757080078125,51.29692068790817,50.33004732300241,50.38278696753094,52203900
2011-11-16,50.25094223022461,51.12112797005001,50.15425790626155,50.7255889974021,68342800
2011-11-17,49.07310485839844,50.136662264872754,48.76546204169502,50.11908238794524,101706900
2011-11-18,48.69514846801758,49.13463535544366,48.607249078721054,49.08189572186575,60417000
2011-11-21,47.763427734375,48.106226917511115,47.27120128886104,48.03591076987674,52283700
2011-11-22,47.921669006347656,48.062304730198925,47.350334492128034,47.64039755864511,51940100
2011-11-23,46.84053421020508,47.61402906375087,46.814162705115315,47.56129275961205,48437300
2011-11-25,46.480159759521484,47.1745468759068,46.47136813923899,46.638375394399326,25448100
2011-11-28,48.097469329833984,48.15899725563439,47.58766268403578,47.61403083708724,46710700
2011-11-29,47.79860305786133,48.43146200483444,47.65796736375403,48.07108282912078,52056700
2011-11-30,49.565330505371094,49.609278523401706,48.932468316069986,49.09947547881269,66918600
2011-12-01,49.90814208984375,50.03998952957965,49.530183005821826,49.55655450558081,45362200
2011-12-02,49.76750946044922,50.40037184545182,49.723561428828454,50.40037184545182,36938900
2011-12-05,50.312469482421875,50.64647716333339,50.03119473862458,50.51463308497973,40492200
2011-12-06,50.171836853027344,50.49705628979718,50.004829649346334,50.356420585814035,38670000
2011-12-07,50.171836853027344,50.40036861461758,49.53018289102084,50.03119779602453,44576200
2011-12-08,49.32801818847656,50.233363656362066,49.23133051542883,49.84661296417112,51692600
2011-12-09,50.11909484863281,50.26851881013866,49.43349624309869,49.451072771377426,55757900
2011-12-12,49.55655288696289,50.1103040685198,49.1346457878159,49.591709297127125,55411700
2011-12-13,49.011573791503906,50.08392281686471,48.80941023562778,49.88175926098858,68557700
2011-12-14,48.24687957763672,48.86216201322302,47.974399799077005,48.82700225049934,63682800
2011-12-15,48.11503601074219,48.71273521832958,48.044716484543926,48.65999892670044,58732900
2011-12-16,48.36275863647461,49.02393378364572,48.28341748429765,48.37157282542285,60978900
2011-12-19,47.88671112060547,48.66249089180222,47.75447474767159,48.54788625945357,46733900
2011-12-20,49.30601501464844,49.36772440111709,48.636022585975475,48.66247186796871,81758800
2011-12-21,48.60078811645508,49.050385792572634,48.036585792342414,49.01512230658781,78552300
2011-12-22,49.01511764526367,49.041566938692526,48.636043614254476,48.70657057951703,40334100
2011-12-23,49.438255310058594,49.438255310058594,48.99747202104413,49.11207325489297,26594600
2011-12-27,49.62267303466797,49.78149072186272,49.34914713978863,49.40208861275432,21443500
2011-12-28,49.04914855957031,49.640313150918296,48.9167965698815,49.56090263027519,38180100
2011-12-29,49.40208435058594,49.43737529700051,48.96973743996144,49.12855847930506,28077900
2011-12-30,49.26091003417969,49.516785381226825,49.2520847732655,49.29620098028391,21832400
2012-01-03,50.205020904541016,50.460896302062906,50.072668891526774,50.2138428013446,39514100
2012-01-04,50.41678237915039,50.48737102019522,49.905028194982016,50.125612649469616,29403400
2012-01-05,50.831485748291016,50.87560196907113,50.11679085458639,50.310906265041154,41260600
2012-01-06,51.00795364379883,51.122655143861905,50.64619525054572,50.84030729380348,46325200
2012-01-09,50.84030532836914,51.15794748886812,50.67266235070656,51.1403003281902,39195500
2012-01-10,51.21088409423828,51.52852622448912,50.85794764599259,51.37852705593671,35949900
2012-01-11,51.31674575805664,51.43145056854921,51.007928998096155,51.20204094756407,37144100
2012-01-12,51.51970291137695,51.59029155003747,51.05206496073145,51.43147047890285,26188300
2012-01-13,51.334415435791016,51.35206259636786,50.89324651892506,51.24618299875851,35980400
2012-01-17,51.80205154418945,52.022635994674864,51.60793951654138,51.784404384248425,41790800
2012-01-18,52.490272521972656,52.490272521972656,51.77557775600147,51.89910449844929,48692700
2012-01-19,52.816741943359375,52.91379964117613,52.631451810719184,52.72850614268431,47774500
2012-01-20,52.73733139038086,52.763800447649885,52.552041257794414,52.58733221220257,41041700
2012-01-23,52.754966735839844,53.12554691801993,52.44614655150556,52.74614147482553,40958300
2012-01-24,52.65791320800781,52.79908710270015,52.41968162961741,52.51673931331548,38440200
2012-01-25,53.31966781616211,53.45201981833636,52.79026653916756,53.16966865597454,61591800
2012-01-26,53.134361267089844,53.64611522774462,52.878482603837355,53.5490575716247,37852700
2012-01-27,53.293190002441406,53.3902443067853,52.993195097226675,53.019664146970406,45532300
2012-01-30,53.33730697631836,53.41671749254516,52.64025948564426,52.843196723590374,42797800
2012-01-31,53.40790557861328,53.69907866615953,53.063794377587044,53.60202097031078,51449600
2012-02-01,53.84025192260742,54.03436731194007,53.52260978219091,53.716725171523564,46146700
2012-02-02,54.00788497924805,54.18435317663666,53.79612583506243,54.01671024033548,46373600
2012-02-03,54.74905014038086,54.81081350619656,54.42258615451916,54.510818572584164,36453800
2012-02-06,54.7049446105957,54.7225917708239,54.40494961841966,54.54612353439358,28541300
2012-02-07,54.81963348388672,54.925513048530036,54.41375564869444,54.66081245399641,37935700
2012-02-08,55.11082077026367,55.11082077026367,54.62553563062682,54.828472930262166,41171100
2012-02-09,55.50785827636719,55.56962163909356,54.98727895778004,55.32256818818808,46856400
2012-02-10,55.11963653564453,55.269632327238746,54.92552116689798,55.110811273873594,58090500
2012-02-13,55.63139343261719,55.701982066916756,55.27846035867335,55.53433574338094,36810200
2012-02-14,55.77256393432617,55.781389196001115,55.31374793691181,55.50786330354703,51648200
2012-02-15,55.38433074951172,56.346078854142796,55.296094971285925,56.03725867912869,105709100
2012-02-16,56.14314270019531,56.20490606322401,55.26080509595585,55.40197897800013,83642300
2012-02-17,55.96669006347656,56.19609642337351,55.71963654268726,56.151980204068536,76112300
2012-02-21,56.12550735473633,56.37256085883874,55.772570892431546,56.028449659309935,38141300
2012-02-22,55.86961364746094,56.18725570542254,55.79020313297053,56.019612781876425,43174700
2012-02-23,56.24021911621094,56.30198249982114,55.66669813599969,55.9402240961677,54250000
2012-02-24,56.434329986572266,56.53138769189064,56.293156060432416,56.399035663574324,41364900
2012-02-27,56.513729095458984,56.699019193893356,55.87844491128283,56.125498375861994,42678500
2012-02-28,57.08723449707031,57.08723449707031,56.49606997794698,56.566658594717204,43717500
2012-02-29,56.83137512207031,57.316656823461315,56.646078279105524,57.131366712199025,59784400
2012-03-01,57.2813720703125,57.334316919299724,56.87549746382975,57.04314381083266,67558900
2012-03-02,57.23726272583008,57.4225528793869,57.051972572273264,57.201968401575826,33358200
2012-03-05,56.64608383178711,57.2725495910811,56.460797068213495,57.20196095176584,45788800
2012-03-06,56.090206146240234,56.222558144811714,55.790211199882535,56.090206146240234,54638600
2012-03-07,56.52255630493164,56.654908318909804,56.2666809055462,56.35491333763063,42741800
2012-03-08,57.13135528564453,57.29900157112902,56.734306088308934,56.857832804444506,43711100
2012-03-09,57.369590759277344,57.47547370017003,57.193125922824876,57.22842023645577,43117200
2012-03-12,57.39606857299805,57.449006679465455,57.104895524022794,57.35194899647371,32687300
2012-03-13,58.46369171142578,58.46369171142578,57.59017263386883,57.70488083104189,61559100
2012-03-14,58.66663360595703,58.88721803779202,58.30487863823302,58.52546307006801,59926900
2012-03-15,58.83427047729492,58.95779720074326,58.543097458437465,58.84309573802739,65531200
2012-03-16,58.792762756347656,58.92533949370695,58.65135251479526,58.92533949370695,53023100
2012-03-19,59.20814514160156,59.34956207474768,58.73087310692917,58.8899637851533,60966200
2012-03-20,59.314208984375,59.37607720803593,58.73971448287745,58.89880516416707,47290600
2012-03-21,59.32304000854492,59.65005482144282,59.2434913086984,59.32304000854492,39648100
2012-03-22,59.199302673339844,59.34071284193517,58.93414933542055,58.96950356335176,56953900
2012-03-23,59.163936614990234,59.287673016442376,58.828074888367425,59.26999253444742,45541700
2012-03-26,60.19803237915039,60.19803237915039,59.508641814607145,59.56166978322454,40855300
2012-03-27,60.28643798828125,60.53391092878035,60.21572950724382,60.242250244981776,37278200
2012-03-28,60.047786712646484,60.551572683666976,59.69425115998847,60.321773562969796,44421900
2012-03-29,59.8179931640625,60.03895206216511,59.39374911272811,59.74728469831836,53975300
2012-03-30,59.703102111816406,60.11849921183276,59.46446270513851,60.083151719043684,39480900
2012-04-02,60.321754455566406,60.40129638957576,59.53514164021143,59.64120429535158,40031600
2012-04-03,60.30410385131836,60.58693096372695,59.96824201943111,60.374805572072816,45539900
2012-04-04,59.482139587402344,59.88870316113112,59.13744423699903,59.85334892735506,54088100
2012-04-05,59.853336334228516,59.90636430217023,59.3318699246613,59.376064393365525,42979900
2012-04-09,59.40256118774414,59.64120046068409,59.00483805701387,59.11089396220742,36908200
2012-04-10,58.44804763793945,59.60587689566756,58.262442965280144,59.37607774436669,69254200
2012-04-11,58.730873107910156,59.11976293093798,58.58062267378778,58.96067225271119,62950000
2012-04-12,59.40256118774414,59.464429380149454,58.75736528739262,58.84574745609632,57407400
2012-04-13,58.50108337402344,59.39375251849159,58.47456938363163,59.19931434124137,55227500
2012-04-16,57.84701919555664,58.8280769435786,57.66141458689416,58.79272272148169,57588000
2012-04-17,59.02253723144531,59.20814188865443,58.006124995474295,58.09451394539971,47362400
2012-04-18,58.87228012084961,59.21697540840339,58.695515727330005,58.85459963562002,42536100
2012-04-19,58.209415435791016,59.36723795934669,57.997296771557856,58.660173497525896,81110900
2012-04-20,58.050323486328125,58.783908665425216,57.96194127341862,58.527595527796215,59906900
2012-04-23,57.52001190185547,57.60839409699653,56.998545487203494,57.50233141694971,70514400
2012-04-24,57.210670471191406,57.65258818712076,56.963190886042426,57.41394884436655,49661500
2012-04-25,58.730873107910156,58.76622734119728,58.30663579472573,58.39501800637827,57526900
2012-04-26,59.07556915283203,59.208145843445436,58.642491590416796,58.72204030203707,41799500
2012-04-27,59.42910385131836,59.614708518128324,59.01370004044967,59.3230478949301,46003800
2012-04-30,59.004852294921875,59.367221296985086,58.960657828342256,59.25232512425848,37787700
2012-05-01,59.102073669433594,59.773783696149245,58.85459410139606,58.942983032973835,37643800
2012-05-02,59.26999282836914,59.31418729044756,58.668984556994815,58.810401441143206,38299300
2012-05-03,58.642494201660156,59.34956542099585,58.49224375906886,59.30537094111328,51297600
2012-05-04,57.18415832519531,58.64248835522844,57.17532482460418,58.103348121439645,107554000
2012-05-07,57.237205505371094,57.51119243221011,56.821801620723754,56.83947536888395,50267800
2012-05-08,57.02507400512695,57.21951892987203,56.105887478071764,56.874823560780655,72659700
2012-05-09,56.84829330444336,57.1664745915103,56.13238540854275,56.36218450323088,85715300
2012-05-10,56.7333984375,57.12228144156406,56.52127645070689,57.10460769993219,49448900
2012-05-11,56.72455978393555,57.32556816319115,56.485923806445996,56.538955147520795,47099900
2012-05-14,56.19426345825195,56.63618121414926,56.10587788413355,56.238454559528705,46360000
2012-05-15,56.00865173339844,56.80410161845541,55.911429294081934,56.344510149701435,66908600
2012-05-16,55.62860870361328,56.37103070581933,55.51371250881318,56.203103163874125,52825900
2012-05-17,54.453121185302734,55.73468369919528,54.44428093971153,55.646298101112386,62253900
2012-05-18,53.74602508544922,54.762433643869755,53.70183062379106,54.6210201326302,79496500
2012-05-21,55.24856948852539,55.30160084559925,53.78140232513904,53.85211080123752,61473000
2012-05-22,55.18669128417969,55.63744930893057,54.78896797848375,55.40765017470637,62954800
2012-05-23,55.29275131225586,55.42532461723847,54.24098488627646,54.718256875969715,56951100
2012-05-24,54.930381774902344,55.42532753405505,54.52381485215747,55.37229955789733,83131200
2012-05-25,54.859676361083984,55.080635264865236,54.70058568063626,54.98341280775104,32078900
2012-05-29,55.55790328979492,55.814216408827356,55.04527705173005,55.37229863321215,44216700
2012-05-30,55.089473724365234,55.283915260729025,54.514979244519694,55.05411949172993,56431800
2012-05-31,54.85082244873047,55.16016346929972,54.43541875976812,55.018749949673165,55260100
2012-06-01,53.39250183105469,54.19679199231831,53.374824716661934,53.860933561985696,71430800
2012-06-04,53.79905319213867,53.87859850315132,53.065471654190056,53.542743520265965,74119500
2012-06-05,54.02003479003906,54.12609749714883,53.586957203153396,53.6134711941481,47916900
2012-06-06,55.25739669799805,55.30158779935158,54.37356118466775,54.42659252923094,58781800
2012-06-07,55.036434173583984,55.84072430256894,54.99224307515804,55.84072430256894,38414800
2012-06-08,55.56674575805664,55.637454227627494,54.76245546029787,54.948060135573265,39730800
2012-06-11,54.6298828125,56.0175045151096,54.59452857727754,55.99098715291004,51008900
2012-06-12,55.29275131225586,55.3192652989394,54.51497511107776,54.886184410907006,48802600
2012-06-13,54.912696838378906,55.54905606259771,54.727088833565645,55.13365569840764,50840100
2012-06-14,55.11598587036133,55.33694475959686,54.62103674471031,54.90386385320658,65170600
2012-06-15,55.80075454711914,55.88048269904705,55.242657483623766,55.26923240782845,41536100
2012-06-18,56.32341766357422,56.46515622872629,55.48184345453388,55.570428790511194,32191200
2012-06-19,56.90809631347656,57.14728419724396,56.56260871126063,56.606904766366924,36476500
2012-06-20,56.9523811340332,57.200422772989356,56.527165447545286,57.03210590714293,51389700
2012-06-21,55.53499984741211,56.970103411072074,55.472989429059254,56.90809299271922,42492700
2012-06-22,56.11964797973633,56.19051893008619,55.57041163177652,55.72101071161353,29504200
2012-06-25,55.03891372680664,55.676735623336725,54.87945740784558,55.6590212583981,33136400
2012-06-26,55.384403228759766,55.5438595532985,54.97690523463379,55.22494690422103,30611100
2012-06-27,55.721031188964844,55.96907284771829,55.53499656558561,55.59700698027397,35705800
2012-06-28,55.100929260253906,55.34011376091289,54.516257162859,55.30467826911575,49793400
2012-06-29,56.837223052978516,56.837223052978516,55.99564545013345,56.16396232242807,44761300
2012-07-02,57.005531311035156,57.03210623555809,56.58031562209866,56.916945976416095,33425600
2012-07-03,57.483924865722656,57.483924865722656,56.952405871573504,57.04099124415991,15895100
2012-07-05,57.51935958862305,57.80283683224438,57.12072203805981,57.430774217234614,37016200
2012-07-06,56.801795959472656,57.30673989234067,56.38543737719694,57.25358327508207,40684100
2012-07-09,56.69548797607422,56.925815288393096,56.412010806539,56.739784029507064,35628300
2012-07-10,56.137386322021484,57.1472774593006,55.91591958986025,57.00553550657582,47365700
2012-07-11,55.82734680175781,56.21712712145239,55.36669548976518,56.06653133179139,43432000
2012-07-12,55.304683685302734,55.53500764591165,54.79973970534317,55.38441185999713,57680400
2012-07-13,56.146236419677734,56.270257225883846,55.419825943916074,55.455258046179594,32357200
2012-07-16,55.986785888671875,56.27026301180934,55.76531917501361,56.02222137389252,27621400
2012-07-17,56.27913284301758,56.46516749258307,55.48185452223616,56.341143266434536,42467800
2012-07-18,57.04096603393555,57.20928289850072,56.15509918233396,56.17281692488366,44489700
2012-07-19,57.66992950439453,57.85596072837897,57.33330254079807,57.4396022352877,53017800
2012-07-20,56.90809631347656,57.66994250262685,56.88152138386443,57.652228135761796,40573100
2012-07-23,56.217124938964844,56.41201678090341,55.37555052432943,55.800769702979885,48657800
2012-07-24,55.77418899536133,56.394296609986604,55.41098363783025,56.31456843983029,57269700
2012-07-25,55.40211486816406,55.76532014973955,55.05662732950859,55.34010445760098,46264400
2012-07-26,56.137386322021484,56.456298957023925,55.783041578152,56.1993967366815,41928200
2012-07-27,57.4661979675293,57.5724976880083,56.376578522214935,56.544895424478995,42621000
2012-07-30,57.42189025878906,57.855963132792205,57.226998465955205,57.607921490504694,37821300
2012-07-31,57.40416717529297,57.740794101744406,57.351010575286125,57.510466858052986,34588300
2012-08-01,57.23586654663086,57.82939580559974,57.00553923769191,57.81168143966386,30920200
2012-08-02,57.0321044921875,57.59905872677203,56.61574937702849,56.801783980944,40534900
2012-08-03,58.11284637451172,58.36088793586555,57.74964459070807,57.95339011955202,42117400
2012-08-06,58.555816650390625,58.81271893223732,58.290060563350195,58.41408142236171,23523600
2012-08-07,59.04305648803711,59.28223768358383,58.715283156198716,58.80386853385931,28223300
2012-08-08,59.016448974609375,59.14046978660323,58.79498227338789,58.89242816261553,20723500
2012-08-09,59.19361877441406,59.2733503001847,58.901281110967126,59.007587559118896,20726200
2012-08-10,59.22904968261719,59.246764043294036,58.83041236043422,58.98100808138096,20312000
2012-08-13,59.370792388916016,59.37965294969383,58.910144607883595,59.21133608805333,19890300
2012-08-14,59.39738845825195,59.7163011372231,59.229071555842395,59.59227353217501,24218700
2012-08-15,59.5479850769043,59.63657043150917,59.34423267854669,59.35309324159598,29100400
2012-08-16,60.256656646728516,60.389538018199325,59.698562996903874,59.76943396283862,35699900
2012-08-17,60.52241516113281,60.53127572091242,60.24779863560654,60.38953379894606,22584800
2012-08-20,60.61101150512695,60.61987206651785,60.23894903024617,60.4781301187758,26924000
2012-08-21,60.3718376159668,61.01851674342951,60.13264974028584,60.7704750639299,41391000
2012-08-22,60.61985778808594,60.735018024530405,60.0706180078958,60.23893484153704,44555700
2012-08-23,60.123779296875,60.54013099587661,59.964323010094404,60.345245986368774,28800400
2012-08-24,60.49585723876953,60.63759244193433,59.8846068561352,59.98205276521107,38384800
2012-08-27,60.593292236328125,60.83247330549755,60.46041086073288,60.75274853531691,20671400
2012-08-28,60.593292236328125,60.76160233736309,60.33639004581132,60.54013563091351,27337900
2012-08-29,60.593292236328125,60.74388797464323,60.33639004581132,60.593292236328125,26672400
2012-08-30,59.98204040527344,60.354102840370935,59.884594516277325,60.32752791766788,24425400
2012-08-31,60.38068771362305,60.63758315241785,59.76943742463063,60.41611644001511,42128000
2012-09-04,60.31867980957031,60.54900711825843,59.7251505512478,60.2655299531918,32017200
2012-09-05,60.256656646728516,60.54899431223884,60.097200352689,60.29209212969588,26129300
2012-09-06,61.59432601928711,61.61204714256296,60.61101319495323,60.62873431822908,43100000
2012-09-07,61.5057487487793,61.612055226497795,61.32857804454426,61.452598889234615,32958600
2012-09-10,60.71732711791992,61.47917330529715,60.67303106291672,61.34629189891665,25490000
2012-09-11,60.61985778808594,60.96534525604581,60.52241191162275,60.726164223853004,29810100
2012-09-12,60.79705810546875,60.956514457657796,60.42499553657091,60.841354164988395,42203400
2012-09-13,61.620906829833984,61.88666963532376,60.788196439315215,60.85020685944564,45417800
2012-09-14,62.170162200927734,62.39162900746301,61.82467452342315,61.84238889414852,38880300
2012-09-17,62.196693420410156,62.223268337134904,61.97522676953619,62.20555397886035,31798400
2012-09-18,62.2498893737793,62.2764710688238,62.028422558824204,62.03728312383904,27169800
2012-09-19,62.365020751953125,62.52447703781015,62.0638225415001,62.2409999472451,36484600
2012-09-20,62.30303955078125,62.365049982199295,61.895541464515475,62.063851630575826,42520200
2012-09-21,62.32080841064453,62.66728135025783,62.25862113373714,62.61397990659573,23678500
2012-09-24,61.956573486328125,62.06318316821676,61.67228777919765,61.805548187081975,32341600
2012-09-25,61.08591079711914,62.25858940539641,61.05926008886988,62.11644325753182,41299600
2012-09-26,60.58841323852539,61.04149566616704,60.27747697559571,61.00595912498905,32770400
2012-09-27,61.423500061035156,61.56564621429087,60.63283072277976,60.73944033772155,25339500
2012-09-28,60.91713333129883,61.40575239773702,60.86383189783413,61.21919060270704,30112600
2012-10-01,60.828285217285156,61.59230393323176,60.63283762326592,61.21029457525846,37715300
2012-10-02,61.00595474243164,61.281361222300816,60.52622163784521,61.09479270004356,33254300
2012-10-03,61.39685821533203,61.51234689809859,60.93488992846055,61.174759902232985,38236000
2012-10-04,61.610084533691406,61.77888145848175,61.2991481811072,61.49459582498989,26128600
2012-10-05,61.28137969970703,62.00986201641767,61.1214686166289,61.921017254115796,25207900
2012-10-08,60.7216682434082,61.05037613702448,60.57952886907522,60.92600164277002,30911500
2012-10-09,59.753326416015625,60.71278588686869,59.611180255651036,60.5617606749078,67974000
2012-10-10,59.45130157470703,59.90438423511351,59.34469867430951,59.73558727227654,45134300
2012-10-11,59.26470947265625,59.939890201489156,59.22917293135954,59.895467830392725,30469400
2012-10-12,59.23807144165039,59.57565848937956,59.12258274114128,59.25583632715039,24891200
2012-10-15,59.67335891723633,59.753317815408,59.10478791341933,59.460146485280205,22220100
2012-10-16,60.5173454284668,60.58841173115254,59.74444092735444,59.76220580855037,33960600
2012-10-17,60.48181915283203,60.677266768667714,60.12646046748562,60.206412613289395,33439400
2012-10-18,59.77998352050781,60.48181501209445,59.55788520460962,60.2863674096396,61707600
2012-10-19,58.34967041015625,59.76221246006794,58.278597321658076,59.708911032645695,75362600
2012-10-22,58.6517333984375,58.80276543823486,58.18977178032196,58.323032155247056,38621500
2012-10-23,58.09204864501953,58.58954682086552,57.91437266161862,58.172007582082955,52591200
2012-10-24,57.8877067565918,58.518465143477854,57.79886201029311,58.42074134487132,39872400
2012-10-25,57.8877067565918,58.385204801932346,57.71890987210732,58.28748100332581,52688700
2012-10-26,58.05649948120117,58.29636946238041,57.43462689648247,57.887709367007716,54213100
2012-10-31,57.70115661621094,58.092051935318175,57.505715734562,57.98544227249674,38524500
2012-11-01,58.518455505371094,58.63394416747464,57.89657627321763,58.06537312990094,26945000
2012-11-02,57.896602630615234,58.820532681766515,57.843301189671436,58.784996128502485,44083000
2012-11-05,58.27857971191406,58.39407514030063,57.78108179855881,57.905456276897624,28094700
2012-11-06,58.38520050048828,58.78497471776951,58.15421637735365,58.37631467093256,29608400
2012-11-07,57.00819778442383,57.83440384410692,56.768334570020485,57.76333075172699,70737800
2012-11-08,56.110923767089844,57.301370989879516,56.110923767089844,57.168110631996804,58585800
2012-11-09,56.35078048706055,56.954888129244615,56.110913918344714,56.14645045940286,51542100
2012-11-12,56.341888427734375,56.74166599805832,56.19086322836239,56.67947875255801,32663700
2012-11-13,55.951011657714844,56.484049690428996,55.77333231347679,55.90659266889324,43288300
2012-11-14,55.29360580444336,56.28860544729297,55.204764432522616,56.226418181424364,82655300
2012-11-15,55.10703659057617,55.51570009364219,54.90270653351895,55.32913492071901,55124200
2012-11-16,55.34690475463867,55.50681582796728,54.467397240282985,55.15146052308833,70873100
2012-11-19,56.66172409057617,56.70614646713018,55.93324184925057,55.95101012208187,55306400
2012-11-20,56.67949295043945,56.75944848453263,56.1375724848025,56.643956404408804,52012700
2012-11-21,56.79498291015625,56.87493505231291,56.50181149977611,56.741678093100376,19611700
2012-11-23,57.65673065185547,57.67449553684952,57.079273609948444,57.11481015784002,16462900
2012-11-26,57.90547180175781,57.9410083447966,57.33690066894229,57.51457660623369,26430900
2012-11-27,57.710018157958984,58.10091331253066,57.61229436931606,57.89657990594042,25828600
2012-11-28,58.20753479003906,58.25195717288283,57.07927811158968,57.43463684062785,37295800
2012-11-29,58.55400848388672,58.7583351571277,58.26083705403315,58.51847193682235,41136100
2012-11-30,58.45628356933594,58.60730880807823,58.287486668445624,58.56288643061135,33497400
2012-12-03,58.340789794921875,58.96266920801891,58.31413907882835,58.90936099792847,28240000
2012-12-04,58.30524826049805,58.429622776898704,57.923238880723794,58.36743551869837,49584500
2012-12-05,57.65673065185547,58.22530186231373,57.34579433018352,58.21641603086496,54076200
2012-12-06,58.02983093261719,58.17197706709646,57.32799964390245,57.47902482836112,47512300
2012-12-07,57.68339538574219,58.37634129325963,57.48794771379519,58.31415401381332,30089400
2012-12-10,57.85218048095703,58.154230982690855,57.523472483861056,57.523472483861056,33219600
2012-12-11,58.607303619384766,58.93600478308722,58.20752259128633,58.251944964820346,40750800
2012-12-12,58.482940673828125,58.918251553367206,58.32302958654178,58.918251553367206,45917700
2012-12-13,58.020965576171875,58.77610532070133,57.7722165309682,58.367438428834575,45467700
2012-12-14,57.47016143798828,57.81663426281332,57.27471383877362,57.63007249390004,39630300
2012-12-17,58.234188079833984,58.25195296494581,57.44351852323913,57.52347067309763,42302900
2012-12-18,59.122554779052734,59.21139272034401,58.36741533332578,58.52732633881025,55596000
2012-12-19,58.864952087402344,59.30914881385563,58.829415535937585,59.291377149171176,34832500
2012-12-20,58.864952087402344,58.99821246091916,58.571780621246184,58.97155496389247,40754300
2012-12-21,58.245849609375,58.31731854861107,57.70984619641082,57.959980668083894,51152900
2012-12-24,58.12972640991211,58.192260037205685,57.99572383266754,58.09399193493661,11418300
2012-12-26,57.620513916015625,58.227986273337734,57.43291306067908,58.17438797628536,21751300
2012-12-27,57.53118133544922,57.74558134000662,56.81650556605352,57.674112399936405,52933200
2012-12-28,56.9773063659668,57.557979567396366,56.950507217780576,57.09344168781802,33082100
2012-12-31,58.183311462402344,58.290514862911614,56.7986366546673,56.91476856014619,57544000
2013-01-02,60.03252029418945,60.05932625282826,59.38932041554645,59.61265569464039,70695900
2013-01-03,59.71985626220703,60.15759153013577,59.541190753238816,60.03252431072756,47366500
2013-01-04,59.52334213256836,59.74667750922379,59.38041103564939,59.74667750922379,33972500
2013-01-07,59.54121780395508,59.63948592322837,59.183879808020855,59.37148072236386,26766200
2013-01-08,59.42507553100586,59.69308071606172,59.11240735887734,59.5322789681592,28734900
2013-01-09,59.648399353027344,59.80920106976529,59.45186997981755,59.51440360212377,25600300
2013-01-10,60.0057258605957,60.09505861611396,59.45185868699109,60.05933096642855,37528000
2013-01-11,60.08613586425781,60.11293501191385,59.85386522515051,59.97893245798067,21158600
2013-01-14,59.81814193725586,59.987878991674364,59.55907210206867,59.78240746181753,36768500
2013-01-15,59.52334213256836,59.61268173575438,59.255343769974736,59.52334213256836,31675300
2013-01-16,59.76454544067383,59.97001016109468,59.49654027460242,59.60374370416188,33822300
2013-01-17,60.0504150390625,60.282685730942134,59.90747713155056,60.00574523905138,32024200
2013-01-18,59.91639709472656,59.978930709318504,59.64839199467379,59.87172730616683,31992000
2013-01-22,60.01465606689453,60.05932584867345,59.61265529349134,59.978921604601744,32123100
2013-01-23,60.380924224853516,60.55959654178241,60.264792330588726,60.35412508122718,31975700
2013-01-24,59.55015182495117,60.10401923165566,59.46081221618121,59.55015182495117,42596300
2013-01-25,59.853858947753906,60.023595952644335,59.62158833300685,59.73772704820652,39240100
2013-01-28,59.98786163330078,60.1933262880491,59.79132548308774,59.862794413283815,32926100
2013-01-29,59.996803283691406,60.1307990223814,59.52332668292561,59.91639902482437,35554700
2013-01-30,59.87171936035156,60.28266227673536,59.7377236437611,60.10398996186155,34445000
2013-01-31,59.73773956298828,60.16653960165048,59.68413444641521,59.84493616482697,34870500
2013-02-01,60.44347381591797,60.55067040668349,59.916398920593075,60.15759806546852,53120800
2013-02-04,59.38932418823242,60.26479472112959,59.37145354800466,60.09505771722713,48483700
2013-02-05,60.26479721069336,60.45239804692119,59.50545854529903,59.64838959476438,35120300
2013-02-06,60.06826400756836,60.345204430938445,59.88959848303846,60.06826400756836,43593200
2013-02-07,60.12187194824219,60.18440556633729,59.4607944819189,60.139735775275135,46017900
2013-02-08,60.738250732421875,60.86331792315618,60.41664743749061,60.42558275558612,39837200
2013-02-11,60.75616455078125,60.800827541701395,60.55069298245079,60.774028384018195,17650400
2013-02-12,60.50601577758789,60.79188475181223,60.443482152465506,60.67574600826068,22057900
2013-02-13,60.72041702270508,60.952687698814756,60.54174465044606,60.68468254825328,23494700
2013-02-14,60.70252227783203,60.79186183631944,60.40772490803835,60.443459368303024,24478800
2013-02-15,60.52388000488281,60.84548345495813,60.35414295743917,60.69361705232645,25333600
2013-02-19,60.96160888671875,60.979479529626175,60.62214164366374,60.640005470917885,23436500
2013-02-20,60.02360534667969,60.97054496289655,60.014670025115365,60.94374581385696,38200300
2013-02-21,59.38042068481445,59.86282599465837,59.16602059676913,59.800292351659486,45855600
2013-02-22,59.978939056396484,59.987874378482495,59.48759857647238,59.719869241132294,21968000
2013-02-25,59.237464904785156,60.577476978811575,59.183866602833334,60.36307695535043,40927600
2013-02-26,59.460811614990234,59.56801505503715,58.924808046065976,59.31788051058284,42088800
2013-02-27,60.06826400756836,60.4345371932034,59.380394240910086,59.460791682252676,36339500
2013-02-28,59.94319534301758,60.51493318661685,59.93426002230902,60.07719789103519,28557300
2013-03-01,60.193359375,60.30056282922146,59.44295564241793,59.73776002978491,31617200
2013-03-04,60.461334228515625,60.47026954912589,59.91639553738439,59.99679979157148,19380500
2013-03-05,61.35469055175781,61.435088010079525,60.81868704931676,60.81868704931676,35581900
2013-03-06,61.20282745361328,61.56016541312565,61.12242317528702,61.54229476653995,29071100
2013-03-07,61.36363220214844,61.461900316222,61.14922532653976,61.274292596150644,21775900
2013-03-08,61.43507385253906,61.65840916172703,61.19387471750326,61.56907640118239,26159900
2013-03-11,61.613746643066406,61.6316104690458,61.167076021400746,61.354676864621986,23187900
2013-03-12,61.39043045043945,61.57803135208336,61.09562611257548,61.435093437123285,27575400
2013-03-13,61.31001663208008,61.54228729993112,61.09561660864658,61.47081835356867,34297300
2013-03-14,61.51548767089844,61.64949024037318,61.381485101423685,61.52442299303777,31530800
2013-03-15,61.34446334838867,61.59517673794624,61.192238649219426,61.5593595635198,30752600
2013-03-18,61.21015930175781,61.460872726743716,60.64605409553954,60.78035997933308,36163000
2013-03-19,61.09373092651367,61.51456722421077,60.54753114166432,61.39816656715737,33125100
2013-03-20,61.523521423339844,61.65783407381156,61.2369909569986,61.523521423339844,28035400
2013-03-21,60.82512283325195,61.111653389071826,60.68185413962836,60.959435525667246,30050800
2013-03-22,61.416080474853516,61.46085364316829,61.00419328577774,61.075827622510836,28837200
2013-03-25,61.192222595214844,61.74737840603623,60.89674293871503,61.61306574503138,24909800
2013-03-26,61.523521423339844,61.54143342016284,61.29071328461722,61.42502593508893,19725200
2013-03-27,61.604122161865234,61.648888498641185,61.01314913244143,61.10268863741967,22539500
2013-03-28,61.756343841552734,61.83692735161342,61.460857308476704,61.604125990486935,23662800
2013-04-01,61.33552551269531,61.86381362123674,61.16539559163915,61.80113525528386,28112800
2013-04-02,61.81903839111328,62.02497863621736,61.57727413468678,61.63100332024187,29431900
2013-04-03,61.25490951538086,61.94437117556644,61.10268485178001,61.85483167613565,35131200
2013-04-04,61.272804260253906,61.42502206653674,60.94150065414589,61.22803110244142,32287400
2013-04-05,60.76243209838867,60.85197159793295,60.16250993687348,60.30577176985914,55610800
2013-04-08,61.08478546142578,61.102690630434914,60.610219921278265,60.789298937075856,17891600
2013-04-09,61.496681213378906,61.74739460292526,60.968386429896945,61.24596782383256,30931400
2013-04-10,62.6965217590332,62.8308344465801,61.67575626396008,61.71157343606773,55271300
2013-04-11,62.66963195800781,62.81290058098799,62.472641017122044,62.54427532861213,37233600
2013-04-12,62.62489318847656,62.66965952928469,62.15032762106331,62.51744167396854,32783700
2013-04-15,61.38923263549805,62.490588599764344,61.31760511463927,62.39209307322721,48795800
2013-04-16,62.20405578613281,62.27569013584454,61.61308264815238,61.73843934443412,27682600
2013-04-17,60.986289978027344,61.6847077039182,60.62812511486044,61.666802534901805,60204800
2013-04-18,60.14459991455078,61.18327727138951,59.8849305753411,61.147460104109605,56798200
2013-04-19,60.9683952331543,61.09375877745629,60.17148177356058,60.26102813826607,43062800
2013-04-22,61.595176696777344,61.81902891322234,60.959437221844844,61.18328943828984,34412100
2013-04-23,62.18613052368164,62.409982695230426,61.62202551069212,61.944373184236454,53078300
2013-04-24,62.159271240234375,62.383123418568346,61.89065272508942,62.033914566881464,44500700
2013-04-25,62.49058151245117,62.72338971526503,62.31149565204549,62.320451652922536,26437100
2013-04-26,62.293601989746094,62.47268105180751,62.02497656522563,62.33837517097561,24079800
2013-04-29,62.866634368896484,63.10839850642936,62.46370324824194,62.49056441209555,31664000
2013-04-30,63.323307037353516,63.332263037531945,62.714428822324095,62.94723700697766,30135800
2013-05-01,63.02783966064453,63.43972698542905,62.90248294577223,63.341231447825294,28537200
2013-05-02,63.82473373413086,63.95904641107938,63.08154284225205,63.13527201188737,31744200
2013-05-03,64.5768814086914,64.7738655949861,64.3888463912556,64.44256873011537,34061700
2013-05-06,64.82762145996094,64.92611700938005,64.63958636509612,64.69330872607766,19244300
2013-05-07,64.79179382324219,64.97982888777307,64.55002957496797,64.93505570655834,25838100
2013-05-08,65.10515594482422,65.15887827267099,64.648495663851,64.75594715096975,24252100
2013-05-09,65.015625,65.4543733417415,64.89026833093101,64.97980783291942,29337200
2013-05-10,65.40960693359375,65.43646810101774,65.03353009537959,65.14993759611835,20663700
2013-05-13,65.49018859863281,65.65136243008135,65.2394752678075,65.30215360051383,29730100
2013-05-14,65.83047485351562,66.02746595102006,65.48126584664118,65.50813385837945,36009800
2013-05-15,65.96476745605469,66.02744580145773,65.54392420916544,65.70509807326287,27214400
2013-05-16,65.89312744140625,66.34978782230534,65.85731710262256,66.01849095285597,27253400
2013-05-17,66.52885437011719,66.55571553212458,66.01847179770255,66.23336792518641,31114500
2013-05-20,66.43038940429688,66.64528563049663,66.16176399797628,66.40352822995038,25132400
2013-05-21,66.50201416015625,66.74377838207744,66.1617612468692,66.39456946723801,25900000
2013-05-22,65.92000579833984,67.11089444564115,65.57974604360138,66.58260647275657,59843200
2013-05-23,65.76776885986328,65.99162104363603,65.21261981621983,65.33797649261844,48222100
2013-05-24,65.73194885253906,65.74985401877926,65.1499318940629,65.32901088216687,26430300
2013-05-28,66.16175079345703,66.74376783670783,65.95581061028346,66.50200365298487,27057100
2013-05-29,65.84835052490234,66.08115867816024,65.47228054524194,65.90207285587509,32090300
2013-05-30,66.19757080078125,66.5109625047601,65.85731792666517,65.87522309628106,32390500
2013-05-31,65.58869171142578,66.44828330179749,65.51705737103812,65.94685658193734,38347600
2013-06-03,65.70509338378906,65.72300538486998,64.85445778096938,65.5976487030108,47613100
2013-06-04,65.3648452758789,66.0990802509262,65.0962198914893,65.83941086773021,35251900
2013-06-05,64.51419830322266,65.40065098605064,64.4604691369058,65.1499376479923,48654200
2013-06-06,64.82762145996094,64.83657746393433,63.99489070759992,64.60376918063194,62524100
2013-06-07,65.71404266357422,65.78567699771803,64.93503465046906,65.09620848657958,31969800
2013-06-10,65.74093627929688,66.04537893396117,65.59767437172445,65.83943182950331,25390000
2013-06-11,65.08727264404297,65.66928294169766,64.86342042758271,65.08727264404297,40278900
2013-06-12,64.33511352539062,65.49019156451128,64.23661802218781,65.46333039662437,42081900
2013-06-13,65.14993286132812,65.29319468765317,64.06648925493482,64.24556824569754,28221500
2013-06-14,64.72015380859375,65.22158060351236,64.62165828367364,65.14995308382952,27690700
2013-06-17,65.34693145751953,65.72300148075756,65.0066717714625,65.23052395168891,32441900
2013-06-18,65.88419342041016,66.00955012925498,65.41857693204801,65.43648893698486,24853100
2013-06-19,65.14993286132812,65.97370714911757,65.0782985324528,65.90207282024224,43145100
2013-06-20,63.60086441040039,64.61268038351,63.385968284049326,64.39777742573425,60908400
2013-06-21,63.263153076171875,63.74820433887602,62.733186994442825,63.57753625022848,51558900
2013-06-24,62.63436508178711,63.11940932382203,62.11338351452074,62.74214964533405,41492300
2013-06-25,63.092491149902344,63.34399771371282,62.706246968896295,63.23621310238826,28897400
2013-06-26,63.65838623046875,63.77515517425689,63.40687281970705,63.631433225250206,23742300
2013-06-27,63.927860260009766,64.33207313756577,63.891929769579875,63.99073690500199,23545000
2013-06-28,64.01769256591797,64.39495934493414,63.586540322815694,63.730255452836005,28301100
2013-07-01,64.41289520263672,64.94286123525528,64.35001857365201,64.44882568391921,24942800
2013-07-02,64.43984985351562,64.83507834673696,64.0895361810838,64.3859575509998,23067900
2013-07-03,64.7003402709961,65.00574597347628,64.15241235590351,64.20631151107027,18847500
2013-07-05,65.19439697265625,65.22134313243629,64.54766172576855,65.0686436583216,28795900
2013-07-08,65.25724029541016,65.56263908763708,65.01471127519403,65.53569294162155,20558500
2013-07-09,65.65245819091797,65.79618009902242,65.25723664970624,65.56263542487157,26108600
2013-07-10,66.02973175048828,66.12853885949153,65.5536648724027,65.58958850018708,25598900
2013-07-11,67.34113311767578,67.39502538810676,66.69439846036235,66.73931325441178,47768900
2013-07-12,67.6375732421875,67.68248119577079,67.20641439895643,67.38605991936427,31412600
2013-07-15,67.79031372070312,67.83522170151387,67.52083842367277,67.70946839037742,19783600
2013-07-16,67.70047760009766,67.89808501230155,67.52980948865233,67.84419270470414,31747100
2013-07-17,67.87113952636719,68.03282330379055,67.68250959487995,67.9070700161324,24631500
2013-07-18,67.70047760009766,68.03282263433522,67.59268613186269,67.86216137593003,36278800
2013-07-19,66.99980163574219,67.1345391739158,66.80219434652822,67.11657736690938,37732400
2013-07-22,67.19746398925781,67.35017029703384,66.99087222180208,67.25136315501908,21135900
2013-07-23,66.7033920288086,67.33215811437793,66.64949289787668,67.32317378371656,24739500
2013-07-24,66.91899871826172,67.38608133156187,66.76629929209047,67.35913518024218,24426900
2013-07-25,67.34113311767578,67.42197152332226,66.8830282599062,67.23334172377841,23162200
2013-07-26,67.70047760009766,67.70945508267047,66.9639196997591,67.07170431495392,20885600
2013-07-29,67.57472229003906,67.85317500834049,67.39506984836079,67.56573795469517,20958400
2013-07-30,67.93399810791016,68.22143509656796,67.68249159946437,67.81722918699987,24104600
2013-07-31,68.05974578857422,68.45497418550198,67.93399254464954,68.06873012115108,25007600
2013-08-01,68.75138854980469,68.8501956390722,68.45496728200214,68.52682822929437,16880000
2013-08-02,69.1376724243164,69.15563424497361,68.60770619887433,68.76041251314541,18105300
2013-08-05,69.18256378173828,69.23646293684307,68.96698772043744,69.10172532864026,15462800
2013-08-06,68.7693862915039,69.15563051871233,68.4909335415539,69.09275387023844,23675400
2013-08-07,68.64363861083984,68.77837625517664,68.14960971899328,68.57177762012138,20281200
2013-08-08,68.98494720458984,69.14663094229742,68.53582647240643,69.02087083249063,19994000
2013-08-09,68.70650482177734,69.11071769335155,68.50889055385754,68.86818859979898,18558500
2013-08-12,68.8681869506836,68.99394023579578,68.4370347883104,68.4460122707898,20515900
2013-08-13,69.25438690185547,69.40708624294167,68.46393720708363,68.95796569642765,23917000
2013-08-14,68.99394989013672,69.32630182046219,68.89514274471674,69.22749467504222,29921000
2013-08-15,67.82622528076172,68.2573774119871,67.62861103185028,68.22144692554505,39406600
2013-08-16,67.79926300048828,68.14957659366296,67.68248723407143,67.83518662534492,23825000
2013-08-19,67.6824951171875,68.38312238514033,67.66453330266714,67.80824837794628,29586900
2013-08-20,67.97894287109375,68.29332614515963,67.75438241061221,67.80827472815453,18842800
2013-08-21,67.74537658691406,68.34719678539867,67.4938700474303,67.76334525575675,30705100
2013-08-22,68.41009521484375,68.45500319068042,68.00588231406944,68.0418128065632,17269500
2013-08-23,68.8681869506836,68.958009746758,68.62566471597867,68.8951331042019,20697300
2013-08-26,68.90410614013672,69.41610353214247,68.76039106059352,68.92207480822896,27525500
2013-08-27,67.49388122558594,68.42805342198302,67.33219744442029,68.08672404087346,40068900
2013-08-28,67.75437927246094,68.04181637444255,67.41304985543312,67.41304985543312,20490400
2013-08-29,68.23040771484375,68.5717369386948,67.63757202573014,67.7363791160886,27287900
2013-08-30,67.79031372070312,68.30231130262763,67.5477845827675,68.30231130262763,26228500
2013-09-03,68.17652130126953,68.6615724630617,67.85315386007476,68.34718250137281,27241500
2013-09-04,68.90410614013672,69.02087507058052,68.20347885139611,68.4100774162232,27142900
2013-09-05,69.02088165283203,69.21849590245871,68.92208138105828,68.94902753272744,17809700
2013-09-06,69.10173034667969,69.47000585926881,68.31128016248262,69.25442978231322,27715100
2013-09-09,69.9101333618164,70.02690228266067,69.37118986501753,69.39813601190171,25161900
2013-09-10,70.25143432617188,70.35024139361097,69.99094358956293,70.31431092790261,27619400
2013-09-11,70.11669921875,70.16161401569822,69.69452479836586,69.78435439226229,28132900
2013-09-12,70.07183837890625,70.28741447249452,69.92811641448709,70.13471502507952,18332700
2013-09-13,70.11669921875,70.1885601526528,69.73943959531408,70.14364535570459,16932500
2013-09-16,69.9281005859375,70.70957317123568,69.76641683908404,70.70957317123568,25704300
2013-09-17,70.39517974853516,70.48500251634974,70.04486615693179,70.0807897816273,27174300
2013-09-18,71.23956298828125,71.38328498192746,70.35928976284474,70.5030049034491,31714700
2013-09-19,71.41020965576172,71.58087775860356,71.28445637568029,71.4641019606424,26435700
2013-09-20,71.16513061523438,71.66064954263867,71.1290922501854,71.57956150287464,26328900
2013-09-23,71.02100372314453,71.54354985083646,70.68765390921335,71.4624617885863,30319400
2013-09-24,71.02100372314453,71.39939635066605,70.7867577221762,71.17416166186268,21871300
2013-09-25,70.77774047851562,71.17415569714565,70.63359386404257,71.07505189248815,22746400
2013-09-26,71.32730865478516,71.49848919156408,71.03900857230369,71.0660356310338,22421700
2013-09-27,71.23722076416016,71.36335162878297,70.80476717572724,70.91288229123961,25151600
2013-09-30,71.06605529785156,71.2552516349367,70.27323157002557,70.49846628659616,28031900
2013-10-01,71.78677368164062,71.82281204332513,71.03899314232002,71.07503150400453,33129700
2013-10-02,71.759765625,71.85886942746346,71.22820824145812,71.30028498390728,25503800
2013-10-03,70.92192840576172,71.8228675229617,70.54353562620652,71.6697095227065,42998200
2013-10-04,71.53453063964844,71.63363444166801,70.85882664785129,70.9218920788077,22852700
2013-10-07,70.93989562988281,71.48946866527167,70.87683020977008,70.90385726501621,20227100
2013-10-08,69.57049560546875,71.00298500574442,69.54346854110393,70.939919564354,43660700
2013-10-09,69.35425567626953,69.76868660279784,68.78665996550706,69.73264823436722,64526700
2013-10-10,70.82279205322266,70.98496129484587,70.0840225910762,70.1020383407602,48062700
2013-10-11,71.38141632080078,71.43547047360597,70.63363513009915,70.64264644677357,25214100
2013-10-14,71.88590240478516,71.88590240478516,70.885859860238,70.9399139847161,31471900
2013-10-15,71.60662078857422,72.17420977345073,71.51652140723893,71.83185549467696,38684000
2013-10-16,72.41743469238281,72.45347305748382,71.88588427277736,71.93993838362123,46735900
2013-10-17,72.83189392089844,72.8589278604551,72.03005888783377,72.09312433289668,32193500
2013-10-18,74.0121078491211,74.03913490751941,73.29135421495745,73.49857311870473,39628200
2013-10-21,74.1742935180664,74.36348984241684,73.9400475039869,74.18329795711814,31176900
2013-10-22,74.28240966796875,74.6878362977533,73.81392446365182,74.46260157241244,43944800
2013-10-23,73.8319091796875,74.0571438103438,73.47153926952979,73.92200853084238,38021300
2013-10-24,74.15625,74.30941477775576,73.76884614777669,73.87696124849563,23155100
2013-10-25,74.68779754638672,75.03015167677361,74.32742079809724,74.84996673943625,35824500
2013-10-28,74.70581817626953,74.8229445794519,74.37247533303405,74.69681374034413,28618400
2013-10-29,74.83197021484375,75.01216208862733,74.50763171565045,74.95810108968368,36878100
2013-10-30,74.7598876953125,75.21936143011436,74.39951088231058,75.09323057660608,33535500
2013-10-31,74.58873748779297,75.04821828301993,74.3094486091348,74.57071485932669,31309900
2013-11-01,74.60670471191406,74.93104307714108,74.23732355205871,74.84095061427008,30867800
2013-11-04,74.71482849121094,74.84095932863967,74.4535555069328,74.83194801921901,16834000
2013-11-05,74.79592895507812,74.97612082191141,74.21032429031644,74.42654765689947,27975600
2013-11-06,74.77791595458984,75.13829282788961,74.53466551744236,75.11126576527512,25576800
2013-11-07,73.37244415283203,74.89502576193892,73.30937872374022,74.78691752556225,52173200
2013-11-08,74.36347961425781,74.38149536350095,73.43551387186169,73.64272591943268,31470500
2013-11-11,74.2463607788086,74.4535728283853,74.00310348316341,74.255365216709,24822900
2013-11-12,74.36347961425781,74.47159473056658,73.98508701760211,74.02112538970503,20108500
2013-11-13,75.2644271850586,75.27343849755276,73.87698062650718,73.87698062650718,31345900
2013-11-14,75.49866485595703,75.55271897771699,74.9040420221306,75.06621126102719,31101200
2013-11-15,75.64279174804688,75.64279174804688,75.32746466397391,75.51666091441768,20511300
2013-11-18,74.9040298461914,75.77794133187558,74.75988325372418,75.62478342937429,31679600
2013-11-19,74.68779754638672,75.21934792306227,74.56166671552761,74.85897117477279,25545300
2013-11-20,74.50762176513672,75.16530998778235,74.29139841909026,74.88602121273833,32177400
2013-11-21,75.2644271850586,75.32749262528287,74.75990366326442,74.8229691034887,28125000
2013-11-22,75.66981506347656,75.69684211597401,75.33647225118861,75.39052635618351,25361300
2013-11-25,75.85002899169922,76.02120266531196,75.66083269542203,75.9401214841717,21695100
2013-11-26,76.24645233154297,76.43564866503647,75.70589039675896,75.86805966455596,26621000
2013-11-27,76.7779769897461,76.79599273463265,76.33651906706793,76.39958448459338,21638100
2013-11-29,77.23745727539062,77.33655418236134,77.00321135095037,77.08429251309413,16708900
2013-12-02,77.01223754882812,77.44468424442904,76.89511112715664,77.32756469637386,26354600
2013-12-03,76.94915771484375,77.15636971289211,76.65184637126305,76.95816215050498,37147000
2013-12-04,77.0212631225586,77.27352490982153,76.38159734096521,76.62485468841032,37193200
2013-12-05,76.9221420288086,77.17441063306268,76.73294573083051,77.08431126616361,39829300
2013-12-06,77.48076629638672,77.64293561706815,77.11137794842672,77.5708588359608,36842900
2013-12-09,77.79606628417969,77.95823554787486,77.66092408549741,77.79606628417969,22590000
2013-12-10,77.7419662475586,77.88611280038153,77.58880838717995,77.66988953434029,26965900
2013-12-11,76.74195098876953,77.84109719151671,76.63383588118886,77.73298208393604,36830600
2013-12-12,76.54373168945312,76.95816256137746,76.48967758073714,76.76896630725646,33662600
2013-12-13,76.44464111328125,76.94016010749384,76.31851025541191,76.90412173758598,34072000
2013-12-16,76.86807250976562,77.30953044995067,76.76896872492189,76.8230228353402,24902500
2013-12-17,76.71492004394531,77.05727422351652,76.57076657447381,76.86807795004697,24454900
2013-12-18,77.60687255859375,77.67894931679096,75.72391364761312,76.80503752609928,68387200
2013-12-19,77.39064025878906,77.48974407151019,77.04827913352803,77.48073275936721,44964100
2013-12-20,78.17874145507812,78.34142581716104,77.48281812005423,77.53704394226506,40475400
2013-12-23,79.00121307373047,79.00121307373047,78.58545873332284,78.82044881802035,28181800
2013-12-24,79.0373764038086,79.09160914016898,78.87469198563304,79.01930342199034,13852500
2013-12-26,79.29947662353516,79.36274240081482,79.02834053324482,79.18198500728793,15241100
2013-12-27,79.10066223144531,79.44411103211472,79.00125046306974,79.39891822293572,15827400
2013-12-30,78.98313903808594,79.09159759952819,78.75718887333676,78.98313903808594,18983700
2013-12-31,79.49830627441406,79.49830627441406,79.10063177222573,79.12775158456286,24890500
2014-01-02,78.8746566772461,79.1548394859008,78.64870658067441,79.12772657758416,29177500
2014-01-03,78.3052749633789,78.94697249252295,78.28720198733215,78.87466679743474,35723700
2014-01-06,78.01605224609375,78.41372663880134,77.72683638652005,78.32334797558143,32073100
2014-01-07,78.73908233642578,78.85657388965909,78.23294949418865,78.37756084781321,25860600
2014-01-08,78.91082000732422,79.12773709358491,78.58545127338382,78.7571755761442,27197400
2014-01-09,78.64872741699219,79.2090862873071,78.37759136654424,79.20004635032338,23674700
2014-01-10,78.90180969238281,78.99218838996377,78.25107203707574,78.83854391453089,38008900
2014-01-13,77.7358627319336,79.06445022490168,77.43760698954306,78.7933073871923,48842300
2014-01-14,79.2181167602539,79.28138252067868,77.99798744037575,77.99798744037575,37178900
2014-01-15,79.86885833740234,80.02250277840172,79.48022381899443,79.56156255995253,39835600
2014-01-16,79.87789916992188,79.99539766781295,79.67906881859034,79.80560035827939,31630100
2014-01-17,79.42598724365234,79.86885446333531,79.23618996183853,79.63386439732504,36895800
2014-01-21,80.03155517578125,80.06770113597877,79.36273768944052,79.9321365466077,26412700
2014-01-22,80.2394027709961,80.43823997307798,80.00441272349475,80.2394027709961,29376900
2014-01-23,79.96826171875,80.00440766643447,79.40790299334394,79.99537462723823,35011900
2014-01-24,78.39566802978516,79.69714319855177,78.36855511301117,79.57965159404718,63974600
2014-01-27,77.63646697998047,78.53122757480583,77.04899525583117,78.39565611608663,63519300
2014-01-28,77.5912857055664,77.67263135104551,77.10323251904737,77.27495685192957,44378800
2014-01-29,76.75978088378906,77.49185712175736,76.60613644540452,76.92246525838767,51939300
2014-01-30,78.17874145507812,78.44988435703313,77.6183826755813,77.69972830434799,65833600
2014-01-31,77.97087860107422,78.34144017529789,77.22976234807857,77.31110799175397,45187000
2014-02-03,76.18134307861328,78.1787413065046,75.98250587028421,77.82625967190323,65596900
2014-02-04,76.74169921875,77.04898806073037,76.3349848805728,76.56997492737851,37675500
2014-02-05,76.54290008544922,76.81403621696523,75.68428509701447,76.48866734278312,41721800
2014-02-06,77.51898956298828,77.6184082000351,76.75076028208768,76.76884015907041,32308600
2014-02-07,78.90180969238281,78.95603553184085,77.72686593747252,77.95281612915123,38359400
2014-02-10,79.35369873046875,79.3898446879712,78.82045276871031,78.87467860041565,30205400
2014-02-11,80.25751495361328,80.41115943691655,79.43505290395528,79.52543160616584,38635500
2014-02-12,80.41112518310547,80.59188251052697,80.1670952060914,80.42016511811156,32507200
2014-02-13,81.00763702392578,81.07090278364764,79.8055875892104,79.82366056536637,40454500
2014-02-14,81.17033386230469,81.3510981288906,80.73651341340192,80.98053655397827,33212400
2014-02-18,81.5680160522461,81.72166052175727,81.1070757482602,81.30591301254636,29546600
2014-02-19,81.00763702392578,81.60414866883247,80.84495265671947,81.41435138966688,41749900
2014-02-20,81.3872299194336,81.54087433468011,80.71841264933121,81.06186121923511,41814800
2014-02-21,81.27880859375,81.76686186745906,81.17938995121003,81.64936334693739,31192200
2014-02-24,81.71260833740234,82.0831629650332,81.3781996625812,81.46857833550696,31500400
2014-02-25,81.62223815917969,81.99279975213196,81.36013513145903,81.83011535201058,26771700
2014-02-26,81.54989624023438,82.10120802626562,81.22452761196938,81.83911203253122,42953700
2014-02-27,82.07901763916016,82.16069400808739,81.43465645157644,81.56171319706769,28742400
2014-02-28,81.9882583618164,82.55094319060119,81.26222079223682,82.0608641959964,48609800
2014-03-03,81.38021087646484,81.59802840790276,80.6541732105616,81.2168511899236,38885700
2014-03-04,82.4148178100586,82.5691069552355,82.18792974699902,82.26961305021904,33189000
2014-03-05,82.6417007446289,82.78691241953126,82.37850977692372,82.55094690985182,27203300
2014-03-06,82.56908416748047,82.8957965179706,82.26959034511955,82.8322681548097,24063900
2014-03-07,82.16071319580078,82.91398330861193,81.7432399453943,82.83229999653514,31167800
2014-03-10,82.23329162597656,82.27867199800714,81.70690977634139,82.11531235239873,18131700
2014-03-11,81.87935638427734,82.64169686954716,81.63431342538816,82.43296375175476,27484300
2014-03-12,82.18790435791016,82.23328472613306,81.2077534905726,81.50724037899883,27977200
2014-03-13,81.0262680053711,82.52373068092098,80.65417516394965,82.49650521985045,48542000
2014-03-14,80.47264099121094,81.11700213487528,80.43633807724879,80.76305737883533,38732300
2014-03-17,81.18050384521484,81.59798375665103,80.94454536805422,80.98991880255254,28467200
2014-03-18,82.16071319580078,82.26054450829744,81.25316084515843,81.28038630782571,31250200
2014-03-19,81.71602630615234,82.27871133763203,81.18056674127918,82.18795055017573,40869400
2014-03-20,81.94288635253906,82.18792239212284,81.2985251420017,81.46188480974874,31634500
2014-03-21,80.95685577392578,82.45774269030035,80.80222074869953,82.41225853468896,62754000
2014-03-24,80.24736022949219,81.31162301833884,79.5105639818151,81.24794935421747,77735300
2014-03-25,80.51115417480469,81.18427676729175,79.83802464240864,80.66578922687852,41723300
2014-03-26,79.47417449951172,81.09331069211407,79.46507627935424,80.91138098850737,40930400
2014-03-27,79.02845001220703,79.71976898931366,78.59183261396694,79.36501475077793,64784500
2014-03-28,79.1830825805664,80.05632421317003,78.9647669674848,79.28314216825191,39895100
2014-03-31,79.74706268310547,80.28374666103484,79.70158545983246,79.80164506690559,33924300
2014-04-01,81.14789581298828,81.20247126062604,79.78345410276896,80.13820839223322,38683800
2014-04-02,81.35708618164062,81.57539483943499,80.9932337920453,81.49352475532017,34631600
2014-04-03,80.7112808227539,81.57542448971505,80.24736868390369,81.43897892653443,30319100
2014-04-04,78.5645523071289,81.3298215365677,78.35533486829607,81.24795142922996,131213200
2014-04-07,77.81865692138672,78.80104961873393,77.27287471852728,78.07335158143633,83995800
2014-04-08,78.53723907470703,78.64639687871076,77.63670974637539,77.909600786431,51495700
2014-04-09,79.88351440429688,79.92899857099279,78.61913229713673,78.82834974806465,45685200
2014-04-10,77.4093017578125,79.93806519202553,77.19099309281981,79.93806519202553,73659600
2014-04-11,76.50877380371094,77.71858011107363,76.32685106963108,76.71798425391204,93657400
2014-04-14,77.10913848876953,77.5184751252174,76.39962998015037,77.18191037168143,46500700
2014-04-15,77.36384582519531,77.80956149629613,75.75380076074924,77.3911335483369,84631500
2014-04-16,78.39171600341797,78.39171600341797,77.40021819483783,78.03696175316774,46970900
2014-04-17,78.40990447998047,78.80104466616214,77.89141697177764,78.0915361749276,53719500
2014-04-21,78.99203491210938,78.99203491210938,78.22795127729987,78.59180360145452,25947900
2014-04-22,79.61969757080078,79.81981674024983,79.1284978657642,79.2649433849256,38593400
2014-04-23,78.9192886352539,79.64698651549641,78.87380448152922,79.6196987992246,34376700
2014-04-24,79.6742935180664,80.23826523719542,78.81924812830786,80.22007573524702,48926300
2014-04-25,78.40080261230469,79.29223374607133,78.20978165506898,79.20127237689827,44334000
2014-04-28,78.65550994873047,79.23767113352321,77.4184156960687,78.77375905379786,58623800
2014-04-29,79.28316497802734,79.42870182204511,78.50997577075502,78.89202473360955,36742700
2014-04-30,79.49234771728516,79.57421780211564,78.71916572007828,78.9192848831004,38689400
2014-05-01,79.72885131835938,80.18366506582304,79.41957436133244,79.61969352060157,37127200
2014-05-02,79.58332061767578,80.14729225523266,79.39229964525526,80.00174850105998,40074200
2014-05-05,80.00175476074219,80.01995120139163,78.91930249899688,79.11032348636371,27924400
2014-05-06,78.96479034423828,79.91990234947595,78.92840439795297,79.87441818164191,33698500
2014-05-07,78.73737335205078,79.21038365357838,77.80045790929378,79.12851354989105,67489100
2014-05-08,78.66458892822266,79.61969363532835,78.27344882724402,78.45537155052881,46556900
2014-05-09,78.9556884765625,79.0102639187184,78.09153798294481,78.61912372348083,35081500
2014-05-12,80.2564697265625,80.28375745217589,79.35593314186103,79.42870503677001,38951100
2014-05-13,80.3110122680664,80.60209278851394,80.15637725968332,80.32920176438506,30311900
2014-05-14,79.89257049560547,80.36557365622902,79.70154958805139,80.06539497011298,26483600
2014-05-15,79.26496124267578,80.01085571690696,78.7555719256132,79.8744101670055,59680300
2014-05-16,79.783447265625,79.8289314280316,78.81014587333989,79.35592112267484,66804100
2014-05-19,80.33831024169922,80.46565755191308,79.4104931330114,79.54693172259203,32017000
2014-05-20,80.04722595214844,80.59300110474975,79.71975947260613,80.30192056070187,33716000
2014-05-21,80.81131744384766,80.85680160250737,80.1472931428285,80.19277730148823,36837700
2014-05-22,81.16606140136719,81.39346826662498,80.77492131552754,80.90226860487934,30617100
2014-05-23,81.75731658935547,81.77551302556716,81.06600469126577,81.24792741394053,22687300
2014-05-27,82.77609252929688,82.79428202354677,82.04838784098892,82.12115969780096,29725200
2014-05-28,82.52139282226562,82.86704871069973,82.45771918650392,82.74879965568681,30468100
2014-05-29,83.04901885986328,83.05811014090347,82.64878041700126,82.81251369454398,33036100
2014-05-30,83.0580825805664,83.18542987196444,82.62146527860365,83.0671807984968,29906400
2014-06-02,82.97624969482422,83.17636892282182,82.44866390099585,83.158172480326,30409900
2014-06-03,82.93983459472656,83.07628010584428,82.5941786478144,82.703329504783,21774500
2014-06-04,83.24913024902344,83.38557580216465,82.60329536672475,82.73064269901411,20118300
2014-06-05,83.94954681396484,84.10418186760651,83.03991905384808,83.32190143871338,35583100
2014-06-06,84.43164825439453,84.43164825439453,84.09508348543002,84.25881675953315,22680600
2014-06-09,84.36795043945312,84.57716781755211,84.14054356495325,84.44981358311769,23399500
2014-06-10,84.51347351074219,84.5589507105809,84.19509841234436,84.29515796785705,20626000
2014-06-11,84.49530792236328,84.61355701299506,84.14055371056004,84.2224168640956,22878200
2014-06-12,83.73121643066406,84.4043388558168,83.44013590033526,84.31337749132166,35275900
2014-06-13,83.9768295288086,84.1860469547197,83.61297705847676,84.09507863220526,39447100
2014-06-16,84.04960632324219,84.2952027646229,83.64936788849386,83.83129760424721,25212300
2014-06-17,84.09506225585938,84.32246913804386,83.84946587665934,83.98591139395148,19977900
2014-06-18,84.56807708740234,84.68632617424599,83.66754772782026,84.17693695103313,34514000
2014-06-19,84.51347351074219,84.74997160567638,84.13142478064587,84.69539618990777,38422200
2014-06-20,84.61289978027344,84.70411252922653,84.3940044916087,84.54905503113973,25897500
2014-06-23,84.63117980957031,84.6585408620511,84.3758007083382,84.60381875708954,20837900
2014-06-24,84.549072265625,85.34257741679697,84.30281588549973,84.62203969623886,31945800
2014-06-25,85.08720397949219,85.23313189178629,84.34842783183878,84.35754354234878,32818600
2014-06-26,85.1328125,85.15105784008391,84.47612638670525,85.14193517004196,22563900
2014-06-27,85.50675201416016,85.52499039282463,84.99599390886725,85.02335495614261,22877800
2014-06-30,85.65269470214844,85.86246738946066,85.43379238683403,85.4885214449416,19751900
2014-07-01,86.59212493896484,86.82014295748239,85.91718659399133,85.95367031198107,31862500
2014-07-02,86.7380599975586,86.86574954176245,86.56477102102951,86.64685417434988,18777300
2014-07-03,87.28531646728516,87.28531646728516,86.78368087661214,87.02082162339106,15291700
2014-07-07,87.02078247070312,87.2943998629017,86.85660925196147,87.1849487308885,23266400
2014-07-08,85.9719009399414,86.92045656969773,85.61619344860235,86.85661181377935,40612400
2014-07-09,86.6103515625,86.71068003371411,85.95365864493738,86.19992196830174,29919000
2014-07-10,86.33673095703125,86.69243844778599,85.39729103783753,85.49761950533826,44245300
2014-07-11,86.89309692382812,86.89309692382812,86.29113301849816,86.5556347351858,19566300
2014-07-14,87.41297912597656,87.61363608390477,87.13936169489406,87.28528959975993,19579000
2014-07-15,87.11199951171875,87.67747970371654,86.49179026737228,87.54979017916497,39467500
2014-07-16,87.45858001708984,87.83253286220545,87.36737421245773,87.74132009901648,22052600
2014-07-17,86.30024719238281,87.53154288720563,86.02662283417486,87.22143481733285,43111500
2014-07-18,87.66837310791016,87.7139725379579,86.6468498467414,86.74717833482752,36682200
2014-07-21,87.55891418457031,87.70484904831878,87.14848455775306,87.4859467526961,29750700
2014-07-22,88.11524200439453,88.25205414258255,87.87810142877225,87.96930720137946,25770400
2014-07-23,88.68075561523438,88.78107712430429,88.26119640958395,88.42536963310387,28947500
2014-07-24,88.58039855957031,88.93610593597136,88.45270908899325,88.83577750072448,24707200
2014-07-25,88.23382568359375,88.35239947335387,87.76867406679176,88.12438151896069,29898900
2014-07-28,88.26119232177734,88.48921029063014,87.57713841521894,88.32503707471389,25603400
2014-07-29,88.10619354248047,88.65343559756464,88.03322607951984,88.45278551226332,27022200
2014-07-30,88.45272064208984,88.76282169440769,88.10612892649324,88.59864850242907,35348500
2014-07-31,86.66505432128906,87.86898874875227,86.53736483341837,87.72306088770941,50047900
2014-08-01,86.34583282470703,86.956919240758,85.77123011449491,86.48264498196384,60708000
2014-08-04,86.93867492675781,87.27614396379191,86.20901477694811,86.52824544158666,33230500
2014-08-05,86.27288818359375,86.8383753355154,85.87158123055772,86.5921189543014,50331100
2014-08-06,86.20903778076172,86.7471638505135,85.6617960016572,85.7347634278196,34431900
2014-08-07,85.93539428710938,86.77449855761921,85.63440896446302,86.61032537786254,33274700
2014-08-08,86.55567169189453,86.65600021204637,85.70744408605823,86.07227443583216,40236900
2014-08-11,87.06639099121094,87.34001537056787,86.82925032633872,86.89309508704774,28277500
2014-08-12,87.02992248535156,87.25794052180987,86.58300908228959,86.97520038334021,28152300
2014-08-13,87.95111083984375,87.98759455802384,87.34002421708203,87.38562364588886,27996500
2014-08-14,88.40715026855469,88.42538864906508,87.95111421165686,88.06968108136941,25006600
2014-08-15,88.83580017089844,89.04557280099836,87.99669573338666,88.91788329783597,55205500
2014-08-18,89.51988220214844,89.60196535488755,89.17329033442802,89.3009868362859,38938300
2014-08-19,90.02149200439453,90.07622104915369,89.67490719418227,89.7296292803852,21363400
2014-08-20,90.02149200439453,90.20391055599801,89.86644145444875,89.94853154230937,23435600
2014-08-21,90.20392608642578,90.24952551326034,89.93030169118872,90.06711388880724,19339500
2014-08-22,90.3407211303711,90.52313272018831,90.03973574447217,90.24039266840478,24692000
2014-08-25,90.65997314453125,90.91535223328255,90.44107777682417,90.76941734910564,24124700
2014-08-26,90.75113677978516,90.85146522637686,90.54135722094203,90.79674314952867,20100400
2014-08-27,90.76940155029297,90.8788526943752,90.57786726706688,90.77852421860575,15589100
2014-08-28,90.6690902709961,90.77853446887916,90.36810480970196,90.45931062745713,23563900
2014-08-29,91.00653076171875,91.12510455918911,90.5413721561142,90.86971858847551,17906300
2014-09-02,91.27103424072266,91.29839528419957,90.8970883822776,91.22542786255691,18326800
2014-09-03,90.73291778564453,91.51729323602963,90.56874456148101,91.51729323602963,25950700
2014-09-04,90.65082550048828,91.40784684684176,90.42280752569913,90.94268822987613,24663500
2014-09-05,91.10689544677734,91.16161755440837,90.32251276412428,90.78767155466481,30798200
2014-09-08,91.2801742553711,91.50819227242074,90.86062193902664,91.13423938435164,25571300
2014-09-09,90.52314758300781,91.62675388728007,90.34985167323904,91.28928473629809,36449200
2014-09-10,91.27103424072266,91.30751795154399,90.38632338933533,90.6417024065283,31080100
2014-09-11,91.19807434082031,91.24368072274754,90.51402036325344,90.87885054300048,28691900
2014-09-12,90.73291778564453,91.14334736677505,90.45017075824504,91.11598632250723,30444400
2014-09-15,89.8572998046875,90.84233889958603,89.58368247291885,90.83321623429397,32972200
2014-09-16,90.64173126220703,90.8150272041378,89.42868054436727,89.51988637117768,38166900
2014-09-17,90.7785415649414,91.20721659631343,90.23129965707521,90.62349096678169,37196500
2014-09-18,91.46259307861328,91.47171574840885,90.96095757678779,91.06127911030633,30196700
2014-09-19,91.4059066772461,91.93616166914708,91.04020852844015,91.8447388757236,46918000
2014-09-22,90.55567169189453,91.1956382933819,90.16254735809149,91.18649392047128,48658000
2014-09-23,90.30882263183594,90.71109133936359,90.12597702393036,90.1899736842086,33989600
2014-09-24,91.27791595458984,91.3236308436447,90.08940556540433,90.40024449061642,35959000
2014-09-25,89.35798645019531,91.10419153602393,89.32141594328094,90.98533564477448,68642500
2014-09-26,90.30882263183594,90.47338646899608,89.49514781896431,89.65056728319534,56106200
2014-09-29,90.18994140625,90.43678358609178,89.36712251492682,89.4128373880988,33342700
2014-09-30,90.31795501708984,90.78422032300952,89.88826022291994,90.43680394894267,41834300
2014-10-01,88.87342834472656,90.15336802649311,88.59001567041123,90.06194525817625,58164900
2014-10-02,88.87342834472656,89.1477036247873,87.7397706723551,88.8368578423778,54501300
2014-10-03,89.75110626220703,90.11680433823652,89.08371372543054,89.39455255623369,41627800
2014-10-06,89.55912780761719,90.25395354351815,89.28485944681448,90.03453745985368,36038700
2014-10-07,88.28831481933594,89.3945463657647,88.27917044991301,89.13855982280401,45154000
2014-10-08,90.0071029663086,90.29052266910473,87.82206560905409,88.33404576323761,64931600
2014-10-09,88.5534439086914,90.11679624253993,88.41630627061136,89.88823583744319,62497100
2014-10-10,86.34098815917969,88.52602525858163,86.32269941916452,88.03233390483119,77579400
2014-10-13,84.98792266845703,86.84383253260377,84.91478164545818,86.18557727583783,80835900
2014-10-14,84.99703979492188,86.09412688779385,84.75933503392608,85.5181572103025,71814500
2014-10-15,84.44851684570312,84.8050705866064,82.50117736449609,83.71712062199258,108847800
2014-10-16,83.91825103759766,84.64050285683629,82.63831119306225,82.66573732953405,93165800
2014-10-17,85.02448272705078,85.83815732632229,84.53079134517071,85.02448272705078,69546700
2014-10-20,86.29527282714844,86.36841383660047,84.84163188361978,85.01533306218015,41479300
2014-10-21,88.56259155273438,88.56259155273438,87.14551419869082,87.3649302426663,53609800
2014-10-22,88.1054916381836,88.9557368574002,88.05063238283573,88.83688095007311,39178000
2014-10-23,89.43114471435547,89.92483619026093,88.83688606881486,88.9923055218465,48123800
2014-10-24,90.16252899169922,90.22652563881164,89.26656895701396,89.62312270165621,43157600
2014-10-27,90.22652435302734,90.3910881539872,89.61397705355321,89.9888195349495,29545700
2014-10-28,91.58872985839844,91.60701162256599,90.58306542653557,90.64706206378747,34495100
2014-10-29,91.25048065185547,91.53390038034402,90.6013697480858,91.287051164406,40552800
2014-10-30,91.44245147705078,91.66187450643959,90.63792129462361,90.83905558400805,35935800
2014-10-31,92.70411682128906,93.02410004558827,92.40241536333075,92.96010340072843,54254100
2014-11-03,92.97835540771484,93.22520451253095,92.73151327800765,92.86865089456006,33481000
2014-11-04,92.66755676269531,92.9052616025974,92.03672763857945,92.68583853109766,22773300
2014-11-05,92.67668151855469,93.28007739968467,92.35669135079115,93.28007739968467,25818600
2014-11-06,92.9692611694336,92.99668731045293,92.2652909994137,92.66755966799649,24671900
2014-11-07,92.8869857788086,93.17040554180552,92.40243863496316,93.13383502480228,20931700
2014-11-10,93.2160873413086,93.33493625693775,92.68582545598903,92.93267463282547,20360000
2014-11-11,93.5086669921875,93.5086669921875,92.97840497886872,93.23439858796625,15454000
2014-11-12,93.6732177734375,93.77378493350723,93.13381843771045,93.13381843771045,22050300
2014-11-13,94.07547760009766,94.42288695453806,93.63663849044205,93.84691716228164,28027800
2014-11-14,94.36802673339844,94.36802673339844,93.73719774612194,94.04804354242863,19251300
2014-11-17,94.08463287353516,94.35890124563106,93.63664934142174,94.14862952453538,23361600
2014-11-18,94.78857421875,94.91656749129253,94.1577452504259,94.16688961992472,26336800
2014-11-19,94.35887908935547,94.68800663867805,93.92004700699884,94.68800663867805,23760200
2014-11-20,94.77943420410156,94.86171958315124,93.88348125513727,93.95661528915744,22874000
2014-11-21,94.9622802734375,95.71195812830396,94.6605788626094,95.62052838554872,34049100
2014-11-24,95.70281982421875,95.74853469849356,95.13598746871935,95.21827284739192,17928300
2014-11-25,95.8490982055664,96.13251788074419,95.60225601117106,95.8490982055664,17526000
2014-11-26,96.47080993652344,96.52566919798839,95.83998771813452,95.94055489318878,18973800
2014-11-28,96.91878509521484,97.13820119665118,96.66279848102043,96.72679513456903,17360400
2014-12-01,95.8216781616211,96.83648708941301,95.46512442754407,96.65364152454164,35969500
2014-12-02,96.2056655883789,96.37936678352119,95.72111158583546,95.92224589347401,26031300
2014-12-03,96.3793716430664,96.51650931201743,95.77597566483814,96.35194550429853,32974300
2014-12-04,96.33363342285156,96.70846882657995,95.93136491387628,96.28791855588278,31008800
2014-12-05,96.34278106689453,96.63533811133803,96.13250939672804,96.48906307667134,25622200
2014-12-08,95.65713500976562,96.51652469539586,95.15430611028346,96.09597422533137,32685800
2014-12-09,95.95880126953125,96.03194227443157,94.20345900258431,94.5417309189157,46035100
2014-12-10,94.45030212402344,96.02279886962602,94.27660095452794,95.7850940888672,39330100
2014-12-11,94.89828491210938,96.03194259136524,94.70628802983484,94.72457676867535,47576000
2014-12-12,93.86520385742188,95.07200275345893,93.85606646150933,93.9931971513113,46889400
2014-12-15,92.89611053466797,94.69716800984355,92.63097957371767,94.34975165923419,52968400
2014-12-16,91.4059066772461,93.68236701651729,91.38761793349418,92.31100418982899,65348600
2014-12-17,93.06979370117188,93.33491761576924,91.35101510239723,91.46987096939904,79715300
2014-12-18,95.30970001220703,95.31884438250542,94.14861608830132,94.40460265576962,49840900
2014-12-19,95.72907257080078,96.11448318537313,95.16930653487857,95.40789705865716,51419900
2014-12-22,95.9676513671875,95.99517969327852,95.52717714643066,95.57306235731582,33869200
2014-12-23,95.62812805175781,96.32554271677613,95.51800773588096,96.31636427351117,30156900
2014-12-24,95.7107162475586,96.07776995040626,95.68318091885448,95.74741601696287,14291300
2014-12-26,96.38977813720703,96.59166188310058,95.9584823166346,95.98601064541992,13924300
2014-12-29,96.37142181396484,96.5824840043876,96.24295161148177,96.29801527047519,17073800
2014-12-30,95.72907257080078,96.316366936178,95.60060236594333,96.09613329943681,18604000
2014-12-31,94.74717712402344,96.27047650417263,94.60952849311475,95.89423737976222,24367100
2015-01-02,94.4627456665039,95.61897781938522,94.00392138329936,95.21521721091523,31314600
2015-01-05,93.07706451416016,94.15988975522417,92.81094567513333,94.04976944218181,36521300
2015-01-06,91.82907104492188,93.3707205687547,91.41613208363329,93.21472202792137,66205500
2015-01-07,93.01285552978516,93.23308921660276,92.21449878855516,92.43473947647544,37577400
2015-01-08,94.79305267333984,94.97657949511283,93.70104918082198,93.80199103312697,40212600
2015-01-09,94.1690673828125,95.11424397466416,93.61847282346922,95.08671564691713,41410100
2015-01-12,93.18722534179688,94.45357798739727,92.94863472702448,94.35263607349755,34129800
2015-01-13,93.15966033935547,95.08672753580076,92.4071889487507,94.09566560638916,56162300
2015-01-14,92.64582061767578,93.12300190713412,91.82911375801922,92.22370301614242,51354200
2015-01-15,91.44366455078125,93.22389768779514,91.33354422227558,93.07707758422262,51005400
2015-01-16,92.51731872558594,92.63661050662468,91.17755279574975,91.32437291078956,35362200
2015-01-20,93.25141143798828,93.4899949262119,92.03093766699017,93.0770560418171,30964100
2015-01-21,93.72859191894531,94.16906616048239,92.6457667013131,92.97612063219076,40128800
2015-01-22,95.46295166015625,95.5638935333832,93.26977278022707,94.09565765158347,40887200
2015-01-23,95.67403411865234,95.967681357222,95.17850309085934,95.45379343889829,34783000
2015-01-26,95.56389617919922,95.73825160161864,95.07754368624094,95.56389617919922,19960900
2015-01-27,93.08621978759766,94.11398111577559,92.77421581218724,94.05892447350861,45253200
2015-01-28,92.60906982421875,94.6829570560306,92.59071993769886,94.58201517741799,43591700
2015-01-29,93.49918365478516,93.67353907013816,91.72812217604934,92.53565015039334,46539700
2015-01-30,92.77424621582031,94.13236884597589,92.64577600769628,93.41660425754169,42927600
2015-02-02,93.58177947998047,93.66436446889256,91.53542063002278,92.98530666713353,43624700
2015-02-03,94.48107147216797,94.54530657539763,93.30648272676778,93.92130542926613,30750400
2015-02-04,94.39848327636719,95.02248440130343,93.88459546688381,94.09565765666999,34073200
2015-02-05,95.21519470214844,95.27942980656785,94.39848823120109,94.63707176127244,23605500
2015-02-06,94.6370849609375,95.59144021763709,94.29755950497957,95.36202809826995,34169300
2015-02-09,94.33424377441406,94.78388946077172,94.10483170978864,94.27000867636296,22604700
2015-02-10,95.80249786376953,95.93096808437961,94.71049398748181,94.85732109738017,23686500
2015-02-11,96.15116882324219,96.37140241157357,95.72905152848224,95.91257835190846,20303600
2015-02-12,97.27070617675781,97.30741294374896,96.6283552571626,96.77517532402724,22520300
2015-02-13,98.10578918457031,98.12413907122145,97.36248925482435,97.54602312684246,29030200
2015-02-17,98.19756317138672,98.26179828321979,97.85803072249637,98.10579972606833,17675300
2015-02-18,98.33516693115234,98.3902235729791,97.94974943506836,98.07821960006339,15149600
2015-02-19,98.82156372070312,98.88579883209394,98.24344071708369,98.27096905037946,19828100
2015-02-20,99.48226928710938,99.53732595235215,98.4453220843579,98.75732618997135,28336700
2015-02-23,99.58319854736328,99.61073387953103,99.20696635428864,99.42720000392016,17868000
2015-02-24,99.65658569335938,99.77588443117332,99.15188342162995,99.45470198422774,19745000
2015-02-25,99.4088363647461,99.89518881590551,99.18859574448103,99.50977823209244,19472300
2015-02-26,99.91352081298828,99.96858445874683,99.23446319149313,99.50976041698809,22255500
2015-02-27,99.47307586669922,99.9410784541099,99.31707733792928,99.87683635286257,27757600
2015-03-02,100.37238311767578,100.40908989514136,99.64744001520968,99.66579690449345,22988600
2015-03-03,99.90438079833984,100.17049966640077,99.27120118119136,100.06955778537416,20788900
2015-03-04,99.51893615722656,99.72081986449966,98.97752712508472,99.57399980536441,21007400
2015-03-05,99.69332885742188,99.99615453168289,99.28038984786755,99.77592085999406,15381000
2015-03-06,98.56462860107422,99.75756744866439,98.31685958581997,99.56486210407911,30990400
2015-03-09,98.84911346435547,99.09687551878382,98.36276080118247,98.76652144547697,26237100
2015-03-10,97.01374053955078,98.16997889475432,97.01374053955078,98.14244357585818,34234500
2015-03-11,96.45401763916016,97.27990254590847,96.41731086540454,97.1606037809274,25459700
2015-03-12,97.08720397949219,97.19731730730776,96.31637567927466,96.38061078753431,21473200
2015-03-13,96.66506958007812,97.38084114254532,96.05942533626863,96.99542353164729,42021100
2015-03-16,97.9130859375,97.94979271530345,96.92203094121497,97.02297282989895,25674100
2015-03-17,98.06907653808594,98.22507506913459,97.41754708391133,97.64695915937143,19603800
2015-03-18,99.0326156616211,99.48226842755825,97.29826071044012,97.80297014114436,40622200
2015-03-19,99.17941284179688,99.45470308366535,98.98670757215902,99.13352763426894,31314000
2015-03-20,99.82141876220703,100.31808934294155,99.80302667426986,99.99617517502175,31761400
2015-03-23,99.62828063964844,100.04216932477368,99.59148944273902,99.76624587375795,17268500
2015-03-24,99.26953887939453,100.07892386331865,99.25114679627839,99.61904459620706,22445300
2015-03-25,96.99777221679688,99.51790962407624,96.96098101893543,99.42593513802437,41581400
2015-03-26,96.66665649414062,97.21851041647112,95.87566329915903,96.1975775024182,47846300
2015-03-27,97.05297088623047,97.28291064640342,96.5011168652563,96.64828168002519,33878400
2015-03-30,98.16584014892578,98.24861505608862,97.64157801862373,97.64157801862373,30570200
2015-03-31,97.12649536132812,98.09224458490343,97.09890372931747,97.88989659389142,30488100
2015-04-01,96.62067413330078,97.14493641954324,95.99523780785333,97.12653731212227,32970500
2015-04-02,96.6850357055664,96.99775029089575,96.37231410303517,96.71262734342466,19164200
2015-04-06,97.47604370117188,97.7427675862139,95.96763276708218,96.11479754785307,24451100
2015-04-07,97.31049346923828,98.13827085732922,97.31049346923828,97.4208600451419,19379400
2015-04-08,98.08306121826172,98.22102641827878,97.33805896225171,97.34725149630503,25866900
2015-04-09,98.69933319091797,98.73612439191879,97.70599883271232,98.03710560731149,23114700
2015-04-10,99.10401153564453,99.11321108853888,98.44178407130819,98.6625242203527,17164300
2015-04-13,98.85568237304688,99.68345970826967,98.7453087869891,99.1775965608783,17783500
2015-04-14,98.57054138183594,99.03962029881866,98.0094879953199,98.75449733810476,23755700
2015-04-15,99.18677520751953,99.39832279687282,98.70850376931503,98.82806987456564,21128600
2015-04-16,99.04883575439453,99.22358516940523,98.7821048378796,98.9200700729326,16195300
2015-04-17,97.50365447998047,98.36822317648502,97.08056617803051,98.10149923909398,46514000
2015-04-20,98.96601867675781,99.14077504693903,97.95428567417366,97.99107685827501,28945900
2015-04-21,99.38916015625,99.71108143576063,99.2695940065948,99.53632497170682,22759800
2015-04-22,99.9317626953125,100.09731950644264,99.00280464301554,99.64663278785473,21429200
2015-04-23,100.30891418457031,100.75960114646351,99.57311119569921,99.59150328810918,29473200
2015-04-24,101.67012786865234,101.80809307753863,101.20104896531976,101.3666058125429,32508100
2015-04-27,101.41259002685547,102.24037420968844,101.19184289996562,102.04721871935944,31121300
2015-04-28,101.21024322509766,101.6793221039031,100.35486739537087,101.48616661124078,36849200
2015-04-29,100.57563781738281,101.23786537121903,100.02378386158722,100.64922021607656,34043900
2015-04-30,98.9936294555664,100.4100587399972,98.46936726083311,100.00536967101856,44080500
2015-05-01,100.2996826171875,100.36406544137539,99.36152487364805,99.37992397610262,32874300
2015-05-04,100.46526336669922,101.09069967219563,100.4100730634003,100.62162068877251,23507300
2015-05-05,98.82807922363281,100.25370815566323,98.78209549443348,100.06975920446052,47843300
2015-05-06,98.14746856689453,99.28796760542414,97.49444060865568,99.00284460009257,42687200
2015-05-07,98.7361068725586,99.01203732250261,98.04628776490141,98.11987015384685,29335800
2015-05-08,99.9686050415039,100.18014567570329,99.60989960333622,99.75705739010047,33023300
2015-05-11,99.58226776123047,100.23530258975904,99.50869240096397,100.03295456032222,19679300
2015-05-12,99.13158416748047,99.63745422162054,98.23022463836001,98.99361896933304,33665000
2015-05-13,99.33394622802734,100.07894857923276,99.18678145795086,99.56388591836999,20738400
2015-05-14,100.78718566894531,100.86996060474512,99.77545224501522,100.1433502048416,23904200
2015-05-15,100.78718566894531,101.18268229124207,100.53884682713834,101.04471704770529,23937400
2015-05-18,101.2286605834961,101.43100866084049,100.54804097377678,100.62162336866628,17631100
2015-05-19,101.1182861328125,101.49538359714514,100.95272926580716,101.33902628308533,14212900
2015-05-20,101.18265533447266,101.78969242022426,100.64919361076232,101.19184786897662,21131900
2015-05-21,101.70692443847656,101.84488965466032,100.860748071113,101.00790582242726,16771800
2015-05-22,101.60572052001953,101.97362531586394,101.5229386077844,101.58732142076714,13543800
2015-05-26,100.43765258789062,101.52296819244162,100.03296351001222,101.38500999384807,25488400
2015-05-27,102.05642700195312,102.16680057484095,100.52043161957562,100.7411717481491,30572700
2015-05-28,101.82649993896484,102.1024303967747,101.51378530283652,101.86329113448636,17302400
2015-05-29,101.21947479248047,101.90009444755745,100.98033550175465,101.76212920224626,30383000
2015-06-01,101.55977630615234,101.83570678371919,100.73199189065538,101.76212438740755,24570200
2015-06-02,101.23783111572266,101.73450161304312,100.68597734665592,101.1826478439764,19449600
2015-06-03,101.54135131835938,101.91844869717846,101.29301256556518,101.69770859696239,20507200
2015-06-04,100.76875305175781,101.61493632270496,100.44683893535472,100.97110107269732,31374600
2015-06-05,100.52963256835938,100.88833791372589,99.9133888826764,100.64919867774745,22641700
2015-06-08,99.50872802734375,100.55725272145587,99.30637992546171,100.48367031764344,24549200
2015-06-09,99.34315490722656,99.70186029573958,98.59814547037382,99.26957251542822,27554600
2015-06-10,100.70439147949219,100.99871402191283,99.5730920578015,99.68345862545742,30297900
2015-06-11,100.85155487060547,101.3114342753805,100.67679845128605,101.04470337854664,17593500
2015-06-12,100.02374267578125,100.52961268699889,99.88577748934,100.31806513216219,27201800
2015-06-15,99.5271224975586,99.68347984649243,98.69933797790237,99.27879065026394,31238800
2015-06-16,100.06977081298828,100.23532769515711,99.37995164015207,99.42593537468572,16456900
2015-06-17,100.345703125,100.66761736395105,99.7294662936931,100.23533653861912,23296700
2015-06-18,101.80812072753906,101.98287015686655,100.65842203657743,100.71360532823833,43032400
2015-06-19,101.30475616455078,101.94085161880365,101.23100453990135,101.85787928273751,27877600
2015-06-22,102.05143737792969,102.35565745132523,101.82096890414634,102.05143737792969,19120900
2015-06-23,102.13443756103516,102.22662356904058,101.71037629753695,102.16209266010263,18127900
2015-06-24,101.60895538330078,102.44785708229418,101.5813002880969,102.01458220186584,15815900
2015-06-25,101.40615844726562,102.10678478405515,101.24022081574553,102.00537806294055,18326700
2015-06-26,100.73319244384766,101.61819788016388,100.3552276727899,101.3877293262641,32311700
2015-06-29,98.35478210449219,100.1708758000027,98.30868557109956,99.61774553266528,50874900
2015-06-30,98.70506286621094,99.30428245767332,98.40084271515968,99.09224831299902,34809900
2015-07-01,99.48867797851562,99.8850842296103,99.02774080437497,99.68227074765352,21293000
2015-07-02,99.51631927490234,99.85741526844001,99.21210612752242,99.77444996461152,20499400
2015-07-06,99.28583526611328,99.85739972577862,98.67740203271305,98.88942913172335,24311000
2015-07-07,99.53472900390625,99.6269149899201,97.56191936318228,99.39644650821553,44230800
2015-07-08,97.80164337158203,98.94477259401108,97.61727132065755,98.82492443090156,39691500
2015-07-09,97.74630737304688,99.19364939429231,97.73708666293062,99.10146339315293,28381000
2015-07-10,99.23977661132812,99.60852776329973,98.68665340004233,99.04618383904526,26415800
2015-07-13,100.98212432861328,101.06508965001217,100.08790502014817,100.09712573364037,25780700
2015-07-14,101.64585876464844,101.92241682505826,101.06507347443706,101.12039071319302,21977200
2015-07-15,101.7564697265625,102.15287590634864,101.47069098067313,101.83944206032054,28631500
2015-07-16,103.1946029663086,103.21303735613253,102.39256985879527,102.59538331356936,29838900
2015-07-17,104.71569061279297,104.71569061279297,103.84913361758498,104.02428493895198,35926800
2015-07-20,105.07523345947266,105.45319825668416,104.61429631977796,104.93695091089573,26539000
2015-07-21,105.01069641113281,105.27803374720816,104.70647622869129,105.11209610527115,35468900
2015-07-22,103.82146453857422,104.32849107779174,103.40661697011485,103.40661697011485,35575000
2015-07-23,103.43429565429688,104.26398394706946,103.16695829144953,103.92289495078838,25698300
2015-07-24,102.42023468017578,104.17179728004871,102.26351773510189,103.98742523094329,30844700
2015-07-27,101.57210540771484,102.28194548737088,101.35085755648134,101.83944978490389,35994800
2015-07-28,102.44786834716797,102.65068177875128,101.2125604032934,102.0238070962853,33553500
2015-07-29,102.83506774902344,103.05631558322484,102.27272393569928,102.66913011503694,26714100
2015-07-30,103.32366180419922,103.49881311915408,101.9777263190635,102.59538034374748,25438100
2015-07-31,103.20384979248047,103.70166287772469,102.99182259136471,103.6463526571457,22081700
2015-08-03,102.8811264038086,103.5080009406182,102.19894168336099,103.22222228070225,25001800
2015-08-04,102.68755340576172,103.01942863786643,102.26349217214816,102.83505663484874,22132300
2015-08-05,103.48038482666016,104.17179051592515,103.13928882128617,103.25913697543123,28989900
2015-08-06,101.82099914550781,103.71084400516077,101.36006206104042,103.5725614731522,42125400
2015-08-07,101.69193267822266,101.93162192052999,100.85303088015914,101.57209157373971,30006800
2015-08-10,102.85352325439453,103.07477113401937,102.32805514444597,102.3372758574888,21500800
2015-08-11,101.53521728515625,102.70600138241419,100.97287349671109,102.30959522061417,36123300
2015-08-12,101.88553619384766,102.08834964856598,99.76522969757,100.83460014061826,41889000
2015-08-13,101.71958923339844,102.4755327802197,101.49834140913015,101.98693357800416,22510500
2015-08-14,101.8763198852539,102.0238161000231,101.27710024815075,101.47991369763261,17924900
2015-08-17,102.72445678710938,102.75211189165131,101.36930039781066,101.62742408465938,21224900
2015-08-18,102.19898223876953,102.66914008628342,102.06069969146044,102.58616774456097,13984400
2015-08-19,101.52601623535156,102.4294561627838,100.93601723376668,101.88554665715039,42511400
2015-08-20,98.71426391601562,100.908321377501,98.70504320721197,100.58566690277375,57747300
2015-08-21,94.39993286132812,98.15196110558487,94.39993286132812,97.32227280136557,97763400
2015-08-24,90.76771545410156,94.51974244611019,78.11960273410969,86.8681922757606,150829900
2015-08-25,90.42662048339844,94.71333614173565,90.352875906128,94.09568222788403,75088300
2015-08-26,94.98070526123047,95.16508433591243,91.20102214703206,93.07242579666307,104103800
2015-08-27,97.38680267333984,97.4513335944533,95.21117871388164,96.35430090218145,69377700
2015-08-28,97.36837005615234,97.71867977238949,96.65852287762421,96.87055706991448,49919600
2015-08-31,96.16068267822266,97.35912179112344,95.92100048231534,96.82443313870057,39549400
2015-09-01,93.15540313720703,95.22039965105229,92.76821057626992,93.76383653294891,73155500
2015-09-02,95.78270721435547,95.80114159914825,93.75458025347632,94.84239182309743,43963600
2015-09-03,95.31257629394531,96.81522876026186,95.04523192263582,96.16069889947335,45131800
2015-09-04,94.1786880493164,94.81477657541932,93.65321291179609,94.00352967014297,49379600
2015-09-08,96.83363342285156,96.95347449552612,95.58910508864506,95.98551113929419,37343500
2015-09-09,95.745849609375,98.00443845947409,95.49693965065161,97.97678336035851,47146700
2015-09-10,96.78755187988281,97.42364720756831,95.52458896743448,95.63520934905586,47686700
2015-09-11,97.32227325439453,97.32227325439453,96.06852359625877,96.34508871006693,29106100
2015-09-14,97.02725219726562,97.70022340693828,96.65850113854121,97.68178198566426,19718800
2015-09-15,98.17042541503906,98.47464572485468,96.8982409830989,97.25777151893732,30020200
2015-09-16,98.7235107421875,98.81570379450172,97.84773301194166,98.18882901881402,31329100
2015-09-17,98.76038360595703,100.23538799880961,98.30866720315059,98.62210809830152,56139800
2015-09-18,97.35570526123047,98.51085128248488,97.18936395215177,97.2448157554792,48384000
2015-09-21,97.66068267822266,98.46466698857252,96.7827743678551,97.89171192310391,35772600
2015-09-22,96.2005615234375,96.49627862987984,95.30416706159457,96.16359600382572,47359700
2015-09-23,96.27448272705078,96.71806186662324,95.77545883895097,96.45930325577609,21775100
2015-09-24,95.9233627319336,96.28376785542696,94.50945757385853,95.34116441671024,38284300
2015-09-25,95.11012268066406,97.04153093239434,94.5186883477068,96.94912063982977,44700000
2015-09-28,92.40245056152344,94.76819471467981,92.12521971068,94.70350681110439,44077500
2015-09-29,91.92195129394531,93.5761221490169,91.25658569297175,92.63351853081913,49315500
2015-09-30,94.03816986083984,94.1398233186217,92.873780194719,93.23418534487108,41411400
2015-10-01,94.46326446533203,94.4725076117679,92.95694886675899,94.20451276876744,39339100
2015-10-02,96.11739349365234,96.11739349365234,92.85526221076486,93.15097931444286,59370900
2015-10-05,97.49433898925781,97.75309060921371,96.61643070005701,96.82897365196956,32853500
2015-10-06,97.03227233886719,97.5867410564274,96.2744967797627,97.26330155872164,33051500
2015-10-07,97.61445617675781,97.82700614541906,96.37614303462803,97.64218560345847,37389300
2015-10-08,98.00260162353516,98.16894295019827,96.30222283426193,97.24482603550375,50188900
2015-10-09,98.44618225097656,98.6310098800639,97.78081688716844,98.04881166150523,23916200
2015-10-12,98.68644714355469,98.87126770814281,98.27983344091767,98.63100238426877,16162000
2015-10-13,98.04884338378906,99.12082282795961,97.95643306457394,98.12277445934333,26999600
2015-10-14,97.89173126220703,98.53861045548823,97.48511745474202,98.04882948765325,30902600
2015-10-15,99.49967193603516,99.50891507981258,98.12273963222071,98.25211544329306,38393800
2015-10-16,99.91554260253906,99.97098737195674,99.23169087760296,99.71223571406908,27091100
2015-10-19,100.48845672607422,100.55314461868383,99.56433994567877,99.78613304929877,23776300
2015-10-20,99.97099304199219,100.52546191897828,99.62906716013119,100.31291892385319,23404700
2015-10-21,99.36105346679688,100.58088758462134,99.32409499241237,100.47924120438451,30195200
2015-10-22,101.38488006591797,101.46805426612589,99.96173897189675,100.24822004988677,42778700
2015-10-23,104.22191619873047,104.64700918110601,103.56579396177342,104.11102666882148,53170900
2015-10-26,104.28662872314453,104.48993564323605,103.7506390338951,104.14800972758623,25918000
2015-10-27,104.49913787841797,104.64699291212807,103.98162763430206,104.00935706292167,31390500
2015-10-28,105.3678207397461,105.3678207397461,103.8153038461294,104.65625372829626,42221900
2015-10-29,105.20149230957031,105.37707682311044,104.77639926930065,104.88729586476616,24913300
2015-10-30,104.73017120361328,105.42325888678303,104.7024488243589,105.24767441756856,27199200
2015-11-02,105.91304779052734,106.04242360387273,104.78562394527206,105.00741004665659,22176900
2015-11-03,106.28270721435547,106.66159155045403,105.5434107310822,105.7005089423803,20418400
2015-11-04,106.29193115234375,106.70778802054411,105.8483589534736,106.63385697058143,28633000
2015-11-05,106.0054702758789,106.64311332248822,105.45100143339222,106.38436166602469,25004100
2015-11-06,106.07939147949219,106.19952415155943,105.12755209573926,105.80215355877922,29924900
2015-11-09,104.95197296142578,105.82064524353585,104.305093847378,105.6820262761103,33479800
2015-11-10,104.68397521972656,104.78562865627569,104.0832977447871,104.39750119878991,35452100
2015-11-11,104.55461120605469,105.47872833324304,104.37902669574356,104.97046109310779,22748800
2015-11-12,103.53807830810547,104.63777988752666,103.46414724972591,104.1295126742344,31196900
2015-11-13,101.5050048828125,103.2146269224284,101.44956012060328,103.10373034755698,52836000
2015-11-16,102.9651107788086,102.98359706640363,101.17232865700117,101.40335789876862,33980600
2015-11-17,103.02980041503906,103.76909682129377,102.77104878798583,103.14069699111319,30579500
2015-11-18,105.00740814208984,105.10906157222506,103.34400183619636,103.44565526633158,32966500
2015-11-19,105.08135223388672,105.56189706334364,104.87804534838216,105.06287299450166,26188100
2015-11-20,105.79292297363281,105.87609012390521,105.47871951043427,105.58037294995849,22727600
2015-11-23,105.48796844482422,106.2180218003613,105.03515303965199,105.82988725975972,20696200
2015-11-24,105.39556121826172,105.64506974050276,104.27737328951592,104.80412682066043,26374400
2015-11-25,105.48796844482422,105.68203218989802,105.26618231480471,105.55265635984883,14159900
2015-11-27,105.63581085205078,105.84836086191251,105.27540579005084,105.71898504737167,8828000
2015-11-30,105.3678207397461,105.95001898138575,105.02590195067232,105.95001898138575,25041600
2015-12-01,106.42134094238281,106.42134094238281,105.66355806420593,105.79294095960437,28639400
2015-12-02,105.76519012451172,106.96654507075772,105.60809192321206,106.50448656073284,22395500
2015-12-03,103.97241973876953,106.23650387551058,103.35325590649042,106.05168327063733,42754300
2015-12-04,106.40283203125,106.57841651940046,104.07406026685119,104.28660323102498,40037300
2015-12-07,105.92230224609375,106.54145899757508,105.41403503192025,106.47677108399425,25892100
2015-12-08,105.9315185546875,106.27344434858061,104.7763724204638,104.81333794281325,30792600
2015-12-09,104.32357788085938,106.05167937988693,103.68593483166799,105.46948110003258,48509200
2015-12-10,104.79487609863281,105.49720703892643,104.24964336655705,104.56384683344643,30154600
2015-12-11,102.38292694091797,103.86151278375428,102.31823903062056,103.58427485364909,56022200
2015-12-14,103.15918731689453,103.2053959911722,101.07992388256791,102.5215513246763,53098500
2015-12-15,103.78759765625,104.68399244397034,103.65822181580114,104.11104430782667,48428000
2015-12-16,105.33087921142578,105.50645668120471,103.39947064022117,104.48992919394391,44944100
2015-12-17,103.79681396484375,105.79290993073147,103.77833472832377,105.79290993073147,45668800
2015-12-18,101.80575561523438,103.70597713487433,101.80575561523438,103.4742422857485,53746100
2015-12-21,102.9366226196289,102.95515829585061,102.00968322484427,102.76977324568821,26432800
2015-12-22,103.61329650878906,103.76161022381571,102.93663463194476,103.48352554413434,26540300
2015-12-23,104.38265228271484,104.45680913617102,103.96553235800071,104.15091741965438,25656900
2015-12-24,104.36408996582031,104.65144595108907,104.31774724508924,104.38263271170112,11468600
2015-12-28,104.30847930908203,104.32702205557382,103.36300432558635,104.11382290283251,19183600
2015-12-29,105.94918823242188,106.18092310863278,104.86466363704456,104.92954911950413,27725700
2015-12-30,104.99443817138672,105.89357065317017,104.97590249233406,105.85649222307744,19520100
2015-12-31,103.68744659423828,104.81831384550178,103.66890384507744,104.62365741123315,29886800
2016-01-04,101.49984741210938,101.5925399222896,100.22067379885775,101.45349762102666,50807600
2016-01-05,101.32372283935547,102.13016249842602,100.85098893381732,102.00039157471144,38795200
2016-01-06,100.3504638671875,100.93443315748912,99.56256677240343,99.56256677240343,41891100
2016-01-07,97.2081298828125,99.45132135951599,97.15250871417666,98.20921898244148,61386300
2016-01-08,96.41096496582031,98.52438557843594,96.30900107030061,97.91260220531768,69344000
2016-01-11,96.70758056640625,97.38424230699009,95.22447907473028,97.09689338197386,50024100
2016-01-12,97.82918548583984,98.32973361232632,96.47585480548149,97.63452905975952,46734200
2016-01-13,94.45515441894531,98.46880491415868,94.3068406761992,98.22779861819049,69870700
2016-01-14,96.46656799316406,97.31008610983865,93.31497311149933,94.82588862334823,78445700
2016-01-15,93.47258758544922,94.49222682175846,92.2397632695274,93.26866681017542,91443900
2016-01-19,93.67648315429688,94.8907784431274,92.58269450022753,94.74246476095534,56563800
2016-01-20,93.38916015625,94.39025657281982,90.14487171409739,92.20267865749506,86675000
2016-01-21,93.4818115234375,94.87222024338546,92.52706533392409,93.78770313910232,61660100
2016-01-22,96.18851470947266,96.2255931403878,95.03911163905366,95.36353906957665,42229800
2016-01-25,94.76100158691406,96.39240955696896,94.67757337790816,95.84551880009475,38881500
2016-01-26,95.61377716064453,96.02162558803377,94.32533227524205,95.15957894578655,36143900
2016-01-27,93.2315673828125,95.46548767935192,92.83298315436951,95.0576391486563,54524700
2016-01-28,94.5478286743164,94.8166419770289,92.93495593002858,94.77956354851815,47641500
2016-01-29,96.522216796875,96.55929522905058,94.49222390717397,94.52003096330868,54245100
2016-02-01,96.78174591064453,97.14325170999696,95.68795713845383,96.05872723995328,32750300
2016-02-02,94.6868667602539,96.37389628578813,94.39951072019944,96.33681785894282,44928100
2016-02-03,94.23268127441406,95.31719888777478,92.58272287844413,95.31719888777478,61572900
2016-02-04,94.22338104248047,94.97419961071657,93.10178534070083,93.98237484487933,49321600
2016-02-05,90.95130920410156,93.92678424593166,90.5805319778077,93.88970581610353,70749900
2016-02-08,89.56087493896484,89.95945910850345,87.91091709558229,89.25498328215919,91673100
2016-02-09,89.28282165527344,90.6361526175745,88.22611108098373,88.3651534348614,73778400
2016-02-10,89.62577056884766,91.47964932168274,89.56088509537788,90.3117037272405,59421700
2016-02-11,89.49600982666016,90.20975011621172,88.23537156522956,88.48564211372538,76839200
2016-02-12,90.85861206054688,90.95131167362787,89.66286625806279,90.50637757559682,49186500
2016-02-16,92.90715026855469,92.90715026855469,91.62796921772485,92.20267426027065,40565900
2016-02-17,95.01129150390625,95.14106245825022,93.34279770236007,93.58380393413599,41766500
2016-02-18,93.9267807006836,95.32645424593117,93.80627404029384,95.30791856771042,38991500
2016-02-19,94.20484924316406,94.49220526784458,93.26864553535864,93.47256626411762,28257900
2016-02-22,95.73431396484375,95.82700650387032,94.99276658064377,95.08545911967035,23979100
2016-02-23,94.15851593017578,95.43768989185443,94.09363044817731,95.17814796386054,29869700
2016-02-24,95.05766296386719,95.1781625712187,92.48076482275837,93.055469945795,40739100
2016-02-25,95.9938735961914,95.9938735961914,94.39953617191664,95.25232607531181,29389300
2016-02-26,95.87334442138672,96.74466973856721,95.64160956656097,96.72612698986869,30925000
2016-02-29,95.01129150390625,96.49439317639917,95.01129150390625,95.78065292750735,27553900
2016-03-01,98.06090545654297,98.06090545654297,95.62305774138585,95.91967802259123,37699800
2016-03-02,98.0980224609375,98.11655814180995,97.33793224938064,97.9404444215632,29209800
2016-03-03,97.91259765625,98.0238329203724,97.20812886609883,97.99602587233824,25474600
2016-03-04,97.94969940185547,98.58001857133864,97.30084455326431,98.0238562622623,31655400
2016-03-07,97.34716796875,98.01456543599339,96.65196345236913,97.44913186357807,25861200
2016-03-08,96.5407485961914,97.52330218541385,96.37389920632467,96.6797909330782,28898500
2016-03-09,97.16178894042969,97.18032461700659,96.36462047987926,96.902247036434,31047400
2016-03-10,97.01350402832031,98.12582874357744,95.76212988367097,97.56966638594888,44236100
2016-03-11,98.70982360839844,98.70982360839844,97.75507668511156,98.06096853587043,31454000
2016-03-14,98.8766098022461,99.10834461873509,98.31117628425413,98.33898333071515,25374900
2016-03-15,98.83955383300781,98.95078911610281,98.20923470611007,98.52439780555243,26524600
2016-03-16,99.72013092041016,99.97967279114638,98.57072110431315,98.59853522359396,31693100
2016-03-17,99.66452026367188,99.8962551115498,99.06201531677827,99.43278541579393,29623700
2016-03-18,99.82073211669922,100.07174508019472,99.29080955557252,99.90440074020916,37682300
2016-03-21,100.2112045288086,100.30417203467744,99.58831443722465,99.64409352215276,17288600
2016-03-22,100.5179672241211,100.75038945097702,99.62546672414992,99.64405738139446,18840300
2016-03-23,99.69056701660156,100.3971256377347,99.46743652185577,100.32275589911784,20912900
2016-03-24,99.71846008300781,99.74634962259644,99.03978388350161,99.20712821399867,19017300
2016-03-28,99.57898712158203,100.01594207664532,99.40234394579967,99.99734432500296,13892300
2016-03-29,101.17808532714844,101.24316329256824,99.2257392715879,99.39308362451973,29963900
2016-03-30,101.6707992553711,102.3029881190805,101.45696764417555,101.78236449942506,23807200
2016-03-31,101.52203369140625,101.97758639814812,101.36398826725369,101.59641051205357,21447200
2016-04-01,102.60050201416016,102.63769043379982,100.76901313145993,100.90846793186722,26389000
2016-04-04,102.21002197265625,102.67486652287867,101.96830082051041,102.6004896925315,17163000
2016-04-05,101.22452545166016,101.80093512639058,101.0943695723603,101.41975927060996,20107900
2016-04-06,102.88867950439453,102.92586791539723,101.32680170710168,101.32680170710168,25056000
2016-04-07,101.4104995727539,102.4796435706559,100.97354451416187,102.29370147499667,28567200
2016-04-08,101.33606719970703,102.28434654250752,100.98278805100917,102.04263259006457,22898000
2016-04-11,100.96422576904297,102.28438247010578,100.95492689284836,101.77305776683096,25772100
2016-04-12,101.81024169921875,102.00547553292994,100.42500001870555,101.03859814719553,28564100
2016-04-13,103.11181640625,103.26986184315297,102.46102981252932,102.59118571268054,25356700
2016-04-14,103.1211166381836,103.50229258625804,102.26580434055604,103.13041551551753,17199700
2016-04-15,102.86077117919922,103.25123878395237,102.60045944269712,103.03741432595258,21353300
2016-04-18,103.40931701660156,103.44649833710348,102.49821861908306,102.56329656940834,17126100
2016-04-19,102.77710723876953,103.6045297642082,102.15421030628974,103.6045297642082,42481400
2016-04-20,102.86077117919922,103.33491446666396,102.42381629594375,102.77710258945048,18078300
2016-04-21,102.87010192871094,103.2419789930703,102.405257371503,102.80502397442044,20216000
2016-04-22,101.3175277709961,102.00549576332023,100.5179945260118,101.53135230572131,39074000
2016-04-25,101.3175277709961,101.32681955566039,100.82478655813779,101.0107286459047,14351900
2016-04-26,100.82475280761719,101.69866259517185,100.51796087818808,101.53131831868187,19118300
2016-04-27,100.01593780517578,100.24836004003092,99.18851521652857,99.79280735278097,33059800
2016-04-28,98.80734252929688,100.71320775368183,98.61210869688578,100.12749916348461,29818200
2016-04-29,98.28671264648438,99.01186886101483,97.50577027416917,98.8073361660522,67502800
2016-05-02,99.21643829345703,99.35589310011048,98.12870356889914,98.5377620173255,24813800
2016-05-03,98.29603576660156,98.95611420399624,98.03571684964578,98.50986029646585,38569400
2016-05-04,97.66384887695312,98.06361549857844,97.42212770986295,97.7010302014605,27474500
2016-05-05,97.63593292236328,98.23094039121227,97.44069908899138,98.01710880630174,20788100
2016-05-06,98.15658569335938,98.17517635612397,97.05955217314296,97.15251967289711,30758500
2016-05-09,98.43547058105469,98.89102330638637,98.11937971985078,98.16585991492909,19289600
2016-05-10,99.78352355957031,99.8300037544846,98.61211341608065,98.78875659846203,21178900
2016-05-11,98.8817367553711,99.93228292221545,98.85384721625495,99.63478268336787,20966300
2016-05-12,98.44478607177734,99.2350204511192,97.7475191912465,99.11416341196143,29196300
2016-05-13,98.08219146728516,98.96539319781432,97.88695762452494,98.36110101006506,21059300
2016-05-16,99.30939483642578,99.67197303791626,98.13798452001372,98.23095910949564,18311900
2016-05-17,98.06361389160156,99.51392668444547,97.8032949735582,99.22572531996117,29932700
2016-05-18,98.4168930053711,98.94681553186997,97.65454819368912,97.84048318464951,27524400
2016-05-19,97.90557861328125,98.27745575453348,97.18972096806806,98.03573454877456,27334600
2016-05-20,98.98400115966797,99.38376776263763,98.24024703085206,98.29603320094053,29549600
2016-05-23,98.85384368896484,99.44884414542926,98.76087619757321,99.09555774799013,15729800
2016-05-24,100.83407592773438,100.95493295366276,99.37446436798203,99.40235390527592,29931300
2016-05-25,101.5592041015625,101.86600311263322,101.03858063523359,101.21522377972208,37951700
2016-05-26,101.85672760009766,101.98688349653216,101.41977262222566,101.6614937554459,21885900
2016-05-27,102.38667297363281,102.39597185202024,101.9032376919764,101.92182835578527,19870000
2016-05-31,102.5818862915039,102.73993882053237,102.06126269366301,102.52610721829654,24366100
2016-06-01,102.59117889404297,102.8236011421459,102.1821205605974,102.26578916529168,19571500
2016-06-02,102.80501556396484,102.81430734741402,101.82883923650292,102.38665124092496,15696600
2016-06-03,102.32156372070312,102.65625231064216,101.65218654082506,102.60977211885073,20269900
2016-06-06,102.69343566894531,102.96304630274469,102.33085756317182,102.50750072499707,12502400
2016-06-07,102.43314361572266,102.85150086656907,102.38665632431092,102.74923449983508,12184300
2016-06-08,102.60978698730469,102.82361150504943,102.22861105737692,102.60978698730469,14568700
2016-06-09,102.44241333007812,102.55397144896509,101.99615957564188,102.19139337665686,17571600
2016-06-10,101.28031921386719,101.70797529124368,100.92703286384366,101.51274145763468,32965000
2016-06-13,100.43431854248047,101.27104020276215,100.30416262787726,100.70392924929153,25154700
2016-06-14,100.43431854248047,100.79689674644163,99.69986325695352,100.16470783566942,24588500
2016-06-15,100.14612579345703,100.81550317929872,99.9787814469966,100.67604837508736,24605700
2016-06-16,100.4436264038086,100.53659390927375,99.01190412215392,99.65339196790573,32079900
2016-06-17,99.26631927490234,100.37559868758169,99.03327785959053,100.23577241602267,29208800
2016-06-20,99.89083099365234,100.89756405249325,99.81625606726222,100.4221648984332,20562800
2016-06-21,100.20777130126953,100.41284880834134,99.83490375312599,100.02134108312623,22804100
2016-06-22,99.96541595458984,100.85097735569002,99.88152448190394,100.26370859945806,22724200
2016-06-23,101.39158630371094,101.41023358678774,100.31960221800058,100.73907363311726,18714200
2016-06-24,97.21552276611328,99.27560728450985,97.0011216117747,97.78414418429706,68012700
2016-06-27,95.28594207763672,96.5723276850148,94.84782323046862,96.5723276850148,48222600
2016-06-28,97.37397003173828,97.42058113365322,96.29266216349707,96.33926615355635,28260600
2016-06-29,99.09845733642578,99.30353477114018,98.09172455705742,98.1383285392215,31356700
2016-06-30,100.24505615234375,100.3103074381775,98.93069967959096,99.26627975298074,36300800
2016-07-01,100.7484130859375,101.1212805755888,100.16114447838356,100.19843193853427,19902800
2016-07-05,100.1331787109375,100.35690346748429,99.5925212170663,100.21707727260647,21167900
2016-07-06,100.95347595214844,101.00007993670101,99.34082731530708,99.65776712479676,24579300
2016-07-07,101.25179290771484,101.47551057836691,100.77638663470474,101.04671541301022,19161700
2016-07-08,102.81782531738281,102.87375295408529,101.62464787683273,101.79243789879632,29457900
2016-07-11,103.40509033203125,103.78727438217115,103.15340884651047,103.16272537837156,20218500
2016-07-12,103.9271240234375,104.20677650316524,103.78729778357364,104.03898643770019,21906100
2016-07-13,103.6754150390625,104.23471273861809,103.66609139571067,104.16946145886753,21107800
2016-07-14,104.38386535644531,104.57961920089465,104.12285311865655,104.36521806924654,20871000
2016-07-15,104.21609497070312,104.68217767251869,103.98305361979534,104.62624291223763,17999300
2016-07-18,104.9058837890625,105.09231400445063,104.2626874558168,104.28133474446973,20713900
2016-07-19,104.523681640625,104.84994515112399,104.33725144478794,104.54232892732236,18936700
2016-07-20,105.74482727050781,105.9405811177981,104.96180476949023,105.09230733435042,24997900
2016-07-21,105.50247192382812,106.02448223080502,105.2135029484455,105.81940472110495,18885400
2016-07-22,105.94058227539062,106.06176119784023,105.25078198046992,105.57703839618536,20003400
2016-07-25,105.9499282836914,105.9778921092474,105.59570086169407,105.85670604936075,12968100
2016-07-26,106.07109832763672,106.45328243124985,105.53976435110124,105.91263192154976,21223800
2016-07-27,106.80748748779297,107.08713277325654,106.36004507445303,106.96595386074125,27646100
2016-07-28,107.18035888671875,107.3015378036507,106.63970135851868,106.97528140279071,16939700
2016-07-29,107.41340637207031,107.70237532777222,107.07782630848126,107.4227229041625,22385300
2016-08-01,107.98201751708984,108.25234628893394,107.35746851585851,107.48797107994099,13990100
2016-08-02,107.16171264648438,107.91676419754255,106.47191237623547,107.82354909808019,21278400
2016-08-03,107.51594543457031,107.52526907916307,107.01258241627431,107.0778337047095,15011300
2016-08-04,107.82355499267578,107.92609374124692,107.22696978927458,107.47865839462432,12835300
2016-08-05,108.85826873779297,109.1006337207869,108.25235983623674,108.37354588366233,23196600
2016-08-08,108.7370834350586,108.94216093851755,108.392179714527,108.91419000561756,12358200
2016-08-09,108.9887466430664,109.33365030570756,108.75570535767915,108.82095663311335,13276500
2016-08-10,108.70911407470703,109.08197448542573,108.42013801098663,109.05401066580747,14688400
2016-08-11,109.1751937866211,109.4082350930298,108.85825391173998,109.08197157457259,12969800
2016-08-12,109.249755859375,109.25907950246122,108.867571835111,108.98875074780818,19379000
2016-08-15,109.7158432006836,109.96753179192345,109.3522993349871,109.38958679709137,11777800
2016-08-16,109.10994720458984,109.5200950854717,109.09129991663451,109.5107785533506,14161400
2016-08-17,109.30572509765625,109.34301256991135,108.53202605004398,109.13793502843743,15980300
2016-08-18,109.33367156982422,109.49213796786206,109.01673166189153,109.2031689935746,10036300
2016-08-19,109.30572509765625,109.54808299952713,108.83964236225486,109.13793502843743,18743000
2016-08-22,109.38958740234375,109.57602471389673,108.94215207832912,109.14722245325301,14500600
2016-08-23,109.58534240722656,110.0048210287752,109.53873841273649,109.81838371524591,11997900
2016-08-24,108.87687683105469,109.65989203164956,108.51333304337068,109.51074932709302,17728700
2016-08-25,108.69979095458984,109.03537101533865,108.46674964083965,108.59725220759124,24266300
2016-08-26,108.85826873779297,109.56671639708289,108.20575583572149,108.73708980222462,23896000
2016-08-29,109.00741577148438,109.29638474747448,108.86758954986246,108.88622972721208,11184900
2016-08-30,108.65316009521484,109.14720645265633,108.28029975048142,108.83027373726188,19843300
2016-08-31,108.54133605957031,108.65319135042458,108.08456991572451,108.48540130228592,16169800
2016-09-01,108.82098388671875,108.95148647027081,108.04729203047656,108.57862600975488,20944700
2016-09-02,109.1751937866211,109.58534164983816,108.76503881154775,109.36162398700554,18088200
2016-09-06,109.8556900024414,109.8556900024414,109.11927848948856,109.36164348267928,18525200
2016-09-07,109.92093658447266,110.10737392195897,109.5014650208786,109.95822405196992,17546900
2016-09-08,109.27774810791016,109.62264473897197,108.98877201070759,109.59468091611369,20125300
2016-09-09,106.5278549194336,108.60658677640582,106.5092147416754,108.36422179440585,50813300
2016-09-12,108.43876647949219,108.58790919552521,105.92191647279213,105.93124011499896,39646000
2016-09-13,107.4693374633789,108.21506543052597,106.9473271751903,107.89813264465624,45863900
2016-09-14,107.98201751708984,108.56928616731734,107.55322236198222,107.58119329301962,28221800
2016-09-15,109.65995025634766,109.82774033297223,108.0006967829816,108.01002042942143,38521400
2016-09-16,109.60759735107422,109.7197400113668,109.06558518750613,109.54218258165567,27596500
2016-09-19,109.13098907470703,110.22435316725088,108.91605790933914,109.88793234959516,16222900
2016-09-20,109.33657836914062,109.78514182771174,109.149681087046,109.52347565123524,18078600
2016-09-21,110.41126251220703,110.57012592495023,109.15902782842741,109.80383561267008,31546800
2016-09-22,111.28965759277344,111.41114721691063,110.9438969817313,111.05603247518376,22614400
2016-09-23,110.57947540283203,111.20558919389416,110.42061198653415,111.20558919389416,22213400
2016-09-26,109.65431213378906,110.08418874330232,109.49544872095902,109.9533592115982,16403900
2016-09-27,110.73831939697266,110.7943871506148,109.47674503230897,109.579540667102,20238400
2016-09-28,110.92522430419922,110.99063906451288,110.35517833731978,110.87850354950325,14794300
2016-09-29,110.12156677246094,110.94393200900473,109.64497651547309,110.73834069986877,27207500
2016-09-30,110.94392395019531,111.27099776839204,110.2991161874114,110.4112588377965,25543200
2016-10-03,110.78504943847656,110.92521882531527,110.35517288659189,110.80373631349713,19216400
2016-10-04,110.6168441772461,111.355100544105,110.19631460819592,111.11212837952095,21239700
2016-10-05,111.00933837890625,111.36444607620922,110.8971957288595,110.94392361546427,14481300
2016-10-06,110.95325469970703,111.18687983986254,110.41124266342464,110.86914594182085,11987100
2016-10-07,110.71028137207031,111.21491252496305,110.16826934159218,111.05604201280677,19984200
2016-10-10,111.41118621826172,111.65415842191985,111.23362878524132,111.28035667698626,19687300
2016-10-11,109.822509765625,111.3364033372629,109.3365725801033,111.31771646191255,27774400
2016-10-12,109.72906494140625,110.10286662846364,109.39264413602201,109.9253092229347,14267800
2016-10-13,109.33657836914062,109.6356182982966,108.34600994062538,108.98147068129113,22821000
2016-10-14,109.46742248535156,110.31782163049742,109.40200771493075,109.87860511638254,21313300
2016-10-17,109.16838073730469,109.61694424836274,109.02820419449435,109.37397204946984,14182700
2016-10-18,110.1402816772461,110.65426004760282,110.08421390218041,110.46735558125656,19276700
2016-10-19,110.13092803955078,110.28979147912123,109.93468370896211,110.05616625751435,13702900
2016-10-20,110.00010681152344,110.24307905669397,109.36464587546884,110.01880082328543,18132200
2016-10-21,110.41126251220703,110.47667727802335,109.7197339693383,110.08418868312552,15707800
2016-10-24,111.73827362060547,111.81303540459271,111.10281271606625,111.12150672690113,19143000
2016-10-25,111.38316345214844,111.82238001155761,111.21495300662313,111.8036860011237,20341800
2016-10-26,110.62619018554688,111.23361706585709,110.29911636681814,110.66357106906938,20463700
2016-10-27,110.12156677246094,111.19624407860563,109.96270335346499,111.10279542800066,19099800
2016-10-28,109.4300308227539,110.3738785284665,109.09360999952317,109.80383252964079,35369300
2016-10-31,109.32723236083984,109.83186358269585,109.27116460163619,109.83186358269585,18749400
2016-11-01,108.5048599243164,109.53280910805648,107.56101236821557,109.5141222340278,23498700
2016-11-02,107.63578796386719,108.68243128589047,107.36478191272703,108.43011211118183,26960100
2016-11-03,106.57978820800781,107.81332862137505,106.45829857621995,107.45821385728526,36205200
2016-11-04,106.20601654052734,107.03772167584613,106.01911210413955,106.31815207268478,26997500
2016-11-07,108.72916412353516,108.84130678360829,107.74794258417698,107.92549288386554,26591200
2016-11-08,109.43937683105469,109.93466105806496,108.36469960715392,108.61701878712014,20777900
2016-11-09,109.94400024414062,110.12155051517574,108.02827110602095,108.15910062348851,70234400
2016-11-10,108.16844177246094,110.62617572294106,106.71996302644624,110.47665933807247,72825400
2016-11-11,108.2151870727539,108.44881225457792,107.31806010043591,107.70120882087117,41115200
2016-11-14,107.1218032836914,108.34600394155291,106.5611043387789,108.24320830319033,35906000
2016-11-15,108.60767364501953,108.9814753549134,107.77596858358484,107.9348319931455,31796600
2016-11-16,109.25250244140625,109.32725709403147,108.09371620476557,108.09371620476557,16538100
2016-11-17,110.04682922363281,110.06551610478647,108.97215175055575,109.19642997278038,20598600
2016-11-18,109.63561248779297,110.36452183087505,109.53281684918663,110.17762455868566,16428700
2016-11-21,110.77571105957031,110.87850670437012,109.86924426252169,109.90662514514655,20268500
2016-11-22,111.11214447021484,111.38315055271313,110.84113838771655,111.21494012666851,18850600
2016-11-23,110.66358184814453,110.86917316270645,110.17764457436884,110.74769062668132,22926000
2016-11-25,111.01866912841797,111.06538987850807,110.66355435343128,110.79438386116108,7162800
2016-11-28,110.7663803100586,111.28035860947743,110.65424477540387,110.87852297438873,13479000
2016-11-29,111.14950561523438,111.68217068148707,110.5514257910094,110.8691525783966,18553000
2016-11-30,109.80384826660156,111.32708206310612,109.76646737758804,111.28970117409258,30405300
2016-12-01,107.90679931640625,109.77580075705158,107.73858890156119,109.76645375353945,39796600
2016-12-02,108.12174224853516,108.5516189007497,107.67318584661413,107.9722258244533,32876800
2016-12-05,108.96278381347656,109.39265329419457,108.18714649559037,108.68243787196904,21419700
2016-12-06,109.22443389892578,109.41133830757494,108.76653057466518,109.27116178350661,27293300
2016-12-07,110.60750579833984,110.74768233228589,108.67308959297353,109.0001634190645,26622400
2016-12-08,110.80376434326172,111.08411744720698,110.43930958593825,110.65424791625303,18578400
2016-12-09,111.6728286743164,111.71020955621181,111.20557834513517,111.21492534802758,21863100
2016-12-12,111.16820526123047,111.40183044220893,110.7103019028216,111.17755226477853,23259300
2016-12-13,112.5699691772461,113.17739614295643,111.50463880093741,111.50463880093741,54477900
2016-12-14,112.3363265991211,113.0745829965604,112.00925278498329,112.71012829942478,28746000
2016-12-15,112.51386260986328,113.17735711510475,112.21482273243511,112.4858287353658,22762300
2016-12-16,112.09681701660156,113.01533924385402,111.87187557042613,112.79039064691894,26283900
2016-12-19,112.5560531616211,113.2496338108711,112.04993679161245,112.20926998775437,21138700
2016-12-20,112.98716735839844,113.19335941223262,112.78096815380809,112.912184529319,11461800
2016-12-21,112.9028549194336,113.10905420626676,112.64979670880315,113.03407134728033,7079300
2016-12-22,112.58416748046875,112.9403252680371,112.14365220459666,112.91220848885507,16645000
2016-12-23,112.65916442871094,112.70603050336105,112.29363192886886,112.3967315724919,9007500
2016-12-27,113.24028015136719,113.8963623457412,112.85600548059372,112.90286440832924,16110600
2016-12-28,112.35922241210938,113.5870432967482,112.28424671556334,113.48394366939478,17975200
2016-12-29,112.19992065429688,112.59356998677545,111.84376275597242,112.3311370984564,13267500
2016-12-30,111.04707336425781,112.42484582842008,110.72839979547416,112.41547833430795,41749000
2017-01-03,112.04056549072266,112.46233152856786,111.43134231880074,111.78750014740874,22307600
2017-01-04,112.64981079101562,112.85601010362551,112.15306180196082,112.16242929743589,19749100
2017-01-05,113.2871322631836,113.3621079684689,112.56543478758752,112.56543478758752,20644300
2017-01-06,114.28064727783203,114.58057159638933,113.11844143726749,113.40899110971868,24074300
2017-01-09,114.6555404663086,114.86173975091093,114.29937546535588,114.37435832353108,18909200
2017-01-10,114.90860748291016,115.25539786548562,114.43997530952899,114.70240818250092,16176600
2017-01-11,115.2178955078125,115.2178955078125,114.36498160077308,114.95546265972615,20686000
2017-01-12,115.03982543945312,115.11480830436716,113.97134464208666,114.80550934966645,19622500
2017-01-13,115.4334945678711,115.63031924679233,115.09607878950317,115.09607878950317,16930800
2017-01-17,115.08670043945312,115.31164190087354,114.74928467194245,115.1335593705873,14538500
2017-01-18,115.32100677490234,115.43348107146136,114.96484889527144,115.25539855626614,12499700
2017-01-19,115.2647705078125,115.89273589304666,115.0210797796771,115.48971194491322,12710700
2017-01-20,115.517822265625,116.06143726305714,115.20852333769716,115.7708804743557,22091000
2017-01-23,115.61153411865234,115.78024195554431,114.88046920903982,115.44282628176036,17434200
2017-01-24,116.38947296142578,116.56755545427737,115.63965871329566,115.83648334450912,17640900
2017-01-25,117.5610580444336,117.58917482850121,117.0174430499299,117.12054269201711,15036200
2017-01-26,117.68289184570312,117.92658254236298,117.47669257551084,117.72038327217068,16052200
2017-01-27,117.90782928466797,118.02029640270545,117.52354756268589,117.93594606417734,15053000
2017-01-30,116.98933410644531,117.51419984624097,116.3426194265118,117.51419984624097,25006700
2017-01-31,116.7550048828125,116.7831216656002,116.08017349287297,116.57692239081219,19091100
2017-02-01,117.5610580444336,117.79537411267565,117.02681769487207,117.57980018355903,22861900
2017-02-02,117.45796203613281,117.81411989660594,117.02682131532035,117.35486239085601,15101400
2017-02-03,117.79536437988281,117.91720615102834,117.46732334159998,117.5797904685779,16957200
2017-02-06,117.93596649169922,117.9547086310325,117.4860764893512,117.59855077762795,11630100
2017-02-07,118.36712646484375,118.61081722038429,118.0672021313939,118.17966928721249,17541100
2017-02-08,118.56391143798828,118.73261926598569,117.98280510805104,118.2077536458861,12569100
2017-02-09,118.99506378173828,119.25749661760395,118.62015666589085,118.68576487485727,17542700
2017-02-10,119.38871765136719,119.55742550248323,119.05130194913511,119.25750122836124,13915700
2017-02-13,120.06355285644531,120.21350426318408,119.70738787471691,119.75424679547795,19120200
2017-02-14,120.46658325195312,120.47595074671115,119.726143572786,120.11041822988628,16333500
2017-02-15,121.17890167236328,121.23514954671052,120.31662018545306,120.38223555476533,17891400
2017-02-16,121.14142608642578,121.49759114192838,120.83212711215037,121.253893240155,15098300
2017-02-17,121.6662826538086,121.6756644502552,120.94458510184934,120.96333439322359,15563700
2017-02-21,122.26609802246094,122.34108086605265,121.83496454870247,121.90056559839829,18479600
2017-02-22,122.31300354003906,122.3973539032192,121.94747099807215,122.15367030908115,12110900
2017-02-23,121.85372924804688,122.50044391790395,121.36636209812671,122.50044391790395,17489000
2017-02-24,122.08800506591797,122.08800506591797,121.26322246031076,121.30070672812815,18624500
2017-02-27,122.23799896240234,122.24736645614098,121.65689971722917,121.86309899161652,12008700
2017-02-28,121.86310577392578,122.26612254987464,121.52569006083276,122.2098889812788,16598600
2017-03-01,123.19401550292969,123.41894977031396,122.40671696404969,122.64103302691998,25813800
2017-03-02,122.57542419433594,123.18464026964543,122.42545847374589,123.16590528071036,19951400
2017-03-03,122.80034637451172,122.8378306458414,122.16299934978564,122.49104750535989,13722700
2017-03-06,122.52853393554688,122.73473318528116,122.04116689209806,122.39731753130827,12026200
2017-03-07,122.32233428955078,122.85658169890858,122.10676754789615,122.28485001768209,15500900
2017-03-08,122.5379409790039,122.92220847676509,122.27550811645162,122.3973427516605,15776000
2017-03-09,122.63165283203125,122.80036783628904,121.97557070773469,122.50981820278041,20855300
2017-03-10,123.1471939086914,123.34402576526243,122.61296052918037,123.1940599984962,21922600
2017-03-13,123.35337829589844,123.3814950860653,123.03471180632664,123.10031288287568,10731600
2017-03-14,123.05341339111328,123.11902875136941,122.55666449766588,123.07216267997461,14019700
2017-03-15,123.81260681152344,124.10315642591651,122.91282688488725,123.30647613356659,22709100
2017-03-16,123.7282485961914,124.04692931060802,123.44708076217306,124.04692931060802,18457300
2017-03-17,123.68507385253906,124.01379010035733,123.61932200421582,123.88230073497682,21234500
2017-03-20,123.79778289794922,124.07954993655133,123.46906662896919,123.6475052331925,10105200
2017-03-21,121.91932678222656,124.38006206354446,121.84418796728953,124.26736100677068,35841900
2017-03-22,122.7458724975586,122.8679748961481,121.79725724316468,121.95693622498207,29177900
2017-03-23,122.43590545654297,122.92430062102542,122.22927728431057,122.58618309657827,20311700
2017-03-24,122.6894760131836,123.30934609166049,122.2198692175502,122.83035231936877,22967600
2017-03-27,122.8867416381836,123.10277115088591,121.53427134677166,121.81603837936025,18472400
2017-03-28,123.63809204101562,124.00438481416103,122.61435253802769,122.88671820779679,23721900
2017-03-29,124.21107482910156,124.25803840417584,123.59119003317151,123.72267944461689,13710000
2017-03-30,124.41764068603516,124.54913003152495,124.05134791422329,124.16404897285346,16092400
2017-03-31,124.33312225341797,124.67123978059112,124.09831881319397,124.2391951448225,19841400
2017-04-03,124.25797271728516,124.73696653478034,123.56294943490285,124.43642560946869,23700300
2017-04-04,124.45520782470703,124.47399611230583,123.85411160292526,123.90107515629005,13400000
2017-04-05,123.94802856445312,125.36623603989646,123.71322514811237,124.63365052741439,32011200
2017-04-06,124.01374816894531,124.34247863687952,123.69441900831622,124.07011301899263,18832200
2017-04-07,123.94802856445312,124.32370829809302,123.50659699523146,123.97620382791295,16743100
2017-04-10,123.99502563476562,124.51159615661749,123.65690805057778,124.07016446805926,15619300
2017-04-11,123.45963287353516,124.07013035194966,122.56738276182811,123.88227615473711,33778400
2017-04-12,122.96185302734375,123.54416092180996,122.83036368564933,123.44084684395982,15955200
2017-04-13,122.47350311279297,123.51603125366859,122.45472915080867,122.79284677301885,23683000
2017-04-17,123.48779296875,123.5065812524161,122.77399583331332,122.82095937684788,13325500
2017-04-18,123.29994201660156,123.65684771779354,122.98999985471275,123.0745256267024,12841100
2017-04-19,123.4972152709961,124.24857477023626,123.32814935178239,123.8353327781597,17764800
2017-04-20,124.53034973144531,124.80272974895578,123.80716545050173,123.99500533735377,21977900
2017-04-21,124.5021743774414,124.69001426416136,124.18284513689099,124.64306504092993,22454900
2017-04-24,126.00491333007812,126.12700136572052,125.66679582509974,125.88281096317202,22469900
2017-04-25,126.91595458984375,127.14135671067072,126.30545707298798,126.41817246466549,19384400
2017-04-26,126.73755645751953,127.27290105708778,126.66241760768587,126.96295867575027,25398500
2017-04-27,127.49825286865234,127.49825286865234,126.97229551814469,127.0474343298262,16136500
2017-04-28,127.72367095947266,128.05238714216986,127.51704280748555,128.00542359285222,22771900
2017-05-01,128.86009216308594,129.02915804905362,128.0899445284316,128.14629504666718,24815500
2017-05-02,129.07614135742188,129.13250622180803,128.6910746040042,129.0197908243005,18345100
2017-05-03,128.66285705566406,128.83190859947368,128.31533833017747,128.78494506021767,23827600
2017-05-04,128.70985412597656,129.0761469383679,128.25903551024845,128.64411661158087,14630100
2017-05-05,129.17942810058594,129.17942810058594,128.55955803619986,129.03855179760313,19330700
2017-05-08,129.46116638183594,129.46116638183594,128.98217272645695,129.2451513213229,13279900
2017-05-09,129.91201782226562,130.20317171341958,129.54571080031764,129.65842616524804,28426100
2017-05-10,129.98716735839844,130.03413090857123,129.5269618279898,129.98716735839844,20499400
2017-05-11,129.88385009765625,129.92142666937903,129.02917656301437,129.63027272921127,27232100
2017-05-12,130.17506408691406,130.20323935996984,129.8275451671126,129.9402605906038,19738600
2017-05-15,130.58827209472656,130.66341091367303,130.10927824661516,130.23138061881124,20481300
2017-05-16,131.1330108642578,131.15179915081913,130.54131598458034,130.92638270587406,21786000
2017-05-17,127.79878997802734,130.33466360451683,127.78000169495769,130.09045891839398,55642200
2017-05-18,128.91647338867188,129.34851801682402,127.61096685729169,127.75185751770114,41319900
2017-05-19,129.46116638183594,130.00591185156068,129.2921148556758,129.37664061875586,36730100
2017-05-22,130.55068969726562,130.61644152791754,129.70540319432055,129.75235240905806,19509700
2017-05-23,130.6822052001953,130.94518391294784,130.34408766504706,130.93579693437277,19687500
2017-05-24,131.2833251953125,131.34907705102668,130.710404110769,131.0766969791645,15891900
2017-05-25,132.4009246826172,132.73904210677915,131.49927344109852,131.78104034977687,23928600
2017-05-26,132.63577270507812,132.69212323953298,132.2506916112832,132.42914452456694,13851600
2017-05-30,132.7484893798828,132.90815402336338,132.48551063400103,132.57003644562016,20306400
2017-05-31,132.7014923095703,133.21806269113492,132.02527165610584,133.21806269113492,33229400
2017-06-01,133.21807861328125,133.27442914686634,132.41035419227688,132.97388819065756,20120700
2017-06-02,134.73963928222656,134.7678145541644,133.47169471995352,133.68770991523283,37222900
2017-06-05,134.71144104003906,134.94624451197492,134.52360112874368,134.73022933054858,15727500
2017-06-06,134.1760711669922,134.99318250858508,133.97882998216087,134.55175091843944,22393000
2017-06-07,134.70204162597656,134.81474269609694,133.93189376137843,134.55176397830584,18842400
2017-06-08,134.84292602539062,135.0589411768329,134.1103261098744,135.00259064439268,25417400
2017-06-09,131.47116088867188,135.1528777459565,129.71483543920323,135.00261441008536,109783700
2017-06-12,130.7666778564453,131.00148120678145,129.11366742933225,130.36282297287156,104454000
2017-06-13,131.8280029296875,132.0158427570183,130.81365066458895,131.49927248341345,51193000
2017-06-14,131.25511169433594,132.36337695700618,130.1937956506243,132.36337695700618,60093800
2017-06-15,130.67283630371094,130.8137126581563,129.13252605961785,129.93084928691997,55145200
2017-06-16,130.10589599609375,130.69921741036507,129.62559708044782,130.60503438989582,48087400
2017-06-19,132.28134155273438,132.40376217805004,131.1700427832148,131.3678212861165,39626500
2017-06-20,131.24537658691406,132.3189963382629,131.19828510205681,132.1494842371411,40935100
2017-06-21,132.54510498046875,132.61102160188474,131.46205767149573,131.54681377202147,35743400
2017-06-22,132.50738525390625,132.99711096790188,132.16834658580277,132.75225529605788,24099100
2017-06-23,133.01588439941406,133.18539646415,131.98934198296686,132.35663249352856,21654300
2017-06-26,132.3943634033203,134.00478613181238,132.10241626367005,133.7787699567573,34411100
2017-06-27,129.99285888671875,132.05534299050032,129.9834463348948,131.89524338764485,65957800
2017-06-28,131.8669891357422,131.97999723695403,129.7197489908697,130.47315549269257,57427200
2017-06-29,129.5784912109375,131.3207763043674,128.31651935023885,131.3207763043674,88769400
2017-06-30,129.62554931640625,130.59557371450012,129.20175462107593,129.94574847551752,68898300
2017-07-03,128.2599639892578,130.36952461519903,128.17520793631638,130.2188519778489,32797000
2017-07-05,129.5219268798828,129.87037798829283,128.23170359064312,128.66491074645506,42116600
2017-07-06,128.35421752929688,129.07938665949445,127.89275802215492,128.5331566730105,48430500
2017-07-07,129.73854064941406,130.08700615550086,128.77794329612615,128.78735584536474,36970400
2017-07-10,130.586181640625,130.8969682980151,129.49372206379465,129.82334819535308,24853500
2017-07-11,130.9534454345703,131.11354500632416,129.9080775728673,130.39780320842956,31517700
2017-07-12,132.50738525390625,132.6580722997984,131.8104828146935,132.0741779598509,36045800
2017-07-13,132.79931640625,133.11952993272504,132.41320065689587,132.66746884957413,31073600
2017-07-14,133.8446807861328,134.01420728042848,132.96883940490602,133.3926340851869,34544800
2017-07-17,133.91061401367188,134.38150019313042,133.65633145307865,133.98595752682195,25343200
2017-07-18,134.8052978515625,134.8335498733282,133.3926392820532,133.81643397884477,25748500
2017-07-19,135.59642028808594,135.7941988648456,135.144373445891,135.20087750487664,33752300
2017-07-20,135.7753448486328,136.0296274571477,135.16319844809493,135.94487137774556,36139400
2017-07-21,135.7188262939453,135.7188262939453,135.00308441606893,135.27619209950782,39697100
2017-07-24,136.34039306640625,136.43456168332085,135.53988078594753,135.69998036797801,26712700
2017-07-25,135.991943359375,136.31215693106213,135.624652658897,135.8883478094808,28120900
2017-07-26,136.43458557128906,136.50992910019622,136.11438635116525,136.33099001533034,18610600
2017-07-27,135.57757568359375,137.46112068721501,134.0142298817142,137.32927311177383,80665900
2017-07-28,135.4645538330078,135.69058440779014,134.55103335243612,134.767651375468,38013200
2017-07-31,134.89007568359375,136.0201998475041,134.59812849803365,135.85068768955634,33848600
2017-08-01,135.2008056640625,135.38915721736802,134.78642362460894,135.35149265482787,20149400
2017-08-02,135.5681610107422,136.1049782830258,134.3061891931653,136.0767262550434,41769700
2017-08-03,135.04075622558594,135.77533761522005,134.79590055247715,135.6999940918848,27112800
2017-08-04,135.28562927246094,135.5870034045053,134.7299868831024,135.34214769995143,29472900
2017-08-07,136.14266967773438,136.14266967773438,135.34217144338845,135.53052312380441,17933900
2017-08-08,135.90716552734375,136.99962490220176,135.5210354149758,135.8789135064686,30810400
2017-08-09,135.72824096679688,135.79417193607893,134.47568188320207,134.78646851630216,36169500
2017-08-10,132.81817626953125,135.05017252534307,132.68632869261216,134.95600389629124,63331700
2017-08-11,133.82583618164062,134.1177832661668,132.6956980385279,132.99707204210554,45862500
2017-08-14,135.54930114746094,135.7564922350411,134.85239873497054,134.89006330984552,34161000
2017-08-15,135.64349365234375,135.89777625407996,135.27620294775062,135.8883493319698,25509200
2017-08-16,135.87892150878906,136.51933421705485,135.4268747778586,135.9825170482009,31913000
2017-08-17,133.10069274902344,135.5587192459624,133.10069274902344,135.35152817186747,70191000
2017-08-18,133.0065155029297,133.92003590441868,132.46028577222341,133.17604201191767,60751900
2017-08-21,132.83702087402344,133.28906767373283,132.0176689848086,132.99712048287242,37111500
2017-08-22,134.86178588867188,135.00306035103893,133.50563152365268,133.55272301110836,36294200
2017-08-23,134.3815155029297,134.68287521955745,134.0895683376534,134.18373696209008,25702300
2017-08-24,133.9859619140625,134.83355131671908,133.23254112819762,134.68286428548487,38160800
2017-08-25,133.70339965820312,134.84293596665057,133.52446064192543,134.5039117719812,26380400
2017-08-28,134.11778259277344,134.42856914353865,133.68456105738161,134.10835567376932,15362100
2017-08-29,134.64517211914062,134.8712026196701,132.84638377447308,132.96881875854777,24498300
2017-08-30,136.2273406982422,136.45337119576234,134.67342234241252,134.7581783901189,33642700
2017-08-31,137.68711853027344,137.69654545103157,136.53815508165246,136.6134985961873,38480700
2017-09-01,137.498779296875,138.05442159995437,137.13148861192167,137.86606998182833,22293600
2017-09-05,136.2650604248047,137.38577195875848,135.23853188558766,137.09382479350478,44794300
2017-09-06,136.67942810058594,136.99021470585836,135.69056424204746,136.6134971372073,30722700
2017-09-07,136.99964904785156,137.34810028026203,136.50051076401186,136.93371807398572,22721100
2017-09-08,135.81301879882812,136.88663887599915,135.6717443013824,136.82070790312955,27890100
2017-09-11,137.37632751464844,137.61177060115207,136.83952474997903,136.87718932088515,27126300
2017-09-12,137.7059326171875,137.88487163493446,137.05610749812894,137.76243665009633,30256700
2017-09-13,137.8943328857422,137.91317236013342,137.24450753717565,137.47053811894483,28450900
2017-09-14,137.08438110351562,137.77187089601594,136.9996250408044,137.35750313265925,35296400
2017-09-15,137.55523681640625,138.0543749022421,136.8300682430909,137.05609873057037,46422400
2017-09-18,137.37503051757812,138.148966846336,136.95974128673905,137.71481130628624,24858200
2017-09-19,137.61097717285156,137.80917421487075,137.14849340520422,137.62041032664627,20871200
2017-09-20,137.18629455566406,137.71483935647393,136.12919055227866,137.56382244145234,34236200
2017-09-21,136.3462677001953,137.1013233883281,135.86490313698195,137.09189023284387,28841800
2017-09-22,136.21412658691406,136.4123236572615,135.77052346521359,135.91209280117604,21702400
2017-09-25,134.7794952392578,135.75164308662423,134.11881433353747,135.67613464000425,54947700
2017-09-26,135.12864685058594,135.72326659223918,134.65673007829147,135.46842750270824,29628800
2017-09-27,136.3462677001953,136.85593172986137,135.5062560056481,135.8460224242494,33249400
2017-09-28,136.29898071289062,136.44054995799507,135.70436107994328,136.0158278209274,24149400
2017-09-29,137.28060913085938,137.3844314141916,136.21408684036604,136.57273385407416,43102400
2017-10-02,137.40333557128906,137.96019409430994,136.7898349189804,137.488277162578,27351300
2017-10-03,137.69589233398438,137.85634232826774,137.28060321854096,137.58263690313936,19715200
2017-10-04,137.82809448242188,138.12068075340963,137.29954968299037,137.43168588284826,26381100
2017-10-05,139.1777801513672,139.2532742044188,138.18675148432408,138.3283208360023,31562400
2017-10-06,139.36647033691406,139.36647033691406,138.70578970909582,138.70578970909582,23561100
2017-10-09,139.20608520507812,139.69686852765565,139.02675443646683,139.545866029351,13704800
2017-10-10,139.3098602294922,139.8195240919941,138.69635968190056,139.6779547973434,19223100
2017-10-11,139.7251739501953,139.7535022187896,139.06449305453557,139.2438238123068,12439100
2017-10-12,139.47032165527344,140.017746975697,139.32873794726564,139.51751622460938,14513500
2017-10-13,140.00831604003906,140.1687660734185,139.47977136496266,140.03662990464943,18409900
2017-10-16,140.48968505859375,140.52743207870034,140.05551511767285,140.35754888557656,21809400
2017-10-17,140.66897583007812,140.68785653757993,140.2253872169866,140.44246494709694,13138200
2017-10-18,140.4990692138672,140.82941673208222,140.29142467129049,140.81053602773224,17218200
2017-10-19,139.97996520996094,139.99884591530264,138.99838455856926,139.67794593328597,27680300
2017-10-20,140.3575439453125,140.66899645507704,140.187646356406,140.5463078427269,30173300
2017-10-23,139.4419708251953,140.65950974140952,139.2437594472384,140.6500765907475,29297100
2017-10-24,139.67799377441406,139.97057999951113,139.1588822129047,139.71574079626774,20289500
2017-10-25,139.1494140625,139.85728943204154,138.11120549489584,139.40425322802813,36179100
2017-10-26,138.70584106445312,139.4137165138663,138.66807964216386,139.0644881656237,28230200
2017-10-27,142.74545288085938,143.00972523675154,140.82002354305857,141.037101320735,60165100
2017-10-30,143.0663604736328,143.64209979382994,142.50950186606488,142.64163805094142,31733400
2017-10-31,143.60427856445312,143.8119231116088,143.1134954545925,143.52878454890381,26319300
2017-11-01,143.55709838867188,144.24609289410478,142.990792459811,144.1800176283092,29481600
2017-11-02,143.28343200683594,143.45332960955304,142.30185101943317,143.39668747413842,31017400
2017-11-03,144.66139221191406,144.68025851625353,143.31170256017185,143.80250010641984,26199200
2017-11-06,145.1521759033203,145.20881802182925,144.50094275893784,144.54812292172332,28693900
2017-11-07,145.2371368408203,145.42590070368684,144.7274585691452,145.03892542366674,21333100
2017-11-08,145.822265625,145.86001262560632,144.9916875941082,145.16158510122483,17373500
2017-11-09,145.05780029296875,145.13330871542863,143.56654135334426,144.6236304642643,40594500
2017-11-10,145.04837036132812,145.16164020965883,144.46319801836898,144.71803717491215,20150800
2017-11-13,145.22767639160156,145.41645463946583,144.50093486400573,144.50093486400573,12522400
2017-11-14,144.6991729736328,144.8785037190002,144.00074510442812,144.71805368413527,25173800
2017-11-15,144.01959228515625,144.40656758936728,143.25508923161186,144.07622000738021,24808000
2017-11-16,145.860107421875,146.1904550993372,144.71807628893407,144.74639015822916,34790600
2017-11-17,145.30320739746094,146.0016495785584,145.16163809131442,145.89782728679742,28725800
2017-11-20,145.18994140625,145.5391552705523,144.98229683781094,145.4070191271601,21143900
2017-11-21,146.76617431640625,146.8322496035427,145.812907243423,145.87896812879674,20147800
2017-11-22,146.9454803466797,147.0870496499255,146.6151327700925,146.89828577834433,17299000
2017-11-24,147.4834442138672,147.53063877775872,147.01152737846945,147.0964833541778,8280600
2017-11-27,147.41741943359375,147.76663336871275,147.07763865285872,147.43630014412415,22653400
2017-11-28,147.79490661621094,147.8892957411602,146.95489525049288,147.7477120537363,25227300
2017-11-29,145.21827697753906,147.66280319666419,144.51983474274832,147.6250561793768,71986300
2017-11-30,146.43582153320312,146.71897457912547,145.49198764797006,145.83176842272445,56595500
2017-12-01,145.81283569335938,146.5207107848316,143.70807671878458,145.53911592634032,59015800
2017-12-04,144.13282775878906,146.8888199966072,143.99124408523335,146.72837002131638,51319100
2017-12-05,144.22723388671875,145.86950980607097,143.55711998523884,144.1045308899294,40604200
2017-12-06,144.8785400390625,145.10506541659322,143.51941657741023,143.68931421099978,28647800
2017-12-07,145.3692626953125,145.7845518052791,144.71801517302472,144.86903201333232,32666200
2017-12-08,146.01107788085938,146.79446161961877,145.7845669985502,146.43580018694917,28081700
2017-12-11,147.14370727539062,147.19090185331737,146.0677371467713,146.07718470341456,20821500
2017-12-12,146.9454803466797,147.3796358111403,146.63401347777867,147.07761649696252,20310300
2017-12-13,147.22866821289062,147.700585204455,147.01157602750118,147.54013515553476,24418500
2017-12-14,147.12481689453125,147.86100610409846,146.96436687724207,147.48346394421733,24594700
2017-12-15,148.79534912109375,148.95581349352892,147.45510724681705,147.70051317988973,49816200
2017-12-18,150.04290771484375,150.1658673133647,149.50380492109375,149.77808275793535,26844500
2017-12-19,149.15383911132812,149.9104879938872,148.7376815043268,149.75915533099996,31415000
2017-12-20,148.9930877685547,149.70244355280104,148.40669160511274,149.6740704759816,38972600
2017-12-21,149.011962890625,149.67402520261842,148.8417100493261,149.20112148949798,18638700
2017-12-22,148.8417205810547,148.89846672154422,148.44448316575097,148.78497444056515,23330400
2017-12-26,148.03782653808594,148.22698519336225,147.49870921707407,148.0094534613885,21918700
2017-12-27,148.05667114257812,148.45392291600749,147.91480581769218,148.0472182648772,22388200
2017-12-28,148.23646545410156,148.55805110253624,148.05675964723946,148.52966358871535,25393800
2017-12-29,147.31898498535156,148.39720506040143,147.2622388390666,148.36883198725894,33186000
2018-01-02,149.90101623535156,149.9388421803709,147.7067361954733,148.07560049488168,32573300
2018-01-03,151.35757446289062,151.4899869368337,150.0145295323603,150.04290260307116,29383600
2018-01-04,151.6223907470703,152.0763742843806,151.40485907342446,151.8777628007533,24776100
2018-01-05,153.14515686035156,153.249196268192,152.05748394991966,152.34122910147343,26992300
2018-01-08,153.7410125732422,153.81667890534396,153.08840308675678,153.14514922786384,23159100
2018-01-09,153.75045776367188,154.20444130170148,153.2870213465562,154.0436557659801,24782400
2018-01-10,153.39105224609375,153.41943974820296,152.3884986128843,153.0694811622109,34004000
2018-01-11,154.44090270996094,154.45037002150852,153.4194432942387,153.65589517289018,20473500
2018-01-12,155.5758819580078,155.73666750230652,154.1098774363845,154.30848893092167,37762700
2018-01-16,155.13133239746094,157.40126436435034,154.66788158014268,156.60678961912657,41231800
2018-01-17,156.80538940429688,157.04184123455553,155.11240064966972,155.86904939287228,33849900
2018-01-18,156.8338623046875,157.19325946871473,156.19070547158006,156.5595699503727,26432200
2018-01-19,157.3256072998047,157.5809793514679,156.56895845568766,157.29723423093947,38937600
2018-01-22,159.00912475585938,159.00912475585938,157.08913701777706,157.2688427207687,26081400
2018-01-23,160.3238067626953,160.4656865314527,159.4252926214009,159.5009589450297,37989700
2018-01-24,159.28343200683594,161.0142613274861,158.365997649466,160.66430276634307,54287400
2018-01-25,159.22666931152344,160.43730153582484,158.7159252729708,160.38055540529112,28925000
2018-01-26,161.66690063476562,161.68582082938792,159.80367277304836,160.11577660897646,32038200
2018-01-29,160.88186645507812,161.64796824446498,160.54137516736424,161.32639714825675,37277800
2018-01-30,159.55772399902344,160.2387065605534,158.72542320416918,159.41585864532024,44987700
2018-01-31,160.21978759765625,160.77782500088034,159.2172339387954,160.4562394768924,42449200
2018-02-01,158.85784912109375,160.5319181639635,158.34710494078755,158.99026160638084,38037900
2018-02-02,155.6893768310547,158.61191861146082,155.556964355201,158.23360137527243,68478100
2018-02-05,149.55111694335938,156.7676347004097,149.43762463146143,154.23287685548271,105372200
2018-02-06,153.51402282714844,153.70318145286234,146.694758398173,147.36627368423908,118537900
2018-02-07,151.52780151367188,154.68679459110288,151.51833420379572,153.0221644228759,91028300
2018-02-08,145.13417053222656,152.08586203079562,145.13417053222656,151.91560916150496,94184800
2018-02-09,147.6405792236328,148.71879936214242,141.99410642589373,147.18658116287557,113836600
2018-02-12,150.26046752929688,151.28194159648663,147.98108189731533,149.15387423114473,63050600
2018-02-13,151.03598022460938,151.3386310764309,149.1727385634932,149.3997375262656,31785600
2018-02-14,153.8639678955078,154.10041978698618,149.4375954143341,150.14695108876924,52107400
2018-02-15,156.72032165527344,156.72032165527344,153.63699397201864,155.24486405921434,51633900
2018-02-16,156.0204315185547,157.7228736909428,155.7555921073318,156.20959015638903,62256300
2018-02-20,156.33253479003906,157.64720680145464,155.40564736555731,155.4718608261026,36785600
2018-02-21,155.88803100585938,158.63086754488876,155.79344446373557,157.09866369926766,41161800
2018-02-22,155.86907958984375,157.4012831285582,155.4718421698762,156.5689679066011,37074400
2018-02-23,159.05645751953125,159.05645751953125,156.4838597712741,157.12701642427749,50096900
2018-02-26,161.1656036376953,161.1656036376953,159.671240381947,159.80365286404665,39266700
2018-02-27,159.16995239257812,161.47772521289122,159.09430048570619,161.212900243204,42209900
2018-02-28,158.1484832763672,160.59812131286142,158.0444438709006,160.07792428552852,42936300
2018-03-01,155.56640625,158.9618659836956,154.16661525669286,158.23359020198703,76809900
2018-03-02,156.9945831298828,157.26886093914985,153.18298027771166,153.69370994843783,57445100
2018-03-05,158.73487854003906,159.14156884819954,155.6704569657357,156.25686744449666,38540200
2018-03-06,159.4064178466797,159.9455351441737,158.4038640287571,159.51045726732522,29480900
2018-03-07,159.77532958984375,159.90775655705758,157.91210121123203,158.18637916588534,34609400
2018-03-08,160.6549072265625,160.76839953993897,159.79421869844114,160.43737548196387,25828400
2018-03-09,163.7760467529297,163.7760467529297,161.5628604424011,161.7993123413519,38310500
2018-03-12,164.64614868164062,165.0244658568451,163.8894998993565,164.2583641963372,37635000
2018-03-13,162.40464782714844,165.7149748038529,161.98849012669046,165.0245247863293,55638900
2018-03-14,162.37625122070312,163.37881945739667,161.66689547972572,163.25585984409247,40536400
2018-03-15,162.23435974121094,163.18016724366393,161.63849639646486,162.48973180779885,28810400
2018-03-16,161.7519989013672,162.86804479791923,161.67633257131467,162.5086477700157,31176700
2018-03-19,158.3008575439453,160.3092180034408,156.9177318324961,160.1955415865764,71395100
2018-03-20,158.82186889648438,159.19133167123817,157.83663964890448,158.3671488172391,34075700
2018-03-21,158.13031005859375,159.87341570566446,157.43875451100524,158.4050473077622,43863500
2018-03-22,154.22727966308594,157.04088654440437,154.02833148382564,155.94196636103393,66607300
2018-03-23,150.1632080078125,154.70098527370777,150.08741889662713,154.04731683811698,80110400
2018-03-26,155.7429656982422,155.93244559760586,150.77890456910828,153.20409694598084,57481500
2018-03-27,150.70314025878906,156.8987494752029,149.3768530217872,156.8987494752029,78889100
2018-03-28,148.96954345703125,151.3663177851629,147.82325316930635,149.84109644405248,89369700
2018-03-29,151.69790649414062,153.19470885921461,148.3822088950676,149.77480304310183,68692600
2018-04-02,147.32113647460938,151.32840319583963,145.7769789777586,150.6178967572898,85549400
2018-04-03,148.97900390625,149.60425312149945,146.3075068719996,148.6095410891103,64090000
2018-04-04,151.32839965820312,151.79258793581835,145.92853928722565,146.0990683452422,65768700
2018-04-05,152.1904754638672,153.07151097662685,151.0820871390075,152.83467549382885,43054900
2018-04-06,148.38218688964844,152.01050860175235,147.6716803666454,150.51370645865757,59870900
2018-04-09,149.42420959472656,152.40834476871052,149.16843773103574,149.6610450312989,41810400
2018-04-10,152.7209930419922,153.21360041890176,150.69368196770853,151.7736511483028,48296800
2018-04-11,151.83998107910156,153.46941054501525,151.66946645036967,151.76419198123438,41622100
2018-04-12,153.66831970214844,154.19882879717736,152.6736079213249,152.75886521403552,30467900
2018-04-13,152.8726043701172,154.66308052861038,152.20946772906316,154.43572765470307,44604900
2018-04-16,154.03782653808594,154.59675489074692,152.9767935888885,153.94308654886183,28180800
2018-04-17,157.353515625,157.69455933110714,155.27883428412247,155.59145888599505,35536100
2018-04-18,157.67559814453125,158.2061073293159,156.60509710397506,157.35350534738217,29573900
2018-04-19,156.22616577148438,157.24929682081455,155.6861739168555,156.87983403538624,34705700
2018-04-20,153.75363159179688,155.9419896135075,153.21363963563772,155.82831318286088,49197100
2018-04-23,153.36517333984375,155.10827889527758,152.54099054624737,154.501980682288,33040600
2018-04-24,150.11581420898438,154.33148306427552,149.1021513673898,154.09464757290758,70256800
2018-04-25,150.29580688476562,150.92105609220243,148.2306082033008,150.38107865326495,52089300
2018-04-26,153.45993041992188,153.97148872171266,151.74522931741186,152.2378511876746,43005500
2018-04-27,153.55467224121094,155.75251277619984,152.6831192738062,155.71461099853852,51043400
2018-04-30,152.46522521972656,154.87146756191754,152.08627974300506,153.91465733686806,35615300
2018-05-01,154.20831298828125,154.22726387372106,151.7073309559632,152.06732550286867,36513500
2018-05-02,153.29888916015625,154.95673765779452,153.118891867566,154.4735839870961,38646800
2018-05-03,153.2799072265625,153.84830363745166,150.83576363045935,152.52203089008816,60337100
2018-05-04,156.18826293945312,156.54825750676545,152.50310332582623,152.61679418961967,41543200
2018-05-07,157.48614501953125,157.99770335783379,156.7945749265343,156.9177340167131,32500200
2018-05-08,157.32510375976562,157.6661330262725,156.1788135001553,157.15457467121945,26040200
2018-05-09,159.03981018066406,159.153486616839,157.05038581583577,157.6093142340885,29122700
2018-05-10,160.6881561279297,160.80184700510821,159.42818944928842,159.55134854319323,27067600
2018-05-11,160.53660583496094,160.9155369098589,159.8355674455764,160.4987040542948,24688800
2018-05-14,160.81129455566406,161.82495737152067,160.54603996849036,160.90603453192216,21821700
2018-05-15,159.0303192138672,159.6271493832493,158.18718529385288,159.54189206056438,49361600
2018-05-16,160.0818634033203,160.45132624270718,159.16294041338236,159.23872951573009,22941200
2018-05-17,159.46607971191406,160.67867630877842,158.68925233767413,159.52291791875277,27480200
2018-05-18,158.64186096191406,159.39972282226992,158.40502551673075,158.85026285481004,26217900
2018-05-21,159.5324249267578,160.57450715649918,158.8503373682535,159.87346870600996,22954600
2018-05-22,159.32395935058594,160.52708765295608,159.03976833492354,160.26183306814403,19477700
2018-05-23,160.66920471191406,160.68814114360072,158.09243338397513,158.1113698156618,26557800
2018-05-24,160.6218719482422,160.90607749761523,159.00191043552218,160.6218719482422,27696500
2018-05-25,160.7829132080078,161.3607925061787,160.29977390834134,160.60291588402592,27460500
2018-05-29,160.07241821289062,160.9723904428805,159.11560776178698,160.05346732075427,41220500
2018-05-30,161.21865844726562,161.50286394506833,160.30921820064748,160.65026190695232,22665800
2018-05-31,161.11447143554688,162.184958136092,160.69763861538726,161.21866518529407,35670900
2018-06-01,163.64385986328125,163.73858538870502,161.87232051988752,161.91969051024518,45543300
2018-06-04,165.1217041015625,165.1595914190797,163.95647755530374,164.0606712922988,20459600
2018-06-05,165.6332550048828,165.9079922519702,164.90381214670523,165.51011038697598,24779300
2018-06-06,166.599609375,166.62802848619776,164.9701795416147,165.80384535087106,25036600
2018-06-07,165.244873046875,166.66588617522518,164.4112218411755,166.62799885213147,39600300
2018-06-08,165.25436401367188,165.6711968650901,164.0607036745572,164.46806830855002,31780300
2018-06-11,165.69956970214844,166.10691976709765,165.10273969925194,165.13115879888608,22319700
2018-06-12,166.57118225097656,166.7322286917821,165.7469991552968,165.9269820324595,22511800
2018-06-13,166.56166076660156,167.8121445651335,166.1921835463711,166.8269153437232,37858600
2018-06-14,168.24795532226562,168.52267815882112,167.20587327610485,167.3290323693673,35916000
2018-06-15,167.66058349609375,167.99215897896903,166.83640057990155,167.61321350492705,49615700
2018-06-18,167.5637664794922,167.70616615226191,166.08275193775407,166.60490821496512,31633200
2018-06-19,167.08909606933594,167.12706448995397,164.9150454546497,165.44669026070915,38236000
2018-06-20,168.27577209472656,168.96880788980405,167.70614450470885,167.85804712687775,33038000
2018-06-21,166.8137664794922,168.87389711510727,166.49096975237575,168.70300302590059,43469400
2018-06-22,166.44349670410156,167.44032326386295,165.84538917925957,167.37387492012022,30073200
2018-06-25,162.69346618652344,165.18082442692483,161.2124519058346,164.93397905598957,77799700
2018-06-26,163.3579864501953,164.29785280928795,162.6934163347555,163.29152364416083,39008100
2018-06-27,161.13648986816406,164.79156843475627,161.02257015761418,164.05106134372264,52843500
2018-06-28,162.5225830078125,163.07321911031815,160.60485237304874,160.93713752522243,46407700
2018-06-29,162.95928955078125,164.1649930248606,162.72194714567598,163.30106319358205,36408500
2018-07-02,164.0511016845703,164.09857307104943,161.07956962302472,161.43083180775017,31770000
2018-07-03,162.15234375,164.66816759988555,161.99095264323674,164.66816759988555,25512700
2018-07-05,164.1649932861328,164.29790445375406,162.37068528013057,163.20613518302457,31626200
2018-07-06,166.71881103515625,166.84223372985434,164.24095557677413,164.54476082949816,37005600
2018-07-09,168.21881103515625,168.25677944731243,166.91817924689573,167.58273510636346,27362100
2018-07-10,168.34222412109375,168.72196616591515,167.76310808669135,168.53209514350445,23902500
2018-07-11,167.48782348632812,168.10492256689085,166.89921882796935,167.02262705509474,30280600
2018-07-12,170.37384033203125,170.37384033203125,168.11433650541952,168.22825619878563,27930100
2018-07-13,170.5163116455078,170.79162251564475,169.88972409607862,170.36440899966433,28049800
2018-07-16,170.10806274414062,170.8390814987292,169.8232634116552,170.5542676800112,21405300
2018-07-17,171.1428985595703,171.5036492343173,168.30427763162203,168.30427763162203,31034100
2018-07-18,170.820068359375,171.3042561355897,170.2979266586246,171.16184200119625,23220800
2018-07-19,169.96566772460938,170.7726378186668,169.76630818641928,170.20301016565767,31094100
2018-07-20,169.9276885986328,171.0479378963875,169.73780306877495,170.47832476551008,35897300
2018-07-23,170.4688262939453,170.54477761064553,168.74098091927132,169.42452828334063,22184700
2018-07-24,171.1713409423828,172.8327377342796,170.46880222676637,172.22514177269227,36900300
2018-07-25,173.5637664794922,173.66818323427825,171.16184793609426,171.24730221418568,35026600
2018-07-26,170.93399047851562,171.75993735192353,170.7061365713346,171.20930127424168,40873500
2018-07-27,168.62701416015625,172.1301901034249,167.6586676531193,172.01627039347457,59456100
2018-07-30,166.24412536621094,168.7314692940416,165.4466583111215,168.63654101771095,60193000
2018-07-31,167.51625061035156,168.16182942335615,165.96878812765016,166.89916621056767,47285100
2018-08-01,168.15234375,168.65550849356518,167.1839971602505,167.90551286194773,37101900
2018-08-02,170.4403076171875,170.6396815889837,166.88966042129186,166.96561172072714,47178200
2018-08-03,170.96250915527344,170.97199763788709,170.01313938951975,170.76313513052264,28934400
2018-08-06,171.9687957763672,172.01626715002794,170.6396842312424,170.8485466863662,24808800
2018-08-07,172.59539794921875,172.91818013983732,172.08273024766632,172.45298381601836,29895700
2018-08-08,172.8042755126953,173.11756924961836,171.8928742338072,172.35807059825024,22680700
2018-08-09,172.69984436035156,173.38339169832895,172.44351048705207,172.69984436035156,18852900
2018-08-10,171.3802032470703,172.0447590659424,170.73462439000147,171.53209137264795,33818500
2018-08-13,171.1903533935547,172.79477603814027,171.1144020782591,171.69351818193476,26089200
2018-08-14,172.2631072998047,172.4624812854372,170.9244927160395,171.84538236703568,20913000
2018-08-15,170.15553283691406,171.43718776830173,169.10173185601806,170.89604006822128,58528000
2018-08-16,170.71563720703125,171.82639782769138,170.38335207437476,171.46563276780483,27711800
2018-08-17,170.75363159179688,171.18084505147013,169.24413727404328,170.2694582689981,36092600
2018-08-20,170.60171508789062,171.19982257451744,169.93715926176668,171.13335974878976,24939000
2018-08-21,171.22828674316406,172.2536075603362,171.0099358102993,171.11436703666578,26258700
2018-08-22,171.89291381835938,172.09228787367144,170.64924155238165,170.86759257582995,18042400
2018-08-23,171.6460723876953,172.8327847044158,171.36125853443554,171.58911251429024,25776200
2018-08-24,173.24098205566406,173.38339620507972,172.17769260727536,172.21566102204685,23136100
2018-08-27,175.00682067871094,175.00682067871094,173.8390999127278,174.11441077327078,29343600
2018-08-28,175.2631378173828,175.65238286424014,174.8928842203368,175.47200030661205,20277000
2018-08-29,177.28526306152344,177.38019131840272,175.50044379193974,175.56689212313236,29175600
2018-08-30,176.97198486328125,178.0257856644949,176.3833658797674,176.94350493510493,29315500
2018-08-31,177.1998291015625,177.70299382798368,176.56375321129852,176.753624233041,28653200
2018-09-04,176.4403533935547,176.9624951065848,175.49098375352744,176.65870435461625,29063500
2018-09-05,174.16188049316406,176.15556279417055,173.5637873918485,176.127082860119,42623300
2018-09-06,172.60487365722656,174.4466528816376,171.4371531797958,174.237790424051,46091400
2018-09-07,171.9403076171875,173.42132169262635,171.30423180202996,171.36119165320397,46629500
2018-09-10,172.51943969726562,173.02260441127794,171.57955860640845,172.92766165963295,26132000
2018-09-11,173.84854125976562,174.13335501201698,171.38018920812212,171.8263940398624,30116500
2018-09-12,173.33592224121094,173.715664328201,171.84540485299922,173.59225611735684,36204000
2018-09-13,175.187255859375,175.5195411745788,174.34231708616497,174.4182684292469,31133200
2018-09-14,174.67457580566406,175.58596281140586,173.98152533790332,175.3106519101101,31224100
2018-09-17,172.1586456298828,174.5035892355288,171.99725456825152,174.38016657642294,33071200
2018-09-18,173.58273315429688,174.42767151381935,172.2156386206357,172.30109289366231,31877300
2018-09-19,173.44979858398438,174.01942605821708,172.32004660136755,173.611189654897,31843400
2018-09-20,175.36758422851562,175.6049266698723,174.2283434072502,174.64606842183522,33295800
2018-09-21,174.40870666503906,176.08908053365826,174.19034121308673,175.84224963702727,38605400
2018-09-24,174.8937225341797,174.96030495615975,172.43043414227662,173.14374260024607,34945600
2018-09-25,175.1315155029297,175.26466585244575,174.21847416889133,174.81765799786336,25277500
2018-09-26,175.25515747070312,176.89101288826973,174.91276878999616,175.28368865140376,36210600
2018-09-27,176.7388458251953,177.36656085684913,175.87336126751808,175.9684748828475,33113300
2018-09-28,176.70079040527344,177.16682388971233,175.92091392471224,176.244276989523,28076800
2018-10-01,177.06219482421875,178.35566152346962,176.6151869898402,177.72794654170838,27371300
2018-10-02,176.6627197265625,178.02275415613224,176.25376319592445,176.9099947558578,25618600
2018-10-03,176.8529510498047,177.8230546724379,176.57714481544647,177.40457803081972,29128700
2018-10-04,173.45765686035156,176.25382925314054,172.20222659734324,176.13968999412913,80557300
2018-10-05,171.33673095703125,174.01877843178255,169.70087530128967,173.43862015256835,83325600
2018-10-08,170.29054260253906,171.8027533509364,168.27424709237533,170.73755048599747,66864500
2018-10-09,170.8421630859375,172.1641610593306,170.0052097172397,170.41416633275335,49097900
2018-10-10,163.32861328125,169.88153981602588,163.1098694148659,169.77692066039907,114471100
2018-10-11,161.30282592773438,164.91691052347807,159.60038827242875,162.65335487360767,143084500
2018-10-12,165.7919158935547,166.3054916032614,162.56774769795376,165.64924549308768,102078400
2018-10-15,163.78514099121094,165.5256008777758,163.16693161317562,165.21175792349536,64885300
2018-10-16,168.55006408691406,168.95902070896923,165.20226507087278,165.50661703246757,71979700
2018-10-17,168.6166534423828,169.53920048882563,166.88569860575444,169.36801337289296,66987600
2018-10-18,164.70773315429688,168.03650720684746,164.00394449963164,167.97944483077225,82486200
2018-10-19,164.5555419921875,167.45633318896427,163.95635812680231,166.0392215519027,82923700
2018-10-22,165.40196228027344,166.6764031926324,164.1465324771995,165.54461816139678,52909300
2018-10-23,164.79331970214844,165.61124751441335,160.56102471927233,162.2919794540694,77567000
2018-10-24,157.25125122070312,164.87890172616557,156.96592488524988,164.60309545968425,102997400
2018-10-25,162.69140625,163.6615099085765,158.98220772058858,159.69551624642148,83481100
2018-10-26,158.5066680908203,161.645228494816,156.19554092965748,157.1180877804868,130970900
2018-10-29,155.24449157714844,161.55014472991996,152.25810658935367,160.93194970064116,111871900
2018-10-30,157.8028564453125,157.91698115879277,154.0841380665657,154.78794099505663,92584000
2018-10-31,161.51206970214844,162.87210424909904,160.2946765351327,160.37076451508983,73828600
2018-11-01,163.64247131347656,163.81367289250187,160.52293676875158,161.7498354628227,52706800
2018-11-02,161.09359741210938,164.10851295174766,159.99034344143138,163.1384093215102,75966800
2018-11-05,160.69415283203125,161.35990456091986,158.9061214639025,161.30284220020073,39573500
2018-11-06,161.91151428222656,162.8150354258485,160.46587174505285,160.70364123086375,34410400
2018-11-07,166.9902801513672,166.9902801513672,163.46177431897598,163.8517197893298,51169600
2018-11-08,165.9250946044922,166.72399673946987,165.13569802625221,166.2104064296268,40296500
2018-11-09,163.12889099121094,164.7742517504416,161.83542442295223,164.3748007604011,50602700
2018-11-12,158.1928253173828,162.29196968940957,158.0501548921141,161.98763223764374,62578400
2018-11-13,158.32595825195312,161.18869785148073,157.8789504241058,158.93464760080712,64128100
2018-11-14,157.11810302734375,160.44687645805993,156.21458171289518,159.89524940520806,75270700
2018-11-15,159.86668395996094,160.29466612115374,155.46320306230086,156.83274307565836,73254300
2018-11-16,159.30557250976562,160.07594340411362,157.66971711166647,158.3069376602296,65390700
2018-11-19,154.13168334960938,158.73489693842427,153.6371187743235,158.54468425940576,67280500
2018-11-20,151.37355041503906,153.48494435177815,149.4428635873815,150.62219080488902,102652800
2018-11-21,152.52439880371094,154.0461296539405,151.44017028942017,153.45646584281948,42965800
2018-11-23,151.421142578125,152.9713899297484,151.30700334387285,151.30700334387285,23503700
2018-11-26,154.92111206054688,154.99720005048064,152.8953110514232,153.54205170971017,42012600
2018-11-27,155.44424438476562,155.83418998253583,153.29479807375182,154.07468926929224,36608100
2018-11-28,160.44686889648438,160.44686889648438,155.47273461073758,156.56646859579268,70141000
2018-11-29,159.9237823486328,160.97947965734633,158.65886120185863,159.77162087661603,44885700
2018-11-30,161.08409118652344,161.17920480028232,159.3436165432954,160.1425331668902,36722800
2018-12-03,163.8992919921875,164.83134447400948,161.21724476337496,164.64113175498665,50771700
2018-12-04,157.6126708984375,163.49984692107444,157.42245817244307,163.04331896392694,70594700
2018-12-06,158.7254180908203,158.74444371561256,153.85590302957843,154.4360612311951,71715500
2018-12-07,153.48500061035156,158.94418004999903,152.9904358956336,158.0311531283826,80432200
2018-12-10,155.09234619140625,155.76760366119333,151.6113961114992,153.19969513967135,73960800
2018-12-11,155.6058807373047,157.6602128134887,154.29338838102612,157.62216156450415,59058300
2018-12-12,156.9754638671875,159.40071624229287,156.88987030992897,157.87898527806541,53780000
2018-12-13,157.02296447753906,158.65881959925514,156.00530417559963,158.00257353722643,46378500
2018-12-14,153.19967651367188,155.7961159076902,152.83826215770762,155.225477701343,56547400
2018-12-17,149.7282257080078,153.76080227549264,148.52987246728253,152.54342340838417,74834100
2018-12-18,150.66978454589844,152.12493281692863,149.35729217896943,150.88852843628678,63642100
2018-12-19,146.97007751464844,152.8572524697758,145.83829240859995,150.44150629955678,81856500
2018-12-20,144.83969116210938,148.24455282360742,143.0326484061245,146.60869717590887,99002100
2018-12-21,140.35061645507812,146.55163584880017,139.54219418295008,145.56252090962968,141129400
2018-12-24,136.8701934814453,141.14321008091792,136.83204791481845,139.3309973127968,56163300
2018-12-26,145.4161834716797,145.49247457462891,137.4328769591911,138.37714308861678,98982100
2018-12-27,145.9789581298828,146.1029421188032,140.28477622295628,143.42276892199308,85824300
2018-12-28,145.90261840820312,148.40156686060485,144.71036978719985,147.02809412059847,77856600
2018-12-31,147.13304138183594,147.8197778862638,145.65466444546112,147.333345593052,53015300
2019-01-02,147.72442626953125,148.55422692482603,143.90922943037037,144.01414792560016,58576700
2019-01-03,142.89822387695312,146.1792813761141,142.58346834879586,145.5497848736225,74820200
2019-01-04,149.0120391845703,149.746468615269,144.72949025645121,145.3017610220518,74709300
2019-01-07,150.7860870361328,151.52051637344098,148.8975690083016,149.3840012802801,52059300
2019-01-08,152.15003967285156,152.7127776606438,149.9372187289762,152.16910517649836,49388700
2019-01-09,153.38995361328125,154.05760996529122,152.10231921354867,152.74136276145944,46491700
2019-01-10,153.8287353515625,153.91457378750476,151.36793164447067,152.22635966535626,38943400
2019-01-11,153.26597595214844,153.42812004871712,152.40754805089085,152.92260770240918,30176600
2019-01-14,151.91159057617188,152.5697143004367,151.26299960377335,151.96881619500888,30710200
2019-01-15,154.87791442871094,155.0877514111575,152.52202930618645,152.6078677388727,40874200
2019-01-16,154.84925842285156,156.21318387446902,154.7920182632074,155.13538645199066,33812200
2019-01-17,156.0701446533203,156.76641389119584,154.1053209207447,154.35330343666539,39329000
2019-01-18,157.61534118652344,158.34977075456587,156.25141511398186,157.16705433170222,57183200
2019-01-22,154.45826721191406,156.55662284593933,153.33277642444799,156.4803171523973,56711700
2019-01-23,154.65850830078125,155.9556755755417,152.91306886735308,155.24987360136063,38106100
2019-01-24,155.66000366210938,155.88892067585596,154.57267331599573,155.1640240759011,32417800
2019-01-25,157.51992797851562,157.99682756616335,156.37537187892516,156.90949708847936,36515900
2019-01-28,155.5741729736328,155.58370572533082,154.27700560555388,155.4883345468926,33491200
2019-01-29,154.10533142089844,155.698174211214,153.5521261826264,155.66001409612232,30784200
2019-01-30,158.0254364013672,158.59772171367456,155.3643431729241,155.8507755007113,41346500
2019-01-31,160.39083862304688,161.1824935162581,158.77891603177008,158.99828572025933,37258400
2019-02-01,159.71365356445312,160.81053124237906,159.27491413633797,159.59920233169595,32143700
2019-02-04,161.697509765625,161.697509765625,159.59915531163927,159.74221931043715,26718800
2019-02-05,163.12826538085938,163.31902229766385,161.85017802906748,161.91693640073012,28156400
2019-02-06,162.64183044433594,163.452550966172,161.9074010449389,163.1664228724767,27970000
2019-02-07,160.45761108398438,161.62124709637905,159.236749456852,161.22065323939674,42036200
2019-02-08,160.77239990234375,160.80101271565388,158.87434870160448,159.05555833462807,29020700
2019-02-11,160.6197967529297,161.74528749810176,160.21920279225492,161.35422629107794,21434100
2019-02-12,162.9947052001953,163.23315494240134,161.5067811374405,161.7929237388512,29722100
2019-02-13,163.10914611816406,164.2060235953294,162.92793655073817,163.71957683750736,26094100
2019-02-14,163.3095245361328,163.89134271702895,161.98374403262494,162.52740208969215,30326800
2019-02-15,163.9962158203125,164.58756659152394,163.2331736470539,164.54942103207952,32521700
2019-02-19,164.32054138183594,164.81652109031685,163.46212783784634,163.49074065239117,19487700
2019-02-20,164.29190063476562,165.083555661496,163.4048744270413,164.43496468316638,32593000
2019-02-21,163.6909637451172,164.30139446338114,162.82301780073774,163.85310781283238,25207400
2019-02-22,164.90232849121094,165.01677972784492,163.958062127522,164.043915108817,27735400
2019-02-25,165.50323486328125,166.5905653271091,165.38876906710658,166.16135861445971,32608800
2019-02-26,165.67491149902344,166.1995039487937,164.82603082714797,165.10264073421786,21939700
2019-02-27,165.57000732421875,165.7703115692021,163.8245529607007,164.91188351704392,25162000
2019-02-28,165.18849182128906,165.77984268970548,164.7211249568114,165.05496051055565,25085500
2019-03-01,166.33303833007812,166.5810208773716,165.17893491920748,166.380731199817,31431200
2019-03-04,166.36167907714844,167.66837951526017,164.50177327557478,167.429929680345,38063500
2019-03-05,166.48565673828125,167.00070191332733,165.6653888270441,166.48565673828125,22319900
2019-03-06,165.54136657714844,166.67638981494278,165.2743039981167,166.64777700674787,27194600
2019-03-07,163.5098114013672,165.17896022116304,162.8993804151376,165.12173459023882,39407400
2019-03-08,163.26181030273438,163.3476487393869,161.51635598836077,161.67850010886704,39303200
2019-03-11,166.6573486328125,166.77181444611148,163.91041652861793,163.93902934348708,30518400
2019-03-12,167.57296752929688,168.00217421691826,166.6954740968342,167.09606797553548,33953500
2019-03-13,168.83193969726562,169.70943294737117,168.20244347802267,168.4408932053497,42426100
2019-03-14,168.54586791992188,169.14675153673656,168.49817504777562,168.94646184907205,23751500
2019-03-15,170.110107421875,170.61561987600592,169.08953520636638,169.20398646275163,38192000
2019-03-18,170.51522827148438,171.03122536804142,169.69346753797063,170.03746074223938,32935100
2019-03-19,171.0885467529297,171.9963020979407,170.36233081267514,171.212756389836,36893300
2019-03-20,171.76693725585938,172.8180314099396,170.31453479969974,171.09806578521946,50105000
2019-03-21,174.45204162597656,174.70047549084748,171.23187858273474,171.25099336628108,42428500
2019-03-22,170.6203155517578,174.16535657367788,170.43876158137485,173.6971392069168,70794500
2019-03-25,170.29544067382812,170.88786767962932,169.06279241815662,169.99922717092753,46336500
2019-03-26,171.0885467529297,172.655623588832,170.2190063930497,171.6140939254015,33248100
2019-03-27,169.98968505859375,171.72876590436545,168.7475011176805,171.34655770413187,37096700
2019-03-28,170.3814239501953,171.0216305770358,169.3590091993712,170.4292036107696,30368200
2019-03-29,171.67144775390625,171.8338869790175,170.64901814958884,171.70011264184888,35205500
2019-04-01,173.94561767578125,174.15583658171408,172.73209849553507,173.43918519702754,30969500
2019-04-02,174.60491943359375,174.77692332812634,173.69716403224567,174.13671658022173,22645200
2019-04-03,175.60816955566406,176.6974785525106,175.06352234739214,175.5890547787923,31633500
2019-04-04,175.54135131835938,176.2962175962545,174.5284719128952,175.65601085922754,28530800
2019-04-05,176.4490966796875,176.55420611294767,175.83755486262106,176.04777372914143,25674700
2019-04-08,176.898193359375,177.04151777250735,175.46489090682536,176.162427351247,22697500
2019-04-09,176.2770538330078,176.87904541591425,175.90439584842375,176.2961686112773,25631900
2019-04-10,177.22311401367188,177.28044379259686,176.3153584933027,176.5064626164894,24563000
2019-04-11,176.8026885986328,177.51934004609427,176.4778101083916,177.51934004609427,20654100
2019-04-12,177.56704711914062,177.6817066381513,176.83128118477705,177.58616189907744,24989100
2019-04-15,177.59573364257812,177.79640240560744,176.41086500728213,177.57661886031178,21073000
2019-04-16,178.20729064941406,178.59906352759558,177.66262866067763,178.24550563689877,27195700
2019-04-17,178.82833862304688,179.57365462827644,178.30280612779092,179.40166535644093,29651600
2019-04-18,179.05770874023438,179.43991692022186,178.00661437480764,179.1246031909013,28580900
2019-04-22,179.56410217285156,179.63099660900178,178.14035003779625,178.27413891009672,17936000
2019-04-23,181.84786987304688,182.0676388482422,179.76481049878774,180.02279445998366,33665600
2019-04-24,181.27456665039062,182.23010173148836,181.21722229806582,182.00076806311395,24977100
2019-04-25,182.01026916503906,182.71737018359985,181.02606946289478,182.6313755487261,29517500
2019-04-26,182.17274475097656,182.21097431654303,180.20434495321368,181.72364212756767,26359500
2019-04-29,182.5262908935547,182.81295429565574,181.87651954343855,182.17273304616398,21716200
2019-04-30,181.1121063232422,181.40833443515652,179.8412575418928,181.05477655329352,31495300
2019-05-01,180.5292205810547,182.8129632285239,180.40501094564308,182.29696616346737,34797100
2019-05-02,179.74569702148438,181.40833324058593,178.5608283225526,180.47189840323168,44110100
2019-05-03,182.61228942871094,182.74606374183256,180.91143834174744,181.23631673357045,30386200
2019-05-06,181.4942626953125,181.74269646764319,178.4556547768561,178.73276800397727,38371800
2019-05-07,177.95883178710938,180.28077468379348,176.30574584947436,179.51634381868504,58818100
2019-05-08,177.50975036621094,178.84749360442865,176.735769308363,177.37597604238917,37165300
2019-05-09,176.55421447753906,177.16575632357845,173.99337297328762,175.5317849800862,55351700
2019-05-10,176.7739715576172,177.62439710784426,172.98049651506432,175.92354600739012,58526400
2019-05-13,170.63938903808594,173.2002150439816,170.14250690996346,172.2733452155023,67185800
2019-05-14,172.5122528076172,173.5537968594751,170.90696128232068,171.53761777310336,43360600
2019-05-15,174.94886779785156,175.3884202331575,171.33694732189713,171.3751768799086,40944500
2019-05-16,176.70704650878906,177.79637019602526,174.81509165576068,175.02531048168652,39281200
2019-05-17,174.90110778808594,177.32817468380844,174.74823327977984,174.95845213154496,44702300
2019-05-20,171.9485321044922,173.12383615246043,171.3656551313797,172.46452920478615,38608300
2019-05-21,173.7449188232422,174.22268629030924,172.8753785339067,173.42959054534123,31613800
2019-05-22,172.97097778320312,173.97429261168213,172.71297920895208,172.7798736683284,24332600
2019-05-23,170.3241424560547,171.05990861254506,169.2634978440837,170.98346405002442,45351300
2019-05-24,170.23809814453125,171.85295442860644,170.0278793039827,171.24141268709388,25903300
2019-05-28,169.59793090820312,171.67144033486144,169.57881612363104,170.71590523057787,24763800
2019-05-29,168.20285034179688,169.12972059850722,167.30464497300053,168.546843577074,42178800
2019-05-30,168.909912109375,169.387679569993,167.95437718813898,168.65191359815566,30354800
2019-05-31,166.2152557373047,167.49566871745446,166.13881121277754,166.92235665395418,45446200
2019-06-03,162.55560302734375,166.215303680486,161.74340705803945,165.7662010820386,75842300
2019-06-04,167.13259887695312,167.1899286333084,163.7499974489504,164.38065392946675,47797800
2019-06-05,168.3748779296875,168.75708620916697,166.62624661946185,168.72842131722157,34412700
2019-06-06,169.7126007080078,170.12347382912404,167.91618993772786,168.6615061976718,29913200
2019-06-07,172.9900360107422,173.68758700221593,170.40054453489006,170.62031348465143,45888300
2019-06-10,175.0062255859375,176.63064671461476,174.1080349530622,174.14624993689034,41385300
2019-06-11,175.24508666992188,177.15615638095835,174.6526597251981,176.8312780293553,41260300
2019-06-12,174.23226928710938,175.13047462763237,173.9073908474377,174.76736661840593,27758100
2019-06-13,175.26422119140625,175.69420900876264,174.6144644150111,174.95845758495747,23715800
2019-06-14,174.51893615722656,174.9680388362882,173.85006447999933,174.36604703662917,22844100
2019-06-17,175.56997680664062,176.05729432628678,174.70998670218293,174.90109075418312,20379500
2019-06-18,178.1212615966797,179.3730099644778,177.18482691058963,177.64349415368466,48177300
2019-06-19,178.7901611328125,179.19148409821398,177.3186435930071,178.36017328276145,31672900
2019-06-20,180.45278930664062,181.32231506946127,178.83793283520566,181.28410008506648,40922000
2019-06-21,180.1852264404297,181.33186542567978,179.8030037251425,180.2425562026463,39980400
2019-06-24,180.1909942626953,180.72727463527062,180.09522364793077,180.54531923474454,19375200
2019-06-25,177.09776306152344,180.17181827675842,176.82962290342388,180.0664764566091,33921100
2019-06-26,177.92135620117188,179.39614181275167,177.63407358694303,178.27569577962734,22595700
2019-06-27,178.60125732421875,179.02262455886154,178.11286236363244,178.56295785404262,19709200
2019-06-28,178.8311309814453,179.2237554202281,178.18950879667798,179.03222880892415,21179200
2019-07-01,181.24436950683594,182.49890006809434,180.40164960190154,182.2594881813151,31025600
2019-07-02,181.96266174316406,181.98181879157445,180.66984592011792,181.1869693268271,18035800
2019-07-03,183.3321075439453,183.3321075439453,182.23080374410003,182.42234500497509,15792100
2019-07-05,182.95860290527344,183.29377084538314,181.36890415632922,182.0775687415627,21415600
2019-07-08,181.6753387451172,181.82855126074557,180.92836014841646,181.77109474081703,17598800
2019-07-09,182.58509826660156,182.8149243427829,180.6602172033248,180.81344432914102,19193500
2019-07-10,184.40464782714844,184.91219996406264,183.36081528991318,183.69599784638632,28374500
2019-07-11,184.2705078125,185.15154165197274,183.68634232395902,184.6823037859991,23736100
2019-07-12,185.3335418701172,185.3431130857573,184.29928069180838,184.47166486113133,20211900
2019-07-15,185.92726135253906,185.96557543660745,185.2473397920122,185.76446302660247,15606100
2019-07-16,184.96963500976562,185.86982612542462,184.40462641165396,185.69745656500137,20190900
2019-07-17,184.0598602294922,185.2952337791448,184.04070318655974,184.96962249946242,16765100
2019-07-18,184.2705078125,184.62483266844572,182.61378193025993,183.18836159293897,28877000
2019-07-19,182.92018127441406,185.62075331658963,182.72865476230015,185.5345685780188,29387900
2019-07-22,184.37588500976562,184.76852401946778,183.3320526681555,183.3320526681555,18954900
2019-07-23,185.58251953125,185.60167657450975,184.14604815016145,185.38142172092142,23786700
2019-07-24,186.8849639892578,186.89454981937246,184.85475531119272,184.87391235887614,20422900
2019-07-25,185.1132354736328,186.2815664083492,184.75889601799662,186.25283815688394,23434700
2019-07-26,187.01902770996094,187.26802548370264,186.1954500382557,186.29122066085566,20431200
2019-07-29,186.37733459472656,186.91361480728855,185.1994323698108,186.84658708698822,20451700
2019-07-30,185.57296752929688,186.30077451055368,184.81643228644728,184.95050237806154,18705000
2019-07-31,183.0064697265625,186.19542350659054,181.30185809750657,186.0709392500033,41627500
2019-08-01,182.09671020507812,186.7221504993248,181.21567604606133,183.32249813175756,63251600
2019-08-02,179.41531372070312,180.9858554629487,178.32359585856344,180.72728647617888,55214000
2019-08-05,173.0756378173828,175.7378968404158,171.6104382332151,175.66128328282338,75040000
2019-08-06,175.4984893798828,176.01562725354177,173.40125346461988,174.67491188066572,41897200
2019-08-07,176.44656372070312,176.69554682690372,172.27121975589063,173.59277807062637,49990600
2019-08-08,180.2867431640625,180.34421429818417,176.7530355741208,177.2414306200777,38418100
2019-08-09,178.59173583984375,180.03777869544516,177.19356368215713,179.42488471417525,33608900
2019-08-12,176.5423583984375,178.02670063548544,175.72835201276126,177.49042026435274,24642900
2019-08-13,180.41123962402344,181.6465986590672,176.22632408287478,176.38912242935072,40241900
2019-08-14,175.01966857910156,178.07456673429144,174.69407190497003,177.50955816226156,51000500
2019-08-15,174.818603515625,175.81455076792832,173.48747369845916,175.2495420900587,36685000
2019-08-16,177.62448120117188,178.07457676357387,176.30293738687163,176.40827921238153,32781400
2019-08-19,180.44949340820312,180.8325611375106,179.55888833607526,180.19093913002777,22494100
2019-08-20,179.0513458251953,180.6506153214944,179.0034605299386,179.99942206613258,19902900
2019-08-21,180.6410675048828,181.21564728476403,179.99944538045042,180.62191046179072,20418500
2019-08-22,180.05691528320312,181.4359302375064,178.63958623986724,180.97624884437633,24243700
2019-08-23,174.35885620117188,180.46863622352978,173.87044671136803,178.83106747399782,55372400
2019-08-26,176.99244689941406,177.04031759220717,175.3261347164842,176.3412388944307,27598900
2019-08-27,176.61892700195312,178.52465084779473,175.92943422366474,178.22778245140378,28012800
2019-08-28,177.25100708007812,177.54787552537647,175.1633421340806,176.04437625361072,21792400
2019-08-29,179.9611358642578,180.47827375307992,178.77364757561327,179.45358380349634,25358900
2019-08-30,179.5301971435547,180.9666685467756,178.5150930232854,180.92835445966577,26319800
2019-09-03,177.7872772216797,179.25247693116827,177.1935403652327,178.3331433865112,27964200
2019-09-04,180.35379028320312,180.50701741982527,178.98434649502659,179.5014844279904,21592100
2019-09-05,183.65765380859375,184.18436290608233,182.27863893973,182.34568128511157,33932600
2019-09-06,183.47572326660156,184.03116069800606,183.0735129774903,183.96413295609312,19487800
2019-09-09,183.09262084960938,184.12688186349675,182.1637016411885,184.0502683129265,24407600
2019-09-10,182.56594848632812,182.66171909690937,180.90922213358658,182.10628170313407,23744700
2019-09-11,184.2801513671875,184.37592198816628,182.48935473273653,182.9107220849709,25063600
2019-09-12,185.0462188720703,186.46354766658786,184.79723578724256,185.4101295912763,28689900
2019-09-13,184.385498046875,185.20907572626464,184.1460861006867,184.7781371456348,27669800
2019-09-16,183.5618896484375,183.9449574657598,183.01603810099996,183.1979934876602,20319000
2019-09-17,184.44290161132812,184.44290161132812,183.18837119840458,183.5810101533072,20953400
2019-09-18,184.3663330078125,184.44294657470496,182.05839862251256,184.0598787402427,29781300
2019-09-19,184.6727752685547,185.8219495630687,184.3184503026534,184.69193231368405,26039400
2019-09-20,182.7191619873047,185.12285216312398,182.10626811792028,184.93132556879306,29086100
2019-09-23,182.79974365234375,183.34671054340487,182.05127343237203,182.665403219067,22485900
2019-09-24,180.37200927734375,184.03759229479587,179.58514771575972,183.63457099813417,40820700
2019-09-25,182.39674377441406,182.876533184182,178.6831784282538,180.18970956107947,34704900
2019-09-26,181.72503662109375,182.31997078769447,180.38161752482029,182.15684414982042,26826000
2019-09-27,179.47006225585938,182.15688643003136,178.24180228629743,182.06092267159124,40773500
2019-09-30,181.17811584472656,181.4659924845654,179.82510588689388,180.19934112608013,26307700
2019-10-01,179.7003173828125,182.88611123262802,179.40285031175853,181.84017390472542,32367600
2019-10-02,176.6104736328125,178.51043547705805,175.6221086817851,178.48164928563085,48544300
2019-10-03,178.54885864257812,178.6831991071799,174.47064818758136,176.59130942465268,39392500
2019-10-04,181.17811584472656,181.43720628478292,179.32613532932163,179.5180482085428,31887600
2019-10-07,180.63111877441406,182.07048697593837,180.31445601303744,180.65990496708372,21216000
2019-10-08,177.9250946044922,180.26646915691148,177.7811636451263,179.49880320893644,32379300
2019-10-09,179.66192626953125,180.4775740684059,178.89426033682744,179.431636739127,20147400
2019-10-10,181.0533447265625,181.77302892105075,179.5564039447489,179.70994008698938,25177700
2019-10-11,183.38511657714844,184.84368054456394,183.01088140731284,183.11643566762604,40976700
2019-10-14,183.3659210205078,183.9512647113539,182.943703978978,183.12602630527599,14975000
2019-10-15,185.69769287109375,186.1295004012856,183.81691198673334,183.93205675691505,23234200
2019-10-16,185.2371063232422,185.7073052602141,184.65176260252704,185.0643891476273,20457100
2019-10-17,185.72650146484375,186.6380985034246,185.016407798385,186.35022190123797,19045200
2019-10-18,183.94163513183594,185.84159677323095,183.00125214759112,185.3905936330097,27700800
2019-10-21,185.5729522705078,185.69770220581594,184.37347871411797,184.92044568399712,15801200
2019-10-22,184.0951690673828,186.5612785734301,184.03758204934363,186.30218823928232,22392300
2019-10-23,184.45022583007812,184.4886025370391,183.42346955425552,183.72095126174352,14828400
2019-10-24,186.24465942382812,186.35981884483283,184.94923673412043,185.76486998867455,18998500
2019-10-25,187.73196411132812,187.82792783191022,185.24665895353695,185.285035656565,21507100
2019-10-28,189.5840301513672,189.83351542036496,188.6052554711222,188.6052554711222,18818700
2019-10-29,188.11581420898438,189.55518235312437,188.08702801746236,189.26732043790432,18569700
2019-10-30,189.0274200439453,189.34408278314308,187.39612448286428,188.48045313751024,21764300
2019-10-31,189.1138458251953,189.66079828400265,188.01992626556589,189.57443968135118,26801800
2019-11-01,190.83145141601562,190.84105657591633,189.64158294929177,189.92944490607204,22131900
2019-11-04,192.01173400878906,192.42434588669738,190.83144147939979,192.09809259132643,19015900
2019-11-05,192.1173095703125,192.4435629018588,191.48398394412527,192.25165003871467,15048900
2019-11-06,191.68544006347656,191.91574422767312,190.7546475326116,191.89654855348775,19725500
2019-11-07,192.3283233642578,193.56618790368196,191.7717806855477,192.64498604545918,17832400
2019-11-08,193.09605407714844,193.11524975452707,191.4743634259289,191.98295370338664,15258800
2019-11-11,192.8369140625,192.91366746241457,191.85813983051068,192.11723014174456,10147600
2019-11-12,193.39356994628906,194.03650084347103,192.7026864485999,193.00015363391415,14778300
2019-11-13,193.44149780273438,193.62382012784715,192.5970783671755,192.7218136617174,15774600
2019-11-14,193.28793334960938,193.41268326788312,192.12685130509388,192.71219490636497,16945400
2019-11-15,194.7081298828125,194.7081298828125,193.83490969633576,194.4586300340992,18427900
2019-11-18,194.86170959472656,195.16876725305826,193.61425399809855,194.40110114420924,18365900
2019-11-19,195.14952087402344,195.60052404672632,194.4010506389015,195.60052404672632,16923300
2019-11-20,193.9788818359375,195.22633741831274,192.51072719146924,194.64099366422968,36629000
2019-11-21,193.5470733642578,193.9021275361379,192.94254857583715,193.76777242536335,17883600
2019-11-22,193.6717987060547,194.14199760798192,192.62586128630974,194.0268381908095,17189600
2019-11-25,195.9652557373047,196.003632460926,194.47790512220476,194.5066913254247,17752800
2019-11-26,196.3394317626953,196.5889169959748,195.8020699420863,196.0899465294158,14780600
2019-11-27,197.7115936279297,197.72119878604485,196.60808395337554,196.84797863410552,16963100
2019-11-29,196.80966186523438,197.51015044653414,196.71369810691328,197.2126832945581,9854600
2019-12-02,194.79446411132812,196.88633852041892,193.62377699801763,196.81917562939714,28007000
2019-12-03,193.2687530517578,193.34552110621718,191.1768638332651,192.11726151888558,31104100
2019-12-04,194.24754333496094,194.7081517341193,193.96927190556286,194.25714849453396,15300100
2019-12-05,194.6313934326172,194.9384510721169,193.68140503395335,194.9384510721169,14962300
2019-12-06,196.71363830566406,196.85756925737667,195.8979905339344,196.0515266437674,16555300
2019-12-09,195.82125854492188,197.2798078218805,195.73488532243528,196.3586203461183,13984100
2019-12-10,195.6581268310547,196.59852467116528,195.2167287479112,195.91721722716775,21799800
2019-12-11,196.69447326660156,196.89599127239498,195.79246678335682,196.09953905084933,18780800
2019-12-12,198.16259765625,198.93986872446516,196.2242591698139,196.49294004203296,32612000
2019-12-13,198.81515502929688,199.5060530100325,197.63487707971188,198.05707949726184,32519400
2019-12-16,200.81106567382812,201.0605508982805,200.05299019928162,200.12016774548667,21296600
2019-12-17,200.92623901367188,201.23331131081846,200.59038051891943,201.0701700017012,15996100
2019-12-18,201.07977294921875,201.63633050016185,200.8686644077571,201.0989686280824,15443300
2019-12-19,202.33680725097656,202.40397016006767,201.14692414496196,201.16611982270743,17865900
2019-12-20,203.15245056152344,203.92970710943695,202.7302335127774,203.2963815363179,27672600
2019-12-23,203.68907165527344,204.01603232393583,203.51598000966078,203.87178928592527,23774700
2019-12-24,203.79483032226562,203.95831063698176,203.33323798225788,203.87176482455956,7089000
2019-12-26,205.59310913085938,205.61234642306343,204.09292316154423,204.121771762973,17067500
2019-12-27,205.4199981689453,206.33357136687994,204.87184544593265,206.3143340764883,18134100
2019-12-30,204.07371520996094,205.4392695794999,203.0639700661189,205.31424918182017,21815500
2019-12-31,204.45835876464844,204.6026017720887,203.1024157996918,203.41976508981494,18170900
2020-01-02,207.8722686767578,207.8722686767578,205.77584386451167,206.1797389919156,30969400
2020-01-03,205.9681396484375,207.20868810867748,205.1026523251914,205.1218896159034,27518900
2020-01-06,207.29522705078125,207.3240756490185,204.10252656458383,204.3525526405577,21655300
2020-01-07,207.26641845703125,207.85303119066577,206.61249720576953,207.37220156223603,22139300
2020-01-08,208.82431030273438,209.77635828853565,206.9106176944784,207.23757833348864,26397300
2020-01-09,210.59375,210.99764509645493,209.3628274183027,210.54566410604605,23547000
2020-01-10,210.05520629882812,211.43999785696082,209.68015980798006,211.4207752385872,21898500
2020-01-13,212.4785614013672,212.50740999859207,210.5840919235876,210.92067845621435,22756900
2020-01-14,211.64195251464844,212.72863207553425,211.31499191759136,212.37280820343855,24418100
2020-01-15,211.72853088378906,212.71903881023817,211.0361349989645,211.75737948951036,25742100
2020-01-16,213.75759887695312,213.7960734610094,212.33434741571384,212.7863283989713,18805000
2020-01-17,214.81546020507812,214.98855183654163,213.60376008980765,214.7192884050941,24325200
2020-01-21,214.7192840576172,215.2578109096086,214.12305999630613,214.2192171205868,21146300
2020-01-22,215.28663635253906,216.5175589314489,215.0173729555122,215.80594052805844,20736400
2020-01-23,215.9790496826172,216.07522147811991,214.1615142681597,215.1616481158672,26496100
2020-01-24,214.1614990234375,217.219582882919,213.17099123004135,216.9887793943953,37436500
2020-01-27,209.73789978027344,210.87265071401254,208.85316030891792,209.32437864977507,42264400
2020-01-28,212.95947265625,213.44992834481982,210.66110726143245,211.21887147810995,26731900
2020-01-29,213.30564880371094,214.3827025332912,212.36322679032824,214.14228770624155,28924500
2020-01-30,214.06536865234375,214.16152577925908,211.26693653361582,211.93048380648497,39568100
2020-01-31,210.67071533203125,214.98855630927508,209.9206075588143,214.95970770343098,52015800
2020-02-03,213.853759765625,214.3442006341921,211.5553950561575,211.69963805463203,25408600
2020-02-04,218.7486572265625,219.12370379246988,216.03677077018796,216.7772525908924,30691200
2020-02-05,219.46987915039062,221.4220462890494,218.15241064983184,221.3835863748112,38534800
2020-02-06,221.3643341064453,221.4220313107776,219.23906081309056,220.01800241908666,22467100
2020-02-07,220.4122772216797,221.6047398663341,219.77757865240778,220.37381731161216,25884900
2020-02-10,223.07606506347656,223.08567637203146,219.62371237806624,219.68140957690264,21478900
2020-02-11,223.11453247070312,225.0474767392129,222.52791980656025,224.30699509049882,30198000
2020-02-12,225.28787231445312,225.39365539810635,223.87423232097493,224.43199633716895,24471300
2020-02-13,224.99942016601562,225.92260484623094,223.45114815718523,223.72041157839433,22773200
2020-02-14,225.6437225341797,225.8552887399871,224.5955174887056,225.3552218286464,23438500
2020-02-18,225.73028564453125,226.1534180885765,224.30703397490714,224.54744880231863,24394500
2020-02-19,227.89404296875,228.3652613624006,226.80737781314966,227.07664127416197,22230500
2020-02-20,225.7783660888672,227.86516497952084,222.98956002778772,227.3939613203851,42604000
2020-02-21,221.44129943847656,225.03789596438483,220.52772600390787,224.65323809943703,66017200
2020-02-24,212.90174865722656,215.6520948010599,211.81506896887007,213.18062339360463,84522600
2020-02-25,207.11256408691406,215.4020774448583,206.50672869044368,214.69044426195268,97743000
2020-02-26,208.17999267578125,211.8343008016856,206.6605692828195,208.40118487087628,79537700
2020-02-27,197.75559997558594,208.12228511788928,197.62096827271532,202.81392215344522,121822600
2020-02-28,197.90951538085938,199.22698411602033,190.57204916939753,191.02403027939962,148173700
2020-03-02,208.12229919433594,208.2665568902968,198.04411406904273,200.87139469430537,112933900
2020-03-03,201.44837951660156,211.1899926050038,199.6596926897097,208.78584443303924,131953500
2020-03-04,209.853271484375,209.95905458316716,203.26590010471475,205.14114728091698,73086200
2020-03-05,203.47747802734375,208.0645967774668,202.04461513012131,204.535309076221,78705500
2020-03-06,200.04434204101562,201.13100691077915,195.1302631595054,196.82277799406262,89828400
2020-03-09,186.14837646484375,193.4473661957579,184.74434759089254,186.06181598568404,116424000
2020-03-10,196.2842559814453,196.46697357359935,186.25414309527702,193.3992784390246,100599200
2020-03-11,187.735107421875,193.0530815453381,185.34057076673108,191.70676455474796,89168800
2020-03-12,170.52142333984375,183.46534848228632,170.1559881333428,175.10852734576406,137820700
2020-03-13,184.9655303955078,187.02348053426638,171.30036113041734,179.89759688374923,134882000
2020-03-16,162.8089141845703,177.5992234918401,162.67428247633464,167.4729527492574,92054400
2020-03-17,175.1566162109375,177.3203495358263,163.27050722593142,168.74235073756225,121257100
2020-03-18,169.82899475097656,172.34853677604087,160.40473309007393,165.03031079051755,114156300
2020-03-19,170.84835815429688,176.45483243292298,165.04955499162978,168.95388856529914,120896500
2020-03-20,164.15524291992188,175.85863507852844,163.5782561324196,174.77197002554195,118983900
2020-03-23,164.2737579345703,167.88766482176584,158.9444363829632,164.71705561125242,124639800
2020-03-24,176.9947052001953,177.15853387926037,171.4919232397234,173.38079835457728,94881800
2020-03-25,175.68411254882812,182.63244457880842,173.44830113336462,177.72717044535042,88754900
2020-03-26,184.9356689453125,185.7259170321689,176.9465313596692,177.19709029439093,79887600
2020-03-27,178.5752410888672,183.5961556319805,177.95846805367586,180.1460764115252,58845000
2020-03-30,185.07058715820312,185.504267778362,179.57745125479065,180.27132260101388,49356900
2020-03-31,183.4900665283203,188.1640579733026,182.3336194331253,184.7621686265507,62659300
2020-04-01,175.69371032714844,180.84955715500794,174.29633581554035,178.06443992386247,53715400
2020-04-02,179.2593994140625,183.20097806074327,174.40231540673045,174.6625207997197,56465300
2020-04-03,176.7152557373047,180.28098961311582,174.71073992066857,178.816148303838,47487600
2020-04-06,189.3494873046875,190.47702475508743,182.32405712757156,183.5672349200551,64763500
2020-04-07,189.27235412597656,195.30517908530896,188.8868765863819,195.02569536983114,69904500
2020-04-08,193.291015625,193.86923188619517,189.05068951778046,190.95882817826586,45940400
2020-04-09,193.57052612304688,195.84487919687098,191.8069374734054,195.00645735057637,68252600
2020-04-13,195.66175842285156,196.037604193532,191.53708673768247,192.74172250332825,42853900
2020-04-14,204.17132568359375,204.78809866313102,198.92874800501315,199.7093496988776,63959600
2020-04-15,201.8295135498047,204.14242333953956,199.60334872214327,200.91399319148454,47036000
2020-04-16,205.5108642578125,206.5902132120809,202.08006390600804,204.0074811557882,64657400
2020-04-17,207.47682189941406,208.6525475897785,204.38332547044286,208.3248901888642,62863200
2020-04-20,205.0193634033203,208.04540767957292,204.85553471347845,205.61685800215838,38249100
2020-04-21,197.45425415039062,203.4967111801459,196.2399866101397,202.95703671781217,72932800
2020-04-22,203.3135986328125,204.64352116792185,200.7694085906636,201.51146830858954,40089100
2020-04-23,202.8798828125,206.65761772130017,202.47512707638094,204.10378181039974,43278500
2020-04-24,206.0794677734375,206.52278025187658,201.8969754858958,203.3136284711967,34231900
2020-04-27,207.7369842529297,208.76815931870843,206.71545568254697,208.3441252619405,36451700
2020-04-28,203.8243408203125,209.43313115803485,203.54487183502485,209.43313115803485,46862800
2020-04-29,211.05215454101562,211.98695293159466,207.33223926547072,208.34413609811057,48716400
2020-04-30,210.96546936035156,212.05445016258292,209.46208618167458,211.9677199111271,43359500
2020-05-01,205.0193634033203,208.80673096825288,203.99781998220683,206.71548516729402,48795000
2020-05-04,207.40940856933594,207.63105747534738,203.45819661766978,203.7858687846341,32841000
2020-05-05,209.7608184814453,212.1508117043005,208.9802168642444,209.5488014119554,37783100
2020-05-06,211.05215454101562,213.01811334598153,210.19445459249738,211.43763204629545,36455200
2020-05-07,213.7698516845703,214.64681534695148,212.42065080278329,213.7698516845703,38624800
2020-05-08,216.69947814941406,216.83439674140777,214.40584738049736,215.43702245896787,31852300
2020-05-11,218.6365509033203,219.65807959889403,215.1479307078647,215.3792260503631,35714100
2020-05-12,214.0589599609375,219.8219482574798,214.03004987793034,219.2340853946227,41054100
2020-05-13,211.37985229492188,216.45860101063872,208.84530853844777,214.57937207940446,65521200
2020-05-14,213.77951049804688,213.81805237724313,208.15145501357964,210.05959419190367,51549300
2020-05-15,215.16717529296875,215.2249954432803,210.4064535170125,210.840119349372,55747200
2020-05-18,219.1762237548828,220.38085941647813,217.28736327231547,218.0679648282252,42398100
2020-05-19,218.62692260742188,221.50841647055782,218.48237220668994,219.43643426157178,36237300
2020-05-20,222.99252319335938,223.34909065508415,221.1518363138668,221.17111460248114,37417000
2020-05-21,220.56399536132812,223.7153267834016,220.0532309501239,223.04073366530423,43642900
2020-05-22,221.32533264160156,221.52770322379243,219.24371842319027,220.159238701974,28762400
2020-05-26,220.72779846191406,225.09341169514155,220.4868713258984,224.8910264306772,33055300
2020-05-27,221.93243408203125,222.0480891067048,215.8128936519016,220.39050923496274,55665600
2020-05-28,221.64329528808594,224.9969963282085,220.73740705939804,220.79522720931038,42784300
2020-05-29,224.89097595214844,225.1222712446166,220.4579117624855,222.01912925285697,50691800
2020-06-01,225.56558227539062,225.9414279573982,223.58034535478544,224.0236576821645,25776000
2020-06-02,227.07864379882812,227.13646395735796,223.59000894893595,225.98964846309943,33383400
2020-06-03,228.1001739501953,228.85186542597955,226.8088080512865,227.68577163635135,37228700
2020-06-04,226.50039672851562,229.1602267672925,225.19938443382833,227.75322065950635,38716100
2020-06-05,230.99131774902344,231.5791805859278,227.0786631678352,227.64724771524354,47365600
2020-06-08,232.7838897705078,232.90916192918172,229.27598993205044,230.84682545335838,32937300
2020-06-09,234.47032165527344,235.31837528293485,231.74302436267436,231.92613136223463,35046300
2020-06-10,237.28433227539062,238.8262719148472,235.63638410190856,236.1567949798613,58084400
2020-06-11,225.527099609375,234.74978362953368,225.46927944389233,233.3716873354403,72919400
2020-06-12,227.319580078125,231.67553218630007,223.3298272237187,230.41307632417286,72034800
2020-06-15,230.08543395996094,230.76002705569684,223.0696363542541,224.0044348958548,45307400
2020-06-16,234.0366668701172,235.52077181815355,230.42275919581044,234.93290891493186,48890100
2020-06-17,234.7786407470703,236.59041728360728,233.9209408408419,235.53033213882,34749300
2020-06-18,235.41473388671875,235.655661034933,233.6897019757161,234.46065708598084,30578600
2020-06-19,235.376220703125,238.0360514498067,233.651173876831,237.77584598061165,49422100
2020-06-22,238.19894409179688,238.32443404274093,234.95525202842896,235.24485555414324,24068700
2020-06-23,240.22625732421875,242.45629299410982,239.24157581452485,239.79183727810704,32767400
2020-06-24,235.27386474609375,240.69932096311024,233.77751581371916,239.4732785143209,46032400
2020-06-25,237.51353454589844,237.81280136786128,232.7928051847421,235.3607313515807,36940800
2020-06-26,231.90464782714844,237.4459597314604,231.3833319883449,237.27218287499343,52824600
2020-06-29,234.4339599609375,234.44362323317083,229.13400867531567,231.66331125999352,34377800
2020-06-30,239.02915954589844,239.5697723992053,234.1829262155911,234.3663515902335,38909200
2020-07-01,241.8191375732422,242.81348230177014,238.52717331674657,239.06778621024566,34689200
2020-07-02,243.46031188964844,245.46831335527858,242.99693146853318,244.2615827675632,31956500
2020-07-06,249.44570922851562,249.96699563419133,246.5881499636739,246.6074617777872,34589000
2020-07-07,247.72731018066406,251.8495209802409,247.42804333316477,249.19471352189706,36578200
2020-07-08,250.9902801513672,251.01924050485286,247.6210980306953,249.04987754544018,30426300
2020-07-09,253.1044464111328,253.77056392899553,248.71195967038867,252.90172395910213,40312900
2020-07-10,254.83251953125,255.08352890114256,250.28556728698837,252.95967145096003,32885300
2020-07-13,249.5905303955078,260.4511066086535,248.76994763383044,257.6707943842964,64108100
2020-07-14,251.35708618164062,251.7625605194381,244.01051163338076,247.07077786178624,72230500
2020-07-15,251.86875915527344,253.59680530948566,248.5767951415403,252.76655948778497,54523900
2020-07-16,250.15032958984375,250.78748664726226,246.77148515459092,249.08840116081294,47594100
2020-07-17,250.44003295898438,251.2992097515547,248.26791806810806,250.60413180802655,35137900
2020-07-20,257.5452575683594,258.17275155686644,249.8318453849252,251.0771700900378,40610100
2020-07-21,254.86154174804688,259.11889149213675,254.02166183562383,259.10922821827415,43243800
2020-07-22,255.75924682617188,256.68603693469544,253.46162755655726,255.3538019322339,29865500
2020-07-23,249.07884216308594,256.05855262336553,247.66935970613696,255.35384085608533,51363500
2020-07-24,246.7136688232422,248.03624091926736,242.62044783212232,245.2462802089507,54054500
2020-07-27,251.11582946777344,251.5019774032771,247.57288459649874,248.3548437407833,36445700
2020-07-28,247.92037963867188,250.85515663227346,247.6307760865251,250.33384077721368,31302400
2020-07-29,250.7778778076172,251.6370840061481,248.98227708796074,249.45530598398364,27556900
2020-07-30,252.0908203125,252.6507302732044,247.669343486265,248.81815322095102,41774500
2020-07-31,256.58953857421875,256.74400361997266,251.82053708339816,256.70537999323545,53686300
2020-08-03,260.0552673339844,260.7986027529654,258.59752738982127,258.72303208186116,32081600
2020-08-04,261.0206298828125,261.1171742117583,258.80989143308284,259.5532267896991,24911300
2020-08-05,261.66741943359375,262.12115126200456,260.61515401476714,261.5033205903856,21612100
2020-08-06,265.1332702636719,265.46149752894496,260.8372965299326,261.47445397235794,28048200
2020-08-07,262.0729064941406,265.36487086171775,259.9297519293119,264.5925456583775,44969400
2020-08-10,260.9530029296875,262.56520752010675,257.4390197320876,262.36245562435425,35088400
2020-08-11,256.0103454589844,261.07861462933755,255.46973243770935,259.7946366079094,43104300
2020-08-12,262.4494323730469,263.39551984799675,258.11486512568837,258.16315203041364,38773400
2020-08-13,263.0480041503906,265.3166343719081,262.111579918001,263.2217663062073,31895700
2020-08-14,262.7390441894531,263.9361115197006,261.34888817830284,263.66580504315453,30799500
2020-08-17,265.7895812988281,266.2915704697825,262.7775873507272,264.44768313821834,24803000
2020-08-18,268.34796142578125,268.82099045745963,265.3938868738136,266.8516270636147,23529500
2020-08-19,266.54266357421875,269.3615697866744,266.0310109729801,268.30930422794574,31999400
2020-08-20,270.2400817871094,270.7227740474205,265.345575196867,265.75104965845526,27723400
2020-08-21,272.1129150390625,272.5666469170663,269.7863349379107,270.43315549382095,34748900
2020-08-24,273.8119812011719,276.09993750798907,271.5336587047118,275.3758992103282,36418500
2020-08-25,275.9648742675781,276.1579630047005,272.5956908715883,273.0397596135239,34866600
2020-08-26,281.8537292480469,282.1047387158752,275.93591589314656,277.2102308604527,42216700
2020-08-27,280.97509765625,283.67819145883357,278.71610185783146,282.8286485340556,49482700
2020-08-28,282.40386962890625,283.03136353506403,280.85924884830865,282.21078098338495,28021000
2020-08-31,284.67254638671875,286.47781043624985,282.49076829330414,282.925203042217,36321000
2020-09-01,289.5381774902344,289.65401893456186,285.5511341678206,287.3177751162182,36216200
2020-09-02,292.27984619140625,292.99422135625616,286.61304339494706,292.78183556924677,50836800
2020-09-03,277.461181640625,288.2831343760069,274.56502794271665,287.7811450077344,110083300
2020-09-04,273.763671875,278.9284838673966,262.39144578992153,275.67514343024635,123959000
2020-09-08,260.60546875,268.5891852382676,260.3254990912733,262.796880212177,99568600
2020-09-09,268.260986328125,270.35585370096527,263.5499063650257,266.0985349855312,64837900
2020-09-10,262.9128112792969,272.43151777218367,261.19442804719154,271.21512387420904,69667500
2020-09-11,261.0882873535156,265.69316147465753,257.66115420898177,264.6601928404312,71809000
2020-09-14,265.63525390625,267.6239440037951,263.5113958112006,264.86292848023083,38525200
2020-09-15,269.400146484375,270.7420448330477,265.60619317039027,269.3711861331687,41849900
2020-09-16,265.1041564941406,270.6551159681372,264.7566323032266,270.19175038025173,42321000
2020-09-17,260.9627685546875,264.9015247056052,257.448754517626,258.2886343942864,81570800
2020-09-18,257.6321716308594,262.67148018937655,253.53895054283115,262.38187660718535,86251100
2020-09-21,258.2501220703125,258.3852606354601,251.10625029546085,253.38457396203103,57168600
2020-09-22,263.0480041503906,263.62721133644635,257.31361731884147,260.6441764834606,41128900
2020-09-23,255.0159454345703,262.91278271857675,254.13744209937738,262.72935732654776,48837300
2020-09-24,256.2033996582031,259.3988199097731,252.1777334392944,252.34186176277635,70631700
2020-09-25,262.15985107421875,262.970770638308,255.15114914438846,256.7054337381271,55242400
2020-09-28,267.6045837402344,267.6045837402344,262.26600886198906,267.0060206284268,58438300
2020-09-29,266.3978576660156,268.096914308436,265.8379181722347,267.0446487660086,27050000
2020-09-30,268.22247314453125,271.3599733216461,266.3206641664166,266.59097069553536,49380800
2020-10-01,272.4797058105469,273.0879026046229,270.15312622204766,272.0356373026459,50020200
2020-10-02,264.81463623046875,272.4701287186663,263.97475637727064,266.4654355785202,75497400
2020-10-05,270.46209716796875,270.78066105719495,266.6681435448509,266.7743216875284,28184600
2020-10-06,265.63525390625,271.45652238813244,264.75675030607965,269.77676246099503,49704200
2020-10-07,270.2303771972656,271.02196990633325,267.68174858898016,268.2706483121389,27539700
2020-10-08,271.6689453125,272.692250863225,270.6070161198967,272.6246668552397,25443300
2020-10-09,275.8199768066406,275.8972240591866,272.9238235212557,273.3099714004014,30201100
2020-10-12,284.334716796875,287.1632865219897,279.44987321972303,280.49247559449736,79370700
2020-10-13,284.3249816894531,286.76740286095645,282.96378625156825,286.1302751302962,64240000
2020-10-14,281.95025634765625,286.0917650071285,280.21257565227666,285.1263802960946,36949100
2020-10-15,280.0580139160156,280.64688424515134,276.62124788764856,277.25840511239437,42514200
2020-10-16,278.5229797363281,283.11818807840996,278.1754261359977,281.6990722545296,40570700
2020-10-19,273.9760437011719,281.39021727606575,273.0010256232922,280.43446681634396,36756800
2020-10-20,274.5650634765625,277.6639400852413,273.15561007697323,274.7098652879582,32195400
2020-10-21,274.3526611328125,277.37431974705373,273.86996881644683,274.81605636255586,29306100
2020-10-22,274.34295654296875,276.0806662969074,271.09927880686445,275.1828363331673,32196200
2020-10-23,274.883544921875,275.0476732329755,272.0260153439587,274.91250527545816,24658500
2020-10-26,270.7613220214844,275.4241149902895,267.1797546998695,272.6052094759992,38421100
2020-10-27,272.8756408691406,273.6962237504625,270.50080277340675,271.7557910898735,30559100
2020-10-28,262.2370300292969,268.99472076414986,261.98602066013467,268.38652388422213,53413500
2020-10-29,266.8226318359375,269.81530016919515,263.0865691331869,263.54996429181864,43246300
2020-10-30,260.0552673339844,265.7124060582812,257.82523161584606,264.8435659472603,65838300
2020-11-02,260.6345520019531,264.05199236682597,257.7287348493458,262.43981653925505,39987400
2020-11-03,265.1427917480469,267.2376886391682,261.4646799268628,262.5459056276258,43604100
2020-11-04,276.9784240722656,278.77402480036017,272.1128787574803,273.77334099801544,75728200
2020-11-05,284.1994934082031,285.1648776918637,281.89221082888304,283.3692476044361,52054200
2020-11-06,284.4118957519531,285.1359340820166,279.79735930679647,283.54305564811597,40959800
2020-11-09,278.6003112792969,288.7851355026538,278.14657938265754,287.34669255392214,86537100
2020-11-10,273.6092834472656,276.73711974817496,270.9061892150607,275.298706294445,69024900
2020-11-11,279.7298278808594,280.20285686797143,273.57066993083123,276.12893301602537,36102900
2020-11-12,278.4168701171875,281.9598440196232,277.3066838894168,280.6951927441598,34414600
2020-11-13,280.8594055175781,281.47726595894903,277.90533025264097,280.1257330699594,24806900
2020-11-16,283.0507507324219,283.35001757427733,279.9518452365164,280.56004219293146,30168400
2020-11-17,282.1528625488281,283.57197866735737,281.515705366918,283.2437515362869,21843500
2020-11-18,280.0676574707031,283.21482007968325,279.98077640901397,281.60264461079413,28069600
2020-11-19,282.25909423828125,282.56802431549295,278.85128850099795,279.5174060907134,22718400
2020-11-20,280.328369140625,282.92525592588436,280.2414880668414,282.1818909704052,25907300
2020-11-23,280.3380126953125,282.6163059219169,278.0983136357651,281.322694256798,26875600
2020-11-24,284.2767028808594,284.76905827871957,279.6042466198233,281.39984719358966,24516800
2020-11-25,286.02423095703125,286.6613885129292,284.39272815356725,285.33881594163546,23326800
2020-11-27,288.65960693359375,289.7794564042134,287.5880148998443,287.9838260502422,17163100
2020-11-30,289.2485656738281,289.5864562187478,284.5761071549837,288.97825913013315,27836200
2020-12-01,292.95556640625,294.57743472512226,290.4166005069855,291.5171529568918,27521300
2020-12-02,293.3320617675781,293.6699522066538,289.9532162992099,291.7874408040852,23620000
2020-12-03,293.74713134765625,295.29175210791647,293.0230931282709,293.64095321685124,22828700
2020-12-04,294.9443054199219,295.0891366852821,293.1197437651162,293.79549533825855,19332100
2020-12-07,296.6143493652344,296.98120014170644,294.9442237896301,295.1276491778661,20851000
2020-12-08,297.618408203125,297.9176750537472,294.394027373597,296.1413710347903,18341500
2020-12-09,290.8799743652344,297.6859226746501,289.81804562146607,297.4059824076703,48839300
2020-12-10,292.048095703125,293.16794521003607,287.7714496237738,288.8526755032201,27519500
2020-12-11,291.40130615234375,291.52681084636964,288.1383019524529,290.39729806133215,26760400
2020-12-14,293.5155334472656,295.4559364028893,292.52118851680007,292.588743046312,28804800
2020-12-15,296.6529541015625,296.6529541015625,293.5830095925023,295.7647875697483,25709000
2020-12-16,298.2845153808594,299.06647447411444,296.0061926260294,297.0488243911676,25461900
2020-12-17,300.2346496582031,300.4663325647593,298.68039439138255,299.8774620235278,23730500
2020-12-18,299.3270568847656,301.1806077234041,296.9618535401329,300.8716776734325,41173400
2020-12-21,298.7671203613281,299.2990323838478,293.62195915625836,296.387948896712,37095500
2020-12-22,299.5794982910156,300.49825806935934,296.76513423614824,299.66653682698967,26176300
2020-12-23,298.0707702636719,299.9856770775979,297.9160252509497,299.6278421483125,21201300
2020-12-24,299.3860168457031,299.83089024861374,298.2544865252103,298.33184426348595,16785000
2020-12-28,302.403564453125,302.8774803592197,300.15980565552076,301.98770376203237,22497700
2020-12-29,302.6742858886719,304.34743854129005,301.77485824069987,303.72845853757315,25871900
2020-12-30,302.6839904785156,304.15402383106453,302.0650104261203,303.83488253283116,18138100
2020-12-31,303.4286804199219,303.91224752941474,301.5137735556703,302.5872783717393,21611400
2021-01-04,299.144287109375,304.92776044528773,295.15001800660167,304.7536538523366,45305900
2021-01-05,301.61053466796875,301.8813606473196,298.15788712105984,298.15788712105984,29323400
2021-01-06,297.43255615234375,301.6299163936278,295.9238286744482,296.9102952516559,52809600
2021-01-07,304.62799072265625,305.4597121035688,300.0534345838422,300.0824474339996,30394800
2021-01-08,308.5448913574219,308.89307509454994,304.7246986108392,306.91043183426524,33955800
2021-01-11,304.08642578125,306.7653775739113,303.4384327154014,305.59515315724855,32746400
2021-01-12,303.60284423828125,305.20826137156917,300.97223748619797,304.1250755644642,29266800
2021-01-13,305.653076171875,306.44610372080217,303.2642537100224,303.86387214331,22898400
2021-01-14,304.0187072753906,307.09418761152864,303.5447913452034,306.0980403511594,23500100
2021-01-15,301.61053466796875,304.76340241188444,300.3726037555984,303.80594875341234,35118700
2021-01-19,306.010986328125,306.5138855699689,302.8291060202741,303.92197256919115,24537000
2021-01-20,313.12908935546875,314.06721088994993,306.107713786949,309.61841632850843,30728100
2021-01-21,315.63397216796875,316.37868455369073,313.09043345961686,314.4637477948913,25130600
2021-01-22,314.724853515625,315.7306519263239,314.0381669194832,314.5991213356386,21609400
2021-01-25,317.32647705078125,319.4638654817868,310.84669380510877,318.1002023361911,39080600
2021-01-26,317.7906799316406,318.9222401339376,316.46571056359466,318.042144313173,25498100
2021-01-27,308.9317321777344,315.5469278863561,306.92975690003846,315.5372766123504,55264000
2021-01-28,310.7596740722656,315.69206607515736,309.5120622652428,310.1310425310724,42836300
2021-01-29,304.22186279296875,310.1794155760411,302.48103228803603,309.0768679455391,55259000
2021-02-01,311.82342529296875,312.9066108869396,305.6337427309745,307.65504969018684,35646000
2021-02-02,316.9104919433594,318.0613838731361,314.6183888693875,314.7828146513228,33930800
2021-02-03,315.6533203125,319.3477806883452,315.5952946114845,318.98026490551473,24824500
2021-02-04,319.3863830566406,319.4734215913342,315.7306170265444,317.0459348626313,22350900
2021-02-05,320.4696350097656,321.47546303225465,318.6997920751562,320.3342515437262,22732000
2021-02-08,322.6166076660156,322.7713526769927,320.5179430178108,322.15240214767726,20462800
2021-02-09,322.54901123046875,323.806274175975,321.6785666370871,321.6882474260004,17597500
2021-02-10,321.81396484375,324.43489074863766,318.67077810973893,323.9803364095967,28068700
2021-02-11,323.583740234375,323.9899495754875,321.2045984209813,323.3419566899157,22046100
2021-02-12,325.39227294921875,325.55666921461176,321.69781368094164,322.74230550068904,20346800
2021-02-16,324.5122375488281,327.0751374324161,323.3516646321189,326.18536092765964,27080800
2021-02-17,322.9552307128906,324.6283840967734,319.3188249028032,321.54322254484504,31360300
2021-02-18,321.5430908203125,322.89707272229566,317.5681541311923,319.3767197771394,32236200
2021-02-19,320.1408386230469,323.01322915251455,319.1253592449387,322.88749695026087,39157700
2021-02-22,311.8428039550781,317.02662993365885,311.6397140045064,315.769367077322,47256900
2021-02-23,310.9143371582031,312.57780929074875,300.77875933727455,306.58156498365287,97241900
2021-02-24,313.4772644042969,313.78675448258105,305.57576370738207,308.2643960439544,58206300
2021-02-25,302.54864501953125,313.3805622361908,301.0109048467115,310.8273427369468,110182600
2021-02-26,303.81561279296875,308.62224239863315,300.6627452228731,305.46940434313694,104739800
2021-03-01,312.9549560546875,313.2934589317363,307.4906536609349,308.77692917620794,49164500
2021-03-02,307.93560791015625,313.6707082070273,307.6841730190571,313.5933504362126,48370000
2021-03-03,298.9993591308594,307.78092897775144,298.9413334116316,306.8428071640923,86301100
2021-03-04,294.1054992675781,301.78454673665533,290.24661396080927,298.63167998067786,139131600
2021-03-05,298.5350341796875,299.4344620721289,287.67413395089676,296.7168168178065,121523700
2021-03-08,290.082275390625,299.8696701583811,289.6664147092332,297.99342718350005,88409800
2021-03-09,301.5234375,303.419041899386,296.8328599524644,297.3647719894235,80391100
2021-03-10,300.6626892089844,306.0689659241823,299.97603218104314,305.7691566789716,76798100
2021-03-11,307.58740234375,309.3475643461397,304.50224155246616,305.39198858407474,53484800
2021-03-12,305.0921325683594,307.7711130696488,301.1559189847786,303.5447120159389,69315600
2021-03-15,308.3514099121094,308.5158357263482,303.7768836510257,305.4113429475461,42955700
2021-03-16,310.0438537597656,313.5449041856283,308.61251410276867,310.5371016224292,54925900
2021-03-17,311.320556640625,313.2064805215189,305.3049795078172,307.0168262806715,78258700
2021-03-18,301.7845764160156,307.4326368340363,301.33002214277894,306.4558218072821,82718100
2021-03-19,302.8485107421875,304.38625105160247,299.4828720653191,301.62023104090315,78446200
2021-03-22,308.52783203125,310.5904346454932,305.2354281706355,305.2354281706355,56194800
2021-03-23,307.18182373046875,310.92935589537336,306.3684084161531,309.6124062108261,53455400
2021-03-24,302.00115966796875,308.58599773415375,301.85591218860037,308.5472552223629,64803700
2021-03-25,301.47821044921875,302.98887274626566,297.6629156300666,300.16126069265863,78729000
2021-03-26,306.0004577636719,306.320002200916,299.87077805243393,301.26518333046636,63519600
2021-03-29,305.9132995605469,306.95911087381006,302.5821530784858,305.46786414488616,54608000
2021-03-30,304.37359619140625,304.9449225559997,301.6815683021682,303.95721029800524,44635700
2021-03-31,309.0313415527344,310.59037995545776,305.8163937205963,306.15532410653975,55032500
2021-04-01,314.29931640625,314.4348708803049,312.5950003766679,312.84678239518706,55685600
2021-04-05,320.57415771484375,321.33916702828384,316.53613080531056,316.77821974167637,42172500
2021-04-06,320.3515319824219,322.2979074044309,319.5768294682946,320.2643834905599,33537200
2021-04-07,321.12615966796875,321.9589610592511,318.9473590229787,319.8769723569828,32046400
2021-04-08,324.4765930175781,324.6605829522895,323.1790000135238,323.973058726292,29940800
2021-04-09,326.44244384765625,326.6458198643711,322.38505980712984,323.1209901971692,36664900
2021-04-12,326.016357421875,326.43274331989136,324.1377448216692,325.40628854475295,25833000
2021-04-13,329.8219299316406,330.2867217158325,327.32355588413617,327.53659530251355,30374000
2021-04-14,325.8614196777344,330.18997128531964,325.04800435205124,330.0640803030341,42564300
2021-04-15,330.8000183105469,331.1873842810127,325.5805957947006,328.7277522175519,36342800
2021-04-16,331.1873779296875,331.4004173886084,329.3184287688422,331.3229323752514,40860100
2021-04-19,328.1564636230469,330.77100691356736,326.23910823516286,329.61869053990233,34533100
2021-04-20,325.76458740234375,328.7761598402926,323.7988262550352,327.4979526077044,38081800
2021-04-21,328.5534362792969,328.73742623907555,323.4017765092401,324.4863302393841,36598100
2021-04-22,324.5928649902344,329.14411936500744,323.4405192631022,328.16610013539673,45936100
2021-04-23,328.67938232421875,329.9866391864697,325.22234456628763,325.22234456628763,36381900
2021-04-26,330.8194274902344,331.1002589729118,328.1758052713695,328.9214582200085,30812000
2021-04-27,329.3861999511719,331.3229114364668,328.43723023657543,331.1098719910095,33187200
2021-04-28,328.27276611328125,330.06423107176954,327.62395442816205,329.05713230533013,33615700
2021-04-29,329.45404052734375,331.95238570896,326.23909189522413,331.53599977067,37708900
2021-04-30,327.2945556640625,329.49274216453847,326.38429888051144,327.01375376946794,38263400
2021-05-03,325.55157470703125,329.24100834819467,325.10613926437986,328.49538493855243,29729700
2021-05-04,319.69305419921875,323.3243890876106,315.8873927767561,323.0048150683799,65147000
2021-05-05,318.6181640625,322.5981224716167,317.8434911061928,321.73627147223687,46219300
2021-05-06,321.0196228027344,321.17456326831405,316.11974509228173,318.35664450132003,46814300
2021-05-07,323.6245422363281,325.99699637689076,321.19395955608,323.7891461844968,53324500
2021-05-10,315.45159912109375,322.423743244047,315.2482231230004,322.2494462901448,60700500
2021-05-11,315.0158386230469,315.80989751104426,308.92487206316486,309.5833764993854,71963600
2021-05-12,306.86224365234375,312.4109027499661,306.00039291777273,310.09654805657937,91164900
2021-05-13,309.2347106933594,312.1978768191362,306.8719203829938,309.79637355749134,69877800
2021-05-14,316.0616760253906,316.97190332502765,311.88803517752746,312.39159912628935,44370000
2021-05-17,314.14434814453125,316.0423174767768,311.27802289046355,314.3573876294072,39395000
2021-05-18,312.0235595703125,316.31336801898453,311.7524211696528,315.09325999195045,36528500
2021-05-19,312.38189697265625,312.6820849093863,306.29093065769706,306.639554116016,66319100
2021-05-20,318.4244079589844,319.2765657464525,313.64075774637433,313.86346065545877,46466100
2021-05-21,316.6620178222656,320.39016375419965,316.30373092922235,319.9737778813046,50330400
2021-05-24,321.9880065917969,323.1113029011773,316.5555150168028,318.94735509973475,32475800
2021-05-25,322.43341064453125,324.2151816528038,321.2617084783262,323.49860786465933,31280300
2021-05-26,323.5568542480469,324.0216462999421,322.41420105129066,323.10172566264254,25444900
2021-05-27,322.3462219238281,323.95369579132296,322.1428755191543,323.11123113437765,27931700
2021-05-28,323.3631286621094,324.9512467689047,323.0435841684589,323.5471186757474,29927400
2021-06-01,322.2882385253906,325.16425691603445,320.9422095526402,324.6897423991412,31145400
2021-06-02,322.9176025390625,323.7600673377985,321.20362345031947,322.70456308578315,22047900
2021-06-03,319.557373046875,321.3585004191507,317.8918001022529,320.0899568478718,37057800
2021-06-04,324.9802551269531,325.4256905790055,321.2811283920492,321.3489203994139,38736500
2021-06-07,325.94866943359375,326.00676843549,323.7601751892239,324.4476997462519,32611900
2021-06-08,326.1035461425781,328.5534854160664,324.42827977737085,327.6916344701174,27282800
2021-06-09,326.1809387207031,328.24354114235416,325.99694876888356,327.4688683834402,21485300
2021-06-10,329.5799255371094,329.68643049767377,326.07448202375014,326.5199174484413,33702100
2021-06-11,330.4417724609375,330.4514654769664,328.9408325703648,329.5896145029821,21222800
2021-06-14,333.6083068847656,333.61797034867243,329.6864476843522,330.86784308680507,27827700
2021-06-15,331.4294128417969,333.5694705448382,330.7128095685178,333.25958964568343,35963800
2021-06-16,330.21905517578125,332.95948937211466,326.77171053321524,331.8942919709,55399500
2021-06-17,334.412109375,335.41920804576927,329.1636355897962,329.212041576554,59722700
2021-06-18,331.7877197265625,333.8987280697035,331.04206692097785,332.7560754309616,55414900
2021-06-21,333.849853515625,334.1697982298446,329.76835424054235,331.9787657019872,32992600
2021-06-22,336.9619140625,337.4078662387214,333.3457457656341,333.6462819698441,28941600
2021-06-23,337.1266784667969,338.27068637748584,336.2929405785921,336.9037171919384,27188500
2021-06-24,339.2110595703125,340.7331192856104,338.51303342854897,339.0559393625701,32581600
2021-06-25,338.794189453125,340.0157427000947,338.1931170891104,339.77337290259476,28682800
2021-06-28,342.9144287109375,343.05016998016936,340.0156958002439,340.07386217672814,39130300
2021-06-29,344.1553955078125,344.18447869899444,341.9062263553775,342.7399642266975,29426000
2021-06-30,343.6125183105469,344.38811945058086,343.030824852061,344.0003040874847,32724000
2021-07-01,343.74822998046875,344.2523484884269,341.9159001820731,343.263490404532,29290000
2021-07-02,347.6939697265625,348.01388478506476,345.40598385592966,345.6386493530222,32727200
2021-07-06,349.1966857910156,349.47784301928783,345.6096012208607,348.29507731218075,38842400
2021-07-07,349.9335632324219,351.6883183888157,347.9849003826373,351.3877821743721,35265200
2021-07-08,347.82000732421875,348.6731536691142,343.6027968927651,344.882486823954,50890000
2021-07-09,349.9916076660156,350.4666428872852,346.6565976876928,347.23829097900955,35184500
2021-07-12,351.3586120605469,351.8142683997516,349.8171143275915,351.38769524874493,25717700
2021-07-13,351.3586120605469,354.3155113432428,350.50546575853355,350.98050102781934,39723000
2021-07-14,351.98870849609375,354.33483084700407,351.16464552048393,353.6949712278064,35336400
2021-07-15,349.5166320800781,352.10515457344513,347.51950728613065,351.901572224668,53391600
2021-07-16,346.68572998046875,351.34892205637334,346.33670212177947,350.3697387037261,47262000
2021-07-19,343.84521484375,344.33962913723883,341.2954797104328,343.2441128629702,64404600
2021-07-20,347.8394470214844,349.2839615476672,343.0017257426105,344.77588922936053,42183700
2021-07-21,350.52490234375,350.52490234375,347.1898914797764,347.4128823500747,30259900
2021-07-22,352.8419189453125,352.8515936174169,350.72843208972574,350.72843208972574,30252200
2021-07-23,356.9622497558594,357.24337741905504,352.8128800042063,354.1604406941215,31960800
2021-07-26,357.2433776855469,357.63119303093924,355.41107739904294,356.2738984943799,28438100
2021-07-27,353.3072509765625,356.9815849421956,349.16758599168105,356.9815849421956,57933100
2021-07-28,354.66455078125,356.2351318847615,352.1536032880991,354.4415895078948,42066200
2021-07-29,355.29473876953125,356.4580960280486,354.1022687330484,354.1022687330484,25672500
2021-07-30,353.4429626464844,354.0246559579803,351.34888447678935,351.3779676630566,36484600
2021-08-02,353.4720764160156,355.6824875220298,352.76434604074336,355.1007941602043,27334100
2021-08-03,355.6146240234375,355.73095678090675,350.9514319492364,354.13132219339656,35558500
2021-08-04,356.12847900390625,357.07857925285145,354.47067788756254,355.5758687697395,29602200
2021-08-05,358.3874206542969,358.62008621535324,356.23517545604597,356.9428763996457,21443900
2021-08-06,356.8167419433594,358.09646135211005,355.71155124391237,357.12698233084166,33332100
2021-08-09,357.47601318359375,357.9995105574724,356.17691483445634,357.2724012853778,25960200
2021-08-10,355.6436767578125,358.28066085053285,354.4609111812361,357.9898289817646,35130800
2021-08-11,355.0329284667969,357.39845980797236,353.70474685026676,356.9040455917683,34249800
2021-08-12,356.3126220703125,356.6713245729549,353.18119419319487,354.5287842286911,25969200
2021-08-13,357.5632629394531,357.89288225930954,356.1672107693837,356.6616545422443,19336200
2021-08-16,357.7183837890625,357.75714164830333,352.5995356848266,356.44836862435176,34856900
2021-08-17,354.567626953125,355.94427080417313,352.1439290318299,354.9747916356551,44793900
2021-08-18,351.1550598144531,355.43046672282946,350.82544043015884,354.034414279843,38541900
2021-08-19,352.8515930175781,354.5190981966252,348.9736767487387,349.22575077378224,48499400
2021-08-20,356.5065612792969,356.9040512619569,353.6077986420745,353.9180390557829,39486000
2021-08-23,361.8387145996094,362.52703651349634,357.53422479727027,357.5438994702056,34034700
2021-08-24,362.94384765625,363.54491990107476,361.96466440094775,362.4300249708852,21732900
2021-08-25,363.3607482910156,363.9327669855129,362.4494355865621,363.1959534152346,20441900
2021-08-26,361.05340576171875,363.18624194922563,360.61712834878506,362.50762435662693,29133300
2021-08-27,364.56292724609375,365.06704572458636,361.19883360227624,361.6835731498802,27104700
2021-08-30,368.654052734375,369.13879218010527,365.3287176511928,365.3481261641566,27295700
2021-08-31,368.35357666015625,368.96432360892027,366.8120789357701,368.8964825609371,29628200
2021-09-01,368.96435546875,371.02935075610196,368.7607731349161,369.41033717202157,28138300
2021-09-02,368.78985595703125,370.64156464979845,367.57800704182927,370.3119452952022,25453400
2021-09-03,369.9241027832031,370.3215927167208,367.62644232641253,367.6458212550656,24605400
2021-09-07,370.44769287109375,371.09725697046815,368.87714125865057,370.0308239045629,23970200
2021-09-08,369.1583251953125,370.2732204686251,366.89945145325,370.2732204686251,32949200
2021-09-09,367.88824462890625,370.48644158239364,367.6458748477342,369.3812507650496,29399000
2021-09-10,365.0960998535156,370.3119017043575,364.76648053772004,369.5944966985761,40249400
2021-09-13,364.8440856933594,367.8494770595449,362.79849883107147,367.42290385473626,48741800
2021-09-14,363.8067321777344,367.0544634549262,362.85663202009437,366.3273541386318,41826600
2021-09-15,366.5115661621094,366.8605940269488,361.97441102227873,364.26239710955736,34097900
2021-09-16,366.76361083984375,367.3355999193381,363.2638057298481,365.1833552812676,35193100
2021-09-17,362.4203796386719,366.3370837105402,361.3830594278912,366.28862158723337,60912300
2021-09-20,354.9315490722656,358.3770033366552,350.3019883262489,356.63970367984786,76203200
2021-09-21,355.36834716796875,357.9500244057725,354.24250095471126,356.7562323028196,41927500
2021-09-22,358.6875915527344,360.14342232002144,355.1838767709414,356.28060735466346,46972900
2021-09-23,361.9972229003906,363.0260077177791,359.20202278561584,359.84259194683136,44652000
2021-09-24,362.3369140625,362.75427479552803,359.3670211733709,359.7358364347196,36056800
2021-09-27,359.4446716308594,360.3181642871581,356.90182494785245,359.2990944579691,43338100
2021-09-28,349.273193359375,359.3960624454702,348.76851604317415,354.90242320446913,97701600
2021-09-29,348.70062255859375,352.6701846665054,348.07948343140464,350.53498374428244,58076600
2021-09-30,347.4194030761719,352.0004178425142,346.5847410898432,350.3407792662205,61384600
2021-10-01,349.57403564453125,350.61253524501586,343.94483585357506,348.0405737822333,56375500
2021-10-04,342.2366638183594,348.2929098328882,340.0044020068107,347.96292510711714,76766000
2021-10-05,346.8565673828125,349.09854458603974,343.0714129889844,343.29462143619975,47232900
2021-10-06,349.0791320800781,349.3508859856343,342.7511017351987,343.6537097480509,56806500
2021-10-07,352.2820129394531,354.92192120185643,351.583212822377,352.117005714758,39411200
2021-10-08,350.5252685546875,353.5922225946232,349.9914461101767,353.359269505455,41822300
2021-10-11,347.8367919921875,352.50515341936824,347.7494160851603,348.9917237693777,34847200
2021-10-12,346.6236572265625,349.7196971250203,345.9830880554813,349.282965612208,43905100
2021-10-13,349.3994445800781,350.06912921837323,346.90511365883157,348.9238825919107,40120800
2021-10-14,355.8341369628906,356.04765997916616,352.3207370196808,352.98070648127754,43433900
2021-10-15,358.0762023925781,358.19266413590714,356.0186326098765,357.0474175012273,40419900
2021-10-18,361.6769714355469,361.890494517579,356.18363179686577,356.78537058651267,34513500
2021-10-19,364.4139099121094,364.4624257643063,361.72548600712634,362.7445558549217,29091000
2021-10-20,363.9383239746094,365.4815011717501,362.46306304228204,364.8700474557413,31390300
2021-10-21,366.1608581542969,366.35498078132946,362.8415804123017,363.1424497509342,25469300
2021-10-22,363.0842590332031,365.86974428728405,361.4246199786976,364.9089053008268,36275800
2021-10-25,366.8013916015625,367.7137145457552,362.5600762221517,364.5011838278465,32597800
2021-10-26,367.95648193359375,371.4407677524844,366.7821197139418,369.0338124341209,47191300
2021-10-27,368.8105773925781,371.86781704453995,368.1408926588483,368.40293161680086,45760500
2021-10-28,372.9062805175781,373.1586340501621,369.93638747624055,370.70313347365857,38007000
2021-10-29,374.7405700683594,374.905577271606,369.4898992824427,369.83928448608606,37310100
2021-11-01,376.0216979980469,376.1478747466398,373.1003508406609,375.1773208269469,30765300
2021-11-02,377.59405517578125,378.06964681864423,375.361792626363,375.41030848306167,25135300
2021-11-03,381.6023864746094,382.0197175552883,377.0408007823251,378.07927097534747,33748900
2021-11-04,386.4939880371094,387.4451415534196,382.3206179765375,382.8641258090132,40265300
2021-11-05,386.86279296875,389.1824014029133,385.4651929741841,388.2603929633159,43383800
2021-11-08,386.33868408203125,387.85274580050265,385.6981149520696,386.8336760504004,29256300
2021-11-09,383.6793518066406,387.80420563383603,382.3205823520609,387.40627500446755,50490700
2021-11-10,378.04052734375,383.7182449890207,376.1188196118529,380.91335911329566,54937400
2021-11-11,379.0886535644531,381.1850535942557,378.7489537673127,381.01036099651094,32243000
2021-11-12,383.07763671875,383.6114295169223,378.6421982809351,380.2338912773273,34730600
2021-11-15,382.99029541015625,384.5723031513749,380.5542250384793,384.25203336732267,33716900
2021-11-16,385.71759033203125,386.2125527396347,382.06829775133565,382.2623907832922,27872900
2021-11-17,385.92132568359375,387.9497796420175,384.96048686616996,386.0377874046206,28703300
2021-11-18,389.9200134277344,390.42469077233477,385.7466436754668,387.95950529248904,45721500
2021-11-19,392.0940856933594,393.3655090142673,390.7256010524446,391.55057784406847,45191700
2021-11-22,387.5422058105469,396.67512263344946,387.43545908614306,393.62759843238615,61715400
2021-11-23,385.77581787109375,388.4448413938439,381.35009396288643,386.38724201638104,70098700
2021-11-24,387.01806640625,387.2995056997961,380.98122021674385,383.30082853857755,46954400
2021-11-26,379.6806945800781,385.83400270403473,378.29278000344726,384.44608812740387,51533300
2021-11-29,387.92071533203125,388.93009974553473,383.50470665375764,384.2326221250526,54447100
2021-11-30,382.2236022949219,389.37658088970477,380.2145483069959,387.0375420797313,81332700
2021-12-01,375.7208251953125,388.68744084495484,375.2549782742776,386.5522103936956,77766500
2021-12-02,378.4287109375,380.2048117122202,373.02271808833177,374.4397186247011,84416600
2021-12-03,371.8483581542969,380.78715218645164,367.74290407814885,379.7874827528357,105349100
2021-12-06,374.8278503417969,376.1866195963912,368.1310061246028,372.3335202272158,67588800
2021-12-07,386.1154479980469,386.7269016988199,381.4179706399039,381.45680108951217,56005300
2021-12-08,387.84307861328125,388.04691628360314,384.55291587972,386.4455080706862,39204000
2021-12-09,382.13616943359375,388.41565388670045,381.9420468203761,386.6201233807701,49973700
2021-12-10,386.2901916503906,386.5522305571413,381.77709203476803,384.94110742696125,52545800
2021-12-13,380.70947265625,386.6007121697364,380.34065744455205,386.2804424231825,50166400
2021-12-14,376.76904296875,378.6033744726611,372.333604453133,375.89552074702993,75199200
2021-12-15,385.3584289550781,385.71755879179966,372.5762501875287,376.51669680342667,73858000
2021-12-16,375.44903564453125,386.7462963104807,373.8670281811321,386.3192502607674,82591400
2021-12-17,373.5759582519531,377.72992834906864,370.52840435609505,372.0424662855791,80492500
2021-12-20,369.95208740234375,370.73923780206746,366.82291099792644,368.86368337590045,65336800
2021-12-21,378.231689453125,378.54267044933255,369.47585135095824,373.2172321022037,48899500
2021-12-22,382.8381042480469,383.04217260210027,377.2794436165562,377.940256153254,37042200
2021-12-23,385.7242736816406,387.1916616414903,383.0226890456838,383.18787732629505,29595500
2021-12-27,392.0992736816406,392.0992736816406,386.9876300995506,387.01678271988703,32820700
2021-12-28,390.2819519042969,393.1681796273438,389.4073437336001,392.99326392456095,33113700
2021-12-29,390.22369384765625,391.68138419397815,387.85251517842977,390.4180644232136,32248500
2021-12-30,389.0576171875,392.1867941156094,388.4745350309547,390.0099560416265,23850100
2021-12-31,386.6280212402344,389.7474698400466,386.13239710181097,388.38696497227664,34752900
2022-01-03,390.3500061035156,390.60268190377786,385.6854091645426,387.79418445250604,40575900
2022-01-04,385.2869873046875,390.9331054188095,382.19669095457175,390.89422537317694,58027200
2022-01-05,373.4505615234375,384.72337293333084,373.1978857035745,383.6057865958055,75739800
2022-01-06,373.18817138671875,376.4242607153945,369.40790966584495,371.633325336353,70814300
2022-01-07,369.1455078125,374.87911385794735,367.3768659749752,373.1979002300411,72652300
2022-01-10,369.388427734375,369.9035067803641,358.8930693798572,364.247661267894,91770500
2022-01-11,374.9374084472656,375.1025967490759,366.5799776767738,368.65960052916887,68295700
2022-01-12,376.4241943359375,379.1938115670307,374.1502012486516,377.50287081742164,54576400
2022-01-13,367.0074768066406,378.48435379399035,366.07456350296076,377.8040865924197,77994000
2022-01-14,369.2912902832031,369.62169654378727,364.2865295874727,364.49062759351705,80121200
2022-01-18,360.0980224609375,365.60810393419575,359.34002481635605,363.48960149892713,75450900
2022-01-19,356.1429138183594,364.12133062577544,355.88051057735197,361.65296668451333,81791500
2022-01-20,351.51715087890625,363.3244361362188,350.9826763092112,359.3595316502434,88610700
2022-01-21,341.7701110839844,351.9642169806101,341.4882826216306,349.33066449345057,143388900
2022-01-24,343.3346252441406,343.9954673508949,324.72478599973664,336.15308683543975,198685800
2022-01-25,335.37567138671875,341.1287024846809,332.04242649286317,336.8916966703549,124398400
2022-01-26,334.8509216308594,346.81369825143213,331.1678156515807,342.95567654504134,146559500
2022-01-27,331.4788513183594,341.3619770664219,330.4584500952128,339.544727514019,95255700
2022-01-28,341.876953125,342.0907488885804,328.4176364152949,333.3543345150803,108167900
2022-01-31,352.8096618652344,353.39274396857036,341.6048826133204,343.2375184340186,94326400
2022-02-01,355.2099609375,355.86107565255384,349.0099431185774,354.1507095470386,74433000
2022-02-02,358.09619140625,359.66079442430265,354.014676339823,359.33038818012415,78777100
2022-02-03,343.57763671875,351.7212723367331,342.5183851878919,348.41717982324013,95384800
2022-02-04,347.9118347167969,351.20619958497537,342.04219309436127,344.0926633462077,86318300
2022-02-07,345.1130065917969,350.86600710711593,343.8593847593809,348.5045561826534,58198100
2022-02-08,348.9904479980469,350.07885188259064,342.84870647037087,343.97599039558594,64720900
2022-02-09,356.38592529296875,356.46365574238365,351.90594077596614,353.49969672848675,55766400
2022-02-10,348.3199157714844,356.1525685296124,346.48324159040976,349.37916706284807,112468500
2022-02-11,337.2707214355469,349.91376704841684,336.0462518750743,348.3200111343548,101569100
2022-02-14,337.68853759765625,341.08011731803214,334.1901044767984,336.7167440292433,80254400
2022-02-15,346.0848083496094,346.3180292889593,341.89638092534886,342.9556322339399,55128800
2022-02-16,345.9973449707031,347.0177162208431,340.81766932337564,343.8399623458286,58947100
2022-02-17,335.7060546875,343.4900999515628,335.28816097041926,342.7904074906241,61801400
2022-02-18,331.87725830078125,337.0277527737404,329.57411209953744,336.63904124580193,80001500
2022-02-22,328.5439453125,334.33585613484354,324.9191744067553,328.9423842207232,85967100
2022-02-23,320.1282958984375,332.52836342886025,319.81731479467516,331.69263507638806,86215400
2022-02-24,330.8860168457031,331.4205211576912,309.2830625656103,309.8466898446057,130614100
2022-02-25,336.0169982910156,336.221096260965,327.8733943883346,331.6828079657828,78842100
2022-02-28,337.0180358886719,338.7089770561175,331.6926255100852,332.84906236020663,77515500
2022-03-01,331.85772705078125,338.2618421595854,329.340785640076,335.99757652942674,67407000
2022-03-02,337.4261474609375,338.75749983927886,330.64301800966297,333.4029080497776,70609000
2022-03-03,332.6060791015625,340.1666319431547,330.7499498109718,340.0597192281727,71089400
2022-03-04,327.7859802246094,331.6828821792647,325.4731362920545,330.2543443538934,76936300
2022-03-07,315.6968994140625,328.9327550340839,315.49283103303407,327.776318113604,89933800
2022-03-08,314.2294616699219,323.8113321836429,310.9156419859536,314.90969938541224,116153900
2022-03-09,325.5411071777344,326.8919144282108,319.8075312459294,322.39250561084714,64723400
2022-03-10,321.926025390625,323.13106950967347,317.49464935743885,321.4887361051829,69362700
2022-03-11,315.249755859375,325.2009399000204,314.7638591858381,324.8899589113297,66228400
2022-03-14,309.195556640625,317.3780414535806,308.4958641214625,314.0156441855311,79802600
2022-03-15,318.89404296875,319.67149559177153,310.2256612337523,311.8291146371056,76471000
2022-03-16,330.7208557128906,330.83746621766124,319.1370611780787,322.8007425914417,105243000
2022-03-17,334.724609375,334.7829146218395,327.53334224916875,328.82581476316295,67810000
2022-03-18,341.57574462890625,341.8673005214625,331.916113259966,333.07255008982423,85446300
2022-03-21,340.6259765625,342.96118763188554,336.2475003475655,340.74276087072303,73799100
2022-03-22,347.3202819824219,348.18626177305254,340.7428560668275,341.122308670876,63345900
2022-03-23,342.32879638671875,348.0013735104719,342.27041906584384,344.4499479211533,70615500
2022-03-24,349.93768310546875,349.986350676726,342.0953449451577,344.2456558101581,53555300
2022-03-25,349.6457824707031,350.9301430826536,345.3548706717682,349.8792917843476,57584200
2022-03-28,355.0556335449219,355.15293899033514,348.4003508483054,349.63604389404026,56833900
2022-03-29,361.1660461425781,361.78874755322016,356.1745766309229,358.9378790950761,68073000
2022-03-30,357.1767883300781,360.9617537405955,355.6978463822823,359.3076500976555,68757700
2022-03-31,352.7496337890625,357.6729863672548,351.9128426053536,357.32269270861195,67011400
2022-04-01,352.07830810546875,353.7907594126433,348.9063343502432,353.0123751542418,54527800
2022-04-04,359.3270263671875,359.3367658186783,352.6522952034234,352.91499315262814,45950200
2022-04-05,351.3485107421875,358.5875961299539,350.2100934936844,357.8772990694817,62738700
2022-04-06,343.7201843261719,347.14511564916006,341.09308624592376,346.04562667256323,90077100
2022-04-07,344.5375061035156,346.7267446671159,339.2736000384896,342.7277201170129,63777400
2022-04-08,339.7210998535156,343.55470141793927,339.08865922549944,342.805506174713,61956100
2022-04-11,331.68426513671875,336.41300637477076,331.3437109630869,335.49838873973647,66107400
2022-04-12,330.2831115722656,338.30057958247323,328.91118527943127,336.42270666055407,72790200
2022-04-13,336.99688720703125,338.04770893841624,329.9037440164488,330.62375094918565,61367800
2022-04-14,329.2906799316406,337.60006527348116,329.076619850918,337.08437912811996,73519400
2022-04-18,329.543701171875,331.8302455149222,326.72202142008297,328.23989134707324,58560600
2022-04-19,336.90924072265625,337.48330417965906,327.87984877884975,328.90148159846586,56515700
2022-04-20,331.99560546875,338.1741294682281,330.77936175599643,337.71682064449476,65500000
2022-04-21,325.12628173828125,338.47577467202575,324.2019542803941,335.8681551308669,75801000
2022-04-22,316.6125793457031,326.49821249247435,316.1844591536162,325.2819686952848,82562100
2022-04-25,320.6796875,320.99105303464745,313.7227790050457,314.98769035450664,101755900
2022-04-26,308.57562255859375,318.81151840668446,308.30315547583336,318.62664699678186,105819600
2022-04-27,308.20587158203125,314.1605955718625,306.4933910697068,308.67289012652145,111204200
2022-04-28,319.152099609375,320.98133496122966,308.9453618627923,313.1584468432036,99450000
2022-04-29,304.7907409667969,318.3932243099634,304.15830003676217,314.95855250292817,91977900
2022-05-02,309.8794860839844,310.11299540302446,301.28792283503986,304.38204008613553,115511800
2022-05-03,310.21026611328125,312.49681025101495,307.4469639380765,309.8989005937919,78185500
2022-05-04,320.69915771484375,321.3705266398512,305.4134145896794,310.68703085766595,116083400
2022-05-05,304.54742431640625,316.4666126482784,301.2586965808234,316.388786116127,154607400
2022-05-06,300.89862060546875,306.58090627212124,296.87040816569095,302.5527235257862,139572800
2022-05-09,289.12542724609375,300.9959768480374,287.73405167201895,295.28450156266166,113387300
2022-05-10,292.6379699707031,297.50294470917896,288.5611187643844,296.28670102456,124124600
2022-05-11,283.9588928222656,295.8780830659681,283.09294260434,290.38066656572687,140326100
2022-05-12,283.2874755859375,287.76325832357395,277.24518522152556,279.68741206372414,120910900
2022-05-13,293.7861328125,294.81750520771743,286.13837614770426,287.7341023099368,83684900
2022-05-16,290.380615234375,294.0974630695584,289.1059942254348,292.04442828459975,59190400
2022-05-17,297.90191650390625,298.2813691442496,292.43365921556494,296.2283637797187,62715300
2022-05-18,283.2778015136719,294.08776258700664,282.0226295477689,293.3969443951793,79477100
2022-05-19,281.7598876953125,286.44002110714024,279.81389763549873,281.47774051592484,79920700
2022-05-20,280.8841552734375,285.8658843159157,272.6428874391469,285.21399437362163,91764200
2022-05-23,285.5545654296875,285.9340180153602,279.5317243809088,281.9252836170379,63648400
2022-05-24,279.483154296875,281.05940189710526,274.6279173590246,280.34913434760807,73491100
2022-05-25,283.3945007324219,285.4669845959224,277.7900406726398,277.99436128506386,67144500
2022-05-26,291.2466125488281,292.79370090044955,282.31452458577047,282.59670148119596,59462200
2022-05-27,300.75274658203125,300.898689886617,294.2531474079172,294.36990205158577,66985600
2022-05-31,299.95489501953125,302.9225178684783,296.1115529228091,300.7235693775658,60968300
2022-06-01,297.73651123046875,304.20692293779933,295.52782296425255,302.08580067049513,65341700
2022-06-02,305.89013671875,306.0652686716349,295.20664219105805,296.6174966517862,59291300
2022-06-03,297.93109130859375,302.0857694144157,296.6856588527265,300.68465418988353,60914700
2022-06-06,298.923583984375,303.9150540687919,297.3667857389503,302.3582558233672,51785000
2022-06-07,301.5019226074219,302.2803363375406,294.5158264052498,295.60557593396834,44900300
2022-06-08,299.3321838378906,303.30199021077476,298.48565327993657,300.7040806016703,38342100
2022-06-09,291.31475830078125,300.70415608590713,291.14936574434535,297.6489665842472,55900500
2022-06-10,281.0398254394531,286.9069831247456,280.59225612814635,285.71992823466996,85963500
2022-06-13,267.9725341796875,274.71538184129287,267.11629390009665,272.19532856453475,94442000
2022-06-14,268.45904541015625,271.13478157440943,265.95844121386256,270.16178660559007,64697500
2022-06-15,275.16290283203125,279.0840704783774,269.14006296698284,271.8742055265823,86051400
2022-06-16,264.0611267089844,268.6049967204327,262.00809182300713,268.14768788372317,81910300
2022-06-17,267.27203369140625,269.7045215078168,263.2049211887969,264.8298064218245,82703400
2022-06-21,274.01513671875,276.3255925653468,271.6364926592741,271.74371356643644,51633700
2022-06-22,273.6155090332031,278.01213214449695,270.92487077179675,271.51952443797313,67472900
2022-06-23,277.69036865234375,278.5384966482749,273.26447214712834,276.09157538374063,57457800
2022-06-24,287.2050476074219,287.6242622907725,280.2737697047167,280.507727853171,58422300
2022-06-27,285.09930419921875,289.1254719842807,283.9684571377325,288.5600633287982,54151500
2022-06-28,276.4133605957031,288.2189670248212,276.22813377843664,285.63557950838435,61609800
2022-06-29,276.666748046875,278.16804887285934,273.7811552161931,276.27680789416553,57302700
2022-06-30,273.2352600097656,276.80327077260506,268.8483659202871,273.693447915799,79313600
2022-07-01,275.038818359375,275.42875862356533,270.06699817697654,271.9387530958394,56675100
2022-07-05,279.7473449707031,279.86432404946754,269.7939783454508,271.31476587044517,61829300
2022-07-06,281.541015625,283.6369992909953,278.4117071325837,280.12747914736366,63194700
2022-07-07,287.5657653808594,288.2676695587538,282.35023028475064,282.35023028475064,56620100
2022-07-08,287.9264831542969,289.29128867561775,283.80279206972443,284.73865446284026,59895500
2022-07-11,281.77508544921875,285.742764761992,280.89771259567397,285.5185647747311,55273900
2022-07-12,279.0454406738281,284.9336355578182,277.456405436465,283.022907853938,55797100
2022-07-13,278.4703063964844,280.8099774974258,272.98180922081616,273.5472478351174,73939400
2022-07-14,279.4646911621094,280.3323059408434,272.7673405416562,275.87716370186166,63741800
2022-07-15,284.53399658203125,284.6412472602706,280.839247904855,282.4477998247008,63818100
2022-07-18,282.12603759765625,288.71613714679245,280.95621698129423,287.3123286067335,59519600
2022-07-19,290.8022766113281,291.0947540209909,284.1439604004065,285.74272385456845,55172600
2022-07-20,295.4134521484375,296.59303091705664,290.4416328068318,291.22154295385576,67769400
2022-07-21,299.65411376953125,299.7126033100451,293.21999655824266,295.8716314801452,55049400
2022-07-22,294.3995666503906,300.79468073009497,292.5765732733218,298.72797102452967,57127700
2022-07-25,292.7227783203125,294.8967385410693,290.72431645520345,294.4287925102195,40582400
2022-07-26,286.9710693359375,291.2799866878272,286.1619442955858,291.0265122110909,50074100
2022-07-27,299.098388671875,300.78491617265036,290.9582583278992,291.52369680237814,69304400
2022-07-28,302.0230407714844,302.5982077751898,295.14049357388313,298.8839730602149,55139900
2022-07-29,307.5309753417969,308.4376226108374,302.1399718411888,303.56329648911134,57501000
2022-08-01,307.3457336425781,310.7967646993046,304.674612577766,305.7664568159221,46358800
2022-08-02,306.4294738769531,310.5434076696581,304.002068188432,305.05493963804423,48676500
2022-08-03,314.7743225097656,315.59320592571174,308.0477270385424,308.106216586072,53735700
2022-08-04,316.24627685546875,316.5582408713588,312.7075112859387,314.8522267070254,38973700
2022-08-05,313.6629638671875,315.6906709474075,310.387430179786,311.16731065282454,53894000
2022-08-08,312.6490783691406,318.2643126699159,311.1867802491914,314.579322597665,43878500
2022-08-09,309.11029052734375,311.0112898504591,307.4920402349788,310.7578153405692,39764200
2022-08-10,317.7377624511719,318.0302398200232,313.9650394221032,316.4314468384272,51459600
2022-08-11,315.9343566894531,322.0565100360168,315.2324524315432,320.05804792349016,45897700
2022-08-12,322.0857238769531,322.28067906431914,316.9286787001506,317.9815200133958,40928400
2022-08-15,324.6886901855469,325.18588109408125,321.12067900487204,321.14019535456083,38266600
2022-08-16,323.92828369140625,326.0145099905801,320.88670831175966,323.71381210691675,41186900
2022-08-17,320.2335205078125,323.09962711715343,318.15705247956237,320.7989590908964,47842200
2022-08-18,321.003662109375,322.18324085585533,318.57625690160626,320.1847787832666,41937200
2022-08-19,314.7449645996094,318.62493881082617,313.984570932645,317.97179578627373,51770600
2022-08-22,306.4586181640625,310.72853261401207,305.64949311671654,310.4945744799411,51098900
2022-08-23,306.2052001953125,309.03230364766176,305.45453486535706,306.22468679134613,39497100
2022-08-24,307.09234619140625,308.90558147849424,305.1230991263191,305.72751088868176,38057100
2022-08-25,312.5223388671875,312.5418552156538,307.8235102191385,308.86659359349505,38098300
2022-08-26,299.7126159667969,313.42897905659123,299.6248816523211,312.22988392436116,69047700
2022-08-29,296.7586975097656,299.49806614240595,295.65709515383475,296.9634108567236,48321900
2022-08-30,293.4540100097656,299.02051358519344,290.93887004220585,298.40634354355325,51184500
2022-08-31,291.7479553222656,297.2462104165781,291.6407344093384,296.3493211651862,50044000
2022-09-01,291.8747253417969,292.2451789926336,285.5868607043659,289.2620929366268,57990700
2022-09-02,287.7510070800781,296.11533836235265,286.14245551571184,294.740774703101,64666800
2022-09-06,285.6842956542969,289.1450856998673,283.55909620691773,288.22870983713847,57005400
2022-09-07,291.4555358886719,292.4498879753912,285.89879071160016,286.1620234334771,49260400
2022-09-08,292.9665222167969,294.2825963801712,288.02397753736875,289.3887830676894,55649800
2022-09-09,299.3714294433594,299.8686203463064,292.96655625452206,295.21849307882025,56125200
2022-09-12,302.92962646484375,303.26107708875264,300.433973737331,300.7459377659019,45905700
2022-09-13,286.31793212890625,295.4036535312114,285.43080119279574,294.21431675154446,79562200
2022-09-14,288.5893859863281,289.46675884397393,285.69403473072657,287.45853861960694,54907200
2022-09-15,283.7833251953125,289.07683720153153,282.1845316517043,286.6786766366504,65299400
2022-09-16,282.04803466796875,282.4379748363864,278.44102117141784,280.48824424377034,79920400
2022-09-19,284.2444152832031,284.400677606814,279.35158353034615,279.4101781762014,52613800
2022-09-20,281.9787292480469,284.26401019805775,279.68367258756734,281.74432082476693,51271100
2022-09-21,276.9295654296875,287.07663224508104,276.7928545224379,282.8185658383124,82931000
2022-09-22,273.5212707519531,276.41205021078554,272.3004988752839,275.40613537657015,62757100
2022-09-23,269.06781005859375,271.3530906940123,265.6593958177249,271.0600876562461,74815200
2022-09-26,267.9544372558594,272.9547121940601,267.16337976468253,268.59900813829785,71176700
2022-09-27,268.0618896484375,273.6578869182652,265.74728193661343,271.31401168769924,69780100
2022-09-28,273.3941955566406,274.6735615836087,266.56765151002577,268.0423230761711,79652100
2022-09-29,265.5129089355469,269.790496968335,262.5537600614113,269.4096019608169,81216000
2022-09-30,261.0107421875,268.75531001739057,260.85447984718013,264.692578581056,78482400
2022-10-03,267.1341552734375,268.7260463983778,261.2744508944166,262.7784500301513,61267400
2022-10-04,275.5330810546875,276.23624679838736,272.4664880101079,272.4664880101079,66696900
2022-10-05,275.3865661621094,277.1737627669192,268.97995884489586,271.77307011007315,55766300
2022-10-06,273.21844482421875,277.5350762751335,272.89614444923643,274.3903676136288,53489400
2022-10-07,262.8077392578125,268.71626240290624,261.4795241414364,268.58929737663533,71354700
2022-10-10,260.18060302734375,263.3936820987609,257.47538399634095,263.003011358752,60393000
2022-10-11,256.6061706542969,261.3720673840886,254.92638786927176,258.51058612594454,66522500
2022-10-12,256.5182800292969,259.1551286146646,255.824890155114,257.2409672276285,50580200
2022-10-13,262.5342712402344,263.8527105635727,248.31471075324347,249.19367526946817,112894100
2022-10-14,254.64315795898438,265.45431746364756,254.057211485012,264.8585952804451,77244300
2022-10-17,263.0518493652344,263.92102317708975,260.5028629694955,260.6005306505108,64576500
2022-10-18,265.1320495605469,270.7280470710159,262.45609815195365,270.06395452452955,69781000
2022-10-19,264.1651916503906,267.28060307677697,261.8017945845762,263.6182883721529,53115400
2022-10-20,262.8174743652344,268.4135023741708,261.655327166655,263.2764857007387,60605500
2022-10-21,268.9798583984375,269.51698580916,260.58094651414814,261.7138257733299,77897700
2022-10-24,271.93902587890625,272.8667941816801,265.61053674960255,269.2435533194643,63963600
2022-10-25,277.564453125,277.94534825838383,271.401999044465,272.87670101628277,59014500
2022-10-26,271.43121337890625,277.33976536779505,270.9429047750638,271.9488193068196,63492400
2022-10-27,266.48956298828125,271.7730662589922,265.9719570015237,270.3179159913899,57760300
2022-10-28,274.644287109375,275.11307408957737,265.69847008078847,265.86450811669073,62651300
2022-10-31,271.45074462890625,273.21841925915885,269.5365535851935,272.3980644421347,47742000
2022-11-01,268.6770935058594,275.47436940975115,268.3157499778509,274.9176905565556,45895900
2022-11-02,259.46771240234375,271.70472764359226,259.3993420290857,268.6479103101824,79803100
2022-11-03,254.39907836914062,258.3153240095523,254.0182130492105,256.86017349853665,70038900
2022-11-04,258.4910583496094,260.3759225749942,253.02199553973088,259.32118901071505,78313200
2022-11-07,261.3330078125,261.87016518539997,257.40701717498183,259.5360356389298,47333800
2022-11-08,263.2373962402344,266.46999663818434,259.3113762035289,262.8467553391268,63213800
2022-11-09,257.16278076171875,262.2802440093061,256.8795535029372,261.49896237595885,64862100
2022-11-10,276.1385192871094,276.4314925318648,267.4466319794542,269.55612875367035,99256700
2022-11-11,281.2266540527344,281.89077633715436,274.6149669615236,275.9529276307415,66961800
2022-11-14,278.76568603515625,282.44752307534816,277.78906858963063,279.17584867203743,55290700
2022-11-15,282.6232604980469,286.4027642223194,279.2832166231135,285.3772982992124,73985400
2022-11-16,278.76568603515625,282.7112288601996,277.9453309573946,280.6701019755309,48859800
2022-11-17,278.15032958984375,279.6250310314814,274.1559690015309,274.31223132284265,55462100
2022-11-18,278.1601867675781,281.2560473660766,275.7186431644725,281.15840946515164,53588600
2022-11-21,275.2986145019531,277.92568713736597,274.4684839884339,276.77328608772194,40083500
2022-11-22,279.2637634277344,279.4199959875596,273.90211352027865,276.0311621488778,41873400
2022-11-23,282.0665588378906,282.69157828572867,279.1074102079972,279.2831941335777,46390000
2022-11-25,280.2110595703125,281.17790119709343,279.72275090159553,280.47473552198113,15498800
2022-11-28,276.0994567871094,280.25008013545914,275.171688273992,278.23825096740205,38714200
2022-11-29,274.00946044921875,276.7244547311427,272.6422025022045,276.3240381530907,35618900
2022-11-30,286.5003356933594,286.60777905651133,273.42345016030816,274.27310214275934,74718100
2022-12-01,286.8520202636719,288.83455209178715,284.0784308462688,286.8227229382906,51547300
2022-12-02,285.7093505859375,286.58832991112297,281.61732212434396,281.7931358717761,53583200
2022-12-05,280.9141845703125,284.85969658337626,279.4590046815222,283.5901061501414,41482100
2022-12-06,275.0935363769531,280.8946451535179,273.70675658958163,280.75793423830896,53937600
2022-12-07,273.97039794921875,275.96270520799345,272.26131799877703,273.9118033066656,45614300
2022-12-08,277.2128601074219,278.17970181412744,273.2477957739849,275.3182199318586,42594900
2022-12-09,275.4450988769531,278.96092644431246,275.0056092545373,276.19708332447607,47860500
2022-12-12,278.9023742675781,278.96099872921496,274.58574220011093,275.6209542237477,35732500
2022-12-13,281.9004821777344,289.9380505630847,279.2245612196013,289.713417930751,80667700
2022-12-14,279.81060791015625,284.59602630462325,276.56823160220193,281.31457696293677,64984400
2022-12-15,270.41552734375,276.3924193203591,269.2240532710019,275.7282970309666,60554100
2022-12-16,267.8373107910156,271.27499316635124,266.2356440158274,269.7417265632705,68300400
2022-12-19,264.0731506347656,268.1945434343501,262.8396575906909,268.1064410562505,44167900
2022-12-20,263.8676452636719,265.6101846699768,261.3321543782554,262.9082582224274,51064200
2022-12-21,267.6952819824219,268.99727911024036,264.0633370791638,264.90525399385257,46394700
2022-12-22,261.1461486816406,264.81723138409126,256.9366225909554,264.68996240368404,60278400
2022-12-23,261.73345947265625,262.3991717432698,257.984074036482,259.8832495982512,39373600
2022-12-27,258.0330505371094,261.2342538072713,257.4946370186043,261.1265531783616,38009000
2022-12-28,254.62631225585938,259.8832981129733,254.2641035283262,257.63171258350565,47139000
2022-12-29,260.83282470703125,261.7726133297164,256.73100004741883,257.42604987120274,45893600
2022-12-30,260.6762390136719,260.8035079939195,256.77021658327436,258.07221410162435,37858300
2023-01-03,258.9141540527344,264.46481485013,256.61360271790414,262.9963816417724,42335300
2023-01-04,260.1475830078125,261.8216181527842,257.0051447252725,261.0286667158381,47754900
2023-01-05,256.0751037597656,258.6497608735615,255.76186078183397,258.4833552095577,45396700
2023-01-06,263.14324951171875,264.25927321969544,254.86129362098688,257.8079594943448,54659700
2023-01-09,264.8465881347656,269.4966260363917,264.2396405992404,265.1304636753524,45568700
2023-01-10,267.0883483886719,267.1960490016231,263.30959545426805,263.8186414304335,35247800
2023-01-11,271.7090148925781,271.8167155041489,267.37225034976825,268.1554324669185,44077000
2023-01-12,273.1775207519531,274.2054419537708,267.97926942885414,272.267099305614,60600000
2023-01-13,275.05706787109375,275.30180669256583,270.3482953359978,270.6811365481586,44802900
2023-01-17,275.6150817871094,276.8975108319857,273.69630790097455,274.8612670906476,36269700
2023-01-18,272.0320739746094,278.6987564529242,271.8265017490513,277.15199051686204,47754500
2023-01-19,269.3594970703125,271.54257775743986,268.12603392620423,270.40698622570585,44150400
2023-01-20,276.7310791015625,277.06392032100797,269.90775941456707,270.96504787665987,60613600
2023-01-23,282.87890625,284.10260033661706,276.7800340425206,277.57298542062097,52799900
2023-01-24,282.30126953125,283.45642934694183,280.7447345507152,281.2635795442268,44875100
2023-01-25,281.6748046875,282.29152139938293,275.2626298782115,277.79812038931897,50872000
2023-01-26,287.16680908203125,287.3430139058109,282.44823629847684,285.0914281565779,51596300
2023-01-27,290.02532958984375,291.98324034411183,285.73750025794106,285.8549701231416,56441900
2023-01-30,284.1612854003906,288.184806386351,283.7893075586196,286.7653095448196,49405800
2023-01-31,288.4197998046875,288.5177013077533,284.09283419741314,284.2005049380446,46705100
2023-02-01,294.5872802734375,297.044438080266,286.14865939638923,288.2142708827891,67562200
2023-02-02,305.15997314453125,307.07871732986723,300.2749953441006,301.0973142806732,83070600
2023-02-03,299.7365417480469,305.81587597885795,298.1310705100029,298.5226466747444,76170800
2023-02-06,297.2010498046875,299.472233376708,295.85988576118507,297.12274652218684,40802300
2023-02-07,303.35870361328125,304.48449634628645,295.9578031919654,297.07379681087605,67584000
2023-02-08,297.96466064453125,302.9867068006364,297.27940976599115,302.04691794916346,56720900
2023-02-09,295.33123779296875,302.4873988896817,293.8824030198418,302.34056156474935,49137800
2023-02-10,293.39288330078125,295.2235247316899,290.99443112772474,293.1775119633013,50050100
2023-02-13,298.0919189453125,298.6792981596832,293.61808560255224,294.7928440312936,39636700
2023-02-14,300.29449462890625,301.2440823269029,294.5774000928948,296.5157420602919,64079100
2023-02-15,302.5951232910156,302.76152898056733,297.79824775573866,298.4834986177221,43100600
2023-02-16,296.91717529296875,301.93922151897635,296.7703379509055,297.97446390652266,59498600
2023-02-17,294.82220458984375,295.5759894741586,291.8266035296301,294.7341021910548,58230700
2023-02-21,287.84222412109375,292.44332595656886,287.70518591500763,291.00426047826875,46526700
2023-02-22,288.0575866699219,290.12316793850295,286.40314988236787,288.41979533784604,51389200
2023-02-23,290.5734558105469,291.8558845832414,286.39329847290975,291.69924818443326,69294400
2023-02-24,285.7080993652344,286.80452447929275,283.94596196734597,285.6199969766415,74332000
2023-02-27,287.754150390625,290.2504746907463,287.1667711802001,288.86037476393324,48995000
2023-02-28,287.38214111328125,289.888264514807,286.79476190581636,287.1276031524654,48243100
2023-03-01,285.07183837890625,287.74436763145235,284.09288293100525,287.0884842115543,58287000
2023-03-02,287.4310302734375,288.2337807308163,282.3013144366762,282.5852198180112,53565900
2023-03-03,293.3733825683594,293.60835220800186,288.664608915135,289.17368490490077,60511500
2023-03-06,293.7062072753906,297.60246077353855,293.5104341079863,294.60685944656973,56736300
2023-03-07,290.10357666015625,294.6753105306391,289.4966292239997,293.75509026442063,65955800
2023-03-08,291.55242919921875,292.14957749903186,288.6742986755347,290.5245083691372,50876300
2023-03-09,286.5010070800781,294.6459207938577,285.6884576057452,292.05166584300946,71456700
2023-03-10,282.47760009765625,288.1555599735765,281.3322388826236,286.6675284800623,98593600
2023-03-13,284.572509765625,288.2729594904219,279.18825578177353,280.69585526234823,97123600
2023-03-14,291.1119689941406,291.66018164030856,287.2744804709651,288.1163677935271,73602500
2023-03-15,292.63909912109375,292.97194033630325,287.06884110333795,288.5079065817894,83631500
2023-03-16,300.353271484375,300.7154801632473,290.9357263323166,291.7286777307518,98198100
2023-03-17,298.9338073730469,302.64405671369144,296.9856956821453,300.2652022556537,89923700
2023-03-20,299.9946594238281,300.3182016304703,296.11200333614676,298.318062691674,56359500
2023-03-21,304.279296875,304.7303050536793,300.4162396258416,301.92617299814253,49757000
2023-03-22,300.1417541503906,309.09345846451083,299.9750908495816,304.2107024963731,75791900
2023-03-23,303.7007751464844,308.0148398987107,301.01429521727215,303.8674683177136,74576000
2023-03-24,304.8186340332031,304.9166571928617,300.95557602011434,303.2792874300912,57195200
2023-03-27,302.730224609375,306.5932826036852,301.877219657616,305.5147585582891,50287400
2023-03-28,301.12225341796875,302.18117887054166,298.818140547797,302.15176593694804,48585900
2023-03-29,306.6128234863281,307.23052486511835,303.9949533385013,304.80876084190845,53274300
2023-03-30,309.5150451660156,310.1425609016153,306.7010984828793,309.0836355781901,58354800
2023-03-31,314.6624755859375,314.8978089163373,309.4365795714031,309.74052311497604,62138100
2023-04-03,313.8977355957031,314.16248187414095,311.22106933395645,312.54468103976296,47126800
2023-04-04,312.83880615234375,315.3488088526903,311.62300208821887,314.3389251874852,45875400
2023-04-05,309.75042724609375,312.82909078350883,307.9365498194807,311.88784695366496,62795700
2023-04-06,311.8387451171875,312.3289805472863,306.7109016681759,308.1031535335626,46916500
2023-04-10,311.66229248046875,311.7113339803602,307.13252153137245,308.91698582089475,45134700
2023-04-11,309.66204833984375,311.6818455118232,309.1522143470826,311.6229897418977,40113600
2023-04-12,306.9266357421875,312.20157426085683,306.4658131970577,311.61328570428276,62813300
2023-04-13,312.9368896484375,313.4074964995308,307.5050728431719,308.6816198925004,54613800
2023-04-14,312.3486328125,314.10365424185954,309.44641730257223,311.3877605248295,56278300
2023-04-17,312.61334228515625,312.9663273730386,309.8680356976164,311.93681496151294,43007000
2023-04-18,312.63299560546875,315.14302910937573,311.43684960725466,314.72140380267086,46746900
2023-04-19,312.48590087890625,313.54482630431767,310.1033635541306,310.2308295703005,38960100
2023-04-20,310.1033630371094,313.0349617177291,308.81894843593886,309.5248887445028,62462100
2023-04-21,310.4268798828125,311.2014602783377,307.96591824991697,309.7405682000311,59002300
2023-04-24,309.7798156738281,311.53483717073317,307.6129532814445,310.2014110107428,44043100
2023-04-25,303.93621826171875,308.8189749757081,303.83819509172747,308.15226182743396,57121600
2023-04-26,305.7794494628906,308.78950225458004,305.25980109181694,307.3187959302285,55400500
2023-04-27,314.0939025878906,314.5939224699134,308.89738814047394,309.53471825160346,65430400
2023-04-28,316.26068115234375,316.34891993997377,312.7309800391621,313.8585155543405,59712600
2023-05-01,315.89794921875,317.3098298316283,314.8194251503569,315.79989613587793,41013400
2023-05-02,313.1427917480469,316.1528445049361,311.4073391555542,315.82927236122555,56519400
2023-05-03,311.0936279296875,316.1724601360595,310.9857605687903,313.5055780252668,59882100
2023-05-04,309.9954833984375,312.0152509660593,308.9659710477048,310.868086900179,50224500
2023-05-05,316.5842590332031,317.4372639173498,310.0346907683038,312.2505645476067,51806100
2023-05-08,317.3686218261719,317.7117926187996,315.0449106259388,316.12343457922753,36465800
2023-05-09,315.358642578125,316.57441679561487,315.04488474083917,315.7115977038759,31768800
2023-05-10,318.79034423828125,319.6433491912204,315.319468640695,317.79024470316693,60446600
2023-05-11,319.82958984375,320.3688368200273,317.79019380506895,319.3393544392817,44278500
2023-05-12,318.68243408203125,320.7806560298409,316.63325362889475,320.35903083067103,48432800
2023-05-15,320.40802001953125,320.6433234064448,317.63327125528434,319.1530187533418,33375600
2023-05-16,320.7708435058594,322.47685319202157,319.653092386239,319.69231959787356,40019200
2023-05-17,324.6535339355469,325.23200820146195,320.6532256526634,321.8297728315827,47486100
2023-05-18,330.6833801269531,330.89908490254527,325.0260743111693,325.0456729556433,64213500
2023-05-19,329.938232421875,331.6050147982993,328.8793072212349,330.8990746384038,61554900
2023-05-22,331.04620361328125,332.0560874268677,329.67352043849854,329.68333472224884,43015900
2023-05-23,326.84979248046875,330.4775470856532,326.4968372890107,329.33041279181475,48216700
2023-05-24,325.1731872558594,326.40859023792507,323.1240065441085,324.8986565844669,62891200
2023-05-25,333.0855712890625,334.35038711270875,330.0951470491142,332.5169113394895,66862800
2023-05-26,341.5959777832031,342.429383842729,334.00714432033766,334.10519737232727,63007000
2023-05-30,343.1451721191406,347.0180137219366,341.72347752877147,345.82183818127095,72652200
2023-05-31,341.194091796875,343.75313665172007,339.74301387485724,341.56667556223636,65105400
2023-06-01,345.1355895996094,346.45920144834014,339.89006401888,340.9391751193457,50488600
2023-06-02,347.7239990234375,348.88094750532804,345.13557140426553,346.8905927733445,53372100
2023-06-05,347.9690856933594,350.5183157925331,346.9396033079213,347.5082632141949,47266200
2023-06-06,347.9102783203125,348.87115054026856,346.03757537663273,347.36121702936515,41390400
2023-06-07,342.0078430175781,350.1457389597309,341.3803273223321,348.19461157771684,69225900
2023-06-08,346.2532958984375,346.7141184230231,342.0765101683278,342.3019993278159,47153900
2023-06-09,347.57696533203125,350.6752572454701,346.1356717824505,347.7044313479588,53196900
2023-06-12,353.449951171875,353.54800424786055,348.26328156629364,349.2339381988758,44606500
2023-06-13,356.16583251953125,356.9992087625755,352.99890106254253,356.19524544667877,57097800
2023-06-14,358.75433349609375,359.0386784646019,353.3813715572253,356.1756899744658,69525600
2023-06-15,363.02911376953125,364.50960427288277,356.8717585834689,357.48943002914655,71138800
2023-06-16,360.74462890625,365.5685586035656,360.30343498129747,365.44109260693637,80932000
2023-06-20,360.228271484375,361.6224633379232,357.2730258049933,359.29556429542356,49204700
2023-06-21,355.31915283203125,359.5213235035701,354.39624352898204,359.0893221292644,53378300
2023-06-22,359.5115661621094,359.66863034985084,353.6697491678414,354.072297310212,47603000
2023-06-23,355.9475402832031,358.24498586469036,354.2588157580104,355.62352426121214,48922900
2023-06-26,351.1759338378906,358.205739876282,351.0875739948804,355.4173860782574,52685500
2023-06-27,357.2139587402344,357.9405226632512,351.9907224880217,352.717256448404,49428100
2023-06-28,357.9111328125,359.8551088807115,355.319124771365,355.39768681283925,46498000
2023-06-29,357.1943359375,358.25471357911704,355.55472064208976,357.6165094602574,46151000
2023-06-30,362.7024841308594,363.7530044914918,360.5523046687873,360.8664630208375,58712500
2023-07-03,363.5566101074219,364.18495668920536,362.2606059565248,363.34060941560574,19432900
2023-07-05,363.5467224121094,365.24527438869455,361.95618574494205,361.995466763152,34460900
2023-07-06,360.77801513671875,361.2198442191098,357.8914743704505,359.84530813103913,49374700
2023-07-07,359.5802307128906,363.743150330814,359.3544322413483,360.5522487881697,47133700
2023-07-10,359.6980285644531,360.37548387562833,356.8016898800324,359.3053082299297,48498800
2023-07-11,361.47509765625,361.92672448646726,357.9896339609882,360.1201872029611,38214100
2023-07-12,366.0406188964844,367.3857019143718,363.56642359921375,365.5693364678033,61975400
2023-07-13,372.2554016113281,373.08012317046627,368.6324994277994,369.21176707186186,46960000
2023-07-14,372.1768798828125,375.8979397656504,371.30304953879863,372.68741325380597,55148500
2023-07-17,375.65252685546875,376.5263572948827,372.41254671777875,372.89362686917195,40868900
2023-07-18,378.72564697265625,380.09038542435553,373.090033424241,375.0143841544682,55262000
2023-07-19,378.6372375488281,380.9248850227104,377.3117802953621,379.7859751585357,54093000
2023-07-20,369.90887451171875,377.1153977994697,368.88777784444255,375.65247210388713,71941700
2023-07-21,368.79949951171875,373.011497977501,368.3674981325286,372.284933860149,60499600
2023-07-24,369.3885498046875,370.7139770949079,367.5329036581569,369.77144236598883,40380100
2023-07-25,371.8921813964844,373.5514524681498,370.0758162038911,370.095471695657,38894400
2023-07-26,370.65509033203125,372.34381470791544,368.3576449536726,370.85146547724776,47075700
2023-07-27,369.7714538574219,377.71433991325176,368.48527758406664,376.1041776164192,63940200
2023-07-28,376.5067443847656,377.52781127244975,373.30601519848796,373.81654864233,56902900
2023-07-31,376.70306396484375,377.8812548630225,375.3874344407064,376.81107927911904,44019900
2023-08-01,375.8292236328125,376.58521090195285,373.7674047611325,375.3579413310286,41060600
2023-08-02,367.58203125,372.3634693955508,366.3449337556179,372.3634693955508,72687100
2023-08-03,366.9929504394531,369.1136762448415,365.00966327079766,365.1765851468035,47666400
2023-08-04,365.2747497558594,371.22455096243897,364.7740141219679,368.9172778959113,61702800
2023-08-07,368.36749267578125,368.465680253714,364.7544175239334,367.081316303995,37230400
2023-08-08,365.2355041503906,365.88350622101325,362.1133368704618,365.86388069013714,44726500
2023-08-09,361.2198181152344,365.6772697868786,360.4638308120875,365.5201756792174,51150900
2023-08-10,361.8874816894531,367.55254806206125,360.36567918634705,364.22420808465364,72035300
2023-08-11,359.5802307128906,361.3082362132604,358.05842811607096,359.3347767480718,48707200
2023-08-14,363.615478515625,363.7332916146843,358.0682253755608,358.78493171571785,42130800
2023-08-15,359.75701904296875,363.4388289113514,359.08936141522486,362.643530414147,45539900
2023-08-16,355.9475402832031,360.74860439303535,355.84935270191363,359.2169740053772,53190500
2023-08-17,352.0594787597656,357.68529379874263,351.6471329234823,357.34165229341386,62604300
2023-08-18,351.61767578125,352.8743987300196,348.25985276668825,348.7998694013037,61191400
2023-08-21,357.28277587890625,357.96023120114785,352.61915066898786,353.080605309317,50696500
2023-08-22,356.77227783203125,359.8944453018499,356.08499469521337,359.8846175544928,44530200
2023-08-23,362.3980407714844,363.4878719658875,357.73441539699064,357.95041608652554,51770600
2023-08-24,354.6514892578125,365.96199600197286,354.44531633819787,365.8638383962967,66842500
2023-08-25,357.4005432128906,359.0892674290299,352.0594633647589,355.4860205600163,69960500
2023-08-28,360.0907897949219,361.0234968724042,357.6264224298036,360.3165882637422,40910000
2023-08-29,367.9550476074219,368.3085168289508,359.5703633644609,359.894349351779,58492400
2023-08-30,370.007080078125,370.58637775483646,367.06163274123446,368.06310401186664,41731500
2023-08-31,371.11651611328125,372.81506810320485,370.01688729587056,370.0856215876183,35730700
2023-09-01,370.7238464355469,373.9049202292134,369.2412949010862,373.48274660106966,39801200
2023-09-05,371.1951599121094,372.41260209059874,368.9958718302208,369.91878121154167,32344200
2023-09-06,367.9256591796875,370.76312134618934,365.9227764343656,370.4194798088334,42998700
2023-09-07,365.2943115234375,366.0699542407641,362.43722451796464,363.47794666203777,52060700
2023-09-08,365.80499267578125,368.0337341754048,364.8428321703512,365.2453803265063,35800100
2023-09-11,370.1150817871094,370.6256151868504,366.86527407523045,368.8289055609646,39936600
2023-09-12,366.01116943359375,370.0955273034834,365.72643442396486,368.4460537672233,41391000
2023-09-13,367.4053039550781,369.00566859817417,365.11768618873833,366.24676843328615,46300700
2023-09-14,370.4096374511719,371.3914532548078,367.0911252035005,369.1529144210235,48039400
2023-09-15,364.067138671875,369.47695367857045,363.13440161463706,369.07440557821735,69811200
2023-09-18,364.4466247558594,365.55768735077066,362.8439436680501,363.1290907956141,36903500
2023-09-19,363.669921875,364.4663415704106,360.6513766064102,363.12915344192453,37621700
2023-09-20,358.42926025390625,365.0857646079365,358.35058448266557,364.7318136553982,45514200
2023-09-21,351.8612060546875,355.5385331276179,351.6940725549264,354.7519254622252,69734800
2023-09-22,351.91033935546875,355.73511547676003,351.59569633093804,353.6015081048086,51589700
2023-09-25,353.5818176269531,353.6703353558498,349.96351292975584,350.946749858734,39168000
2023-09-26,348.2723693847656,351.54656539828693,347.28913238471915,351.00576704465425,53657700
2023-09-27,349.0884704589844,350.9959526262273,345.47013551952676,349.4227674359429,56066000
2023-09-28,352.00872802734375,354.132523789734,347.31866779980953,348.17407928618576,56453300
2023-09-29,352.2643127441406,356.86588475516515,351.0352664817327,355.4795169704476,64829600
2023-10-02,355.20428466796875,356.6004647050839,351.92027598191527,352.52987825215024,51625100
2023-10-03,348.9704895019531,354.9583992356811,347.35796641786914,352.7657699218875,60478500
2023-10-04,353.7194519042969,354.56502118074,349.34403597979787,349.8061584931584,54786700
2023-10-05,352.67730712890625,354.11282484978915,349.1868275319199,353.70969405026443,45897400
2023-10-06,358.5865478515625,359.776256226346,348.90165734771625,349.688234949587,75049100
2023-10-09,360.4153747558594,360.95614313711815,354.7322657423187,356.2267752731896,45304800
2023-10-10,362.41131591796875,365.0562258023892,360.24821255924587,360.7496430164254,46968800
2023-10-11,364.99725341796875,365.1840708551433,362.01804640146526,363.7387112131161,38215100
2023-10-12,363.72882080078125,367.47495100562713,361.3395623248104,365.49866523210005,49587900
2023-10-13,359.15679931640625,364.93823750281996,357.76058961591417,364.3581312910555,52469900
2023-10-16,363.21759033203125,364.26966114247915,360.3268710993312,360.4743506507929,44201100
2023-10-17,362.0278625488281,363.7190313290247,357.56395832563294,359.6779117993759,50999100
2023-10-18,357.2789001464844,361.7428054809417,355.9515239119674,359.54036373277734,54280500
2023-10-19,353.935791015625,359.8843623073377,353.1393715205298,358.694654050197,72274200
2023-10-20,348.6559143066406,354.0047270319432,348.4297589502998,353.43443265717684,72559700
2023-10-23,349.7079772949219,353.2377951328684,345.2342301698792,347.33837211559495,60665200
2023-10-24,353.10992431640625,353.8768480102766,349.82591619106324,351.51708510652264,47082100
2023-10-25,344.46722412109375,350.8976020760696,343.88711793030996,350.7206266292562,71190500
2023-10-26,337.899169921875,344.2017215529706,336.61113208525865,343.2676345694672,78621400
2023-10-27,339.5216369628906,342.99246309737146,338.3122443982007,340.6228578318677,63476700
2023-10-30,343.3464050292969,344.66393913377567,340.64250302235547,341.9993450062409,55298500
2023-10-31,344.98828125,345.36191602416847,340.80952497070405,343.37578854770015,47671900
2023-11-01,350.97625732421875,351.5367095936347,345.7257755512951,345.8241052486329,58992700
2023-11-02,357.3476867675781,357.5836540648614,354.26030793338845,355.47954231671883,58162400
2023-11-03,361.54608154296875,362.8341196576423,358.40955300253114,358.6357083226237,53280500
2023-11-06,363.02093505859375,363.58138736654087,360.7595018944036,362.313003197506,38848700
2023-11-07,366.4525146484375,367.31773817514664,362.86367488119225,364.06322545956056,50777400
2023-11-08,366.6883850097656,367.5241424058781,364.4072681186854,366.8260225775669,35663400
2023-11-09,363.8665466308594,368.51723872892944,363.3749281000011,367.37671014263054,53859400
2023-11-10,372.047119140625,372.194598711743,365.05628740946634,365.58724387150767,58309800
2023-11-13,370.8868408203125,371.9389116697702,368.9498626232603,370.4738980609081,40733500
2023-11-14,378.8707275390625,379.7851608200815,376.7567738366485,377.2778882842763,67792600
2023-11-15,379.1559143066406,381.2502142886085,377.79904220530835,380.7585957015181,54141400
2023-11-16,379.48040771484375,379.7163750399059,377.13045641403386,378.38899882439534,45343500
2023-11-17,379.5688171386719,380.58155004111273,377.8481524011065,378.7527136312029,46571900
2023-11-20,384.1900634765625,384.8488455509978,379.5786789735627,379.5786789735627,44429600
2023-11-21,381.9580993652344,382.7053691278028,380.2177805827414,382.4890557757968,43337000
2023-11-22,383.52142333984375,386.4809763234996,382.5185323980325,384.0228838137554,44121000
2023-11-24,382.98065185546875,383.708237630474,381.98757288773646,383.1182894317616,15718800
2023-11-27,382.6463623046875,384.5931523904098,381.7712669585099,382.4890407815765,34139700
2023-11-28,383.64923095703125,384.22933716140074,381.5450894644949,381.8990703724216,35491100
2023-11-29,383.27557373046875,387.5330063124105,382.9314348141395,386.10730080447894,38811700
2023-11-30,382.3120422363281,384.0032111328756,379.35251917187975,383.54108852724886,52834400
2023-12-01,383.40350341796875,383.993451719553,379.5983803814753,381.25021162109743,40490100
2023-12-04,379.8441467285156,380.1194519039936,376.2454955023304,379.617991403439,51186900
2023-12-05,380.79791259765625,381.9876211111443,377.7695254647577,377.9465309509255,42933000
2023-12-06,378.5953674316406,383.8261950942935,378.2512585113688,383.72786540021167,41994100
2023-12-07,383.88525390625,384.711169469861,380.4734199676345,381.5648287522021,49593500
2023-12-08,385.5960998535156,386.03853853703976,381.96795261854504,382.1547700647045,46687500
2023-12-11,388.889892578125,389.1553857754819,384.9667864981938,385.17325786923954,41198000
2023-12-12,391.98712158203125,392.10510522515955,387.7985222148973,388.92923880289453,39221200
2023-12-13,396.9721374511719,397.5817396526688,392.1542816587449,392.92120539708213,55408100
2023-12-14,396.62799072265625,399.48918400821196,393.6290998471996,398.1913339633251,55447800
2023-12-15,398.5453186035156,399.7252151143467,396.80499975575367,397.4047599779828,62896600
2023-12-18,401.05560302734375,401.9521395300037,398.6123238311212,398.93742692657247,46610000
2023-12-19,403.10479736328125,403.223016658827,401.3215861682606,401.5087767415231,35711900
2023-12-20,397.1148376464844,404.3954880510741,396.93750866811394,402.30686657439776,54042400
2023-12-21,401.73541259765625,402.0999622336259,398.4842612297436,401.0359282858349,45568900
2023-12-22,402.33636474609375,403.9028306330073,400.46448897301167,402.94718451843084,34314000
2023-12-26,404.7993469238281,405.46927631391304,403.09493855857704,403.19346466087075,22722500
2023-12-27,405.6234130859375,405.9092800502517,404.22367871610646,405.0812796090491,31980500
2023-12-28,405.4262390136719,407.0231291661203,405.0713945898557,406.7766994001063,27029200
2023-12-29,403.6717224121094,405.7614724182198,401.7594247269773,405.40659785802626,42662100
2024-01-02,396.84063720703125,400.2906539557308,394.52419137369554,400.04422418796656,58026900
2024-01-03,392.6415100097656,395.2733934715993,392.20782124327246,394.2186667232616,47002800
2024-01-04,390.6208190917969,393.88354736855206,390.40395965579967,390.7785377799552,39432800
2024-01-05,391.08404541015625,393.8539136213913,389.694177896052,390.7883417185422,44922800
2024-01-08,399.1669616699219,399.452798550121,392.1584832247877,392.30633507346994,42473800
2024-01-09,399.95562744140625,400.8822060396788,395.97331283277316,396.1704687360612,39132900
2024-01-10,402.66632080078125,403.67174362426346,399.3838888757624,400.271030200219,33962800
2024-01-11,403.504150390625,405.3277368811252,398.46710976275995,403.9378692342606,54536200
2024-01-12,403.7111511230469,405.3770189692426,402.32128344819796,404.5391516370874,39595000
2024-01-16,403.6717224121094,405.2488791736917,401.02013531515087,402.47901058392307,43903000
2024-01-17,401.3946533203125,401.7692313792926,397.1659401767958,400.369527148298,54386000
2024-01-18,407.09222412109375,407.67379492691134,403.31693225222136,404.6574961269668,59562500
2024-01-19,415.1651611328125,415.32287979779335,408.7087130945052,409.29028375063245,70325100
2024-01-22,415.7073669433594,418.66452452840616,415.10606259188336,417.36336797136255,44880600
2024-01-23,417.4323425292969,417.64920193832427,414.56389628879094,416.3973194073097,33003800
2024-01-24,419.748779296875,423.7113895972311,419.25591971378685,421.3358027969349,46948000
2024-01-25,420.26141357421875,422.9130007968281,417.92526373522617,422.24268883620135,44367200
2024-01-26,417.75762939453125,420.12334933160764,417.10705114752705,418.378637270388,37137000
2024-01-29,422.0356750488281,422.2328309241424,417.5605013987106,418.2110796891318,38694700
2024-01-30,419.2263488769531,421.57236530293176,418.31950409086363,421.00066142315893,36739000
2024-01-31,411.01531982421875,416.8310568585981,410.83789759483614,414.83991498252755,64010600
2024-02-01,415.855224609375,416.3480842137605,411.84334021005407,412.8093558640843,51008600
2024-02-02,422.8834228515625,424.09583827037693,416.7522479454366,417.7478039271174,59602400
2024-02-05,422.3313903808594,423.4747981460052,418.93064721196345,422.942531453122,39889200
2024-02-06,421.4836120605469,424.07605801868084,419.14746268588124,423.47475374556484,35846100
2024-02-07,425.8207702636719,426.64877067040624,422.9621909848072,424.2633473732864,37712700
2024-02-08,426.60943603515625,427.36842901648737,425.2590054966157,425.9391240933782,29889900
2024-02-09,430.8085632324219,431.5971566394753,426.95442764216807,427.7429909674589,36943900
2024-02-12,429.1230163574219,432.8687675710771,428.4428676657303,430.7001731799207,33203300
2024-02-13,422.4299621582031,425.1111196554867,419.25594504804957,421.1781095709481,64491700
2024-02-14,427.03326416015625,427.45711618773214,422.7552465307985,425.1012629911668,45092700
2024-02-15,428.3048095703125,428.7680987438799,425.1702000155277,427.723238919538,38796100
2024-02-16,424.421142578125,428.778004795636,423.7114235183895,428.6794569365382,53716500
2024-02-20,421.2174987792969,423.9380630768234,417.45204454629345,422.42991403651456,53999500
2024-02-21,419.53192138671875,419.62066258394424,415.60877834354727,418.4870614733529,49779000
2024-02-22,431.8139953613281,432.84898843636626,427.516244223805,428.2851039577148,53887800
2024-02-23,430.5424499511719,434.2980378621783,429.5665975263201,433.37145936679343,39853900
2024-02-26,430.3157043457031,432.3364467529688,430.1284152913282,431.35072755384294,33043200
2024-02-27,431.3506774902344,431.73509229076075,428.8173722228794,431.41968504578705,33713200
2024-02-28,429.053955078125,430.4339859261525,428.0978063183257,429.211673748807,32938800
2024-02-29,432.7306823730469,433.8051125759615,428.80750954852294,431.97168949991254,42495200
2024-03-01,439.24627685546875,440.20242559258236,433.55868843719577,433.6178291770783,43853000
2024-03-04,437.678955078125,439.6701267810901,437.4325253193824,439.246244733917,34325700
2024-03-05,429.8227844238281,434.6528318870952,427.457064694289,434.64296507032464,57917100
2024-03-06,432.52374267578125,435.67802611401623,430.6508821840537,434.03189187112264,46234500
2024-03-07,439.0885925292969,440.34044497796555,434.56411531208056,436.10186480922084,44526700
2024-03-08,432.7503967285156,442.2330399205405,432.08011494731943,439.44343796840656,72096000
2024-03-11,431.1437072753906,432.3955597485058,429.2215429277489,431.26198875861274,45860000
2024-03-12,437.3241882324219,437.67903270870585,430.22699788911217,433.4503189575067,55300900
2024-03-13,433.9628601074219,436.348313710143,432.84899264375196,436.32858007461937,37928700
2024-03-14,432.86871337890625,435.7174260233508,430.1579857702073,435.19499608749015,52195200
2024-03-15,427.7232666015625,432.6025583426968,426.5600951429745,429.8425567567074,73069800
2024-03-18,431.8026428222656,435.3164407459144,431.5657369238867,433.036421029208,47323800
2024-03-19,432.87847900390625,433.2831618565317,427.70646045459057,429.79897352411336,43004100
2024-03-20,438.0110168457031,438.34660092162113,432.375126124526,434.072806234284,43653500
2024-03-21,440.083740234375,443.50870969307005,439.8863537969903,443.05468775339364,39345700
2024-03-22,440.587158203125,441.6827388437059,438.72167100878715,439.5705261179978,28253900
2024-03-25,438.9881591796875,440.46869300537145,436.7969679128137,437.79384020612855,27789200
2024-03-26,437.5668640136719,441.42612597443406,437.3398379730838,440.5081720687791,34142000
2024-03-27,439.0572204589844,440.7450506792977,436.19486113525744,440.64634240160973,41359200
2024-03-28,438.2479553222656,439.85680713043763,437.8926114897747,439.00795195171196,36839600
2024-04-01,439.1756591796875,441.7221638936199,437.2706829241046,439.19538878529454,38729000
2024-04-02,435.38555908203125,435.70141356819596,432.3455424869359,434.36892692844134,44259700
2024-04-03,436.3626708984375,438.2380076998727,433.25355592217153,433.26340566492473,39949800
2024-04-04,429.69036865234375,441.14971546365445,429.463342635114,440.5377362156701,57267700
2024-04-05,434.75384521484375,437.4188182797079,430.30236365621766,431.1117294162477,54744600
2024-04-08,434.8822021484375,436.75753923042924,433.50037641020896,435.6816881156105,28144900
2024-04-09,436.49102783203125,437.4879002041386,431.7631810076288,437.21153507302864,39443600
2024-04-10,432.6810607910156,433.5397655709517,430.61818732202715,431.32884474706685,61502200
2024-04-11,439.5902099609375,440.5377431354332,432.2763695555441,434.54653939889255,45474600
2024-04-12,432.5823669433594,436.5008477151884,431.2104212468401,435.3756576589064,53665000
2024-04-15,425.4659118652344,436.41198765794667,424.6269367249486,436.3231592484862,63453600
2024-04-16,425.50543212890625,428.1309157561056,424.1236065676271,425.3080155680643,47619000
2024-04-17,420.31365966796875,427.4991822952907,419.3858561040903,427.4794526889554,56880500
2024-04-18,417.91522216796875,422.68252783849687,417.3427322200064,420.9552383732777,46549400
2024-04-19,409.2689514160156,417.26384121041116,407.7094688229833,416.74072039081034,75231000
2024-04-22,413.384765625,415.71412423818316,408.56809106444433,411.89435202933066,47807700
2024-04-23,419.5536804199219,420.7479692653061,413.4341285924877,415.30946540362476,44384700
2024-04-24,420.97503662109375,424.15325073276335,418.69501672810685,422.64310729557025,48440300
2024-04-25,418.9416809082031,419.8003855996726,412.71357180772674,413.7992723794724,57392200
2024-04-26,425.4067077636719,426.93658062696824,421.3796691199886,422.0705668137359,41874900
2024-04-29,427.1340026855469,428.1309050863392,424.39996110309824,427.5090760688762,30022200
2024-04-30,419.0799560546875,426.9465280185499,419.0010074937719,425.55482242527086,43665900
2024-05-01,416.0497131347656,424.5578723823268,415.2008882435549,417.65856462835495,52251700
2024-05-02,421.3599548339844,422.2581490421064,415.17133378600425,419.7807126012592,36559000
2024-05-03,429.82861328125,430.81563588260366,427.00571297817805,428.8021013418112,48515300
2024-05-06,434.5367126464844,434.62554106855646,430.85510739461773,431.62498384078225,30227200
2024-05-07,434.60577392578125,436.2343550995329,433.87535676036975,434.980847312053,30996100
2024-05-08,434.34912109375,435.7507063041749,431.87168496757545,431.99015297025323,24896700
2024-05-09,435.2967224121094,435.86921242263395,432.7699468137264,434.6156743673887,24580100
2024-05-10,436.3232116699219,438.54401253785653,434.7834588112103,436.79699336550215,27116600
2024-05-13,437.3299865722656,438.3268890969221,435.91855139882017,438.22818080669674,22994200
2024-05-14,440.1429748535156,440.6759754843591,436.71800527283966,436.9055419740339,34478300
2024-05-15,447.0225524902344,447.26930815291627,441.10041658586863,442.61056003662026,41464700
2024-05-16,446.1144714355469,448.78929416263776,445.9466643453945,446.8349786328984,34780400
2024-05-17,445.8973083496094,446.8448415455645,443.7061171254062,446.2427421383118,35803700
2024-05-20,449.0064392089844,449.66772746028334,445.9269336218566,446.11447031915947,24474200
2024-05-21,449.8849182128906,450.07245492877826,446.96333956141524,447.1607561428363,23167700
2024-05-22,449.7960510253906,450.8916617512401,447.2001768232706,450.14151495233557,25120000
2024-05-23,447.772705078125,454.60288504056865,445.9861964671522,454.5732755655293,40899200
2024-05-24,452.00701904296875,453.2704067865792,447.68385516546965,449.3815352698405,29669500
2024-05-28,453.7145690917969,453.77378804166995,450.76338097747106,453.2210577618272,26216800
2024-05-29,450.5166320800781,452.29326084604094,449.43090111352683,449.5690987463341,29739200
2024-05-30,445.69000244140625,449.72695101515984,444.3673958922953,449.58875340539146,30536800
2024-05-31,444.8609313964844,446.6079806125884,437.310214806021,445.91705276915746,55941300
2024-06-03,447.24951171875,449.66769877879955,442.0873731829806,448.6708265331581,32997500
2024-06-04,448.4734191894531,449.6677080088743,445.2754758521607,446.99288540418263,23767400
2024-06-05,457.5145568847656,457.5935054345104,448.51291613698316,452.03659383490276,33817400
2024-06-06,457.3566589355469,458.51148863504653,456.1919794926597,458.1956341727769,21966800
2024-06-07,456.9519348144531,459.6958561995147,455.8464744178149,456.9914241490578,25829700
2024-06-10,458.79766845703125,459.1530122303262,455.5405061631022,455.8267511302652,20660800
2024-06-11,461.9463195800781,462.06478759754907,456.03406367638996,457.52447748377983,22053300
2024-06-12,467.99676513671875,470.31627429764677,465.1738949266606,465.8647926816662,34532600
2024-06-13,470.533447265625,472.1817883738638,468.2633071789425,471.52046993314633,25859000
2024-06-14,472.9712829589844,473.04038175859114,469.87201805526155,470.3359198044961,23372600
2024-06-17,478.76519775390625,480.54182645137206,471.93501797592035,473.23786496400976,37054500
2024-06-18,478.9132385253906,479.59428654506,477.1563394611156,478.71585207369253,24438600
2024-06-20,475.2217102050781,480.5220160536516,473.395712609852,480.10748348398926,33918700
2024-06-21,473.948486328125,476.27787523634794,472.45810274298066,474.94538875408216,37456800
2024-06-24,468.552734375,474.45462577219325,468.4143472780598,472.72459095925706,37751000
2024-06-25,473.91094970703125,474.2075150589822,469.69954069283574,470.63871458970596,29014700
2024-06-26,474.8896484375,475.4333918119505,472.6752133443042,473.0904048395707,22737100
2024-06-27,476.115478515625,477.5885001823093,473.831834848692,474.6424870183552,26222100
2024-06-28,473.6439514160156,481.641681382078,473.0013731209687,476.9063207260723,34881600
2024-07-01,476.42193603515625,476.9854101515006,470.82650561613593,474.56337955053453,24898300
2024-07-02,481.42425537109375,481.4835684420996,474.8006808608911,474.92920257120903,26723600
2024-07-03,485.43792724609375,485.56644895460255,480.67290947959197,480.67290947959197,18064900
2024-07-05,490.49951171875,490.93449434748237,485.9816417886156,486.2782373097051,28495900
2024-07-08,491.6659851074219,492.2195938123946,489.84698076688136,490.8652285816788,22109400
2024-07-09,492.09112548828125,494.295695149638,490.5785818678999,493.17858205149344,25614500
2024-07-10,497.2218933105469,497.77550204894317,492.70405380285695,494.0089714465548,28046900
2024-07-11,486.3177490234375,497.53826719034237,485.13145747225576,497.3306714485331,49966600
2024-07-12,489.1748046875,493.9200313484531,486.42652179722677,486.89116096285716,37109400
2024-07-15,490.4895935058594,495.2941631670739,488.4530977332755,490.9443370805706,31151400
2024-07-16,490.67742919921875,492.75347707724274,487.52382036527973,491.942824926014,25950600
2024-07-17,476.273681640625,483.2234781761037,476.20450316938724,482.7094214942809,56268800
2024-07-18,474.01971435546875,480.1687545064157,470.83644861489324,479.99081528245364,49347400
2024-07-19,469.8181457519531,476.1945720575138,468.53298905861266,473.68354156914774,42042900
2024-07-22,476.8173828125,477.8356306869123,472.2599610425792,475.6706132366567,40300000
2024-07-23,475.1367492675781,478.90327973468084,474.6622447485179,475.917744847748,23282500
2024-07-24,458.0934753417969,468.7801456725655,457.2334056742168,468.4143716915868,58818600
2024-07-25,453.041748046875,462.6014396958231,450.43188256553566,458.4295829833595,59256800
2024-07-26,457.6881408691406,460.61436283274776,454.52463646511234,457.371784394855,39992100
2024-07-29,458.6075744628906,462.5718358907452,456.35358713004103,460.39692260053187,28218500
2024-07-30,452.31024169921875,461.2372212225388,448.9687977948445,460.5353297454606,41317200
2024-07-31,465.69573974609375,467.3961180940794,461.08890038272096,462.53223532259034,44552100
2024-08-01,454.4159240722656,470.12462564471286,450.7779149807164,466.3778859810745,56653900
2024-08-02,443.63037109375,448.3953886712826,439.3992012960001,445.74597107733194,66323200
2024-08-05,430.4030456542969,437.2441116181188,418.61905271445846,419.8646573999045,87483500
2024-08-06,434.515625,441.96961342968893,429.60232399059845,432.2418765957278,63164400
2024-08-07,429.8098449707031,443.87751056519465,429.4144144695611,441.39613665370257,54929200
2024-08-08,442.9581604003906,443.8676476028843,432.16272892667297,436.0281249608099,47890100
2024-08-09,445.27142333984375,446.9025929959707,440.52616686725906,441.64327989418985,33574000
2024-08-12,446.2303771972656,449.1862557378928,443.43264672667567,446.24027276517336,27795000
2024-08-13,457.30255126953125,457.569490229533,450.4812773186454,450.619694582263,40084500
2024-08-14,457.4508972167969,459.80371934391326,453.17027967377,458.22199728151236,34733700
2024-08-15,469.007568359375,469.4029989049654,463.0364675618848,463.41213713949156,38280600
2024-08-16,469.61053466796875,470.9747955199725,466.2690911711857,467.22802596068016,38383600
2024-08-19,475.7794494628906,475.81900157274845,467.9695821687911,469.7490650793508,23737700
2024-08-20,474.7809143066406,477.4303320117781,473.09040129461954,474.8698839121025,29209300
2024-08-21,476.99530029296875,478.84396118927805,473.85158721252577,475.5618308460851,25658800
2024-08-22,469.4325866699219,480.0006301216959,468.40444326647616,479.30860414123174,37739600
2024-08-23,474.5238037109375,477.23253410290926,469.8576517676702,473.7724647008503,36061500
2024-08-26,469.9170227050781,474.8995317051293,467.84097477427224,473.98014896286577,27452600
2024-08-27,471.3208312988281,472.3884967040748,466.3284267777959,468.28584855173153,27510000
2024-08-28,465.9725341796875,471.57783018305867,462.5520165904531,470.8561778132263,37372400
2024-08-29,465.2904357910156,472.47748446744345,464.01514442703615,467.8805404533223,41081500
2024-08-30,470.83642578125,471.45924320433073,465.14215970468916,469.62047764039335,33466500
2024-09-03,456.5413513183594,467.92991237004406,454.1687382037683,467.80142084180835,44985200
2024-09-04,455.3550720214844,459.15128956114927,452.50795412085876,453.4372324539809,32505100
2024-09-05,455.7801208496094,460.05081214430277,452.71548192390276,453.7337297102164,34452400
2024-09-06,443.5710144042969,455.95806167251214,443.076718774808,455.07820097070464,50624400
2024-09-09,449.2752380371094,450.2638294345581,444.6881896410432,447.8912161145642,32981200
2024-09-10,453.4273681640625,453.93155946899185,447.0707322398158,451.03496352729877,29680300
2024-09-11,463.273681640625,464.01512516597774,446.13151095479947,454.6630592802979,57843000
2024-09-12,467.8211975097656,468.63184965336313,461.5238754689245,463.30332782224303,40067800
2024-09-13,469.9170227050781,471.093448860221,466.86227896279263,467.08966584106395,29111800
2024-09-16,467.8409423828125,468.4538641685519,464.52918562635534,467.79152488502547,22585600
2024-09-17,468.0881042480469,472.1512303463687,465.59686493050253,470.8561781036208,30084400
2024-09-18,466.0615234375,473.3671980607207,465.4584670065217,469.2843409962988,39909200
2024-09-19,477.8455505371094,480.6828333512892,475.0082978923465,477.10410694689955,52782500
2024-09-20,476.93603515625,478.1717744003599,472.84325229843876,476.98545265824833,34577700
2024-09-23,478.2002258300781,479.28921050590276,476.774651383873,478.1111312036665,24843000
2024-09-24,480.50689697265625,481.4572699249202,475.3590157870661,479.60601096752043,25952600
2024-09-25,480.9523620605469,482.90262496877455,479.7049768893712,479.88316613902225,26549900
2024-09-26,484.5657958984375,488.75342462979467,480.93255387516143,488.4267141196481,32020200
2024-09-27,481.8730773925781,485.7241165908211,480.69499801189994,485.5855047993006,22851100
2024-09-30,483.1798400878906,483.5164298674452,478.0814460255324,480.91277604803815,30281100
2024-10-01,476.447998046875,483.11057899824704,472.61677759239785,482.8135968745718,42735400
2024-10-02,477.1211853027344,479.0318407021968,472.9335562861933,475.54708948630235,23744000
2024-10-03,476.7647705078125,479.69510472886486,474.19081481378305,474.93330029022553,25337200
2024-10-04,482.43731689453125,482.99170357181725,477.5567201550848,482.5660191967241,30686600
2024-10-07,477.2696838378906,481.69489861148656,476.0519967457318,480.526728679582,24975100
2024-10-08,484.3974609375,485.08054991971204,479.0020851795019,479.8039669913494,28272000
2024-10-09,488.20892333984375,488.78312900233186,483.0610423839176,484.1005099217249,24995000
2024-10-10,487.6545104980469,489.51567874684946,484.62517246305833,485.931954026491,25750400
2024-10-11,488.41680908203125,489.4365180924452,485.2587987967278,485.8230647717071,20644500
2024-10-14,492.51531982421875,493.8319806523621,490.29777307711055,490.8026426096845,26060100
2024-10-15,485.9319763183594,493.50532175325395,483.7837051551439,492.8420214679319,34784500
2024-10-16,485.9913635253906,486.7635471587874,482.68483205870143,486.25864740209397,22996800
2024-10-17,486.3279113769531,491.51539943052916,486.2685149650272,491.4659124911931,27210700
2024-10-18,489.5157165527344,490.6047012730319,488.35742593846095,489.1098208746321,25335000
2024-10-21,490.4561462402344,491.25802801788655,486.38731072788187,488.3078752899099,30336500
2024-10-22,490.9907531738281,492.4658447615583,487.0407403823035,487.793135280426,26685800
2024-10-23,483.4669189453125,489.2979192730172,480.1900855245362,488.644528441287,39346600
2024-10-24,487.3872375488281,488.06041708017347,484.53608869629585,487.17931987829945,22024900
2024-10-25,490.357177734375,495.26747284770505,489.47608053519724,490.1789884845893,38762100
2024-10-28,490.4363708496094,493.5251054099527,490.1393887618108,493.46570899239293,20477800
2024-10-29,495.148681640625,496.32676092664786,488.90190670976915,490.7531655272881,28014100
2024-10-30,491.4065856933594,495.3368099688613,490.92150485664405,494.38643703160704,29756000
2024-10-31,479.00213623046875,487.4961567845673,478.9031321246182,487.4466698375477,41245200
2024-11-01,482.54620361328125,485.83294623138613,480.3385663617861,480.6355484367559,33655800
2024-11-04,481.1404724121094,484.4767021401597,479.39809691969697,481.9423542667288,23291600
2024-11-05,487.2783203125,487.9416205772672,482.6353090945562,482.7244037190517,24353600
2024-11-06,500.5143737792969,501.3360745882348,494.5943091821572,495.54468208997247,43082200
2024-11-07,508.3946228027344,509.17674615897624,503.2467417365988,503.30613815649883,32853100
2024-11-08,508.9886779785156,509.760831483566,507.2759703252836,507.899662983483,22924500
2024-11-11,508.6916198730469,510.41417631985416,505.80086344502917,510.20625865697133,24167500
2024-11-12,507.7708740234375,509.5033399064719,504.7217473624921,508.6223031793331,25835300
2024-11-13,507.1175537109375,509.82018136733797,504.84061045445077,507.26607496785556,24567400
2024-11-14,503.59326171875,507.65215823407385,502.68246622311574,506.78100063575187,28679500
2024-11-15,491.5946960449219,498.2869446598162,489.53551938509924,497.90086791848177,51461100
2024-11-18,495.01007080078125,497.1088549746597,491.7530564972912,493.1390232447135,27080800
2024-11-19,498.4156188964844,498.9007299291425,492.0995379045485,492.4361578912134,24523000
2024-11-20,498.1285400390625,498.4354316008749,491.58475271735847,498.1186305655171,29565500
2024-11-21,499.9204406738281,501.8805830298191,492.5747709405778,501.16779575169187,34526700
2024-11-22,500.7222595214844,501.4548354441406,497.7424084655859,499.36599103254173,23826600
2024-11-25,501.5142822265625,506.32560378411665,499.20764065875716,504.7911156851186,26375200
2024-11-26,504.2070007324219,505.028701522575,502.14785444392766,502.9893137573825,26557100
2024-11-27,500.2371520996094,503.14769728857453,496.9009225315569,503.07842161211977,24957400
2024-11-29,504.63262939453125,505.2266237121649,500.2470232129363,500.8608062634956,15334000
2024-12-02,510.1271057128906,511.0874183605253,505.5039130111683,505.89001996507164,25147200
2024-12-03,511.69122314453125,511.96844669162806,508.2262913475137,508.80049696391745,18597900
2024-12-04,518.0172729492188,518.2746775802158,514.3939100143905,515.1067274866609,26086200
2024-12-05,516.581787109375,518.7894245658355,516.1956801642583,518.066758045711,18169600
2024-12-06,521.2049560546875,521.4425417259406,517.116331428286,517.2450337374846,23762600
2024-12-09,517.1460571289062,521.0762510047207,515.997645825731,520.2842786301696,20674400
2024-12-10,515.3839111328125,520.1160477249822,513.9583365552159,518.3736720830724,24350000
2024-12-11,524.6104736328125,525.293562625996,519.3339208315082,519.7397862686788,32168600
2024-12-12,521.2247314453125,523.6601052193815,520.7495601425144,522.3929011804341,23577500
2024-12-13,525.2144775390625,527.8279806042226,522.0167988644887,525.1451716408418,28780400
2024-12-16,532.77783203125,533.7480540880958,527.6596493492339,527.7388647142787,31979900
2024-12-17,530.4315795898438,532.0947397037226,528.7783289494863,530.98596629447,28579100
2024-12-18,511.2952575683594,531.5007956922416,509.8499245462622,529.788148569402,54703200
2024-12-19,509.0182800292969,516.5322589540875,508.6817204811397,515.9679627924646,46441800
2024-12-20,513.4633178710938,519.5616322810632,504.1872345780623,505.32570624002693,60530000
2024-12-23,518.4658203125,518.8426243845064,511.7826015422581,515.1737776692636,29672800
2024-12-24,525.49609375,525.5853017754832,519.7746759093736,520.4092996239036,17558200
2024-12-26,525.1390991210938,526.765299753133,521.8768329257526,523.8699121670745,19090500
2024-12-27,518.1585083007812,522.0157576059705,513.4980839943499,521.5794612768352,33839600
2024-12-30,511.2670593261719,514.9854734898655,507.5188990595899,511.16792582356555,34584000
2024-12-31,506.9238586425781,513.2996604502096,505.96202785972133,512.5461128600035,29117000
2025-01-02,505.93231201171875,512.288323816092,501.45036488484794,509.968007151715,36389800
2025-01-03,514.2119750976562,515.2729696624741,508.2129468477879,509.02598666204625,29059500
2025-01-06,520.1217651367188,523.4733001568532,517.6329577649649,519.6061862635828,36109700
2025-01-07,510.840576171875,521.55951995804,508.9566163889167,521.1629255137043,36690300
2025-01-08,510.9299011230469,512.5659668635069,506.26947711002134,510.7414990718483,30777800
2025-01-10,502.91790771484375,507.2709147208291,499.6754620335601,507.171781235823,40532500
2025-01-13,501.3016357421875,501.7577526619827,495.4910093944748,496.97837480559224,31694200
2025-01-14,500.82562255859375,505.86284990726693,497.36502903217774,504.45479746430027,33737200
2025-01-15,512.3477783203125,513.4880554025902,507.1518949698399,508.7087081711547,34957600
2025-01-16,508.7582702636719,514.6878804962978,508.62936043069755,514.6085374019178,28229000
2025-01-17,517.3453979492188,519.6557894107439,508.7880832063011,518.4460339444852,51837900
2025-01-21,520.3795776367188,521.5397057365492,515.6795125194549,520.0622657463014,23628000
2025-01-22,527.0330810546875,529.3236214173635,524.802032888923,525.1094193264751,33593000
2025-01-23,528.153564453125,528.2725488461796,523.9988545859802,524.5838510983231,23096600
2025-01-24,525.1689453125,529.29387911289,523.7014306802266,528.530405956913,19878300
2025-01-27,509.8788146972656,513.6269441667861,505.8529843659653,506.69583084119216,60771700
2025-01-28,517.4146728515625,518.5946516307994,507.46915904122443,510.8801552964011,33194200
2025-01-29,516.4430541992188,518.1882393631972,512.5461639397026,518.0593295144222,26649000
2025-01-30,518.6443481445312,521.6686459509566,513.8451492601,519.2988228694454,27431300
2025-01-31,517.8906860351562,527.0429821306037,516.7999756352082,522.481692001157,38755200
2025-02-03,513.7459106445312,516.4628217597667,506.7453799127663,509.14497914666026,40580800
2025-02-04,520.0523071289062,520.6869308692702,513.8648769629846,514.2615319309748,26046800
2025-02-05,522.4122924804688,522.5709786844357,516.2347874418311,517.4246918873662,21134100
2025-02-06,525.1390991210938,525.3473520565179,521.311626833359,522.9179765607721,19434500
2025-02-07,518.515380859375,527.6180496311416,517.7915490817724,525.6745976209094,29605500
2025-02-10,524.7921142578125,525.8927501755105,522.3131718191833,522.7791839475389,20852800
2025-02-11,523.542724609375,525.4564609351453,521.4009449429291,521.5298547931517,19325500
2025-02-12,523.8501586914062,524.7326768167036,517.5536684486628,517.9006962178615,25009400
2025-02-13,531.3861694335938,531.7034208335266,524.7326655887981,525.5159896768048,28714800
2025-02-14,533.6171875,534.3013780517931,531.1580353822636,531.4951981919974,17862600
2025-02-18,534.8268432617188,535.4515415685663,531.5248751428178,535.1837964310452,20565000
2025-02-19,534.9755859375,536.254698344903,531.9413630586191,534.0335757827223,19666900
2025-02-20,532.7047729492188,534.5590166819463,527.9749928736137,534.1921381158586,26550800
2025-02-21,521.6487426757812,533.864976179548,521.2818640995055,533.8451252767076,47093800
2025-02-24,515.4910888671875,524.6136086408569,515.153986605975,523.4336296845087,39268400
2025-02-25,508.9962463378906,514.9457075598423,505.1489232393447,514.8663644643224,48940000
2025-02-26,510.2257995605469,515.2828174659816,507.062666876333,511.1876606100104,34457600
2025-02-27,496.05621337890625,514.6978790782035,495.8380652291524,513.7657942802123,52448000
2025-02-28,503.8896484375,504.4944958236682,492.7443034634261,495.9173616592852,47654000
2025-03-03,492.86328125,508.7185860435132,489.42250823002445,507.21140006395274,44587200
2025-03-04,491.3759460449219,499.49696369579414,483.6317324771762,490.01749046351205,67875400
2025-03-05,497.78155517578125,499.3879049957525,487.1221029456595,492.02049550759943,46323700
2025-03-06,484.0879211425781,494.3804653587563,482.1047670703194,489.53166938755896,57574300
2025-03-07,487.6476135253906,489.1250534272684,476.48244791593504,483.0566076235125,54714700
2025-03-10,468.7481994628906,479.89351510162237,464.71247386753913,479.3779059627174,76668000
2025-03-11,467.627685546875,474.77694672862924,463.0763510761853,468.37136824327257,68760800
2025-03-12,472.90289306640625,477.0080059105102,467.8160984630709,475.1240157545967,46971100
2025-03-13,464.3951110839844,472.2682339105979,462.50119561707606,472.2384878146999,46563300
2025-03-14,475.61981201171875,476.5122252306436,469.13489016928395,469.73976785512326,43563000
2025-03-17,478.70355224609375,481.7477004843212,473.7754140163774,475.5701657212748,41744400
2025-03-18,470.54290771484375,475.57017956903064,468.43084408910516,475.3718823465614,39072300
2025-03-19,476.8394470214844,481.24202077527065,470.8701345032397,472.7937961788866,40430300
2025-03-20,475.22320556640625,480.4686261404273,472.1691314421106,472.8632474505038,36780500
2025-03-21,476.78985595703125,477.5533593130606,468.92665802336944,470.0867861064201,42234900
2025-03-24,487.252685546875,488.0967889047563,481.0361475224084,484.3529497341384,34567200
2025-03-25,490.0332946777344,490.19218723855323,487.0144269391473,487.97769225397246,26035200
2025-03-26,481.01629638671875,489.7353237051958,479.4671320107272,488.8812800947295,34627100
2025-03-27,478.27545166015625,483.20099914044886,476.9149702846153,479.0599740999814,33469800
2025-03-28,465.68353271484375,477.183104147624,464.7996986134778,476.4780431008445,46363800
2025-03-31,465.66363525390625,466.59707961659575,454.15409442890217,458.7122462036718,53000300
2025-04-01,469.41741943359375,470.3409539177989,461.1949198365586,464.0548946612918,41156200
2025-04-02,472.8434753417969,476.22979898600255,462.6249234903914,462.8831276755786,49894500
2025-04-03,447.53045654296875,456.87511371412586,447.01407852229937,453.2703169066499,70456300
2025-04-04,419.73486328125,437.3119308717652,419.73486328125,435.09743607101046,117088400
2025-04-07,420.7477722167969,440.06271771596437,399.5956979160209,405.82214624882306,161557000
2025-04-08,413.1706848144531,440.0626457610763,406.94423749974084,435.11721827062183,101248100
2025-04-09,462.7639465332031,464.58122509175337,412.5451135598803,412.68415590169013,142876900
2025-04-10,443.08154296875,452.4261998569819,429.62565163101584,450.4102981892235,108384100
2025-04-11,451.2445068359375,452.6248688142693,438.2652614825523,441.562213700492,52483800
2025-04-14,454.3031005859375,461.8205086737922,449.48677471863374,461.23460948868865,43941200
2025-04-15,454.8095703125,459.169099381901,452.9823514613099,455.3557691308537,35404200
2025-04-16,441.0954284667969,449.47682014255906,434.72002849561466,445.911754180635,48980600
2025-04-17,441.01605224609375,444.64069957063055,438.2950589596918,444.06474058630056,44837000
2025-04-21,430.1023254394531,436.03086898438323,424.95830435713054,435.1867959118547,44149300
2025-04-22,441.39337158203125,444.4718197504035,434.5809942900424,435.7726731527785,52304400
2025-04-23,451.40338134765625,460.1621395996958,449.7350551012641,454.9883280627237,55801100
2025-04-24,464.1045837402344,464.41242858031717,452.6645627722108,453.3100732165664,45956100
2025-04-25,469.2784118652344,469.80473018824927,462.15821927474366,463.72723398870977,38697100
2025-04-28,469.1294250488281,471.5127525568199,462.7937251286729,469.74511470528023,33550800
2025-04-29,472.227783203125,473.1116173366788,466.3290298283073,466.90501911449314,30613100
2025-04-30,472.16815185546875,473.8861489699177,459.2186982221631,463.88607170901736,46810600
2025-05-01,478.33502197265625,483.7968278621536,477.40154726890813,480.05301909884207,43316500
2025-05-02,485.43536376953125,487.5009364234009,481.46314130279217,483.16128822739284,39218100
2025-05-05,482.5555114746094,485.63398996616957,480.7382330195203,481.2347608308799,28309500
2025-05-06,478.06695556640625,481.68166261136275,474.86931495073236,476.2297964318658,32786300
2025-05-07,479.94378662109375,482.42642576212086,473.4690746513304,478.7322575080464,38006300
2025-05-08,484.8991394042969,489.27851834530566,480.8077550799946,485.1374630563836,39577600
2025-05-09,484.5813903808594,488.12660649765365,482.8236927046532,486.80582544755936,27767400
2025-05-12,504.32330322265625,504.36303393308185,497.99754376533065,503.46925962959483,45090600
2025-05-13,512.0095825195312,513.7970705437644,504.889360268175,505.62421174170254,53269600
2025-05-14,515.0780639648438,515.6242324147684,512.1684183718318,513.1813544649557,47014500
2025-05-15,515.6441650390625,518.3055470046168,511.5924808683594,512.933142411462,50153300
2025-05-16,517.8884887695312,518.0771717773351,513.5090791820398,517.0443550561729,48394600
2025-05-19,518.385009765625,518.9014181193775,510.6689476686652,510.6689476686652,52536200
2025-05-20,516.6571044921875,517.3124945802101,513.0721273779477,515.8626114492022,42517600
2025-05-21,509.47723388671875,519.3680896901809,507.68974589149923,512.6848447576629,71292800
2025-05-22,510.4305725097656,514.1148305633196,508.74236588698636,510.0929069406886,55607200
2025-05-23,505.70367431640625,508.28562519419927,502.0690868224265,502.6649263027872,58368100
2025-05-27,517.6004638671875,518.0871120746342,511.0165603257883,512.5657247963487,47226300
2025-05-28,515.306396484375,520.0432905566033,514.7900488464219,518.553707324964,46637200
2025-05-29,516.3194580078125,522.8239609117877,513.7275971013242,522.6750389191951,58513300
2025-05-30,515.505126953125,517.0642316666292,508.3749943409687,515.8328523034309,67662800
2025-06-02,519.57666015625,519.8149838106336,512.38688645161,513.6480865025803,44762800
2025-06-03,523.6382446289062,525.0682472235115,519.0602725197831,519.9242261070126,44070300
2025-06-04,525.0980224609375,526.1605992130462,522.3174183265618,524.3432905165386,41359300
2025-06-05,521.1456909179688,529.3483408856316,519.0304773796223,526.4982758102656,61031200
2025-06-06,526.239990234375,528.1069395532867,524.5419040023565,526.3194516510717,42467000
2025-06-09,527.0146484375,528.6531539021086,525.3363819554394,526.4585396949342,33688700
2025-06-10,530.500244140625,531.1854549164767,525.2171811724196,527.4813163809062,40664800
2025-06-11,528.7127685546875,533.0524778080637,526.4287525238075,531.9004992319709,53701000
2025-06-12,529.9539794921875,530.9272151126187,527.1536162776914,527.4018801564538,34104900
2025-06-13,523.3006591796875,528.1765360507057,522.0791594397207,524.0156301980296,55814400
2025-06-16,530.5797119140625,531.6522290488724,526.7664119412208,526.8160526043126,37622100
2025-06-17,525.4059448242188,529.626431694589,524.2440259750547,528.0176862540823,42180900
2025-06-18,525.3165283203125,528.851804209901,523.7376036898021,526.4188056074704,43983500
2025-06-20,523.1715087890625,529.8547537100831,521.235038209529,528.5637935274957,61643500
2025-06-23,528.5509643554688,529.0678919430073,520.5975974398857,523.7391506726165,50666100
2025-06-24,536.633544921875,537.5481650699894,533.1439956962556,533.7603767394817,45442000
2025-06-25,538.0055541992188,540.1430461310557,536.2359613641491,538.900332375193,44804200
2025-06-26,543.0360717773438,543.4834608774595,538.3635164721342,540.1828057708822,43811400
2025-06-27,544.8951416015625,546.7840298565204,541.365786451658,544.0699627850514,57577100
2025-06-30,548.4244384765625,549.5776499977443,545.8097642093843,548.0466486880396,45548700
2025-07-01,543.801513671875,547.4998608561041,541.4850785579611,546.5255321429642,56166700
2025-07-02,547.5892944335938,547.7881407403361,542.9365821168159,542.9763271064149,36538300
2025-07-03,552.9777221679688,553.9520509353719,549.9554644038756,549.9554644038756,26443500
2025-07-07,548.8121337890625,551.1086659012632,546.3764032023357,550.2934385668003,45349300
2025-07-08,549.1204223632812,550.7806708992875,547.8875993850992,550.154338331448,36153300
2025-07-09,553.007568359375,554.3795290687111,549.8759057229825,551.2478664323185,43045500
2025-07-10,552.2122802734375,554.051472305681,549.5280065047026,553.643888904804,34710900
2025-07-11,550.9695434570312,552.550241260774,548.8320516783502,550.0747653451698,39618600
2025-07-14,552.9677734375,553.7034501353354,548.4144540933169,550.7606826646222,36453300
2025-07-15,553.474853515625,557.5310882116617,553.4152056824207,556.9843062940589,43277700
2025-07-16,554.04150390625,556.9445267538166,548.3449238107365,554.0316131674816,52314700
2025-07-17,558.5252685546875,559.0323054850909,553.9620575398243,554.7673336412346,40423800
2025-07-18,557.9884033203125,561.4381474291321,556.7158353640372,559.8375467448564,50484700
2025-07-21,560.88134765625,562.7603451130758,558.783661740004,558.813515991401,39595200
2025-07-22,557.9784545898438,561.0603603122628,555.3538286769178,561.0106638998457,43270600
2025-07-23,560.5235595703125,560.5633045664785,556.3182355790325,559.062157299073,40215300
2025-07-24,561.7164916992188,562.9393024491583,560.0064862534048,561.8357873489995,42275500
2025-07-25,563.068603515625,564.3908678867722,560.9808687648707,561.6369949015883,30630800
2025-07-28,564.8283081054688,565.7230255686966,563.5656915591924,564.4306154466694,31498700
2025-07-29,563.9534301757812,568.7751350745425,563.2277047901983,567.4330285462547,45463300
2025-07-30,564.708984375,567.2938044905766,561.7562651946612,564.8680250229864,43433800
2025-07-31,561.7164916992188,571.2804105926765,560.5831223469277,571.1909085156537,64613600
2025-08-01,550.6513671875,555.7614200303079,548.464179134219,555.5725251375388,69400800
2025-08-04,560.8118896484375,561.0306388423193,555.6919449238438,555.7913377614522,47669800
2025-08-05,557.004150390625,563.2574635163702,556.467259269024,562.0943005518618,48666600
2025-08-06,564.0130615234375,564.4504991615455,557.3620555482147,557.8392381791041,41823700
2025-08-07,565.9218139648438,569.9780480877156,561.8158834345544,568.337641887322,44463000
2025-08-08,571.2008666992188,571.4196158459907,566.8265512369031,567.1247903648876,35255500
2025-08-11,569.5108032226562,573.4377906026674,568.238295962644,571.3401044656866,33112900
2025-08-12,576.6688232421875,576.9670623788118,569.1528936023716,571.8073129373929,42143300
2025-08-13,576.9571533203125,579.9197631156701,575.5652898210926,579.3630298518572,41209300
2025-08-14,576.5098876953125,578.4882784548599,574.541387675975,574.9092868041537,45425000
2025-08-15,573.9746704101562,576.4600977307613,572.214968449767,576.4202920588297,49480200
2025-08-18,573.7459716796875,574.402158474889,571.8868768922468,573.0798941458493,29831000
2025-08-19,565.9616088867188,573.199141099355,564.9375837882451,573.0301490455952,53752600
2025-08-20,562.6013793945312,565.1365032465736,555.5825347335871,565.0172075838456,76781100
2025-08-21,559.9966430664062,563.1878929880804,557.7100013329036,561.060352587378,46436900
2025-08-22,568.6359252929688,570.6441700157645,559.9866866300696,561.3784895430127,51502100
2025-08-25,566.9955444335938,569.9482028256268,565.8422722305733,567.0750950943409,34044700
2025-08-26,569.272216796875,569.5804073661923,565.4844278800615,566.5084530912841,34103000
2025-08-27,570.1470947265625,571.0617150204744,567.0452861825311,568.2582063082527,36927100
2025-08-28,573.7161865234375,574.6308068035561,569.1231216071435,570.7634672604604,46787900
2025-08-29,567.0751342773438,571.6781506312136,565.225930193606,571.3102515546032,56030400
2025-09-02,562.3229370117188,562.6708725533646,556.2783609773549,558.0380628796443,65876800
2025-09-03,566.7470092773438,568.3675126902098,563.4264517898029,565.9118790267905,54230200
2025-09-04,571.8770141601562,572.2448526074822,565.7132019728614,567.4131956944528,47526300
2025-09-05,572.7021484375,577.7326513107713,568.198585324569,577.1063187213848,68342500
2025-09-08,575.4957275390625,577.4542758453497,574.4021637761383,574.9986420687553,46371400
2025-09-09,577.126220703125,577.5537069544023,573.6764157572246,576.2910903587206,44007600
2025-09-10,577.3150634765625,580.3671754724255,575.1775717338585,580.3373212188227,49308000
2025-09-11,580.6753540039062,581.4706785849379,578.2296717548423,579.8402237522287,44745800
2025-09-12,583.2402954101562,584.4333126708588,580.6952202377008,581.6297433459904,50745900
2025-09-15,588.2310180664062,588.3403622999832,584.8607642254873,585.0099141290013,44360300
2025-09-16,587.7339477539062,589.4041475911258,587.047967402961,589.1556048651221,36942100
2025-09-17,586.5608520507812,588.3006511882201,580.9636648285566,587.6544158082771,69384800
2025-09-18,591.849853515625,594.6534228585294,589.5036246514226,591.4422094482347,61069300
2025-09-19,595.8562622070312,596.552193923343,592.3766643048443,593.8480783940277,58196100
2025-09-22,599.3837890625,600.0506387588739,594.9246987314865,594.9446246402422,57154800
2025-09-23,595.4025268554688,599.7520856686153,594.1882006017188,599.5530088196715,64635500
2025-09-24,593.3123168945312,597.0945948124443,590.5851402114129,596.7760840009503,49850300
2025-09-25,590.7543334960938,592.3368637002909,585.7478275771575,589.430536349082,70920200
2025-09-26,593.1829223632812,593.5113961310994,588.2959106650876,591.5705031390479,54337400
2025-09-29,595.9299926757812,599.2344738358131,594.6161584254272,596.3082204485978,48332900
2025-09-30,597.5623168945312,597.9007535872587,593.3122664505869,595.6313870294545,46533800
2025-10-01,600.4288330078125,600.9662857667149,593.5511751358089,594.3772498069465,46899600
2025-10-02,602.8972778320312,604.3205831319952,600.110384211482,604.2210750829389,43765400
2025-10-03,600.3591918945312,604.4898085161411,598.5775847871106,603.6736359963404,46482100
2025-10-06,604.8679809570312,606.5102280511511,603.136067280922,605.6045105234541,41962100
2025-10-07,601.6830444335938,606.8587390048573,600.2099850305162,606.171963330501,58209500
2025-10-08,608.58056640625,608.8891142425712,602.429474838809,602.5787369049325,50629800
2025-10-09,607.8440551757812,608.7497728034492,604.639082013069,608.6203758923933,45551000
2025-10-10,586.7431640625,610.312415678386,586.2952563674698,608.540771556568,97614800
2025-10-13,599.1946411132812,600.1302475257781,594.436966170024,596.8755206148027,65872600
2025-10-14,595.2034301757812,599.8714996417642,587.370239391138,592.5260076334632,69203200
2025-10-15,599.4036865234375,603.8627770947517,593.1431236043112,601.1853544608703,62805500
2025-10-16,597.1841430664062,605.4652419598709,592.7151502263018,602.2801945778114,70982000
2025-10-17,601.105712890625,602.6783410274755,593.5810696753152,595.1536978121658,72024900
2025-10-20,608.6799926757812,609.9341097612839,604.2309266578644,604.3006065792493,45761700
2025-10-21,608.5208740234375,609.8545734667066,606.4705100847576,608.7796678481768,44538200
2025-10-22,602.6583862304688,608.550684046599,596.9352763909752,607.9634772307389,61478800
2025-10-23,607.7246704101562,608.5109541450662,601.6930121247511,602.0811421396116,42844300
2025-10-24,614.214111328125,615.5279456461734,612.2533531809327,613.1093168162636,47632500
2025-10-27,625.1527709960938,625.6105809315065,621.1117599698571,621.5994587704798,54098600
2025-10-28,629.9600830078125,631.7118619498357,626.307263060354,627.4120574784298,61195700
2025-10-29,632.796875,634.0310664862886,627.3026695451889,632.6177240503512,67422800
2025-10-30,623.122314453125,630.5374872662655,623.0128434393755,629.2136898963345,61628600
2025-10-31,626.1281127929688,631.234126811276,623.7592381870214,631.2042379487298,66305100
2025-11-03,629.1239624023438,632.8464617884644,626.90435015496,632.139760382388,37154300
2025-11-04,616.3540649414062,624.0180678867468,615.5677812621689,620.3652477253576,63830800
2025-11-05,620.3652954101562,623.669716157735,614.3236741326724,615.597656695041,48688500
2025-11-06,608.8095092773438,619.1310091300359,607.4459209399873,618.8821782546098,72115100
2025-11-07,606.8884887695312,607.0975285563833,595.8702512859107,605.4651835773906,81835400
2025-11-10,620.3154296875,621.3903960500816,614.0051128778478,616.0255879416002,55919900
2025-11-11,618.6632080078125,619.807793532697,614.6321601598369,617.667884551536,44868800
2025-11-12,618.1754760742188,621.9377669472728,614.920749106872,621.9179017890243,47444400
2025-11-13,605.5548706054688,615.2293863274043,603.2457126852763,614.6520816599241,71333600
2025-11-14,606.0126342773438,610.4816269444214,594.3773004655238,596.7461751876709,80087300
2025-11-17,600.8369140625,609.6156739910193,597.0646601387357,603.4645824934285,63850400
2025-11-18,593.5213623046875,599.4933033897071,588.5746335991315,596.815880706601,83327300
2025-11-19,597.064697265625,603.3252601497043,591.8094208267037,594.277803642733,73111500
2025-11-20,582.9310913085938,611.1585116514054,582.0154107078263,608.7597480209467,117743200
2025-11-21,587.3104858398438,594.1881438029353,578.0241015093158,584.7226085504005,103344200
2025-11-24,602.3299560546875,603.8428672485702,592.3767208312,592.4962155436305,60168100
2025-11-25,606.04248046875,607.4060686687138,594.5265814243886,600.6876357091488,57560900
2025-11-26,611.3973388671875,613.3083428306168,607.5354791235628,609.6455599216604,42393600
2025-11-28,616.3540649414062,616.4237448749676,612.541959003384,613.2287346345189,23034400
2025-12-01,614.2837524414062,616.5431560974239,609.6555348802722,610.7603293223117,40957600
2025-12-02,619.0912475585938,620.8330637695706,614.7018974368128,616.5631476137069,54541800
2025-12-03,620.6041259765625,621.3008038243313,615.1398097007426,616.7223400403288,47841600
2025-12-04,620.02685546875,622.0175025713241,616.6427310944827,622.0075396158547,47067800
2025-12-05,622.5548706054688,625.9787855854289,620.7931894695083,621.4600391480985,53614200
2025-12-08,621.360595703125,625.8992685205205,618.7826810586124,624.2768863243062,43462400
2025-12-09,622.126953125,622.9431257001851,618.0959050247836,620.0965150170424,37156000
2025-12-10,624.6749267578125,626.2674807044035,618.0858904749533,620.9325009204754,55031400
2025-12-11,622.6544799804688,622.8535568265262,614.8311912534539,620.9027009347221,58272800
2025-12-12,610.7503662109375,620.6239577552077,608.5009255098857,619.1708244083038,75158700
2025-12-15,607.6847534179688,615.5279070139317,606.4704879765786,615.4781529916935,49538200
2025-12-16,608.88916015625,610.640939262189,604.0717676149177,605.4154908096834,55152800
2025-12-17,597.60205078125,610.7801826328608,597.4727146387488,610.1929151412877,70654300
2025-12-18,606.261474609375,610.0636176198245,604.0817137427742,606.9482502454197,78875800
2025-12-19,614.164306640625,614.731648282282,609.008538594176,609.0881814780194,60369800
2025-12-22,617.1082763671875,619.5399968618768,615.6731616354366,619.2409664706046,43703100
2025-12-23,619.9984130859375,620.2973826571792,615.6831538137028,616.1017112134413,41120400
2025-12-24,621.812255859375,622.1611043897402,619.6097351207538,619.8788381544654,18468700
2025-12-26,621.7724609375,623.3969333982391,621.025006522853,622.5398061068336,28959800
2025-12-29,618.7626342773438,620.6661854070132,616.6298832800768,617.9952283512266,32458300
2025-12-30,617.3275146484375,620.0681805596082,617.1182055353263,617.7361570843227,31226800
2025-12-31,612.2249145507812,617.8557617254266,611.9657873069227,617.5468163565164,40746500
2026-01-02,611.0389404296875,620.7358953542944,608.0790504146867,617.9553870831127,61859200
2026-01-05,615.8923950195312,618.7028306128764,614.6266862165028,617.2178977361207,46828400
2026-01-06,621.3040161132812,621.9020161336854,616.4405745883714,617.1282350736393,43137500
2026-01-07,621.9020385742188,625.8087167042466,620.4469720495259,620.9253234207138,44880300
2026-01-08,618.364013671875,621.3040131478426,615.7030930363629,620.9153830886294,50435900
2026-01-09,624.5230712890625,625.7588527928842,616.9588062315833,619.3008056143428,49688700
2026-01-12,625.041259765625,626.7155502563702,620.1479519171962,620.1977700429699,37388700
2026-01-13,624.1144409179688,627.3334583647393,621.5830839442848,625.140974146081,44481400
2026-01-14,617.4471435546875,621.3339307094008,612.4740900847709,620.1280157301809,72598700
2026-01-15,619.6696166992188,627.8616876163956,618.6430834728214,624.4732033837762,53934900
2026-01-16,619.1513671875,623.9550147388202,616.7794403711221,623.3769663073682,61058100
2026-01-20,605.9961547851562,612.9723957819789,604.9895731374214,608.4578028817349,81988900
2026-01-21,614.188232421875,618.3141340756262,605.7967680520393,607.4012887411642,79837900
2026-01-22,618.6530151367188,620.347257132182,615.6831493704997,620.2375842668598,42254800
2026-01-23,620.6063842773438,623.2773415638685,616.5502518751565,617.6265424291936,43645800
2026-01-26,623.3370971679688,625.4797631810548,620.0084069696974,621.0947340762326,35983000
2026-01-27,628.9878540039062,629.8947385616864,625.210739736326,626.7753573897714,38997200
2026-01-28,631.0706787109375,634.4392110916745,629.6654913345894,633.3031267391333,50691700
2026-01-29,627.2935791015625,631.5191779456372,616.1714851785354,630.5026813963867,79944000
2026-01-30,619.7592163085938,626.1275416849769,617.1979322175918,623.5862091740412,65650700
2026-02-02,624.0148315429688,626.3568310719594,616.560178063243,616.600081229079,49020300
2026-02-03,614.4274291992188,627.8417043791845,608.8863033670389,626.1674139293162,81234000
2026-02-04,603.6939086914062,613.0121477465343,598.4318013464032,612.9324630859023,81850700
2026-02-05,595.0036010742188,602.7571627123452,592.7412864010469,598.1728002779972,89354500
2026-02-06,607.5807495117188,609.3347246219274,596.7376735555687,598.1528367578925,78019300
2026-02-09,612.2349243164062,614.3676754732974,603.0163200345862,605.4779073318616,56797600
2026-02-10,609.39453125,614.9257422105983,608.9361315029465,613.2215243611824,53938900
2026-02-11,611.0289916992188,615.4240575153926,605.6274050805947,614.287912259566,58575100
2026-02-12,598.601318359375,613.719811213741,597.5349428610552,612.6235691721736,81378900
2026-02-13,599.876953125,604.4214731930686,594.3956211608477,598.3920201980992,69237500
2026-02-17,599.259033203125,601.900062806609,591.3260902585407,596.3489614066287,69013800
2026-02-18,603.73388671875,607.7004196981827,598.6810873351905,600.0663841818466,64250700
2026-02-19,601.421630859375,603.7636908223434,598.7108924704256,600.7638978416991,60960800
2026-02-20,606.7435302734375,608.2782811950732,597.1960303761281,598.0830240719503,74127300
2026-02-23,599.36865234375,605.9462869551629,597.0166773136035,604.551014539048,63859100
2026-02-24,605.8067626953125,606.9229563249177,597.6943768857255,600.3553581675079,55023700
2026-02-25,614.5868530273438,614.7363682274654,608.9261394233886,608.995909128246,55710700
2026-02-26,607.172119140625,613.500602585001,601.9299628027486,613.500602585001,96178900
2026-02-27,605.228759765625,606.2552930140329,600.1460941357092,600.9333908786662,68125200
2026-03-02,606.0260620117188,607.8498068726756,595.9603066969873,596.8273488972434,75264600
2026-03-03,599.5380859375,601.9100124168169,589.8610225003547,594.3059059086514,97015500
2026-03-04,608.6769409179688,610.7997159588376,601.381779779037,602.1092824866074,70943900
2026-03-05,606.84326171875,610.6802308667765,600.2158690906975,605.338437930278,89602400
2026-03-06,597.71435546875,603.9431419992706,596.2991922008539,598.272452308765,86302300
2026-03-09,605.6971435546875,607.2020280273126,589.3229177543049,592.2130380432229,93068200
2026-03-10,605.7071533203125,611.2083762165881,603.3650930899329,605.7171291112322,64078900
2026-03-11,605.6273193359375,610.3512206142045,602.9763749423223,606.8830522484864,60114800
2026-03-12,595.2327880859375,602.0894408359657,595.0234789704778,600.7141199697804,71836600
2026-03-13,591.7047729492188,601.5512432287993,590.5587127632866,597.6943836062096,63145500
2026-03-16,598.3422241210938,601.8103930085241,597.0765152286837,598.0033513683248,49077200
2026-03-17,601.2622680664062,603.8435039613423,599.827153220896,601.0928621051149,47106600
2026-03-18,592.880859375,601.1127728070715,592.5419866131784,599.4484580276425,56128000
2026-03-19,591.0072021484375,593.7777346942335,585.0873611514585,587.5091059918601,75597600
2026-03-20,580.0844116210938,589.1634765193921,576.5763394854986,589.0538644721536,91964700
2026-03-23,586.7431640625,593.8080477851386,584.707546439402,589.2577971122703,89936100
2026-03-24,582.731689453125,586.6732582803922,580.6860836277402,583.5599323333884,57750900
2026-03-25,586.5635375976562,590.105937264777,584.4380856164452,587.8807233962021,60475500
2026-03-26,572.5634765625,583.3803323809582,572.2042606955537,581.354642361522,81492100
2026-03-27,561.3775024414062,569.7994643796657,560.3696515714074,569.5898913289244,82702200
2026-03-30,557.086669921875,566.835744504963,554.4123449976639,566.167193726255,70602600
2026-03-31,575.9462280273438,577.4031290957437,563.0039815896954,563.0837667324405,95878000
2026-04-01,583.06103515625,586.4836962239632,579.179335412676,580.2370672268827,79435100
2026-04-02,583.7295532226562,584.7972733467034,570.6974721352691,572.7430779653056,50941700
2026-04-06,587.2420654296875,589.3475406308395,583.4402118432972,584.9768981262092,35108500
2026-04-07,587.3319091796875,587.7210292628183,577.1636879809167,584.3882026562935,49948200
2026-04-08,604.7944946289062,608.5963482247196,600.8329489303708,607.4088894425788,63086000
2026-04-09,608.8857421875,609.1950771369181,601.7410732406024,604.6348380470022,37837500
2026-04-10,609.7638549804688,612.3582731602751,608.2770495763316,610.5322286073159,34038500
2026-04-13,616.0703125,625.4003020437667,606.8101197315917,608.1771864154443,32972100
2026-04-14,627.2562866210938,627.2562866210938,618.7744561353234,618.8941947521593,49921100
2026-04-15,636.0375366210938,636.4666101570109,626.8571900931449,627.7353139030603,50102400
2026-04-16,639.1009521484375,640.8073189117684,633.9021276162631,637.8436965859062,42320600
2026-04-17,647.4630126953125,648.6105788505391,642.6932619551269,644.2100323367088,53488900
2026-04-20,645.4074096679688,647.3732302965532,641.1465785698142,646.6547376870972,37138500
2026-04-21,642.9526977539062,648.8101451741646,640.8372343366078,647.0239324977517,39580500
2026-04-22,653.709716796875,653.929278227069,647.1338367363905,648.7603575560191,37368400
2026-04-23,650.0275268554688,655.5157702184271,644.1401750634725,652.1529787029532,40099800
2026-04-24,662.4609375,663.0895957247212,655.1266727511743,657.1024209404745,45563100
2026-04-27,662.8101806640625,663.0097653425256,659.2777693835679,661.9819986507146,32717000
2026-04-28,656.1444702148438,658.2300296236717,652.4124742350715,656.004754848671,34147900
2026-04-29,660.1558837890625,660.3055266172468,655.1865481613837,657.2221656812865,31724900
2026-04-30,666.3126220703125,667.4701765484971,656.1543902560467,663.9277163428184,40622200
2026-05-01,672.708984375,674.5250404091096,667.3703838092385,667.7295996684235,39172600
2026-05-04,671.4417114257812,675.2834576176889,667.4702382389029,673.2178749724156,34542000
2026-05-05,680.1530151367188,681.3105696942113,676.06180342226,676.5108537091375,37101100
2026-05-06,694.2827758789062,694.4424070727396,685.012594745374,686.309864653291,38778500
2026-05-07,693.4545288085938,699.741050020677,690.2913219165297,695.0910378327916,43779100
2026-05-08,709.709716796875,709.709716796875,698.0048093195176,698.4238945105413,44320400
2026-05-11,711.7652587890625,713.0625286499792,707.394616546851,708.8415292269354,36019100
2026-05-12,705.7282104492188,708.6619284096558,695.1508931250245,706.7060961344681,45873000
2026-05-13,713.1823120117188,715.1181676509774,703.3234258783424,708.4424652516221,40012500
2026-05-14,718.2514038085938,720.4866668965204,712.6933025541022,713.0924719031191,33327500
2026-05-15,707.4146728515625,713.6014326902291,704.0418926432,708.622108433035,51792700
2026-05-18,704.3711547851562,710.5479258193494,697.3561524904881,710.0190294838146,49834500
2026-05-19,700.030517578125,704.9798766607653,693.7639117658215,698.3141623863071,46827500
2026-05-20,711.6256713867188,711.6256713867188,702.2856320315602,703.7824257923921,36779200
2026-05-21,712.9827270507812,715.5871334944783,705.2592812358496,707.4745066970102,36415400
2026-05-22,716.0062255859375,720.5764528207093,714.4196583413607,716.5351219372583,33118600
2026-05-26,728.7190551757812,729.6071065125336,722.6120806481434,724.4082818705217,34254700
2026-05-27,727.8908081054688,731.7525310831555,723.8893697615578,731.3933152026018,35148700
2026-05-28,734.027587890625,735.0254503325125,724.8572296134905,728.1701402291201,32840000
2026-05-29,736.7318115234375,740.0447221142881,733.6783549102875,736.2628454135092,37541700
2026-06-01,741.1524047851562,744.0562188501588,734.416832716765,735.464576190909,33890600
2026-06-02,744.5650024414062,744.8444331554832,737.6498231242726,740.8130908722517,30085200
2026-06-03,742.6192626953125,747.0497745697194,739.4260905589007,745.7126120403002,40270200
2026-06-04,739.0269165039062,741.9107536874841,731.0540050355258,733.9078771104591,40782600
2026-06-05,703.5529174804688,730.1260001864761,702.8145089902632,728.4994794722375,99606600
2026-06-08,714.5393676757812,721.4845122126053,711.5457803433952,716.2756385838147,47401500
2026-06-09,706.3169555664062,724.1087982042852,684.9028066603832,721.4345342962913,91932200
2026-06-10,692.2072143554688,709.7596418767092,691.448829138881,700.1601489508766,65334300
2026-06-11,715.5870971679688,716.8344251989125,693.5143852047621,697.7951930812733,71798900
2026-06-12,719.798095703125,722.4623712773896,709.7596023215499,716.0760275085878,51168400
2026-06-15,742.40966796875,743.1680531807805,735.8038233761346,736.5222551108849,46710200
2026-06-16,728.2998657226562,742.629155741597,728.0803652201432,740.6633959693683,45348700
2026-06-17,720.965576171875,734.1074069958862,719.3090904725119,733.6184641620571,51669300
2026-06-18,739.0369262695312,740.2343734608266,730.9442759416646,735.6242535433294,50154600
2026-06-22,737.1818237304688,744.6740164081855,733.6255320449774,741.2475942735041,43518600
2026-06-23,712.9071655273438,722.8567588543334,711.368729535907,714.994955841975,53354200
2026-06-24,709.8803100585938,719.1806168314835,703.7167494897757,714.6253657788768,52480400
2026-06-25,715.63427734375,726.073411438839,704.5657941797848,725.144386854217,49668000
2026-06-26,705.7846069335938,714.8151753001493,702.0784467013282,706.3939573549355,47081800
2026-06-29,723.3262939453125,723.8257734758017,704.4359439581019,713.2467701925264,44939100
2026-06-30,735.6334838867188,736.8521846863197,723.156433880318,723.4261723402657,42121800
2026-07-01,724.4151000976562,731.1580735258118,723.8456861360175,728.4309348946762,40803800
2026-07-02,711.8582153320312,730.0692808035519,706.823483523477,724.8247456386157,50959800
2026-07-06,722.067626953125,725.3242433880005,717.7021805458717,719.1806205090421,30220400
2026-07-07,708.6915283203125,715.6043080380856,704.1662754218111,713.42658457407,42483100
2026-07-08,710.699462890625,711.5186166673155,700.1803943256999,704.2162281021572,35603200
2026-07-09,722.5271606445312,723.476123003734,714.3856196637845,717.5823009494849,33654700
2026-07-10,724.7548217773438,725.633910657471,716.2536701350646,719.9498309758326,26415900
2026-07-13,710.9990844726562,717.9917976257694,709.3408393238593,716.9728399125403,36552400
2026-07-14,718.9408569335938,721.5381261320255,713.5964502872879,719.4702735364855,29448100
2026-07-15,716.9928588867188,723.6059629208669,709.4906666647634,723.0964840498398,32627600
2026-07-16,705.2051391601562,712.8571384924941,701.8785885225277,711.2688277809667,39402000
2026-07-17,694.606201171875,701.5689163623388,686.0451149463661,690.9300392487022,54109300
2026-07-20,695.33544921875,705.0653008245885,694.7860339234736,701.4290751693121,29687600
2026-07-21,708.2319946289062,709.3108875148979,702.0684341343024,705.8345294031318,33728300
2026-07-22,704.61572265625,708.9112952334938,702.8875430569569,702.8875430569569,23692200
2026-07-23,691.23974609375,697.9327231441935,687.0740428357205,693.9468861753709,44028600
2026-07-24,683.5177612304688,691.9090420069233,681.7695828163428,689.6913211134731,42876700
2026-07-27,681.4099731445312,691.5793694171385,675.246412599162,690.9600196558405,42681500
2026-07-28,674.786865234375,678.69282941625,667.1848012007116,675.5260852047327,51398700
2026-07-29,661.0411376953125,679.3420743940087,660.4517860132496,674.8068223593629,57233300
2026-07-30,682.8384399414062,684.4068129515903,672.5991097762519,674.0576119251697,66753700
2026-07-31,687.2738647460938,695.0457958477069,679.3421270152298,691.3895713800811,50540500
2026-08-03,699.34130859375,700.8597459456591,685.1061413344767,687.5835404062232,44965100
2026-08-04,723.0964965820312,724.9046100552433,706.7935382563429,707.4228263749409,59778600
2026-08-05,716.5533447265625,727.7816351687756,716.1737353937511,725.4940407971483,33540200
2026-08-06,713.9061279296875,718.5712497417534,707.7625052246912,710.0800975972087,33035900
2026-08-07,722.2774047851562,722.8767558377907,715.7641721456221,719.4003977892652,31070400
2026-08-10,720.11962890625,723.9156612253314,719.5802129514979,721.6380662225321,26243200
2026-08-11,717.7021484375,722.5970112457043,714.7552070178748,722.5370761410037,29286100
2026-08-12,722.9467163085938,726.4930089361641,722.1674989405016,726.32320296041,29066000
2026-08-13,731.3079833984375,733.1960306989878,723.276374318815,724.3952036143359,31599700
2026-08-14,730.3090209960938,733.6255724540374,727.561883529615,732.6465510961883,23790600
2026-08-17,729.1102294921875,733.8153485193716,728.5108784569633,732.1870404067878,26452600
2026-08-18,716.7631225585938,721.3783085230132,715.1747508308598,719.4603242061223,48997200
2026-08-19,715.3345947265625,720.7489355626859,711.8681752092583,719.6401056796244,35801700
2026-08-20,710.18994140625,714.1957769031727,707.782476952734,711.3487680341726,33396400
2026-08-21,712.6973876953125,714.9250469928722,708.46181083734,714.485502546953,33399400
2026-08-24,705.5847778320312,709.0511365395006,701.9685508753718,708.9212669826352,37443100
2026-08-25,709.9801635742188,713.2967150154067,706.713608864013,710.4796431110551,23869600
2026-08-26,710.6295166015625,712.2778234739277,707.2330313373777,707.6725757719001,20392400
2026-08-27,720.359375,720.5991154262211,713.7862680851495,716.1837333189847,28723500
2026-08-28,715.6842651367188,723.3762624487671,714.3456940785237,718.9908173393685,34105400
2026-08-31,716.013916015625,716.8330697733344,712.4176267643429,714.425544259608,32237200
2026-09-01,706.9033813476562,711.5585035915489,703.9264419829226,706.6536415906066,35236100
2026-09-02,708.501708984375,709.0611236151823,704.3660038718234,706.3639219777956,23476200
2026-09-03,716.9229125976562,718.1716113897015,708.9512390201578,710.1100046716628,29449800
2026-09-04,718.2116088867188,721.1085535017505,715.8140828169636,718.601156571467,32871100
2026-09-08,717.6122436523438,721.1385985378392,714.8251697161986,720.1595771602128,28341400
2026-09-09,715.5643920898438,718.9508780796424,713.276797695489,715.6543252365607,26763400
2026-09-10,707.9523315429688,711.3188188537567,706.1242193062288,706.8135035284996,31414400
2026-09-11,714.1358642578125,716.8830016980755,712.8871654213293,714.9350193188371,26649100
2026-09-14,708.4417724609375,712.2078675940699,702.0084737337293,702.597886401324,35219000
2026-09-15,703.8065795898438,708.7914364120502,702.9075530374577,708.062154852668,26631700
2026-09-16,703.9863891601562,711.138970068843,699.2713317325664,707.2630040952242,35688000
2026-09-17,716.1737060546875,717.2925353145212,712.577477858311,715.2047450412119,37270300
2026-09-18,720.6990356445312,720.9787124798182,714.3356712251818,718.08176775015,48478700
2026-09-21,741.469970703125,743.219970703125,727.8099975585938,727.8900146484375,46730600
2026-09-22,747.4600219726562,748.3499755859375,740.9299926757812,740.97998046875,40128800
2026-09-23,741.2100219726562,747.1300048828125,738.1900024414062,746.969970703125,33191800
2026-09-24,741.0999755859375,742.6599731445312,734.6199951171875,735.2899780273438,29000900
2026-09-25,744.5,745.9199829101562,739.6400146484375,742.8300170898438,30283800
2026-09-28,736.530029296875,741.4199829101562,731.6300048828125,740.4600219726562,41775000
2026-09-29,737.9299926757812,740.5800170898438,735.3400268554688,740.1500244140625,27052300
2026-09-30,739.77001953125,745.0999755859375,739.4600219726562,740.1900024414062,29820400
2026-10-01,742.030029296875,744.6699829101562,736.25,742.510009765625,35534100
