Date,Close,High,Low,Open,Volume
,RWM,RWM,RWM,RWM,RWM
2009-01-02,214.16598510742188,218.67195468064065,212.44312628368394,216.65089368333824,29675
2009-01-05,213.602783203125,217.77743743059045,212.21124021990374,213.37085937258811,40175
2009-01-06,209.92507934570312,213.10575930211712,207.6389553579254,211.25035634142628,55625
2009-01-07,216.98220825195312,219.00326923510437,213.20514926523052,214.43104658743934,65800
2009-01-08,214.96116638183594,218.7713648992349,214.56359715491385,218.04245427947868,57250
2009-01-09,223.40988159179688,223.8737292400651,217.1147738652697,217.28044457299453,59125
2009-01-12,229.307373046875,230.46699205760734,223.3104681072316,223.84056882165268,73725
2009-01-13,226.85562133789062,231.0302753820796,225.3646608260657,230.0694409040948,95250
2009-01-14,236.3976287841797,237.2259316357555,229.9368766530071,231.62662154800492,130000
2009-01-15,232.5211944580078,244.11743522552183,230.00314652784965,236.23200060361987,157075
2009-01-16,230.26815795898438,237.7560216840658,227.45193374454104,227.71699668368217,74300
2009-01-20,245.9396514892578,245.9396514892578,231.59344250208056,232.88559270595363,142025
2009-01-21,233.1507110595703,247.23186046028286,232.52119276217232,241.93070164012863,136475
2009-01-22,239.47891235351562,244.18366640423662,234.2109184399188,238.4518249238249,208850
2009-01-23,238.51812744140625,247.13247368116322,235.63564914730475,246.3041706719981,113475
2009-01-26,236.26510620117188,239.84338072154236,231.19589660287937,239.11447014023008,78075
2009-01-27,233.1175994873047,236.8946591636336,231.22906964914026,235.00612932546915,78975
2009-01-28,224.3375701904297,229.43991944684356,222.84663497662447,228.87667950187713,89675
2009-01-29,233.1507110595703,233.4488879723597,226.82246472496556,227.25317313603867,67525
2009-01-30,237.35848999023438,239.21388049886738,229.67183966872625,230.7652056232278,88825
2009-02-02,234.80731201171875,241.79819041525644,233.94586992960276,241.73191202858698,100350
2009-02-03,233.54830932617188,236.92779975826286,231.59352635839124,233.05132246524062,63850
2009-02-04,235.40365600585938,236.86145168386543,228.7440946951645,233.6145189995028,93875
2009-02-05,232.5211944580078,238.68377014525345,229.10859050515862,237.68979653977559,102350
2009-02-06,224.43695068359375,233.2832450234909,223.40986315828766,232.42180291444123,108125
2009-02-09,225.43087768554688,227.9157859158402,223.64174072640043,225.3645993105079,74550
2009-02-10,235.43685913085938,236.2983014109684,223.7743628985541,227.02129681328168,152175
2009-02-11,234.6416778564453,238.2862060789746,232.62061647091684,233.84651403719212,108175
2009-02-12,232.62060546875,241.50001441015104,232.62060546875,238.58439702558684,102975
2009-02-13,235.60247802734375,235.6687311368675,230.06942074246774,233.5814169365905,90125
2009-02-17,244.41558837890625,244.9457143243697,240.87045327145748,243.9517408155239,154450
2009-02-18,247.29815673828125,248.85537051769006,242.19580691379835,242.22894611360363,126025
2009-02-19,251.30706787109375,251.8371938036218,244.08426634607153,244.94570834753173,69400
2009-02-20,254.7197265625,260.51784749654513,251.8041091356743,256.4757501358781,178950
2009-02-23,264.5930480957031,265.056895640851,252.86427743026002,253.12934039257178,129200
2009-02-24,254.02398681640625,263.9305100212566,252.59930448352907,261.1473984807922,80850
2009-02-25,259.6895446777344,263.83105963336305,254.0902336466292,255.6474473143938,82075
2009-02-26,264.7919616699219,265.7527964180187,256.0450818750217,257.10530896295484,61625
2009-02-27,267.4755554199219,269.7285400817513,261.41237276381975,269.39719873440913,120550
2009-03-02,281.4904479980469,282.1862193846333,271.7827372232585,273.1080268881937,95900
2009-03-03,287.18914794921875,288.4481591057477,277.1169828636008,277.3157674467908,119400
2009-03-04,279.8338623046875,286.8247411427205,275.49356298661195,282.5175557422396,126475
2009-03-05,295.2071838378906,296.134879152479,283.2133725881382,286.82476153104335,145950
2009-03-06,294.3125305175781,301.40279982626697,288.28248768651207,292.35772294077134,157125
2009-03-09,300.64080810546875,301.6679208719205,290.30360427695854,297.5595203617094,144975
2009-03-10,280.4633483886719,294.41196526593757,279.6681847352093,293.1198148498871,105150
2009-03-11,280.4964904785156,282.7163360595087,272.0809304525419,277.51459514997424,90375
2009-03-12,263.16845703125,284.70433722929727,261.11425628158065,281.72244106939144,94000
2009-03-13,259.8221435546875,263.897406449867,257.9004740503652,260.2197381935221,56975
2009-03-16,264.72564697265625,265.22263383406846,254.55408702400004,257.0721099736322,63175
2009-03-17,252.69863891601562,266.084016882543,252.69863891601562,264.46055026793454,73725
2009-03-18,243.95175170898438,255.6805233592402,241.76504528079292,253.42753854600804,94925
2009-03-19,246.10531616210938,247.66252942164917,239.87648840174487,239.87648840174487,59500
2009-03-20,254.12335205078125,254.38841507929135,243.222906739671,243.68675440066286,28850
2009-03-23,232.75314331054688,248.02705267314994,232.75314331054688,246.03913052605787,83125
2009-03-24,242.06326293945312,242.09640213755355,233.912764375065,235.96696493466268,23325
2009-03-25,235.73501586914062,246.30414392964448,231.9248173851111,239.5783282699241,36525
2009-03-26,225.7953643798828,234.34345594995477,225.7953643798828,231.95793967200007,30325
2009-03-27,233.51516723632812,233.68081265145514,228.14775528579793,229.9368926026413,74825
2009-03-30,239.9759063720703,244.94572354784606,239.5451979835101,240.3735008461394,30850
2009-03-31,237.55723571777344,240.6054092686831,230.76516784471266,237.19278045927115,36750
2009-04-01,233.7471160888672,242.6596391562363,232.72000318269642,241.6656907255632,66250
2009-04-02,222.28334045410156,228.01520729218075,218.80448365451326,226.4248546996569,60550
2009-04-03,218.6719970703125,224.37072588689625,218.6719970703125,222.51533521277207,31875
2009-04-06,222.8134765625,226.12668810989777,221.15687078880111,221.75324987844465,45325
2009-04-07,230.4007110595703,230.86455860771872,224.47005994790638,226.42484243256106,26725
2009-04-08,225.099609375,230.40074300147973,225.099609375,228.54535255166158,26900
2009-04-09,212.8076171875,220.39485039826536,212.54255416169298,219.16897814006032,36950
2009-04-13,212.1449432373047,216.68405241190254,210.81966612733356,214.26539672437826,61075
2009-04-14,218.5063018798828,218.7051117711284,213.17202901147974,215.6238238737142,31150
2009-04-15,215.1268310546875,220.19604077840037,214.49731275928835,220.1297876683682,38500
2009-04-16,209.03053283691406,216.18706981488532,207.27453462845955,212.64193420221298,43775
2009-04-17,206.61192321777344,210.72029943508903,204.75651976030386,208.59984556306782,38300
2009-04-20,217.5454864501953,217.8768025556421,210.38893723911215,211.3166324454825,99125
2009-04-21,209.7262725830078,219.03640087805556,209.06362779579445,218.8376162891202,37425
2009-04-22,209.42808532714844,213.56959949342917,204.29261028873995,213.1388911201427,129425
2009-04-23,210.45521545410156,213.96722451880456,208.5666857356113,208.93114105653046,110575
2009-04-24,206.4462127685547,210.32266415037796,203.59684886111256,208.4341346096591,66300
2009-04-27,209.06365966796875,210.72026556910606,205.91611856692785,209.8919626185374,76450
2009-04-28,208.2022247314453,211.61482875435365,204.6902157626088,211.25037344338293,40000
2009-04-29,200.01858520507812,206.14803438484563,197.73247370019808,205.51851607793841,70400
2009-04-30,201.80772399902344,201.80772399902344,195.18130060369987,197.26862751211868,35450
2009-05-01,201.11195373535156,202.40410428266554,198.99150025884657,201.5426747974228,32750
2009-05-04,193.45843505859375,199.62101103132846,193.22651124361124,198.792708080991,50450
2009-05-05,194.7174835205078,197.13612692238314,193.75664894418838,194.4192939154053,21100
2009-05-06,194.15420532226562,197.43429054676122,191.27171461152093,192.1331567524147,36950
2009-05-07,198.32887268066406,200.0186052424312,190.3440322525943,190.74161415438053,31450
2009-05-08,191.50363159179688,196.8379043914,190.90725248135058,194.94937475461992,31700
2009-05-11,194.61805725097656,196.00960007279213,193.02770454190252,195.14817060770145,94000
2009-05-12,197.33489990234375,200.28365639025378,192.19941148705774,193.09398019219336,41625
2009-05-13,206.04859924316406,206.2142699136914,200.05169508144542,200.34988459393787,88425
2009-05-14,203.1330108642578,207.04260162338508,199.72039426941996,205.71731190748113,121950
2009-05-15,204.25949096679688,205.84983094627495,201.11193756122842,203.46431465760853,63025
2009-05-18,196.53970336914062,202.20529194892413,196.07585578561196,201.67517861933442,95825
2009-05-19,196.970458984375,199.05778611565844,194.5518157035105,196.73853515188807,61150
2009-05-20,198.4945831298828,198.82589936231224,191.50370193104698,195.1151044757056,54600
2009-05-21,201.31072998046875,204.52454925657113,199.4884661397846,201.07880618104892,62725
2009-05-22,203.16612243652344,203.16612243652344,199.85291103000623,200.25049285989672,37175
2009-05-26,193.6240692138672,205.15404334227586,193.2596265773929,205.15404334227586,88925
2009-05-27,197.3679962158203,197.43426195851694,192.53071074904975,194.94935348243504,39950
2009-05-28,196.7716522216797,201.14509090751923,195.01565396356392,195.61203311516934,21525
2009-05-29,192.63009643554688,197.13606567315693,192.63009643554688,196.1089656549407,34600
2009-06-01,185.44041442871094,189.2837384907046,184.38018797291244,188.554828062757,64050
2009-06-02,182.8561248779297,186.69944943373275,182.2266192885724,185.57295709984749,37925
2009-06-03,184.04891967773438,186.56696781539605,184.04891967773438,184.41337501125648,29550
2009-06-04,181.53086853027344,185.37419352164113,181.36521047628938,183.18747434791297,24050
2009-06-05,181.43145751953125,183.2205947760874,179.60919370884582,179.80799095031838,28550
2009-06-08,183.45252990722656,185.37419877683772,181.3320764227589,182.88928997993347,34400
2009-06-09,182.75672912597656,183.48563963378382,181.16638926804066,182.4916788024361,24500
2009-06-10,183.45252990722656,186.86514658276022,180.80196305164196,180.80196305164196,33800
2009-06-11,183.5850372314453,183.5850372314453,180.43748397545508,183.22058196700777,46925
2009-06-12,182.822998046875,185.77175404135718,182.72360575368057,184.77779319271906,27850
2009-06-15,187.62722778320312,189.64828943440565,185.27483729800684,185.30797650085756,35425
2009-06-16,190.807861328125,191.5367719428275,185.9374361097029,186.2356256667267,82500
2009-06-17,189.68138122558594,192.76266930289526,187.5940541902376,190.94040528615005,101700
2009-06-18,188.68739318847656,191.56988358944108,187.82595114016166,189.88015132374426,57850
2009-06-19,187.69346618652344,188.42236423723966,185.70553138908625,186.33504976244674,36350
2009-06-22,194.45236206054688,194.5186278016517,188.98557112782817,189.08496342003647,93750
2009-06-23,195.87705993652344,196.34090752334154,192.6632533826128,193.22649326977796,102050
2009-06-24,193.9222412109375,194.88307546115414,191.33794060308324,194.12103842650217,86575
2009-06-25,188.32296752929688,195.77769440831545,188.32296752929688,195.77769440831545,86075
2009-06-26,188.19041442871094,189.97955170775984,186.40127714966204,189.3500460601978,52100
2009-06-29,187.62722778320312,190.50971912498406,186.3350769278842,187.22963318241062,35025
2009-06-30,188.0910186767578,189.15124534736563,186.16934993696935,187.5277661486168,30400
2009-07-01,185.10911560058594,187.16331574885615,183.7506994451935,187.03078426079387,33525
2009-07-02,191.33798217773438,192.16628513088475,188.12416267506296,188.12416267506296,49425
2009-07-06,193.32589721679688,196.34091935164955,192.16627817989183,193.06084685360412,115350
2009-07-07,197.23545837402344,197.3679898551455,193.06081782985916,193.59093111544985,64850
2009-07-08,198.85894775390625,201.9070961447202,195.94331821220283,196.57283646079577,174175
2009-07-09,199.52163696289062,199.72042160024938,197.13612020337618,197.8318917119342,93300
2009-07-10,198.5276336669922,201.67518722526236,197.83186226200908,200.64809971473474,78250
2009-07-13,193.9222412109375,201.2775738811655,193.4915328688933,197.79870476161616,76850
2009-07-14,192.39817810058594,194.65116278305914,191.83493824941664,193.75659422040965,64750
2009-07-15,185.24163818359375,189.64821515809098,184.51272767319026,188.81991235586798,124700
2009-07-16,182.52487182617188,186.10313464995403,181.6634421623232,185.63928693565842,60750
2009-07-17,183.28688049316406,183.81699388928345,182.12726138880922,182.12726138880922,35100
2009-07-20,181.03387451171875,182.85613831068986,180.40436887611747,182.09410118162555,76875
2009-07-21,181.29898071289062,183.58509264499898,179.14538766693354,179.14538766693354,127550
2009-07-22,180.00680541992188,182.39230935141012,178.74778138122798,182.22665128711097,39350
2009-07-23,174.00987243652344,180.1061822050751,173.18156954752945,179.7417269116939,79375
2009-07-24,173.0490264892578,175.9646560025934,173.0490264892578,175.23574546453494,41925
2009-07-27,172.41954040527344,174.40746237552378,171.92255359326103,172.98278032924782,24950
2009-07-28,172.3201446533203,174.7056612560148,170.72980446449077,173.41351064252206,47700
2009-07-29,173.0490264892578,174.00986080962608,172.35325514232832,173.3140894626966,34125
2009-07-30,170.2659454345703,171.35931135064357,168.14549199128834,170.63040073992806,45150
2009-07-31,171.02796936035156,171.02796936035156,168.64246574078754,170.76291901991044,38400
2009-08-03,167.74789428710938,170.630384624397,167.71475509580705,168.67558942120235,34000
2009-08-04,166.2238006591797,168.90750629445176,165.49490278602627,168.90750629445176,31675
2009-08-05,167.7147674560547,169.33824669926287,165.95876935456562,166.0913008517457,114625
2009-08-06,169.90150451660156,170.43161792231245,166.75396327957463,166.853355593489,40100
2009-08-07,165.9256591796875,168.3443023669432,163.6726740608109,167.38346787588395,73850
2009-08-10,165.6605682373047,166.8201871594065,164.76599965215544,166.4226053345285,32825
2009-08-11,168.17860412597656,169.0400461627558,166.1244166088004,166.35634039434134,36800
2009-08-12,165.6605682373047,168.2780082487897,163.67264647401637,168.2780082487897,75775
2009-08-13,164.23590087890625,166.72080962245101,163.83831901883093,164.33529318420022,45350
2009-08-14,167.61537170410156,169.33824321529886,164.50095741784045,164.63347627339488,57225
2009-08-17,172.45269775390625,172.78402656737552,170.8292308040635,170.89549656675737,93875
2009-08-18,170.13339233398438,172.12132666384164,169.1394314885047,171.29302385279226,59625
2009-08-19,168.24490356445312,172.38641861981208,167.97985317313865,172.15449478782404,57650
2009-08-20,166.12445068359375,168.7418912446044,165.85940029099447,168.31117013786698,46225
2009-08-21,162.4799346923828,164.6335151102321,161.81728970269768,164.5672493473734,42725
2009-08-24,162.5461883544922,163.20882065594574,160.5913927318418,161.7841510966998,51400
2009-08-25,161.68472290039062,162.18170969394671,160.09438285546997,161.71786209404058,42175
2009-08-26,161.5522003173828,162.61243971139547,160.6245050663841,161.883529077668,34350
2009-08-27,161.5522003173828,164.86541208683522,161.05522613530488,161.65160526491832,44050
2009-08-28,162.5792694091797,163.6394959614364,159.49798204202813,159.86243728915966,51800
2009-08-31,164.96482849121094,165.72686573444065,163.80519670802602,164.16965205020125,79500
2009-09-01,168.9738006591797,169.30511678138282,162.34737710391772,165.92565189043114,98425
2009-09-02,169.63644409179688,170.0340259628206,168.27802778014103,169.60330489652003,74400
2009-09-03,167.64852905273438,170.6304250311697,167.51601017283826,168.67562936506238,75250
2009-09-04,165.32923889160156,168.77496882891504,165.19670741430946,167.8804003155393,55800
2009-09-08,163.57325744628906,165.19673673401493,163.3413336393139,163.44073858437437,55325
2009-09-09,160.62451171875,163.77206555786768,159.53115836177673,163.3082179131578,54550
2009-09-10,158.3052520751953,161.81726105146168,158.07332826570504,160.59137625288463,39225
2009-09-11,158.47093200683594,159.13356427890673,157.01311067491912,158.00707172192577,35175
2009-09-14,156.88052368164062,159.8955449532939,156.74800485743413,159.7298869438638,40375
2009-09-15,155.35647583007812,157.41066329712453,155.0582863075312,156.84742344281264,45225
2009-09-16,152.1095733642578,155.12459599574228,152.1095733642578,154.72701406601402,137300
2009-09-17,152.4739990234375,153.3023019216707,150.85051978178475,152.20893602933126,52600
2009-09-18,151.87762451171875,153.40169885715324,151.48004264745313,151.57943495379465,20900
2009-09-21,152.2421112060547,153.46799624629074,152.01018735084523,153.26919895372453,23850
2009-09-22,151.1818389892578,152.17579987666792,150.71799141772632,151.2812312863293,28850
2009-09-23,152.8052978515625,152.9047027825636,149.7240104073821,150.91676846821295,29700
2009-09-24,155.72091674804688,156.71487751865928,151.9107190486529,152.40770575340758,49200
2009-09-25,156.7148895263672,157.37753430384717,155.48900490331286,156.44983919871393,36600
2009-09-28,152.8052978515625,155.98599022674398,152.01013423694047,155.62153497050147,41950
2009-09-29,153.40170288085938,153.73303164218774,151.6457046819687,152.77219719268535,46425
2009-09-30,155.19081115722656,157.1456062461404,153.03721884881557,153.23601606831272,59325
2009-10-01,160.32630920410156,160.32630920410156,155.68782049240386,155.78721279713545,88125
2009-10-02,161.25399780273438,162.44675596617427,159.86245503798708,161.85037688445433,169075
2009-10-05,158.23902893066406,161.02212803280932,157.74205462175786,160.52515372390312,58925
2009-10-06,155.42276000976562,157.4106819699635,154.56133053071977,157.11249241204385,103300
2009-10-07,155.0914764404297,156.15170339353318,154.8264133827027,155.78724800860968,46525
2009-10-08,153.8655548095703,154.72699697420825,152.30835382394068,153.799289055452,86675
2009-10-09,151.97698974609375,153.89865825238277,151.91072400737025,153.69986103621233,26600
2009-10-12,152.0432586669922,152.77216916930882,150.48604537164212,151.34748735417952,39775
2009-10-13,152.70591735839844,154.06433355732645,151.87761448981067,152.37460126652283,25625
2009-10-14,149.65777587890625,151.54631829502716,149.39272549838606,150.35355998543517,39050
2009-10-15,149.65777587890625,152.3414820754882,149.42585205636342,150.51921805312287,37600
2009-10-16,151.2481231689453,152.5734003007281,150.5523390879419,150.78426290197638,107875
2009-10-19,150.12161254882812,152.14266087894848,149.29330970178097,150.91677620421027,177100
2009-10-20,152.17581176757812,152.93784892876752,149.75716878495973,149.82343453448482,67175
2009-10-21,154.29627990722656,154.42881141891215,149.49212003927914,152.44087666033016,83125
2009-10-22,152.076416015625,156.01913323125265,151.4137711742937,154.36252744737394,110775
2009-10-23,155.19081115722656,155.45586147765854,151.2149552395665,151.57941048919582,212000
2009-10-26,156.7148895263672,157.3112685622094,152.34145168945633,154.76009438419507,150650
2009-10-27,158.57032775878906,158.7359858303994,155.62157111186266,156.48300066757685,145775
2009-10-28,163.9376983642578,164.43468512923795,158.43776795222408,159.0010204617948,245275
2009-10-29,160.4919891357422,162.8443793258834,159.630559553211,162.24800013839985,176200
2009-10-30,165.32923889160156,165.95874445039308,161.1877250179532,161.28711730647362,296675
2009-11-02,165.296142578125,167.84731730269584,162.612448980786,164.07025769244052,324575
2009-11-03,162.71182250976562,166.78707123133182,162.71182250976562,166.32322363294367,143575
2009-11-04,164.89854431152344,164.89854431152344,161.02208013290678,161.75099073582086,178050
2009-11-05,159.8625030517578,163.40763941402136,159.49804765470037,162.94379168645833,156825
2009-11-06,159.63050842285156,161.85035374609103,158.33835814348566,161.48591114949573,122125
2009-11-09,156.18479919433594,158.30525268290108,156.18479919433594,158.20586037528076,141675
2009-11-10,157.54318237304688,158.63654808256234,155.7209188294182,156.6486138758698,180825
2009-11-11,156.21795654296875,157.4769680487969,154.72700856090785,156.0522858258166,191250
2009-11-12,159.29922485351562,159.5974017736415,155.0914444712218,156.18479776171566,131500
2009-11-13,157.54318237304688,160.62446965035778,156.94680337492883,158.73594036928299,141425
2009-11-16,153.4348602294922,156.54927512104928,152.3746333456046,156.51614856044716,134075
2009-11-17,153.33544921875,154.69386565005462,152.9047407534126,153.96496759546008,62025
2009-11-18,153.76617431640625,155.09146422283476,153.103529363192,153.30232664082664,45125
2009-11-19,157.5763397216797,158.7359586633887,155.0251654110213,155.32335494444627,92725
2009-11-20,157.80828857421875,159.06730001406808,157.1787702153935,158.7691104332826,89425
2009-11-23,154.89263916015625,155.8203343449031,153.03723615176358,155.45587905406714,94000
2009-11-24,155.62152099609375,157.47691102286782,154.892610549063,154.99200283224113,100950
2009-11-25,155.68780517578125,155.85346321366947,154.42878133781394,154.62756592772058,39300
2009-11-27,159.53115844726562,161.61847284957872,157.44383140605214,161.51908053677343,139675
2009-11-30,159.03416442871094,162.31424963116905,158.6697091130045,159.99499887213705,160575
2009-12-01,156.28419494628906,157.84140854079203,155.7209550054944,157.24502940412705,110025
2009-12-02,154.62757873535156,156.18479222605924,153.16977018672895,156.11852647763558,151375
2009-12-03,156.3504638671875,156.48299537555403,152.80532817123458,153.73303609090001,127475
2009-12-04,152.63961791992188,155.52210772746034,151.21493628931066,153.03719967019367,183825
2009-12-07,152.208984375,153.2692114103832,151.5463519570629,152.57343978820734,86125
2009-12-08,153.63360595703125,155.09142703230103,152.34145555951352,153.13663184046962,60225
2009-12-09,153.76617431640625,155.32338806062458,153.3354532009818,153.60051623782797,48125
2009-12-10,154.62757873535156,155.12456552907932,152.3746064834436,153.16977018672895,53300
2009-12-11,153.1034698486328,154.89260673516557,152.80528036754401,153.4016593297216,42550
2009-12-14,150.5854949951172,153.46798603150717,150.5854949951172,151.7782533933203,95125
2009-12-15,151.14869689941406,151.38062068073276,149.59149617325974,150.8836465660062,66900
2009-12-16,150.0885009765625,150.9499431737979,149.32646373371625,150.18790593095164,42325
2009-12-17,151.8114013671875,152.83850183027147,150.51925046650635,151.0824905457148,77650
2009-12-18,150.55235290527344,152.47402198523957,150.45296058696522,150.65175786248275,47775
2009-12-21,148.39874267578125,149.29331127669693,148.06741395012813,149.29331127669693,94175
2009-12-22,146.97406005859375,148.49813427270468,146.6096047815458,148.16681818751482,59550
2009-12-23,145.01927185058594,146.9409279878323,144.95300610255688,145.98010623865866,68250
2009-12-24,144.55540466308594,144.98611300855643,144.42287318498853,144.55540466308594,37750
2009-12-28,144.6216583251953,145.3174295687588,143.89274789542614,143.9590136289412,44200
2009-12-29,144.85362243652344,144.85362243652344,144.22410411216333,144.25724330760326,44750
2009-12-30,144.68792724609375,146.01321678356504,144.32348463024198,145.21805317220043,36425
2009-12-31,146.84152221679688,146.84152221679688,143.99215850738906,144.68792983952875,53550
2010-01-04,142.965087890625,144.48916221775565,142.8325563911616,144.48916221775565,66275
2010-01-05,143.2963409423828,143.9589855092015,142.4680383935829,143.09754378066904,36100
2010-01-06,143.4951934814453,143.85963612689133,142.63375142046704,143.36266198915655,59700
2010-01-07,142.4349822998047,144.75422047240366,142.36871654645898,143.39580412606708,32700
2010-01-08,141.6397705078125,143.29637601082786,141.6397705078125,143.09757880046308,39075
2010-01-11,142.0373992919922,142.73318343906595,140.91090667161225,141.04343818904545,66250
2010-01-12,143.8265380859375,144.38979072037657,142.56751393739836,143.06450081255628,36475
2010-01-13,141.83859252929688,144.35662777323293,141.67292183889782,143.39579338007476,28275
2010-01-14,141.37472534179688,142.63374922133102,140.94401695684718,142.3686988797388,41775
2010-01-15,143.3626251220703,144.35658578083203,141.07651434302883,141.3746911656514,43750
2010-01-19,140.9440155029297,142.96507647217862,140.81148401405142,142.96507647217862,334875
2010-01-20,142.83253479003906,144.35660888667803,141.8054347828793,141.8054347828793,282125
2010-01-21,145.18492126464844,145.68190802585278,141.70605185291308,142.76627848051055,106275
2010-01-22,147.9017333984375,148.39872009183438,144.78731968465397,145.48309094429231,84850
2010-01-25,147.73609924316406,148.73006015160954,146.87466982621763,147.10659361689162,53775
2010-01-26,149.094482421875,149.26014043012012,147.13968759123236,148.19991401067625,74275
2010-01-27,147.63673400878906,150.28730113017915,147.43793673509694,149.79031426539933,95800
2010-01-28,149.88973999023438,151.314409746275,147.13976753151493,147.13976753151493,72550
2010-01-29,151.6788330078125,151.94389601996687,147.73611549376696,149.35959484596222,122850
2010-02-01,149.8565673828125,151.54631246941216,149.59151701248112,150.9167941419378,67925
2010-02-02,148.26622009277344,150.32040775963625,148.10056203944407,149.5252440480955,72900
2010-02-03,149.16079711914062,150.3204161964297,147.90177309315533,148.7963417980212,47075
2010-02-04,154.1968536376953,154.29624593012232,150.1547318936924,150.22099763494302,137575
2010-02-05,153.56735229492188,156.880563888244,153.43483343675237,153.9318075924112,235275
2010-02-08,155.0583038330078,155.25710108347417,152.8053188833203,154.13060860863044,94725
2010-02-09,153.03724670410156,154.89264984042936,151.91075419970608,153.26917051628004,124275
2010-02-10,152.73902893066406,154.9920135233514,152.2420548415962,153.33540794866352,72625
2010-02-11,150.12161254882812,154.16372184796728,150.0884733571631,152.83844487603088,87025
2010-02-12,148.82943725585938,152.0432560826497,148.82943725585938,151.61253509870212,121400
2010-02-16,146.41078186035156,148.66376623328813,146.2782630328642,147.30535030009662,106125
2010-02-17,145.41685485839844,146.44395500268317,145.05239956078455,145.58251291034134,95525
2010-02-18,144.1246795654297,145.78128507767602,144.09155301629946,145.31743755647057,93175
2010-02-19,143.89279174804688,144.88675277589843,143.26328604615094,144.75422126847818,119650
2010-02-22,143.5614471435547,143.99215549889095,143.03132121902203,143.13072614932074,103900
2010-02-23,145.2511749267578,145.5824909807363,143.56144282923182,143.69396166748484,58875
2010-02-24,143.9259033203125,145.118661485108,143.29639768395882,144.75420619709837,28825
2010-02-25,143.99215698242188,146.34453392173222,143.8264989487475,145.9469521131342,76925
2010-02-26,144.45603942871094,145.25121587689668,143.59460986216882,143.79340713394046,55050
2010-03-01,141.1759490966797,143.42893400853396,141.0102910435226,143.42893400853396,113700
2010-03-02,139.91693115234375,140.84462640098894,139.22115971585987,140.5795760323331,218850
2010-03-03,139.45306396484375,139.95005071484093,138.45910310374748,139.38679822225092,60800
2010-03-04,138.88983154296875,139.71813448672853,138.79043923416555,139.15489455164385,22600
2010-03-05,136.1067352294922,138.35970743400114,135.7754064943446,137.92899903665767,104450
2010-03-08,135.84165954589844,136.10672250924426,135.4109385499103,135.94105183770424,43450
2010-03-09,135.2784423828125,135.90794806793141,134.25134218602912,135.90794806793141,49375
2010-03-10,134.1519317626953,135.1127534388926,133.42302122863694,135.1127534388926,60075
2010-03-11,133.7874755859375,135.44408123287963,133.55555180647744,134.91396793141408,36800
2010-03-12,133.7874755859375,134.5495126668631,132.92603357174468,132.92603357174468,92200
2010-03-15,134.18507385253906,135.17903483477795,133.65496048608503,133.88688429397743,35600
2010-03-16,133.09170532226562,134.3507292825614,132.99231301765522,133.5886921231164,69525
2010-03-17,132.23025512695312,132.79350758886974,131.50134463702483,132.66097611090143,97425
2010-03-18,132.56153869628906,132.89286731001155,131.66698303647408,132.26334926338598,47900
2010-03-19,134.3838653564453,134.81457375902272,132.1971462334941,134.3838653564453,104275
2010-03-22,132.39598083496094,135.54353553178282,132.16405694940704,135.31161164622893,55000
2010-03-23,130.7061767578125,132.82662978013198,130.6730375699592,132.26337733669882,52100
2010-03-24,132.19715881347656,132.19715881347656,130.97126132022453,131.43510896030895,54150
2010-03-25,133.02540588378906,133.0916589711895,130.109777121266,130.97120628531636,104075
2010-03-26,133.05859375,133.58870716578085,131.56764581845988,132.52848033421915,55725
2010-03-29,132.3296661376953,132.992310982389,131.99835003479805,132.52846338277317,28500
2010-03-30,132.031494140625,132.89293634490906,131.30259608957795,132.16402565496114,50250
2010-03-31,133.02540588378906,133.8537085041392,131.10373773790718,132.49529271232078,71575
2010-04-01,131.86582946777344,133.09171431677976,131.30258951838414,132.03148753295264,46575
2010-04-05,129.2483673095703,131.73327578567938,129.2483673095703,131.3688331591911,46000
2010-04-06,128.58575439453125,129.97729728263127,128.22129907462886,129.7785000248027,81350
2010-04-07,128.95021057128906,129.74538704692543,128.22131249409878,128.65203361168938,39000
2010-04-08,129.0164794921875,130.30864287662178,128.3869737194387,129.38093485916372,55500
2010-04-09,128.3538360595703,129.64598669337093,128.2213045486932,128.9502025807163,35050
2010-04-12,127.79055786132812,128.38693690191985,127.4592417893985,128.1881396754233,37600
2010-04-13,127.55865478515625,128.81767881283682,127.3929967223062,127.95623666377642,38225
2010-04-14,124.70928955078125,126.89600882307283,124.70928955078124,126.6640850092616,93325
2010-04-15,124.31169891357422,124.87493881058802,124.07977511610983,124.74241995410769,66675
2010-04-16,125.96829223632812,126.86286078335641,124.24542088341043,124.6761418813643,145150
2010-04-19,126.59782409667969,128.32069580721344,125.53759729618206,126.76348216446361,125925
2010-04-20,124.84178924560547,126.39900243204318,124.84178924560547,125.80262345165838,49250
2010-04-21,124.01348876953125,125.13998101534527,123.74842582279997,124.67613349746249,74400
2010-04-22,122.5888442993164,125.83579055057615,122.42318622669208,125.30567713483784,86725
2010-04-23,121.29667663574219,123.01954815511505,121.26353744252211,122.39002987292363,94450
2010-04-26,121.82677459716797,121.82677459716797,120.46835854131497,121.23039558348641,71300
2010-04-27,124.64300537109375,124.77553685622087,121.19727523007509,122.19123609073236,157550
2010-04-28,124.31169891357422,124.87493881058802,123.48339602580167,123.81471212535106,584175
2010-04-29,121.69422912597656,124.11287145273758,121.69422912597656,123.3508344981879,139525
2010-04-30,125.3056640625,125.33880325690814,121.52860478953836,121.76052859479745,82225
2010-05-03,122.52255249023438,124.57673995957113,122.42316019557396,124.57673995957113,184350
2010-05-04,126.29963684082031,127.06167407775492,124.34484127167482,124.34484127167482,159150
2010-05-05,128.1550750732422,129.1159098407575,126.36593708660763,127.42616419596794,309575
2010-05-06,132.95916748046875,144.85359605854555,127.69116122691614,129.11584303780063,352225
2010-05-07,136.66998291015625,138.2271964568532,132.36281021894945,134.18507412997158,393250
2010-05-10,129.11587524414062,131.3025946511275,128.98334373125638,129.94417824131597,262225
2010-05-11,128.0887451171875,131.0043745264362,126.23334228604783,130.6399192704179,157000
2010-05-12,124.27853393554688,127.55861825170514,124.14601510656092,127.55861825170514,191425
2010-05-13,125.40505981445312,126.0345781365142,123.41713781791246,124.5105037632397,141775
2010-05-14,127.92313385009766,129.51347429865547,126.29965419947898,126.29965419947898,189100
2010-05-17,127.69116973876953,131.17003916326556,126.00142485559537,127.09479067869611,183975
2010-05-18,129.94415283203125,130.47426614100908,125.57071487323974,125.90203095176403,187750
2010-05-19,131.6339111328125,133.38990944688993,129.21526789151127,130.70621581803962,302250
2010-05-20,138.3597412109375,138.42600697414406,134.45016229296527,135.0465288840205,427300
2010-05-21,136.2724151611328,141.17596747867125,135.0133910431875,140.64585405620497,329275
2010-05-24,138.02842712402344,138.12781945088744,135.51039127855182,136.86880784760274,148050
2010-05-25,138.02842712402344,143.36270107336307,137.96216135981336,141.04344988161947,288100
2010-05-26,137.73019409179688,138.35969969501826,134.18505897685358,137.465143757403,218700
2010-05-27,131.73329162597656,135.24530057784958,131.73329162597656,134.08568153845263,165925
2010-05-28,133.3567657470703,134.3838658841943,131.60076765869948,132.13088100456042,158425
2010-06-01,137.56455993652344,137.5976864944872,132.99232396460144,134.81458798621733,150725
2010-06-02,133.58871459960938,137.89588792237316,133.48932227827606,136.63687638914627,134950
2010-06-03,131.799560546875,133.88688750689653,131.43510522889824,133.2905083754618,95550
2010-06-04,138.4922637939453,138.8567191485951,134.28448289381805,135.41097551778049,327375
2010-06-07,142.10365295410156,142.1699187071773,137.33263248275077,137.82960667246851,260100
2010-06-08,142.23617553710938,144.82047655043655,140.4801774269152,141.6397964357417,333875
2010-06-09,142.00424194335938,142.7994055977525,138.52537251786813,141.04340760864417,231650
2010-06-10,137.1669464111328,139.98317082785007,137.100680671588,139.3205260712997,197425
2010-06-11,135.1458740234375,138.9560589294014,135.07960828956467,138.75727436667935,140050
2010-06-14,134.4832763671875,134.7483267564996,131.9321015956917,133.38991033416036,224425
2010-06-15,130.97120666503906,133.72117743924403,130.60675148880514,133.2573299927263,137175
2010-06-16,131.4681854248047,132.3627537204966,130.14289625217347,132.1308300111203,102425
2010-06-17,131.335693359375,132.8597675176524,130.6399220226264,130.6399220226264,76750
2010-06-18,131.30259704589844,131.96524198350454,130.2092310030132,130.87187594061933,75775
2010-06-21,132.59475708007812,133.42306015081405,128.91708942378622,129.1158867107675,130250
2010-06-22,135.3446502685547,135.57657400340847,130.67302374823538,132.16397107150658,113525
2010-06-23,135.70912170410156,137.23319575521987,134.38384486617582,135.6759951546847,228875
2010-06-24,137.96212768554688,138.12778573618655,135.80854774943265,136.9019009947739,142025
2010-06-25,135.41094970703125,138.62476888846308,134.98024131445285,137.43201073292553,122700
2010-06-28,136.37176513671875,136.96814413168886,134.18504636812736,135.64285466755595,82275
2010-06-29,141.50726318359375,142.36870526995608,138.4259754110268,138.55850690722087,196175
2010-06-30,143.13076782226562,143.5283497425246,139.7181507034303,141.93800942258736,185225
2010-07-01,144.09158325195312,147.6367187809468,142.3687116410282,142.83255925956573,391675
2010-07-02,145.71505737304688,146.47709459090893,143.0976169471943,143.39580652278383,200250
2010-07-06,147.6035919189453,148.46503411583518,141.8386101227162,143.03135582480098,268325
2010-07-07,142.36868286132812,147.13970222327092,142.2030121977123,147.10657567388603,263800
2010-07-08,140.3476104736328,142.36867106892888,139.95002871946022,140.77833141334247,118025
2010-07-09,138.16090393066406,140.7120779672411,138.12776474223347,140.28135698992364,149700
2010-07-12,139.65187072753906,140.94402119907733,137.49827818237603,138.39284681010994,130375
2010-07-13,135.24526977539062,138.22716468170512,134.68202998136275,137.66391224878052,214775
2010-07-14,135.67599487304688,136.7362213967455,134.81455292323105,135.51033684851217,127625
2010-07-15,136.8356475830078,138.5253927130075,135.3446997150376,135.3446997150376,229375
2010-07-16,141.83859252929688,142.3024401290562,137.6639388536645,137.89586265354416,329200
2010-07-19,141.3416290283203,143.9921962058167,140.9109079123205,141.40789478762036,200725
2010-07-20,138.95608520507812,143.8265101350758,138.657895665713,143.362662549152,180400
2010-07-21,141.27532958984375,141.70605060316228,137.49827068247654,137.6970679129847,145675
2010-07-22,136.2724151611328,139.15490610586198,135.80856749633742,139.05551378880608,177775
2010-07-23,132.92604064941406,137.26635222550635,132.66099030401767,136.93503613403618,286025
2010-07-26,129.81161499023438,133.0254338779626,129.74534924999386,132.32964992488596,319325
2010-07-27,130.30860900878906,130.7724565775111,128.2875480545874,128.58573758289418,137300
2010-07-28,132.36282348632812,133.1579872979066,129.94418021451713,130.40802787775473,140300
2010-07-29,132.72727966308594,134.88085991857469,130.80561060176575,131.26945826790484,220750
2010-07-30,132.59475708007812,135.11279285399857,131.5013909600338,134.549552832571,130725
2010-08-02,130.27548217773438,131.33570890366286,129.5465715640712,130.27548217773438,179575
2010-08-03,131.30259704589844,132.39595044988272,129.57972526368292,130.70621786594302,89075
2010-08-04,130.04354858398438,131.17004097536335,129.67909330458255,130.6399276522967,67550
2010-08-05,131.50135803222656,131.60076297027723,130.17608103423817,131.17004194245413,89725
2010-08-06,132.39598083496094,134.81462466923986,131.79960151813557,133.65500524147046,135000
2010-08-09,130.77247619628906,132.23028486510458,130.34175511547303,131.23632383459855,47575
2010-08-10,133.1910858154297,134.25131233297583,131.70013832547508,132.13085929788355,114250
2010-08-11,138.39283752441406,138.88981163609944,135.97419479196392,135.97419479196392,282825
2010-08-12,139.25430297851562,141.44102249758856,138.39287337841475,141.34163017728113,283675
2010-08-13,140.8446044921875,141.04340171693076,139.48618838701995,139.85064364626697,191050
2010-08-16,139.65187072753906,142.33556397184194,138.79042865391426,141.77232407969404,161175
2010-08-17,137.2000732421875,138.85667881750436,136.04045439502468,138.06150258023737,153850
2010-08-18,136.76931762695312,138.7241122164751,135.44404108556685,137.39883567508883,82625
2010-08-19,140.4801788330078,140.87776069159932,136.96816993856783,137.3326252418181,232025
2010-08-20,140.4801788330078,142.76629031853324,140.34764733384418,141.10968449568597,167675
2010-08-23,142.33555603027344,142.43496096485245,138.65788942330562,139.38679996202666,159425
2010-08-24,143.9259033203125,146.04636930155942,142.36870250640627,144.65481389633172,374475
2010-08-25,141.77232360839844,145.64877501012668,141.40786831991483,145.1186616738502,345750
2010-08-26,142.6999969482422,143.2963759401453,139.98316493574887,141.1759229195551,230325
2010-08-27,138.98922729492188,143.9590446286695,138.65789855599925,141.0765541139876,237825
2010-08-30,142.10365295410156,142.10365295410156,138.9892383929434,139.61874408881258,123025
2010-08-31,142.269287109375,143.46204518649796,140.54641573563046,142.4349577836738,220300
2010-09-01,136.6036834716797,140.24822303384812,136.6036834716797,139.78436289259662,269075
2010-09-02,135.21218872070312,137.26637665904275,134.84773337187332,136.73626323499056,137625
2010-09-03,132.69412231445312,134.28446236892808,132.36280620935807,133.12484336219612,269450
2010-09-07,135.24526977539062,135.67599073716866,133.1910825282055,133.1910825282055,157500
2010-09-08,134.41702270507812,135.01340193331905,133.32366921257105,134.8808704072873,116700
2010-09-09,134.3507080078125,135.37780800210737,132.32964720811145,132.42905213588023,101300
2010-09-10,133.95318603515625,134.64895764577327,133.1248828875923,133.75438872973584,139625
2010-09-13,130.7061767578125,132.66097175755647,130.24232923904225,132.26337733669882,201675
2010-09-14,131.1369171142578,131.63389125545459,129.977285507001,130.9381198744398,131900
2010-09-15,130.44110107421875,132.52842734377398,130.07664587680006,131.56759321219664,78750
2010-09-16,131.335693359375,132.3296542174299,130.40799824371018,130.73931431676246,118900
2010-09-17,130.83871459960938,132.5947124743924,130.1098040981232,130.4079936088314,171025
2010-09-20,127.0285415649414,131.1369297789953,126.73035199586572,130.27548762882108,242725
2010-09-21,127.69116973876953,127.98935926880624,126.29961438563208,126.99539838165,185725
2010-09-22,129.31463623046875,130.24234401213403,127.32671445628306,128.15501730201015,144175
2010-09-23,130.87185668945312,131.26943853797238,128.3538214636324,130.4080090930308,122650
2010-09-24,126.63095092773438,129.21525192172106,126.4652802372282,129.01645467645315,156250
2010-09-27,126.86285400390625,127.42609381514102,126.23333581617668,126.49839876656748,113475
2010-09-28,125.63700103759766,128.88396012824307,125.37195063281324,126.56470905159702,207875
2010-09-29,125.23944091796875,126.23340222705903,124.70932737719369,125.86895943688549,145725
2010-09-30,125.67011260986328,126.59780778101415,123.64905158222851,124.27855721423819,115900
2010-10-01,124.94120788574219,126.00143459921537,124.27856303009662,124.47736027846011,88425
2010-10-04,126.5646743774414,127.39297720368265,124.54361345918909,125.13999250519463,182450
2010-10-05,122.92017364501953,126.00146215455595,122.62198402671271,125.17315906358169,320450
2010-10-06,123.38402557373047,124.01353132991282,122.58884909953584,123.01957021634549,151050
2010-10-07,123.71533203125,124.57676155842204,122.52257373293463,122.65510524139195,77700
2010-10-08,122.1912612915039,124.17918342280825,121.462350611872,123.58280425563682,147700
2010-10-11,121.95934295654297,122.35692487292867,121.13103992471373,121.95934295654297,56900
2010-10-12,121.52861785888672,123.64907152866301,121.16416251460001,122.4231866206175,196800
2010-10-13,119.80574798583984,121.19730362793526,118.84491345188123,120.79970907939312,188725
2010-10-14,119.87198638916016,120.96533955089541,119.20934159837307,119.83884719822682,170075
2010-10-15,120.26959991455078,120.96537144079815,118.7455253411799,118.91118342282431,72025
2010-10-18,119.40814208984375,120.30271068601371,119.04368681300801,119.87198966439888,76925
2010-10-19,121.52861785888672,122.48945237766061,119.47442994615353,120.7334414132702,241650
2010-10-20,120.30271911621094,121.42921157859728,119.6400742608838,120.99849052679973,94875
2010-10-21,120.89908599853516,122.42316016446551,118.81175933890994,119.64006216459792,112425
2010-10-22,120.20330810546875,120.96534522701702,120.03765005972326,120.53463683585848,75725
2010-10-25,119.34185791015625,119.57378166160821,118.01656849709082,119.14306070652746,90175
2010-10-26,119.47441864013672,120.56777193063058,118.7123814646047,120.03765856335181,46225
2010-10-27,119.80574798583984,121.39608826330529,119.60695071156877,120.36900061015734,82425
2010-10-28,120.4352035522461,121.03158248768801,118.77859820688428,118.84486393736624,105100
2010-10-29,120.26959991455078,120.93224488002987,119.50756262786534,120.89911831926158,170575
2010-11-01,120.96536254882812,121.79366553506439,118.67925085682022,119.54069304029025,91825
2010-11-02,118.31477355957031,120.1039107110848,118.31477355957031,119.54067085166257,161325
2010-11-03,117.95033264160156,119.64007770324923,117.8178137778427,118.18225645180422,169050
2010-11-04,114.96844482421875,116.12806382640413,114.90217907567971,115.76360852888895,514975
2010-11-05,114.37206268310547,115.00156831912804,113.94134164851167,114.73651797092337,229275
2010-11-08,114.37206268310547,115.23349211339419,114.07387314206343,114.5708599234331,67375
2010-11-09,115.82989501953125,116.45941342393292,113.8419727629717,114.04075740528677,141650
2010-11-10,114.60400390625,116.85698908366653,114.57087734727364,115.76362305393464,51525
2010-11-11,115.03473663330078,116.22749509941875,114.60401548966884,115.82990051811137,55850
2010-11-12,117.02262878417969,117.15516027707972,115.36602303962573,116.19432591190271,223575
2010-11-15,116.92323303222656,117.022625329518,115.63108261184426,116.39311971517489,91475
2010-11-16,119.07682800292969,120.00453590497274,117.51962704535391,117.81781661406417,328625
2010-11-17,118.81172943115234,119.50750059625246,118.54666652698378,118.94426088323662,105925
2010-11-18,116.59191131591797,117.32082191025212,115.86301336048301,117.32082191025212,173675
2010-11-19,116.1280517578125,117.65212589912387,115.89612798147807,116.95635457012058,112175
2010-11-22,115.46541595458984,117.22142664761724,115.23349216022943,116.52564262563713,131575
2010-11-23,116.59191131591797,117.58588490415515,116.45939245786565,116.89010086460928,122525
2010-11-24,113.97447967529297,115.56481966494698,113.97447967529297,115.49855391884905,74800
2010-11-26,114.80277252197266,114.86902562338857,114.00759627710765,114.63710185173996,34100
2010-11-29,114.67022705078125,116.6250219153908,114.33889838963788,115.13407453748587,96900
2010-11-30,115.49857330322266,116.39314206733395,114.76966261270957,115.96242096485796,69250
2010-12-01,112.9473876953125,113.34496956160602,112.61607157988452,113.2787038107405,142775
2010-12-02,111.75460815429688,112.88110042647382,111.55581093959604,112.8148346882402,199950
2010-12-03,111.058837890625,112.25159591209155,110.66125609643527,112.1853301732437,197075
2010-12-06,110.23055267333984,111.22451363660299,109.93236312047095,111.0257163883906,173575
2010-12-07,109.5347900390625,109.83297961582284,108.67334786668798,108.87214513082834,243925
2010-12-08,109.70042419433594,109.89920877624566,108.97151369027334,109.3028423916189,67075
2010-12-09,109.20345306396484,109.70043986754024,108.8389977598628,108.8389977598628,45700
2010-12-10,107.9775619506836,109.26971239742574,107.64624586035437,108.97152286056996,186100
2010-12-13,108.40828704833984,108.4414136030567,107.31492115919623,107.54684495891169,111525
2010-12-14,108.44142150878906,108.67334532541253,107.94444731841024,107.94444731841024,191150
2010-12-15,108.87215423583984,109.07093887770424,107.44747198760494,108.54082543456344,102650
2010-12-16,107.878173828125,109.1040585764846,107.5468450860689,108.64021097650524,177800
2010-12-17,107.54683685302734,108.50767117308642,107.31491307079214,107.77876063526254,57025
2010-12-20,107.08299255371094,107.54684013232487,106.38722118579001,107.18238485230003,101175
2010-12-21,105.79086303710938,106.58602686086687,105.69146439941441,106.58602686086687,171150
2010-12-22,105.92338562011719,106.02278425535873,105.36013932598259,105.52580371805182,92750
2010-12-23,106.05589294433594,106.18842443566031,105.45952019172425,105.75770972775476,168250
2010-12-27,105.69144439697266,106.58600668912635,105.52578635161626,106.32095634433584,45600
2010-12-28,106.08901977539062,106.25467780079471,105.45950790384767,105.45950790384767,98875
2010-12-29,105.82398223876953,105.95650741911693,105.6583178640231,105.92337454416766,49925
2010-12-30,105.89022827148438,106.08902549602732,105.3269884269595,105.75770310790467,72675
2010-12-31,106.619140625,106.75167211031054,105.79083780015624,106.02276158000065,79400
2011-01-03,104.73063659667969,105.85712921724095,104.23364972567575,105.59207250178245,165650
2011-01-04,106.28783416748047,107.38118742297316,104.33303249897497,104.39929824762592,172950
2011-01-05,105.09507751464844,106.71855056138784,105.09507751464844,106.35409523598406,143400
2011-01-06,105.52581024169922,105.9565250488054,104.83003239089597,104.99569679320663,118225
2011-01-07,106.15530395507812,107.57998597106989,104.9956786174488,105.22760242108474,219325
2011-01-10,105.49264526367188,107.38117463924743,105.12819000892962,106.55287183806877,124325
2011-01-11,104.99569702148438,105.59207623219785,104.59810877452512,104.9625641409502,111600
2011-01-12,104.1673583984375,104.76373740551679,103.96856118311197,104.20049126765842,66475
2011-01-13,104.20050811767578,104.6643557228791,103.70352131844406,104.13424236851826,56175
2011-01-14,103.53784942626953,104.49868370228074,103.23965991436597,104.33301935152943,128175
2011-01-18,103.23966217041016,104.23362301884333,103.23966217041016,103.70350972375245,130275
2011-01-19,105.92338562011719,106.18844232797757,103.17341990627183,103.27281854151337,109675
2011-01-20,107.9775619506836,107.9775619506836,106.02276668438431,106.51975345877683,239225
2011-01-21,107.84502410888672,107.87816329930756,106.4203422543412,106.55287373822867,210200
2011-01-24,107.0167236328125,107.94443140141084,106.58600262020963,107.77876072348019,226825
2011-01-25,106.7516860961914,108.11010240134972,106.7516860961914,107.6131155857724,148350
2011-01-26,105.06192779541016,107.01672297737605,104.76374459086789,106.6854069013404,125725
2011-01-27,104.73063659667969,105.59207250178245,104.36618124313028,105.09508563077851,53450
2011-01-28,107.51371002197266,107.54683657410682,104.66434626030346,104.83000429877066,383000
2011-01-31,106.68544006347656,107.61313547586005,105.9565293029455,106.78483238940278,294275
2011-02-01,104.10111236572266,105.98964203266219,103.86918855672305,105.82398397464813,233200
2011-02-02,104.49870300292969,104.53182955974953,103.60413430199439,104.29990574531074,85575
2011-02-03,104.10111236572266,105.75771822366258,103.96858086375154,104.63122573470744,81300
2011-02-04,104.0679931640625,104.79689756232726,103.80293644474345,104.29991700353536,102400
2011-02-07,102.9083480834961,103.93544820511633,102.14631095025487,103.80291671092682,171950
2011-02-08,102.04692840576172,103.30595252110676,102.04692840576172,102.84210485726936,117175
2011-02-09,102.64328002929688,103.14026043848314,102.01377446007038,102.31195765002312,82250
2011-02-10,102.179443359375,103.3722015238613,102.08004473918467,103.27280290367096,86950
2011-02-11,100.98667907714844,102.61015185854453,100.98667907714844,102.61015185854453,246700
2011-02-14,100.55597686767578,101.01982448579878,100.35718593411589,101.01982448579878,62625
2011-02-15,101.01981353759766,101.2848701934348,100.65535826602816,100.8210226255821,192150
2011-02-16,100.25780487060547,100.85418409520766,100.05901390222171,100.78791833259609,101375
2011-02-17,99.49574279785156,100.52283658491866,99.1975532597596,100.39030509267808,177650
2011-02-18,99.46260833740234,99.7607978707353,98.89936214326778,99.29694397474555,136350
2011-02-22,102.01378631591797,102.11317861763715,99.86019376007651,100.22464905157882,316850
2011-02-23,103.70350646972656,104.43241696719139,101.78184425545808,101.84810999512737,336650
2011-02-24,103.00775146484375,104.29990199566332,102.57703040827072,103.53786482720305,228875
2011-02-25,100.82103729248047,102.61016839979196,100.72163866228813,102.54390896578047,211350
2011-02-28,100.65536499023438,101.3842755820677,99.86019496960223,100.05899221434744,124975
2011-03-01,102.57701873779297,102.90834113143448,100.15837600727328,100.15837600727328,276850
2011-03-02,102.179443359375,103.07401198273973,101.61619715052863,102.67642382142782,151000
2011-03-03,99.82705688476562,101.08608075796927,99.56200022505683,101.05294788557453,135175
2011-03-04,100.22465515136719,101.18548958946003,99.6614089026972,99.82706696194431,190375
2011-03-07,101.88124084472656,102.74267648499955,99.82704719185273,99.82704719185273,197275
2011-03-08,100.19152069091797,102.97461901450872,99.79393882723345,101.84812653498629,279875
2011-03-09,100.65536499023438,101.01982028615103,100.05899221434744,100.39030831669032,175325
2011-03-10,103.23966217041016,103.86917407812395,101.94751180355722,102.01377754530581,347225
2011-03-11,103.07400512695312,104.20049746971921,102.34509459960506,104.20049746971921,375950
2011-03-14,103.57099914550781,104.56496013391957,102.87522139805971,104.10111251525406,287825
2011-03-15,104.29989624023438,106.42034957266169,103.63725773357555,105.89023623955487,475200
2011-03-16,105.42639923095703,106.12217068067677,103.6372681320705,104.92941872123578,400250
2011-03-17,105.2607421875,105.2607421875,103.83606007823067,103.90232583202229,391650
2011-03-18,103.86918640136719,104.36616688454652,103.63726259718015,104.06797733074899,318725
2011-03-21,101.38427734375,102.5439026804488,101.38427734375,102.444504056349,119750
2011-03-22,101.81497955322266,102.17943481064604,101.01980961657529,101.28486626212441,159625
2011-03-23,101.58306121826172,103.20653404912125,101.28487168611923,102.1794402825467,138650
2011-03-24,100.85416412353516,101.81499221333084,100.52284169553849,100.95355642831937,197675
2011-03-25,100.02584075927734,100.78787776422818,98.93248139408097,100.2908973835841,146300
2011-03-28,100.25780487060547,100.29093775191124,99.33010315239638,99.72769140861483,48875
2011-03-29,99.29693603515625,100.72161784284356,99.16441087507654,100.19150456362718,71925
2011-03-30,97.97167205810547,98.8993736384636,97.8060139956433,98.7999750093163,262175
2011-03-31,97.57408142089844,98.1373276299355,97.47468280067444,97.90539751607953,116775
2011-04-01,97.27587127685547,97.50779502214105,96.64635945433166,96.91141606600777,169975
2011-04-04,96.97769165039062,97.17648254948011,96.7126350117884,96.94455878063425,70150
2011-04-05,96.34819030761719,97.17649318382415,95.81807697240068,96.97770226298033,186875
2011-04-06,96.24879455566406,96.71264847738833,95.61928890099122,95.85121270212854,171100
2011-04-07,96.74577331542969,97.0439628405366,95.75180612525698,96.18252713683322,137800
2011-04-08,97.8060073852539,98.20358923607185,96.18253446893992,96.3481925202058,165100
2011-04-11,98.70057678222656,98.96563345794509,97.44155283297631,97.8060081318829,161625
2011-04-12,99.86019134521484,100.05898858274479,98.93249618120579,99.26381227152368,198875
2011-04-13,99.82705688476562,100.4897016937622,99.06501977803403,99.29694356534806,202525
2011-04-14,99.36321258544922,100.72162880116538,99.26381396498847,100.65536305419155,192250
2011-04-15,98.36924743652344,99.79392933806452,98.33611456445863,99.36320832067112,110800
2011-04-18,99.86019134521484,100.75475995575158,99.82705847229317,99.82705847229317,187275
2011-04-19,99.82705688476562,100.4234359489727,99.2306841400078,99.56200022505683,150550
2011-04-20,97.73973846435547,98.46864271349465,97.73973846435547,98.13732662171735,218225
2011-04-21,97.1102523803711,97.90542258743976,97.04399293603699,97.17651814415625,126150
2011-04-25,97.07710266113281,97.83914617358884,96.97771035214504,97.14336841342462,212325
2011-04-26,96.2156753540039,97.07710487564862,95.65242908557461,96.97771256439351,145250
2011-04-27,95.65242767333984,96.54699005867876,95.51989616768962,96.11627530421558,170025
2011-04-28,95.3873519897461,95.78493378863767,95.02289674122152,95.6855351791904,110400
2011-04-29,95.05604553222656,95.32110221569891,94.52593216528184,95.12230496350729,144500
2011-05-02,95.91748809814453,96.0500132895024,94.3602744434003,94.42654019880436,263225
2011-05-03,97.0439682006836,97.77287245817809,95.85121003437493,96.14939957595209,232725
2011-05-04,98.43550109863281,98.93248783106144,96.97769272981851,97.01082559994369,526100
2011-05-05,98.8662338256836,99.36321429765222,97.37528609032812,99.13129049869683,275125
2011-05-06,98.36924743652344,98.79996213446765,97.0439641511768,97.70660263412552,177775
2011-05-09,97.14338684082031,98.56806918809659,97.07712107595836,98.46867054080366,152525
2011-05-10,95.61930084228516,96.77891999278933,95.61930084228516,96.67952767671777,184425
2011-05-11,97.4084243774414,97.87227832057846,95.88435000278375,95.91748287868282,204100
2011-05-12,96.67952728271484,98.56805711378283,96.31507194007001,98.0710765770992,316050
2011-05-13,97.93852996826172,98.20358663493627,96.28192422168345,96.48072146127642,310500
2011-05-16,99.3963623046875,99.42949518378978,97.47469955290822,98.70059080189094,297525
2011-05-17,99.59513854980469,100.42344144667138,99.33008187558534,100.1252518982434,434900
2011-05-18,98.10420227050781,99.66140952325638,98.07106939456212,99.46261858703208,161550
2011-05-19,97.97167205810547,98.76684213293387,97.3090334888068,97.44155867488654,236050
2011-05-20,98.60118865966797,99.29696013773236,97.9385437400778,98.13734100762503,323850
2011-05-23,100.29093933105469,100.58912894805097,99.66142721523464,100.39033165708608,280150
2011-05-24,100.7547607421875,100.98668453500002,99.62826833185572,99.99272361738936,286925
2011-05-25,99.49574279785156,101.08608278804245,99.16442038669945,101.08608278804245,218650
2011-05-26,98.26985168457031,99.92645741940049,98.17045306547872,99.86019167333943,240100
2011-05-27,97.50779724121094,97.9716447423383,97.17647488921358,97.8391195932083,170975
2011-05-31,96.18254852294922,97.30904113061693,96.11628276498041,96.38133947740513,230225
2011-06-01,99.23068237304688,99.29694179720728,96.21566055275328,96.21566055275328,307550
2011-06-02,99.23068237304688,99.8601879789901,98.60117044765451,98.8993599744483,220025
2011-06-03,100.85416412353516,100.95355642831937,99.69453878527166,100.8872969982798,407750
2011-06-06,102.37823486328125,102.44450061045214,100.489705305057,100.8872934686329,292875
2011-06-07,102.11317443847656,102.21257305557718,101.21860584291878,101.7155926089726,312700
2011-06-08,103.2728042602539,103.40532943613242,102.14631182776365,102.51076712046624,297275
2011-06-09,102.70954132080078,103.33905318221255,102.1131623278263,102.97459794885071,175075
2011-06-10,104.36617279052734,104.76376099123976,103.14028163115995,103.30594601456099,564225
2011-06-13,104.6312255859375,105.22760470505989,103.50473309858407,104.03484646681511,337250
2011-06-14,102.21258544921875,103.70352696981448,102.01379451036266,103.70352696981448,583300
2011-06-15,104.10111236572266,104.53182710822911,102.57703169030401,103.37220806323103,407550
2011-06-16,103.93544006347656,105.22759043335803,102.97460576421672,104.06796522783542,476075
2011-06-17,103.90231323242188,104.36616081381504,102.67642221373364,102.87521313155223,262150
2011-06-20,102.94147491455078,104.26675818140654,102.57701964637204,104.26675818140654,184475
2011-06-21,100.58911895751953,102.27885784618957,100.48972032190937,102.04692769643255,527225
2011-06-22,101.41741943359375,101.45055231130425,100.05900304471457,101.18549560907051,240850
2011-06-23,101.0529556274414,103.60413012224475,100.82103182235925,102.64329570753321,299250
2011-06-24,101.58306121826172,102.08004166534946,100.52283457928809,100.65535974943518,264675
2011-06-27,100.65536499023438,102.14631272857565,100.52283981318715,101.54993363323914,338025
2011-06-28,99.09815979003906,100.52284180840965,99.09815979003906,100.32405087916831,495525
2011-06-29,98.73371887207031,99.56202190394825,98.4355292750382,98.76685175167951,417625
2011-06-30,97.90542602539062,98.60120393066488,97.67350216344963,98.40241295177992,308975
2011-07-01,96.48072814941406,98.20359344250461,96.24879802047798,97.90540388189378,463900
2011-07-05,96.11628723144531,96.77892588357429,96.05002147039718,96.28194531461486,328475
2011-07-06,95.78492736816406,96.61323009969053,95.6192693496381,96.21564832744889,236975
2011-07-07,94.29399108886719,95.12229391847191,93.96267501258455,94.79097784218929,568700
2011-07-08,94.89038848876953,95.78495723441695,94.75786329651638,95.38737533820718,553525
2011-07-11,96.97769165039062,97.17648254948011,95.58614271786674,96.14938886482757,285000
2011-07-12,97.4084243774414,97.47469012923955,96.38133050236995,97.4084243774414,497975
2011-07-13,96.51385498046875,96.94457604455579,95.4536282372543,96.77891166627236,279825
2011-07-14,98.17046356201172,98.3029950683043,95.91748483008828,96.31506671006593,413100
2011-07-15,97.47468566894531,98.23672282140447,97.34215417141347,97.67347659579343,180350
2011-07-18,98.96563720703125,99.52888345420163,97.67348033443459,97.905404144543,201925
2011-07-19,96.71265411376953,98.07107044484158,96.64638836116846,98.07107044484158,370825
2011-07-20,96.84517669677734,97.47468869066923,96.58012001294652,96.74578438999693,153500
2011-07-21,95.9837417602539,96.77891181891893,95.55302701493738,96.5469880084062,299800
2011-07-22,95.9837417602539,96.61325375982409,95.61929276635527,96.0500075116718,232075
2011-07-25,96.91143798828125,97.3421527098936,96.21566659503449,97.04396948382322,324000
2011-07-26,97.70661163330078,97.93853543966641,96.9445744639709,97.17649827033654,221275
2011-07-27,100.65536499023438,100.78789648673119,98.36925355071054,98.36925355071054,605725
2011-07-28,100.7547607421875,100.95355166181976,99.3963445390432,100.6222355689158,206975
2011-07-29,101.01981353759766,102.9414758722792,100.39030161019103,102.34509681678335,657750
2011-08-01,101.45053100585938,102.4776247213857,99.36320438460545,99.76079251418442,415275
2011-08-02,104.53182983398438,104.83001940174509,100.98669421666253,101.98066154901491,910800
2011-08-03,104.001708984375,107.28179399424921,103.90231668189064,104.79687900149769,915575
2011-08-04,110.29682159423828,110.29682159423828,105.45952917928933,105.62518723811333,917550
2011-08-05,112.28473663330078,114.76964527867237,108.40828521319258,108.93839855198256,1502450
2011-08-08,121.82677459716797,121.95930607551885,113.27868382699732,115.99551593870332,2115275
2011-08-09,113.34495544433594,124.51048661595182,113.34495544433594,118.5135696179922,1587175
2011-08-10,119.30876159667969,119.60695118982811,114.80280377862728,117.15518132518646,1330425
2011-08-11,113.34495544433594,119.27560669968352,111.39016027342409,118.34791158091114,817675
2011-08-12,112.74856567382812,114.17324740721017,111.32388394044607,112.21845242226017,905500
2011-08-15,109.33599853515625,111.62211031815968,109.30287197550447,111.32392072568958,284650
2011-08-16,111.32392883300781,112.6160922537492,109.99865148910413,111.32392883300781,622375
2011-08-17,111.42329406738281,112.4835206200271,109.70042275961147,110.49558635464595,318950
2011-08-18,117.95033264160156,118.67924326732407,114.9684496651817,115.20037347538437,1086275
2011-08-19,119.80574798583984,120.402127169752,115.96242248890641,120.2695956535713,950300
2011-08-22,119.97135925292969,121.03158569090954,116.12803525552869,116.22744017333036,619625
2011-08-23,114.27269744873047,120.46840089243689,114.10702672310099,119.30876900753982,496850
2011-08-24,112.74856567382812,115.4322711192704,111.95340211592462,114.43831035244258,499825
2011-08-25,115.46541595458984,115.82987124255588,110.86005398243468,111.3239015711555,431250
2011-08-26,112.71543884277344,117.85091332426695,112.31785706481762,115.99551062897841,872300
2011-08-29,107.21553802490234,111.12512903858422,107.11614571335288,111.09198984213423,870950
2011-08-30,106.65229034423828,109.10407279947516,105.92338597504244,107.97758020743132,590900
2011-08-31,106.88420867919922,107.9444480985838,105.06194469017288,105.9896462828218,684150
2011-09-01,109.2365951538086,109.7335693316578,105.49266234729222,106.71854715266669,429175
2011-09-02,113.31185913085938,113.80883337472498,110.76068423453123,111.72151880046678,678450
2011-09-06,113.44436645507812,117.38708355997572,113.37810070891614,117.32081781381375,818075
2011-09-07,109.0709228515625,112.05281843040335,108.97153054523433,111.52270506515381,464975
2011-09-08,111.12512969970703,111.68836965370521,108.40829696405626,110.16429521934509,428625
2011-09-09,114.50462341308594,115.59797691680642,111.82091685847772,112.5498276202261,957025
2011-09-12,113.44436645507812,116.35998345281305,113.17930347043017,116.35998345281305,815325
2011-09-13,111.52268981933594,113.8419402148346,111.1251080094755,112.61605559507447,488875
2011-09-14,109.5678939819336,112.74857371827831,107.94442756269208,110.46246252757388,662950
2011-09-15,108.07695007324219,110.16427675056545,107.97755777776429,108.57393682842809,390675
2011-09-16,107.91131591796875,108.80588469195501,107.08301290193344,107.67939208459094,358125
2011-09-19,109.70042419433594,110.92630879207044,108.5739318875563,109.99861370609814,443175
2011-09-20,111.45641326904297,111.52267900407637,108.14320235075324,109.33596030356101,481850
2011-09-21,115.59794616699219,115.76360421271374,110.69439470802118,111.62208987518093,480875
2011-09-22,118.91114807128906,120.99847466838364,116.75756837235456,119.77259006198105,1608600
2011-09-23,117.58587646484375,119.47440592471315,116.79070017910482,119.20934294983408,928700
2011-09-26,115.33289337158203,119.10995234495148,115.10096958471888,116.29371507191571,618325
2011-09-27,112.8148422241211,113.67628423980399,110.03174422688832,112.71544992958002,1047250
2011-09-28,116.95635986328125,117.25454939476342,112.28473229599311,112.78171906142953,729225
2011-09-29,115.20035552978516,118.64609822874161,113.84193943639433,114.23952124353613,628575
2011-09-30,118.71238708496094,118.74551364246562,115.36603602647706,117.18830002284044,696925
2011-10-03,124.84178924560547,125.04058645203264,117.42019117798174,119.60690989309374,1747250
2011-10-04,116.6913070678711,126.56467531298078,116.6250413246142,126.13395430126006,1950625
2011-10-05,115.2666244506836,118.44730427335995,114.43832162359716,116.95635665682475,1075125
2011-10-06,112.68229675292969,116.16117829685332,112.384107267419,115.46539440473069,735825
2011-10-07,115.56481170654297,115.8961277753177,111.92027175553176,112.28472701452266,744600
2011-10-10,110.3299331665039,113.27868918535867,110.3299331665039,112.84798081869087,638950
2011-10-11,109.6341552734375,111.65521605687013,109.10404200556151,111.3570265537588,689575
2011-10-12,108.07695007324219,108.97151864923788,106.81793886752816,108.64020257171275,799100
2011-10-13,108.17636108398438,109.89921995056744,107.51371625281455,108.60706948118069,438775
2011-10-14,105.92338562011719,107.87818752983179,105.59206947487951,106.81796069839027,583400
2011-10-17,109.17031860351562,109.63416617918573,106.65227085145143,106.81794153324664,517075
2011-10-18,106.18843841552734,110.89320586574293,105.42640119843686,108.80587883872965,832625
2011-10-19,108.17636108398438,108.77274016814732,105.65831325331881,106.48661613255636,424050
2011-10-20,108.04383850097656,110.89320266278128,107.77877549108779,108.01069930529049,567725
2011-10-21,105.65831756591797,107.31492339200989,105.52579238594447,106.45349392355784,424775
2011-10-24,102.14631652832031,105.29387017326026,101.94752559562984,105.09507292111998,585875
2011-10-25,105.06192779541016,105.29385789586381,102.84208228039537,102.87520883243968,569075
2011-10-26,103.20654296875,106.18843222843552,102.54390442184756,103.20654296875,559050
2011-10-27,97.70661163330078,100.45657707347148,96.97770733908737,99.16442654117735,897300
2011-10-28,98.10420227050781,98.53491701890212,97.07710207454075,97.93853789077929,443025
2011-10-31,100.82103729248047,100.85417016921124,99.0318998657189,99.79394339162664,508675
2011-11-01,104.0679931640625,104.96256196155834,102.2457290086753,104.69750524223927,984750
2011-11-02,101.74873352050781,103.7035290298661,101.58307545474531,102.4776441765432,555350
2011-11-03,99.2638168334961,102.9414837439771,98.96563360239594,100.25778410847862,622975
2011-11-04,99.7939224243164,101.11920561784709,99.46260004607154,100.25776996218995,396900
2011-11-07,99.95957946777344,101.94750739818613,99.39633332614733,99.82704799000321,371075
2011-11-08,98.33613586425781,101.25175972355025,98.30300298501635,98.89938217246153,409600
2011-11-09,103.17340087890625,103.27279949581657,100.55596716142664,101.38427001066499,422100
2011-11-10,102.37823486328125,103.57099303455949,101.31800818634478,101.45053968068657,399450
2011-11-11,99.89331817626953,101.28486715756712,99.46260349323767,101.08607625151004,448575
2011-11-14,101.15235900878906,101.8149975802621,99.86020210343409,100.12525879591331,322425
2011-11-15,99.7939224243164,102.31195733230034,99.26380282745538,101.58305315572065,431325
2011-11-16,101.38427734375,101.58306827249989,98.93250149100237,100.85416398745049,299825
2011-11-17,102.8752212524414,103.47160037242423,100.85416640293832,101.54993782995172,667400
2011-11-18,102.8752212524414,103.63726474989159,102.14631694993453,102.51077226091289,445325
2011-11-21,105.29386138916016,106.28782860859081,104.49869140528519,104.99567185527589,673275
2011-11-22,106.15530395507812,106.75168306125605,104.76375481381288,105.49265909944718,615650
2011-11-23,109.50163269042969,109.7004299216159,107.08298991937305,107.348052894288,652600
2011-11-25,110.79379272460938,110.86005847409704,108.60707354711379,110.29681856180093,346500
2011-11-28,105.62517547607422,107.04986369278178,105.4263845637321,106.71853497312964,545425
2011-11-29,105.89022827148438,106.61913878924396,105.02879890959402,105.49264646129636,404300
2011-11-30,99.52886199951172,102.01377026264862,99.52886199951172,101.41739126838401,834275
2011-12-01,100.32403564453125,100.45656080408439,99.03187900205786,99.92644752697434,397100
2011-12-02,100.02584075927734,100.02584075927734,98.33610240952869,99.03187367854075,453575
2011-12-05,98.1373291015625,98.96563199083499,97.30902621229001,97.93853185813343,415500
2011-12-06,98.03793334960938,98.99876144317702,97.47468711563879,98.1041990993588,354875
2011-12-07,98.17046356201172,100.25779054996953,97.73974880546093,98.79997557800138,340750
2011-12-08,101.2848892211914,101.48368017055257,98.93251174864156,99.3300936473639,420725
2011-12-09,98.20358276367188,101.25173746999316,97.67346945122027,101.11921230160483,533875
2011-12-12,99.62828826904297,100.88731242404639,99.59515538923229,99.62828826904297,280550
2011-12-13,101.58306121826172,102.27883889974395,98.2698498117445,98.568039343887,620375
2011-12-14,103.04086303710938,103.60410915810105,101.9806365315835,102.6101420695842,531975
2011-12-15,102.04692840576172,102.94149717411997,101.38428978877263,101.41742266753965,353075
2011-12-16,101.11921691894531,101.94751979740433,99.76080070382847,101.21860921991274,282675
2011-12-19,103.07400512695312,103.17339742108312,99.8933190063639,100.32404001242394,312075
2011-12-20,98.73371887207031,100.75478029207669,98.60119367308417,100.75478029207669,530525
2011-12-21,98.40238189697266,100.25777852640726,98.00479374522632,99.29694417936568,386400
2011-12-22,97.6403579711914,98.07107908158032,97.20964318025304,97.8060223672835,259725
2011-12-23,97.37527465820312,97.90538794199286,97.14335088647623,97.30901523731603,131025
2011-12-27,97.0439682006836,97.8391382050729,96.51384854497462,97.73973958473069,144000
2011-12-28,98.73371887207031,98.93251614972547,96.9114547297191,96.9114547297191,362425
2011-12-29,97.67346954345703,98.50177238487599,97.40841288698093,98.26984860039056,205800
2011-12-30,98.33613586425781,98.33613586425781,97.30904188557474,97.77288955605408,328375
2012-01-03,96.5469741821289,96.91142944328459,95.4867475890749,95.75180423733839,755750
2012-01-04,97.07710266113281,97.77288042129702,96.77891309526957,97.11023553727873,1048050
2012-01-05,96.64636993408203,98.70056363690239,96.14938952323077,97.87226084566736,366400
2012-01-06,96.91143798828125,97.50781707932106,96.11626797337802,96.54698269499036,335000
2012-01-09,96.31504821777344,97.30901536577798,96.21565592658716,96.44757969862025,212050
2012-01-10,94.95662689208984,95.32108212484165,94.75783600124726,95.08915836561722,269675
2012-01-11,94.49280548095703,95.4536336517028,94.42653972588485,95.35424133854475,122800
2012-01-12,94.29399108886719,95.28795827606231,94.12833305072587,94.36025683190334,112725
2012-01-13,94.8240966796875,95.751791667098,94.69156521322991,94.98975469331133,265500
2012-01-17,94.89038848876953,95.08918575632471,93.63137072483822,93.89642742879484,300050
2012-01-18,93.10124206542969,95.02290443417816,93.10124206542969,94.85724007168736,225350
2012-01-19,92.50487518310547,93.1675200814466,92.33921711824523,92.5711409368296,228700
2012-01-20,92.47174072265625,92.83619604244755,92.14041827915962,92.6042722278349,116950
2012-01-23,92.50487518310547,93.2669123925827,91.74283797362824,92.43860942938133,180200
2012-01-24,91.9747543334961,93.59822725138079,91.84222283679551,93.1343796518279,202475
2012-01-25,91.14643096923828,92.50484690811976,90.91450722154362,91.97473367926104,191050
2012-01-26,91.27896881103516,91.80908211361754,90.5169317285041,90.5169317285041,191975
2012-01-27,90.71572875976562,91.7759617559375,90.64946933205758,91.7759617559375,155075
2012-01-30,91.34524536132812,92.04102310294482,91.0470558034138,91.44464398711617,163425
2012-01-31,91.54405212402344,92.0079061384647,90.58322385305036,90.78201481955325,372300
2012-02-01,89.55609893798828,90.94764786255514,89.35730172058679,90.61632548633472,323900
2012-02-02,88.95973205566406,89.48984540212612,88.62840963426288,89.22478872889509,211300
2012-02-03,87.03807830810547,87.83324840740164,86.77302160834009,87.5350588302343,359550
2012-02-06,87.26997375488281,87.66755551553321,87.07118287455762,87.36937235476948,121400
2012-02-07,87.43566131591797,87.93264816385111,87.00494654308623,87.36940187971713,270975
2012-02-08,87.23686981201172,88.06517279401693,86.73988928669863,87.20373693439748,153050
2012-02-09,87.6675796508789,88.1645664676872,86.93867534271656,86.97180821846712,145300
2012-02-10,88.86033630371094,89.02600067948748,88.42962156559148,88.59527962191825,269450
2012-02-13,87.63444519042969,88.42961517837313,87.56817944490541,87.83323610755322,316975
2012-02-14,87.96577453613281,88.62841945234165,87.86638222231667,88.06517316939922,205600
2012-02-15,88.76094055175781,89.05912377767977,87.50191662253386,87.53504949640285,282650
2012-02-16,87.10432434082031,88.76092991912927,86.97179286122018,88.72779704922924,383750
2012-02-17,87.10432434082031,87.20371663107164,86.57420474186858,86.60733761176861,363800
2012-02-21,87.63444519042969,88.06515989743889,86.83926888303694,86.90553462856123,266300
2012-02-22,88.36334991455078,88.4296156604363,87.5350470493298,87.89950233225083,279525
2012-02-23,87.03807830810547,88.69468426150169,87.00494543070353,88.23083029732462,248825
2012-02-24,87.20372009277344,87.33625157763463,86.77300540587261,87.00492918493067,199250
2012-02-27,87.30314636230469,88.62843003349478,86.83929233779989,88.09831656501875,305925
2012-02-28,87.50192260742188,87.99890311054993,86.73988541466218,87.23686591779024,190050
2012-02-29,89.02601623535156,89.02601623535156,86.83929032915444,87.23687858104051,691200
2012-03-01,88.5621337890625,88.5621337890625,87.40250860609284,88.42960862728106,583150
2012-03-02,89.78802490234375,90.15247383759933,88.1976850409134,88.42960881410755,577250
2012-03-05,89.62236785888672,90.6494679660018,89.52297555909772,90.01995601639084,438525
2012-03-06,91.44462585449219,91.77594822197103,90.41753220281144,90.64945596421208,386225
2012-03-07,90.51693725585938,91.34524013165523,90.45067150912784,91.17958208427584,256325
2012-03-08,89.35731506347656,90.68260476625139,89.12539126132586,89.92056129132096,324675
2012-03-09,88.13143157958984,89.35731635711939,87.5019195936032,89.25792405158711,314925
2012-03-12,88.26396942138672,88.69469053864505,87.7338559843385,87.96577982311577,175025
2012-03-13,86.50794219970703,87.9657505060079,86.44167646229829,87.60130158915695,340300
2012-03-14,87.20372009277344,87.56817535669269,86.30915152830745,86.54108162681455,337575
2012-03-15,86.37545776367188,87.53508352204537,86.37545776367188,87.27002674751303,374925
2012-03-16,86.50794219970703,86.87239111655798,86.20975270081627,86.24288556952064,198375
2012-03-19,85.81217956542969,86.73988109264042,85.0832752851246,86.6404824691876,361825
2012-03-20,86.54109191894531,86.93867378191433,86.20976948683796,86.40856041832247,221400
2012-03-21,86.54109191894531,86.8724080316029,86.04410511105938,86.34229466801104,126075
2012-03-22,87.40252685546875,87.93264657162842,87.07121072211294,87.43565973269438,666250
2012-03-23,86.47483825683594,88.0651785699231,86.44170537704862,87.23687553359221,247675
2012-03-26,84.71881103515625,85.51398098042442,84.68567816417229,85.4145886869215,381050
2012-03-27,85.34835052490234,85.41461628828377,84.48691455929696,84.7188384116809,178275
2012-03-28,85.77903747558594,86.60734029035815,85.14953188636233,85.3814556633867,320550
2012-03-29,86.17662048339844,87.1705812742472,85.94469672016363,86.50794285349755,274025
2012-03-30,86.37545776367188,86.67364742495226,85.5471545533268,85.5471545533268,337425
2012-04-02,85.31519317626953,86.80614082751799,85.28206030408076,86.6073435943854,212675
2012-04-03,85.74593353271484,86.20978756270273,85.11642773111524,85.44775023269199,388350
2012-04-04,87.23686981201172,87.70071745971056,86.70675640908439,86.73988928669863,376625
2012-04-05,87.6675796508789,87.73384540238,87.13746627776995,87.5350544673266,311400
2012-04-09,88.92658996582031,89.45670325734497,88.7277990613608,89.25791235288546,346100
2012-04-10,91.08018493652344,91.34524160828487,89.12538961248927,89.32418053644797,914700
2012-04-11,89.85430908203125,90.48381479003892,89.68864469614752,90.28502384642862,363950
2012-04-12,88.46275329589844,89.85430243716368,88.16456374280948,89.75490381298414,432775
2012-04-13,89.72174072265625,89.82113931336131,88.7609129569641,88.79403950108491,435575
2012-04-16,89.45671844482422,90.45067945532004,88.92660506329977,89.29106038289157,528650
2012-04-17,88.16456604003906,88.7940717178963,87.40252254037264,88.76094516175633,353300
2012-04-18,88.82722473144531,89.25794589231178,88.39650989003015,88.66156663538978,266350
2012-04-19,89.42359161376953,89.92057215261437,88.03204231333373,88.76095300179321,625125
2012-04-20,88.92658996582031,89.02598857777453,88.03202141657913,88.7940584832147,347025
2012-04-23,90.11936950683594,90.94767251215815,90.01997087119513,90.21876182302634,477700
2012-04-24,89.42359161376953,90.31816037536049,89.12540202657254,89.95370503113074,278150
2012-04-25,87.93263244628906,88.42961288593891,87.50191143099649,88.09829048635596,329625
2012-04-26,87.13745880126953,88.09829315724492,86.93866788327264,87.99889453852181,399925
2012-04-27,86.40855407714844,87.80010313431939,86.27602890570084,86.87240165638899,249550
2012-04-30,87.33625793457031,87.36939080819725,86.44168930499146,86.44168930499146,206675
2012-05-01,87.30314636230469,87.50193733312045,85.74593251913669,87.17061483546017,396800
2012-05-02,87.00493621826172,88.29708670286848,86.97180334436801,87.99889715727468,216875
2012-05-03,88.36334991455078,88.69467232452904,87.0380665940871,87.07119946702986,547000
2012-05-04,89.95369720458984,90.11936158275789,88.82720471084663,88.86033758648024,675125
2012-05-07,89.68862915039062,90.45066623502116,89.35730675550154,90.35127394016878,384325
2012-05-08,89.65550231933594,91.1795829107283,89.62236944566986,90.41754577475686,596225
2012-05-09,90.25187683105469,91.14644541633977,89.72176351817075,90.8482558879114,372725
2012-05-10,89.95369720458984,90.38441826837688,89.39045095771824,89.58924821151989,251900
2012-05-11,90.21875,90.68260391941938,89.42357997743052,90.61633817100953,412375
2012-05-14,91.21271514892578,91.57716411781465,90.61633606599018,91.11331652862003,559375
2012-05-15,91.51092529296875,91.77598202067561,90.51695782447986,91.37839376938989,293975
2012-05-16,92.07414245605469,92.17353474779603,90.6494606262394,91.11330817289597,372975
2012-05-17,94.16148376464844,94.16148376464844,91.90849863009966,92.00789726348867,568800
2012-05-18,95.15542602539062,95.32109038164985,93.53195325074428,94.09519942312762,417825
2012-05-21,92.836181640625,95.35422297334173,92.836181640625,94.7909768026097,427975
2012-05-22,93.33316040039062,93.99580517273968,92.10726946737955,92.86931285141563,559025
2012-05-23,92.70366668701172,94.95665177169423,92.57114149820988,94.32713974639762,505150
2012-05-24,92.53802490234375,93.86330862078405,92.4386262536665,92.7699487631394,306925
2012-05-25,92.60426330566406,93.0018451439941,92.23980802098706,92.50486468635687,214125
2012-05-29,91.27896881103516,92.40546115888498,91.04704503108648,91.64342407635394,354075
2012-05-30,92.9687271118164,93.13439150377398,92.074164673047,92.17355698877115,344000
2012-05-31,93.20065307617188,94.42654432693949,92.57114733066332,92.93559636241814,310350
2012-06-01,95.95061492919922,96.08314644038416,94.55907197845903,95.22171057603289,767475
2012-06-04,96.11628723144531,97.0771154888401,95.22171841564786,95.55304090143774,753975
2012-06-05,94.8240966796875,96.71262584057105,94.7909638130731,96.58009437411347,699500
2012-06-06,92.50487518310547,94.26087974009438,92.4717423062434,94.19461398637024,542075
2012-06-07,93.06810760498047,93.06810760498047,90.947654356872,91.0801795251542,453150
2012-06-08,91.90849304199219,93.83015560118929,91.74283498253291,93.20064360023423,490900
2012-06-11,93.89640808105469,94.0951989881979,90.81512058281463,90.88138632501203,638800
2012-06-12,92.7699203491211,94.49279181512975,92.67052173088814,93.66448895486974,401325
2012-06-13,93.6313705444336,94.16148395132541,92.30608702720404,92.93559274823166,255125
2012-06-14,92.67053985595703,93.96269686791612,92.37235026238575,93.69764015356948,476825
2012-06-15,91.44462585449219,92.7367761362663,91.31209437972123,92.3723209000947,355050
2012-06-18,91.37836456298828,92.43859113494554,90.98077643877988,92.14040162165146,360000
2012-06-19,89.75491333007812,91.0139311059363,89.22479991714306,90.84827303418797,379500
2012-06-20,89.85430908203125,90.48381479003892,89.2247970545734,89.68864469614752,452825
2012-06-21,91.9747543334961,92.20667813327255,89.88742749660894,89.98682611913438,398775
2012-06-22,91.08018493652344,92.04101932131461,90.74886251695926,91.47777310389036,678900
2012-06-25,92.30606842041016,92.76991597807685,92.00787889921041,92.27293554922696,424900
2012-06-26,91.9747543334961,92.93558240677702,91.57716616284392,92.20667813327255,328150
2012-06-27,90.58320617675781,91.80909093700079,90.51694042770424,91.70969863287006,218400
2012-06-28,90.6163330078125,92.07414779251701,90.58320013549545,91.34523724044014,233975
2012-06-29,87.99891662597656,89.1916750722352,87.83325853930772,88.6615616115538,414450
2012-07-02,87.00493621826172,88.29708670286848,86.97180334436801,87.6013153094493,358575
2012-07-03,85.81217956542969,87.00493776906497,85.81217956542969,86.90553914561215,161175
2012-07-05,85.84530639648438,86.34228683986224,85.51398399441608,85.71278122732657,228300
2012-07-06,86.9718017578125,87.30312417125594,86.60734647107975,86.64047934436904,355475
2012-07-09,87.13745880126953,87.63444557543575,86.90553501036494,87.03806650199576,260900
2012-07-10,88.06520080566406,88.52904860090293,86.40859431472272,86.57425243603595,433025
2012-07-11,88.46275329589844,89.02599952734984,87.86637418972052,88.09829799335645,169100
2012-07-12,88.86033630371094,90.11936028181358,88.42962156559148,89.19165873581426,272325
2012-07-13,87.70069885253906,88.49586878822143,87.30311704442232,88.3964764959167,334775
2012-07-16,88.03202819824219,88.36335061083118,87.56818061228724,87.83323727846854,132175
2012-07-17,87.6675796508789,88.89347077584954,87.23686490502159,87.36939640802376,479625
2012-07-18,87.17060089111328,87.86637865684408,86.60735463102647,87.83324578043307,312425
2012-07-19,87.43566131591797,87.60132570504578,86.64049120645534,86.73988983993202,256025
2012-07-20,88.49588775634766,88.66155214477874,87.99890722995495,88.0983058630136,206375
2012-07-23,89.95369720458984,90.51694345146144,89.55611533588628,90.15248813894162,544300
2012-07-24,91.08018493652344,91.61029828004631,89.62237008211078,89.65550295601214,367425
2012-07-25,90.98078918457031,91.34524448953165,90.25188489409737,90.68260594895163,297650
2012-07-26,90.18561553955078,90.71572887860644,89.32417978372295,89.52297702545594,304300
2012-07-27,87.86636352539062,90.21874047041838,87.53504113778772,89.75489291944366,216975
2012-07-30,88.26396942138672,88.62842477915136,87.33627406627767,87.8001217438322,203775
2012-07-31,89.02601623535156,89.02601623535156,87.80012491819946,88.66156086441023,243575
2012-08-01,90.58320617675781,90.58320617675781,88.39648701358689,88.39648701358689,216175
2012-08-02,90.91451263427734,91.51089163211178,90.25186789902831,91.47775876340447,437325
2012-08-03,88.76094055175781,89.78803436389876,88.19769433488383,89.45671194465827,359075
2012-08-06,88.06520080566406,88.66158015351532,87.50195434596591,88.52904860090293,255550
2012-08-07,87.20372009277344,87.4687767430468,86.47481588438394,87.26998583520404,341700
2012-08-08,87.23686981201172,87.60132514631809,86.90554735531958,87.53505939108962,489850
2012-08-09,86.87239837646484,87.40251168113906,86.64047459560099,87.40251168113906,159750
2012-08-10,87.13745880126953,87.63444557543575,87.03806650199576,87.36938891162346,218150
2012-08-13,87.30314636230469,88.2971075358345,87.0712225097778,87.2037477171713,271250
2012-08-14,87.4687728881836,87.86636100579592,86.6073372328975,86.73986871191786,259375
2012-08-15,86.80613708496094,87.76696505921325,86.77300421420067,87.73383218845296,214750
2012-08-16,85.81217956542969,87.23686157100524,85.67965438694223,86.87240627112787,234650
2012-08-17,85.14952850341797,85.94469841567374,85.05012989459273,85.77903406763168,263525
2012-08-20,85.48085021972656,85.94470410550433,85.24892643656224,85.348325051968,129650
2012-08-21,85.51398468017578,85.74590846764869,84.1555685083065,84.9507384879776,273975
2012-08-22,85.84530639648438,86.14349592640093,85.38145882525828,85.64651548302308,273250
2012-08-23,86.44168853759766,86.7398780781434,85.87844232983896,85.91157520317175,220350
2012-08-24,86.20977020263672,86.83927587747273,85.87844776777838,86.64048494433767,231800
2012-08-27,85.91156768798828,86.34228236473868,85.48084669178901,85.64651104396137,215925
2012-08-28,85.51398468017578,86.11036374479141,85.34832663753777,85.94470570215341,319350
2012-08-29,85.24893188476562,85.71278580018799,84.88448291055106,85.41459625436273,192475
2012-08-30,86.1103744506836,86.24290595683071,85.61339394153194,85.71279257114229,236050
2012-08-31,85.77903747558594,86.57420741943338,85.34832279246194,85.34832279246194,289225
2012-09-04,84.61943054199219,86.34229583727222,84.38750041276136,85.64652440792929,304300
2012-09-05,84.65254211425781,84.95073162246668,84.25496031627848,84.65254211425781,307850
2012-09-06,83.06222534179688,84.22185082680855,82.7971686297471,84.15558506893349,739350
2012-09-07,82.59835815429688,82.9959399686819,82.33330150489053,82.86341480370322,331200
2012-09-10,82.83028411865234,82.89654986261506,82.30017080584891,82.4989617182879,152875
2012-09-11,82.73088073730469,82.86341221759615,82.16763458496358,82.79714647745041,315225
2012-09-12,82.26703643798828,82.79714974115257,82.10137840054284,82.20077069523049,170800
2012-09-13,81.107421875,82.46583818278485,80.61044137791163,82.0682563128941,703875
2012-09-14,80.41165924072266,80.90863979218517,79.848412930545,80.87550691282759,419650
2012-09-17,80.7761001586914,81.10742259952663,80.51104346991322,80.7761001586914,178025
2012-09-18,80.94176483154297,81.30622014972468,80.84236620309797,80.94176483154297,253925
2012-09-19,81.17366790771484,81.23993364308262,80.70982039903708,80.8092126826404,187150
2012-09-20,81.47188568115234,82.03513198841803,81.27309472548521,81.47188568115234,416150
2012-09-21,81.14055633544922,81.20682208820851,80.61044295227491,80.64357582865455,290500
2012-09-24,81.40560150146484,81.67065815552473,80.94175393672231,81.4718672448421,160500
2012-09-25,82.59835815429688,82.69775044816863,80.84235390232419,80.90861964453804,311250
2012-09-26,83.16162109375,83.39354491881684,82.36645098518497,82.43271042131101,284025
2012-09-27,82.16765594482422,83.19475622573609,81.93573211347329,82.7309022435838,178600
2012-09-28,82.76402282714844,82.96282006973131,82.23390948582647,82.46583328272364,176375
2012-10-01,82.49896240234375,82.89655054996759,81.70379242654528,82.23390574374426,189050
2012-10-02,82.39958190917969,82.83029667131245,82.0682594586044,82.13452521260949,146675
2012-10-03,82.56522369384766,83.06220411198679,82.0351104052394,82.30016704954352,167225
2012-10-04,81.9688491821289,82.99594294548601,81.9688491821289,82.233905841042,241325
2012-10-05,82.10137939453125,82.36643604932239,81.00801990358666,81.63752550905991,216525
2012-10-08,82.59835815429688,82.83028193259631,82.30016863378361,82.56522528318996,77925
2012-10-09,83.59232330322266,83.72485479445749,82.53209665114133,82.59836239675874,287250
2012-10-10,83.69172668457031,83.98991623736941,83.36040425707691,83.55919518579307,612175
2012-10-11,83.32727813720703,83.55920195941813,82.73089898326408,83.09535431499593,177475
2012-10-12,84.15557098388672,84.22183673067094,83.1616100599211,83.39353385421646,333975
2012-10-15,83.55921173095703,84.38751480397407,83.52607884970223,83.7580090184858,252000
2012-10-16,82.89656829833984,83.22789077238852,82.79716966029008,83.12849213433874,350600
2012-10-17,82.1344985961914,82.86340269568902,82.00196713112925,82.73087123062687,386025
2012-10-18,82.59835815429688,82.66462389651072,82.00197911327034,82.20077002046285,175450
2012-10-19,84.22183227539062,84.58628754397498,83.2609979561952,83.2609979561952,631325
2012-10-22,84.25495910644531,84.75193950650761,84.08929476012545,84.42061713331653,234450
2012-10-23,84.65254211425781,85.67964211784336,84.58628269422708,85.01699736194615,343800
2012-10-24,84.88448333740234,85.21579943936355,84.18870562049476,84.35436367147535,210200
2012-10-25,84.55317687988281,85.21581552836294,83.89053191195192,84.15558863523412,167975
2012-10-26,84.98387908935547,85.61339108364028,84.15557616193593,84.65255665449769,349825
2012-10-31,84.61943054199219,85.2158033445219,84.38750041276136,84.98387953474092,281625
2012-11-01,83.55921173095703,84.48691344773844,83.29415500036961,84.18872383589624,356425
2012-11-02,84.81822204589844,84.95074722975639,83.09535041959592,83.16161617124983,254175
2012-11-05,84.18870544433594,85.11640695845504,84.15557257031924,84.81821741175425,174575
2012-11-06,83.69172668457031,83.98991623736941,83.39353713177121,83.89051761328649,178550
2012-11-07,85.64651489257812,86.11036246060648,84.6525476932256,84.6525476932256,794000
2012-11-08,86.9718017578125,86.9718017578125,85.48085405704165,85.81217647048511,697225
2012-11-09,86.64048767089844,87.36939831441542,86.01097565680196,87.23686680852141,517900
2012-11-12,86.90554809570312,87.03807960728916,86.37543468825956,86.44170044405257,161500
2012-11-13,87.3694076538086,87.50193285441892,86.47483885174879,87.30314189377809,351900
2012-11-14,88.86033630371094,89.19165873581426,86.97180665600676,87.20373046264415,473275
2012-11-15,89.48983764648438,90.11934956064496,88.72780056691835,89.19164812501089,653700
2012-11-16,88.62841796875,90.25189103489028,88.49588645994663,89.52298669482225,462300
2012-11-19,86.70674133300781,87.83323369822283,86.70674133300781,87.73383508266298,972400
2012-11-20,86.57421875,87.33626224210555,86.5410921941887,86.93867405842224,318575
2012-11-21,86.17662048339844,86.73986661673236,86.14348761444367,86.50794285349755,141100
2012-11-23,85.31519317626953,85.94470510895768,85.248927431892,85.94470510895768,263450
2012-11-26,84.98387908935547,85.7459162659135,84.91761333849395,85.4477330259363,243350
2012-11-27,85.14952850341797,85.18265505357768,84.52001661975555,85.05012989459273,155750
2012-11-28,84.38748931884766,86.20975932082791,84.38748931884766,85.51398166350482,681425
2012-11-29,83.4929428100586,84.08931564659383,83.26101266760297,83.75799951055767,448750
2012-11-30,83.65861511230469,83.98993762416447,83.22790027050287,83.22790027050287,288000
2012-12-03,83.69172668457031,83.89051761328649,82.89655665025595,82.99594895488919,236975
2012-12-04,83.4929428100586,84.25498003406214,83.36041130008395,83.62546800058303,305475
2012-12-05,83.7911376953125,84.25498537070304,83.16162562196061,83.16162562196061,246375
2012-12-06,83.52606201171875,84.02304881090237,83.36040395829066,83.6917263845965,179450
2012-12-07,83.4929428100586,83.82425894609477,83.0953545995849,83.0953545995849,138275
2012-12-10,83.06222534179688,83.3935478117217,82.9959595839218,83.22788973648454,102425
2012-12-11,82.2007827758789,82.69776328070309,82.06825759033578,82.49897234266341,363275
2012-12-12,82.69776916503906,82.83030067946241,81.8032067204832,81.93573191545612,138700
2012-12-13,83.16162109375,83.49294355218133,82.39958386297313,82.66464056582814,111800
2012-12-14,83.12847900390625,83.45980142562141,82.76402370807463,83.39353567738846,146700
2012-12-17,82.06824493408203,83.02907291930687,82.06824493408203,82.86341488306262,148400
2012-12-18,80.80923461914062,82.10139153178824,80.80923461914062,81.86946139504118,368475
2012-12-19,80.7761001586914,81.07428972349811,80.34538540922057,80.74297360211283,430150
2012-12-20,80.312255859375,81.00803364589005,80.24599010457352,80.74297694613436,117550
2012-12-21,80.67668914794922,81.80318139398068,80.67668914794922,81.70378278893726,722050
2012-12-24,81.07427978515625,81.30620988892514,80.84235600083653,81.00802036067145,72500
2012-12-26,81.63753509521484,81.63753509521484,80.80923216179927,80.80923216179927,72375
2012-12-27,81.70378875732422,82.73088247334051,81.37246636909185,81.50499785216438,533900
2012-12-28,82.1344985961914,82.26702374180549,81.43872104351125,82.10136572992587,303950
2012-12-31,80.57730102539062,82.33330535957602,80.34537723623296,82.10138157041837,299375
2013-01-02,78.12552642822266,78.78817125185483,78.09239355509611,78.19179217447575,1232150
2013-01-03,78.22492980957031,78.48998649126871,77.66168357102998,78.02613255870918,250025
2013-01-04,77.86045837402344,78.19178073737706,77.52913601066982,77.89359124230364,217325
2013-01-07,78.05926513671875,78.19179663678835,77.82734133104668,78.05926513671875,121300
2013-01-08,77.9267349243164,78.42371537858756,77.89360205143842,78.02612722350104,319875
2013-01-09,77.69480895996094,77.89359987221798,77.59541034410783,77.82733412831591,75600
2013-01-10,77.4628677368164,77.8935886909024,77.29720972028994,77.33034258748489,162925
2013-01-11,77.59540557861328,77.86046221849404,77.39661467856492,77.5291398387809,206900
2013-01-14,77.5291519165039,77.8273414727537,77.42975961072048,77.72794284752052,245150
2013-01-15,77.26409149169922,77.99300206919226,77.0653005703145,77.99300206919226,183425
2013-01-16,77.42975616455078,77.56228133951365,77.19782604932921,77.33035754374154,107900
2013-01-17,76.70085144042969,77.09843963457378,76.53519337921546,77.0321738823081,181650
2013-01-18,76.40264892578125,76.83336992305856,76.40264892578125,76.60144614888564,129900
2013-01-22,75.87256622314453,76.60147702947762,75.87256622314453,76.3695468423571,185250
2013-01-23,76.0382080078125,76.1376003103975,75.83941076374337,75.83941076374337,178650
2013-01-24,75.83941650390625,76.10447319661058,75.3424359950169,75.97194800998344,363650
2013-01-25,75.27617645263672,75.77316332198,75.27617645263672,75.4087079696484,206850
2013-01-28,75.11051177978516,75.70689091506395,75.04424602709862,75.20991040881496,77600
2013-01-29,75.14363098144531,75.47495336513373,75.07736524081785,75.20989672207277,89300
2013-01-30,76.00506591796875,76.23698968847842,75.17676312646348,75.20989599645756,189950
2013-01-31,75.50810241699219,76.20387388433919,75.40870378474968,76.10447525209668,106550
2013-02-01,74.87858581542969,75.27616768123623,74.58039625634987,75.1767753745095,214750
2013-02-04,75.70689392089844,75.83941911208322,75.01111612896497,75.40870434141985,147500
2013-02-05,75.0773696899414,75.44182496554136,74.81231303117305,75.34242634870976,342750
2013-02-06,74.71293640136719,75.47498004910362,74.6798098387905,75.44184716707586,127775
2013-02-07,74.94486999511719,75.47498349284709,74.67981324625224,74.81233846095903,253725
2013-02-08,74.44784545898438,74.91169927480095,74.38158604482331,74.87856640799633,360450
2013-02-11,74.51412200927734,74.87857727758542,74.44785626604877,74.44785626604877,186600
2013-02-12,74.24907684326172,74.51413353773518,74.05028590226914,74.48100066099474,275800
2013-02-13,73.9177474975586,74.24906991459508,73.85148806971088,74.11654473945018,91675
2013-02-14,73.6527099609375,74.11656399306597,73.55331763362157,74.08343111081028,123725
2013-02-15,73.68582153320312,73.8514858965713,73.42076487126334,73.71895440587676,108525
2013-02-19,72.99004364013672,73.55328978633605,72.99004364013672,73.55328978633605,119925
2013-02-20,74.31533813476562,74.41473043956925,72.89065611771649,72.92378899246759,227475
2013-02-21,75.0773696899414,75.54121726292372,74.38159833046792,74.48099062785029,482775
2013-02-22,74.2822036743164,74.71291839798697,74.18280505218495,74.71291839798697,268025
2013-02-25,75.74002075195312,75.80628018253067,73.75209248728288,73.75209248728288,299975
2013-02-26,75.54120635986328,76.0050601853456,75.14362458881938,75.4749469443215,332000
2013-02-27,74.74605560302734,75.50809911129107,74.2490751024727,75.50809911129107,227825
2013-02-28,74.71293640136719,74.81233504745049,74.0834306011929,74.6798098387905,184225
2013-03-01,74.14966583251953,75.57434769723383,74.08340640955183,75.04423439679815,226850
2013-03-04,73.98401641845703,74.74605358671448,73.98401641845703,74.38160459984556,179600
2013-03-05,73.08942413330078,73.5864044598651,72.99003185965655,73.5864044598651,985000
2013-03-06,72.99004364013672,73.18883453895745,72.79124642186727,72.890645031002,323725
2013-03-07,72.59246063232422,72.99004877739786,72.52619488823709,72.85751728922358,166225
2013-03-08,71.8635482788086,72.52618668639597,69.9418861537428,71.96294056425005,303975
2013-03-11,71.99607849121094,72.16174284433421,71.89668619878587,72.0954771030849,83150
2013-03-12,72.06233978271484,72.29426354331757,71.86354889069088,72.09547265129359,232975
2013-03-13,71.76417541503906,72.26115597885386,71.6647767744958,71.99609925685591,151200
2013-03-14,71.06838989257812,71.69789553368459,71.0352570189226,71.66476266002907,134925
2013-03-15,71.23405456542969,71.36658607237582,70.96899787098748,71.13465593522008,121650
2013-03-18,71.5322494506836,71.92983136215791,71.20092697815464,71.92983136215791,114500
2013-03-19,71.89669799804688,72.3936785000804,71.10152161145332,71.30031886782668,128800
2013-03-20,71.20091247558594,71.43283626328162,71.1015138582381,71.39970339083234,108575
2013-03-21,71.63165283203125,71.96296900705084,71.26719745616856,71.63165283203125,576875
2013-03-22,71.59850311279297,71.66476254054405,71.39970587119129,71.39970587119129,246550
2013-03-25,71.43284606933594,71.96295946239798,70.9027326762739,71.30032088079548,192350
2013-03-26,71.16777801513672,71.5653661562072,71.03525284774597,71.23404375855665,141350
2013-03-27,71.1346435546875,71.96294637058979,71.1346435546875,71.66475685130905,162600
2013-03-28,71.1346435546875,71.30030790953734,70.90271977734669,71.20090929662743,140000
2013-04-01,71.99607849121094,72.36053374863323,71.03525052089157,71.16777568394127,182850
2013-04-02,72.39368438720703,72.5593424615397,71.46598274037288,71.56538137664276,324275
2013-04-03,73.61956024169922,73.78522461508977,72.16175167256038,72.1948845472385,328800
2013-04-04,73.02318572998047,73.75208999732264,72.9569199821904,73.55329907340196,373475
2013-04-05,73.08942413330078,74.14965051515736,73.08942413330078,74.05025824151313,235250
2013-04-08,72.49307250976562,73.42077410292536,72.49307250976562,72.89066071239125,166375
2013-04-09,72.72501373291016,72.85753894101907,72.26115970590129,72.42682411535127,142450
2013-04-10,71.43284606933594,72.52620573245765,71.2340551268002,72.49307285546001,302450
2013-04-11,71.20091247558594,71.49910200818017,70.90272294299172,71.46596913573089,162975
2013-04-12,71.5322494506836,72.09549575814766,71.36659137414439,71.5322494506836,135100
2013-04-15,74.14966583251953,74.48098822515409,71.92981401715168,71.9960797595684,416525
2013-04-16,73.02318572998047,73.95088092124331,72.85752136050529,73.65269137563753,256175
2013-04-17,74.2822036743164,74.9117156422499,73.52016652965719,73.58642595829527,689775
2013-04-18,74.6798095703125,75.04425863240553,74.0171645710416,74.21595554304245,553350
2013-04-19,73.88461303710938,74.94484601274569,73.71895499187367,74.34846693877819,169350
2013-04-22,73.58642578125,74.87858258805194,73.42076773087902,73.68582440314232,330375
2013-04-23,72.39368438720703,73.32137971459072,72.39368438720703,72.95693068716875,319225
2013-04-24,72.09547424316406,72.65872038254224,71.96294276592278,72.39366374750831,456525
2013-04-25,71.59850311279297,71.89669265574602,71.13464920183851,71.79729403494518,311925
2013-04-26,71.96295166015625,72.22800832794975,71.5653698181907,71.83042648598422,153850
2013-04-29,71.43284606933594,71.76416851986224,71.2340551268002,71.6316433313218,213150
2013-04-30,71.06838989257812,71.66476266002907,70.96899127161156,71.39970599023438,242250
2013-05-01,72.6255874633789,72.75811262108057,71.13463994268109,71.20090568125624,238525
2013-05-02,71.56538391113281,72.39368695103146,71.39971951148267,72.3274211911714,167050
2013-05-03,70.43888092041016,70.70393760144995,69.87563468326937,70.57140610120517,489375
2013-05-06,69.90875244140625,70.37259995306202,69.84248670561303,70.3063342172688,214050
2013-05-07,69.37865447998047,70.07442590076168,69.31238872958708,69.80936921863791,266750
2013-05-08,69.14672088623047,69.67683417544733,69.14672088623047,69.47803695240434,209550
2013-05-09,69.44491577148438,69.64371302799069,69.08046677345604,69.2792577105124,137700
2013-05-10,68.81541442871094,69.37866071880467,68.78228155053479,69.27926208427624,227925
2013-05-13,68.88166809082031,69.11359187788179,68.64973798430961,68.94792751608843,101175
2013-05-14,68.0533676147461,68.81540474723715,68.02023474123133,68.81540474723715,195500
2013-05-15,67.78831481933594,68.21903592034192,67.55639098930983,68.11963728485198,188050
2013-05-16,68.02025604248047,68.21904702637302,67.62266775524392,68.02025604248047,209400
2013-05-17,67.32445526123047,67.78830283930827,67.25818951594813,67.7551762861164,143650
2013-05-20,67.1588134765625,67.45700308307518,66.89375675071244,67.45700308307518,471325
2013-05-21,67.09253692626953,67.35759360949656,66.92687886904632,67.12566980160413,132225
2013-05-22,68.08650970458984,68.58349660126275,66.36364412485027,67.02628278799598,556575
2013-05-23,68.02025604248047,69.01421728139465,68.02025604248047,68.98108439750399,475700
2013-05-24,68.0533676147461,68.84853762075191,67.98710186771658,68.41781658450951,274450
2013-05-28,67.09253692626953,67.58951741738898,66.49615780914628,67.05940405093493,263200
2013-05-29,67.75519561767578,68.31844197437961,67.32447446989875,67.52326544301448,209400
2013-05-30,67.29132080078125,67.68890894364449,67.15879563279293,67.5895103280664,155450
2013-05-31,68.02025604248047,68.05338892637113,67.22508578745884,67.68893352302526,213200
2013-06-03,67.42384338378906,68.5834684679227,67.32444478133819,67.82142515469594,364950
2013-06-04,68.18588256835938,68.64973008913678,67.05939031551551,67.45697841864508,313975
2013-06-05,69.01421356201172,69.1798716530858,68.11964470352909,68.25217623194922,380025
2013-06-06,68.2853012084961,69.47805322893399,68.25216833022694,69.04733845033566,434325
2013-06-07,67.68891906738281,68.318431087964,67.55638756012357,67.85457713200677,245650
2013-06-10,67.29132080078125,67.95396559907027,67.29132080078125,67.39071941635935,369400
2013-06-11,68.02025604248047,68.61662899415812,67.5564019874626,68.08651549081036,259675
2013-06-12,68.68286895751953,68.81540044328959,67.49011718283425,67.55637660627023,209150
2013-06-13,67.52324676513672,68.94792870385649,67.32445584700935,68.6828720398702,340175
2013-06-14,67.95394897460938,68.18587270143726,67.35757006593903,67.62262665652057,275025
2013-06-17,67.58952331542969,67.95397865646386,67.19194141562001,67.39073236552485,425925
2013-06-18,66.69493103027344,67.42384145516647,66.56240588357805,67.35757572209472,212550
2013-06-19,67.556396484375,67.58952936556669,66.62870108881144,66.72809341293558,243175
2013-06-20,69.37865447998047,69.61057828690754,68.51721868321579,68.61661098935609,512525
2013-06-21,69.21298217773438,70.10755074724986,69.01419126876951,69.34551366334367,720500
2013-06-24,70.07442474365234,70.6708038484455,69.47804563885919,69.87563381520452,788350
2013-06-25,69.31239318847656,69.94190521881089,69.21299455649213,69.41179182046099,246425
2013-06-26,69.04734802246094,69.34553764877143,68.64975974756321,68.71602551328805,262575
2013-06-27,67.98711395263672,68.61661970296534,67.8545824350198,68.5834931430117,245375
2013-06-28,68.35154724121094,68.35154724121094,67.65577589235691,68.0864905864881,277575
2013-07-01,67.29132080078125,67.88769985535154,66.89373897736714,67.88769985535154,219100
2013-07-02,67.25820922851562,67.6889303796407,66.76122863213766,67.25820922851562,219225
2013-07-03,67.19193267822266,67.58951452633222,66.89374313241571,67.52324877849745,145750
2013-07-05,66.16483306884766,67.09253458752892,66.13170019466801,66.39676318810515,227675
2013-07-08,65.83348846435547,66.03227930392032,65.70095702501435,65.83348846435547,400400
2013-07-09,65.270263671875,65.73411122123376,65.13773218951599,65.46905457596462,308650
2013-07-10,65.13774108886719,65.4359306454658,65.07147533863422,65.23713971421664,189800
2013-07-11,64.30943298339844,64.64075538839573,64.24316723850913,64.34256585584309,420150
2013-07-12,64.14378356933594,64.34257451129625,63.911859750473894,64.3094416343945,225500
2013-07-15,63.61367416381836,64.11065470958481,63.5474084058627,64.04438895162914,513100
2013-07-16,63.94497299194336,64.11063734195389,63.54739119081568,63.61365693081989,148625
2013-07-17,63.71306228637695,63.81246091676595,63.41487271466005,63.547404221845376,200475
2013-07-18,63.2823371887207,63.54739384033994,63.01728053710147,63.54739384033994,184925
2013-07-19,63.216068267822266,63.51425777583382,63.182935398104455,63.3485997466935,119375
2013-07-22,62.95102310180664,63.282345539916655,62.88475735029466,63.0835546048306,228400
2013-07-23,63.0504150390625,63.18294020857489,62.785358380588505,62.81848493337969,54375
2013-07-24,63.61367416381836,63.679933602323516,62.75223826874628,62.78537114772411,174650
2013-07-25,62.95102310180664,63.779326037356725,62.95102310180664,63.67992741008876,147950
2013-07-26,63.249210357666016,63.71305796243507,63.249210357666016,63.38173553640732,131825
2013-07-29,63.679931640625,63.944988344831906,63.18295111016833,63.448007814375245,127550
2013-07-30,63.64679718017578,63.84559444297586,63.44800623682584,63.54740486822588,178300
2013-07-31,63.547401428222656,63.547401428222656,62.917889435666645,63.41486992686358,222250
2013-08-01,62.685970306396484,62.98415988726042,62.52031223678331,62.88476125382235,165750
2013-08-02,62.586578369140625,62.951033744623274,62.520318925876374,62.851635100550475,133950
2013-08-05,62.38776397705078,62.75221921569924,62.354631108132864,62.652820608945504,141100
2013-08-06,63.017276763916016,63.182934791465804,62.52029636181799,62.553422911769005,271100
2013-08-07,63.481136322021484,63.613667824726065,63.116681009033776,63.216079636062204,1200475
2013-08-08,63.249210357666016,63.514267034598284,62.91788793163826,63.050419429829226,248975
2013-08-09,63.249210357666016,63.71305796243507,62.91788793163826,63.282343232213755,467550
2013-08-12,62.88477325439453,63.67994351529403,62.88477325439453,63.67994351529403,104400
2013-08-13,63.017276763916016,63.41485855781497,62.85161241691756,62.85161241691756,516100
2013-08-14,63.2823371887207,63.2823371887207,62.884749051567326,63.01728053710147,166325
2013-08-15,64.37569427490234,64.54135230621645,63.91184673166376,63.97810615252011,1312250
2013-08-16,64.64076232910156,64.74016095710832,64.24317413652452,64.57449657709707,295850
2013-08-19,65.3365249633789,65.36965783491685,64.54135500481567,64.67388649096742,191600
2013-08-20,64.34257507324219,65.2702766762427,64.24317644166887,65.2702766762427,318400
2013-08-21,64.77328491210938,65.0383415900317,64.1106463770284,64.64075973287305,393000
2013-08-22,63.812442779541016,64.54134690353577,63.812442779541016,64.47508116877762,121650
2013-08-23,63.679931640625,64.11065273461767,63.64679876266785,63.679931640625,117600
2013-08-26,63.71306228637695,63.94498610450119,63.2823475269248,63.514271345049046,167000
2013-08-27,65.13774108886719,65.30339914499986,64.17691298828815,64.475096225437,354800
2013-08-28,65.03834533691406,65.3365349066867,64.77328864372173,65.20400971981556,751375
2013-08-29,64.30943298339844,65.13773583616704,64.11064206817976,65.07147009127773,184975
2013-08-30,65.30340576171875,65.46907015408675,64.34257756378598,64.34257756378598,379125
2013-09-03,64.97207641601562,65.50218972499344,64.1106407090644,64.40883023529555,343150
2013-09-04,64.37569427490234,65.10459845991281,64.30942853459716,64.83954181814093,866850
2013-09-05,64.21002960205078,64.4088268219691,63.97810583159486,64.30942821200993,533375
2013-09-06,64.11063385009766,65.10459461822848,63.74617861937375,63.87871009216369,335625
2013-09-09,63.149818420410156,63.878729098739186,63.0504261056928,63.878729098739186,1182400
2013-09-10,62.52030563354492,62.91788748640504,62.48717275923164,62.685963685661704,870225
2013-09-11,62.45404052734375,62.71909720512684,62.32150902872737,62.586565706510456,144450
2013-09-12,62.88477325439453,62.917906138530114,62.42092551539937,62.52032416780611,131500
2013-09-13,62.52030563354492,62.984153235031606,62.52030563354492,62.685963685661704,93950
2013-09-16,62.45404052734375,62.48717340199784,61.79139567316119,61.824528547815284,1059500
2013-09-17,61.791404724121094,62.38778391635073,61.791404724121094,62.38778391635073,137075
2013-09-18,61.16187286376953,62.25523857540464,60.89681623291972,61.79138473183105,420725
2013-09-19,61.2944221496582,61.46008022228253,60.99623256337411,60.99623256337411,278200
2013-09-20,61.49319839477539,61.49319839477539,61.06248371728609,61.0956165877774,775275
2013-09-23,61.460086822509766,61.92394085068208,61.327561614068436,61.42696025998774,191425
2013-09-24,61.26127624511719,61.758256676766464,60.79742868483774,61.393807730596485,266125
2013-09-25,61.360679626464844,61.42694537435281,60.79743340831615,61.22814813068889,129150
2013-09-26,61.029361724853516,61.393817045770696,60.797437909524405,61.22815266378561,216625
2013-09-27,61.327537536621094,61.49319556199748,61.06248090434971,61.42693614351608,275550
2013-09-30,61.19501876831055,62.02332170609225,61.161885892465286,61.923929398006386,254950
2013-10-01,60.56550598144531,61.294410206192936,60.56550598144531,61.294410206192936,248150
2013-10-02,60.79743576049805,61.095625318080984,60.63177138436875,60.99622669240341,566150
2013-10-03,61.460086822509766,61.824542204762786,60.830581023374094,60.896840467869225,248725
2013-10-04,60.9962272644043,61.49320775855311,60.830569206171305,61.39381545139325,123225
2013-10-07,61.72513198852539,61.72513198852539,61.261284366751944,61.592606804925786,765200
2013-10-08,62.719112396240234,62.78537816159857,61.5594867802742,61.6588854283117,449325
2013-10-09,62.91788101196289,63.3486020142634,62.52029920001515,62.52029920001515,330325
2013-10-10,61.42695999145508,62.15586443332358,61.32756134597031,62.08959866966707,499950
2013-10-11,60.53238296508789,61.62574263994966,60.53238296508789,61.55947688524283,536300
2013-10-14,60.23418426513672,60.96308849815949,60.201051392801695,60.929955625824476,182050
2013-10-15,60.731170654296875,60.9630944638884,60.20105728395914,60.33358246681864,154225
2013-10-16,60.035404205322266,60.53238474130607,60.002271326996635,60.366720349677884,628275
2013-10-17,59.538414001464844,60.36671695467111,59.53841400146484,60.36671695467111,253525
2013-10-18,58.84263610839844,59.33961656199223,58.809503235565614,59.10769277161175,285100
2013-10-21,58.97516632080078,59.07456494779472,58.643850203054036,58.743242510598115,183950
2013-10-22,58.809505462646484,59.04142926180978,58.411917293045434,58.67697396629628,237850
2013-10-23,58.97516632080078,59.339621633662034,58.942039764586,59.07456494779472,182025
2013-10-24,58.676979064941406,59.0083015151571,58.544453876525196,58.94204208067406,138350
2013-10-25,58.676979064941406,58.87577632674089,58.44505524562545,58.544453876525196,105325
2013-10-28,58.676979064941406,58.94204208067406,58.544453876525196,58.610719630458355,165075
2013-10-29,58.511314392089844,58.875769678115525,58.345656345414206,58.47818151886484,160625
2013-10-30,59.30648422241211,59.405882841804335,58.4119156062302,58.44504847936095,397825
2013-10-31,59.5715446472168,59.77034189854617,59.07456415779292,59.27335508967251,365350
2013-11-01,59.83659362792969,60.30044750187883,59.40587894438652,59.50527123780858,304850
2013-11-04,59.1408576965332,59.77036998262995,59.07459191495402,59.5715726378924,155000
2013-11-05,59.372764587402344,59.770352843415836,59.20710650040978,59.40589746869105,218700
2013-11-06,59.670928955078125,59.77032755689251,58.975151381273946,58.975151381273946,293400
2013-11-07,60.6649169921875,60.73118275654734,59.24023465570653,59.33963330224629,1388425
2013-11-08,59.538414001464844,60.56551421344464,59.40588881506585,60.56551421344464,426900
2013-11-11,59.40586471557617,59.8034464329341,59.30646612651296,59.63778843727621,150750
2013-11-12,59.40586471557617,59.836579295955175,59.372731852555106,59.63778843727621,121950
2013-11-13,58.84263610839844,59.836597015586015,58.809503235565614,59.803464142753185,278250
2013-11-14,58.84263610839844,59.24021794349374,58.776370362732784,58.84263610839844,159625
2013-11-15,58.5444450378418,59.00829260644483,58.5444450378418,58.743235950178935,125325
2013-11-18,59.07455825805664,59.20708974570706,58.31252116241418,58.31252116241418,313900
2013-11-19,59.40586471557617,59.63778843727621,58.71008723102861,59.04140954179186,244200
2013-11-20,59.372764587402344,59.70408708083843,58.97517633138886,59.10770785654367,282925
2013-11-21,58.34565353393555,59.207089237927875,58.3125206623071,59.14082349467098,223850
2013-11-22,58.04746627807617,58.47818098718644,57.981200532228634,58.34565581494072,472625
2013-11-25,58.080596923828125,58.17998921933876,57.8486668222554,57.94806543721514,392900
2013-11-26,57.55049133300781,58.047471835546574,57.451092704720075,57.948073207258844,222325
2013-11-27,57.186031341552734,57.616746056697096,57.186031341552734,57.550486629370646,675125
2013-11-29,57.25231170654297,57.25231170654297,56.887856325668785,56.98725497121203,62300
2013-12-02,57.716148376464844,57.91493931008555,57.11976925615289,57.11976925615289,247800
2013-12-03,58.01432800292969,58.3125175120272,57.649872754155226,57.88179652357579,272050
2013-12-04,58.24626159667969,58.80950784003833,57.716148228748004,58.3125273475336,240900
2013-12-05,58.1468505859375,58.41190721345001,57.94805969516524,58.21311632267775,192075
2013-12-06,57.683013916015625,57.81554541442113,57.38482436405291,57.5836152922115,243250
2013-12-09,57.716148376464844,57.948072185597304,57.51735744284414,57.616749749929575,95950
2013-12-10,58.27939987182617,58.345665628819766,57.64988781928789,57.848678770818246,1737625
2013-12-11,59.17396926879883,59.30649446475977,58.18000186156458,58.18000186156458,204175
2013-12-12,59.04142379760742,59.30648044632764,58.8426328909295,59.14082241067087,452225
2013-12-13,58.87577819824219,59.2402272175592,58.67698093012347,58.942043954281765,173325
2013-12-16,58.1468505859375,58.676963840962514,58.11372403701586,58.61070442367075,146175
2013-12-17,58.21311950683594,58.610707629576325,58.14685376647107,58.1799866366535,122500
2013-12-18,57.45109176635742,58.74324231574319,57.45109176635742,58.1137366385526,219250
2013-12-19,57.881805419921875,57.948071169783766,57.45109068471901,57.48422355964996,148825
2013-12-20,56.987239837646484,57.78240983247349,56.72218317270415,57.78240983247349,1074750
2013-12-23,56.22520065307617,56.62278884031468,56.22520065307617,56.52339021364259,422425
2013-12-24,56.05953598022461,56.15893459516857,55.893877941433786,56.12580172352058,66675
2013-12-26,55.96014404296875,56.026409794172174,55.628827925851354,55.82761886001177,331350
2013-12-27,56.05953598022461,56.22519401901544,55.76134645484184,55.8607450697858,300600
2013-12-30,56.05953598022461,56.15893459516857,55.927004493632666,56.05953598022461,260025
2013-12-31,55.927005767822266,56.02640438503083,55.76134772525724,55.89387921486866,510550
2014-01-02,56.45712661743164,56.7553098365528,56.0264055864078,56.05953845952112,243750
2014-01-03,56.22520065307617,56.52339021364259,56.1589412214113,56.2914664041909,101475
2014-01-06,56.65592956542969,56.68906244557754,55.960151721226225,55.99328460137408,169700
2014-01-07,56.22520065307617,56.49025733808523,55.99327684362448,56.45713078197772,212050
2014-01-08,56.12580108642578,56.52338290279038,56.059535343882004,56.19206050952053,72075
2014-01-09,56.092681884765625,56.457137238124,55.86075804879232,55.96015036738055,166025
2014-01-10,55.86076354980469,56.32461126742973,55.79449778458648,56.12582029122631,142050
2014-01-13,56.52338409423828,56.88783936646232,55.827612741209656,55.927005037671364,287950
2014-01-14,55.893882751464844,56.457128979053394,55.827617002466276,56.32459748105625,99075
2014-01-15,55.463157653808594,55.728214311005026,55.430024781727894,55.728214311005026,176525
2014-01-16,55.430030822753906,55.62882807690398,55.39689794706223,55.49629657413726,149150
2014-01-17,55.5294189453125,55.695076972983436,55.33062804821763,55.43002033704072,161375
2014-01-21,55.231239318847656,55.661954059500836,55.131840692797006,55.164973568147225,143250
2014-01-22,54.99930953979492,55.29749906612383,54.899910924535575,55.16496757911137,84525
2014-01-23,55.33063507080078,55.695084041822575,55.16497070265498,55.19810357628414,346025
2014-01-24,56.72218322753906,56.85470840041366,55.661950247295394,55.661950247295394,370225
2014-01-27,57.51736831665039,57.88181737728008,56.556533703510695,56.622799467061924,979575
2014-01-28,56.987239837646484,57.517353167531155,56.987239837646484,57.48422029448219,319225
2014-01-29,57.782405853271484,57.914931016891586,57.152893947591444,57.51734920658235,724350
2014-01-30,56.92097854614258,57.41795904187162,56.62278898481519,57.28543385875381,217550
2014-01-31,57.35169982910156,57.8155538215213,56.92098503555172,57.8155538215213,255600
2014-02-03,59.1408576965332,59.40591450339719,57.31858661982214,57.4842510737701,1261425
2014-02-04,58.74324417114258,59.27335755786236,58.4119217245802,58.809509924345065,601425
2014-02-05,59.207096099853516,59.83660177540454,58.87577366461886,59.00829884704282,433050
2014-02-06,58.610713958740234,59.00829580496526,58.41191671617821,59.00829580496526,452700
2014-02-07,57.948062896728516,58.64384053204506,57.91493002652784,58.37878388988848,352000
2014-02-10,57.782405853271484,58.37878488818427,57.782405853271484,57.94806388765885,233000
2014-02-11,57.31856918334961,57.9149483972365,57.11977821853758,57.78242319384543,600600
2014-02-12,57.08663558959961,57.318559395518335,56.7884460335756,57.18603421475753,571725
2014-02-13,56.32460021972656,57.64988366688896,56.258334467505954,57.64988366688896,507350
2014-02-14,56.291465759277344,56.689053941960815,56.19206713374404,56.49025669089419,346400
2014-02-18,55.661964416503906,56.22521076336101,55.56257209140917,56.0595526752358,204400
2014-02-19,56.22520065307617,56.2914664041909,55.49629634916373,55.82761878528751,279350
2014-02-20,55.628822326660156,56.29146081364845,55.496290837592966,56.192062196848056,207150
2014-02-21,55.463157653808594,55.5625562700507,55.23123386869287,55.463157653808594,87075
2014-02-24,54.966182708740234,55.39689744996736,54.66799314964075,55.363764574573,1998700
2014-02-25,54.966182708740234,55.19810651705098,54.70112602503512,54.966182708740234,355775
2014-02-26,54.60172653198242,55.03244758582114,54.303536977617064,54.96618183608446,295950
2014-02-27,54.336673736572266,54.899920010696526,54.30354085933553,54.800527698436476,188000
2014-02-28,54.56859588623047,54.86678545277681,54.00534962935961,54.36980494834957,405600
2014-03-03,54.866790771484375,55.46316996238919,54.667999814332966,55.0324551686527,429225
2014-03-04,53.4752311706543,54.23727461249171,53.1439150787982,54.23727461249171,441925
2014-03-05,53.44210433959961,53.607768723706606,53.3758449054069,53.44210433959961,155150
2014-03-06,53.50836181640625,53.607760431495166,53.21017229058861,53.309570905677525,802725
2014-03-07,53.54149627685547,53.77342006616244,53.14391444360046,53.21017386951009,550300
2014-03-10,53.674034118652344,54.038483122351984,53.54150261225244,53.60776836545239,148550
2014-03-11,54.27039337158203,54.46919058148288,53.44209062200726,53.6408878319081,311300
2014-03-12,54.07161331176758,54.7342581719357,54.0384804368142,54.60172667212218,269300
2014-03-13,54.70112991333008,54.99931949362563,53.80656117244342,53.83969405019296,1061125
2014-03-14,54.43607711791992,54.86679192067779,54.30354559740936,54.83365904055015,425300
2014-03-17,54.20414352416992,54.270402953053214,53.74028960528941,54.137877775837055,377375
2014-03-18,53.44210433959961,54.17101499077021,53.3758449054069,54.13788211394881,167875
2014-03-19,53.806556701660156,54.137879132175684,53.4421013961481,53.47523427114463,194175
2014-03-20,53.70716094970703,54.137882028253344,53.508370008543395,53.8728253335518,298425
2014-03-21,53.90596008300781,53.9390929609278,53.17704940766873,53.44210611157832,294075
2014-03-24,54.56859588623047,55.03244983388587,53.64090062981961,53.74029293903508,231400
2014-03-25,54.53546142578125,54.933049609443295,53.93908862946287,54.30353761841581,251875
2014-03-26,55.562564849853516,55.5956977270505,54.20414848202813,54.237281359225115,1737275
2014-03-27,55.79448318481445,56.05953985687855,55.26436984068625,55.59569226062876,1055025
2014-03-28,55.79448318481445,55.92700836112173,54.96618029468294,55.66195168905763,343300
2014-03-31,54.734256744384766,55.59569251235591,54.60172524802787,55.39689526782056,376975
2014-04-01,54.038475036621094,54.667986958927216,53.97221561278553,54.667986958927216,411550
2014-04-02,53.83967971801758,54.137869218934796,53.773413980158516,53.93907832480618,357500
2014-04-03,54.402923583984375,54.60171446982949,53.80654460700071,53.83967747454962,232600
2014-04-04,55.628822326660156,55.794480368544924,53.93908375774879,53.93908375774879,441800
2014-04-07,56.42399597167969,56.78844495141428,55.76135112215377,55.893882619838806,712425
2014-04-08,55.993263244628906,56.689040823451435,55.728206623993735,56.42398420281626,334300
2014-04-09,55.231239318847656,56.05954224425362,55.19810644349744,55.7944855609017,369775
2014-04-10,56.78844451904297,57.05350119294535,55.2975030981357,55.2975030981357,578250
2014-04-11,57.58361053466797,57.8486671901304,56.65591540027404,57.21916158306284,916250
2014-04-14,57.38482666015625,57.98120578794423,56.755314656441165,56.98724478793088,496725
2014-04-15,57.152896881103516,58.478180182572586,56.8878402208097,57.252295498507166,635300
2014-04-16,56.62277603149414,57.11975641353136,56.52337742730733,56.82156692041934,356275
2014-04-17,56.25831985473633,56.85469883091594,56.02639610165499,56.755300228403236,244425
2014-04-21,55.96014404296875,56.556523164899836,55.96014404296875,56.158941296579016,288925
2014-04-22,55.39689636230469,55.96014259405051,55.23123830803521,55.82761741452486,539350
2014-04-23,55.79448318481445,55.827616058753655,55.36376214305432,55.56255938668955,265400
2014-04-24,55.86076354980469,56.357744150038826,55.33065006696145,55.33065006696145,341575
2014-04-25,56.92097854614258,57.053503729260385,56.12580848908615,56.158941364728065,453850
2014-04-28,57.186031341552734,58.04746709129089,56.39086133859046,56.75531030695894,950225
2014-04-29,57.053489685058594,57.25228688997448,56.68904078160942,56.92096453456298,266525
2014-04-30,56.65592956542969,57.683023572210224,56.65592956542969,57.351701090182424,396325
2014-05-01,56.75531768798828,57.38482972532833,56.32460291682946,56.75531768798828,403250
2014-05-02,56.689056396484375,56.7884487068714,56.12581013297439,56.5896577666473,473725
2014-05-05,56.689056396484375,57.384827846993744,56.5896577666473,57.11977115354493,286975
2014-05-06,57.649879455566406,57.68301232925635,56.82157657166617,57.020367494356364,543100
2014-05-07,57.61674880981445,58.47818460071483,57.4510907544085,57.64988168478559,438050
2014-05-08,58.1468505859375,58.34564779615824,57.05349120751735,57.683003067652734,307850
2014-05-09,57.649879455566406,58.544448086846536,57.616746581876455,58.37879003784629,455450
2014-05-12,56.32460021972656,57.351694101346176,56.09267640640439,57.318561225235875,362925
2014-05-13,56.85470962524414,56.9209753728337,56.15893823390228,56.39086203101623,251525
2014-05-14,57.81552505493164,57.88178446135176,56.987222439929454,57.05348184634957,367700
2014-05-15,58.1468505859375,58.9420267879235,58.01432543190548,58.04745830027561,638200
2014-05-16,57.81552505493164,58.610694807000044,57.78239219199786,58.146841045374565,346750
2014-05-19,57.152896881103516,58.113731224324376,57.02036539123198,57.981199734452844,251450
2014-05-20,58.080596923828125,58.378786449258236,57.35168638635493,57.35168638635493,269650
2014-05-21,57.716148376464844,58.312527496776795,57.51735744284414,57.716148376464844,296075
2014-05-22,57.186031341552734,57.716144676860914,56.987240420674524,57.550486629370646,323325
2014-05-23,56.52338409423828,57.21916176671607,56.49025122226799,57.15289602277549,362725
2014-05-27,55.728206634521484,56.15892759279021,55.56254861638633,56.15892759279021,501775
2014-05-28,56.026405334472656,56.22519625280932,55.761348670207326,55.86074728910033,284650
2014-05-29,55.82762908935547,56.12581870495855,55.69509756266476,55.82762908935547,307325
2014-05-30,56.05953598022461,56.29145976231141,55.79447932648983,55.827612198137814,267125
2014-06-02,56.35771942138672,56.78843406741359,55.92699845591142,55.96013132398247,306600
2014-06-03,56.45712661743164,56.920974202119424,56.29146225186501,56.62278466354888,322050
2014-06-04,56.22520065307617,56.88784552532374,56.1589412214113,56.722187466986774,181625
2014-06-05,55.098697662353516,56.42398715430235,55.032438243314985,56.125797650558724,466975
2014-06-06,54.56859588623047,54.89991832899862,54.36980494834957,54.86678545277681,366400
2014-06-09,54.038475036621094,54.60172121564255,53.77341838293153,54.46919604852232,282675
2014-06-10,54.17100143432617,54.50232380017573,54.10473569726656,54.20413430285598,189450
2014-06-11,54.43607711791992,54.734266719617956,54.30354559740936,54.46920999804756,526400
2014-06-12,54.76739501953125,54.96618596422142,54.50233832012763,54.60173063274761,384875
2014-06-13,54.667999267578125,55.09871405700687,54.50234119151719,54.63486638847583,343800
2014-06-16,54.36979675292969,54.89991005367222,54.36979675292969,54.70111914575603,206925
2014-06-17,54.005340576171875,54.53545386795536,53.8065496716153,54.43606157540153,763500
2014-06-18,53.674034118652344,54.20414750535187,53.60776836545239,54.038483122351984,514500
2014-06-19,53.640899658203125,53.939089219348254,53.44210240447313,53.44210240447313,276475
2014-06-20,53.44210433959961,53.70716103472071,53.3758449054069,53.57463584688521,270850
2014-06-23,53.4752311706543,53.64089553603173,53.27644025165076,53.30957312472625,152725
2014-06-24,54.07161331176758,54.13787906167434,53.07765234096513,53.607765701319735,465425
2014-06-25,53.60776901245117,54.40293910209746,53.60776901245117,54.369806225097605,281525
2014-06-26,53.674034118652344,54.10474887555194,53.60776836545239,53.60776836545239,144675
2014-06-27,53.40897750854492,53.90595801941906,53.27644600193845,53.90595801941906,197700
2014-06-30,53.110782623291016,53.54149733775995,53.077649749955036,53.442098717751996,207275
2014-07-01,52.54753875732422,52.97825667661274,52.14995371484059,52.91199408272799,266650
2014-07-02,52.77946472167969,52.878860190460585,52.41500940327475,52.61380350056154,439650
2014-07-03,52.48126983642578,52.68006075383932,52.41500409080482,52.54753242232207,111800
2014-07-07,53.34272003173828,53.3758529135307,52.61381243093274,52.64694531272516,305550
2014-07-08,53.9390869140625,54.270403017219415,53.40897356567192,53.40897356567192,599075
2014-07-09,53.972225189208984,54.10475037984348,53.640902733447405,53.83969367912427,240750
2014-07-10,54.43607711791992,55.09871576212055,54.13788751622189,55.03245632131599,633625
2014-07-11,54.56859588623047,54.833652576555,54.436070700793195,54.50233645323682,178500
2014-07-14,54.27039337158203,54.40292484484927,53.90594445899409,53.9390773273109,381400
2014-07-15,54.833648681640625,55.13183822700613,54.13787728875415,54.3035353386463,275175
2014-07-16,54.93305587768555,55.16497971151511,54.53546764865594,54.53546764865594,526425
2014-07-17,55.79448318481445,55.92700836112173,54.93304742074373,55.29750271462545,520100
2014-07-18,54.966182708740234,55.79448563524994,54.83365120716277,55.661954133672474,600050
2014-07-21,55.1318473815918,55.496302735211394,55.03245506293232,55.26437889907186,381275
2014-07-22,54.667999267578125,54.89992310184364,54.4360754333126,54.767397904885,359100
2014-07-23,54.60172653198242,54.767390906324124,54.303536977617064,54.56859365711408,163325
2014-07-24,54.70112991333008,54.866787982627486,54.237282263737114,54.43607321078406,378450
2014-07-25,55.264366149902344,55.39689131735904,55.03244236726628,55.131834662996525,270200
2014-07-28,55.430030822753906,55.860751887295855,55.065581829045186,55.13184126097867,1156475
2014-07-29,55.33063507080078,55.43002737223878,54.93304690670034,55.29750219717162,319250
2014-07-30,55.098697662353516,55.330627747058614,54.833641027853474,54.89990676634065,446225
2014-07-31,56.390869140625,56.457134896569166,55.49630039372964,55.62883190561798,854475
2014-08-01,56.556522369384766,57.053502857520265,56.09267475638493,56.357731438020515,1047150
2014-08-04,56.12580108642578,57.020363332970646,56.026402472610116,56.35772486587997,583275
2014-08-05,56.22520065307617,56.65592171587205,55.82761878528751,56.35773215530563,750700
2014-08-06,56.05953598022461,56.589649287694186,55.69508071154586,56.589649287694186,400975
2014-08-07,56.32460021972656,56.55652403304874,55.661955336420384,55.89388546919251,320475
2014-08-08,55.79448318481445,56.42399515076027,55.72821743693604,56.29146365500345,284025
2014-08-11,55.264366149902344,55.595688547717764,54.83364513690755,55.46315706081195,345700
2014-08-12,55.661964416503906,55.89389458711059,55.16498383267728,55.46317344686345,242900
2014-08-13,55.16496658325195,55.56255471766279,55.065574289236004,55.430023233042846,423675
2014-08-14,55.1318473815918,55.29751177844187,55.03245506293232,55.16498026096181,178650
2014-08-15,55.19810485839844,55.728218209879245,54.66799150691763,54.70112438131638,303250
2014-08-18,54.402923583984375,54.83363822322351,54.33665784888657,54.634847337378396,469750
2014-08-19,54.17100143432617,54.369792326056505,54.07160282873675,54.30352658899689,297325
2014-08-20,54.36979675292969,54.667986274528495,54.303531010474615,54.4691953666123,439325
2014-08-21,54.336673736572266,54.96618576517001,54.20414854707547,54.43607236828249,433750
2014-08-22,54.303531646728516,54.568588300205356,54.104740736483166,54.40293026157574,292075
2014-08-25,54.07161331176758,54.237277686534476,53.740290881683514,53.972221006357174,248550
2014-08-26,53.54149627685547,54.00534385546941,53.508363404176,53.972217302239244,276275
2014-08-27,53.674034118652344,53.77342642900222,53.47523685905249,53.54150261225244,124125
2014-08-28,54.005340576171875,54.137872058842206,53.8065496716153,53.872815412950466,512625
2014-08-29,53.640899658203125,54.07161440238505,53.54150103133813,53.83969059248326,193525
2014-09-02,53.3758430480957,53.674032609662156,53.21017866975331,53.44210247998279,280725
2014-09-03,53.640899658203125,53.77342484123992,53.04452053591287,53.077653411534534,416075
2014-09-04,53.87281799316406,54.00534316273271,53.24330605922765,53.54149559006862,305925
2014-09-05,53.740291595458984,54.237278406910896,53.740291595458984,53.972221723213124,344750
2014-09-08,53.60776901245117,53.97222433999952,53.508370381451584,53.74029420100049,189725
2014-09-09,54.27039337158203,54.33665910821565,53.707147249093246,53.707147249093246,633825
2014-09-10,53.9390869140625,54.46920026245307,53.90595403985689,54.270403017219415,287050
2014-09-11,53.57462692260742,54.27039826160733,53.57462692260742,54.23727170975413,267425
2014-09-12,54.17100143432617,54.3366594575267,53.64088817674628,53.67402104527609,219950
2014-09-15,54.734256744384766,54.93304766947055,54.13787764967786,54.13787764967786,376450
2014-09-16,54.56859588623047,55.065582710107684,54.436070700793195,54.93305120522044,467525
2014-09-17,54.402923583984375,54.667980204927304,54.07160122794364,54.53544873473168,328675
2014-09-18,54.13787078857422,54.33666168846646,54.071605048793884,54.20413652835455,169575
2014-09-19,54.76739501953125,54.96618596422142,53.83969341189348,53.83969341189348,354525
2014-09-22,55.562564849853516,55.728222916388255,54.99931857640517,55.06558433079913,449625
2014-09-23,56.092681884765625,56.15894764345816,55.43003693674141,55.79449229009978,1595900
2014-09-24,55.59569549560547,56.29146693046538,55.52942974387122,55.99327736711116,594225
2014-09-25,56.490264892578125,56.65592929251939,55.6619618512239,55.6619618512239,561675
2014-09-26,55.993263244628906,56.42398420281626,55.960130377118475,56.324585600284955,310850
2014-09-29,56.026405334472656,56.68905015486066,55.86074728910033,56.62278440893199,545725
2014-09-30,56.92097854614258,56.92097854614258,56.0264098621604,56.12580848908615,845850
2014-10-01,57.649879455566406,57.8486703782566,56.854709445356114,56.920975192736016,871100
2014-10-02,57.11977005004883,58.14686392738931,56.887846237692905,57.683016302677466,1002775
2014-10-03,56.72218322753906,56.987239892737634,56.324595070016514,56.655917481377074,999200
2014-10-06,57.11977005004883,57.285434429910154,56.49025804547566,56.55652379742019,631400
2014-10-07,58.11372756958008,58.179986990899565,57.285424768322315,57.51734854156267,736225
2014-10-08,57.02036666870117,58.74323815893435,56.954107241730206,58.27939057289057,951100
2014-10-09,58.5444450378418,58.5444450378418,57.020364524726006,57.020364524726006,800275
2014-10-10,59.207096099853516,59.33962128227748,58.04747073625715,58.643849855789554,1284450
2014-10-13,59.439022064208984,59.70407875811889,58.4450547224593,59.207098246969075,1120950
2014-10-14,58.809505462646484,59.17396075815999,57.948069694718846,58.908904084909146,1992350
2014-10-15,58.1468505859375,59.86972182449304,57.94805969516524,59.53839946024029,4307525
2014-10-16,57.484222412109375,59.074562460348986,57.1197671145942,58.97516383754041,1755300
2014-10-17,57.649879455566406,57.9149361256365,56.75531082428627,56.82157657166617,703450
2014-10-20,56.987239837646484,57.914935005219974,56.987239837646484,57.914935005219974,476950
2014-10-21,56.092681884765625,56.85471915137807,56.02641612607309,56.6890610740973,1076175
2014-10-22,56.85470962524414,56.9209753728337,55.79448294160921,55.993273864928376,827075
2014-10-23,55.893882751464844,56.42399610455411,55.49629457692307,56.258331732057684,803325
2014-10-24,55.76134490966797,56.05953442678776,55.661946297478394,55.79447778039783,413300
2014-10-27,55.728206634521484,56.52337649657722,55.728206634521484,56.092661857756816,455525
2014-10-28,54.23727798461914,55.5956942679248,54.17101223434818,55.52942851765385,517650
2014-10-29,54.336673736572266,54.73426194396299,53.83969321692149,54.03848416089176,933575
2014-10-30,53.806556701660156,54.634859618224105,53.60776577113074,54.53546099323452,489250
2014-10-31,53.01138687133789,53.375842178302264,52.84572565541998,52.84572565541998,1545275
2014-11-03,53.110782623291016,53.342706417193476,52.71319446270865,53.01138400328307,257875
2014-11-04,53.40897750854492,53.60776844900457,53.077655061478815,53.34271175524169,260800
2014-11-05,53.27644348144531,53.50836728758432,52.94512105005397,52.94512105005397,352725
2014-11-06,53.04450988769531,53.50835741438561,53.04450988769531,53.276433651040456,263250
2014-11-07,53.01138687133789,53.40897505343082,52.97825399620933,53.14391837185212,202150
2014-11-10,52.713199615478516,53.07765493835078,52.680066738903754,52.945123432051766,282025
2014-11-11,52.680057525634766,52.87885159059098,52.61379494379901,52.77945613797511,150375
2014-11-12,52.44814682006836,52.97826024576029,52.31561846364538,52.945127366723234,220500
2014-11-13,52.87886428833008,52.97825976481367,52.28248510997807,52.41501346519794,395750
2014-11-14,52.97825622558594,53.11078773167723,52.713199532853395,52.845727879219666,224400
2014-11-17,53.44210433959961,53.44210433959961,52.878861232261045,53.011389579821596,265125
2014-11-18,53.04450988769531,53.21016791309939,52.7463203864091,53.21016791309939,220050
2014-11-19,53.60776901245117,53.97222433999952,53.1107884963535,53.1107884963535,386875
2014-11-20,53.07765197753906,53.87282201262639,53.04451910281255,53.87282201262639,246700
2014-11-21,53.01138687133789,53.14391837185212,52.24934970173035,52.315612292262585,305750
2014-11-24,52.2824821472168,52.911994168631686,52.2824821472168,52.911994168631686,233150
2014-11-25,52.249351501464844,52.547537908718276,51.98429165103124,52.21621862519502,381900
2014-11-26,52.1168212890625,52.3818811460705,52.08369157169594,52.282482514795596,131225
2014-11-28,52.87886428833008,52.9451268860774,52.08369415701089,52.08369415701089,199025
2014-12-01,53.674034118652344,53.74029355240225,52.97825634895293,53.04452210215289,290100
2014-12-02,53.07765197753906,53.67403108371698,52.87885788890481,53.67403108371698,233225
2014-12-03,52.51441192626953,53.143923981258375,52.38188357149165,53.04452534538105,144350
2014-12-04,52.87886428833008,53.04452552228622,52.547541820417806,52.547541820417806,716675
2014-12-05,52.34874725341797,52.68006653873152,52.28248150052025,52.613803945558814,280675
2014-12-08,53.01138687133789,53.177044927530915,52.083688485812445,52.547536098712726,376750
2014-12-09,52.1168212890625,53.70716147276005,52.1168212890625,53.64090203802693,682150
2014-12-10,53.210182189941406,53.27644794566226,52.14995537620887,52.31561660578587,314400
2014-12-11,53.110782623291016,53.110782623291016,52.31560946185099,53.01138400328307,410925
2014-12-12,53.640899658203125,53.74029196561826,53.077653411534534,53.640899658203125,861650
2014-12-15,54.17100143432617,54.40292519458631,53.21016720530731,53.37583154795634,676175
2014-12-16,54.27039337158203,54.43605771316607,53.34269833650531,54.33665910821565,525650
2014-12-17,52.61380386352539,54.204147173615894,52.580670987128194,54.1710142972187,681375
2014-12-18,51.88489532470703,52.348746105645866,51.78549985726476,51.88489532470703,740775
2014-12-19,51.65298080444336,52.017433023765626,51.45418667407862,51.818642053126396,462475
2014-12-22,51.387916564941406,51.75236873103334,51.35478368809894,51.61984038338854,317750
2014-12-23,51.2553825378418,51.454173457419046,51.02345558536874,51.02345558536874,519025
2014-12-24,51.12285614013672,51.3216470672392,51.02345751686066,51.1891187292626,113775
2014-12-26,50.824668884277344,50.9903301041582,50.6590076643965,50.957197228237035,411400
2014-12-29,50.5264778137207,50.75840161880288,50.46021206385445,50.72527190359461,721325
2014-12-30,50.8577995300293,50.89092924477273,50.52647710479644,50.65900544294462,227450
2014-12-31,51.189117431640625,51.22225030522607,50.46021001138444,50.65900409317239,320575
2015-01-02,51.421043395996094,51.88489097835387,50.79153144890386,50.95719265391364,262500
2015-01-05,52.08367919921875,52.381868702758396,51.5866956400779,51.785489695679104,293025
2015-01-06,53.110782623291016,53.47523159108798,51.98428704794058,52.01741992127657,380625
2015-01-07,52.31561279296875,52.945121627811886,52.31561279296875,52.71319781914203,236875
2015-01-08,51.5535774230957,52.08369080990799,51.45417879327463,52.017425056693945,205875
2015-01-09,52.017417907714844,52.0836836518217,51.454171721704896,51.487304593758324,218300
2015-01-12,52.1168212890625,52.514409494711956,51.785501997321376,51.91803034596284,234900
2015-01-13,52.08367919921875,52.74632078501556,51.189110688599804,51.75235682645818,474050
2015-01-14,52.34874725341797,52.87886063769967,52.21621890734754,52.68006653873152,352950
2015-01-15,53.210182189941406,53.34271370138312,52.05055990235273,52.14995537620887,444800
2015-01-16,52.2824821472168,53.508370153462835,52.21621955322447,53.40897784233687,378825
2015-01-20,52.48126983642578,53.01138316249478,52.116814554959845,52.1830803005808,2488650
2015-01-21,52.713199615478516,52.945123432051766,52.28248169918175,52.779465368628024,229125
2015-01-22,51.65298080444336,53.044530237820034,51.61984792276165,52.3487555211317,404750
2015-01-23,51.65298080444336,51.918037538446015,51.38792407044071,51.61984792276165,211450
2015-01-26,51.22225570678711,52.11682126985604,51.189122829707685,51.818634855316446,280550
2015-01-27,51.45417404174805,51.85175904514235,51.15598449927114,51.719230710677586,228300
2015-01-28,52.21621322631836,52.4150041439334,51.12285370026163,51.15598341338103,586300
2015-01-29,51.586700439453125,52.547531618180635,51.5535707268743,52.08368404483091,342450
2015-01-30,52.680057525634766,52.71319039641488,51.71922639108273,51.918020456038946,379825
2015-02-02,52.249351501464844,53.27644538802944,52.14995287265537,52.48127531590362,443525
2015-02-03,51.288509368896484,51.98428386776405,51.22224678600289,51.95115415617951,378750
2015-02-04,51.421043395996094,51.553571728058984,51.12285385892342,51.45417310921831,209100
2015-02-05,50.72526550292969,51.354774248601515,50.62586689067271,51.25537879606901,172300
2015-02-06,50.8577995300293,51.023457582920905,50.427081641116516,50.75840090662455,378350
2015-02-09,51.189117431640625,51.28851289267223,50.69213696675784,51.02345622343812,188550
2015-02-10,50.957183837890625,51.55356280885737,50.82465552875625,50.924050970676,261150
2015-02-11,50.957183837890625,51.2885030308645,50.82465552875625,51.023446412595746,228825
2015-02-12,50.39394760131836,50.758399732866906,50.327681853914214,50.69213714518751,122900
2015-02-13,50.062625885009766,50.46021089582964,50.02949617056837,50.32768255888968,447675
2015-02-17,49.93009567260742,50.16202262333435,49.83070021356712,49.99636141845074,181425
2015-02-18,49.8969612121582,50.22828043067869,49.86382834238884,50.095752111325616,177600
2015-02-19,49.86383819580078,50.06262913425056,49.73130985025927,49.9963665413423,89800
2015-02-20,49.69818115234375,50.294560337283954,49.66504827324145,49.930104986609265,174750
2015-02-23,49.69818115234375,50.12889910149776,49.66504827324145,49.863842388129946,105650
2015-02-24,49.63190841674805,49.79756962924513,49.46625036397578,49.69817416563681,181450
2015-02-25,49.532508850097656,49.73130292057195,49.43311339472279,49.631904305472524,131900
2015-02-26,49.39998245239258,49.7313048628817,49.33371986612956,49.53251078464329,302650
2015-02-27,49.59877014160156,49.631899850603155,49.33371351124321,49.46624182642239,94550
2015-03-02,49.267452239990234,49.59877463783538,49.134923912797085,49.59877463783538,309475
2015-03-03,49.532508850097656,49.73130292057195,49.36684765132317,49.399980523022975,163700
2015-03-04,49.665042877197266,49.963232437269454,49.63191000169482,49.76444150370461,328300
2015-03-05,49.56564712524414,49.863836683600724,49.466251659033574,49.598780000555955,84825
2015-03-06,50.195159912109375,50.29455854587584,49.59878390813635,49.896973489985434,271725
2015-03-09,49.93009567260742,50.19515233653134,49.89696595941044,50.1288897504127,170425
2015-03-10,50.559608459472656,50.7252696671094,50.36081437836361,50.36081437836361,282975
2015-03-11,50.22828674316406,50.69213749905685,50.195153869230694,50.427080827039475,145650
2015-03-12,49.39998245239258,49.93009578139543,49.33371986612956,49.863833195132415,247350
2015-03-13,49.56564712524414,50.095760491333664,49.30059044219937,49.39998590840994,218825
2015-03-16,49.267452239990234,49.399980567183384,49.16805678452651,49.399980567183384,232075
2015-03-17,49.168067932128906,49.466257525851496,49.0686724541298,49.36685888812712,126350
2015-03-18,48.7042121887207,49.39998678397635,48.57168384484939,49.16806297213279,298925
2015-03-19,48.671077728271484,48.83673894264855,48.60481513835557,48.770476352732636,196850
2015-03-20,48.20722961425781,48.4722862905922,48.140963865311804,48.4722862905922,304325
2015-03-23,48.20722961425781,48.273492203478995,48.074701276090614,48.20722961425781,117100
2015-03-24,48.24036407470703,48.339759541669004,48.07470285662047,48.27349379054441,191850
2015-03-25,49.366859436035156,49.43312519525354,48.207237087241225,48.2734996867343,268475
2015-03-26,49.46626281738281,49.764452443003506,49.20120607454789,49.53252542322874,390625
2015-03-27,49.134925842285156,49.631906298844335,49.068663255948785,49.433115380110536,102725
2015-03-30,48.439170837402344,48.869888881285874,48.37290822434962,48.869888881285874,296850
2015-03-31,48.60481643676758,48.77047765557006,48.47228809367058,48.704211904159095,148200
2015-04-01,48.60481643676758,49.16806268486106,48.60481643676758,48.63794931247306,157400
2015-04-02,48.472293853759766,48.637955092248205,48.27349973562857,48.637955092248205,102425
2015-04-06,48.30662155151367,48.80360199342931,48.1740932230212,48.80360199342931,158300
2015-04-07,48.60481643676758,48.60481643676758,48.174098531771094,48.439155217965094,206850
2015-04-08,48.20722961425781,48.57168175428639,48.10783415056362,48.53854887981338,192000
2015-04-09,48.372886657714844,48.83673422145932,48.07469713260794,48.24035833097006,132100
2015-04-10,48.10783767700195,48.24036602488384,48.04157192319848,48.17410027108037,131100
2015-04-13,48.074703216552734,48.1078360923631,47.80964652951974,48.074703216552734,159800
2015-04-14,48.10783767700195,48.40602408994241,47.94217645221833,48.04157192319848,140975
2015-04-15,47.71024703979492,47.9753037220374,47.511456107975505,47.842775380916166,328775
2015-04-16,47.80965042114258,47.875913018432016,47.6771220668385,47.74338466412794,192050
2015-04-17,48.538551330566406,48.7704783038628,48.17409917213632,48.27349464084908,273475
2015-04-20,48.041568756103516,48.37289118382865,47.975303006668554,48.30662543439369,108600
2015-04-21,48.10783767700195,48.14096739417864,47.84277782151312,47.90904357531659,81900
2015-04-22,48.00843811035156,48.505421775013524,47.975305234095764,48.107836739118945,228400
2015-04-23,47.842777252197266,48.20723257432934,47.71024890589243,48.14096682131441,157750
2015-04-24,48.00843811035156,48.041570986607354,47.77651429601097,47.809647172266764,83900
2015-04-27,48.50542449951172,48.63795285225389,47.6108557487082,47.809649857684036,189700
2015-04-28,48.20722961425781,48.96926676878797,48.17409673978481,48.4722862905922,211700
2015-04-29,48.737342834472656,48.80360542351376,48.33975782105159,48.50541903324157,202925
2015-04-30,49.797569274902344,49.963230486220645,48.90300378934322,48.969266378035655,703900
2015-05-01,49.46626281738281,49.83071504884943,49.36686416902551,49.565658306014505,197800
2015-05-04,49.23432922363281,49.39999045571626,48.90300991919112,49.36685757735453,190625
2015-05-05,49.93009567260742,50.1288897504127,49.16805855375732,49.30058688571928,307850
2015-05-06,49.73130416870117,50.12888915990357,49.631905551107096,49.79756675403925,416350
2015-05-07,49.49938201904297,49.99636567601571,49.36685367579523,49.76444186526339,131300
2015-05-08,49.168067932128906,49.26746341012801,48.90301121764777,49.0686724541298,138325
2015-05-11,49.134925842285156,49.23432130165205,48.770473718123405,49.16805871531568,141475
2015-05-12,49.168067932128906,49.83070971833173,49.0686724541298,49.26746341012801,227925
2015-05-13,49.20119094848633,49.36684899203522,48.969264000013524,49.06866261781243,129125
2015-05-14,48.671077728271484,49.201194246223075,48.63794801317595,48.936137567109704,284050
2015-05-15,48.7042121887207,49.00240175236241,48.7042121887207,48.803607656692954,571450
2015-05-18,48.174095153808594,48.903002569593646,48.14096228042638,48.836736822829224,191100
2015-05-19,48.27348709106445,48.43914828616026,48.20722450886082,48.27348709106445,126350
2015-05-20,48.174095153808594,48.43915182141684,48.03328518152127,48.07469969338668,420800
2015-05-21,48.215511322021484,48.38945417366648,48.01672039434859,48.215511322021484,599900
2015-05-22,48.4060173034668,48.55511206889662,48.09954613440533,48.256922538036974,507000
2015-05-26,48.878143310546875,49.13491829751812,48.56339054426184,48.58823861535693,1292000
2015-05-27,48.27348709106445,49.03552732461539,48.22379094434285,48.80360038759146,709900
2015-05-28,48.30662155151367,48.62965915473129,48.29005511548654,48.397735369800614,472700
2015-05-29,48.596527099609375,48.8036028138427,48.273489490961325,48.29834072528209,795800
2015-06-01,48.4060173034668,48.91956734426934,48.190659953248506,48.306621846421784,727600
2015-06-02,48.356327056884766,48.73734565516595,48.04157105147966,48.6296653870517,796400
2015-06-03,47.85934066772461,48.36460594351406,47.80135971736105,48.23207760557952,1101200
2015-06-04,48.323184967041016,48.48056135987489,47.9090335714235,48.116109269232254,1141000
2015-06-05,47.97530746459961,48.77876237267004,47.942177746528515,48.4557247134696,1150100
2015-06-08,48.19894027709961,48.29005409345818,47.90075391409591,48.008431006406475,613700
2015-06-09,48.33147430419922,48.695929612626394,48.190664323925006,48.24864527577026,300800
2015-06-10,47.75166702270508,48.18238178238267,47.56943935995492,48.17410014304177,644500
2015-06-11,47.61085510253906,47.75994989231615,47.54459250692987,47.693687296706955,341500
2015-06-12,47.743370056152344,47.92559767246146,47.68538911636748,47.72680362196749,255000
2015-06-15,47.89246368408203,48.49712429892945,47.801349878058254,48.074691296129586,567900
2015-06-16,47.56943893432617,47.975305612624524,47.48660990275815,47.975305612624524,414600
2015-06-17,47.63570785522461,47.71854005752049,47.36236948696178,47.45348332962453,461100
2015-06-18,47.00619125366211,47.412061079435254,46.88194455033515,47.412061079435254,644500
2015-06-19,47.031036376953125,47.09730212382608,46.906792841153404,47.022754738456364,591800
2015-06-22,46.68314743041992,46.90678957093735,46.65001455929338,46.799109319638326,580800
2015-06-23,46.575477600097656,46.807401430426,46.56719596032531,46.699724314759386,384100
2015-06-24,46.96476364135742,47.03931101061847,46.550612292068074,46.666574164313246,439400
2015-06-25,46.981346130371094,47.21326995412141,46.79083682375832,46.823966541633276,295500
2015-06-26,47.146995544433594,47.354071251834775,46.815676308426426,46.88193889173804,629300
2015-06-29,48.29833984375,48.3563207898991,47.28780936562349,47.47003700193471,1228200
2015-06-30,48.03327941894531,48.29005125754062,47.91731437601996,47.94216560793756,969000
2015-07-01,47.933895111083984,48.19895182596897,47.586009357694415,47.710252915451285,635200
2015-07-02,48.27348709106445,48.44743308376352,47.83448760982637,47.909034989633255,653800
2015-07-06,48.28178024291992,48.63795076810094,48.008438749756564,48.63795076810094,696300
2015-07-07,48.24864959716797,49.1597816303918,48.21551671893887,48.23208315805342,1563100
2015-07-08,48.97755432128906,49.250892651749176,48.44744093881188,48.67107995476788,1063500
2015-07-09,48.8201789855957,48.86159666448137,48.36461295538088,48.40602747454127,723300
2015-07-10,48.099544525146484,48.42258211952841,48.041563580499705,48.232072850014056,986700
2015-07-13,47.59428024291992,47.87590333381337,47.52801765903447,47.867621695724395,665300
2015-07-14,47.29610061645508,47.63570472423317,47.20498993950627,47.63570472423317,713600
2015-07-15,47.57771301269531,47.65226039314971,47.21326090809853,47.2629602149763,746700
2015-07-16,47.229827880859375,47.40377071732302,47.113865989883614,47.345789771835136,651800
2015-07-17,47.45347595214844,47.61085237245554,47.238115419386155,47.26296665607408,569300
2015-07-20,47.70196533203125,47.82621203403279,47.43690865017119,47.44519028909968,565400
2015-07-21,47.94218444824219,48.07471281822779,47.47005193268565,47.73510867265684,236900
2015-07-22,47.776512145996094,48.149249087787595,47.71024639646656,48.107834574194065,188900
2015-07-23,48.29833984375,48.38945050218103,47.627413404378764,47.735093658537636,391100
2015-07-24,49.052101135253906,49.101797289447504,48.24036463293392,48.32319366307322,571900
2015-07-27,49.482818603515625,49.590495709794574,49.17634424332958,49.26745807150787,897000
2015-07-28,49.052101135253906,49.9549514665621,48.9609873062657,49.34200590046642,1281700
2015-07-29,48.90300369262695,49.292303904771515,48.753908918707836,49.151493929250556,901600
2015-07-30,48.74563217163086,49.26746396653879,48.70421765197395,49.01897368887202,536000
2015-07-31,48.51369857788086,48.778755242053734,48.22379383885575,48.68764142129593,891100
2015-08-03,48.76218795776367,49.07694392589314,48.430868713170476,48.46399842582256,793700
2015-08-04,48.836734771728516,49.0106776100926,48.48884909500035,48.71249124135042,497200
2015-08-05,48.74563217163086,48.88644533013473,48.25693325633858,48.63795505246796,436700
2015-08-06,49.39169692993164,49.739582589835905,48.621375071887144,48.66278958001035,999300
2015-08-07,49.70644760131836,50.037769971634326,49.491090272419996,49.60705215411329,936300
2015-08-10,49.126651763916016,49.52423682229206,49.043819568592774,49.49110394416276,676800
2015-08-11,49.540802001953125,49.7810074629712,49.20947954853323,49.457969808735605,1050600
2015-08-12,49.640201568603516,50.468504610749775,49.50767320824912,49.83071088913011,959200
2015-08-13,49.805850982666016,49.8886800033229,49.39169955993241,49.57392403732247,517200
2015-08-14,49.474544525146484,50.0460725352089,49.44969644288635,49.86384799909189,521500
2015-08-17,48.97755432128906,49.7975724723944,48.95270308417451,49.63191125043903,591300
2015-08-18,49.358577728271484,49.408277047617084,49.018973612056506,49.018973612056506,393100
2015-08-19,49.830692291259766,50.12888178069784,49.42482256180813,49.665031112713706,1772600
2015-08-20,51.06487274169922,51.106287252883085,50.19515220821471,50.31939890149097,1555900
2015-08-21,51.76064682006836,52.00085224672435,50.998606550104746,51.686099436699365,2757800
2015-08-24,53.765140533447266,54.344949995346816,52.05055074273495,54.12130468900757,2667900
2015-08-25,54.07988739013672,54.19584926976161,52.01741214914294,52.01741214914294,2006300
2015-08-26,52.829158782958984,54.26212560308636,52.671782366981205,53.08593066377932,1722700
2015-08-27,51.83519744873047,52.78774389616613,51.53700789658544,52.332177929155606,1801400
2015-08-28,51.346500396728516,51.93459472299816,51.28851628425726,51.860047332363635,1024700
2015-08-31,51.52043151855469,51.661241468940496,51.13941301309685,51.54527958986413,1337200
2015-09-01,52.920265197753906,53.07764475141639,51.97600051467665,52.43985121852356,1930400
2015-09-02,52.03399658203125,52.878866059757755,52.01743014210815,52.25763878140521,954300
2015-09-03,52.12510681152344,52.16652132860014,51.470746698646124,51.95116394396621,654700
2015-09-04,52.49784851074219,52.75462043556851,52.12511150404626,52.671791393958486,830000
2015-09-08,51.296791076660156,51.89317008540145,51.23881013522413,51.69437602924624,1222900
2015-09-09,51.89317321777344,51.918021291396094,50.85779468716922,50.9654717793504,702700
2015-09-10,51.628116607666016,52.05054965820881,51.34649352072932,52.05054965820881,469900
2015-09-11,51.41275405883789,52.075395660649946,51.38790598618381,51.85175352759005,829500
2015-09-14,51.64468765258789,51.71923504445377,51.23053617771638,51.23053617771638,417400
2015-09-15,51.0400276184082,51.5701410083732,50.94063214772103,51.52872649223063,618500
2015-09-16,50.609310150146484,51.09800902832406,50.57618043277221,51.04831287240011,572200
2015-09-17,50.42708206176758,50.700420379098716,49.756155566950504,50.62587299078571,1003400
2015-09-18,51.12285614013672,51.24709967964456,50.65900537735623,51.08972326571136,842900
2015-09-21,51.197410583496094,51.38791989810966,50.4270885254313,50.733559756790065,723800
2015-09-22,51.9428825378418,52.28248665561531,51.55358226021992,51.66125937970825,734000
2015-09-23,52.12510681152344,52.282483240304956,51.66954080422946,51.86833175008769,306200
2015-09-24,52.2244987487793,52.83744430308262,52.13338492154402,52.43985927855813,619800
2015-09-25,52.911991119384766,53.11078520935561,51.75236577395871,51.76893221143335,693700
2015-09-28,54.38637161254883,54.560314463743275,53.01138576103613,53.085929988926765,1215700
2015-09-29,54.74254608154297,55.024172407437376,53.9556607040557,54.40294511380507,1072100
2015-09-30,53.87281799316406,54.55202607575757,53.78998897225251,54.253836544916595,855600
2015-10-01,54.005340576171875,54.759099165099315,53.674024508393885,53.8065496716153,847700
2015-10-02,53.235015869140625,54.93303906335667,53.20188931969076,54.510602884212204,1334400
2015-10-05,51.926300048828125,52.75460282736264,51.84347103486441,52.68834024813654,723000
2015-10-06,52.274200439453125,52.58895644974864,51.727520610900406,51.93459635140863,618000
2015-10-07,51.35477066040039,52.1913550502347,51.34648902315319,52.00913059327802,653600
2015-10-08,50.88264465332031,51.553571103607105,50.78324919540826,51.37962510260522,525500
2015-10-09,50.79153060913086,50.92405893900256,50.609302970660536,50.7832489708934,754200
2015-10-12,50.849517822265625,51.06487835967439,50.7252742750452,50.76668879078534,294700
2015-10-13,51.5535774230957,51.57014070167419,50.534762005642364,51.040027314861895,926400
2015-10-14,52.03399658203125,52.11682562192146,51.205693544227856,51.52873122341513,723200
2015-10-15,50.824668884277344,52.13338588591365,50.824668884277344,51.909743713033244,934300
2015-10-16,50.8577995300293,51.29679905769673,50.708704754646995,50.71698639340165,467200
2015-10-19,50.774967193603516,51.189118644056606,50.51819531654648,51.08143838221585,906100
2015-10-20,50.824668884277344,51.03174461919717,50.47678000655507,50.80810244631677,499100
2015-10-21,51.5949821472168,51.63639665525336,50.642432663753816,50.642432663753816,659300
2015-10-22,51.147708892822266,51.594993259287854,50.84123767567737,51.280237242916684,1042700
2015-10-23,50.6341552734375,51.139420529150755,50.55960788882859,50.73355073300783,876200
2015-10-26,50.94890594482422,51.031738124084576,50.64243478087227,50.76668146990053,197100
2015-10-27,51.52872848510742,51.843484507469235,51.08972890951277,51.18912438404407,378400
2015-10-28,50.04606246948242,51.46246290821729,50.03778083030326,51.37963071780079,882900
2015-10-29,50.56789016723633,50.69213686306524,50.0543432666113,50.18687160095727,375300
2015-10-30,50.78325271606445,50.890929819715524,50.49334480077925,50.69213889010982,380400
2015-11-02,49.73130416870117,50.75011630110569,49.59049104030521,50.75011630110569,658900
2015-11-03,49.474544525146484,49.87212963993672,49.18463969969285,49.7975822334307,656800
2015-11-04,49.474544525146484,49.739601268339975,49.20948778195299,49.383430677225164,500000
2015-11-05,49.49938201904297,49.98808087721744,49.39170491246507,49.50766681784123,276200
2015-11-06,49.060386657714844,49.91353774263499,49.05210501793537,49.607066515191136,270000
2015-11-09,49.67333221435547,49.88040796557793,49.11836755802217,49.14321879678201,296600
2015-11-10,49.540802001953125,50.02121608371437,49.53251720276883,49.87212129564793,256100
2015-11-11,49.963226318359375,49.979792754081735,49.47452752358559,49.47452752358559,236300
2015-11-12,50.90748977661133,50.9820371556548,50.23656652494456,50.31939554178199,671500
2015-11-13,51.28023147583008,51.45417432331856,50.72527005963595,51.08143739318271,3452600
2015-11-16,50.849517822265625,51.57842530624719,50.849517822265625,51.30508381485723,436800
2015-11-17,51.02346420288086,51.0731635210314,50.3525407863374,50.816388450174806,469800
2015-11-18,50.178592681884766,51.04831012064757,50.12889336891478,50.89093054277175,384900
2015-11-19,50.38566589355469,50.50162779162793,50.128890862303415,50.2200046849966,334000
2015-11-20,50.037776947021484,50.22000459207067,49.8141347898406,50.170305281677784,393300
2015-11-23,49.7727165222168,50.08747247817305,49.58220725300563,50.08747247817305,1671200
2015-11-24,49.41654968261719,50.12889066480314,49.35856873380901,49.99636233042376,258700
2015-11-25,49.03553009033203,49.46624795798483,48.97754914273691,49.416548648735585,821000
2015-11-27,48.869869232177734,49.151492333803,48.745622538036564,48.985831128189666,344000
2015-11-30,49.03553009033203,49.06866296316486,48.67107480862023,48.69592604310719,319500
2015-12-01,48.74563217163086,49.134935607801495,48.737350531589605,48.82017957090342,565100
2015-12-02,49.24261474609375,49.30059570421549,48.671083645000586,48.811896800242835,386900
2015-12-03,50.0709114074707,50.26142069709398,48.903004433884654,49.10179536230684,415100
2015-12-04,49.55735778808594,50.17030008751624,49.499373685434996,50.070904636745674,367200
2015-12-07,50.32768249511719,50.509910143075516,49.6236262984642,49.63190793713286,467500
2015-12-08,50.559608459472656,50.95719346196602,50.30283342964945,50.76668417908741,456100
2015-12-09,51.139434814453125,51.32994414839847,50.22001786735455,50.716998463757555,592700
2015-12-10,50.965476989746094,51.329932292002134,50.700420311591614,51.197403952924894,336500
2015-12-11,52.10025405883789,52.25763047349975,51.470742080740784,51.503874955319546,489300
2015-12-14,52.43156814575195,52.837437919933926,51.86832197245529,52.116812187798054,932300
2015-12-15,51.72752380371094,52.21622270786363,51.59499544799454,52.18308982900322,562900
2015-12-16,50.89921569824219,51.65297123841675,50.83294994715106,51.36306331698042,563900
2015-12-17,51.479034423828125,51.570145102685316,50.70042755574164,50.708712355462936,520700
2015-12-18,52.241065979003906,52.241065979003906,51.61983877631108,51.710952604928686,538800
2015-12-21,51.85175323486328,52.232774918513016,51.727509712569905,51.95115184436724,294500
2015-12-22,51.41275405883789,52.0919620956608,51.31335860849718,51.72751000459527,593400
2015-12-23,50.70042037963867,51.21397045901146,50.65900586606986,51.1145718347765,719800
2015-12-24,50.6258659362793,50.7832454895237,50.36080929470645,50.675565241470856,106900
2015-12-28,50.89093017578125,51.31336643366751,50.8495156618007,50.89093017578125,381100
2015-12-29,50.32768249511719,50.808099690743774,50.286267982324325,50.65072327824099,314500
2015-12-30,50.78325271606445,50.81638243118217,50.261420996330976,50.393949335976394,437600
2015-12-31,51.445899963378906,51.445899963378906,50.84952079078508,51.056596541299584,820500
2016-01-04,52.63037109375,53.036237776685994,52.27420056643267,52.34046316049923,1048600
2016-01-05,52.52268981933594,52.85401226250823,52.37359503588091,52.43986078840536,686800
2016-01-06,53.27644348144531,53.58291783638601,52.820877508075874,53.27644348144531,802000
2016-01-07,54.76739501953125,54.81709117584124,53.83969341189348,54.245560100475544,992800
2016-01-08,55.719932556152344,55.77791350559779,54.3283834500122,54.626572995574335,1029900
2016-01-11,55.91044616699219,56.49854047204437,55.18982036361574,55.47973143633765,1103400
2016-01-12,55.73650360107422,56.69733169105755,55.05729546730076,55.45487732541466,1163900
2016-01-13,57.55049133300781,57.923225130049396,55.3720505457138,55.620543956708154,2002400
2016-01-14,56.72218322753906,58.20483980135493,56.20863317395772,57.268859834752014,1969400
2016-01-15,57.666446685791016,59.10769187519001,57.5587632708551,58.229692876508324,2240700
2016-01-19,58.4367790222168,59.01658859289314,57.03694493371914,57.08664109136273,2040500
2016-01-20,58.1468505859375,60.606910767244976,57.51734504525059,59.23193148685149,2268100
2016-01-21,58.30424118041992,58.627278808938826,57.1777487201413,58.07231737732427,1410300
2016-01-22,56.887840270996094,57.60846602904748,56.755308781007635,57.30199169803612,1077500
2016-01-25,58.12201690673828,58.27939649060469,57.036942056585744,57.2440177955889,758100
2016-01-26,56.95409393310547,58.08886455800455,56.82156247123373,57.88178888841591,615400
2016-01-27,57.782405853271484,58.10544344394109,56.69732487385281,57.26057103799833,1049900
2016-01-28,57.77413558959961,58.047477102605626,57.04523120770075,57.260585442689866,629700
2016-01-29,55.94357681274414,57.600182559099196,55.8938806625773,57.55048640893236,961500
2016-02-01,56.14236831665039,56.796728351598844,55.81104590004428,56.30803268467818,793700
2016-02-02,57.36825942993164,57.600183225994655,56.689051318840164,56.78016514150056,718000
2016-02-03,57.26887512207031,58.53617783832679,56.87957165875993,56.87957165875993,1086500
2016-02-04,57.028648376464844,57.48421745910569,56.37428838478484,57.48421745910569,740700
2016-02-05,58.59413528442383,58.62726815305104,57.252288861988376,57.318548279794285,620100
2016-02-08,59.5715446472168,60.43298044462808,59.21537413789722,59.21537413789722,1419200
2016-02-09,59.91115188598633,60.391569097583144,59.11598183892081,60.36671470157658,1092600
2016-02-10,59.97743606567383,60.01056263162845,58.60244975884329,59.52186679065125,1022100
2016-02-11,60.54895782470703,61.269583826208574,60.20107202513446,61.05422324194638,1128200
2016-02-12,59.3975944519043,60.2755934187038,59.30648063616673,60.01053676913514,805100
2016-02-16,58.01432800292969,59.016573617610696,57.88179652357579,58.6769664413529,744300
2016-02-17,57.053489685058594,57.60017251940481,56.70560405562826,57.59188772267124,708500
2016-02-18,57.40138626098633,57.57532908972279,57.003798138553826,57.05349428406458,662600
2016-02-19,57.070072174072266,57.81554606233325,57.02865450049398,57.60847033334129,644000
2016-02-22,56.399139404296875,56.61449992001653,56.18378520802661,56.52338609872934,417300
2016-02-23,56.91269302368164,56.99552205200827,56.473693486045704,56.631073063481146,1111100
2016-02-24,56.42399597167969,57.88180452951731,56.27490119650884,57.533918827268536,758100
2016-02-25,55.87730407714844,56.48196787949507,55.84417120803163,56.308025056218305,443800
2016-02-26,55.5294189453125,55.769627509049435,55.37203939541103,55.57911508972404,541700
2016-02-29,55.77790451049805,55.77790451049805,55.06556995480801,55.56255034411552,549100
2016-03-01,54.58515930175781,55.57083540005679,54.5768745037782,55.2975002612222,707900
2016-03-02,53.972225189208984,54.725977614602606,53.972225189208984,54.626578982039064,713100
2016-03-03,53.46696472167969,54.030211051790815,53.44211032169397,53.96394529073049,680300
2016-03-04,53.16047668457031,53.63260905201861,52.85400551756737,53.458666213427044,701300
2016-03-07,52.53096389770508,53.38411480045012,52.514400621682924,53.38411480045012,469600
2016-03-08,53.81483840942383,53.88110415561091,52.84572240964812,52.87057364433062,1056100
2016-03-09,53.53321838378906,53.914236989574555,53.45867415023217,53.665749891601465,1595600
2016-03-10,53.99707794189453,54.535469869732985,53.210186251410036,53.35928105343704,1222300
2016-03-11,52.83744430541992,53.59119668050446,52.762896915835476,53.56634860388461,960500
2016-03-14,52.94511413574219,53.20189230424792,52.77117130385381,52.99481344187792,599500
2016-03-15,53.765140533447266,53.88110242582717,53.301286644478445,53.301286644478445,487100
2016-03-16,53.384117126464844,54.05504674440318,53.218459081229085,54.05504674440318,748700
2016-03-17,52.60551452636719,53.715440512121724,52.348742655752716,53.51664959033792,917000
2016-03-18,52.06712341308594,52.52268939900829,51.93459506882262,52.48955652301122,589500
2016-03-21,52.21621322631836,52.34045675989659,51.93459012659316,52.19136199182298,525400
2016-03-22,52.257633209228516,52.630370168440564,52.058839111073766,52.464708946599096,390100
2016-03-23,53.29300308227539,53.29300308227539,52.43985530565967,52.456421742058716,723300
2016-03-24,53.09421920776367,53.7982754696288,53.0693711297314,53.56635164872736,922600
2016-03-28,53.01968002319336,53.39241386807648,52.79603782042825,52.95341426249612,403000
2016-03-29,51.578426361083984,53.27644681895637,51.5287270453444,53.18533298662967,708300
2016-03-30,51.52872848510742,51.66125683772421,51.17255794500133,51.26367177987384,494200
2016-03-31,51.421043395996094,51.50387241863864,51.13942029539687,51.46245790731737,558100
2016-04-01,51.189117431640625,51.9180248518968,51.122854844194464,51.86004390298464,666800
2016-04-04,51.578426361083984,51.6198408776711,51.06487940400857,51.230537470357035,373500
2016-04-05,52.158233642578125,52.20792979341905,51.744082200371786,51.96772435833018,596200
2016-04-06,51.570133209228516,52.307325387868104,51.52871869934921,52.16651226260901,475700
2016-04-07,52.274200439453125,52.52269069611799,51.71923581183405,51.92631155234228,452100
2016-04-08,52.05055618286133,52.282479991860946,51.60327184288357,51.84348045061884,479500
2016-04-11,52.20792770385742,52.22449414004959,51.3796248525966,51.76892820380107,704000
2016-04-12,51.64468765258789,52.373595133084756,51.55357698228516,52.224500349353015,454000
2016-04-13,50.54304504394531,51.38791440964252,50.493345730766094,51.28851578328408,605400
2016-04-14,50.60102844238281,50.72527515147499,50.377386261851946,50.57618036445441,331700
2016-04-15,50.460208892822266,50.74183199260631,50.40222794519538,50.700417481404905,267000
2016-04-18,50.095760345458984,50.69213946043554,50.05434583130226,50.68385466176926,460800
2016-04-19,50.0709114074707,50.26970233589289,49.731307341668376,49.98807922085743,503400
2016-04-20,49.946659088134766,50.22000053361887,49.68988723783398,50.05433933875498,254600
2016-04-21,50.22828674316406,50.36909987751847,49.830701735138,49.99636294508005,310700
2016-04-22,49.73130416870117,50.23656941576817,49.689889657899286,50.23656941576817,395100
2016-04-25,50.08748245239258,50.286273399101745,49.81414095101106,49.87212190711166,507200
2016-04-26,49.56564712524414,50.12060856795508,49.53251424993232,49.921817635533955,423100
2016-04-27,49.4331169128418,49.80585384668066,49.308870214987245,49.55736361069634,363600
2016-04-28,49.963226318359375,50.095754644413724,49.32543276180888,49.63190392336122,536900
2016-04-29,50.42708206176758,50.75011969121567,49.988079370713265,50.17030702208392,666000
2016-05-02,50.01292037963867,50.534748831397714,49.971505874539034,50.26969220709097,358500
2016-05-03,50.79153060913086,51.08143534331126,50.37737918331621,50.37737918331621,531600
2016-05-04,51.22225570678711,51.34650241597241,50.62587655825777,51.0814425590621,497200
2016-05-05,51.387916564941406,51.46246395797442,50.91578412897398,50.99861316135509,545700
2016-05-06,51.0980110168457,51.735804707065526,51.0980110168457,51.61984279243014,515100
2016-05-09,50.965476989746094,51.21397039027515,50.65900579807838,51.08143889147307,207100
2016-05-10,50.43536376953125,51.00689480062049,50.418797332136286,50.74183496202593,334300
2016-05-11,51.073158264160156,51.08143990313688,50.47677914663892,50.51819682069727,475300
2016-05-12,51.32164001464844,51.71922497394232,50.80809317052606,50.94062149029069,511300
2016-05-13,51.65298080444336,51.79379081200236,51.056601573074644,51.51216763715885,662100
2016-05-16,50.98204040527344,51.53700496457618,50.78324948830279,51.52043852820785,440900
2016-05-17,51.785499572753906,52.025708180834215,50.83294993918024,51.07315854726054,550300
2016-05-18,51.5452880859375,52.02570527526745,51.15598471939253,52.00085404013762,654100
2016-05-19,51.96772003173828,52.39015307734003,51.578416697364,51.90145428983436,650700
2016-05-20,51.0897216796875,51.793777860883104,51.0897216796875,51.793777860883104,593500
2016-05-23,51.147708892822266,51.205689848505756,50.81638643772366,51.0814431379125,323400
2016-05-24,50.05434036254883,50.84122868445373,49.94666010972617,50.824662248656054,621400
2016-05-25,49.814144134521484,49.954957293854235,49.656767695008725,49.92182441404355,403100
2016-05-26,49.82242202758789,49.930099132457634,49.60706149839862,49.68160888777569,310400
2016-05-27,49.358577728271484,49.8224285629878,49.358577728271484,49.79757732345235,264800
2016-05-31,49.17634963989258,49.37514375589021,48.93614416437393,49.21776415913888,488900
2016-06-01,48.8201789855957,49.40827653268421,48.753916386884136,49.325444334638156,384800
2016-06-02,48.4640007019043,48.99411720565433,48.4640007019043,48.95269953337598,419700
2016-06-03,48.75389862060547,49.14320191024375,48.56338937411043,48.56338937411043,561900
2016-06-06,48.256927490234375,48.72077827025316,48.07470299357248,48.70421183242482,994000
2016-06-07,48.12439727783203,48.31490972559462,47.90075827514951,48.18237822811636,377700
2016-06-08,47.71024703979492,48.041569472460466,47.62741801149098,48.041569472460466,554300
2016-06-09,48.00014877319336,48.165809968179666,47.90075332009137,47.90075332009137,247400
2016-06-10,48.66279602050781,48.82845723465025,48.34804002960965,48.455720292760965,423500
2016-06-13,49.217750549316406,49.28401628956673,48.6213746856855,48.853298457112835,487400
2016-06-14,49.35028839111328,49.66504121870103,49.07694691693334,49.35857002984988,512200
2016-06-15,49.292301177978516,49.342000486443844,48.853301678904266,49.159772848462254,555800
2016-06-16,49.300594329833984,50.00465060724209,49.300594329833984,49.67333130717216,626900
2016-06-17,49.507667541503906,49.66504396399695,49.143215382176585,49.358572758205234,376100
2016-06-20,48.95271301269531,48.95271301269531,48.4805804881865,48.753922033810355,380700
2016-06-21,49.08523178100586,49.36685491242755,48.93614015587676,48.960988233444105,688700
2016-06-22,49.25088119506836,49.30058049801148,48.720767935905485,48.960976493877496,571300
2016-06-23,48.27348709106445,48.77875231423066,48.27348709106445,48.7456194432666,647400
2016-06-24,50.128902435302734,50.48507301002621,49.45797580762526,50.30284532256988,1357900
2016-06-27,51.777217864990234,51.99257840913427,50.716991062204585,50.79153845675827,1884100
2016-06-28,50.965476989746094,51.3547803681651,50.7501196236424,51.32164749346458,1391200
2016-06-29,49.805850982666016,50.41879331886597,49.74787003626128,50.344245936384944,710800
2016-06-30,48.869869232177734,49.95494712720664,48.869869232177734,49.72302017545809,932500
2016-07-01,48.7042121887207,48.96098723735105,48.48057001598943,48.86987340849109,268200
2016-07-05,49.39169692993164,49.68160164651853,48.7870362641044,48.869865280350815,420900
2016-07-06,49.07695007324219,49.73959180515531,49.02725075845182,49.68989565008996,607500
2016-07-07,48.94440841674805,49.27573077246617,48.62137085777116,48.927841982989726,387300
2016-07-08,47.81792449951172,48.51369903951737,47.71024424125289,48.488850964428686,461600
2016-07-11,47.31265640258789,47.536298544142326,47.15528000359381,47.52801690618454,413500
2016-07-12,46.641727447509766,46.981331437389734,46.36010439543437,46.93991377348007,733900
2016-07-13,46.799110412597656,46.93992037858723,46.368392557066976,46.376677354904345,532700
2016-07-14,46.7659797668457,46.79083100181621,46.393242839535354,46.401527637767096,455200
2016-07-15,46.62516403198242,46.79910685665562,46.54233185852542,46.55889829321682,385400
2016-07-18,46.558902740478516,46.77426325231341,46.39324153746505,46.699715868943585,172200
2016-07-19,46.78255081176758,46.915079159007284,46.534060555658755,46.61688958778668,176500
2016-07-20,46.476070404052734,46.923354672370344,46.35182372072304,46.674861305710955,334100
2016-07-21,46.658294677734375,46.79910462631408,46.28555781425253,46.51748156943049,267600
2016-07-22,46.34354782104492,46.74941447202189,46.26071563532782,46.68315188317301,184600
2016-07-25,46.40982437133789,46.5837704338095,46.33527696162884,46.43467561439141,526000
2016-07-26,46.19445037841797,46.525769622975886,46.13646943162721,46.418092527349984,350000
2016-07-27,46.07849884033203,46.35183719952816,45.93768568096256,46.11991336024353,362200
2016-07-28,46.16960144042969,46.29384496991828,46.02050667726372,46.17788307850577,275800
2016-07-29,46.0702018737793,46.467786847436535,45.82999645783863,46.22758143149588,561000
2016-08-01,46.07849884033203,46.31870431970883,45.846571841322074,46.028799520603044,417400
2016-08-02,46.66658020019531,46.82395659577977,46.020505022851886,46.061919531192586,488200
2016-08-03,46.285579681396484,46.832259619535094,46.285579681396484,46.732860969163944,299800
2016-08-04,46.269012451171875,46.36840794012349,46.03708859037622,46.302145334064285,356500
2016-08-05,45.58149719238281,46.070195918445805,45.49038338858264,45.97080047781112,431000
2016-08-08,45.58978271484375,45.68089652009468,45.390988670685005,45.54836821056355,275600
2016-08-09,45.556663513183594,45.639492546590255,45.465549680601214,45.60636282906264,183100
2016-08-10,45.87968826293945,46.01221657495018,45.4655368929404,45.548369062774725,301000
2016-08-11,45.664344787597656,45.846569297040645,45.54009807503299,45.68919286622053,356500
2016-08-12,45.61464309692383,45.81343719473739,45.52352926708115,45.73888980302293,182900
2016-08-15,45.183929443359375,45.4904006783038,45.059685885275286,45.4904006783038,277000
2016-08-16,45.506961822509766,45.58150921257552,45.27503801329406,45.28331965231251,456800
2016-08-17,45.63948440551758,45.912825854506664,45.51524087756987,45.52352251554324,418500
2016-08-18,45.324745178222656,45.65606451167912,45.316460378044106,45.63121643059439,142800
2016-08-19,45.35786437988281,45.54837682309831,45.28331699419297,45.38271561492925,162400
2016-08-22,45.22533416748047,45.54009013396015,45.18391965708897,45.407561804872586,186100
2016-08-23,44.90229797363281,45.067959180128454,44.76976964038124,45.067959180128454,261800
2016-08-24,45.283321380615234,45.35786877352619,44.85260662126862,44.95200209190822,443100
2016-08-25,45.175636291503906,45.41584486620411,45.043107967483884,45.41584486620411,210300
2016-08-26,45.283321380615234,45.52352999774222,44.78634086769219,45.11766331612425,550400
2016-08-29,45.018253326416016,45.18391450883117,44.86087694096995,45.18391450883117,214600
2016-08-30,44.93543243408203,45.13422652084352,44.852603407770886,44.985131745703605,251700
2016-08-31,45.183929443359375,45.42413807927068,44.95200560715551,44.976853686827276,289500
2016-09-01,45.15907669067383,45.62292747480805,45.0762445007972,45.15079189182369,414100
2016-09-02,44.711795806884766,45.03483347310643,44.711795806884766,44.90230511876612,432400
2016-09-06,44.68693923950195,44.90229658950051,44.55441091033562,44.57925898464037,235900
2016-09-07,44.413612365722656,44.72008679482182,44.38048264234694,44.71180199418366,205300
2016-09-08,44.488155364990234,44.612402084447275,44.39704152535178,44.42189276507839,242100
2016-09-09,45.87968826293945,45.87968826293945,44.819461766853614,44.819461766853614,782500
2016-09-12,45.233619689941406,46.11161869931346,45.22533489189564,46.07848898630436,1076800
2016-09-13,46.0702018737793,46.34354332051368,45.51524050212996,45.556655011104255,1373600
2016-09-14,46.06192398071289,46.20273395461823,45.763734436296,46.01222467006849,983100
2016-09-15,45.51524353027344,46.11161945057413,45.48211065699987,46.02879042711492,673600
2016-09-16,45.59808349609375,45.87970666705194,45.556668974425726,45.738896661435575,520600
2016-09-19,45.291603088378906,45.54837812637429,44.976847099824056,45.42413142676124,571300
2016-09-20,45.47382736206055,45.47382736206055,45.10937208877679,45.10937208877679,262800
2016-09-21,44.83604431152344,45.49868610968072,44.81947787160384,45.3578729502268,863300
2016-09-22,44.17338943481445,44.562689598625056,44.15682299979973,44.53784152596517,519600
2016-09-23,44.47986602783203,44.48814766649091,44.12369553072944,44.247939068961294,442600
2016-09-26,44.927154541015625,44.97685069705566,44.604113728129974,44.73664207711188,600200
2016-09-27,44.761497497558594,45.076250380974265,44.69523173701295,44.96028845974477,470400
2016-09-28,44.38874816894531,44.976842411735056,44.380466531039254,44.686937689155464,541000
2016-09-29,45.05139923095703,45.0928137486135,44.43017198693452,44.43017198693452,1012200
2016-09-30,44.53784942626953,45.04311472480921,44.35562176850769,44.85260542793317,1044700
2016-10-03,44.68693923950195,44.91886302561188,44.59582542075174,44.678654441583966,495200
2016-10-04,44.91057586669922,45.10108511897431,44.512990928074124,44.61238637279934,722300
2016-10-05,44.620670318603516,44.744917000731604,44.38046491139994,44.744917000731604,567300
2016-10-06,44.69521713256836,45.03482114508357,44.62066975617603,44.72006836451536,242700
2016-10-07,45.043121337890625,45.25019710312218,44.50472308439842,44.59583692665637,579500
2016-10-10,44.51300811767578,44.7532136052116,44.35562851305096,44.7532136052116,303200
2016-10-11,45.324745178222656,45.54838738716164,44.57098950797296,44.60411922951078,860200
2016-10-12,45.34958267211914,45.48211100650712,45.101092440107266,45.291601723307195,551000
2016-10-13,45.722312927246094,46.012217628996886,45.540085309160304,45.70574649289973,755400
2016-10-14,45.90454864501953,45.90454864501953,45.374435254807224,45.54838127824724,874400
2016-10-17,45.97080993652344,45.995658011863696,45.74716777928689,45.86312967717442,623100
2016-10-18,45.69746780395508,45.805148061737285,45.46554401155466,45.46554401155466,305600
2016-10-19,45.506961822509766,45.863132335076706,45.32473732657953,45.62292688684254,448500
2016-10-20,45.6229248046875,45.87969667896484,45.46554523299517,45.63120644332799,357100
2016-10-21,45.67262268066406,46.01222675279429,45.54837913801635,45.93767936331571,317200
2016-10-24,45.3330192565918,45.49039567675195,45.07624420922264,45.29160474178385,309800
2016-10-25,45.73059844970703,45.813430628476084,45.30816539702077,45.374427980311474,514700
2016-10-26,46.119903564453125,46.244150257523145,45.67261926107063,45.98737523304994,1093600
2016-10-27,46.68314743041992,46.77426124615567,45.99565457330438,45.99565457330438,728300
2016-10-28,46.84053039550781,46.915077786131484,46.41809728845698,46.68315397518004,1030600
2016-10-31,46.60860824584961,46.890231380496516,46.5671937295214,46.76598467178683,452700
2016-11-01,47.21326446533203,47.48660593416762,46.54233799069219,46.55062278899162,1042100
2016-11-02,47.80135726928711,47.851056578364094,47.22154463562091,47.26296230638072,704100
2016-11-03,48.02500534057617,48.07470465577958,47.519740028379196,47.64398673652519,861300
2016-11-04,47.71853256225586,47.983589248518726,47.254681781433376,47.917323497090536,659200
2016-11-07,46.56718444824219,46.89850367255787,46.451222561745475,46.78254178606116,920300
2016-11-08,46.44295120239258,46.8736691623816,46.194460922324964,46.633460522435264,919100
2016-11-09,44.98512649536133,46.732842760454176,44.877446245944654,45.64776810768616,2027500
2016-11-10,44.28935241699219,44.9602756732193,43.949748390091266,44.36389979654236,2975300
2016-11-11,43.2291145324707,44.24792642144074,43.12971909835077,44.09883485012277,3301100
2016-11-14,42.64102554321289,42.88951573832153,42.27657346770183,42.72385771473194,2380600
2016-11-15,42.533348083496094,42.922651415801134,42.392538122285444,42.74042378625844,1194400
2016-11-16,42.4836540222168,42.67416329894169,42.367692128534216,42.60789755413758,983200
2016-11-17,42.26829528808594,42.43395649733521,42.09435244025034,42.384257186643005,1008000
2016-11-18,42.04465103149414,42.243445104618225,42.00323652117963,42.12748321184776,754600
2016-11-21,41.83757400512695,42.14404832321511,41.72989691363873,41.920406182876924,656100
2016-11-22,41.439998626708984,41.79616917419544,41.415150547492566,41.680207258218495,500700
2016-11-23,41.21635055541992,41.663634875865554,41.19150247974787,41.56423941345256,948600
2016-11-25,41.05897521972656,41.21635163598344,41.050693580860354,41.150089045879184,233600
2016-11-28,41.57251739501953,41.63878313728207,41.07553696694854,41.07553696694854,957300
2016-11-29,41.58909225463867,41.655358010323624,41.348883629868425,41.531111298276905,510300
2016-11-30,41.79616165161133,41.83757616275988,41.34887734786777,41.390295018740986,852800
2016-12-01,42.01980209350586,42.218596162543605,41.53110329850113,41.62221711515491,684000
2016-12-02,42.052940368652344,42.13576939822206,41.85414627407011,42.03637393079341,557600
2016-12-05,41.30746078491211,41.69676412176545,41.24947984023921,41.69676412176545,561900
2016-12-06,40.84362030029297,41.423429847425815,40.760788108041815,41.20807246702291,565100
2016-12-07,40.462589263916016,40.97613925902479,40.371478612904134,40.86017737616937,1109600
2016-12-08,39.81652069091797,40.48744718652987,39.775106177300536,40.35491884711917,888600
2016-12-09,39.77511215209961,39.907640511417995,39.60116927294273,39.71713119238065,827400
2016-12-12,40.17269515991211,40.25552419532083,39.66742982863348,39.841372698826895,650100
2016-12-13,40.14783477783203,40.330059231833125,39.80823078116849,39.949040730156796,751600
2016-12-14,40.66138458251953,40.744213598638176,40.01530940956572,40.280366052814685,1340000
2016-12-15,40.33834457397461,40.702796646627746,40.065003149691584,40.5951164043595,712400
2016-12-16,40.437747955322266,40.50401370502272,39.94904911031838,40.28865317822109,342600
2016-12-19,40.1561279296875,40.41290298995555,40.048447657997656,40.37148847306718,538400
2016-12-20,39.808231353759766,40.08985441551137,39.750250413963045,40.007022244570166,551700
2016-12-21,40.06501388549805,40.08158032411109,39.75026103102556,39.83309006436567,331400
2016-12-22,40.40461730957031,40.54543045558994,40.0070322686076,40.056731583624824,524800
2016-12-23,40.17269515991211,40.42118542586344,40.17269515991211,40.388052547809885,588100
2016-12-27,39.99874496459961,40.147839728811164,39.833083764395155,40.11470685682536,1215900
2016-12-28,40.437747955322266,40.54542821872308,39.92420103404313,39.95733390889336,874200
2016-12-29,40.39632797241211,40.595118875149716,40.13955296667457,40.4211760453232,530600
2016-12-30,40.5537109375,40.67795764163457,40.31350232802647,40.31350232802647,702800
2017-01-03,40.33007049560547,40.64482650911429,39.957336686665506,40.05673215840116,573000
2017-01-04,39.667423248291016,40.189254932030906,39.61772709917983,40.1726884957523,702200
2017-01-05,40.13127517700195,40.31349966203026,39.68399086336707,39.750256610449895,646900
2017-01-06,40.26380157470703,40.27208321283166,39.990460120725515,40.048441066771666,403900
2017-01-09,40.54542922973633,40.61169182136421,40.26380610593672,40.305220620669765,737500
2017-01-10,40.13127517700195,40.504012105031016,40.073294228166844,40.47916087001259,461700
2017-01-11,40.08157730102539,40.33835234057304,39.94904896184189,40.11471017575248,918500
2017-01-12,40.39632797241211,40.876741953798344,40.13955296667457,40.13955296667457,834800
2017-01-13,40.08986282348633,40.2720873183261,39.882787092290066,40.2720873183261,519100
2017-01-17,40.669677734375,40.70281061409259,40.26381101687311,40.296943896590705,663300
2017-01-18,40.48744583129883,40.76906893808544,40.479161033017746,40.52886034353,439000
2017-01-19,40.84362030029297,40.99271508662,40.34663662596118,40.41290237976211,549400
2017-01-20,40.62826156616211,40.802204438034025,40.48745157266347,40.69452732290866,331200
2017-01-23,40.79391860961914,41.01756077608759,40.56199480427032,40.75250409576755,419800
2017-01-24,40.18925857543945,40.686239069953515,40.06501187194848,40.62825811758437,546800
2017-01-25,39.77511215209961,39.8662259915795,39.69227995269729,39.84137475189614,537300
2017-01-26,39.940765380859375,40.01531276550795,39.70883842877232,39.758537738446265,309400
2017-01-27,40.098148345947266,40.230676700359204,39.8579397161615,39.924205473230074,486300
2017-01-30,40.611690521240234,40.94301294794764,40.37148507958844,40.37148507958844,547200
2017-01-31,40.3880500793457,40.876748941728934,40.26380653382622,40.78563827223796,715000
2017-02-01,40.371482849121094,40.504011180537084,39.87449923651762,40.06500851544532,596400
2017-02-02,40.48744583129883,40.57027485576117,40.23067079990597,40.34663269804315,641600
2017-02-03,39.882789611816406,40.27208986244582,39.83309029568867,40.139561512496954,435700
2017-02-06,40.16440963745117,40.26380510227782,39.90763459694706,40.01531486034877,249000
2017-02-07,40.33834457397461,40.47087288764159,39.982174138546306,40.14783532056109,469300
2017-02-08,40.41289520263672,40.72764799811746,40.346629460604255,40.54542352697716,499000
2017-02-09,39.84965896606445,40.338357876317524,39.74197868828658,40.338357876317524,819800
2017-02-10,39.53490447998047,39.74198024396092,39.41894255770748,39.59288544111696,534700
2017-02-13,39.43550491333008,39.493485868461,39.1787298550895,39.294691765351345,285400
2017-02-14,39.3029670715332,39.63428628372465,39.25326776782855,39.54317563318592,309000
2017-02-15,39.06276321411133,39.49348108558237,39.02963034098478,39.4686330105998,741500
2017-02-16,39.1787223815918,39.443779028694,39.004779549379315,39.11245979967848,458600
2017-02-17,39.18700408935547,39.42720948454164,39.18700408935547,39.40236141324892,462500
2017-02-21,38.888816833496094,39.112458967176735,38.86396560104864,39.112458967176735,356700
2017-02-22,39.06276321411133,39.15387703534699,38.946801317893105,38.955082956312395,396700
2017-02-23,39.3029670715332,39.58459013974431,38.955078265049224,38.96336306219549,491700
2017-02-24,39.33610916137695,39.70056132813542,39.32782436228866,39.66742845123237,344900
2017-02-27,38.955081939697266,39.44378074652379,38.9468003014941,39.39408459785559,495100
2017-02-28,39.53490447998047,39.559752560545995,39.104186511734085,39.104186511734085,387600
2017-03-01,38.78114318847656,39.0544846738676,38.68174772093661,39.01306699931143,499800
2017-03-02,39.23670196533203,39.286401269837306,38.81426893607248,38.81426893607248,397500
2017-03-03,39.3029670715332,39.485191532334994,39.062758509880496,39.25326776782855,693200
2017-03-06,39.53490447998047,39.758546684246404,39.476923518843975,39.51833803969499,436400
2017-03-07,39.83308029174805,39.866213160845334,39.54317558645757,39.642571034025124,293800
2017-03-08,40.07329559326172,40.098143669401864,39.576311952385,39.667425777865304,815600
2017-03-09,40.24723815917969,40.354918421228476,39.89934929707005,40.106425022696676,299300
2017-03-10,40.056732177734375,40.37976983082496,39.94905190679582,39.965618345380605,511800
2017-03-13,39.97389602661133,40.147842034664954,39.81651961522685,40.147842034664954,408700
2017-03-14,40.16440963745117,40.46259603193113,40.10642552660036,40.13955840145086,375300
2017-03-15,39.55146408081055,40.056729363105674,39.45206861601105,39.965615537154115,1013900
2017-03-16,39.460350036621094,39.57631193819998,39.311255260384,39.377521009700416,356100
2017-03-17,39.32782745361328,39.6425834894833,39.261564854323716,39.38580841288864,341100
2017-03-20,39.485198974609375,39.617730476135016,39.32782255613504,39.369237070499345,325600
2017-03-21,40.60340881347656,40.619975250756276,39.28640706712527,39.31125514318242,1143400
2017-03-22,40.611690521240234,40.96786102404701,40.512295057117946,40.677956270471654,1153100
2017-03-23,40.371482849121094,40.69452045946478,40.09814138823048,40.570273766382755,668900
2017-03-24,40.35491943359375,40.52057749047098,40.04016343802219,40.214106293578226,722900
2017-03-27,40.26380157470703,40.95957608698548,40.16440611858856,40.83532939704396,1069700
2017-03-28,39.94904708862305,40.42946427046441,39.91591421544957,40.38804659913521,381600
2017-03-29,39.799957275390625,40.08158041298658,39.750261119166396,39.982184940813035,421300
2017-03-30,39.52660369873047,39.79994193176195,39.485186038210784,39.791660295492335,398100
2017-03-31,39.418922424316406,39.59286521888383,39.26154606157309,39.46862171978872,357100
2017-04-03,39.8745002746582,39.982180534151134,39.27812118789705,39.30297242299526,746600
2017-04-04,39.92420196533203,40.05673030809951,39.708841433506805,39.915917166563794,442000
2017-04-05,40.35491943359375,40.429466823078464,39.460350759777185,39.64257841401202,858800
2017-04-06,39.99874496459961,40.504010203347136,39.97389373074796,40.321782567149775,477900
2017-04-07,40.007022857666016,40.23066498304815,39.86621290449447,40.081570232793396,435200
2017-04-10,39.91592025756836,40.10642956756644,39.62601547272894,40.015318892134886,263400
2017-04-11,39.60945129394531,40.13128309615975,39.60945129394531,40.07330213588319,393600
2017-04-12,40.13955307006836,40.172685940518114,39.675705522669524,39.675705522669524,386300
2017-04-13,40.5537109375,40.5537109375,40.04844564161601,40.21410686055379,428800
2017-04-17,40.056732177734375,40.53714625779279,40.056732177734375,40.429469146579315,347100
2017-04-18,40.04844665527344,40.388050740815295,40.0153169384273,40.247240754975394,431000
2017-04-19,39.91592025756836,39.98218601394604,39.576316155445674,39.957337935167004,514300
2017-04-20,39.38579559326172,39.808231770170096,39.36922915890019,39.75025082976687,476500
2017-04-21,39.518333435058594,39.634295343819815,39.40237152629737,39.46035248067798,324600
2017-04-24,39.013057708740234,39.12073794943842,38.89709583093797,38.946795132735026,435000
2017-04-25,38.64033889770508,38.673468618615,38.45811121393616,38.64033889770508,600900
2017-04-26,38.40012741088867,38.6403360381301,38.20133330151383,38.6403360381301,477600
2017-04-27,38.449825286865234,38.56579036568971,38.226186248445615,38.34214816754477,300700
2017-04-28,38.93851852416992,38.94680332274037,38.416689964325975,38.416689964325975,409100
2017-05-01,38.75629806518555,39.01306997254304,38.615484912357886,38.772864504325575,327000
2017-05-02,38.93851852416992,39.04619878751186,38.61548089386895,38.698313080949234,241400
2017-05-03,39.15388107299805,39.32782393526283,39.05448560309317,39.12074819645475,305800
2017-05-04,39.23670196533203,39.493476965689396,39.054477501594754,39.0958920088203,272400
2017-05-05,38.99650573730469,39.37752434901087,38.97993929857071,39.07104997201993,267200
2017-05-08,39.13731002807617,39.30297123156851,38.979933622607,39.062762644490846,232000
2017-05-09,39.170448303222656,39.302976652350296,39.013068716322586,39.07104967158311,331200
2017-05-10,38.92195129394531,39.278118603184666,38.880533624748715,39.244988891441736,269200
2017-05-11,39.18700408935547,39.53488972635047,39.02962454523697,39.07103905063291,557200
2017-05-12,39.369239807128906,39.48520171929967,39.28641077264269,39.319543650327226,344300
2017-05-15,39.09589385986328,39.24498862071381,38.90538458982638,39.24498862071381,233700
2017-05-16,39.071048736572266,39.35267186669461,38.971653267036444,38.98821970524658,195500
2017-05-17,40.10642623901367,40.16441035089446,39.54318315517448,39.717126011642094,1048200
2017-05-18,39.9904670715332,40.305223090295286,39.82480900245065,40.22239405575401,556800
2017-05-19,39.81652069091797,39.907634516711234,39.56803044948851,39.907634516711234,487400
2017-05-22,39.518333435058594,39.741975613265964,39.45207084136291,39.72540917491079,299400
2017-05-23,39.38579559326172,39.683985092320746,39.311248218496964,39.40236202762325,254100
2017-05-24,39.36094665527344,39.55145590665166,39.220133546161755,39.34438022127652,436700
2017-05-25,39.33610916137695,39.443786271724306,39.05448602715107,39.187014375038245,478500
2017-05-26,39.36094665527344,39.568022340648575,39.28639928214942,39.41064595726419,342000
2017-05-30,39.650856018066406,39.71712176185397,39.38579936236531,39.48519481832208,307700
2017-05-31,39.68398666381836,40.18096707544779,39.53489190838465,39.53489190838465,496300
2017-06-01,38.94680404663086,39.72540766130803,38.91367117118292,39.576312881517204,453800
2017-06-02,38.673465728759766,38.90539271615106,38.36699450509737,38.81427888107503,1056100
2017-06-05,38.93022918701172,38.93022918701172,38.64032448887047,38.64032448887047,324700
2017-06-06,38.9633674621582,39.22842412573277,38.73972530981878,39.153876741619634,429900
2017-06-07,38.913665771484375,39.054478892736306,38.781137447807275,38.93023220690957,344700
2017-06-08,38.40840148925781,38.963366030536854,38.234458652626515,38.92195152082339,381600
2017-06-09,38.217891693115234,38.44153383417297,37.84515479135234,38.251024564321824,1050300
2017-06-12,38.2758674621582,38.38354769915673,38.06051014788523,38.209604888429624,643500
2017-06-13,38.06879806518555,38.234459266423414,38.01910191662141,38.15163024566679,294500
2017-06-14,38.29243850708008,38.499514209471634,38.07708116687162,38.08536280468852,621000
2017-06-15,38.482948303222656,38.70659044404737,38.35870477591415,38.70659044404737,506300
2017-06-16,38.590641021728516,38.822564875409114,38.57407458079054,38.598922662334736,414300
2017-06-19,38.30900192260742,38.48294474057085,38.2013216811292,38.458096669354426,296200
2017-06-20,38.66518783569336,38.70660235754316,38.37528302301928,38.383564663499044,318700
2017-06-21,38.7894172668457,38.83083177023099,38.408395620418425,38.61547129706896,399900
2017-06-22,38.62376403808594,38.89710234443096,38.524365417847086,38.78942524542596,377700
2017-06-23,38.3835563659668,38.74800850307559,38.333857054655454,38.59891372886636,325100
2017-06-26,38.32558059692383,38.565789227813525,38.21790032105513,38.32558059692383,272000
2017-06-27,38.65689468383789,38.68174591935916,38.184762285356214,38.333857059584616,427200
2017-06-28,38.06052780151367,38.499527430224596,38.00254683771131,38.43326482576141,382900
2017-06-29,38.30900192260742,38.698305223527285,37.98596435789698,37.98596435789698,424300
2017-06-30,38.3338623046875,38.400128062178084,38.168204230411504,38.284166146294794,230400
2017-07-03,38.035667419433594,38.25930958023705,37.94455675515792,38.25930958023705,172900
2017-07-05,38.193050384521484,38.400126126654236,38.11021819183334,38.135069429502316,266400
2017-07-06,38.66518783569336,38.75630167959821,38.317298900758985,38.45811206671888,371600
2017-07-07,38.284156799316406,38.66517533268687,38.25102392866042,38.60719438890112,330000
2017-07-10,38.46638870239258,38.598917050904156,38.20133200536942,38.449822263863,202300
2017-07-11,38.35871505737305,38.70660081875165,38.34214861734663,38.491243417858996,243800
2017-07-12,38.05224609375,38.15164474811153,37.845170303418854,38.143359947051835,274100
2017-07-13,38.04395294189453,38.33385769675466,38.02738650451326,38.101933892866555,207000
2017-07-14,37.98597717285156,38.126787170213966,37.82859757612267,38.126787170213966,306000
2017-07-17,37.87828826904297,38.10193041368152,37.77889281355624,37.994250160398245,428300
2017-07-18,37.98597717285156,38.15163840953842,37.94456265361117,38.01911005213399,230700
2017-07-19,37.62150955200195,37.9279838458367,37.59666148050561,37.9279838458367,363400
2017-07-20,37.5966682434082,37.67950042950299,37.505554418566355,37.62151631937423,227200
2017-07-21,37.77060317993164,37.82030248117421,37.57181229440969,37.64635966641146,377300
2017-07-24,37.71263122558594,37.89485888049482,37.679501509922886,37.81202985174983,195600
2017-07-25,37.37302780151367,37.571821897570516,37.30676520931137,37.48898970766143,179400
2017-07-26,37.5966682434082,37.60495304188009,37.33161156735454,37.33161156735454,187800
2017-07-27,37.79545974731445,38.010817096993414,37.47242214293371,37.488985419295894,607000
2017-07-28,37.9279899597168,38.035667060041014,37.81202806107547,37.878290648988475,418800
2017-07-31,38.05224609375,38.16821119050512,37.82032221969137,37.83688866208496,240100
2017-08-01,37.98597717285156,38.1764864891376,37.85344881544713,37.85344881544713,459100
2017-08-02,38.37527084350586,38.507799167198776,37.9694010748513,38.01081558355699,579100
2017-08-03,38.590641021728516,38.66518842608664,38.30901784523399,38.33386592677819,305700
2017-08-04,38.40012741088867,38.574070281763426,38.35871289302209,38.449823568438504,234400
2017-08-07,38.3338623046875,38.51608997806137,38.22618518835315,38.32558066486379,245700
2017-08-08,38.46638870239258,38.52436965738358,37.96112654600317,38.342145153008325,341100
2017-08-09,38.7894172668457,38.90537914021415,38.61547129706896,38.681737030264685,535800
2017-08-10,39.49348068237305,39.49348068237305,38.92195284553625,38.92195284553625,522000
2017-08-11,39.42721176147461,39.61772418480171,39.344382745899324,39.50175913938213,458900
2017-08-14,38.872257232666016,39.19529487375729,38.82255791875776,39.19529487375729,305500
2017-08-15,39.15388107299805,39.16216271227136,38.77286247192519,38.77286247192519,292700
2017-08-16,39.14558792114258,39.20357202258325,38.88881608203437,39.07104054468954,326500
2017-08-17,39.866214752197266,39.866214752197266,39.07932645820998,39.28640215874745,1001900
2017-08-18,39.84965896606445,40.08986760121306,39.70884580901258,39.98218732343519,490500
2017-08-21,39.8745002746582,40.09814243219363,39.841367401010416,39.93248122367945,245300
2017-08-22,39.46863555908203,39.78338839493368,39.41893624618314,39.75025867939265,201200
2017-08-23,39.51005554199219,39.75026418133075,39.385808822410084,39.71713130147881,158000
2017-08-24,39.39408493041992,39.5431796971324,39.29468631279517,39.34438562160755,144700
2017-08-25,39.3029670715332,39.41892895378643,39.17043875471176,39.294682274386936,199500
2017-08-28,39.129032135009766,39.32782307044812,39.09589925919506,39.178728289006884,201800
2017-08-29,39.112464904785156,39.4686354132658,39.03791751557467,39.41893610055052,267000
2017-08-30,38.888816833496094,39.18700634507028,38.83083589065938,39.13730703989978,151200
2017-08-31,38.47467041015625,38.76457516181797,38.44153753575925,38.71487900994728,259300
2017-09-01,38.30072021484375,38.49122946650837,38.25102091277829,38.42496373042109,188700
2017-09-05,38.64861297607422,38.79770775003615,38.17648057843634,38.25930960409307,285000
2017-09-06,38.55750274658203,38.66518301775422,38.424974397341295,38.4829553526513,147200
2017-09-07,38.681739807128906,38.78113525433377,38.50779698458932,38.51607862197127,196900
2017-09-08,38.64033889770508,38.7977153411348,38.49952573486762,38.731449579864126,213700
2017-09-11,38.24274444580078,38.35042471053504,38.17648185500463,38.30072855736915,247100
2017-09-12,38.002532958984375,38.18475742450295,37.96111845135399,38.14334291687256,214300
2017-09-13,37.87828826904297,38.060515903872435,37.828588961437326,38.060515903872435,222200
2017-09-14,37.91143035888672,38.019110638352295,37.87001583900775,37.93627843886903,121500
2017-09-15,37.787174224853516,38.00253473012762,37.7623261510621,38.00253473012762,179700
2017-09-18,37.513832092285156,37.712622981707966,37.40615185067534,37.712622981707966,235500
2017-09-19,37.522125244140625,37.580106201325655,37.447577847799124,37.47242908639642,104400
2017-09-20,37.38958740234375,37.5386821571913,37.356454532438875,37.4972676496724,152700
2017-09-21,37.422733306884766,37.48899591004992,37.290204940828964,37.33161946277287,204800
2017-09-22,37.265342712402344,37.45585196880086,37.21564340910193,37.4310007372885,279400
2017-09-25,37.232215881347656,37.43100680733796,37.11625398123252,37.273630394285235,351600
2017-09-26,37.09140396118164,37.21565066379077,36.97544205726641,37.19908422612789,306600
2017-09-27,36.370784759521484,36.95887913370842,36.279670923574876,36.859483658005395,612400
2017-09-28,36.28795623779297,36.53644651043791,36.22997527949999,36.39563335477979,127400
2017-09-29,36.18855285644531,36.29623311903993,36.1388567042669,36.263100244437766,243200
2017-10-02,35.74127197265625,36.2216860193116,35.74127197265625,36.18027150559171,292000
2017-10-03,35.691566467285156,35.90692379709541,35.691566467285156,35.70813290184353,274900
2017-10-04,35.799251556396484,35.89864701747259,35.61702391131968,35.75783388453376,320200
2017-10-05,35.708133697509766,35.7826810748214,35.617019885270615,35.69156726258225,203400
2017-10-06,35.7661247253418,35.8489537636114,35.683295687072196,35.84067212367455,150600
2017-10-09,35.90693664550781,35.9483543265862,35.608750195931314,35.72471211960975,201900
2017-10-10,35.80753707885742,35.89865091127864,35.69985680783916,35.77440420166333,144700
2017-10-11,35.80753707885742,35.873802833245605,35.71642324643621,35.78268900082439,108800
2017-10-12,35.85722732543945,35.98975564097095,35.75782871899762,35.8903601942534,137600
2017-10-13,35.92348861694336,35.940055050757096,35.78267866911285,35.78267866911285,247800
2017-10-16,35.956634521484375,35.99804904117243,35.683296163762954,35.88208712215575,208900
2017-10-17,36.08087158203125,36.12228609063334,35.832378210969786,35.96490653433115,243600
2017-10-18,35.89036178588867,35.9814724395811,35.7909631750388,35.9069250613059,295600
2017-10-19,35.92348861694336,36.196830035283774,35.92348861694336,36.08914979535656,234600
2017-10-20,35.7661247253418,35.790972804877626,35.683295687072196,35.683295687072196,168600
2017-10-23,36.03116989135742,36.07258439721873,35.724698756314645,35.724698756314645,192000
2017-10-24,35.981475830078125,35.99804226678081,35.81581778250072,35.94006131818377,201700
2017-10-25,36.15541458129883,36.437037629289605,36.02288627399282,36.04773434419892,314400
2017-10-26,36.06431579589844,36.12229675700716,35.94006907367951,36.03118291534334,209600
2017-10-27,35.83238983154297,36.163712327257684,35.79097530951,36.04775040167518,281700
2017-10-30,36.21340560913086,36.38734846849092,35.90693124581079,36.04774438890582,475500
2017-10-31,35.94007110595703,36.089165917160344,35.80754273596804,36.064317835201656,306000
2017-11-01,36.14714050292969,36.37078268027018,35.62530875580187,35.62530875580187,417500
2017-11-02,36.08087158203125,36.29622892259679,35.94834325866989,36.205115107837514,274400
2017-11-03,36.097442626953125,36.22997096723796,36.0228952380601,36.105724265841296,461700
2017-11-06,36.04773712158203,36.147132569788674,35.92349044153048,36.07258519370261,196400
2017-11-07,36.461891174316406,36.594419501521784,36.031173320967774,36.031173320967774,387900
2017-11-08,36.42876434326172,36.76836843552201,36.37906502742177,36.56129269244317,261500
2017-11-09,36.577857971191406,36.90918041350151,36.40391511085484,36.66068700190644,447600
2017-11-10,36.58613586425781,36.64411997149123,36.4701739692403,36.58613586425781,260100
2017-11-13,36.58613586425781,36.85947732513451,36.53643971480726,36.776648302900476,229500
2017-11-14,36.702110290527344,36.83463865577642,36.62756288759189,36.735240012045516,569900
2017-11-15,36.82635498046875,37.116262960617654,36.68554497047043,36.917468826809106,301200
2017-11-16,36.27138900756836,36.677255706770914,36.13886065439862,36.66897406707758,495500
2017-11-17,36.13056564331055,36.4370399406727,35.98975569024492,36.42047350624305,234600
2017-11-20,35.84895706176758,36.1554314829568,35.84895706176758,36.06431763664247,236300
2017-11-21,35.4844970703125,35.73298731332497,35.45136419531754,35.69985443833001,258400
2017-11-22,35.55075454711914,35.55075454711914,35.34367884777276,35.45135909615571,186400
2017-11-24,35.51762008666992,35.57560102195488,35.434787922174266,35.4513543550734,97000
2017-11-27,35.63359451293945,35.650160951675865,35.37681945211276,35.451366846564056,240600
2017-11-28,35.06206130981445,35.592174630566426,35.0537765118326,35.50934244937103,435700
2017-11-29,34.937808990478516,35.0289227952555,34.78043261114271,34.96265706097255,392700
2017-11-30,34.92125701904297,34.97923798069046,34.69761481280603,34.78044701496347,593000
2017-12-01,35.07862091064453,35.99803748736294,34.879830016054996,34.904678087947616,496600
2017-12-04,35.17803192138672,35.202880002040736,34.50710530619962,34.62306722888557,393000
2017-12-05,35.53419494628906,35.53419494628906,35.062062555734464,35.062062555734464,454300
2017-12-06,35.708133697509766,35.757829842567936,35.476209927973294,35.575605377814014,378400
2017-12-07,35.43479537963867,35.72470327680032,35.31055184633339,35.683288765698556,274500
2017-12-08,35.41823196411133,35.43479840190993,35.236007467776524,35.29398842020918,208300
2017-12-11,35.43479537963867,35.517627561566854,35.269137335231626,35.37681443215127,185800
2017-12-12,35.53419494628906,35.55904302166833,35.3105527887014,35.3768153762877,177600
2017-12-13,35.31883239746094,35.55075618027133,35.1200414864019,35.55075618027133,372800
2017-12-14,35.74127197265625,35.840667437528936,35.25257312742202,35.318835717428854,519000
2017-12-15,35.19459533691406,35.59218039183471,34.987519589993404,35.49278175831069,810400
2017-12-18,34.73074722290039,34.92125654569204,34.65619982183188,34.88812366527817,368600
2017-12-19,35.02064514160156,35.07862609106317,34.65619300788219,34.68932588178161,315200
2017-12-20,34.94609069824219,35.045489299868095,34.83841361940031,34.86326168994473,250800
2017-12-21,34.813575744628906,34.88812314458482,34.697613824636456,34.84670862454828,185900
2017-12-22,34.879825592041016,34.946088161924955,34.821844658496104,34.821844658496104,231900
2017-12-26,34.83674240112305,34.93620718559895,34.828455249997376,34.886474793360996,242000
2017-12-27,34.87818145751953,34.96106560139085,34.704119696465895,34.8533136848962,140600
2017-12-28,34.77870559692383,34.91132208191221,34.762128141071976,34.84501542033122,378100
2017-12-29,35.0356559753418,35.0522334333491,34.64609361673716,34.654383926654226,414200
2018-01-02,34.695831298828125,35.0273710242156,34.695831298828125,34.886467352337064,301700
2018-01-03,34.67097091674805,34.79529714324361,34.60466106648827,34.704122680050254,250900
2018-01-04,34.612953186035156,34.68755019737302,34.45547201180106,34.496914093249174,427400
2018-01-05,34.505184173583984,34.70410731262221,34.505184173583984,34.521761628808214,171500
2018-01-08,34.472042083740234,34.81187213765857,34.43060001117995,34.55492622886082,289900
2018-01-09,34.530067443847656,34.530067443847656,34.36429596380889,34.41402835636892,197100
2018-01-10,34.530067443847656,34.72070353925244,34.45547043592161,34.6046644517737,230300
2018-01-11,33.94157409667969,34.48032733393751,33.90013202640252,34.46375303528847,315500
2018-01-12,33.8172492980957,33.93328837529799,33.64319068229228,33.86698168625142,506700
2018-01-16,34.2316780090332,34.28969755039443,33.527153200030966,33.651479433593074,539900
2018-01-17,33.891841888427734,34.181942705504845,33.83382235737777,34.08247794213865,362600
2018-01-18,34.1405029296875,34.15708039289802,33.93328938229769,33.99130892262061,615000
2018-01-19,33.68462371826172,34.11562814779315,33.668046259992025,34.11562814779315,355300
2018-01-22,33.52714920043945,33.75094018834775,33.51885888876091,33.742649876669205,298900
2018-01-23,33.419395446777344,33.659763883019664,33.336511305506974,33.56030228112976,294300
2018-01-24,33.60174560546875,33.726071822013004,33.26191555465723,33.31164477654396,370800
2018-01-25,33.61832046508789,33.767514442857276,33.41939410745298,33.469126487318505,432400
2018-01-26,33.49399185180664,33.65147298219206,33.46912724222665,33.50227900105755,254800
2018-01-29,33.68462371826172,33.69291402831,33.452545626139745,33.61002673696153,314900
2018-01-30,33.98301315307617,34.08247474528581,33.79237711724645,33.924993627468304,505700
2018-01-31,34.18193435668945,34.27310562476592,33.734352516343755,33.85039155010156,397500
2018-02-01,34.0493278503418,34.36429013094415,33.991305154622985,34.32284805842568,311000
2018-02-02,34.737281799316406,34.78701419301587,34.215102731870275,34.215102731870275,493800
2018-02-05,36.03856658935547,36.06343119415473,34.74555338874074,35.010789541181694,986800
2018-02-06,35.60757064819336,36.908871305606574,35.458376660301504,36.65192856343636,1482200
2018-02-07,35.624141693115234,35.87279724087459,35.36719583539537,35.68216121553152,725900
2018-02-08,36.65193557739258,36.65193557739258,35.55784823136546,35.5661353825776,872400
2018-02-09,36.2789421081543,37.3730292000089,36.02199621467811,36.32867448935761,1139500
2018-02-12,35.947391510009766,36.61876428396506,35.78162010339809,36.262356866389275,1029400
2018-02-13,35.88937759399414,36.229207607770654,35.823070918095524,36.16290093187204,220200
2018-02-14,35.226295471191406,36.19605314648601,35.15998563262744,36.14632392939016,746600
2018-02-15,34.894752502441406,35.383776494060136,34.85331043437076,35.002504408886786,890100
2018-02-16,34.737281799316406,34.936208212286196,34.530068234977406,34.936208212286196,514000
2018-02-20,35.019081115722656,35.1102555606145,34.65438649798234,34.944484130068155,289200
2018-02-21,34.99422073364258,35.002507883348464,34.422309387285665,34.97764327240336,417900
2018-02-22,35.08538818359375,35.08538818359375,34.60465138913371,34.8698843923438,452200
2018-02-23,34.604652404785156,35.027366527987084,34.604652404785156,34.861598267485554,207000
2018-02-26,34.3891487121582,34.70411090857537,34.31455173683274,34.496897439540945,378400
2018-02-27,34.87818145751953,34.87818145751953,34.181943898787225,34.34771218652986,388700
2018-02-28,35.408653259277344,35.42523072308222,34.679260661002196,34.770435131015084,519000
2018-03-01,35.499820709228516,35.88109281586075,35.14341321247269,35.48324324870182,1012400
2018-03-02,34.92791748046875,35.8728108166373,34.86161078482557,35.82308158536192,827400
2018-03-05,34.6378173828125,35.14341894495343,34.51348798949569,35.02737670233809,446100
2018-03-06,34.28140640258789,34.80358537578446,34.27311609088695,34.48861992952633,270800
2018-03-07,33.991294860839844,34.505186522291936,33.93327534451888,34.46374446232361,244900
2018-03-08,34.0576057434082,34.22337715025362,33.825527670920586,33.933276397817494,213100
2018-03-09,33.50227737426758,33.93328183641348,33.48570307657056,33.858684849468474,349100
2018-03-12,33.452545166015625,33.57687135858798,33.35308357959238,33.46083231412305,228000
2018-03-13,33.585166931152344,33.65976392311546,33.220472282570036,33.27849181389387,252400
2018-03-14,33.74264907836914,33.817246072573724,33.402819029621035,33.402819029621035,356000
2018-03-15,33.908416748046875,34.04103326053549,33.6597611823591,33.676338641648556,241500
2018-03-16,33.75923156738281,33.958157968830946,33.64319248396635,33.94158050522461,175500
2018-03-19,34.0493278503418,34.447177437808556,33.88355639844045,33.88355639844045,196100
2018-03-20,34.0576057434082,34.173644779652015,33.91669894095029,33.9830087684191,140900
2018-03-21,33.90162658691406,34.084162052443475,33.66101223054569,34.0675676314806,136600
2018-03-22,34.615169525146484,34.615169525146484,33.93481411727504,34.12564520337927,264900
2018-03-23,35.370201110839844,35.386795532507335,34.5073101745041,34.55709343950658,473500
2018-03-26,34.59857940673828,35.278934899203676,34.59857940673828,34.88897388581652,347700
2018-03-27,35.25404739379883,35.41998529950427,34.51560978713389,34.51560978713389,277300
2018-03-28,35.30382537841797,35.50295528438843,35.054915369751754,35.17107316279182,375300
2018-03-29,34.93874740600586,35.18765734221413,34.65664863428674,35.10468841849856,337300
2018-04-02,35.735267639160156,36.00907083947848,34.89726994724401,35.00512893670682,504200
2018-04-03,35.278934478759766,35.74356880481001,35.237450005823334,35.56103332581484,263800
2018-04-04,34.86408233642578,35.76015895125849,34.74792454978657,35.71037885130586,298800
2018-04-05,34.565399169921875,34.81430923755631,34.52391468616001,34.656666933235925,562900
2018-04-06,35.22086715698242,35.51956052437323,34.57369713928118,34.806015961175945,367100
2018-04-09,35.20427322387695,35.23746207962292,34.74793753509211,35.01344205093287,178100
2018-04-10,34.54880142211914,34.947058125061204,34.43264361272724,34.830900315669304,224300
2018-04-11,34.4741325378418,34.70645135164537,34.36627034447097,34.70645135164537,185300
2018-04-12,34.27499771118164,34.42434435467754,34.11735227356787,34.30818339246538,171600
2018-04-13,34.407745361328125,34.52390314304914,34.09245769304095,34.09245769304095,181200
2018-04-16,34.13394546508789,34.39115426739722,34.026083300885595,34.23350883547175,168300
2018-04-17,33.743995666503906,33.992908922816355,33.66102669110877,33.926531210449426,243100
2018-04-18,33.66101837158203,33.7273960675433,33.47848287275127,33.66101837158203,164000
2018-04-19,33.88502883911133,34.00118660938486,33.652713298564265,33.71908781083692,167400
2018-04-20,34.06758499145508,34.16714840290511,33.83526614465328,33.976317212182636,244300
2018-04-23,34.15053939819336,34.2915904055228,33.926519444243624,34.04267723553702,250400
2018-04-24,34.33307647705078,34.5902821225842,33.851847702076824,34.03438319121351,246200
2018-04-25,34.399444580078125,34.640058922628626,34.258396757587,34.399444580078125,274600
2018-04-26,34.21690368652344,34.424329136898656,34.12563598194855,34.33306143232377,231500
2018-04-27,34.266700744628906,34.474126297762325,34.142247311786505,34.24181069107298,222800
2018-04-30,34.581993103027344,34.581993103027344,34.08417297486132,34.192031998090606,254600
2018-05-01,34.44093322753906,34.94705202154966,34.374558704505844,34.673251970811265,227500
2018-05-02,34.30819320678711,34.490728748846095,34.05928311811072,34.490728748846095,169200
2018-05-03,34.482425689697266,34.83089910576825,34.349673459994584,34.44093804630164,169400
2018-05-04,34.10905456542969,34.698142309388146,33.893330242390384,34.606874570030165,250300
2018-05-07,33.78547286987305,33.98459961525955,33.619531805342596,33.9348195114442,198900
2018-05-08,33.61952590942383,33.81865261988911,33.61952590942383,33.810356992395555,181400
2018-05-09,33.4120979309082,33.685897928777685,33.345720255629686,33.55314574328241,374200
2018-05-10,33.271053314208984,33.40380552508373,33.1217066813421,33.36232105263456,290100
2018-05-11,33.19636535644531,33.35401071330962,33.13828648761982,33.25444739033178,187900
2018-05-14,33.337432861328125,33.36232291317321,33.03873957893693,33.16319616828744,194100
2018-05-15,33.329132080078125,33.52826197815325,33.271053185860865,33.453588662007874,176700
2018-05-16,32.98066329956055,33.287652235250825,32.88939554879951,33.287652235250825,372400
2018-05-17,32.831302642822266,32.99724364932976,32.756629348146966,32.98894485822059,145200
2018-05-18,32.789833068847656,32.847911972733534,32.698565315580446,32.781534273970884,109200
2018-05-21,32.5741081237793,32.681970299786315,32.516029220943864,32.681970299786315,185900
2018-05-22,32.814720153808594,32.831314576997556,32.491136814280296,32.491136814280296,231400
2018-05-23,32.76493453979492,32.93087241365647,32.72344690626747,32.897686737921404,296300
2018-05-24,32.76493453979492,33.03873456371613,32.69855685820065,32.8479034767257,368000
2018-05-25,32.806419372558594,32.87279388982786,32.74004169022723,32.78982495197575,160200
2018-05-29,32.864498138427734,33.14659695715054,32.73174593932654,32.98895154473769,286900
2018-05-30,32.374977111816406,32.71515485451488,32.300303794391745,32.71515485451488,437100
2018-05-31,32.64047622680664,32.69855511257002,32.30859416667711,32.35837742521511,353800
2018-06-01,32.399871826171875,32.507734003546815,32.30030844362886,32.44965509997482,194600
2018-06-04,32.23392868041992,32.50773192120281,32.23392868041992,32.292007580271566,245900
2018-06-05,32.0430908203125,32.308595210973145,32.034795192818976,32.267110743381544,139900
2018-06-06,31.835670471191406,32.06798922442621,31.827374842354903,32.06798922442621,178300
2018-06-07,32.00160598754883,32.12606255396545,31.76099164717641,31.79418048689577,124000
2018-06-08,31.89374542236328,32.03479641563324,31.877151001680808,31.993311946458117,139000
2018-06-11,31.860563278198242,31.93523659701677,31.79418558810956,31.86056327819824,233100
2018-06-12,31.727807998657227,31.85226140795948,31.63654026613161,31.827371359111464,213300
2018-06-13,31.835670471191406,31.87715494549896,31.65313815122568,31.669729408898693,543300
2018-06-14,31.661426544189453,31.860556406444264,31.661426544189453,31.72780421996165,364700
2018-06-15,31.686325073242188,31.902049412194486,31.653139391533294,31.78589161355677,350800
2018-06-18,31.52037811279297,31.9933079656816,31.520378112792972,31.9933079656816,325600
2018-06-19,31.50379180908203,31.89374966932945,31.49549301510467,31.736107399447516,314000
2018-06-20,31.250097274780273,31.441407046577538,31.21682518238039,31.358229988579204,431000
2018-06-21,31.574499130249023,31.6659958178054,31.250104091096105,31.250104091096105,288300
2018-06-22,31.682626724243164,31.757487349817968,31.43309236332767,31.43309236332767,308500
2018-06-25,32.190006256103516,32.348043901112305,31.757478668026074,31.799067187975684,396900
2018-06-26,31.982067108154297,32.23160145254145,31.89057044151203,32.165057268437494,207600
2018-06-27,32.514400482177734,32.514400482177734,31.91551565367388,31.982059822619025,271600
2018-06-28,32.422916412353516,32.73899499144009,32.36469182844308,32.5476851910198,350400
2018-06-29,32.4561767578125,32.464493192644795,32.19832285600159,32.3230915894909,221900
2018-07-02,32.21495819091797,32.6973938986103,32.21495819091797,32.6973938986103,276100
2018-07-03,32.13178634643555,32.16505526341235,31.957109460551912,32.16505526341235,163400
2018-07-05,31.732526779174805,32.11514624660845,31.732526779174805,31.94047255578014,270000
2018-07-06,31.491317749023438,31.799076696274927,31.441409606360374,31.724216068781143,193300
2018-07-09,31.300006866455078,31.44972811620385,31.283370819482823,31.31664291342733,161600
2018-07-10,31.4414119720459,31.59113323829865,31.191877585958604,31.26673821908498,241000
2018-07-11,31.67430877685547,31.699261259856744,31.416454818170486,31.61608102818349,251000
2018-07-12,31.54953384399414,31.79075170915642,31.491309279713697,31.491309279713697,330400
2018-07-13,31.607759475708008,31.63271195467065,31.39981368968361,31.541215301139776,198600
2018-07-16,31.77412223815918,31.915523874087206,31.541220759863844,31.582812462667555,249500
2018-07-17,31.616077423095703,31.799070738909275,31.549536418345976,31.757482214315562,287900
2018-07-18,31.54953384399414,31.79075170915642,31.5328978009139,31.665982972555028,179700
2018-07-19,31.333274841308594,31.67430903444022,31.316641967840077,31.599448411826202,407700
2018-07-20,31.45804214477539,31.474678190474,31.31664051583915,31.374865089283634,207400
2018-07-23,31.41645050048828,31.582807767970277,31.349906324295098,31.474675068156834,204400
2018-07-24,31.782447814941406,31.882264122773847,31.233470813872362,31.275059355634706,407700
2018-07-25,31.67430877685547,31.898887469869752,31.649353120852794,31.765802272193948,430300
2018-07-26,31.491317749023438,31.641039004011002,31.308324398927166,31.607766908902292,621600
2018-07-27,32.081871032714844,32.14841519778057,31.43308128832614,31.466353370859004,561100
2018-07-30,32.281497955322266,32.29813399535209,31.940467067211426,32.09850468799443,752300
2018-07-31,31.932153701782227,32.23991256998438,31.815704571813885,32.21496009156282,522100
2018-08-01,31.965431213378906,32.17337703018569,31.882254155856735,31.948795167274202,512300
2018-08-02,31.7408390045166,32.14009446188784,31.70756692315225,32.10682238052349,633700
2018-08-03,31.89056968688965,31.998702396999175,31.632715739090397,31.699259921619728,461500
2018-08-06,31.682626724243164,31.94879713228656,31.657674240052078,31.865620069648582,221600
2018-08-07,31.616077423095703,31.632713467533396,31.48299224059521,31.574488898501993,259800
2018-08-08,31.64934539794922,31.840655124613228,31.574484794211074,31.624392921036712,274000
2018-08-09,31.5661678314209,31.64934486840465,31.4413991029447,31.64934486840465,159000
2018-08-10,31.65766143798828,31.75747450739069,31.45803212618319,31.749154900690336,276200
2018-08-13,31.848979949951172,31.965429091954466,31.56617353094268,31.641034146944964,436600
2018-08-14,31.524580001831055,31.799066768276216,31.466355440069943,31.799066768276216,254100
2018-08-15,31.932153701782227,32.098510961594485,31.61607522543901,31.632711268720318,994900
2018-08-16,31.64934539794922,31.81570264770072,31.541212709660652,31.782430563150296,289400
2018-08-17,31.516267776489258,31.7741217339741,31.482995683974817,31.707577548945217,407500
2018-08-20,31.424774169921875,31.591131475698933,31.358233151412065,31.399821684605907,427600
2018-08-21,31.05046272277832,31.358221562275574,30.958966079765496,31.34158552054592,536300
2018-08-22,30.98392677307129,31.125328405773512,30.95065468078793,31.083739876919996,434800
2018-08-23,31.083738327026367,31.17523498974272,30.942336701374696,31.017197318778877,324100
2018-08-24,30.95065689086914,31.025517517351556,30.892432311716327,30.983928985528344,204800
2018-08-27,30.875789642333984,30.91737816523754,30.69279950695816,30.83420111943043,658500
2018-08-28,30.875789642333984,31.008874819425905,30.80092903190722,30.817565075668824,339800
2018-08-29,30.767658233642578,30.958967965686767,30.726066540284556,30.83419923161413,390600
2018-08-30,30.800931930541992,30.892428593340988,30.651210695598397,30.850840066523592,502200
2018-08-31,30.6678466796875,30.884112095508048,30.626258152953145,30.884112095508048,294000
2018-09-04,30.809253692626953,31.025515950990336,30.676168493710698,30.74270950666811,450500
2018-09-05,30.9090633392334,31.158597662648415,30.817566680280976,30.817566680280976,504200
2018-09-06,31.141956329345703,31.158592371148305,30.800925404893754,30.867469572104152,412800
2018-09-07,31.158599853515625,31.291685046894713,30.983926132143317,31.20850799090827,325300
2018-09-10,31.092058181762695,31.166918799758157,30.95897299121534,31.042150045431974,239900
2018-09-11,31.067096710205078,31.241773568156113,30.95896719456948,31.15027692184858,218900
2018-09-12,31.141956329345703,31.358221699778962,31.067095727734277,31.092051376938443,376000
2018-09-13,31.150272369384766,31.20017731607686,30.97559870996209,31.025503656654184,228400
2018-09-14,31.008882522583008,31.183559438972242,30.909069408218944,31.125331684841367,305900
2018-09-17,31.358217239379883,31.37485327881617,30.95064220569109,31.008866757218048,385300
2018-09-18,31.225139617919922,31.32495270557899,31.13364296548209,31.32495270557899,245300
2018-09-19,31.324953079223633,31.424766168073273,31.08373520591952,31.191867903090483,318000
2018-09-20,31.05046272277832,31.29999700272205,31.03382668104867,31.200180752344142,258200
2018-09-21,31.20850944519043,31.2251454917632,30.94233904602901,31.008880059318642,306100
2018-09-24,31.333274841308594,31.49131569627231,31.183556769081985,31.23346173549038,524500
2018-09-25,31.275039672851562,31.283359279769538,31.18354620775628,31.250087198098335,258000
2018-09-26,31.5672607421875,31.600653994368827,31.19990630445712,31.22495522466753,395200
2018-09-27,31.592309951782227,31.60065746953066,31.442029153431335,31.525517070355214,477300
2018-09-28,31.483768463134766,31.675793191594042,31.391929857163063,31.675793191594042,455200
2018-10-01,31.917909622192383,31.976351786977453,31.34183549008566,31.34183549008566,466300
2018-10-02,32.23516845703125,32.29361062017368,31.851119046421275,31.892862993686006,375800
2018-10-03,31.94295883178711,32.23517287238376,31.80937627132733,32.1099378285767,698700
2018-10-04,32.393795013427734,32.50233181844986,32.02644383816827,32.059840268153366,1001400
2018-10-05,32.70271301269531,32.98657637583353,32.318663516937654,32.38545639525711,902300
2018-10-08,32.77785873413086,33.02832888366554,32.66932506651676,32.81125517871685,739200
2018-10-09,32.91143798828125,32.944834429478696,32.59418135148528,32.802904331679436,443500
2018-10-10,33.829830169677734,33.88827236516342,32.9531940525317,33.01163624801738,1498000
2018-10-11,34.51441955566406,34.51441955566406,33.696226153625915,34.04687910384565,2808200
2018-10-12,34.47269058227539,34.88178586852303,34.021848149183576,34.05524459271486,1312600
2018-10-15,34.35580825805664,34.7482053458761,34.13873454705322,34.53948233868222,995400
2018-10-16,33.395668029785156,34.405886223319975,33.34557338119121,34.11367540200299,956100
2018-10-17,33.512550354003906,33.97174012497856,33.48750462363441,33.49585213880461,715100
2018-10-18,34.16376876831055,34.305702021468086,33.62109104352039,33.63778926064829,616500
2018-10-19,34.53947448730469,34.66470953709721,33.88825987204664,34.071937095779774,669100
2018-10-22,34.622962951660156,34.73149658938431,34.29735566876896,34.38919108879877,1059700
2018-10-23,34.91518020629883,35.54969985568427,34.66471326464035,35.08215922902447,1051900
2018-10-24,36.25935745239258,36.25935745239258,34.865086247105836,34.99866883100816,1397800
2018-10-25,35.499603271484375,36.1257721841602,35.290880300592434,36.1257721841602,834500
2018-10-26,35.875301361083984,36.5098177223678,35.407760810497344,35.850252441591856,1731900
2018-10-29,36.04228210449219,36.451380540351735,35.098856542470976,35.4578603173498,1523000
2018-10-30,35.307579040527344,36.07567805599108,35.274182600326355,36.02558658054943,1325200
2018-10-31,35.19069290161133,35.22408615526049,34.81499093053618,34.94857349971183,827400
2018-11-01,34.430938720703125,35.05710756138023,34.3724933655026,35.03205864204874,788000
2018-11-02,34.339111328125,34.67306624129201,34.13038831307295,34.263970915311845,954800
2018-11-05,34.35580825805664,34.68976315865064,34.18882921532947,34.32241181253914,411600
2018-11-06,34.188819885253906,34.43093927189128,34.088633760902376,34.4058903521588,350900
2018-11-07,33.59605407714844,34.15543016503569,33.59605407714844,34.03854579949866,572700
2018-11-08,33.69623565673828,33.82146752362412,33.49586021091741,33.73797961236689,367300
2018-11-09,34.314048767089844,34.547820616771936,33.904953603649766,33.92999933634959,579000
2018-11-12,34.998661041259766,35.040408177136236,34.297355020509215,34.31405005302862,773400
2018-11-13,35.11555862426758,35.16565010589672,34.53113358799923,34.8817866988441,1176300
2018-11-14,35.374366760253906,35.58308972256223,34.66470996234947,34.82333826715432,1043800
2018-11-15,34.84838104248047,35.67492204393137,34.823332125716526,35.59143414767581,1047100
2018-11-16,34.806636810302734,35.21573517971131,34.714801390711635,35.090500140031715,841200
2018-11-19,35.49125289916992,35.608140439238596,34.789943583056946,34.84003824308638,695400
2018-11-20,36.15917205810547,36.28440394161873,35.6164910083011,35.87530866333797,994300
2018-11-21,35.699974060058594,36.058977809898835,35.37436674854295,36.0088863372716,454700
2018-11-23,35.699974060058594,35.983837416098325,35.39941566971622,35.96714238179568,203100
2018-11-26,35.282527923583984,35.532998024653814,35.13225032174557,35.3660190188938,497700
2018-11-27,35.5663948059082,35.63318768878155,35.299229644134726,35.42446470709227,311100
2018-11-28,34.673057556152344,35.77511454478774,34.664710038979806,35.44115971527197,734700
2018-11-29,34.806636810302734,35.08215262365411,34.58956635103203,34.831685729154266,573400
2018-11-30,34.622962951660156,34.9652684522457,34.564520782159654,34.89847558146834,567900
2018-12-03,34.28901290893555,34.748202854871934,34.205524985987154,34.205524985987154,648300
2018-12-04,35.75843048095703,35.8335677131406,34.280671068994714,34.33911326171125,1224600
2018-12-06,35.85860824584961,36.751942336613766,35.85860824584961,36.24265776087983,1956500
2018-12-07,36.61835861206055,36.80203584604802,35.591441974953845,35.86695464107525,1543100
2018-12-10,36.7352409362793,37.277921905872724,36.45137758346821,36.55156371244282,1326400
2018-12-11,36.79368591308594,37.04415284703211,36.08402906942849,36.225959164216036,960200
2018-12-12,36.443023681640625,36.443023681640625,35.93373923921793,36.4179747651408,858100
2018-12-13,36.943965911865234,37.002408089027426,36.21761086366388,36.33449521798826,978800
2018-12-14,37.50333786010742,37.6369236046209,36.835425061837284,37.21112700613281,635400
2018-12-17,38.346588134765625,38.5720093470728,37.31967140193966,37.62858053664501,1458200
2018-12-18,38.38833236694336,38.546960694563666,37.74546516838721,38.012630343779364,958800
2018-12-19,39.173126220703125,39.39019989712432,37.929139079530266,38.40502720532926,1519900
2018-12-20,39.8661003112793,40.308592133275205,39.08965035409274,39.306724097424905,3605100
2018-12-21,40.918052673339844,41.009891296531286,39.51543714094503,39.61562328221752,1854900
2018-12-24,41.63604736328125,41.68614201083917,40.867948543213934,41.151811842990774,1453800
2018-12-26,39.658973693847656,41.701351050710926,39.617122313885766,41.56742471899949,2030400
2018-12-27,39.54178237915039,40.89778667515029,39.54178237915039,40.16956255973157,1311900
2018-12-28,39.416236877441406,39.792905737275255,38.78845650873703,39.52505303540587,1684800
2018-12-31,39.089778900146484,39.71755906494631,39.07303771258522,39.139999269775245,947300
2019-01-02,38.89726257324219,39.79289541140799,38.7465950684054,39.62548671791653,1164000
2019-01-03,39.625492095947266,39.75941843030607,38.91400904336406,39.12326914036567,1393200
2019-01-04,38.1439208984375,39.156738753921246,38.018363593717574,39.08977719964421,1346600
2019-01-07,37.440818786621094,38.2527490414572,37.23993086758397,38.093709313075585,865300
2019-01-08,36.88836669921875,37.507777941840715,36.87999770095128,37.10599897083813,952000
2019-01-09,36.5870246887207,36.921842030505005,36.4614705803427,36.74606436294292,586200
2019-01-10,36.411258697509766,36.98044644523714,36.39451750574651,36.82977891242367,621300
2019-01-11,36.40288162231445,36.653993056943506,36.3359168701173,36.545176931150706,537100
2019-01-14,36.762813568115234,36.796295951116,36.46985069949798,36.63725942144604,434900
2019-01-15,36.42799377441406,36.80466254321954,36.41125258546101,36.69584641155234,317700
2019-01-16,36.201988220214844,36.411248267730535,36.009469359667,36.411248267730535,442900
2019-01-17,35.86717987060547,36.35266483537817,35.75836691758184,36.35266483537817,396800
2019-01-18,35.49887466430664,35.83369202068004,35.373317357402875,35.69976571674167,724900
2019-01-22,36.10155487060547,36.30244278697766,35.66629346105792,35.724886036087796,1150200
2019-01-23,36.19363021850586,36.46985190475128,35.80022018788492,35.992739106918,817600
2019-01-24,35.959259033203125,36.243852930288554,35.90066645377872,36.23548393025197,513500
2019-01-25,35.515621185302734,35.73325026449134,35.44865642674905,35.691398886923004,540100
2019-01-28,35.71649932861328,35.984355096680694,35.624427600309446,35.833687624104144,647800
2019-01-29,35.78347396850586,35.86717672395855,35.64954764394829,35.68303002335155,249500
2019-01-30,35.406803131103516,35.925767209559226,35.281249005200095,35.59932201193297,532700
2019-01-31,35.12221145629883,35.473770055045755,35.063618888683585,35.448656673885324,466200
2019-02-01,35.06361389160156,35.22265357508212,34.971538957598085,35.06361389160156,343100
2019-02-04,34.661842346191406,35.155696302931,34.661842346191406,35.03013896748397,541600
2019-02-05,34.63673400878906,34.837621924581505,34.53628685783699,34.65347520061441,478700
2019-02-06,34.70368957519531,34.871098271411434,34.59487663675184,34.66183819940511,335400
2019-02-07,34.988285064697266,35.28125109527116,34.76228379301642,34.94643368691684,683500
2019-02-08,34.94643783569336,35.26451409208584,34.94643783569336,35.155697942493916,437400
2019-02-11,34.67858123779297,34.996657458261545,34.661840047972994,34.845989942937244,223500
2019-02-12,34.226566314697266,34.4944188688442,34.19308394716532,34.469308689722396,516100
2019-02-13,34.14287185668945,34.29353935401334,34.067538108027506,34.15124085407185,475000
2019-02-14,34.05916976928711,34.36887698939667,33.93361563602188,34.32702241858615,471900
2019-02-15,33.54020309448242,33.96709541686992,33.54020309448242,33.84990709784331,786900
2019-02-19,33.45650100708008,33.68250226580417,33.356053874499196,33.68250226580417,287400
2019-02-20,33.30583572387695,33.464872238160176,33.25561215423492,33.4481310482795,500900
2019-02-21,33.43137741088867,33.58204487066126,33.314192318410946,33.34767468570581,549400
2019-02-22,33.138423919677734,33.34768398403714,33.130054922047634,33.32257379809167,606400
2019-02-25,33.138423919677734,33.155165107993106,32.86219910205683,32.9459050436337,640000
2019-02-26,33.38116455078125,33.40627473536528,33.14679112012864,33.18864568517536,452200
2019-02-27,33.33931350708008,33.573683746985516,33.297458941621215,33.515091187009155,585600
2019-02-28,33.43975830078125,33.53183323827429,33.3058319898064,33.37279354876626,318600
2019-03-01,33.138423919677734,33.45650011155948,33.121682731362355,33.19701648225395,361400
2019-03-04,33.45650100708008,33.69087126365828,33.03798086715886,33.07983224253993,617800
2019-03-05,33.6071662902832,33.632276475240126,33.423016419118944,33.439757606775245,477100
2019-03-06,34.276798248291016,34.293539436151,33.61553569656959,33.61553569656959,797300
2019-03-07,34.57813262939453,34.636725189336055,34.25168426150671,34.28516663663188,1122800
2019-03-08,34.586509704589844,34.829252191359096,34.56139951390881,34.787400809205444,883600
2019-03-11,33.98383331298828,34.51954176209392,33.98383331298828,34.486059385326975,682700
2019-03-12,33.9754638671875,34.09264899127096,33.841537554941375,33.94198149086218,549100
2019-03-13,33.84991455078125,33.88339693501801,33.674136823122105,33.84991455078125,405200
2019-03-14,33.99220657348633,34.00894776239667,33.83316687536572,33.85828025525888,556000
2019-03-15,33.891761779785156,33.983833526891004,33.65738833399649,33.93361315447967,516800
2019-03-18,33.67413330078125,33.95035815225734,33.54020697089891,33.83316981968667,456700
2019-03-19,33.84991455078125,33.94198951090439,33.51510028758135,33.51510028758135,666200
2019-03-20,34.1495246887207,34.32577190995307,33.67954063617105,33.90614146216159,594100
2019-03-21,33.70471954345703,34.275417244216406,33.53686671355255,34.275417244216406,857700
2019-03-22,34.93003845214844,34.946824054663445,33.87257110591359,33.94810471646796,1679800
2019-03-25,34.80414581298828,35.22377620590485,34.55236501601768,34.97199540893425,1212100
2019-03-26,34.42647933959961,34.66986574660726,34.2082697327907,34.510404141279366,641200
2019-03-27,34.5859375,34.96360550795296,34.35933669522822,34.47683589888933,1136400
2019-03-28,34.25023651123047,34.63629573465527,34.191488507732174,34.476837325377915,674300
2019-03-29,34.15791702270508,34.37612343367548,33.964887412589626,34.01524101429954,1367100
2019-04-01,33.780250549316406,34.01524257212762,33.75507374730841,33.87256975871401,878700
2019-04-02,33.88935470581055,34.057207519515394,33.75507309515189,33.75507309515189,447200
2019-04-03,33.70471954345703,33.79703875998082,33.503295507266365,33.595614723790156,595500
2019-04-04,33.56204605102539,33.78864368513092,33.5368660460487,33.671147666994315,545000
2019-04-05,33.243125915527344,33.494903553964434,33.22634031276136,33.48651235334462,741900
2019-04-08,33.31026840209961,33.52008365502635,33.27670039479161,33.36062521535163,484200
2019-04-09,33.72151184082031,33.77186866024616,33.41098612484525,33.45294854026992,415700
2019-04-10,33.25150680541992,33.67953153941351,33.25150680541992,33.66274594185245,544600
2019-04-11,33.3018684387207,33.369007637198635,33.19276363947749,33.21794364024183,361800
2019-04-12,33.17598342895508,33.30187384865028,33.092058616842515,33.092058616842515,488200
2019-04-15,33.318660736083984,33.43615675818254,33.108845496186134,33.142416702936146,276900
2019-04-16,33.21794891357422,33.34383613127706,33.15080650291162,33.18437770824292,319500
2019-04-17,33.56204605102539,33.71311007325362,33.10884437976156,33.10884437976156,488200
2019-04-18,33.629180908203125,33.847390514951464,33.5116849052737,33.55364730610192,570300
2019-04-22,33.73828887939453,33.87257049556866,33.612398463563544,33.70471767496943,320500
2019-04-23,33.20955276489258,33.7047168121449,33.13401915763286,33.696325612016565,620100
2019-04-24,33.12562561035156,33.26829841310724,33.008129607723134,33.209550411793025,263500
2019-04-25,33.402587890625,33.67115116037969,33.26830625574765,33.27670065878626,689700
2019-04-26,33.08366775512695,33.486515860651394,33.05849094910419,33.38580223350693,489500
2019-04-29,32.92420196533203,33.058483570024556,32.83188276181979,33.0081299692186,493300
2019-04-30,33.10883712768555,33.36061471161904,32.92419873875566,32.92419873875566,562500
2019-05-01,33.4361457824707,33.4361457824707,33.01651544042239,33.03330103828738,827300
2019-05-02,33.27669143676758,33.64596502996126,33.14240983910389,33.461326632601505,535000
2019-05-03,32.62206268310547,33.12562102665313,32.62206268310547,33.11722662675497,917300
2019-05-06,32.60528564453125,33.142415325630395,32.52136083267038,33.10044971817361,472400
2019-05-07,33.259910583496094,33.50329381294652,32.77313772154269,32.899028137986164,1029300
2019-05-08,33.41937255859375,33.43615816267384,33.13402369228549,33.31866213563984,851900
2019-05-09,33.536865234375,34.05720930428123,33.45294042388757,33.69632685643794,1047900
2019-05-10,33.469722747802734,34.082382768622224,33.41097474591086,33.67953795499541,856700
2019-05-13,34.535587310791016,34.6195121201688,34.01524324776472,34.09077685681523,1593500
2019-05-14,34.09917449951172,34.510410586684195,33.94810726705302,34.45166257423099,866600
2019-05-15,33.99845886230469,34.40969812663609,33.90614284929587,34.36773572044547,667900
2019-05-16,33.7718620300293,33.897749251588664,33.520081183857656,33.897749251588664,682700
2019-05-17,34.25023651123047,34.292198913511236,33.738286879437275,34.057206899518064,514300
2019-05-20,34.51880645751953,34.57755447247146,34.26702879322172,34.476844047057675,795900
2019-05-21,34.0404167175293,34.317371096533876,33.990059920653174,34.308979897817345,411000
2019-05-22,34.32577133178711,34.44326734294548,34.099170509613316,34.183095317147526,574400
2019-05-23,35.02235794067383,35.223781970911816,34.678261090225625,34.678261090225625,1870100
2019-05-24,34.73700714111328,34.94682236008742,34.669867935835164,34.829326349706086,573600
2019-05-28,34.99717330932617,34.99717330932617,34.52718614491479,34.669862134737706,567300
2019-05-29,35.29092025756836,35.534306687299306,35.16503304329551,35.19860104618584,1574900
2019-05-30,35.41680908203125,35.60983869646416,35.005569850221235,35.19859946465414,731600
2019-05-31,35.89519500732422,36.03786784716218,35.69377094937598,35.84483819245546,653400
2019-06-03,35.794471740722656,36.03785492147718,35.58465655631402,35.86161093494008,1316100
2019-06-04,34.85449981689453,35.475554214311956,34.829323017514724,35.40841181393132,879400
2019-06-05,34.86289596557617,35.2153839806691,34.70343435744039,34.72021995837711,759300
2019-06-06,34.96360397338867,35.29930956606284,34.81253677683788,34.871284775326984,542100
2019-06-07,34.720218658447266,34.913248259703394,34.569151457198835,34.84610905999626,982900
2019-06-10,34.50201416015625,34.569153363565874,34.19987974099774,34.569153363565874,672500
2019-06-11,34.627899169921875,34.77896636991566,34.199877570956744,34.25862557078479,498700
2019-06-12,34.61112976074219,34.76219381590402,34.51881052592929,34.644697772152,362100
2019-06-13,34.233455657958984,34.510410112644614,34.22506125542294,34.40969969289771,438300
2019-06-14,34.543975830078125,34.543975830078125,34.27541261908153,34.29219821995957,329100
2019-06-17,34.29220199584961,34.42648361613356,34.166311576165626,34.34255560250212,244300
2019-06-18,33.91453552246094,34.115959563058496,33.662757872858876,34.08238835603782,1141900
2019-06-19,33.805423736572266,34.02363333572952,33.76346133720383,33.8809573360458,744200
2019-06-20,33.629180908203125,33.822210513233756,33.44454250272776,33.47811370400073,403700
2019-06-21,33.94810104370117,34.006849045384726,33.67114343445645,33.67114343445645,481000
2019-06-24,34.36773681640625,34.36773681640625,33.839001517269594,33.8557871205864,509700
2019-06-25,34.580169677734375,34.597030214433104,34.26825778835423,34.31883618263186,486900
2019-06-26,34.63917922973633,34.66446842635057,34.33569600709154,34.43685600936697,390100
2019-06-27,33.99007034301758,34.554887176508174,33.99007034301758,34.554887176508174,505600
2019-06-28,33.57698440551758,33.93104595009997,33.49268174074712,33.93104595009997,582700
2019-07-01,33.46739959716797,33.661290943245085,33.05432449234731,33.14705583521431,443500
2019-07-02,33.669715881347656,33.86360720598978,33.492685091346345,33.492685091346345,407100
2019-07-03,33.43368148803711,33.66972258839182,33.43368148803711,33.56013391512359,281500
2019-07-05,33.34938430786133,33.7455957227368,33.34938430786133,33.61071462528193,524000
2019-07-08,33.669715881347656,33.737158019910915,33.40838563396044,33.46739589729421,270000
2019-07-09,33.65285873413086,33.829892757770196,33.63600141361139,33.829892757770196,412300
2019-07-10,33.57698440551758,33.754015177808775,33.39995041740854,33.44210014188485,422600
2019-07-11,33.76245880126953,33.897339908869206,33.52641766692492,33.54327820735229,432100
2019-07-12,33.4926872253418,33.76244936514647,33.391527226869634,33.72029963376794,395800
2019-07-15,33.68658447265625,33.75402662734934,33.3915330854213,33.3915330854213,245300
2019-07-16,33.67815399169922,33.821463738951046,33.48426263116035,33.71187506722392,297100
2019-07-17,33.931053161621094,34.00692396813075,33.67815154519508,33.68658020555458,335400
2019-07-18,33.80460739135742,34.032219855634146,33.75402898761981,33.95634903420857,361800
2019-07-19,34.00692367553711,34.00692367553711,33.67815125543017,33.762450721574034,206000
2019-07-22,34.06593704223633,34.099658118087156,33.82989594291816,33.93948461570514,285500
2019-07-23,33.82989501953125,34.08279664987189,33.82989501953125,33.922626367680515,313900
2019-07-24,33.26508712768555,33.947924605668995,33.23136604377584,33.90577485869165,497200
2019-07-25,33.68658447265625,33.7203055500028,33.28194119195449,33.28194119195449,503100
2019-07-26,33.29880142211914,33.63600576082259,33.24821980656795,33.61914522230553,229600
2019-07-29,33.509552001953125,33.61914389006173,33.26507902687193,33.29880010256977,176000
2019-07-30,33.16390609741211,33.813022080563904,33.14704556613079,33.737151297706745,331300
2019-07-31,33.416812896728516,33.6191360881441,32.86886001498526,33.155482660263495,643300
2019-08-01,33.905765533447266,34.03221473960146,33.08804716054507,33.349380665240275,787700
2019-08-02,34.31884002685547,34.571741674028104,34.040649179711245,34.11651999544493,494700
2019-08-05,35.355743408203125,35.70980833073144,34.90052167326574,34.93423953879566,1038900
2019-08-06,34.99324035644531,35.47375759612816,34.92580142781057,35.119692769385814,666900
2019-08-07,35.00167465209961,35.625498452324706,34.9342325029841,35.364168164048785,849000
2019-08-08,34.26825714111328,34.85835983533057,34.251396604733,34.8330706386694,559500
2019-08-09,34.73190689086914,34.833066882423665,34.38627397189121,34.38627397189121,594000
2019-08-12,35.16184997558594,35.24615267407138,34.84150936879865,34.91737697370685,552500
2019-08-13,34.790924072265625,35.38945869706036,34.436859207690105,35.254577609559874,765000
2019-08-14,35.74352264404297,35.83625077646631,35.330447515278955,35.355736713592705,729500
2019-08-15,35.895263671875,36.07229448878071,35.60864097105775,35.62549829244231,821600
2019-08-16,35.14499282836914,35.760388115529736,35.09441442021477,35.760388115529736,338400
2019-08-19,34.78248977661133,34.83307138683859,34.62231950128617,34.74877191894505,383400
2019-08-20,35.010101318359375,35.05225426706451,34.8246418504944,34.8499310470627,320400
2019-08-21,34.73190689086914,34.86678795154789,34.6813252871828,34.6813252871828,193300
2019-08-22,34.81621170043945,35.01853493047144,34.588599272585455,34.66447008187012,397000
2019-08-23,35.9121208190918,36.004852165350385,34.816211632747425,35.00167432526461,986300
2019-08-26,35.515907287597656,35.8278191657883,35.507475411641494,35.56648568006085,565900
2019-08-27,36.03014373779297,36.06386159543004,35.263007003679384,35.27986432458864,656900
2019-08-28,35.600215911865234,36.1818900855806,35.41475318293312,36.106022477365755,629300
2019-08-29,34.99324035644531,35.263005718439615,34.94266196392387,35.23771330636045,737200
2019-08-30,35.06911087036133,35.24614489017431,34.807780602317486,34.82464113829103,570000
2019-09-03,35.600215911865234,35.72666835719518,35.19557258895639,35.381035317888504,574300
2019-09-04,35.27986145019531,35.44846358791822,35.17870145388889,35.254572255073285,213700
2019-09-05,34.647613525390625,34.93423625830524,34.33570159174852,34.824647577940105,698000
2019-09-06,34.790924072265625,34.8162132712286,34.50430135934974,34.62232190893532,522200
2019-09-09,34.335689544677734,34.75719322661459,34.27667928647201,34.647601368882,418600
2019-09-10,33.931053161621094,34.58016934713294,33.88890342818651,34.38627800067904,765800
2019-09-11,33.21449661254883,33.973201429088235,33.18920420092464,33.77088143100508,729600
2019-09-12,33.20606231689453,33.50954550772178,33.04589206209933,33.172341247731914,1158000
2019-09-13,33.15549087524414,33.19764061261896,32.82671520575536,33.03746710844829,636900
2019-09-16,33.012176513671875,33.290370557059546,32.86886676949182,33.23978894485669,429300
2019-09-17,33.13862609863281,33.340946098482334,33.12176556267561,33.130194222745004,441000
2019-09-18,33.34095001220703,33.6444332634241,33.13862998860819,33.147058649666974,427900
2019-09-19,33.526405334472656,33.551694527901624,33.06275189863914,33.27350375272875,590600
2019-09-20,33.6022834777832,33.77931430213027,33.324089425964566,33.534841326135485,404200
2019-09-23,33.59385299682617,33.75402650573571,33.46740378096061,33.71187676711386,267100
2019-09-24,34.11651611328125,34.23453665414417,33.5011209960542,33.517978316904426,684700
2019-09-25,33.76625061035156,34.2569669034293,33.68164591100966,34.155437391264144,603200
2019-09-26,34.113136291503906,34.20620340066743,33.774711026811545,33.774711026811545,310900
2019-09-27,34.392333984375,34.55308419301123,33.9523824777545,34.02852799289001,481200
2019-09-30,34.37541198730469,34.485397442042164,34.15543462290547,34.36694958157895,411100
2019-10-01,35.02687454223633,35.10302004796796,33.92699429778799,34.19773315650894,815700
2019-10-02,35.314537048339844,35.61911586161708,35.23839153815504,35.23839153815504,1058900
2019-10-03,35.179168701171875,35.86447508660895,35.153784712015714,35.45836676219311,999900
2019-10-04,34.866127014160156,35.33992171066684,34.84920542919967,35.128406739854235,397500
2019-10-07,34.916893005371094,35.103027219064735,34.65461327039028,34.95073617649038,396600
2019-10-08,35.492210388183594,35.58527748554764,35.17070675023383,35.27223302578456,629600
2019-10-09,35.365299224853516,35.45836631985361,35.221470607098475,35.25531054644776,473300
2019-10-10,35.19608688354492,35.3568403133793,35.026877503137015,35.306075562779704,414400
2019-10-11,34.59538269042969,34.72229294402199,34.21465515711461,34.72229294402199,841000
2019-10-14,34.7476806640625,34.87459094307619,34.63769197074813,34.67999754872767,345000
2019-10-15,34.333106994628906,34.70537213131327,34.18081597792578,34.62922662296171,468200
2019-10-16,34.290809631347656,34.40925751103009,34.155440164930205,34.39233915175774,384400
2019-10-17,33.91007614135742,34.19773335640078,33.89315455915573,34.1469718372575,406900
2019-10-18,34.07928466796875,34.33310516727246,33.88469131864117,33.99467998650866,727800
2019-10-21,33.749324798583984,33.79162714295744,33.563190610386386,33.7324032153422,414100
2019-10-22,33.72394561767578,33.81701271613548,33.55473300479107,33.71548321192736,248500
2019-10-23,33.681644439697266,33.867775415611185,33.62242050725253,33.69856602431894,234300
2019-10-24,33.757781982421875,33.88468899591279,33.57164782301474,33.580106999596204,320000
2019-10-25,33.563194274902344,33.80009323869052,33.453208813015266,33.80009323869052,317100
2019-10-28,33.267066955566406,33.41935795889246,33.148619114637604,33.41935795889246,239100
2019-10-29,33.174007415771484,33.36860080260973,33.07248113295639,33.34322003877154,231200
2019-10-30,33.267066955566406,33.4955034605555,33.17399987270475,33.17399987270475,294100
2019-10-31,33.47858810424805,33.732405414498174,33.351677835391875,33.351677835391875,660200
2019-11-01,32.92018127441406,33.3516702813624,32.90325969390177,33.267065606262406,627400
2019-11-04,32.75943374633789,32.82711684639157,32.59022115501109,32.66636665973506,405600
2019-11-05,32.69175720214844,32.725600376034045,32.4379398529318,32.64945484852278,372800
2019-11-06,32.89480972290039,32.96249283642903,32.73405627677791,32.74251868313298,532500
2019-11-07,32.79327392578125,32.903262595078445,32.48869513208878,32.590221396652936,341400
2019-11-08,32.72559356689453,32.93710851847608,32.674828816628626,32.87788459023021,353600
2019-11-11,32.80174255371094,32.96249277205711,32.75944020440535,32.937112007966235,428600
2019-11-12,32.79327392578125,32.84403867179421,32.573299814648614,32.75943398923437,256900
2019-11-13,32.91172790527344,33.114780452327324,32.844041571280776,32.987873417284156,372000
2019-11-14,32.91172790527344,32.987873417284156,32.767896059270065,32.97941101180405,233500
2019-11-15,32.75943374633789,32.87788159202813,32.70020982349277,32.70866900070133,184700
2019-11-18,32.860958099365234,32.95402518055644,32.80173417996384,32.81019335668052,221100
2019-11-19,32.72559356689453,32.886343768210175,32.60714571040278,32.7340527448745,258900
2019-11-20,32.84403991699219,33.0978572017563,32.632524975111785,32.85250232204606,262100
2019-11-21,33.00479507446289,33.11478376447102,32.77636174304486,32.77636174304486,167300
2019-11-22,32.92864990234375,33.08094094320453,32.85250760937576,32.90326913802109,141200
2019-11-25,32.209495544433594,32.750973286870355,32.175652378665816,32.750973286870355,358200
2019-11-26,32.19257354736328,32.26871905563014,32.031823353227416,32.1756519646971,225500
2019-11-27,31.997982025146484,32.124892288698774,31.96413885787093,32.0825867158733,367800
2019-11-29,32.2010383605957,32.2010383605957,31.98952340264307,32.08258727307404,275200
2019-12-02,32.51408004760742,32.55638239429481,32.1079717099766,32.11643088832921,438300
2019-12-03,32.6156120300293,32.92019414339319,32.59869044290211,32.79328385367066,378500
2019-12-04,32.37871170043945,32.48023798142671,32.31102536147309,32.446394811943534,140000
2019-12-05,32.3702507019043,32.463317808298775,32.22642206654005,32.26872441650234,181500
2019-12-06,31.981063842773438,32.04875018452315,31.871075151161353,32.04875018452315,480100
2019-12-09,32.048744201660156,32.057203379068504,31.930296353172423,32.006441859694796,190600
2019-12-10,32.048744201660156,32.141811290461035,31.972598695137783,32.06566578393866,143400
2019-12-11,32.02336502075195,32.16719687797542,31.9387603241233,31.981062672437627,133100
2019-12-12,31.769548416137695,32.09105207997149,31.558033442358536,31.997984975114676,357300
2019-12-13,31.904916763305664,32.04028621272914,31.617256279847986,31.803390483103616,280200
2019-12-16,31.66802215576172,31.693402919845973,31.490350352247194,31.61725740013084,345100
2019-12-17,31.515731811523438,31.701866025480147,31.515731811523438,31.61725809756235,140100
2019-12-18,31.456501007080078,31.58341125751427,31.40573626141405,31.4395794251914,427900
2019-12-19,31.32959747314453,31.464966929812956,31.32959747314453,31.414205400726317,181100
2019-12-20,31.28729820251465,31.321141376878355,31.202693494068136,31.253455028150945,252000
2019-12-23,31.202682495117188,31.38035425670319,31.202682495117188,31.219604076334182,158500
2019-12-24,31.158527374267578,31.260438222027645,31.158527374267578,31.200991847293167,72600
2019-12-26,31.14153480529785,31.200984405437254,31.099073581984296,31.107567770397214,160800
2019-12-27,31.31138801574707,31.37932857573329,31.07360253496372,31.07360253496372,209600
2019-12-30,31.370840072631836,31.549182455132232,31.251947310688102,31.28591759683911,337500
2019-12-31,31.336870193481445,31.523700271254565,31.22646839326244,31.455762944678295,209000
2020-01-02,31.345359802246094,31.617115576083556,31.15003554227444,31.15003554227444,299100
2020-01-03,31.481231689453125,31.727511324927317,31.41329437873347,31.727511324927317,273100
2020-01-06,31.421794891357422,31.752997075932768,31.379333654286047,31.702044887281012,136000
2020-01-07,31.523698806762695,31.625609651269396,31.421791201840342,31.515207856179313,297400
2020-01-08,31.421794891357422,31.532196699410783,31.30290213172368,31.532196699410783,464500
2020-01-09,31.39630889892578,31.447261071514184,31.226460764602447,31.277416176774558,240100
2020-01-10,31.540672302246094,31.64257986954271,31.370824197029627,31.39630351854115,174500
2020-01-13,31.31138801574707,31.66806947650631,31.31138801574707,31.515206456121522,147200
2020-01-14,31.200992584228516,31.48973351386622,31.014159265173372,31.46425418153218,333400
2020-01-15,31.0736026763916,31.28591206793853,30.946215745629758,31.28591206793853,370800
2020-01-16,30.665966033935547,30.85279931688964,30.60651966928359,30.844305127891417,209400
2020-01-17,30.75089454650879,30.810340922875874,30.521599992128085,30.521599992128085,179200
2020-01-21,30.988677978515625,31.06510948353825,30.852800107318064,30.87827619579761,230700
2020-01-22,31.031139373779297,31.082091551014138,30.852800274289347,30.903752451524188,183800
2020-01-23,31.031139373779297,31.41329690096062,30.96319881802084,31.124556018155175,226200
2020-01-24,31.430282592773438,31.642591995760405,30.946217413129904,30.946217413129904,575400
2020-01-27,31.795452117919922,31.999270551568788,31.61711301321723,31.931329993824466,452100
2020-01-28,31.523698806762695,31.651085742603897,31.43028215242373,31.600130320350544,257900
2020-01-29,31.710535049438477,31.710535049438477,31.404808966799955,31.472749536090582,381400
2020-01-30,31.710535049438477,32.10118360410563,31.68505895574682,31.931335420463714,631900
2020-01-31,32.36444854736328,32.46635616201885,31.82942790114841,31.82942790114841,539100
2020-02-03,32.01625442504883,32.177608383935336,31.88886750410729,32.16911743434509,374500
2020-02-04,31.523698806762695,31.651085742603897,31.421791201840342,31.617115461101662,469900
2020-02-05,31.048128128051758,31.345359995145532,31.014157846216932,31.18400601580668,438100
2020-02-06,31.107572555541992,31.141539595667634,30.895263166731876,30.937724396577064,313500
2020-02-07,31.498220443725586,31.591637091327193,31.234955640446884,31.251940779973005,297500
2020-02-10,31.319873809814453,31.574644362299612,31.319873809814453,31.574644362299612,201600
2020-02-11,31.107572555541992,31.234956245077555,30.937724396577064,31.13304864553227,279100
2020-02-12,30.912250518798828,31.048128407777934,30.86978604633052,30.92074146954184,268600
2020-02-13,30.8358211517334,31.07360666411438,30.75938963138456,31.07360666411438,471800
2020-02-14,30.937726974487305,31.048128772951454,30.801849083910067,30.801849083910067,234800
2020-02-18,31.01416015625,31.20948443197205,30.920743494038447,31.00566596536643,346600
2020-02-19,30.852802276611328,30.954709877278734,30.716921156275834,30.886769317110986,368200
2020-02-20,30.7763729095459,31.184006580188196,30.73390843669163,30.94621784262519,323100
2020-02-21,31.116064071655273,31.23495681321804,30.86129344836588,30.920739819147265,454700
2020-02-24,32.06720733642578,32.211579399439394,31.88886823468901,32.07570152579461,767000
2020-02-25,33.17121887207031,33.23066523961653,31.905853535192193,31.94831476349891,1088800
2020-02-26,33.54488754272461,33.62131906164585,32.729620167287806,33.00137595910007,952800
2020-02-27,34.733821868896484,34.78477405557172,33.45996536866191,34.2327715158875,1266300
2020-02-28,35.20939254760742,35.939737452327655,34.98859218179145,35.73592222843361,2441100
2020-03-02,34.215789794921875,35.61703014153442,34.215789794921875,35.02256630698754,1856100
2020-03-03,34.97160339355469,35.31979066768912,33.56186915686599,34.224273424832894,1903500
2020-03-04,33.944026947021484,34.83572575384249,33.91854761682596,34.41110696587208,830700
2020-03-05,35.065025329589844,35.46416484475124,34.50452857846655,34.73382314568763,946500
2020-03-06,35.778377532958984,36.57665963346218,35.396220002021906,36.16902601365731,1355400
2020-03-09,39.23476791381836,39.25175305030254,36.34735950317833,38.4704529699479,2071400
2020-03-10,38.130767822265625,39.95662663646229,37.95242547219609,37.95242547219609,1956100
2020-03-11,40.474666595458984,40.93325570765343,38.66578947930397,39.0649322146863,2611100
2020-03-12,45.060543060302734,45.27285243598146,42.393934580527414,43.52342201413854,3878700
2020-03-13,41.99479675292969,45.87581202864484,41.748517090283826,42.419415520422234,2638800
2020-03-16,47.93096923828125,49.272766208575156,44.635929664871604,46.31741973326132,2870200
2020-03-17,44.7633056640625,48.610353554330636,44.04994606927497,46.504241806227384,2900600
2020-03-18,47.896995544433594,49.72285419703945,45.63802395945532,47.14966564907407,2299100
2020-03-19,46.34288787841797,50.26636403191066,44.82275204930934,48.584874251842365,2239800
2020-03-20,47.2091178894043,47.59127545388744,44.041462058616155,45.035068486688004,2340300
2020-03-23,47.94795608520508,49.70587773014388,46.83545685690712,46.86942390021626,2300000
2020-03-24,43.540409088134766,45.739934447509555,43.37056093212594,45.10300629216455,1693100
2020-03-25,42.86035919189453,44.47548713361816,41.330239861325644,43.14938198432675,2074500
2020-03-26,40.29315185546875,42.409815543546515,40.004129126817006,42.36731286872195,1837800
2020-03-27,41.65325927734375,42.27380744479502,40.556672693619845,41.78077055182194,1846000
2020-03-30,40.74369430541992,42.33331801389186,40.70119162197889,41.39824600720175,2138100
2020-03-31,40.96471405029297,41.865785940461436,40.39517090467743,40.93921308638397,2072000
2020-04-01,43.77842712402344,44.19496115841971,42.45232214472252,42.987864976733,3422200
2020-04-02,43.28539276123047,44.60299867814035,42.23131191899892,44.152461143370786,2600000
2020-04-03,44.51798629760742,45.33405268642856,43.200383734993046,43.74442583237601,2012100
2020-04-06,41.16872787475586,42.647842021045236,40.871205846119175,42.647842021045236,2976000
2020-04-07,40.96471405029297,41.17723073019379,38.93305510928069,39.57060514898315,4346100
2020-04-08,39.06056213378906,40.74369366502451,38.72903666831423,40.30165863014245,3138200
2020-04-09,37.25841522216797,38.031975586086716,36.96939249044304,37.90446431751097,5439100
2020-04-13,38.22748565673828,38.60151369175996,37.30941242157708,37.50492729734381,2885700
2020-04-14,37.41992950439453,37.929968131629394,36.82488227745619,37.147908470836406,2887500
2020-04-15,39.001060485839844,39.32408349194232,38.584526382632774,38.9415560772027,2390700
2020-04-16,39.281578063964844,40.05513856499342,38.82254130702564,38.90754991539225,3968200
2020-04-17,37.53044509887695,38.235998754788376,37.31792842955771,37.666455637531385,3187800
2020-04-20,38.0064697265625,38.457007144502946,37.29241378777079,38.32099664391148,5494800
2020-04-21,38.882049560546875,39.290081158828585,38.423012796449875,38.98405664943058,5465000
2020-04-22,38.389007568359375,38.55051905514755,37.82796374145441,38.065981352036296,1899800
2020-04-23,37.997982025146484,38.25300138583597,37.24142318324393,38.142491807196585,3184200
2020-04-24,37.385929107666016,38.13398863221492,37.13090977329043,37.70045284530434,2718600
2020-04-27,35.86431884765625,36.95240660900003,35.55829750886183,36.93540488305351,3580800
2020-04-28,35.371273040771484,35.88131172235958,34.716721345660424,34.827230915678356,2842600
2020-04-29,33.63713455200195,34.606209941300484,33.27160566056525,34.198178369108824,4173800
2020-04-30,34.94623565673828,34.94623565673828,34.266183079543985,34.52970162916188,3449000
2020-05-01,36.28933334350586,36.7993751276762,35.68578697951296,35.77929480208149,3582100
2020-05-04,36.16183090209961,37.13940546426594,36.11082574299884,36.77387659757657,2559700
2020-05-05,35.88981246948242,36.03432223327208,34.954737274782204,35.4647791744587,2401700
2020-05-06,36.17033767700195,36.246843810220646,35.43927979130051,35.63479474447113,2326200
2020-05-07,35.6432991027832,35.88131675521,35.34577703724971,35.6432991027832,1880600
2020-05-08,34.2576789855957,35.15024815381697,34.21517630953685,34.90373133557707,2374500
2020-05-11,34.461700439453125,35.03974598179372,34.11317326622541,34.75072321062343,2494600
2020-05-12,35.69430160522461,35.702800845283825,34.28319103485899,34.2916902749182,3115600
2020-05-13,36.89289093017578,37.51343914547352,35.93231478521646,36.034321867016274,5469100
2020-05-14,36.70587921142578,38.52502137339434,36.697376728754705,37.68345718279061,4023100
2020-05-15,36.1533317565918,37.232916736568434,36.034322950456016,37.11390793043265,3107400
2020-05-18,33.94316101074219,34.67421883602139,33.77314703511381,34.52120658223053,4057100
2020-05-19,34.623207092285156,34.623207092285156,33.76464138046771,34.06216334922963,4871300
2020-05-20,33.594627380371094,34.002658898017756,33.33110560652281,33.93465202370353,4082000
2020-05-21,33.50112533569336,33.92615864532801,33.31410964177513,33.56913222175337,3802900
2020-05-22,33.34811019897461,33.81564615056441,33.31410675888714,33.41611707914954,2788600
2020-05-26,32.38753128051758,32.45553815478405,32.00500396238053,32.06450835599057,4046100
2020-05-27,31.36745834350586,32.719064345947096,31.299451460057572,31.7329872351737,5174000
2020-05-28,32.11551284790039,32.277027565880175,31.0274287142309,31.052929672755496,4614800
2020-05-29,32.319522857666016,32.87206403680943,32.200514088088845,32.43853162724319,3457500
2020-06-01,32.005008697509766,32.362035111991936,31.664980761362884,32.24302630716455,2855500
2020-06-02,31.715984344482422,32.14101762211702,31.62247650456336,31.792490464166512,3368700
2020-06-03,30.976421356201172,31.34195020193107,30.687398623362327,31.20593969487434,3837400
2020-06-04,30.984926223754883,31.299449937536917,30.78090882608086,31.14643769996803,3646100
2020-06-05,29.786333084106445,29.93084284299887,29.361299803486478,29.64182008246743,5438400
2020-06-08,29.216794967651367,29.505817808961822,29.174292276259607,29.36130800968034,3361500
2020-06-09,29.752336502075195,29.981854915649453,29.48881463995349,29.64182691566966,4605300
2020-06-10,30.568391799926758,30.627896197917302,29.769330424949118,29.820335584403793,4589900
2020-06-11,32.889076232910156,32.96558235812344,31.664981472244452,31.860496404956884,5950600
2020-06-12,32.11551284790039,33.12709410599609,31.460961222881554,31.63097517945404,8538900
2020-06-15,31.36745834350586,33.18660032004068,31.137939975987912,33.178097838236305,5535200
2020-06-16,30.60239601135254,31.333453768240968,30.11785833392585,30.126357572676067,4878500
2020-06-17,31.163434982299805,31.26544204523765,30.491881728904698,30.57689031697462,2948000
2020-06-18,31.180438995361328,31.58847051989731,30.840411103541523,31.48646344944989,2682700
2020-06-19,31.341957092285156,31.588477203879766,30.568396555322092,30.59390076039025,2942600
2020-06-22,31.018932342529297,31.809491314576864,31.00193062102603,31.486468334255253,1748300
2020-06-23,30.882917404174805,30.967922756808324,30.542889508148036,30.619395622616743,2036300
2020-06-24,31.919998168945312,32.32802972208996,31.205942140255544,31.290950740543927,4334000
2020-06-25,31.435461044311523,32.362033725737206,31.392958364800485,32.0730109652169,4032500
2020-06-26,32.23451232910156,32.28551747415709,31.554459942089085,31.647967753318095,3497800
2020-06-29,31.163434982299805,32.158014384868494,31.01892524670003,31.79248556303298,3198800
2020-06-30,30.763904571533203,31.31644907753746,30.644895783839058,31.290948120959072,2267200
2020-07-01,31.03592872619629,31.146438287134124,30.449383966289158,30.6448988862582,2642900
2020-07-02,30.90842056274414,31.010427641718678,30.279369883116903,30.415380402665146,1981300
2020-07-06,30.68740463256836,30.780912482495495,30.228371108080385,30.27087379184356,2421100
2020-07-07,31.222951889038086,31.299458027597286,30.67890967828258,30.959430024501415,1817400
2020-07-08,30.984926223754883,31.613973651318947,30.87441666490035,31.222943818752473,2067700
2020-07-09,31.622474670410156,32.00500524664323,30.916917913941774,30.959420590690698,3445600
2020-07-10,31.103939056396484,31.749988287808154,31.069935611915092,31.60547851288267,2370300
2020-07-13,31.49496841430664,31.520472618615706,30.37288070711452,30.763910583886673,2737800
2020-07-14,30.95942497253418,31.681983550518765,30.87441960700509,31.52897129836894,3446400
2020-07-15,29.83733367919922,30.313372099771037,29.675822207115104,30.211365024915093,3171700
2020-07-16,30.041353225708008,30.24537063279497,29.896840220115852,29.99885054503267,1816600
2020-07-17,29.930845260620117,30.134862678605412,29.718328603144403,29.9223460211297,1702300
2020-07-20,30.0583553314209,30.202865096116806,29.86284040361346,29.990348447272197,1544400
2020-07-21,29.62482261657715,29.777834878994376,29.395307465698355,29.735332193377825,3171000
2020-07-22,29.5908145904541,29.803331205098353,29.4888042806476,29.786329486797268,1449300
2020-07-23,29.573816299438477,29.871338297321532,29.182786461436013,29.607819739981274,1845800
2020-07-24,30.02435302734375,30.10085915353745,29.69282756142,29.7693336876137,1796100
2020-07-27,29.692827224731445,30.1348622551998,29.675825503242645,29.981850004547415,1049600
2020-07-28,29.96484375,29.99034470700203,29.607817380986315,29.80333228440995,1163900
2020-07-29,29.3102970123291,29.81183645372287,29.301797772837986,29.81183645372287,1141000
2020-07-30,29.43781089782715,29.905346936959557,29.36130476467842,29.735332947434916,1850400
2020-07-31,29.735328674316406,30.236868087829393,29.505810307853174,29.53981374942106,2199800
2020-08-03,29.216794967651367,29.74383871770116,29.182794760186457,29.539821259174225,1608000
2020-08-04,29.029781341552734,29.361306861288178,29.004277133517217,29.284800722676355,1173900
2020-08-05,28.45172882080078,28.825756940073905,28.426224618915246,28.740751581113017,1614800
2020-08-06,28.460229873657227,28.604742884397915,28.324219345002525,28.45173063431803,1222100
2020-08-07,28.009695053100586,28.56223639616145,28.00119257118228,28.528236196728415,1222400
2020-08-10,27.71217155456543,27.91618897782805,27.53365833592747,27.91618897782805,1297800
2020-08-11,27.873685836791992,28.00119388683706,27.363643908371078,27.44015003549687,2086100
2020-08-12,27.746170043945312,27.950187430774186,27.516651699792714,27.542155899862795,1091900
2020-08-13,27.81418228149414,27.907690133366042,27.59316313293383,27.84818248356367,612900
2020-08-14,27.839683532714844,28.043700960984648,27.720674717368716,27.967194830726847,524600
2020-08-17,27.68666648864746,27.882181400471385,27.661165530549784,27.74617088603968,468600
2020-08-18,27.95868682861328,28.06069390123701,27.678166568211434,27.678166568211434,939600
2020-08-19,27.950193405151367,27.975694367925946,27.65266812087742,27.839683828549784,633400
2020-08-20,28.069198608398438,28.281715251488,27.94168732544605,28.22221085084265,848300
2020-08-21,28.28171730041504,28.44322879347535,28.077699881460084,28.188209451841804,1436900
2020-08-24,27.95868682861328,28.30721396592853,27.95868682861328,28.052194662996023,925000
2020-08-25,27.9246826171875,28.213705350576415,27.856678984902846,27.856678984902846,775800
2020-08-26,28.12870216369629,28.154203122421738,27.8736828482022,27.90768628833382,1175700
2020-08-27,28.052200317382812,28.247715263798565,27.83118440835758,27.975694186807342,1419800
2020-08-28,27.80567741394043,28.060696742696496,27.797178174838795,27.89918525779188,1060700
2020-08-31,28.111703872680664,28.120206355123962,27.771675915381103,27.788677637520774,890900
2020-09-01,27.78017807006836,28.26471579571806,27.763176348129278,28.120206023356204,715600
2020-09-02,27.567659378051758,27.95868922558876,27.46565229668268,27.64416549976523,961800
2020-09-03,28.375219345092773,28.511229848994063,27.5931565156007,27.610158233931635,2668600
2020-09-04,28.553739547729492,29.191289549620375,27.9841931931452,28.001194915658598,3409200
2020-09-08,29.0977783203125,29.242291323531838,28.613240634526797,28.851258236597914,1939400
2020-09-09,28.655742645263672,28.936266163507394,28.51973212686426,28.783253924964736,1351800
2020-09-10,29.029781341552734,29.038280582399665,28.32422436960511,28.502737612116906,1944200
2020-09-11,29.225292205810547,29.49731327318862,28.851260806105515,28.868262528160006,2027300
2020-09-14,28.434730529785156,28.970273435517495,28.383725362609276,28.936269990733575,1144500
2020-09-15,28.39222526550293,28.477230626992295,28.14570517733842,28.196707097133366,1081800
2020-09-16,28.120201110839844,28.298714295894136,27.74616977901601,28.264710857956274,2251000
2020-09-17,28.315717697143555,28.672744088463624,28.196705657290348,28.511232612782617,1732600
2020-09-18,28.417726516723633,28.78325541181913,28.043698382490742,28.264714270276833,1230900
2020-09-21,29.38680076599121,29.675823526555565,28.961767485322845,29.038273605553016,2360200
2020-09-22,29.16578483581543,29.64182003397318,29.11477967483571,29.242290955911724,1547500
2020-09-23,30.02435302734375,30.04135474902533,28.987270703995126,29.165787160278317,1761600
2020-09-24,30.03285026550293,30.423880067660836,29.531310913084305,30.03285026550293,2343300
2020-09-25,29.539813995361328,30.168864698617856,29.446306151644453,30.143360495856268,1557900
2020-09-28,28.82575798034668,29.157283432103554,28.723750897363036,29.148784192999376,1690300
2020-09-29,28.944765090942383,29.18278592764166,28.757752656870856,28.842758013926414,1039400
2020-09-30,28.851259231567383,29.08928008459355,28.434728413578373,28.825758271250795,1887800
2020-10-01,28.39222526550293,28.893764680882214,28.383722783705984,28.647244592717705,1257200
2020-10-02,28.273212432861328,28.970269997214324,28.13720191261487,28.919264836091934,2059200
2020-10-05,27.482656478881836,27.958691729738565,27.440150551986537,27.958691729738565,1560000
2020-10-06,27.542156219482422,27.60166061575922,26.785595923093044,27.21062755669491,3563000
2020-10-07,26.938608169555664,27.210627572100805,26.87060291357608,27.202128333804904,1514700
2020-10-08,26.658092498779297,26.86210831426503,26.581586365300453,26.666593360429566,986600
2020-10-09,26.505075454711914,26.64958683397351,26.352063215332198,26.403066754667677,1242200
2020-10-12,26.31806182861328,26.513578383840944,26.250056563734695,26.377567854083775,1265400
2020-10-13,26.513580322265625,26.692093547608096,26.411571606803122,26.52208118366863,917900
2020-10-14,26.7515926361084,26.777095215245843,26.301058420959304,26.45407065303756,1138500
2020-10-15,26.488075256347656,27.14262693069114,26.420069992868683,27.049119085392537,1426600
2020-10-16,26.556081771850586,26.556081771850586,26.326563388773067,26.42007123848023,783400
2020-10-19,26.870603561401367,26.93010795914645,26.275556341204073,26.454071155812557,970900
2020-10-20,26.811098098754883,26.87910335367293,26.530574598173114,26.675085967545616,1178100
2020-10-21,27.057621002197266,27.057621002197266,26.700592949652666,26.777099076724614,858600
2020-10-22,26.573081970214844,27.05761967023594,26.556080249175032,26.896106563104457,1036400
2020-10-23,26.4030704498291,26.70059411010943,26.377569487279096,26.411571311136942,943900
2020-10-26,26.972612380981445,27.32113955148417,26.683589612070893,26.751594874086706,1202100
2020-10-27,27.210628509521484,27.24463194936931,26.896104797795346,26.989612636003617,842000
2020-10-28,28.052200317382812,28.094703002647623,27.695173869861968,27.83118440835758,2594600
2020-10-29,27.729171752929688,28.341220746336642,27.601663707801073,28.16270753750853,2241800
2020-10-30,28.086198806762695,28.37522155540994,27.695168982930088,27.856680455535788,2618400
2020-11-02,27.550657272338867,27.958688834859487,27.550657272338867,27.76317391382335,1647900
2020-11-03,26.777099609375,27.168129492078037,26.624087352187388,27.117125946806656,2132400
2020-11-04,26.7515926361084,27.185126753205733,26.4370689336126,27.176625893493252,3465300
2020-11-05,25.986536026000977,26.48807545595286,25.901529040668333,26.47107373461165,1958300
2020-11-06,26.21605110168457,26.25005291871575,25.876024824506878,25.876024824506878,1221500
2020-11-09,25.229976654052734,25.289481055941096,23.929374187481358,24.22689781829651,4556300
2020-11-10,24.779441833496094,25.229977729149994,24.694434846587548,24.974956768424356,2466600
2020-11-11,24.79644203186035,25.04296049524028,24.677433230323373,24.677433230323373,1221000
2020-11-12,25.17047119140625,25.408488788928928,24.898450153452742,24.95795455283341,2015900
2020-11-13,24.643430709838867,24.97495616729181,24.55842372497639,24.966456928041605,1512200
2020-11-16,24.065385818481445,24.371410323830574,24.04838571814138,24.209897210299264,1459300
2020-11-17,23.963376998901367,24.515919943665228,23.903872598578488,24.26090062188908,1403200
2020-11-18,24.286399841308594,24.294900700941884,23.784860472556748,23.87836830714976,1998800
2020-11-19,24.107892990112305,24.40541504861798,24.0653886807732,24.328910534554815,1086500
2020-11-20,24.07388687133789,24.303405252180248,24.022883327164067,24.192895681534623,666200
2020-11-23,23.606348037719727,23.895370788982365,23.46183666208841,23.827365531118993,1296600
2020-11-24,23.1643123626709,23.410832428459372,23.019800991333252,23.26632105712173,1671200
2020-11-25,23.257822036743164,23.46183782040559,23.189816775522356,23.257822036743164,928400
2020-11-27,23.13881492614746,23.291827191142968,23.13881492614746,23.232322781727728,347200
2020-11-30,23.563846588134766,23.64885357608849,23.15581499160501,23.223820257693305,981400
2020-12-01,23.351329803466797,23.470340234511923,23.155814867185168,23.240821854682135,813500
2020-12-02,23.325830459594727,23.589350679871764,23.257825189156343,23.453340138995,768900
2020-12-03,23.189817428588867,23.325827954860785,23.045306041753285,23.257822691724826,704700
2020-12-04,22.65427589416504,23.062307496962276,22.628774932348627,23.045307396209154,802900
2020-12-07,22.637271881103516,22.74778144236907,22.569266620852904,22.66277446171248,868500
2020-12-08,22.331249237060547,22.790284342857074,22.322748376775184,22.790284342857074,813000
2020-12-09,22.50126075744629,22.67127471420217,22.1017300668552,22.18673704523314,1046000
2020-12-10,22.27174949645996,22.739285560366636,22.2377460482038,22.705282112110474,747300
2020-12-11,22.399259567260742,22.620277120579907,22.22924556582333,22.433261394724017,654100
2020-12-14,22.356748580932617,22.365249440603666,21.991221343316624,22.161233672618046,796900
2020-12-15,21.804208755493164,22.271746375251812,21.804208755493164,22.118734122289833,734800
2020-12-16,21.880714416503906,21.99122398412487,21.744703888180716,21.744703888180716,778300
2020-12-17,21.608694076538086,21.872214281232583,21.608694076538086,21.787207292867876,791000
2020-12-18,21.736202239990234,21.778706541909678,21.455680332815238,21.583189995826903,939700
2020-12-21,21.736202239990234,22.144233810176896,21.685198699060233,22.11023199001467,1850200
2020-12-22,21.489686965942383,21.719203744901275,21.46418438100314,21.65969933474995,974300
2020-12-23,21.294164657592773,21.438676023926504,21.251661982177673,21.362169911080816,649200
2020-12-24,21.311168670654297,21.41317737255512,21.226161689299165,21.226161689299165,494100
2020-12-28,21.40467643737793,21.413177297621026,21.073150994763708,21.073150994763708,1485000
2020-12-29,21.804208755493164,21.923219186337718,21.32817189623523,21.353674478853367,1687800
2020-12-30,21.574687957763672,21.73620105349451,21.472680881471845,21.727700193574652,1237400
2020-12-31,21.608694076538086,21.77020719229369,21.549189671094823,21.55769053206864,1116500
2021-01-04,21.931720733642578,22.186741722538734,21.43018123899109,21.464184686060015,2062900
2021-01-05,21.549190521240234,21.965722997149303,21.447181806903508,21.965722997149303,1172600
2021-01-06,20.67361831665039,21.277166412602067,20.44409995813187,21.243162972211202,3072700
2021-01-07,20.316593170166016,20.56311328371349,20.282591346343935,20.554612422414596,1712200
2021-01-08,20.36759376525879,20.64811728335313,20.155077127701215,20.189080567969597,2221800
2021-01-11,20.376096725463867,20.63961855058487,20.325093181177696,20.631117689641602,1588300
2021-01-12,20.0020694732666,20.291092272864056,19.993568611940383,20.291092272864056,982200
2021-01-13,20.138076782226562,20.189080320631014,19.968062825714053,19.976563685677004,937400
2021-01-14,19.738542556762695,20.00206432594037,19.645036348984156,20.00206432594037,1366800
2021-01-15,20.04456901550293,20.274087371201496,19.88305591837728,20.04456901550293,2507700
2021-01-19,19.78105354309082,19.942565057233924,19.764051819063027,19.78105354309082,759700
2021-01-20,19.679044723510742,19.806554410344777,19.543034174704623,19.696046447454915,1015800
2021-01-21,19.84905433654785,19.9085587358373,19.628036838206143,19.64503855839549,1009600
2021-01-22,19.628036499023438,20.09557244653834,19.60253391918011,20.053069768172712,1092600
2021-01-25,19.653545379638672,19.934067362355403,19.364522534248856,19.645044516965587,2553500
2021-01-26,19.789552688598633,19.823554512331327,19.483528168136882,19.50052989068998,905600
2021-01-27,20.146575927734375,20.33358996688481,19.815048902884953,20.13807506849484,3196900
2021-01-28,20.206083297729492,20.308090380885023,19.86605698492213,20.010568370536927,2559800
2021-01-29,20.512107849121094,20.58011311725422,19.99356828762106,20.11257710151066,3695300
2021-02-01,20.010570526123047,20.48660741533318,19.917062672013127,20.257089021448934,2117000
2021-02-02,19.713043212890625,19.968062522412563,19.67903977355531,19.772547610354195,1518500
2021-02-03,19.670541763305664,19.90856100901397,19.628039079352575,19.704545207566905,1328500
2021-02-04,19.262508392333984,19.59403383658354,19.245506671763927,19.59403383658354,1311500
2021-02-05,18.998991012573242,19.24550951172327,18.98198928949433,19.049994560436428,1416100
2021-02-08,18.514453887939453,18.83747853062382,18.505953026109125,18.794975842845798,2047500
2021-02-09,18.420948028564453,18.58246117812386,18.32744015965525,18.514455897473656,2029300
2021-02-10,18.531452178955078,18.69296529519771,18.267931973465956,18.284933695464854,2247600
2021-02-11,18.548450469970703,18.803471388661556,18.36143642669593,18.44644339959288,1630000
2021-02-12,18.514453887939453,18.718469707746465,18.47194957878782,18.5994592634955,854700
2021-02-16,18.624958038330078,18.692963297685242,18.310434321827422,18.344436140818363,1231400
2021-02-17,18.76947021484375,19.015990303841754,18.701464952598325,18.78647193574844,1690500
2021-02-18,19.066991806030273,19.151998780089173,18.88847699836927,18.91397957699889,1550200
2021-02-19,18.65896224975586,18.905480717090462,18.556953545821074,18.89697985664812,1442700
2021-02-22,18.777969360351562,18.82897289703427,18.556951872895567,18.786470220027546,1616200
2021-02-23,18.939483642578125,19.458023144439213,18.837474941424052,18.998988042679127,4069100
2021-02-24,18.480449676513672,18.939486468130028,18.454947092077138,18.862980336193967,2735500
2021-02-25,19.169002532958984,19.220007699943924,18.446447169113995,18.514452437053766,3941200
2021-02-26,19.186002731323242,19.500528083920027,18.862978139610888,19.09249488731843,4931700
2021-03-01,18.50594711303711,18.777968119196213,18.463442817466568,18.735465444998763,2672900
2021-03-02,18.87997817993164,18.88847904039387,18.522951768758016,18.522951768758016,2118600
2021-03-03,19.08399772644043,19.08399772644043,18.658964383948426,18.811975025291783,3827500
2021-03-04,19.594036102294922,19.934064067521174,18.956486099555953,19.135000943437085,5628500
2021-03-05,19.194503784179688,20.155078329828065,19.152001102682455,19.271009907973397,6390400
2021-03-08,19.08399772644043,19.194505682084,18.78647406242132,19.032992557952447,2896900
2021-03-09,18.70146369934082,18.905479472405204,18.556952324081895,18.777969816911618,3103500
2021-03-10,18.361440658569336,18.522953782161146,18.225430119136295,18.51445292077489,2685200
2021-03-11,17.97040557861328,18.242426603544793,17.96190471891252,18.174421347311913,2797300
2021-03-12,17.842899322509766,18.02141416746228,17.817396738552688,17.987410722186176,1513400
2021-03-15,17.791893005371094,17.970406201151576,17.791893005371094,17.86839912395509,1653500
2021-03-16,18.080915451049805,18.199924246205146,17.82589451966564,17.82589451966564,2582400
2021-03-17,17.936405181884766,18.33593589122718,17.910902600762483,18.208426228362438,3856700
2021-03-18,18.480449676513672,18.531453224013198,17.902404066940576,18.072418053770384,2536700
2021-03-19,18.344436645507812,18.67596209131346,18.21692698338051,18.53995156886123,2244400
2021-03-22,18.488948822021484,18.573955807546835,18.250929586825176,18.284933029584675,1423100
2021-03-23,19.15200424194336,19.237009618871298,18.60796042563746,18.650464735475065,2874300
2021-03-24,19.602535247802734,19.602535247802734,18.786472093984074,18.91398175909657,2821700
2021-03-25,19.13500213623047,19.942564550549015,19.058496001422853,19.823555728125434,5444600
2021-03-26,18.794973373413086,19.203004959416685,18.78647251269967,18.930983902080953,2434400
2021-03-29,19.313512802124023,19.347516244794903,18.769470690377073,18.93098380031697,3220100
2021-03-30,18.98198890686035,19.432524831128447,18.93948622139338,19.31351439334859,1697900
2021-03-31,18.7354679107666,18.88847853083895,18.607956628646356,18.88847853083895,1707200
2021-04-01,18.488948822021484,18.64196107169244,18.488948822021484,18.60795762893294,1488800
2021-04-05,18.403945922851562,18.505954652406366,18.26793536436099,18.26793536436099,1212000
2021-04-06,18.437944412231445,18.480447092308783,18.259429588885332,18.395440110780793,1363300
2021-04-07,18.75246810913086,18.80347327079829,18.446445245992837,18.446445245992837,1109000
2021-04-08,18.58245277404785,18.85447377362481,18.56545105623103,18.633456306125268,989400
2021-04-09,18.59095573425293,18.69296280993741,18.548451434906703,18.59095573425293,902900
2021-04-12,18.65896224975586,18.769470192759645,18.556953545821074,18.573955266705763,1003500
2021-04-13,18.684463500976562,18.896980151227996,18.590957277399824,18.6759626404017,932600
2021-04-14,18.514453887939453,18.633462710816808,18.284935482641462,18.62496184898648,1378300
2021-04-15,18.44644546508789,18.59945608778761,18.369939343051367,18.369939343051367,861500
2021-04-16,18.403945922851562,18.531455618764753,18.327439781028897,18.352942368761035,927200
2021-04-19,18.64196014404297,18.786471525832965,18.437944361758266,18.488947901986112,1559700
2021-04-20,18.998991012573242,19.186005102320628,18.667463898028647,18.726969928804845,2151100
2021-04-21,18.548450469970703,19.168998615784087,18.548450469970703,19.049989826552245,1834000
2021-04-22,18.624958038330078,18.692963297685242,18.318933560545197,18.497448379710804,2127400
2021-04-23,18.28493309020996,18.59095759056652,18.208426965120818,18.51445146547738,1208600
2021-04-26,18.097917556762695,18.191423774362054,18.04691239657403,18.174422054299164,1001400
2021-04-27,18.05541229248047,18.140419266882436,17.995907896811044,18.029909713747923,913900
2021-04-28,18.03841209411621,18.16592337715603,17.978907693430063,18.097918116175673,739400
2021-04-29,18.089418411254883,18.267931624714986,17.868400893608975,17.868400893608975,1631900
2021-04-30,18.3359375,18.395441906466168,18.11491997500175,18.276433093533832,1303200
2021-05-03,18.242427825927734,18.335935667528634,18.140420745429758,18.140420745429758,867500
2021-05-04,18.471946716308594,18.658962404847937,18.34443705136027,18.36993963289928,1318800
2021-05-05,18.548450469970703,18.624956583440643,18.36143642669593,18.39543824303082,1193100
2021-05-06,18.514453887939453,18.854480254284475,18.505953026109125,18.5314539902265,1297900
2021-05-07,18.28493309020996,18.548453286976223,18.25092964733772,18.50595060475932,780700
2021-05-10,18.75246810913086,18.760968969408765,18.267930422903454,18.29343300373717,2055400
2021-05-11,18.794973373413086,19.194504098703266,18.701465526938904,19.169001516563018,2148200
2021-05-12,19.424020767211914,19.44102248714494,18.828973540541995,18.956483197293192,3549500
2021-05-13,19.066991806030273,19.43252065952232,18.91397957699889,19.29651014957735,2088800
2021-05-14,18.59095573425293,18.95648298039109,18.565453154645194,18.862976764575855,1215800
2021-05-17,18.565452575683594,18.854475316731868,18.565452575683594,18.70996394620773,2143100
2021-05-18,18.70146369934082,18.718465419106163,18.41244094882297,18.556952324081895,606300
2021-05-19,18.862977981567383,19.186002570573276,18.845976260731984,19.02448946538366,2154000
2021-05-20,18.7354679107666,18.990487232260485,18.692963609602085,18.820473270349027,1154500
2021-05-21,18.684463500976562,18.709966082701147,18.480447711299988,18.573955556250098,1164300
2021-05-24,18.55695343017578,18.66746137249089,18.47194644765544,18.582456011343883,712800
2021-05-25,18.726964950561523,18.735465809841173,18.369936967681895,18.48894575485073,1040700
2021-05-26,18.378440856933594,18.66746201322567,18.35293827489015,18.66746201322567,1124900
2021-05-27,18.18292808532715,18.310439400688168,18.14042539445596,18.233933260021047,1945300
2021-05-28,18.191425323486328,18.24242886664503,18.080917376413574,18.089418237168925,564000
2021-06-01,17.995908737182617,18.16592269392585,17.96190529728467,18.038411415681797,862200
2021-06-02,17.9619083404541,18.089419640301564,17.936407377583432,17.936407377583432,935700
2021-06-03,18.131921768188477,18.31893584943868,18.03841391687663,18.114920045882055,1355100
2021-06-04,18.04690933227539,18.14041715537073,17.9959058021202,18.02990761509933,692800
2021-06-07,17.808895111083984,18.00441003108962,17.783392530545875,17.99590917091025,1261600
2021-06-08,17.621883392333984,17.834400080484777,17.57938070325329,17.740893840232516,1313800
2021-06-09,17.732391357421875,17.74939145867617,17.562377373890858,17.57087823520476,912500
2021-06-10,17.851396560668945,17.902400096857797,17.638879934946697,17.664382513727713,881300
2021-06-11,17.655881881713867,17.80039325392264,17.655881881713867,17.766389815109658,597400
2021-06-14,17.715383529663086,17.78338877536461,17.545369604722797,17.621875708808634,469000
2021-06-15,17.77488899230957,17.919400350839446,17.68988202469675,17.723885460291097,542400
2021-06-16,17.808895111083984,17.97040659037214,17.749389089828394,17.8343960702488,987400
2021-06-17,18.004409790039062,18.225427287623734,17.78339229245439,17.851397551605576,1221700
2021-06-18,18.437944412231445,18.497448812889047,18.131919927280002,18.284932169755724,2135400
2021-06-21,18.012910842895508,18.318933701664548,17.978907402269343,18.25942930194205,1583200
2021-06-22,17.936405181884766,18.182923647240155,17.90240174038839,18.0724157051236,701200
2021-06-23,17.87689971923828,17.91940239721192,17.77489102217903,17.91940239721192,1081700
2021-06-24,17.621883392333984,17.808899115585824,17.621883392333984,17.774895667222342,1483900
2021-06-25,17.63888168334961,17.63888168334961,17.51137201955187,17.60487824160443,692100
2021-06-28,17.723888397216797,17.85139805907841,17.570876154433538,17.579377014740754,702000
2021-06-29,17.817398071289062,17.851401519108613,17.63888483435732,17.66438742022198,1078900
2021-06-30,17.817398071289062,17.92790765532897,17.740893556442337,17.876904104973274,632100
2021-07-01,17.647382736206055,17.783393261923095,17.6218801546191,17.698386278006605,842500
2021-07-02,17.83439826965332,17.859900853336505,17.60487988062514,17.61338074185287,983600
2021-07-06,18.072416305541992,18.22542855461253,17.808896110683506,17.817395349966638,1154400
2021-07-07,18.25092887878418,18.403941122519054,18.01291127419511,18.114918355769472,1542400
2021-07-08,18.412446975708008,18.726972408826438,18.225432861194257,18.616462815552218,1890300
2021-07-09,18.02141761779785,18.27643702069995,18.012916754851272,18.208431738501137,1380200
2021-07-12,18.012910842895508,18.15742222281013,17.987408262425884,18.08941696293109,799200
2021-07-13,18.35293960571289,18.35293960571289,18.072417668387146,18.114920353501482,1981400
2021-07-14,18.624958038330078,18.650460618603244,18.18292304183487,18.24242744109898,1379300
2021-07-15,18.726964950561523,18.956481665619545,18.616455401299213,18.726964950561523,1479700
2021-07-16,18.96498680114746,19.007491107129628,18.5314526083703,18.548454330763168,1887500
2021-07-19,19.23700523376465,19.475024450477466,19.007488498454837,19.339013932748216,3125000
2021-07-20,18.65045928955078,19.27950829910264,18.565452316071198,19.194501325623058,3026600
2021-07-21,18.318933486938477,18.556952704411813,18.318933486938477,18.548451844354915,1498100
2021-07-22,18.6164608001709,18.692966934501793,18.378443156806856,18.386942397178206,1371500
2021-07-23,18.539953231811523,18.752469894876587,18.4974505477479,18.4974505477479,1244400
2021-07-26,18.46344757080078,18.556955423756072,18.31893617140329,18.4719484321034,728800
2021-07-27,18.684463500976562,18.87147919087678,18.573955556250098,18.573955556250098,1500200
2021-07-28,18.412446975708008,18.70997068349598,18.26793555314664,18.56545926093461,1065500
2021-07-29,18.259431838989258,18.301936145677704,18.114920438995572,18.24243011631388,1409800
2021-07-30,18.378440856933594,18.454945360317144,18.148922482662773,18.335936553527855,1769200
2021-08-02,18.488948822021484,18.505950543401234,18.097918958527615,18.25943044751505,1007800
2021-08-03,18.39544105529785,18.718467277415392,18.386940194571242,18.429444498204287,1450200
2021-08-04,18.624958038330078,18.650460618603244,18.378439581182587,18.54845191888386,1779000
2021-08-05,18.28493309020996,18.565455008412343,18.26793136877384,18.55695414769428,1118400
2021-08-06,18.191425323486328,18.284933170421784,18.04691393339217,18.148922641082976,809300
2021-08-09,18.293437957763672,18.352942374450024,18.199930090757263,18.23393354107732,556900
2021-08-10,18.25092887878418,18.352937581731872,18.199925337996994,18.25092887878418,463100
2021-08-11,18.148923873901367,18.420944951056804,18.148923873901367,18.19992742052463,896500
2021-08-12,18.191425323486328,18.310435752687837,18.157423501838327,18.157423501838327,744600
2021-08-13,18.361440658569336,18.395442482740833,18.191426673591273,18.225430119136295,584200
2021-08-16,18.539953231811523,18.6504628045745,18.437946141509435,18.48044882557306,675700
2021-08-17,18.75246810913086,18.981986472514357,18.66746112772512,18.726967149670454,1458700
2021-08-18,18.905479431152344,18.93098201074471,18.616456681265156,18.794971495665237,1858300
2021-08-19,19.15200424194336,19.24551048083882,18.964988521405168,19.109499932105756,3187700
2021-08-20,18.828968048095703,19.185995955677274,18.777964524547702,19.143493289616067,1512100
2021-08-23,18.454944610595703,18.650461155572575,18.42944365096161,18.650461155572575,1354700
2021-08-24,18.27643585205078,18.454949098392824,18.26793498964777,18.395444682945474,622700
2021-08-25,18.208423614501953,18.361435836523725,18.09791568824906,18.28492972551284,1691300
2021-08-26,18.39544105529785,18.446446219657503,18.165924301173007,18.250929665692297,1161600
2021-08-27,17.87689971923828,18.361437382179954,17.83439541989141,18.361437382179954,2181700
2021-08-30,17.953405380249023,17.995908057142085,17.800393149236886,17.800393149236886,1033000
2021-08-31,17.91090202331543,18.046912542169288,17.86839934418858,17.987408142842384,771400
2021-09-01,17.808895111083984,17.99590917091025,17.740889851022317,17.84289693042817,1132900
2021-09-02,17.681386947631836,17.774894804720418,17.61338167557839,17.723891256023727,776100
2021-09-03,17.749385833740234,17.81739108132648,17.68138058615399,17.723884879253514,727500
2021-09-07,17.87689971923828,17.893899817603796,17.68138318498915,17.783391882048402,597900
2021-09-08,18.080915451049805,18.16592242817786,17.910901496793695,17.93640407634408,940200
2021-09-09,18.072416305541992,18.140421569420745,17.876901374562255,18.106418126794676,863700
2021-09-10,18.267929077148438,18.267929077148438,17.9619046151812,17.978906334484535,1312000
2021-09-13,18.148923873901367,18.36994140443354,18.11492042857018,18.131922151235774,1286800
2021-09-14,18.386940002441406,18.463446126808055,18.080917126348194,18.089417986985975,1613400
2021-09-15,18.174423217773438,18.429444170922682,18.157423117995517,18.395440728620102,1079000
2021-09-16,18.191425323486328,18.35293843509119,18.106418337306224,18.19992618424168,756700
2021-09-17,18.199928283691406,18.318937105247755,18.14042387291323,18.23393173063527,1031800
2021-09-20,18.599454879760742,18.83747409078994,18.463444365279265,18.590955641307225,2273700
2021-09-21,18.565452575683594,18.718464805811877,18.429442064763602,18.454943022202862,1404900
2021-09-22,18.293437957763672,18.4549494826627,18.148926536650926,18.4549494826627,1723400
2021-09-23,17.953405380249023,18.225426403660293,17.89389936267626,18.191422965047288,1947200
2021-09-24,18.03841209411621,18.140420796273403,17.944905873626542,18.063914674998838,777300
2021-09-27,17.78339385986328,17.99591051611338,17.67288591201753,17.987409655298567,1894800
2021-09-28,18.18292808532715,18.208430672674098,17.842901694236456,17.859903419134422,1856100
2021-09-29,18.216930389404297,18.2679339395167,18.063918117693465,18.089420703436478,1107000
2021-09-30,18.36994171142578,18.38694181300196,18.063917183824977,18.10641986982574,1335200
2021-10-01,18.072416305541992,18.463446167501466,17.97890845969369,18.25943037586521,1530800
2021-10-04,18.242427825927734,18.34443652779902,18.072415484640008,18.089417205180773,1691100
2021-10-05,18.18292808532715,18.276435950892235,18.02141656291765,18.19142894777613,1116600
2021-10-06,18.267929077148438,18.53144924085734,18.250927357845104,18.378438631246915,1944400
2021-10-07,17.987407684326172,18.140419919479655,17.85989802882268,18.123418199712994,1105100
2021-10-08,18.114913940429688,18.13191565700585,17.927899922210706,17.97890345056626,812300
2021-10-11,18.216930389404297,18.23393211323297,17.970410258009373,18.089420703436478,995400
2021-10-12,18.114913940429688,18.225423476801808,18.055409553786056,18.174418327073322,909400
2021-10-13,18.05541229248047,18.2679289177988,18.03841057332544,18.106415828572377,1639200
2021-10-14,17.791893005371094,17.90240094256283,17.774891285380594,17.876899983950338,1006800
2021-10-15,17.825895309448242,17.842897029901767,17.570875988138585,17.60487780767233,881700
2021-10-18,17.825895309448242,17.936404871022848,17.791893489914496,17.936404871022848,827500
2021-10-19,17.766389846801758,17.85989768233106,17.698384590427686,17.749388127364938,468500
2021-10-20,17.647382736206055,17.817395082665673,17.60487843356113,17.749389819807153,1102400
2021-10-21,17.604881286621094,17.70689000812716,17.52837677220857,17.66438731996758,542100
2021-10-22,17.647382736206055,17.77489240139411,17.57087661281855,17.60487843356113,900300
2021-10-25,17.47736930847168,17.647383281558557,17.451868347470036,17.61337983839182,837600
2021-10-26,17.613380432128906,17.613380432128906,17.4008637692932,17.451868935762665,920100
2021-10-27,17.936405181884766,17.936405181884766,17.647382414658907,17.655883275033002,1434800
2021-10-28,17.570877075195312,17.84289813378761,17.56237621444263,17.84289813378761,919100
2021-10-29,17.570877075195312,17.66438492210144,17.519873532052607,17.587878796700682,626700
2021-11-01,17.11184310913086,17.502874660559435,17.103343868367638,17.477372074148768,1106200
2021-11-02,17.08633804321289,17.205346841818784,17.052334602826477,17.077837183116287,519000
2021-11-03,16.771814346313477,17.120341537512456,16.695308219330926,17.094840576100562,1017200
2021-11-04,16.788816452026367,16.848320858512526,16.618802472317217,16.712310323294595,1045700
2021-11-05,16.550798416137695,16.65280713570437,16.44029045619959,16.584801863117786,1659200
2021-11-08,16.499792098999023,16.533795540274618,16.37228243696218,16.423285977502253,649200
2021-11-09,16.593299865722656,16.70380780661948,16.508292884293315,16.542294704041066,579900
2021-11-10,16.848318099975586,16.933325075912162,16.57629707407711,16.669804909744663,791500
2021-11-11,16.72081184387207,16.831319800079925,16.64430571212296,16.780316252705035,548700
2021-11-12,16.703805923461914,16.754809458020144,16.652802388903684,16.678304966869362,548300
2021-11-15,16.763315200805664,16.831320473818874,16.61880379298089,16.61880379298089,506800
2021-11-16,16.729305267333984,16.873816605123118,16.712303551976955,16.814312222746324,506900
2021-11-17,16.94182777404785,16.99283131659505,16.797316385686305,16.797316385686305,583500
2021-11-18,17.01833152770996,17.15434203647028,16.86531930001131,16.86531930001131,580000
2021-11-19,17.171342849731445,17.19684380542077,17.052332444813324,17.154341131689847,1081600
2021-11-22,17.239349365234375,17.25634946315006,16.958827482460695,17.069335415092002,792900
2021-11-23,17.273353576660156,17.468868511462546,17.162845628711587,17.264852715837435,820000
2021-11-24,17.264854431152344,17.477371108714344,17.222351744189375,17.409365836749448,651700
2021-11-26,17.91090202331543,18.1404203818963,17.664383565907787,17.75788978426152,3124500
2021-11-29,17.91090202331543,18.029910821969235,17.596378306480858,17.647381845707734,1281200
2021-11-30,18.28493309020996,18.46344630116902,17.995910311289517,18.09791901853284,2028000
2021-12-01,18.692964553833008,18.692964553833008,17.783393540820477,17.87690138673244,1859600
2021-12-02,18.165922164916992,18.641958960012847,18.114917006555388,18.616456380832044,1832800
2021-12-03,18.55695343017578,18.70146481404836,18.097918318763274,18.097918318763274,2129300
2021-12-06,18.165922164916992,18.62495724055898,18.029910030659256,18.395438892051384,1780500
2021-12-07,17.740890502929688,17.919403709136237,17.59637911731676,17.893901127661007,1121800
2021-12-08,17.630380630493164,17.83439641461756,17.562375369118364,17.706886752211478,1220100
2021-12-09,18.012910842895508,18.02141170305205,17.681383782283554,17.749389042162594,1106300
2021-12-10,18.072416305541992,18.208426833299495,17.84289793193619,17.893901474501906,1196100
2021-12-13,18.3359375,18.437946212065913,18.097919874135325,18.131921697241648,1390700
2021-12-14,18.488948822021484,18.56545494685696,18.21692776543907,18.46344623995186,1346300
2021-12-15,18.18292808532715,18.76097376086819,18.148926256904943,18.480451785546652,1909300
2021-12-16,18.55695343017578,18.633459552306757,18.004410475853565,18.038412296037702,2276600
2021-12-17,18.386940002441406,18.811973306090174,18.208426793168147,18.641960957454696,2543700
2021-12-20,18.65896224975586,18.930983298417495,18.59095698759045,18.65896224975586,2884700
2021-12-21,18.106414794921875,18.454941910837526,18.09791555720274,18.454941910837526,1639400
2021-12-22,17.936405181884766,18.199925367988342,17.936405181884766,18.114918385620737,1956100
2021-12-23,17.791893005371094,17.927903522548583,17.7323886067776,17.876899983950338,1040900
2021-12-27,17.613380432128906,17.902403223295345,17.613380432128906,17.774893549868615,954600
2021-12-28,17.732391357421875,17.75789231999007,17.502872966067052,17.63038264302856,652200
2021-12-29,17.706886291503906,17.851397670837045,17.681383711136903,17.74088973199325,765700
2021-12-30,17.723888397216797,17.732389257524012,17.519872613963557,17.723888397216797,1100700
2021-12-31,17.740890502929688,17.75789060253982,17.621880077418638,17.740890502929688,977200
2022-01-03,17.519872665405273,17.723888449257544,17.417863962792477,17.66438404830563,1262700
2022-01-04,17.545373916625977,17.672885202354493,17.383862431750327,17.477368654211663,939200
2022-01-05,18.131921768188477,18.131921768188477,17.48587091290575,17.570877903064382,1961600
2022-01-06,18.03841209411621,18.267930457939908,17.893900711861285,18.114918215390777,3577300
2022-01-07,18.242427825927734,18.250928686198115,17.893900661708585,18.038412043558473,1616800
2022-01-10,18.301937103271484,18.65896519126727,18.301937103271484,18.33593892902777,3212800
2022-01-11,18.106414794921875,18.497446206298637,18.089414698110517,18.284929593112356,1534800
2022-01-12,18.259431838989258,18.352939692330324,17.9619081776642,18.029913446992197,2091700
2022-01-13,18.412446975708008,18.46345053032562,18.07242057596766,18.165928443911415,1973400
2022-01-14,18.378440856933594,18.70996631663141,18.378440856933594,18.59095750984212,2149100
2022-01-18,18.939483642578125,18.96498460183667,18.548452179756357,18.565453900177584,2299500
2022-01-19,19.24550437927246,19.25400523854488,18.79497018744599,18.86297544025224,4685700
2022-01-20,19.594036102294922,19.636540408634954,18.820475562014852,19.177503628403617,3927600
2022-01-21,19.94255828857422,19.951059147702857,19.373015319313264,19.696039859336068,6147500
2022-01-24,19.466522216796875,20.537606184363842,19.41551868159078,20.240082589810825,13459200
2022-01-25,19.75554656982422,20.172078987761605,19.483525531283338,19.781049150202406,10578500
2022-01-26,20.053071975708008,20.265588633677467,19.29651319217623,19.46652554572774,7475200
2022-01-27,20.512107849121094,20.588613978442545,19.670542047958595,19.874557852357974,5769000
2022-01-28,20.121078491210938,20.86063722028617,20.104076768387706,20.503609147865976,9106100
2022-01-31,19.4835262298584,20.248585833528892,19.4835262298584,20.206083152747944,3896400
2022-02-01,19.296512603759766,19.789551170359548,19.254008300637917,19.44102399162729,4389400
2022-02-02,19.466522216796875,19.662037119564545,19.228504638252986,19.237003876309707,4938500
2022-02-03,19.84905433654785,19.883056155553273,19.483525459343227,19.738544776690357,4405300
2022-02-04,19.75554656982422,20.09557286800032,19.577033371296746,19.874555368842532,5055300
2022-02-07,19.628036499023438,19.781048735336896,19.47502426270998,19.730043575650242,2340100
2022-02-08,19.305009841918945,19.65353860589727,19.279508884062558,19.645037746154074,2947600
2022-02-09,18.947986602783203,19.160503267481765,18.93098488047768,19.126499822870727,2863200
2022-02-10,19.211505889892578,19.347516419054337,18.71846731633785,19.271010293729173,5894900
2022-02-11,19.441024780273438,19.577035313034006,18.981988016176437,19.211506398224937,8066300
2022-02-14,19.500530242919922,19.628039921624303,19.22000830122087,19.407022388562392,5296400
2022-02-15,18.956485748291016,19.296513707216526,18.947986508554003,19.27101112388507,3736200
2022-02-16,18.939483642578125,19.143499423512974,18.85447666184528,19.0414907223589,3699300
2022-02-17,19.407018661499023,19.449521339113453,19.06699237646392,19.12649677367341,4985000
2022-02-18,19.585535049438477,19.64503945143291,19.271009697130715,19.441023664006263,5177500
2022-02-22,19.84905433654785,19.97656399522142,19.483525459343227,19.679040377400913,5597900
2022-02-23,20.223087310791016,20.26558999669417,19.628039979905655,19.679043527264145,4131400
2022-02-24,19.679044723510742,20.750129011389173,19.64504289699603,20.72462642547291,8033400
2022-02-25,19.23700523376465,19.78954978608464,19.23700523376465,19.628036688266185,4927700
2022-02-28,19.169002532958984,19.449524465882217,19.04999371940776,19.432524364927385,3661400
2022-03-01,19.543031692504883,19.687543084928407,19.117998376126682,19.228507946354135,5723000
2022-03-02,19.041492462158203,19.407021377746087,18.973487195633023,19.398520516758758,4652400
2022-03-03,19.296512603759766,19.42402227037855,18.973486385527238,18.973486385527238,4878200
2022-03-04,19.594036102294922,19.747048362372034,19.381519434715266,19.49202900982585,4284300
2022-03-07,20.06157112121582,20.078572841529258,19.500527321858684,19.55153086142571,4805200
2022-03-08,19.959564208984375,20.095574740931156,19.475026486252293,19.993567652657788,10622100
2022-03-09,19.390018463134766,19.670540372968535,19.322013200792437,19.594034250161748,6651200
2022-03-10,19.449525833129883,19.75555037105826,19.415524007456504,19.67054337481442,3602700
2022-03-11,19.747045516967773,19.764047237053965,19.254006984081144,19.34751482318192,3985400
2022-03-14,20.112579345703125,20.231588172871913,19.65354413992804,19.65354413992804,3659400
2022-03-15,19.823551177978516,20.121074787119774,19.815050318131824,20.07007124941286,4212000
2022-03-16,19.211505889892578,19.772549728028185,19.203005029148294,19.62803833812214,4042400
2022-03-17,18.888477325439453,19.356014880172626,18.879976465749046,19.28800962402257,3417900
2022-03-18,18.71846580505371,18.990486841414903,18.675961504763983,18.964984261241064,2332100
2022-03-21,18.854480743408203,18.998992155525457,18.61646147010518,18.692967607189235,1787100
2022-03-22,18.667461395263672,18.820473639712283,18.548452592414016,18.77797095908693,2101100
2022-03-23,18.98198890686035,18.99899062959655,18.692966105839087,18.79497482088275,2641600
2022-03-24,18.76947021484375,19.049992124277793,18.76947021484375,18.913981599786943,1739300
2022-03-25,18.7354679107666,18.88847853083895,18.70146446983499,18.7354679107666,1538100
2022-03-28,18.7354679107666,19.024489051818794,18.7354679107666,18.777970590557814,1432700
2022-03-29,18.233924865722656,18.582451958811937,18.191420573045317,18.556949383205534,2811300
2022-03-30,18.59095573425293,18.675961090198918,18.233927726610784,18.259428684845286,2422200
2022-03-31,18.80347442626953,18.80347442626953,18.471947340552184,18.624959592210434,2122200
2022-04-01,18.59095573425293,18.820472465229628,18.582454874383686,18.71846538954515,2102800
2022-04-04,18.548450469970703,18.735466134618623,18.514448653635814,18.56545218882472,1953300
2022-04-05,18.990488052368164,19.03299073399486,18.4294442237542,18.556953890007666,2561400
2022-04-06,19.254009246826172,19.39001978075321,19.10949785185701,19.160503018109743,3184400
2022-04-07,19.313512802124023,19.59403471866522,19.160502174225233,19.262509259491093,2798800
2022-04-08,19.475025177001953,19.51752785736295,19.245506811756588,19.3560163748925,1826400
2022-04-11,19.61103630065918,19.670540703537036,19.339015246718485,19.551531897781324,3084100
2022-04-12,19.543031692504883,19.619537819162833,19.10099665434193,19.40702116097373,2800800
2022-04-13,19.169002532958984,19.50903049403131,19.11799898734753,19.50903049403131,2214400
2022-04-14,19.356014251708984,19.364515111123378,19.041488938868945,19.14349763046854,1574200
2022-04-18,19.49202537536621,19.59403244881517,19.339013143819574,19.41551925959289,1455700
2022-04-19,19.092496871948242,19.47502752684642,19.032992463713754,19.47502752684642,1726700
2022-04-20,19.015993118286133,19.075497528886107,18.879980952291586,18.947987845975653,2248400
2022-04-21,19.449525833129883,19.526031967611974,18.794975691211604,18.85448010217021,2582200
2022-04-22,19.959564208984375,19.985066791739435,19.492028208089,19.551532613144037,2516800
2022-04-25,19.832056045532227,20.316593805097487,19.806553460838533,20.129579714797746,3909500
2022-04-26,20.46109962463379,20.47810134312275,19.951059419576776,19.976561997310217,3279000
2022-04-27,20.537607192993164,20.614113310246204,20.231582723981003,20.469601935587487,3548800
2022-04-28,20.155078887939453,20.77562875604681,20.053071800972088,20.31659200057343,3144400
2022-04-29,20.733123779296875,20.78412894249907,20.027568568733475,20.265587799556965,2941900
2022-05-02,20.52910804748535,21.030647470749606,20.42710096354507,20.73312383673928,4205200
2022-05-03,20.33359718322754,20.656621842104954,20.231588457523586,20.51211042649234,4045700
2022-05-04,19.789552688598633,20.639619359771494,19.755549243492435,20.274090431747403,6922400
2022-05-05,20.605613708496094,20.8351320742687,20.002067214842207,20.002067214842207,6559500
2022-05-06,20.9371395111084,21.166657880774686,20.63961750010398,20.69062104179426,7829300
2022-05-09,21.821208953857422,21.923217655835124,21.175158164994148,21.251664286134094,6079800
2022-05-10,21.812707901000977,22.288744722823083,21.328170218974673,21.489683320107876,6005300
2022-05-11,22.365251541137695,22.399254983015485,21.421678728255923,21.81270858161041,8349200
2022-05-12,22.09322738647461,22.586265874794094,21.8892116280017,22.467257087694843,5577700
2022-05-13,21.396177291870117,21.79570802707505,21.234664177053894,21.787207166150676,4962600
2022-05-16,21.506683349609375,21.6256937707101,21.243163169624363,21.48118239045252,4334900
2022-05-17,20.835134506225586,21.285670429992685,20.826633644866938,21.124157306925458,4372900
2022-05-18,21.58319091796875,21.693700486307492,20.98814525803321,21.09015234425146,4315700
2022-05-19,21.54068946838379,21.74470527386955,21.260167533169177,21.74470527386955,6405300
2022-05-20,21.591693878173828,22.11873594612615,21.243166660521354,21.28567096838968,5504900
2022-05-23,21.336669921875,21.659694485247208,21.24316208607398,21.37067173947424,3942200
2022-05-24,21.65119743347168,22.05072980480082,21.4981867953041,21.53218861888351,4621500
2022-05-25,21.26016616821289,21.74470387780472,21.13265650064242,21.74470387780472,3839400
2022-05-26,20.792631149291992,21.141159995424054,20.665121465834385,21.115657410183097,3004800
2022-05-27,20.214584350585938,20.69912205361902,20.214584350585938,20.665118611328026,2438300
2022-05-31,20.48660659790039,20.597114549042594,20.25708821317412,20.308091758211027,3046000
2022-06-01,20.58860969543457,20.86063233275223,20.291087722603482,20.37609307405628,2184200
2022-06-02,20.10407257080078,20.605611939753533,20.095571711164087,20.563109262943243,2173800
2022-06-03,20.265586853027344,20.410098232603918,20.180579873034073,20.25708599289069,1798800
2022-06-06,20.18907928466797,20.299587215769325,20.027566196406138,20.036067055932882,2102200
2022-06-07,19.857555389404297,20.393096609581203,19.8490545292271,20.350593930068523,1936500
2022-06-08,20.172080993652344,20.248587121021316,19.87455734514783,19.951063472516804,2115500
2022-06-09,20.58860969543457,20.58860969543457,20.214581609197445,20.28258686318357,1702400
2022-06-10,21.141155242919922,21.251663178041515,20.818129054644682,20.928638611139505,3985700
2022-06-13,22.144237518310547,22.229244515010834,21.57469274820431,21.719204156182716,4823700
2022-06-14,22.220741271972656,22.441758791159163,21.991224513263163,22.06772901858404,3795800
2022-06-15,21.906213760375977,22.322746144465086,21.62569188450481,21.99122073335548,3613900
2022-06-16,22.934797286987305,23.07080781806982,22.356751719199895,22.416257745250242,4129900
2022-06-17,22.74778175354004,22.951797537082644,22.42475554690093,22.849788834624682,4090000
2022-06-21,22.339750289916992,22.518263493328526,22.076228482919028,22.356750389260952,3285000
2022-06-22,22.38224983215332,22.696775135830674,22.19523579460412,22.637269121663422,1893800
2022-06-23,22.110233306884766,22.560769205824474,22.076229863323988,22.32274996501933,3006800
2022-06-24,21.438678741455078,21.974221599259366,21.430177881019876,21.93171729708336,3028200
2022-06-27,21.345170974731445,21.54068588647225,21.20065960053754,21.353671834551466,2647000
2022-06-28,21.736202239990234,21.75320396075801,21.056149623012466,21.217661106186352,2003800
2022-06-29,21.965721130371094,22.186738641506018,21.719201037475973,21.727701898062705,2616900
2022-06-30,22.13573455810547,22.484261726772598,21.906216191995895,22.29724604118406,2776400
2022-07-01,21.880714416503906,22.38225384771069,21.838211734417932,22.19523977660965,2622100
2022-07-05,21.702199935913086,22.467259518297137,21.69369907571875,22.229240296975597,2818500
2022-07-06,21.863710403442383,22.07622703434379,21.5916893753083,21.736200749176184,2231300
2022-07-07,21.345170974731445,21.69369812048617,21.302666675631343,21.69369812048617,1964200
2022-07-08,21.345170974731445,21.574687704379105,21.17515702107748,21.404675372098367,2439900
2022-07-11,21.770204544067383,21.829708942272262,21.430176631971083,21.506682750055425,2418200
2022-07-12,21.846710205078125,21.965718998997996,21.625692715388922,21.846710205078125,2962700
2022-07-13,21.863710403442383,22.186736590381525,21.753202468777868,22.152733151178154,3041400
2022-07-14,22.101728439331055,22.424752987732486,22.04222404526025,22.1952362707984,2415500
2022-07-15,21.642696380615234,22.127235738663163,21.61719541849983,21.83821294461639,1632200
2022-07-18,21.702199935913086,21.76170433590015,21.24316321365868,21.379173734021474,1736300
2022-07-19,20.92864227294922,21.43018012003991,20.91164055030248,21.421680880090054,2134300
2022-07-20,20.605613708496094,20.962641737017925,20.58011112739692,20.937139155918747,2959900
2022-07-21,20.512107849121094,20.903139356916686,20.50360860930625,20.733125375897128,2595100
2022-07-22,20.8436336517334,20.99664590084599,20.418600347031038,20.46110302895192,3028600
2022-07-25,20.733123779296875,20.971143010120365,20.673619376934344,20.78412894249907,1847700
2022-07-26,20.8436336517334,20.94564073689287,20.75862666651825,20.809630209097985,1820800
2022-07-27,20.376096725463867,20.76712822198702,20.282590497834793,20.69912295581431,2599500
2022-07-28,20.10407257080078,20.563109262943243,20.08707085152739,20.274086520788327,3162900
2022-07-29,19.9765625,20.19757998179882,19.917058105164386,20.087070430212833,2062700
2022-08-01,19.985069274902344,20.29109382049314,19.85755958803072,20.112578961773963,2063200
2022-08-02,20.0020694732666,20.163580974344256,19.781051942905403,20.061573881176635,1747500
2022-08-03,19.70454216003418,19.92555964942898,19.662037861281405,19.849053533047197,1646500
2022-08-04,19.747045516967773,19.84055335606855,19.67904025799628,19.687541118039377,2011700
2022-08-05,19.602535247802734,19.976565003989634,19.577034287604253,19.942561561893843,2547900
2022-08-08,19.390018463134766,19.47502544640601,19.21150525750116,19.458023725477094,3213300
2022-08-09,19.662038803100586,19.764047503620294,19.45802302343446,19.475024743749962,1918500
2022-08-10,19.092496871948242,19.35601871037744,19.066995909204046,19.305013542142003,3028400
2022-08-11,19.032987594604492,19.06699103139586,18.72696477034768,18.92247966777875,1744500
2022-08-12,18.65896224975586,19.007489421025248,18.64196052887117,18.947985019302184,1927000
2022-08-15,18.58245277404785,18.8459729147164,18.57395191513944,18.811969479082755,1809200
2022-08-16,18.59095573425293,18.777969787256634,18.49744789706446,18.650460131964415,1850500
2022-08-17,18.905479431152344,19.024488226503575,18.75246719634463,18.811971594020246,2451900
2022-08-18,18.786468505859375,18.97348253754737,18.752465070258076,18.888475569917173,1416200
2022-08-19,19.186002731323242,19.254007993861283,18.95648436224235,18.990487804198047,2504900
2022-08-22,19.594036102294922,19.64504126990296,19.424023741055297,19.45802556475382,3024300
2022-08-23,19.56003189086914,19.602534570647293,19.347515249231762,19.55153103063885,1390000
2022-08-24,19.398517608642578,19.636536816484938,19.31351063288651,19.56853156015472,1753700
2022-08-25,19.109498977661133,19.347518236742687,19.109498977661133,19.31351479057094,1499600
2022-08-26,19.747045516967773,19.772548097097058,19.109495606095066,19.11799646613816,3406800
2022-08-29,19.91706085205078,20.00206783698543,19.738546021550686,19.968064394462218,2343100
2022-08-30,20.206083297729492,20.316591241376877,19.84905526393842,19.86605698492213,2746400
2022-08-31,20.33359718322754,20.36759901087973,20.087077041910973,20.172084043101986,2240200
2022-09-01,20.563112258911133,20.852135043175576,20.520607954534935,20.537609676285413,2951500
2022-09-02,20.724618911743164,20.82662759705123,20.282585599069673,20.316587413256997,2699800
2022-09-06,20.894638061523438,21.013646872939955,20.614116133632045,20.656618817316954,3161300
2022-09-07,20.469606399536133,20.96264502859094,20.435604574104897,20.96264502859094,2599900
2022-09-08,20.308086395263672,20.75862218467059,20.29958553644018,20.648114262711253,2156300
2022-09-09,19.900056838989258,20.146576904771788,19.883055119685665,20.121074325816398,2010600
2022-09-12,19.670541763305664,19.840555741864947,19.653541662548506,19.772550474715928,1856400
2022-09-13,20.427101135253906,20.495106398910195,20.061572235086327,20.172080180512783,2671700
2022-09-14,20.350595474243164,20.622616535060793,20.316592030954254,20.401599017803115,2567600
2022-09-15,20.49510383605957,20.58861004853594,20.1720776580556,20.48660297649387,1861200
2022-09-16,20.818134307861328,21.047652717230083,20.733127309423978,20.79263172191803,3511000
2022-09-19,20.639619827270508,21.047651449545985,20.614117242863212,21.030649726607788,2270300
2022-09-20,20.92013931274414,21.064650697995816,20.809629748001086,20.82663146894207,2833000
2022-09-21,21.226158142089844,21.234659000942067,20.56310736534682,20.758622254828836,4632800
2022-09-22,21.71070098876953,21.79570634872065,21.217660821362507,21.285667703520698,4885100
2022-09-23,22.254745483398438,22.535267417165077,21.999724511827456,22.033727956586315,4807700
2022-09-26,22.55226707458496,22.62027233650241,21.9147171360939,22.382253109104678,5376100
2022-09-27,22.49275779724121,22.662771738122277,22.076225425593016,22.263241084836807,6898200
2022-09-28,21.761703491210938,22.43325520676403,21.617192116263073,22.339748991002402,6260400
2022-09-29,22.27174949645996,22.56077232114274,22.033730222787778,22.05073194691586,3757200
2022-09-30,22.40775489807129,22.43325585703036,21.812707661302618,22.31424705822594,2454700
2022-10-03,21.829708099365234,22.3822510031266,21.702198447939256,22.101729121440176,3271500
2022-10-04,20.97114372253418,21.421679617885278,20.97114372253418,21.413178757062795,3924500
2022-10-05,21.12415313720703,21.523683813958485,21.056147881135015,21.294165466700477,3183000
2022-10-06,21.268665313720703,21.35367229237022,20.962640839131748,21.23466187371159,2301500
2022-10-07,21.88921356201172,21.974220540896127,21.43017684885988,21.48968286904025,2940300
2022-10-10,22.025224685668945,22.152734346817166,21.77020536337251,21.81270804329748,2721300
2022-10-11,21.99972152709961,22.39075298190736,21.702199532692184,22.118731946235847,3459400
2022-10-12,22.06772804260254,22.297246412534637,21.92321827787495,21.9912235406652,3707200
2022-10-13,21.5236873626709,22.696780250043084,21.43868037322207,22.52676627114543,8695700
2022-10-14,22.101728439331055,22.118730158029326,21.21765852349871,21.36216988968772,3848000
2022-10-17,21.396177291870117,21.676699216880696,21.345173747697313,21.676699216880696,3533300
2022-10-18,21.141155242919922,21.33667015502833,20.767125517001887,20.93713784960228,3979900
2022-10-19,21.515186309814453,21.736203831861992,21.25166610410808,21.336673092799202,2478300
2022-10-20,21.78720474243164,21.863710860866636,21.22616095482384,21.498183610022302,5224400
2022-10-21,21.319669723510742,21.89771525629924,21.26016532243663,21.73620215240285,3907300
2022-10-24,21.243162155151367,21.532184901864166,21.175156898358548,21.251663014922123,3072600
2022-10-25,20.6566162109375,21.226160855868816,20.571610854293354,21.21765999592975,2139900
2022-10-26,20.554609298706055,20.6396162774029,20.18057956526389,20.546108438699044,3289600
2022-10-27,20.554609298706055,20.580110257353827,20.231583103932696,20.384595341312366,3356300
2022-10-28,20.10407257080078,20.605611939753533,20.07007075362719,20.486603147586166,3220500
2022-10-31,20.078575134277344,20.2655892149602,19.985067283249176,20.1975839473143,1975700
2022-11-01,20.036069869995117,20.12107685582862,19.832054076818746,19.874556759048797,1893900
2022-11-02,20.71612548828125,20.73312558945953,19.900060640904336,20.13807989250875,3864700
2022-11-03,20.8436336517334,21.124155567982022,20.682120541961954,20.99664590084599,2948300
2022-11-04,20.59711456298828,20.962643482309428,20.43560306669982,20.563112740065144,2450300
2022-11-07,20.48660659790039,20.70762412155826,20.384597886453115,20.478105736831996,1778700
2022-11-08,20.503604888916016,20.733121613860956,20.23158224436868,20.41009705418496,1745800
2022-11-09,21.073150634765625,21.10715245378384,20.614113917720104,20.690620037227692,3611100
2022-11-10,19.78105354309082,20.282593052295216,19.772552681076924,20.20608691554379,6459000
2022-11-11,19.619537353515625,19.747047021128104,19.407020700370364,19.713045199739028,3907600
2022-11-14,19.823551177978516,19.849053757518586,19.526027568837257,19.730043341038147,2282900
2022-11-15,19.551530838012695,19.696042217757284,19.33051333832254,19.517527397426537,2726300
2022-11-16,19.900056838989258,19.951060375526847,19.653538394579922,19.653538394579922,3773800
2022-11-17,20.087072372436523,20.299589015325232,20.044569692408107,20.18908107442736,3001500
2022-11-18,19.968063354492188,20.08707215437849,19.789550154662738,19.874555513796782,1757400
2022-11-21,20.078575134277344,20.214585669569143,20.02756996751281,20.078575134277344,2338500
2022-11-22,19.84905433654785,20.11257451398966,19.840553476453177,19.97656399522142,2766300
2022-11-23,19.832056045532227,19.976567449382703,19.764050774389272,19.91706303980431,2612500
2022-11-25,19.78105354309082,19.883060644510294,19.704547406339394,19.840557955814454,661700
2022-11-28,20.18907928466797,20.24858367998202,19.866054729517476,19.94255922251185,2107600
2022-11-29,20.138076782226562,20.180579460668064,20.01056712552881,20.180579460668064,2228000
2022-11-30,19.602535247802734,20.316591318080743,19.585535148128198,20.104074669102133,3638700
2022-12-01,19.628036499023438,19.730043575650242,19.398518144553247,19.500526842553302,2841300
2022-12-02,19.526029586791992,19.917061073285513,19.449523461638332,19.908560212560282,1391000
2022-12-05,20.0700740814209,20.138079348417147,19.63653989630477,19.653541618397195,3749700
2022-12-06,20.376096725463867,20.486606296352917,20.06157297743013,20.07857469931667,2585600
2022-12-07,20.452606201171875,20.486609650512147,20.231588644581233,20.435606097875446,2641900
2022-12-08,20.316593170166016,20.46110456950024,20.104076501814124,20.316593170166016,1899200
2022-12-09,20.571611404418945,20.571611404418945,20.325091323713394,20.42710002433683,1552500
2022-12-12,20.308086395263672,20.631112545064266,20.28258544016623,20.546105578202372,2121100
2022-12-13,20.155078887939453,20.299590278954398,19.57703494525309,19.679042032220455,2789200
2022-12-14,20.299589157104492,20.444100540133064,19.993566291741235,20.180580355095078,3253000
2022-12-15,20.801132202148438,20.886139199025706,20.48660842148824,20.546112832890245,3478400
2022-12-16,20.97964096069336,21.175155861729646,20.89463398852054,21.030644495447795,2697600
2022-12-19,21.251665115356445,21.31967037887065,20.89463707656352,20.954141479466777,2255700
2022-12-20,21.149662017822266,21.362178725330573,21.02215231759204,21.294173443782867,2995500
2022-12-21,20.792631149291992,21.005147828845868,20.690624051075343,20.971146003231517,1754200
2022-12-22,21.079378128051758,21.42074423937299,20.97696748077438,20.985501837027662,2792300
2022-12-23,20.99403953552246,21.23299503760792,20.98550517791051,21.104982928953245,1737500
2022-12-27,21.13058090209961,21.207388474308004,20.97696575768282,20.994034468787326,1325600
2022-12-28,21.454879760742188,21.489017185316357,21.0367060762806,21.13911672224111,2491300
2022-12-29,20.92576026916504,21.361002615313588,20.883088493408234,21.318330839556786,2367000
2022-12-30,20.99403953552246,21.215927950146302,20.95136774746272,21.12205164417714,1940100
2023-01-03,21.11351203918457,21.30126297669852,20.64413388151875,20.806281752560036,3957900
2023-01-04,20.857486724853516,21.011101859617597,20.720940300121395,20.976964439553676,2879700
2023-01-05,21.096446990966797,21.241527803977096,20.968434891901744,20.985503605846993,2167700
2023-01-06,20.627065658569336,21.07937674371684,20.56732679648157,20.908692885384447,4228100
2023-01-09,20.584394454956055,20.618530248219308,20.336903035809698,20.464915109130096,2357300
2023-01-10,20.294233322143555,20.652668111778112,20.285698966704416,20.627065045460693,1343400
2023-01-11,20.055274963378906,20.277163307241317,20.038206253598315,20.217424450771006,2278000
2023-01-12,19.72244644165039,20.14062013213356,19.705377729117522,19.952867549796043,2753900
2023-01-13,19.59443473815918,19.884596369975316,19.568833294492112,19.876063640594417,1441800
2023-01-17,19.628568649291992,19.688307510826196,19.517625281837315,19.611499938064537,1357600
2023-01-18,19.952865600585938,19.961399956018642,19.406679874987578,19.56029501725258,4201500
2023-01-19,20.149152755737305,20.285699188734334,20.029673406043493,20.080879539238786,1847000
2023-01-20,19.833389282226562,20.23449424934982,19.81632057015443,20.080880723986557,2539000
2023-01-23,19.57736587524414,19.876061837100593,19.500558295687853,19.7907199011756,2613400
2023-01-24,19.628568649291992,19.73951201674667,19.534692365302877,19.662706071746907,1189300
2023-01-25,19.58589744567871,19.952864950762574,19.568828735369188,19.799251441262307,1728500
2023-01-26,19.48348617553711,19.713908873907982,19.346939753042165,19.42374731916579,2886900
2023-01-27,19.38961410522461,19.56029798424511,19.304273793476465,19.534694914063405,2711000
2023-01-30,19.637102127075195,19.654170837539635,19.381076353394064,19.56029455774704,3306100
2023-01-31,19.167722702026367,19.611499415545094,19.167722702026367,19.611499415545094,3663200
2023-02-01,18.886096954345703,19.312804990282462,18.706880360578012,19.21893032925452,2721400
2023-02-02,18.502058029174805,18.76661651751163,18.42525046356706,18.741013453055132,2743600
2023-02-03,18.63860511779785,18.758082834013926,18.442319833225213,18.715412686154416,2646500
2023-02-06,18.911699295043945,18.988506868779062,18.706879641004274,18.766618503295607,2812000
2023-02-07,18.79222297668457,19.159192161376694,18.741016838521457,18.979973933329873,4069100
2023-02-08,19.06531524658203,19.107985399229165,18.809291075175263,18.911700092633176,2516300
2023-02-09,19.346940994262695,19.38961114361925,18.834891063174755,18.91169863422604,2254300
2023-02-10,19.312803268432617,19.49202147398393,19.27866747503731,19.43228261472077,4405100
2023-02-13,19.09092140197754,19.415218846718325,19.05678397212996,19.30427545523818,1677400
2023-02-14,19.09092140197754,19.338411257323514,18.954373310349464,19.218933508381475,1952100
2023-02-15,18.89463233947754,19.295738956871723,18.89463233947754,19.253067174296774,1444700
2023-02-16,19.09945297241211,19.22746669880834,18.877566202919514,19.17626055714499,3049200
2023-02-17,19.06531524658203,19.26160055317802,19.031177822254737,19.176258620121768,3303500
2023-02-21,19.628568649291992,19.637103004905722,19.244530785483697,19.295736919166067,2795700
2023-02-22,19.56882667541504,19.705373087993745,19.449348971349078,19.585895383927788,3671200
2023-02-23,19.449350357055664,19.713908846805687,19.346939726444372,19.423747292462405,2233100
2023-02-24,19.637102127075195,19.80778434843413,19.611499061378534,19.722444051635573,2643000
2023-02-27,19.56882667541504,19.628565527448018,19.364007056546978,19.474950406356566,1713300
2023-02-28,19.57736587524414,19.585900231612843,19.38961329065675,19.585900231612843,2512900
2023-03-01,19.54322624206543,19.67977267301561,19.44081723273372,19.58589801908852,1425500
2023-03-02,19.509092330932617,19.790719575416016,19.46642054979149,19.73098070958045,4590700
2023-03-03,19.24453353881836,19.568832587490242,19.210397739241497,19.432286133658543,1198700
2023-03-06,19.534690856933594,19.620032778719313,19.24452929951921,19.24452929951921,3215700
2023-03-07,19.76511573791504,19.799253161500076,19.50909157207505,19.5517617237944,2112200
2023-03-08,19.7565860748291,19.91873561984975,19.66271139319596,19.748051716905664,1420600
2023-03-09,20.31983757019043,20.33690628342869,19.70537854347189,19.75658305542458,2720900
2023-03-10,20.92576026916504,21.130579909512274,20.439313419870132,20.456380502411044,9125400
2023-03-13,21.25859260559082,21.523151112005444,20.90015781751604,21.34393453184898,7852900
2023-03-14,20.857486724853516,21.096442154253836,20.533187745293397,20.609995312675437,4362900
2023-03-15,21.21592903137207,21.599965376907722,21.1988603152783,21.42074874121022,5175300
2023-03-16,20.92576026916504,21.60849240365582,20.772145131964162,21.497549042211745,4183200
2023-03-17,21.489015579223633,21.557288795507223,21.096443364771588,21.173250936560862,2593300
2023-03-20,21.241527557373047,21.352472568966984,21.011106432835895,21.318335141472808,2197800
2023-03-21,20.84041976928711,20.9428304103386,20.67827026585638,20.84895412502156,2170700
2023-03-22,21.456022262573242,21.456022262573242,20.777741491779352,20.863598614893263,2896000
2023-03-23,21.55046844482422,21.739356420452662,21.04390352540001,21.310064226880947,3493300
2023-03-24,21.36158561706543,21.911080912965378,21.335829125346244,21.75653541216915,2934500
2023-03-27,21.13835334777832,21.292897198534043,21.018150391474787,21.11259522050896,2084400
2023-03-28,21.164106369018555,21.258551182574955,21.043905070033958,21.21562097749483,1344200
2023-03-29,20.940876007080078,21.112593566852304,20.92370556119887,20.949462048830693,1851700
2023-03-30,20.966630935668945,21.06107574290621,20.7262267161649,20.76915691837264,2088100
2023-03-31,20.580270767211914,20.837847110944832,20.57168472532548,20.829261069058397,1700400
2023-04-03,20.58885383605957,20.82067202065854,20.442894420306864,20.537339229799734,1331700
2023-04-04,20.95804786682129,21.069664770767556,20.52875560959411,20.545927692912,1876600
2023-04-05,21.172691345214844,21.301478678738476,21.02673193052278,21.0954186175767,1453600
2023-04-06,21.1555233001709,21.310068784931904,21.086836600012685,21.17269538461548,1388100
2023-04-10,20.93228530883789,21.267134312142893,20.92370090661694,21.267134312142893,962100
2023-04-11,20.78632926940918,20.889360126544183,20.683300049894093,20.83784551678664,1144600
2023-04-12,20.93228530883789,20.966629468200313,20.554509381569165,20.588851903311937,1594600
2023-04-13,20.657543182373047,20.923705563815282,20.606028569482945,20.863603271553476,885700
2023-04-14,20.863601684570312,21.000975066908,20.554512393120458,20.66612765216237,925700
2023-04-17,20.58885383605957,20.82067202065854,20.58885383605957,20.803499939365327,1062500
2023-04-18,20.691884994506836,20.812086290110713,20.50299537270665,20.51158141348119,1026900
2023-04-19,20.648954391479492,20.863600493834248,20.606025826056463,20.79491380658552,882500
2023-04-20,20.78632926940918,20.87218804408503,20.666127967434942,20.820673434327485,725300
2023-04-21,20.760568618774414,20.958042614581682,20.73481050025276,20.743396539759978,825200
2023-04-24,20.794912338256836,20.88935714066252,20.674711053463923,20.803498378259142,586100
2023-04-25,21.301475524902344,21.301475524902344,20.966628179793485,20.992386297732455,1464000
2023-04-26,21.51612663269043,21.567642880630473,21.2671379847933,21.404511370726876,1759400
2023-04-27,21.241378784179688,21.584812231606307,21.224206702403393,21.456024893523807,1454900
2023-04-28,21.052488327026367,21.301476933084835,20.983801645601307,21.284306490943315,1136000
2023-05-01,21.052488327026367,21.104002928690246,20.812084123228832,21.095416888809655,698900
2023-05-02,21.48178482055664,21.696430947930022,21.15552178988191,21.164107831491243,1504400
2023-05-03,21.395919799804688,21.430262318602573,21.000970189102173,21.421677917117737,2455600
2023-05-04,21.670671463012695,21.85955945370313,21.516125998984208,21.559056204336503,2077200
2023-05-05,21.13835334777832,21.3186553258034,21.07825105081648,21.310069283380283,1604300
2023-05-08,21.2070369720459,21.318652232108917,21.03531942374289,21.061077547274312,1159000
2023-05-09,21.27572250366211,21.438852364272474,21.18986373419255,21.344409191713794,984600
2023-05-10,21.172691345214844,21.37875140637662,20.983803365221497,20.992389405805714,1557100
2023-05-11,21.35299301147461,21.464608253841945,21.267134250935314,21.327234892026926,943100
2023-05-12,21.395919799804688,21.533293150235252,21.224202292956722,21.292888968172004,934200
2023-05-15,21.13835334777832,21.387342027568216,21.043908518744146,21.335827410649642,1515500
2023-05-16,21.456022262573242,21.464608302408564,21.284306378725766,21.301476820776756,1070200
2023-05-17,20.9752197265625,21.473198674133226,20.940875560292803,21.32723924272698,1615400
2023-05-18,20.863601684570312,21.12976404576699,20.820673116697243,21.06966339569674,1809000
2023-05-19,21.000974655151367,21.095419467764252,20.709057451622186,20.709057451622186,1775300
2023-05-22,20.743398666381836,21.018145408301635,20.65753990012696,20.949458722821685,1137600
2023-05-23,20.837844848632812,20.855016930541353,20.494411398561333,20.79491464386146,1672300
2023-05-24,21.0782470703125,21.18127792231302,20.940873692725035,20.96663181513012,1487100
2023-05-25,21.241378784179688,21.430266770859365,21.086833323432746,21.112591446097188,1721800
2023-05-26,21.026737213134766,21.284313582513533,20.99239467978972,21.24138336880697,1097400
2023-05-30,21.09541893005371,21.18986374025925,20.855016340613894,20.966631594622406,1837000
2023-05-31,21.31865119934082,21.473196657802692,21.043904445461862,21.20703594468493,1740100
2023-06-01,21.104005813598633,21.430267185562535,21.026733081729834,21.31865192709643,1976600
2023-06-02,20.339868545532227,20.889362136127787,20.33128250347666,20.812089395247778,2918200
2023-06-05,20.631786346435547,20.74340161208317,20.417140219127052,20.425726260733793,1259500
2023-06-06,20.07370376586914,20.691885619344657,20.013603116252327,20.691885619344657,2405900
2023-06-07,19.704511642456055,19.95350025435126,19.652995401964883,19.95350025435126,2316900
2023-06-08,19.80754280090332,19.96208826237313,19.704513585003355,19.764614233881645,1510400
2023-06-09,19.97926139831543,20.03077600898327,19.798957804548063,19.82471592869196,1742000
2023-06-12,19.88481330871582,20.047944792877473,19.79036850668228,19.944913950875463,907600
2023-06-13,19.652996063232422,19.841885676149587,19.558552894393593,19.816127555037312,1458200
2023-06-14,19.88481330871582,20.02218667297205,19.541379898075242,19.627238660140307,2844000
2023-06-15,19.73885726928711,19.9964335993902,19.72168518642291,19.987847557958105,1936400
2023-06-16,19.901987075805664,19.98784584514924,19.62724032400207,19.704513052649308,1750400
2023-06-20,19.98784828186035,20.133807716252345,19.95350411488811,19.98784828186035,1501900
2023-06-21,20.040767669677734,20.162226336149953,19.9106331477789,20.075469436633984,1328000
2023-06-22,20.205608367919922,20.292363624513033,20.101499743357557,20.101499743357557,1485500
2023-06-23,20.526609420776367,20.56131285166388,20.318393799703273,20.48323178691764,1728700
2023-06-26,20.49190330505371,20.543956785610916,20.27501187219,20.53528092972633,842500
2023-06-27,20.196929931640625,20.5266041669377,20.127524742380704,20.43984726667524,1125900
2023-06-28,20.10149574279785,20.335738860381735,20.092819887915102,20.24898196630436,1077900
2023-06-29,19.858579635620117,20.0928227870017,19.80652615356322,20.08414693086716,1309500
2023-06-30,19.8065242767334,19.832551842670703,19.67638975654728,19.685065611859716,1297200
2023-07-03,19.73712158203125,19.84990440583839,19.64168881629031,19.82387849136389,681200
2023-07-05,19.954011917114258,19.98871534081548,19.81520153181001,19.81520153181001,1303400
2023-07-06,20.292360305786133,20.517927576488674,20.19692920819096,20.19692920819096,1558600
2023-07-07,20.06679344177246,20.292360717046517,19.901957154062742,20.292360717046517,1077700
2023-07-10,19.73712158203125,20.144876904719112,19.73712158203125,20.110175133836304,1286300
2023-07-11,19.5462589263916,19.76315038589761,19.520231355540695,19.685069328095405,1427300
2023-07-12,19.355388641357422,19.398767915482,19.21657827365899,19.233929983308823,1649100
2023-07-13,19.199228286743164,19.355390378103746,19.17320237468324,19.277309332423457,1105000
2023-07-14,19.390094757080078,19.51155343201895,19.207905089921432,19.207905089921432,1282500
2023-07-17,19.190553665161133,19.433470997729486,19.11247262119267,19.407445086240145,719300
2023-07-18,18.947633743286133,19.19922691885831,18.921606178330332,19.17320100865265,1255800
2023-07-19,18.878231048583984,18.956312099001753,18.800149998166212,18.886906904713776,1211600
2023-07-20,19.051742553710938,19.12982360145158,18.860878689650644,18.860878689650644,837700
2023-07-21,19.138498306274414,19.155850016895517,18.921606887761218,18.93895859838232,933400
2023-07-24,19.069095611572266,19.164528377714706,18.956312787290628,19.1211507502411,1460300
2023-07-25,19.086442947387695,19.12982056491356,18.96498429451524,19.12114636520842,1026200
2023-07-26,18.947633743286133,19.112471678505923,18.878228558154138,19.112471678505923,1470400
2023-07-27,19.207904815673828,19.268634152276178,18.817501228337147,18.826177084244673,1870600
2023-07-28,18.947633743286133,19.051740693609055,18.90425612310994,18.991011363462327,1773800
2023-07-31,18.73941993713379,18.912932088785315,18.73941993713379,18.90425788774049,1244400
2023-08-01,18.8261775970459,19.017041467959366,18.817501740902056,18.86087936687091,1353700
2023-08-02,19.09511947631836,19.181876369184547,18.991010873928918,19.03439014773706,1581600
2023-08-03,19.147174835205078,19.2946610711728,19.05174207818177,19.181878257668195,1163300
2023-08-04,19.199228286743164,19.25128342036353,18.991012716512472,19.147174807873057,2017200
2023-08-07,19.1818790435791,19.346715342781717,19.121149706530737,19.155851475665376,1359500
2023-08-08,19.30333709716797,19.56360614893754,19.294661241475612,19.416119911668044,1716800
2023-08-09,19.476850509643555,19.546255699035704,19.346714331626814,19.346714331626814,1444800
2023-08-10,19.580961227416992,19.650366430140313,19.22525935661615,19.40744904798397,1886000
2023-08-11,19.554931640625,19.676390308908303,19.485524796177113,19.659038597796332,1137500
2023-08-14,19.598310470581055,19.797850196406277,19.589634614490784,19.667715664552887,632400
2023-08-15,19.841230392456055,19.86725630717752,19.702418343356385,19.719770056337648,1192600
2023-08-16,20.092819213867188,20.101495068458892,19.76314501313278,19.884603667916497,1741900
2023-08-17,20.34441566467285,20.35308986521028,20.02341563803155,20.05811905918205,1375000
2023-08-18,20.240310668945312,20.55263489605007,20.188257182678015,20.526607325541175,1355200
2023-08-21,20.283687591552734,20.431173843129375,20.17958062264595,20.24030996363331,1414600
2023-08-22,20.35308837890625,20.41381936148468,20.16222454076713,20.21427801394142,875300
2023-08-23,20.15355110168457,20.39647009686393,20.11017347796517,20.327064906062724,1226200
2023-08-24,20.42249870300293,20.431172904387918,20.092822788861223,20.20560726387036,1550600
2023-08-25,20.36176872253418,20.61336359871856,20.240310040100585,20.335742807584378,1892200
2023-08-28,20.179576873779297,20.2750096231735,20.058118214368587,20.2750096231735,1161700
2023-08-29,19.901960372924805,20.292363999050874,19.88460865938574,20.19693288408698,1687400
2023-08-30,19.823877334594727,19.98871528723302,19.7631479980307,19.954011863624824,1138900
2023-08-31,19.875930786132812,19.88460664202215,19.702416977846717,19.806525593768438,692600
2023-09-01,19.659040451049805,19.754473216411824,19.546257627690473,19.728445647290254,1187200
2023-09-05,20.075469970703125,20.075469970703125,19.763147440787225,19.780497497351803,1563600
2023-09-06,20.144872665405273,20.26633297481086,19.945332974256893,20.058117429079935,1490700
2023-09-07,20.34441566467285,20.43984676333632,20.248982911259183,20.266334621834435,1272000
2023-09-08,20.4051456451416,20.465874979333947,20.318388744259572,20.344416310949256,833500
2023-09-11,20.37044334411621,20.38779505619774,20.222957100923917,20.275012237168497,710600
2023-09-12,20.379117965698242,20.431171444039357,20.266335153500787,20.40514553224392,485200
2023-09-13,20.526609420776367,20.596014627800734,20.32706965742515,20.37044729128388,1196500
2023-09-14,20.24898338317871,20.405145472495036,20.196929904990014,20.361766195045927,1230200
2023-09-15,20.47454833984375,20.56130523015348,20.327062122742227,20.34441383175418,724700
2023-09-18,20.62203598022461,20.62203598022461,20.465873897839206,20.474549752943968,1366900
2023-09-19,20.700119018554688,20.769524211338805,20.517929353277427,20.61336211388696,1754800
2023-09-20,20.910717010498047,20.919492166052297,20.49829474158703,20.629918727521204,1677500
2023-09-21,21.25293731689453,21.25293731689453,21.059888937495742,21.094989555762574,1652800
2023-09-22,21.305593490600586,21.3143686473281,21.112543389975393,21.20029328356048,1495800
2023-09-25,21.217838287353516,21.44598728410555,21.173962514695667,21.42843697504241,1187100
2023-09-26,21.49863624572754,21.507411400139972,21.18273738163823,21.349461968095316,1852800
2023-09-27,21.296815872192383,21.481089121100066,21.182740521610636,21.375790599921338,2124500
2023-09-28,21.11254119873047,21.314366435135977,20.998467520492433,21.296816123502484,1578500
2023-09-29,21.244165420532227,21.29681635600752,20.937043332042304,20.972142282002643,2567200
2023-10-02,21.56884002685547,21.665365070585885,21.235392462398423,21.288041725483243,1688300
2023-10-03,21.92860984802246,22.016359722771856,21.639036432932212,21.709235997993797,2131800
2023-10-04,21.919837951660156,22.19186277118995,21.86718868845983,21.946163420105268,1743500
2023-10-05,21.91105842590332,22.10410847528871,21.849634018804174,21.981257987400852,1437200
2023-10-06,21.726787567138672,22.1655352926293,21.603938739582016,22.06901025744064,2125900
2023-10-09,21.595163345336914,21.87596161875428,21.524963776982574,21.87596161875428,1355800
2023-10-10,21.358240127563477,21.551288530729767,21.21784098458985,21.551288530729767,2270700
2023-10-11,21.410888671875,21.55128781015433,21.209065119809683,21.340689102735336,1407500
2023-10-12,21.884735107421875,21.99880876967698,21.38456301177558,21.38456301177558,2111600
2023-10-13,22.077787399291992,22.156762130881415,21.779438785218595,21.82331456592933,1958900
2023-10-16,21.735565185546875,21.99881318119639,21.68291424746502,21.91106329141657,1429600
2023-10-17,21.481090545654297,21.875964210485783,21.30559244082136,21.875964210485783,2209500
2023-10-18,21.9461612701416,21.990035372895413,21.66536299566184,21.66536299566184,2302200
2023-10-19,22.297161102294922,22.34103520896259,21.85841334085867,22.016362802766103,3188200
2023-10-20,22.59550666809082,22.604281822979438,22.28838294174777,22.332258716190868,2232800
2023-10-23,22.80610466003418,22.858753914050286,22.490205788558328,22.727129942165217,3245100
2023-10-24,22.61305809020996,22.753457227954826,22.455108641824555,22.621833245530233,1927200
2023-10-25,22.99915313720703,23.034253755825016,22.73590519233059,22.806104755876948,2514000
2023-10-26,22.93773078918457,23.078129928891627,22.718356924181077,22.946505944627482,2611500
2023-10-27,23.209753036499023,23.297501233906615,22.858753552110333,22.893854170025037,2773700
2023-10-30,23.104454040527344,23.2711786367875,22.867529878529698,22.99915385507628,2805400
2023-10-31,22.89385414123535,23.148326926038603,22.84998004258673,23.07812736398706,1517800
2023-11-01,22.779783248901367,23.113232488935957,22.77100976641248,22.920184074072182,2008500
2023-11-02,22.191858291625977,22.542856098260227,22.174307982871873,22.490205171997918,3369900
2023-11-03,21.603940963745117,21.814539692819352,21.44599149851696,21.805764536563352,2996500
2023-11-06,21.867183685302734,21.99003249589262,21.56883513927913,21.595160601701043,1735000
2023-11-07,21.937387466430664,22.09533692397934,21.858412737656327,21.98126157188759,1621400
2023-11-08,22.191858291625977,22.270831333640317,21.911058372629014,21.963709298891324,2120900
2023-11-09,22.542858123779297,22.586732225917164,22.06023463181419,22.06023463181419,2434700
2023-11-10,22.297161102294922,22.613060026109782,22.235736683484227,22.42000993991631,2295400
2023-11-13,22.31471061706543,22.52530933418671,22.23573588893372,22.428784294539106,2052100
2023-11-14,21.103763580322266,21.63903630685417,21.09499009921913,21.63903630685417,4212700
2023-11-15,21.059890747070312,21.13009031594629,20.708892902690422,21.103764849984145,2604300
2023-11-16,21.40211296081543,21.498637993509853,21.08621574473408,21.147640156925185,3202800
2023-11-17,21.121313095092773,21.27048737357713,21.094989305394673,21.22661327495391,2260800
2023-11-20,21.016016006469727,21.19151408648968,20.98091538625192,21.103764209634857,1558100
2023-11-21,21.28803825378418,21.305588563180276,21.121313661900516,21.156414280692708,1190300
2023-11-22,21.165189743041992,21.25293794391871,21.024788939522022,21.173963224177946,2473600
2023-11-24,21.051115036010742,21.217839635323397,20.998465779166107,21.182739014967176,610900
2023-11-27,21.121313095092773,21.28803768250225,21.077438996469553,21.147638558480452,1314000
2023-11-28,21.209062576293945,21.30558759991879,21.059888300550796,21.14763816987433,1522500
2023-11-29,21.103763580322266,21.130089044700597,20.76154091185217,21.03356401566969,1811800
2023-11-30,21.042339324951172,21.130089199833545,20.919490504329648,20.972139759783207,2288900
2023-12-01,20.419321060180664,21.200291533884847,20.392995592170795,21.094993009225117,3255700
2023-12-04,20.208723068237305,20.524620327334194,20.199947911916567,20.507071688382652,1915000
2023-12-05,20.489517211914062,20.524616156374364,20.30524231400631,20.314017468543785,1954900
2023-12-06,20.53339195251465,20.550942262137987,20.10341940888075,20.349118722538538,2027900
2023-12-07,20.384218215942383,20.612367226108574,20.375443060894874,20.507068712917835,1691100
2023-12-08,20.252595901489258,20.454419463094013,20.138522223879125,20.419320513710062,2060600
2023-12-11,20.208723068237305,20.340347065668503,20.164847286633616,20.243822019830322,1286300
2023-12-12,20.235044479370117,20.41054423772722,20.164844910765225,20.235044479370117,1557500
2023-12-13,19.524272918701172,20.375442865887052,19.51549776373765,20.22626857888647,3940200
2023-12-14,19.01532745361328,19.234701327478827,18.874928308234516,19.19960070428922,4202100
2023-12-15,19.182050704956055,19.287349219671746,18.945126536311175,18.989000638494428,4146700
2023-12-18,19.190826416015625,19.217150208612193,19.024101810248403,19.09430137998885,1926900
2023-12-19,18.813501358032227,19.103074765594986,18.78717589418485,19.059198992516016,2311600
2023-12-20,19.197092056274414,19.197092056274414,18.63509446134424,18.858109001863788,2884500
2023-12-21,18.867023468017578,19.08111715102824,18.858102685208966,18.991912725872808,2240200
2023-12-22,18.715377807617188,18.83134630896402,18.581569438072616,18.768902516607604,4264900
2023-12-26,18.47452163696289,18.688617069012743,18.429919414474174,18.652933929849194,1317800
2023-12-27,18.420995712280273,18.53696419472972,18.358551930099242,18.438837279036413,2591100
2023-12-28,18.50128173828125,18.563725522747443,18.394235736757924,18.51912330569031,2130300
2023-12-29,18.804580688476562,18.804580688476562,18.501280862737794,18.554803860966565,2925400
2024-01-02,18.920549392700195,19.02759710151142,18.724297244922827,18.93839096107967,3980700
2024-01-03,19.44686508178711,19.473627436189595,19.107883766684235,19.13464612108672,4172500
2024-01-04,19.4825439453125,19.491464728155556,19.330894039911247,19.464702379626388,2644400
2024-01-05,19.54499053955078,19.64311746349597,19.32197604074124,19.598513542854704,2212800
2024-01-08,19.179250717163086,19.64312137541839,19.179250717163086,19.55391521783607,2140700
2024-01-09,19.38442039489746,19.53607032658022,19.304135036861553,19.437945101231833,1651000
2024-01-10,19.3665771484375,19.571751768680826,19.339816499054177,19.4022602829026,2264800
2024-01-11,19.527149200439453,19.750163701866,19.420103192575457,19.446863843808647,3195900
2024-01-12,19.571752548217773,19.634196334553316,19.197088128738955,19.31305491743845,2276400
2024-01-16,19.82152557373047,19.901810919423,19.68771723139804,19.741240228037935,3287100
2024-01-17,19.973173141479492,20.178347723908267,19.928570933083993,20.11590225010331,2031800
2024-01-18,19.875051498413086,20.115905848889486,19.812606013436472,19.857209931276913,2532200
2024-01-19,19.669879913330078,20.00886293534311,19.643119259963512,19.812609069504276,2981500
2024-01-22,19.259531021118164,19.51822693842421,19.24168945400313,19.500387072774664,2793400
2024-01-23,19.33089828491211,19.420104431466694,19.072200630050393,19.107883769258518,2697200
2024-01-24,19.49146270751953,19.51822335180913,19.09895681044202,19.10787759236028,3456900
2024-01-25,19.35765838623047,19.5003875235189,19.179246113887167,19.232769115003947,2819000
2024-01-26,19.35765838623047,19.41118138734725,19.161404546359734,19.2595314662951,1893000
2024-01-29,19.018674850463867,19.43794316771642,19.018674850463867,19.339816250663187,2519000
2024-01-30,19.188167572021484,19.241690575019337,19.072199080482953,19.116803000869155,1961800
2024-01-31,19.660959243774414,19.678799110757705,19.072199395219748,19.241690892553144,4995200
2024-02-01,19.40226173400879,19.8036885194366,19.38442016544186,19.527149311046053,3724500
2024-02-02,19.509307861328125,19.714480778807097,19.411180943635795,19.63419542823437,2962800
2024-02-05,19.768003463745117,19.964255594537484,19.652036682246322,19.723401248122226,3453500
2024-02-06,19.60743522644043,19.866132873630296,19.589593657365473,19.79476829879614,2184100
2024-02-07,19.643117904663086,19.768005482332303,19.55391176284266,19.562832547171265,1647600
2024-02-08,19.35765838623047,19.705560445687826,19.348737602466752,19.64311666080733,1728100
2024-02-09,19.05436134338379,19.339819659897053,19.036519773235266,19.295215734525744,2046900
2024-02-12,18.724294662475586,19.009752911314422,18.661850883225263,19.009752911314422,2120000
2024-02-13,19.49146270751953,19.625271033363063,19.23276513628555,19.34873359975774,4566900
2024-02-14,19.036518096923828,19.330897172589015,18.982995092657145,19.179247242612064,2968900
2024-02-15,18.572647094726562,18.902709299940856,18.528044875776388,18.875946947691396,2490400
2024-02-16,18.813501358032227,18.858103572709012,18.635089096394232,18.76889914335544,2361100
2024-02-20,19.08112144470215,19.152486021764307,19.000836082824,19.05436079171992,1607700
2024-02-21,19.179250717163086,19.313059102803592,19.134648489104894,19.20601307487756,1276800
2024-02-22,19.027597427368164,19.18816814260205,18.97407442277875,19.107882784985105,2478500
2024-02-23,18.991914749145508,19.125723102599057,18.884867045503352,19.027596182715875,1381300
2024-02-26,18.875947952270508,19.07220010814765,18.840266515504517,19.02759788682374,1237300
2024-02-27,18.626169204711914,18.759979258077973,18.608329338866543,18.715375339800783,1164500
2024-02-28,18.768901824951172,18.813504046000475,18.644012543374924,18.768901824951172,1348100
2024-02-29,18.670772552490234,18.768899468236206,18.456678855698033,18.528043421295433,1963800
2024-03-01,18.465600967407227,18.724296898257595,18.438838615333502,18.5994093248447,1866300
2024-03-04,18.49236297607422,18.519125330113344,18.313952386877173,18.367475393489716,1507700
2024-03-05,18.670772552490234,18.742137118087633,18.48343950438115,18.61724955365855,1673600
2024-03-06,18.536964416503906,18.65293119887531,18.465599850091007,18.465599850091007,2001800
2024-03-07,18.403154373168945,18.447758290611038,18.296108374238877,18.412075156657366,1500300
2024-03-08,18.42991828918457,18.501282861688587,18.09985777940311,18.24258692441114,2364800
2024-03-11,18.572647094726562,18.608330231059174,18.429917952327298,18.501282523526932,1109200
2024-03-12,18.599409103393555,18.733217459237856,18.51912374959386,18.57264675163847,1583200
2024-03-13,18.536964416503906,18.608328982916802,18.447758283121416,18.599408199432006,1365300
2024-03-14,18.893787384033203,19.036516517882337,18.581566765688663,18.608329116334932,2639100
2024-03-15,18.84026336669922,18.96515092670603,18.78673866829739,18.96515092670603,2090600
2024-03-18,18.96515464782715,18.99191700227906,18.78674235441253,18.804583924047137,1132100
2024-03-19,18.884868621826172,19.107883130018987,18.82242483176669,19.0900415610118,1283400
2024-03-20,18.512805938720703,18.98239947836094,18.431530067534613,18.928214415931997,2135800
2024-03-21,18.305099487304688,18.40443531150157,18.214792783297156,18.38637534866575,1694900
2024-03-22,18.55795669555664,18.566987538448355,18.296069141525535,18.314130827308965,1060300
2024-03-25,18.530866622924805,18.530866622924805,18.404436539892927,18.52183577967558,1481700
2024-03-26,18.56698989868164,18.58505158676107,18.350254809100615,18.39540902929919,1548700
2024-03-27,18.178672790527344,18.494745452055245,18.178672790527344,18.43153126424115,2479000
2024-03-28,18.115453720092773,18.169638771435412,17.998056220430993,18.160607929544973,3203700
2024-04-01,18.305099487304688,18.332190292786965,18.088364431160883,18.088364431160883,2221300
2024-04-02,18.648263931274414,18.74760148344543,18.521835572116547,18.539897258412587,1622100
2024-04-03,18.530866622924805,18.765663380032883,18.485712406678694,18.765663380032883,1618500
2024-04-04,18.72953987121582,18.783723207861005,18.305100576323657,18.350253069785108,1787900
2024-04-05,18.66632652282715,18.81081657528836,18.56698896583858,18.792754888116384,1768700
2024-04-08,18.56698989868164,18.66632746066113,18.503775712861014,18.539899089019876,1186500
2024-04-09,18.512805938720703,18.675357681092887,18.458622598749084,18.521836782458863,1659800
2024-04-10,19.00046157836914,19.117859104599436,18.828878988533457,18.973369046566447,5269100
2024-04-11,18.8740291595459,19.09076421988305,18.819845825075898,18.919183373651855,2462700
2024-04-12,19.226226806640625,19.325562641371764,18.92821413507532,18.991430040304422,2329800
2024-04-15,19.506175994873047,19.596482708116273,19.08173495936708,19.163010829040253,3106600
2024-04-16,19.57841682434082,19.759028489655854,19.479079288820554,19.64163099332393,3584600
2024-04-17,19.78612518310547,19.79515602664238,19.442961740989286,19.461021705605823,2334900
2024-04-18,19.849340438842773,19.89449465896923,19.542298631812375,19.750004599479322,3254900
2024-04-19,19.804187774658203,19.984799486273296,19.6777594042819,19.930616145034506,2830600
2024-04-22,19.596481323242188,19.831276349641513,19.488112930517204,19.695817150578158,1661700
2024-04-23,19.271379470825195,19.60551207481614,19.190103600133927,19.5874521099071,2012000
2024-04-24,19.3436222076416,19.47005055932293,19.2352538187311,19.307498837185733,2658000
2024-04-25,19.488115310668945,19.750004620306434,19.451993656987067,19.596483716629344,2582100
2024-04-26,19.298471450805664,19.497144838790465,19.262348077104466,19.433930657270633,1889200
2024-04-29,19.153980255126953,19.25331781333874,19.10882775909831,19.21719616100729,1536200
2024-04-30,19.55133056640625,19.56036141093528,19.28944296489428,19.325564620552928,1429700
2024-05-01,19.51520538330078,19.64163373893985,19.117856908133074,19.560357875326975,3440300
2024-05-02,19.153980255126953,19.497145425790954,19.153980255126953,19.271379500733122,1985700
2024-05-03,18.982398986816406,19.054644012393574,18.765663910084903,18.83790893566207,2796700
2024-05-06,18.747600555419922,18.84693810267363,18.72050802731697,18.82887641727166,2249200
2024-05-07,18.702449798583984,18.738573176064403,18.59408311105761,18.720511487324195,2366100
2024-05-08,18.81081771850586,18.928215247343882,18.80178687437103,18.910155281531615,2053100
2024-05-09,18.639232635498047,18.855967698415796,18.630201792569327,18.80178436330065,1966500
2024-05-10,18.792755126953125,18.837909345456925,18.576020045506827,18.594081732908347,2378500
2024-05-13,18.756629943847656,18.765660785848446,18.585047390746652,18.630199878293606,1190200
2024-05-14,18.55795669555664,18.648263402016635,18.47668083198836,18.53989673223037,1574300
2024-05-15,18.35025405883789,18.48571326898052,18.305101562942784,18.359284902508374,2470100
2024-05-16,18.467653274536133,18.476682395734855,18.35928487312111,18.404437368943942,1747800
2024-05-17,18.47667694091797,18.530861986857236,18.440555299415255,18.485707781907845,1986100
2024-05-20,18.42249870300293,18.503774571891398,18.35928452108018,18.476682041442817,1287200
2024-05-21,18.4586238861084,18.52183807422692,18.431531353004413,18.503776385490934,882600
2024-05-22,18.61214256286621,18.684387586686718,18.467652515225197,18.52183585247627,1967200
2024-05-23,18.946277618408203,19.009491807172772,18.539899952439917,18.539899952439917,2974100
2024-05-24,18.738571166992188,18.883061216507354,18.720509480188475,18.81081619174977,1859500
2024-05-28,18.756629943847656,18.87402744494393,18.59407823274744,18.61213991674902,1995400
2024-05-29,19.045612335205078,19.081733985183867,18.973367312790295,19.009488962769083,1590800
2024-05-30,18.883058547973633,18.964334404647254,18.801782691300012,18.937241878270374,1936400
2024-05-31,18.747600555419922,18.973366455573164,18.684386378970157,18.801783889168707,2761500
2024-06-03,18.84693717956543,18.9733655262726,18.56698623691806,18.56698623691806,1706300
2024-06-04,19.099794387817383,19.11785607282156,18.937242667693962,18.973366037702316,1662000
2024-06-05,18.81081771850586,19.099797840990895,18.81081771850586,18.973369468018042,1576700
2024-06-06,18.955305099487305,19.000459313776705,18.828876744391295,18.8920909219393,1352600
2024-06-07,19.172039031982422,19.226224085939645,18.9914273528295,19.153977347330013,1492600
2024-06-10,19.126888275146484,19.397806679641693,19.09979574571408,19.352654186378228,1758300
2024-06-11,19.199134826660156,19.397808224279764,19.153980607343875,19.289441542835377,1813900
2024-06-12,18.901121139526367,18.955304472424046,18.566986854666972,18.702446048139716,3188800
2024-06-13,19.063678741455078,19.199137976714397,18.91918866085079,18.946279474428078,1223800
2024-06-14,19.388774871826172,19.47005073362237,19.271377361707845,19.31652985272479,2340000
2024-06-17,19.226226806640625,19.524237755748636,19.190103432223996,19.451992729372673,2063600
2024-06-18,19.20816421508789,19.271378394883495,19.117857505755367,19.244285865346573,809400
2024-06-20,19.28944206237793,19.36168709277249,19.09979778105635,19.244287841845463,1973300
2024-06-21,19.271379470825195,19.442962055890913,19.253317783458844,19.30750112310059,1516300
2024-06-24,19.190101623535156,19.244284957595966,19.04561158440158,19.244284957595966,1417400
2024-06-25,19.262348175048828,19.31653151341887,19.199133993207564,19.199133993207564,1447000
2024-06-26,19.307205200195312,19.426215179076987,19.261432534344348,19.371287630832775,1444400
2024-06-27,19.12411117553711,19.325515097337377,19.11495629308116,19.261432666261033,1052000
2024-06-28,19.050872802734375,19.197347421654648,18.88608841992027,18.959325729380407,2764200
2024-07-01,19.215660095214844,19.27974253243153,18.9684834835658,19.005103016898456,1600000
2024-07-02,19.160730361938477,19.252277438741842,19.114955950479164,19.197348144990666,2375300
2024-07-03,19.16988754272461,19.188195563388234,19.03256778411237,19.133268009166432,2033900
2024-07-05,19.270586013793945,19.362133093241425,19.2065035820153,19.233968229684137,1469400
2024-07-08,19.15157699584961,19.19734966481742,19.014257242830777,19.133267229816326,2924400
2024-07-09,19.243122100830078,19.31635941131568,19.12411037996897,19.17903967241958,1816600
2024-07-10,19.041719436645508,19.23396848060477,19.032566300085126,19.160731165314413,2488300
2024-07-11,18.373428344726562,18.721306894905883,18.32765567838916,18.63891469860632,5729500
2024-07-12,18.172025680541992,18.217798345650852,18.01639617461052,18.181180562786814,3662700
2024-07-15,17.84246063232422,18.08048238207785,17.741758652705016,18.0255548232472,4175000
2024-07-16,17.219940185546875,17.686828738726344,17.201632165784932,17.67767385578768,4260100
2024-07-17,17.412189483642578,17.457962152874057,17.082620677606627,17.393879717503822,4536400
2024-07-18,17.741756439208984,17.824148640233354,17.21994033013157,17.476271816220212,4114800
2024-07-19,17.86077308654785,17.934010424707374,17.714298410228807,17.778380862853904,4596300
2024-07-22,17.57697296142578,17.979777318582705,17.549508313663363,17.796684905179188,2427400
2024-07-23,17.403032302856445,17.677671774215572,17.31148523036501,17.668516892354912,7336900
2024-07-24,17.76921844482422,17.778373326477826,17.31148483883469,17.512886996868634,3338200
2024-07-25,17.558664321899414,17.741756747040597,17.26571504478118,17.73260360998165,4924300
2024-07-26,17.27486801147461,17.467115298462172,17.174166053843848,17.293176029676832,2576300
2024-07-29,17.46711540222168,17.531197831598202,17.183321038076265,17.22909370302657,3063700
2024-07-30,17.412189483642578,17.512889705174914,17.265714846763355,17.4030346005732,4105700
2024-07-31,17.311487197875977,17.457961832063557,16.94530061240703,17.311487197875977,5581800
2024-08-01,17.86992073059082,17.998085583904317,17.23824785361756,17.320640043923426,6003100
2024-08-02,18.5199031829834,18.684687577456717,18.336810769436067,18.538212948172724,12200800
2024-08-05,19.13326644897461,19.609309869719933,18.913554503887998,19.50860790676199,11488200
2024-08-06,18.92270851135254,19.22481264013868,18.666377047549204,19.050873370196587,7067100
2024-08-07,19.15157699584961,19.19734966481742,18.60229623765889,18.611451120675532,4674000
2024-08-08,18.702999114990234,19.041721072514385,18.69384423152803,18.9410208466611,3425500
2024-08-09,18.757923126220703,18.87693484263221,18.684685818473294,18.684685818473294,3005100
2024-08-12,18.92270851135254,18.995945822994173,18.70299657642764,18.730459476971227,2490000
2024-08-13,18.611448287963867,18.904397515447165,18.57483050758602,18.776232664952005,2760900
2024-08-14,18.73045539855957,18.812847574480553,18.53820815215385,18.547363032380055,2681200
2024-08-15,18.254417419433594,18.44666470343518,18.162870345383464,18.327654729450657,3128700
2024-08-16,18.217798233032227,18.327655073175727,18.098788256815734,18.318500190987496,2513500
2024-08-19,17.98893165588379,18.19948871066725,17.98893165588379,18.181180692162577,2180800
2024-08-20,18.199487686157227,18.263571858719484,18.025550170405158,18.025550170405158,2450900
2024-08-21,17.979780197143555,18.217801944179165,17.970625313090387,18.08963705966599,3653800
2024-08-22,18.144563674926758,18.181183209236377,17.897387056683336,17.970624379187072,3938100
2024-08-23,17.58612632751465,18.053014868879906,17.522043894680948,18.01639708416722,4615000
2024-08-26,17.58612632751465,17.60443609292866,17.421343677134562,17.457961461847244,3970300
2024-08-27,17.723447799682617,17.80583999782656,17.668518503509766,17.705138034291664,2905000
2024-08-28,17.84246063232422,17.924852843628,17.695985978032077,17.79668795765128,3509500
2024-08-29,17.723447799682617,17.851612665188604,17.549508520699256,17.71429291698714,3671600
2024-08-30,17.641054153442383,17.851611199808374,17.60443462566646,17.659363917330346,3292300
2024-09-03,18.181180953979492,18.217798737631412,17.695982661255734,17.78752973955846,3755600
2024-09-04,18.20864486694336,18.31850171623383,18.016397563329267,18.226954632844333,4732000
2024-09-05,18.318498611450195,18.400890797924635,18.13540447570365,18.18117888269783,4032200
2024-09-06,18.666378021240234,18.739615336702133,18.208644363074537,18.318501209325053,5243000
2024-09-09,18.62060546875,18.70299766741737,18.46497595416889,18.648070117010906,4326200
2024-09-10,18.638916015625,18.867782855714246,18.61145136621274,18.62060624935016,3226200
2024-09-11,18.602296829223633,19.023412730803912,18.565679042107995,18.73961658660932,4356200
2024-09-12,18.373428344726562,18.64806958109686,18.263573247070678,18.510748089854065,4417000
2024-09-13,17.924848556518555,18.172025131312353,17.897383910614177,18.162870249344227,4467800
2024-09-16,17.86077308654785,17.97978310626362,17.80584551945718,17.869927972082277,3509100
2024-09-17,17.732601165771484,17.796683593043735,17.53119725592706,17.714291401946504,5382000
2024-09-18,17.732601165771484,17.82414649266602,17.28402068263537,17.732601165771484,9080400
2024-09-19,17.366416931152344,17.558666004000578,17.30233448890813,17.30233448890813,6410800
2024-09-20,17.558664321899414,17.57697408824816,17.421344566514673,17.421344566514673,4784400
2024-09-23,17.631898880004883,17.686826424333983,17.45795961916172,17.47626938264314,2610300
2024-09-24,17.59528160095215,17.732603098491328,17.549508932516005,17.558663815426307,4166300
2024-09-25,17.822006225585938,17.83129841216329,17.608291251216954,17.608291251216954,2456500
2024-09-26,17.729087829589844,17.77554699462147,17.543247624856246,17.59900074965845,4231800
2024-09-27,17.626874923706055,17.691920233701993,17.441036497770956,17.571123573155873,4414000
2024-09-30,17.571125030517578,17.756965244169876,17.524665863256317,17.701212116692012,4870200
2024-10-01,17.831298828125,17.942801525047575,17.636166450055374,17.64545863684949,5713100
2024-10-02,17.849882125854492,17.961386599431023,17.756963798894777,17.9056352487945,4134200
2024-10-03,17.9892635345459,18.063599261039744,17.896343433352712,17.970679159846558,3573400
2024-10-04,17.729087829589844,17.887051471922337,17.67333647709118,17.719795642122808,5255800
2024-10-07,17.87775993347168,18.007847018125624,17.775547639927233,17.784839827731602,4574800
2024-10-08,17.868467330932617,17.942803059338594,17.812715977704027,17.87775951852131,5515200
2024-10-09,17.84058952331543,17.924217425167164,17.710500691377586,17.887048681098275,3968300
2024-10-10,17.95209503173828,18.128643049200058,17.94280284426097,18.00784638429859,5656600
2024-10-11,17.580415725708008,17.96138653627439,17.57112353858401,17.952094349150396,5716700
2024-10-14,17.45962142944336,17.65475204875016,17.44103705456551,17.57112413410338,2737100
2024-10-15,17.4410343170166,17.52466221853713,17.264486327995126,17.487493474615448,4621100
2024-10-16,17.171567916870117,17.34811592312711,17.143693128510836,17.301656760992685,6040400
2024-10-17,17.218029022216797,17.310947347407968,17.152983713358147,17.152983713358147,4912500
2024-10-18,17.264488220214844,17.29236478121143,17.17156812252968,17.190152496527404,4929000
2024-10-21,17.54324722290039,17.589708159171032,17.27378088174466,17.28307306899879,4744800
2024-10-22,17.617584228515625,17.69192173194914,17.57112506117331,17.599001624960877,4038000
2024-10-23,17.766254425048828,17.914925861885777,17.654749961269452,17.710501307007476,5219300
2024-10-24,17.738378524780273,17.840590806015292,17.636166243545254,17.682627176971806,5706100
2024-10-25,17.822006225585938,17.849881013014624,17.571122504907546,17.636166038645637,5058200
2024-10-28,17.533952713012695,17.691916314834543,17.496783972676692,17.67333194466654,4651800
2024-10-29,17.58970832824707,17.729087593791743,17.580416140903623,17.67333624203458,4276700
2024-10-30,17.617584228515625,17.66404516816157,17.37599443157122,17.645460792303194,5023000
2024-10-31,17.924217224121094,17.924217224121094,17.608289992292185,17.645456963640928,5273500
2024-11-01,17.822006225585938,17.887049759324032,17.673334784955046,17.78483747927653,6355200
2024-11-04,17.747671127319336,17.92421913387022,17.617582282980216,17.877758199355025,4105100
2024-11-05,17.41316032409668,17.822007705943594,17.41316032409668,17.812715518594402,4987400
2024-11-06,16.400333404541016,16.762721587951525,16.381749031585944,16.456084751102882,10812200
2024-11-07,16.46537971496582,16.53042503128044,16.32600043889894,16.42821273508969,8376900
2024-11-08,16.363168716430664,16.530424551780776,16.34458434087985,16.511840176229963,6609000
2024-11-11,16.1215763092041,16.242371199368463,16.075115372753572,16.19591203522144,7466100
2024-11-12,16.40962791442871,16.465379268884313,16.1215771820539,16.2330798909651,6662200
2024-11-13,16.567590713500977,16.58617508813525,16.242371246615285,16.298124370518096,7027200
2024-11-14,16.79059410095215,16.846345439963017,16.493251263156694,16.521127818813685,6853800
2024-11-15,17.06006622314453,17.10652538801399,16.781305917017193,16.781305917017193,7607300
2024-11-18,17.02289581298828,17.08793934638257,16.90210093272794,17.004311439931808,5983000
2024-11-19,16.902097702026367,17.218024894385962,16.892805517274258,17.208732709633853,6436100
2024-11-20,16.89280891418457,17.097231702928486,16.89280891418457,16.939268074984383,6195900
2024-11-21,16.623342514038086,16.874226261465694,16.55829897336505,16.80918272079266,6799800
2024-11-22,16.33529281616211,16.576884391218194,16.307416251704367,16.56759220306561,6684100
2024-11-25,16.102989196777344,16.15874053873557,15.926441212889214,16.15874053873557,8076400
2024-11-26,16.214494705200195,16.298122609715985,16.149449401007555,16.177325959947257,6651100
2024-11-27,16.2052001953125,16.24236716293295,16.01006785532017,16.121572302787655,5447000
2024-11-29,16.14944839477539,16.168032766243915,16.037945710570675,16.112281424141557,2418700
2024-12-02,16.14944839477539,16.27953722275184,16.102989238407293,16.121573609875817,5922200
2024-12-03,16.279537200927734,16.32599635723355,16.140157959707086,16.177324930291093,5091700
2024-12-04,16.23307991027832,16.335292203821535,16.17732855575639,16.270248661495344,5982800
2024-12-05,16.418922424316406,16.43750680253116,16.233082186776596,16.260958754098723,4984700
2024-12-06,16.363168716430664,16.409627883004095,16.307415589778227,16.307415589778227,5454200
2024-12-09,16.456085205078125,16.465377391812005,16.205203252476952,16.270246787310715,5572400
2024-12-10,16.53042221069336,16.586173557146523,16.39104118610542,16.474669091936843,4917200
2024-12-11,16.456085205078125,16.52113051221529,16.35387469561224,16.400333856978243,7211700
2024-12-12,16.679094314575195,16.69767691593173,16.47466974892252,16.502546309412452,5340600
2024-12-13,16.79059410095215,16.883514180839004,16.67909142293041,16.70696620628429,4926200
2024-12-16,16.697675704956055,16.85563932500275,16.623339988010745,16.81847235268174,4618400
2024-12-17,16.902097702026367,16.929972483979668,16.73484192109446,16.79059325730409,7448500
2024-12-18,17.645456314086914,17.79412773861557,16.76271995248593,16.80917910803744,8049900
2024-12-19,17.729087829589844,17.77554699462147,17.375993567360258,17.468911897423517,6726900
2024-12-20,17.561830520629883,17.877757778685623,17.36669991716784,17.840590804251452,8361900
2024-12-23,17.61658477783203,17.78651996872672,17.550499270416324,17.588261645784577,5230600
2024-12-24,17.46553611755371,17.69211582948176,17.45609507113644,17.578826873865477,2803400
2024-12-26,17.28615951538086,17.62602997729686,17.267279223593096,17.550503408059466,5156400
2024-12-27,17.559940338134766,17.720434485230268,17.32391963950579,17.408887235067823,6127800
2024-12-30,17.692113876342773,17.928134608632345,17.616587314037922,17.710995967092806,5760800
2024-12-31,17.692113876342773,17.748758347897592,17.49385732555327,17.59770522328789,5862800
2025-01-02,17.663787841796875,17.795960654663816,17.418327905104675,17.541057873450775,6364800
2025-01-03,17.408889770507812,17.663790793622805,17.39000767970069,17.607146321896728,6155000
2025-01-06,17.408889770507812,17.44665215142677,17.22007246382717,17.31448111716749,7295700
2025-01-07,17.550500869750977,17.663789806874497,17.276715970427954,17.342803284561064,8063800
2025-01-08,17.64491081237793,17.86204945837489,17.597705584533816,17.701555285095544,7812900
2025-01-10,18.041425704956055,18.16415569583878,17.890372577394864,17.928134958937502,8257400
2025-01-13,18.01310157775879,18.28688648184292,18.003660532718452,18.24912230168157,9853300
2025-01-14,17.805404663085938,18.02254330514911,17.777081526892584,17.85260808937957,8548300
2025-01-15,17.46553611755371,17.559944781030936,17.352245361241945,17.361686407659214,11287500
2025-01-16,17.437210083007812,17.569382910207995,17.380565614604983,17.45609217270715,9424000
2025-01-17,17.380569458007812,17.43721393893656,17.25783944921293,17.25783944921293,6565400
2025-01-21,17.04069709777832,17.267278597976606,17.04069709777832,17.210632322579343,8204100
2025-01-22,17.153987884521484,17.201191313424655,17.04069713418033,17.07846131785918,7035900
2025-01-23,17.087900161743164,17.295597743125665,17.087900161743164,17.257835365008464,9716000
2025-01-24,17.153987884521484,17.191750267504943,17.03125788895601,17.13510579268206,8035600
2025-01-27,17.314481735229492,17.40889039193985,17.07846099380128,17.29559964374835,10910600
2025-01-28,17.28615951538086,17.418332362067886,17.23895608486828,17.28615951538086,8074100
2025-01-29,17.342805862426758,17.465535862669242,17.19175092265034,17.30504167730879,8777600
2025-01-30,17.172866821289062,17.295596794306068,17.050135047577,17.172866821289062,7659300
2025-01-31,17.333364486694336,17.399450008699247,17.050138505779177,17.153988212184277,11756500
2025-02-03,17.54106330871582,17.777084075410432,17.40889225558941,17.720439595598478,11624300
2025-02-04,17.29559898376465,17.578824943088083,17.28615793838434,17.559942852327463,7849100
2025-02-05,17.106782913208008,17.29559841249178,17.106782913208008,17.220071852639226,6955800
2025-02-06,17.18231201171875,17.276718874961478,17.021817823232418,17.04069811546367,5850400
2025-02-07,17.3900089263916,17.40889101855238,17.144547130387707,17.172870268628877,8465400
2025-02-10,17.314481735229492,17.39944934619928,17.276717552267208,17.276717552267208,4893700
2025-02-11,17.4183292388916,17.474973705489205,17.36168297159887,17.456091616391628,4496500
2025-02-12,17.578824996948242,17.720437076696207,17.503298434369643,17.692113940468495,6816500
2025-02-13,17.380569458007812,17.56938679536441,17.361687364133036,17.47497812668611,6530800
2025-02-14,17.399450302124023,17.437212686465617,17.257838209626005,17.30504164022686,5030900
2025-02-18,17.314481735229492,17.44665277420678,17.28615859800778,17.390008300458707,5406100
2025-02-19,17.380569458007812,17.4844191736235,17.333366024016453,17.456096032811335,5513200
2025-02-20,17.550500869750977,17.654350562693526,17.40888879799898,17.40888879799898,6110500
2025-02-21,18.07918930053711,18.098071392924044,17.42777151875144,17.42777151875144,9835000
2025-02-24,18.22079849243164,18.29632504926481,17.9847777772411,17.9847777772411,8766100
2025-02-25,18.27744483947754,18.447380043259525,18.126391725159145,18.201918282318342,8835600
2025-02-26,18.25856590270996,18.33409247291029,18.022545145747003,18.230242763624037,8035800
2025-02-27,18.5323486328125,18.55123072511707,18.201921020959706,18.25856549717798,8982100
2025-02-28,18.362411499023438,18.673958756403653,18.35297045477615,18.626753535167214,10534400
2025-03-03,18.862777709960938,18.985509507062908,18.258565172521713,18.296327555763966,13318300
2025-03-04,19.079917907714844,19.372584954801244,18.777811614576475,19.12712314145243,10476700
2025-03-05,18.89109992980957,19.230970365949183,18.862776793232833,19.070476193404957,10277700
2025-03-06,19.193206787109375,19.315936781408816,18.938303951992804,19.146003358693136,10316400
2025-03-07,19.13656234741211,19.53307726918847,19.032712643874497,19.230971005110362,11612400
2025-03-10,19.627487182617188,19.816302709398386,19.24985252766381,19.382025377175687,8430500
2025-03-11,19.618045806884766,19.844625515636356,19.391466098133176,19.599163714314937,7570700
2025-03-12,19.5897216796875,19.750215857042875,19.34425989075014,19.400904364906342,7138800
2025-03-13,19.901268005371094,20.00511770343959,19.523635195161024,19.580279666518713,7016500
2025-03-14,19.41978645324707,19.77853899113167,19.400904361633067,19.684130333757018,7620600
2025-03-17,19.174327850341797,19.448112822150637,19.12712441415887,19.448112822150637,6946900
2025-03-18,19.344257354736328,19.42922495517914,19.287612888006162,19.287612888006162,8140400
2025-03-19,19.05159568786621,19.353701967045403,18.938304932826284,19.34426092073412,5969400
2025-03-20,19.174327850341797,19.24985442865188,18.976071257538706,19.240413381276163,7472600
2025-03-21,19.315937042236328,19.504754359841662,19.259292567232887,19.410345701038995,6385800
2025-03-24,18.825016021728516,19.042154685300456,18.80613392906257,19.013831546301542,6416000
2025-03-25,18.938302993774414,19.004388510491577,18.806131960340092,18.84389434102335,6929600
2025-03-26,19.14361572265625,19.229163308968918,18.83944733264971,18.924994918962373,8807500
2025-03-27,19.22916603088379,19.314713629305835,19.077081814352788,19.162629412774834,9931600
2025-03-28,19.628385543823242,19.742449601042008,19.257680530588956,19.257680530588956,10452200
2025-03-31,19.723440170288086,20.132167172328575,19.63789257390813,19.94206099970938,11533000
2025-04-01,19.742448806762695,20.027606218857112,19.56184814551004,19.780468948981532,8450700
2025-04-02,19.419273376464844,20.037115769919893,19.36224224508097,20.018104788462946,12238400
2025-04-03,20.683473587036133,20.72149373503567,20.16068250139415,20.34128319010588,11076100
2025-04-04,21.624496459960938,22.099760118421617,21.31082251789637,21.46290674356483,11679200
2025-04-07,21.81460189819336,22.746118201618486,20.540895192290872,22.451455251144605,24801600
2025-04-08,22.403926849365234,22.69858978734739,21.054178090464376,21.0636835804621,12541700
2025-04-09,20.47435760498047,22.80314825349894,20.18919834539524,22.670075020151263,22548400
2025-04-10,21.339338302612305,21.86212758488211,20.959125937703078,21.06368451935181,11716300
2025-04-11,21.0446720123291,21.738558258876296,21.00665186638759,21.42488434966496,6692200
2025-04-14,20.807039260864258,21.19675525720578,20.654955058047406,20.654955058047406,5012500
2025-04-15,20.78803062438965,20.892587383370923,20.540893335274966,20.835556259109612,4651300
2025-04-16,21.006650924682617,21.263293696983272,20.80703927523098,20.92110333391573,5353700
2025-04-17,20.826051712036133,21.073189012334833,20.740504115279396,21.01615788549262,2789100
2025-04-21,21.263294219970703,21.49142052996444,20.987640462278215,21.016156930897466,2124300
2025-04-22,20.702484130859375,21.063683687677297,20.645451190582715,20.98764158029527,3127400
2025-04-23,20.407817840576172,20.455345287225327,19.827997495350154,20.12266041262808,4388400
2025-04-24,19.999094009399414,20.44584115973784,19.970577539510515,20.350788073095007,3180900
2025-04-25,20.018102645874023,20.27474542911278,19.999093479438653,20.160681365566628,4643700
2025-04-28,19.93255615234375,20.179693459520916,19.80898840524861,19.970578113288028,8129700
2025-04-29,19.8279972076416,20.14167109902771,19.75195510709305,19.98958689793061,9330700
2025-04-30,19.961071014404297,20.360292507211852,19.894534401100827,20.132166198891355,9444300
2025-05-01,19.8279972076416,20.06562899847916,19.666407517352596,19.87552284061444,7680200
2025-05-02,19.40026092529297,19.62838724653316,19.324218818212906,19.60937626651643,7079000
2025-05-05,19.552345275878906,19.62838738348955,19.400261060657616,19.58086174610297,7803000
2025-05-06,19.761463165283203,19.875525424440827,19.590367963559846,19.78997782357915,8579000
2025-05-07,19.70442771911621,19.847006431440963,19.590365474451083,19.63789110756377,10576900
2025-05-08,19.343229293823242,19.62838673469082,19.181639593868468,19.47630252449654,10543500
2025-05-09,19.381248474121094,19.466796064715936,19.238669760791925,19.31471186209993,10669000
2025-05-12,18.706375122070312,18.90598495888539,18.525774450913783,18.611322041830732,14240800
2025-05-13,18.639841079711914,18.706377701157148,18.55429347700034,18.620830098445573,10673800
2025-05-14,18.801429748535156,18.83944989596573,18.668354700061,18.696871170374074,14125400
2025-05-15,18.696868896484375,18.94400617018059,18.68736340753606,18.829942115787475,12614200
2025-05-16,18.554292678833008,18.744397044357644,18.525776208160217,18.677860425774675,13673400
2025-05-19,18.630332946777344,18.867964739942906,18.630332946777344,18.82043729351777,15407600
2025-05-20,18.630332946777344,18.72538602664091,18.573301824053885,18.677858580215776,15805000
2025-05-21,19.162630081176758,19.191146552641065,18.763408545611117,18.85846163750521,24182200
2025-05-22,19.153121948242188,19.31471163827246,19.048565193272022,19.257680516199034,13649000
2025-05-23,19.22916603088379,19.504819806463022,19.17213490293138,19.504819806463022,16267500
2025-05-27,18.7539005279541,19.086585398259235,18.7539005279541,18.953512175331856,15364100
2025-05-28,18.953514099121094,18.991534246822255,18.725387773953525,18.753902431482675,21360900
2025-05-29,18.896480560302734,19.048566585256776,18.82043845431912,18.82043845431912,32963100
2025-05-30,19.01054573059082,19.153124460972865,18.905987148916754,19.01054573059082,28814200
2025-06-02,18.953514099121094,19.22916606216183,18.944008608949087,18.991534246822255,10379300
2025-06-03,18.64934539794922,18.972522994225574,18.601817947771192,18.896480886927577,8900400
2025-06-04,18.706375122070312,18.73488977705149,18.573301897526928,18.63983850979862,7702400
2025-06-05,18.706375122070312,18.8394483466137,18.592311063185473,18.696869632747685,10283700
2025-06-06,18.421215057373047,18.544784600053266,18.402205892564776,18.449731524065395,9026900
2025-06-09,18.30715560913086,18.373692228575806,18.212102518643697,18.259628157393823,7190900
2025-06-10,18.193090438842773,18.259627054268016,18.117048333644384,18.21210141838907,10190700
2025-06-11,18.27863883972168,18.30715531029842,18.088534474837378,18.11704913242724,13464600
2025-06-12,18.35468101501465,18.459239594522682,18.31666086709429,18.41171395637551,8109000
2025-06-13,18.706375122070312,18.763406245019375,18.478248817287348,18.620827531153363,12890900
2025-06-16,18.48775291442871,18.582804174523947,18.383194352740066,18.506762078655814,6451300
2025-06-17,18.696868896484375,18.70637438543269,18.51626823243971,18.64934326472945,6927300
2025-06-18,18.592309951782227,18.763405123388473,18.440225757684807,18.715879492603005,6483200
2025-06-20,18.64934539794922,18.715882015211612,18.468744713246405,18.478250203282013,8387500
2025-06-23,18.430721282958984,18.867964724785445,18.430721282958984,18.7158805223206,8249500
2025-06-24,18.20259666442871,18.38319735144545,18.15507102662861,18.28814426285838,5787900
2025-06-25,18.398591995239258,18.40819983517247,18.168009334366452,18.187225014232876,5774000
2025-06-26,18.100753784179688,18.350552090374183,18.09114594557515,18.340944251769642,7030700
2025-06-27,18.100753784179688,18.225652021023016,17.956639870127283,18.062322429761533,11327900
2025-06-30,18.081539154052734,18.119970510696408,18.01428611243425,18.02389395159517,7836100
2025-07-01,17.908601760864258,18.216045284783448,17.697234796296804,18.187223599733493,12230700
2025-07-02,17.65880584716797,17.95664340501654,17.65880584716797,17.87978251355747,7631700
2025-07-03,17.51468849182129,17.610765045550632,17.49547281457385,17.601157206926914,5941100
2025-07-07,17.764488220214844,17.879780460418516,17.543513411708126,17.639589973126522,11432500
2025-07-08,17.65880584716797,17.72606073063933,17.572338947721192,17.716452890143422,10053100
2025-07-09,17.466651916503906,17.678018878205155,17.466651916503906,17.553120635497127,8019000
2025-07-10,17.38979148864746,17.533905413213372,17.29371492810086,17.505081895297,8125900
2025-07-11,17.629980087280273,17.639587925557652,17.495472183904738,17.514687860459496,8426900
2025-07-14,17.51468849182129,17.697233760656257,17.50508065319757,17.6684102447851,9933900
2025-07-15,17.860563278198242,17.860563278198242,17.4378275430464,17.447435381630285,12215200
2025-07-16,17.68762969970703,18.023896793324795,17.65880617767983,17.754882751928935,8977800
2025-07-17,17.476259231567383,17.71644970323403,17.437827876496943,17.69723402569881,10605100
2025-07-18,17.591550827026367,17.629982184708037,17.360968178460322,17.360968178460322,11717200
2025-07-21,17.668411254882812,17.687626933228803,17.437828612254755,17.514689493130774,8274900
2025-07-22,17.524295806884766,17.745270591104866,17.485866286045866,17.658801878582604,8553700
2025-07-23,17.274497985839844,17.466651092876813,17.274497985839844,17.40900589376886,7765300
2025-07-24,17.505081176757812,17.514689015668893,17.33214557388207,17.35135941919633,9953700
2025-07-25,17.45704460144043,17.60115852658556,17.437828922752285,17.45704460144043,7823400
2025-07-28,17.476259231567383,17.533904431665174,17.38018267639915,17.38018267639915,6797600
2025-07-29,17.601158142089844,17.639589498626606,17.360967661258904,17.360967661258904,10106800
2025-07-30,17.678020477294922,17.802920563808886,17.418614296850315,17.52429870351473,11979000
2025-07-31,17.860563278198242,17.898992800025955,17.64919632687624,17.774094563451097,13930200
2025-08-01,18.22565269470215,18.437021486799203,18.10075445324218,18.129577970121204,13912800
2025-08-04,17.831741333007812,18.139184864739462,17.831741333007812,18.11036317895712,7968300
2025-08-05,17.745271682739258,17.95664047413323,17.716449998464007,17.764487360594693,8366600
2025-08-06,17.774097442626953,17.870174011521158,17.735666082066018,17.735666082066018,8938700
2025-08-07,17.831741333007812,17.94703357366118,17.591550844778958,17.591550844778958,15244800
2025-08-08,17.802921295166016,17.860566504574674,17.697236884160006,17.754882093568664,11060600
2025-08-11,17.822134017944336,17.850957537082728,17.706843606406867,17.7644888121756,10081900
2025-08-12,17.284109115600586,17.745274461292826,17.274501275168472,17.697237091640453,12933600
2025-08-13,16.957447052001953,17.207245364186804,16.93823137433207,17.178421847681978,10305200
2025-08-14,17.16881561279297,17.332145205796877,17.13038425796482,17.16881561279297,11852300
2025-08-15,17.264890670776367,17.35135938831429,17.1496002690644,17.1496002690644,8710000
2025-08-18,17.207246780395508,17.284107664893046,17.168817254400754,17.274499825267352,7106200
2025-08-19,17.341753005981445,17.38979220448623,17.13038603008453,17.226462594586053,10323900
2025-08-20,17.418615341186523,17.543515435188894,17.341754449688217,17.380185811691472,12262800
2025-08-21,17.3609676361084,17.543512914377683,17.341751957867853,17.495473718776324,10044000
2025-08-22,16.70764923095703,17.284106750444,16.65961186787809,17.274498911326624,14575500
2025-08-25,16.88058853149414,16.88058853149414,16.74608243403463,16.765298114388315,7020400
2025-08-26,16.746082305908203,16.861372722131925,16.707650945494876,16.861372722131925,7835400
2025-08-27,16.621179580688477,16.79411701010155,16.621179580688477,16.79411701010155,7444800
2025-08-28,16.611576080322266,16.678829128014566,16.553929040150486,16.563536880179115,7006300
2025-08-29,16.68843650817871,16.755689554017795,16.57314426352024,16.58275210328412,9281100
2025-09-02,16.794118881225586,16.957448490256724,16.75568935513428,16.919018964165417,11382400
2025-09-03,16.822938919067383,16.909407625515225,16.698038861972652,16.842154594390827,10203900
2025-09-04,16.611576080322266,16.822943063427793,16.601968240293637,16.774903863284642,9436100
2025-09-05,16.534713745117188,16.73647472540036,16.400207646600506,16.54432158536954,14499800
2025-09-08,16.515499114990234,16.640397367339705,16.496283435395526,16.496283435395526,7266800
2025-09-09,16.601964950561523,16.707647504918896,16.52510407807082,16.52510407807082,9176900
2025-09-10,16.63079071044922,16.70765160178691,16.51550028969678,16.582753340553737,9263800
2025-09-11,16.342559814453125,16.650003323148205,16.332951975742922,16.61157380081525,8505300
2025-09-12,16.515499114990234,16.52510695478759,16.38099119033534,16.38099119033534,6041400
2025-09-15,16.448246002197266,16.505891208239497,16.400206803405357,16.45785200944759,7783600
2025-09-16,16.477067947387695,16.59236019378844,16.438638420259508,16.467460107478626,8276900
2025-09-17,16.438636779785156,16.563535021122807,16.073546229706654,16.448244618735423,13353300
2025-09-18,16.04472541809082,16.35216895119062,16.015901899672212,16.31373759329914,11013900
2025-09-19,16.160015106201172,16.188838623334586,15.996685507460997,15.996685507460997,8392100
2025-09-22,16.063940048217773,16.28491670185824,16.044726200842682,16.208055814833585,8711700
2025-09-23,16.111976623535156,16.14079830615724,15.900607844264972,16.03511574902994,9234100
2025-09-24,16.24949073791504,16.268857021970053,16.065497186542583,16.104231601699254,7266500
2025-09-25,16.423795700073242,16.530318556725483,16.375377227256593,16.443163828018438,8983100
2025-09-26,16.288223266601562,16.423796474518053,16.268855137743085,16.404430192706002,8196600
2025-09-29,16.268856048583984,16.3269604384125,16.18170131088775,16.191385375859166,7978500
2025-09-30,16.259174346923828,16.423797915525512,16.24949028164492,16.317276891550694,7172500
2025-10-01,16.230121612548828,16.346326697946708,16.191385352718516,16.346326697946708,7282000
2025-10-02,16.133283615112305,16.297909033513314,16.123599549671468,16.191386160710714,7967700
2025-10-03,16.01707649230957,16.05581090211323,15.86213331195577,16.04612683790072,9680700
2025-10-06,15.958971977233887,16.007392297902623,15.842766901721664,15.900869439477775,10765800
2025-10-07,16.123600006103516,16.19138661906169,15.910556101514024,15.920240167229002,10170600
2025-10-08,15.968657493591309,16.162335099786965,15.949289363562434,16.065496296689137,6917800
2025-10-09,16.065494537353516,16.14296520193864,15.92992133609113,15.98802387276839,7842200
2025-10-10,16.559371948242188,16.569056012916324,15.95897286777119,16.036443538117787,11948300
2025-10-13,16.104228973388672,16.307590622672897,16.084862692494358,16.26885436679158,9710000
2025-10-14,15.871818542480469,16.36569477133185,15.755613457483982,16.317276293757736,12478200
2025-10-15,15.716877937316895,15.92023961619935,15.571620650713202,15.716877937316895,11880200
2025-10-16,16.055810928344727,16.123597530896667,15.668457594443352,15.678141658671684,13714400
2025-10-17,16.17201805114746,16.297907193572954,16.05581112602312,16.18170026844861,10346900
2025-10-20,15.862133979797363,15.988024972814001,15.842767697603351,15.968656843573523,7226900
2025-10-21,15.92992115020752,16.026758094524197,15.842766422685456,15.900868958684725,7758100
2025-10-22,16.18170166015625,16.336644855996738,15.949289636965378,15.997709962867583,15613200
2025-10-23,15.97834300994873,16.16233656784243,15.929924527525145,16.113916238372134,9558600
2025-10-24,15.784663200378418,15.813715394037589,15.678142184387694,15.7556128537657,8528400
2025-10-27,15.726560592651367,15.78466313267404,15.620037730071093,15.639405859094133,7727400
2025-10-28,15.813715934753418,15.871818477011999,15.69750900318974,15.774981522263202,9060700
2025-10-29,15.958971977233887,16.094547028059978,15.687825569674452,15.833082837587916,16436200
2025-10-30,16.094547271728516,16.104229488962478,15.881501551653344,16.055811014607066,10725500
2025-10-31,16.00739288330078,16.18170050294363,15.978340689837085,16.094547616645425,11320000
2025-11-03,16.07518196105957,16.25917552054672,16.017079412238736,16.017079412238736,11581800
2025-11-04,16.34632682800293,16.356010893037556,16.15265106845001,16.31727647994559,14078400
2025-11-05,16.113914489746094,16.31727615735981,16.036443818047182,16.288223962830276,13029900
2025-11-06,16.39474868774414,16.433483104461693,16.113916316593325,16.13328444847546,14473700
2025-11-07,16.32695960998535,16.685260760515042,16.3172755455053,16.549687551887207,16432400
2025-11-10,16.15264892578125,16.278538060438972,16.084862326577376,16.0945463903274,10849100
2025-11-11,16.15264892578125,16.259171779985223,16.11391267078115,16.201067397485076,12250700
2025-11-12,16.201068878173828,16.22043700744402,16.01707719124643,16.104230078869346,14850000
2025-11-13,16.65620994567871,16.723996548086184,16.26885476555648,16.317275086594954,15902300
2025-11-14,16.617475509643555,16.91767414478964,16.530320769271047,16.91767414478964,18931900
2025-11-17,16.956409454345703,17.024196060376745,16.598106447693276,16.694945247900403,16644900
2025-11-18,16.89830780029297,17.08229949859594,16.791784929767452,17.06293321517487,22316800
2025-11-19,16.907989501953125,16.97577795651903,16.694945614457012,16.878939154185694,29740800
2025-11-20,17.21787452697754,17.237240810356045,16.491586259456135,16.617475413126016,34237600
2025-11-21,16.743364334106445,17.188820196272673,16.636841477046545,17.169452068253353,33071500
2025-11-24,16.433481216430664,16.743365749802265,16.414114933820226,16.723997620145322,17014800
2025-11-25,16.07518196105957,16.43348316700922,16.055813829103716,16.39474875014424,15563400
2025-11-26,15.949288368225098,16.104229704693676,15.852451418217054,16.094547487330015,17261400
2025-11-28,15.871818542480469,15.968657344675226,15.862134477556342,15.929922932025237,5726300
2025-12-01,16.055810928344727,16.084863121029727,15.939604004651118,16.06549499257306,19213400
2025-12-02,16.094547271728516,16.104229488962478,15.94928815456948,15.94928815456948,18740200
2025-12-03,15.813715934753418,16.084864210370988,15.794347804985053,16.046127950834258,14925700
2025-12-04,15.678142547607422,15.881502366793557,15.62003815894296,15.85245201950782,18241700
2025-12-05,15.745929718017578,15.77498191339045,15.629722783572648,15.697509392396123,17361500
2025-12-08,15.745929718017578,15.78466413146818,15.620038718448356,15.620038718448356,14072000
2025-12-09,15.726560592651367,15.79434719718556,15.620037730071093,15.79434719718556,14663600
2025-12-10,15.494149208068848,15.7652974841468,15.406994471009739,15.755613419246174,20208800
2025-12-11,15.319839477539062,15.542567425386041,15.310156336323766,15.513517078216905,22429700
2025-12-12,15.571619987487793,15.590988117422455,15.31983983947678,15.31983983947678,31833700
2025-12-15,15.678142547607422,15.697508830115748,15.465097740120632,15.474780881374794,27967200
2025-12-16,15.755611419677734,15.852450209347511,15.629720438993138,15.736243292334521,28054500
2025-12-17,15.939604759216309,15.96865695327661,15.629722077425667,15.736244941933629,31875500
2025-12-18,15.842769622802734,15.881504038944195,15.67814419834647,15.745930811879045,26466300
2025-12-19,15.716877937316895,15.82340080944802,15.678143522844328,15.82340080944802,18454400
2025-12-22,15.552250862121582,15.639405594202637,15.455412989216239,15.629721529855141,16166800
2025-12-23,15.649090766906738,15.678142962006868,15.571620093686272,15.62003857180661,14578700
2025-12-24,15.608941078186035,15.697072947797073,15.599149478333622,15.648110279197931,8096900
2025-12-26,15.687280654907227,15.755826524263504,15.618733851683519,15.628526385553682,12824300
2025-12-29,15.794995307922363,15.824372910492412,15.68728116730202,15.765619573087234,17572800
2025-12-30,15.912504196166992,15.922296730569752,15.78520498440104,15.78520498440104,12847600
2025-12-31,16.030012130737305,16.049595331062005,15.902711056084849,15.902711056084849,13323700
2026-01-02,15.883126258850098,16.069180673118872,15.853750523994712,15.951673998227482,27330100
2026-01-05,15.618734359741211,15.814580374177936,15.569772622665166,15.804787839989235,27449900
2026-01-06,15.422887802124023,15.706865680390148,15.413095268280207,15.648110477327247,22673900
2026-01-07,15.452265739440918,15.559981752838656,15.383719864636905,15.403304000066264,18742000
2026-01-08,15.285796165466309,15.520812324302211,15.25641949581213,15.501227255287764,22654800
2026-01-09,15.187872886657715,15.315173027485756,15.099741948094652,15.217249554889587,19997500
2026-01-12,15.109535217285156,15.305381238138976,15.099742682775592,15.236835364307012,15565800
2026-01-13,15.129117965698242,15.178079699890725,15.040987030925253,15.070364631761185,21756500
2026-01-14,15.021403312683105,15.197665187100057,15.011610778800513,15.138910917671929,23720700
2026-01-15,14.89410400390625,14.992027480454897,14.805973061785965,14.972442411598175,18829900
2026-01-16,14.89410400390625,14.952858276608936,14.805973061785965,14.88431146947789,20353800
2026-01-20,15.06057357788086,15.14870452131289,14.923480895445755,15.138911986738776,28315100
2026-01-21,14.766803741455078,15.050780700565081,14.727634537918094,14.952858158656358,29417600
2026-01-22,14.668880462646484,14.688465531611694,14.561165384940294,14.659088862031368,22038800
2026-01-23,14.933272361755371,14.96264902950873,14.70804968586723,14.70804968586723,22277300
2026-01-26,15.001818656921387,15.021403725224449,14.845141845966719,14.923480251444053,19028800
2026-01-27,14.952857971191406,15.070365580329156,14.94306543696306,14.992027174237323,14652100
2026-01-28,15.031195640563965,15.080156441571063,14.845141234814287,14.894102969688802,20323100
2026-01-29,15.031195640563965,15.256418313572354,14.933272170814933,15.001818039318804,25519600
2026-01-30,15.25641918182373,15.354342657145644,15.070365699353063,15.17808077511319,26597500
2026-02-02,15.109535217285156,15.334757907800176,15.0116117399245,15.334757907800176,20513800
2026-02-03,15.080156326293945,15.324964064927727,14.9528571240077,15.060572192814297,29274500
2026-02-04,15.217248916625977,15.403302386114044,14.972441179271076,15.00181784627079,37174200
2026-02-05,15.481642723083496,15.530603526628934,15.148704029316706,15.324964976588708,33079700
2026-02-06,14.933272361755371,15.266211042518213,14.894103160128415,15.246625974771021,19900500
2026-02-09,14.835349082946777,15.021403493485733,14.786388280679365,14.943065089216944,16058100
2026-02-10,14.874518394470215,14.894103462615163,14.747219186997839,14.80597252369779,22081900
2026-02-11,14.952857971191406,15.109534783375073,14.71784181904844,14.747219421733474,25659400
2026-02-12,15.246625900268555,15.324964303139668,14.815764684477436,14.825557218303182,28341300
2026-02-13,15.070365905761719,15.315173663551995,14.93327322520687,15.207457652449085,28386100
2026-02-17,15.06057357788086,15.295588804454612,14.992027703597056,15.109535316883932,29127300
2026-02-18,15.011611938476562,15.129119552543075,14.845142585082124,15.060573677804484,22555100
2026-02-19,14.972441673278809,15.178080216796555,14.972441673278809,15.099741812967647,24456700
2026-02-20,14.982234001159668,15.129118272851779,14.84514132941092,15.080156537665266,29038400
2026-02-23,15.217248916625977,15.354341585736988,15.00181784627079,15.060572114137626,26196100
2026-02-24,15.06057357788086,15.256419600025653,15.001819304303673,15.217250395596695,18025900
2026-02-25,14.982234001159668,15.109534139097628,14.943064799783944,14.943064799783944,14137800
2026-02-26,14.90389633178711,15.129119017313245,14.89410379749446,14.952858069382891,19984000
2026-02-27,15.178080558776855,15.266211498536933,15.099742153182888,15.138911355979872,26761400
2026-03-02,15.040987968444824,15.383719195287577,15.01161129964522,15.383719195287577,25032100
2026-03-03,15.285796165466309,15.638319936786417,15.18787362199655,15.442473915979408,30088800
2026-03-04,15.15849494934082,15.32496428875251,15.080156546543252,15.187872550790477,21863200
2026-03-05,15.4326810836792,15.599150431619796,15.207457463696494,15.315173473462451,34220500
2026-03-06,15.804787635803223,15.863542840176358,15.65790336034018,15.755826833227173,29589900
2026-03-09,15.63831901550293,16.216064509380637,15.569772211858083,16.020219433978728,34079800
2026-03-10,15.648111343383789,15.716657216349377,15.383719452039758,15.667696412155374,29401000
2026-03-11,15.697073936462402,15.824373147368327,15.599150460831334,15.706866470799003,30344000
2026-03-12,16.020217895507812,16.078971225712635,15.883124301383639,15.922294433343316,34179000
2026-03-13,16.09855842590332,16.157311763897162,15.834165603328618,15.922296544186851,32338100
2026-03-16,15.932088851928711,15.981049654938227,15.785204575165254,15.89291871533317,24538100
2026-03-17,15.843957901000977,15.912503772259278,15.736241893175126,15.843957901000977,19765100
2026-03-18,16.09855842590332,16.10835096019145,15.892918941322462,15.951674147051243,24812100
2026-03-19,15.990843772888184,16.323782495986304,15.834166946457902,16.304197425748743,41862900
2026-03-20,16.35315704345703,16.47066370743956,16.01042584932762,16.039801581455876,32910600
2026-03-23,16.010427474975586,16.08876588149642,15.736242118285197,16.020220009257557,31928100
2026-03-24,15.912504196166992,16.18668955623938,15.834165788679877,16.137726884225582,31939000
2026-03-25,15.71981430053711,15.877110606067747,15.650997401257438,15.729645554022758,29800000
2026-03-26,16.00491714477539,16.014748399562368,15.72964763610039,15.916437726812715,29908600
2026-03-27,16.290014266967773,16.339170535573178,16.05406980302158,16.103224196507067,33650500
2026-03-30,16.525959014892578,16.584946538232693,16.152380742671593,16.152380742671593,34891600
2026-03-31,15.945928573608398,16.34900061792353,15.896774178007039,16.2900149681779,42043900
2026-04-01,15.85744857788086,15.88694233922831,15.67065944381348,15.827956691653334,28731400
2026-04-02,15.759140014648438,16.16221204986892,15.690322174751298,16.16221204986892,25402900
2026-04-06,15.690321922302246,15.81812540855781,15.650997844805145,15.778800393500749,17654000
2026-04-07,15.65099811553955,15.87711133066924,15.621505291296543,15.768971287631539,29121000
2026-04-08,15.198770523071289,15.316742755859583,15.090629544072012,15.120122367879095,25302500
2026-04-09,15.120122909545898,15.287250479706522,15.051306005677406,15.287250479706522,18168400
2026-04-10,15.159446716308594,15.2086020485719,15.080798559711297,15.080798559711297,13924300
2026-04-13,14.933332443237305,15.238094750779279,14.91367087302555,15.218432243007552,16626300
2026-04-14,14.746542930603027,14.874346415175447,14.697387599989026,14.825191084561448,13895100
2026-04-15,14.6973876953125,14.795698357178118,14.687556441613948,14.736711772546757,14041400
2026-04-16,14.658063888549805,14.776036122429403,14.648232634669844,14.68755671262971,20886800
2026-04-17,14.372963905334473,14.500767391461327,14.264822926716349,14.461443314003832,23256700
2026-04-20,14.294316291809082,14.431951036903143,14.264823466988924,14.412288528649707,15595100
2026-04-21,14.431950569152832,14.471274646825185,14.166512341694478,14.235329243231103,21188400
2026-04-22,14.333640098571777,14.412288254972063,14.254991942171491,14.274654450051552,17321100
2026-04-23,14.382796287536621,14.569585435724873,14.264824045908245,14.313979380976743,23216300
2026-04-24,14.323808670043945,14.451612157026654,14.254991768422475,14.323808670043945,20016600
2026-04-27,14.31397819519043,14.353302272475569,14.25499161048274,14.31397819519043,14998400
2026-04-28,14.471274375915527,14.530260022539832,14.32380838423487,14.363132461171055,18158100
2026-04-29,14.569584846496582,14.667895512657664,14.46144386376739,14.471275117895496,19547600
2026-04-30,14.25499153137207,14.549922578153828,14.25499153137207,14.520429754743637,12617100
2026-05-01,14.196004867553711,14.343470858899375,14.176343297910257,14.225498628358812,16166500
2026-05-04,14.28448486328125,14.363133020214775,14.1271885494142,14.2353295308078,19104200
2026-05-05,14.028878211975098,14.166512011843706,14.019046958395927,14.156680758264535,12035900
2026-05-06,13.822427749633789,13.999385641302029,13.822427749633789,13.901075909833011,14627600
2026-05-07,14.058371543884277,14.107526875998973,13.792933313000907,13.792933313000907,20800500
2026-05-08,13.960061073303223,14.04854048482503,13.930568248649283,13.969892327374533,13903300
2026-05-11,13.910905838012695,13.95022991701358,13.832257680010928,13.930568346293137,12902400
2026-05-12,14.048541069030762,14.254992725313567,13.979724162789838,13.979724162789838,20304300
2026-05-13,14.048541069030762,14.176344564592501,14.009216988670229,14.028879497630511,14955600
2026-05-14,13.960061073303223,14.078033309478968,13.901075423995344,13.989553897957162,15830800
2026-05-15,14.304146766662598,14.323808336284896,14.166512029066714,14.176343282657838,19091900
2026-05-18,14.382796287536621,14.49093727463929,14.235330282331125,14.245161536856832,24370500
2026-05-19,14.549922943115234,14.66789517727509,14.441781025298717,14.510598865061949,19022900
2026-05-20,14.17634391784668,14.520430308473633,14.17634391784668,14.441781213780626,23528700
2026-05-21,14.038708686828613,14.32380848093057,13.999384609626963,14.245160326527268,19334800
2026-05-22,13.930567741394043,13.999384642267394,13.861750840520694,13.96989181868738,15483200
2026-05-26,13.67496109008789,13.802764578670766,13.665129836144597,13.763440500457572,12988000
2026-05-27,13.67496109008789,13.724116422244379,13.606144187604796,13.635637011874696,14444900
2026-05-28,13.606144905090332,13.78310373516117,13.566820824803482,13.724117145950881,10056800
2026-05-29,13.684792518615723,13.7831031841829,13.635637185832133,13.635637185832133,11200900
2026-06-01,13.743778228759766,13.881412973651207,13.684792579206288,13.783103245208745,11642300
2026-06-02,13.625805854797363,13.783103106328346,13.615975538344165,13.773271852315162,13068600
2026-06-03,13.81259536743164,13.861750697932667,13.70445345281739,13.70445345281739,11256700
2026-06-04,13.606144905090332,13.86175189573487,13.576652079265203,13.83225813234971,11592300
2026-06-05,14.107526779174805,14.166512427259622,13.74377788655856,13.74377788655856,18966600
2026-06-08,13.97972297668457,14.009215800062654,13.842088238320267,13.901074822636383,17588000
2026-06-09,13.940399169921875,14.294315870000073,13.645468117743393,13.832257252839115,23616700
2026-06-10,14.08786392211914,14.097695175742826,13.743777545769733,13.960060437691073,23994300
2026-06-11,13.67496109008789,13.979723399410128,13.635637011874696,13.960060891523542,24815700
2026-06-12,13.547158241271973,13.67496173589039,13.42918600106113,13.606144830157405,23196500
2026-06-15,13.448847770690918,13.478340594732616,13.29155145905523,13.350537107138626,17727800
2026-06-16,13.56682014465332,13.58648171503103,13.360368499107466,13.419354147800577,20623200
2026-06-17,13.665129661560059,13.71428499308854,13.3996923714022,13.54715742842768,16896600
2026-06-18,13.409523963928223,13.60614435744858,13.389861455796192,13.468509613204334,11327700
2026-06-22,13.301382064819336,13.380030222348674,13.232565161371163,13.350537397665171,10603900
2026-06-23,13.419353485107422,13.547156967711103,13.311212509470431,13.517664144821003,12092300
2026-06-24,13.359756469726562,13.449152762504513,13.220696411872504,13.399488050152806,14695500
2026-06-25,13.280293464660645,13.369689758487272,13.151165589941694,13.23062875172634,15120200
2026-06-26,13.329957962036133,13.409421122535779,13.230628537773779,13.379622674167312,15454600
2026-06-29,13.280293464660645,13.459086052313902,13.260428147852288,13.30015972874461,10533100
2026-06-30,13.200830459594727,13.339891468006577,13.180965142550532,13.290226754482656,9299900
2026-07-01,13.250494956970215,13.270360273690358,13.111433950826795,13.230628692974467,10935300
2026-07-02,13.349823951721191,13.459086513374736,13.141232908072002,13.220697019854418,15252400
2026-07-06,13.300159454345703,13.339891034418315,13.220696294200483,13.339891034418315,8793800
2026-07-07,13.39948844909668,13.459086295148257,13.250495254881175,13.28029370426915,13149300
2026-07-08,13.538549423217773,13.66767729993126,13.459086260205725,13.508750973907162,17101400
2026-07-09,13.36968994140625,13.469019368633848,13.329958359970334,13.459086236455963,10614600
2026-07-10,13.429287910461426,13.528616391325109,13.329958482322112,13.359756931853653,10243600
2026-07-13,13.538549423217773,13.578281004723799,13.4392199958149,13.478951577320924,13494900
2026-07-14,13.498817443847656,13.538549024182633,13.429287415080347,13.439219599707394,11233900
2026-07-15,13.439220428466797,13.518683594037022,13.38955571316649,13.469019826012373,25110700
2026-07-16,13.459086418151855,13.508751132436121,13.349823857271343,13.49881800012414,27790200
2026-07-17,13.518683433532715,13.627945995351267,13.439220268905938,13.627945995351267,33468000
2026-07-20,13.60807991027832,13.618013042806764,13.439220446397385,13.488885161763953,41062400
2026-07-21,13.419354438781738,13.598146078724511,13.409421306763916,13.568347629946649,23308800
2026-07-22,13.548482894897461,13.55841508006612,13.429288147392725,13.44915346500569,21752300
2026-07-23,13.627945899963379,13.707409064033959,13.58821431792809,13.677610614326401,27556000
2026-07-24,13.66767692565918,13.707408506077206,13.538549052481697,13.558414369052912,26330500
2026-07-27,13.598146438598633,13.67761054956862,13.46901950805203,13.548482671746385,30398900
2026-07-28,13.568347930908203,13.717342072653585,13.558414798670054,13.588214195384506,33483700
2026-07-29,13.786871910095215,13.816670359115438,13.5683477403038,13.618012453521251,28514300
2026-07-30,13.618012428283691,13.786871884544716,13.598146164123282,13.677610273489305,23157900
2026-07-31,13.677610397338867,13.836536722958751,13.558414705848332,13.57828097018863,23958900
2026-08-03,13.459086418151855,13.627945878352978,13.429287968491549,13.608079613729018,21968300
2026-08-04,13.200830459594727,13.409421498574691,13.171032010390624,13.389555234254875,16826700
2026-08-05,13.280293464660645,13.290226596702627,13.151165589941694,13.180964986067643,22023100
2026-08-06,13.359756469726562,13.369689601652023,13.220696411872504,13.290226440799533,18846000
2026-08-07,13.210763931274414,13.300160228459852,13.19089766644403,13.270360831214276,19049000
2026-08-10,13.300159454345703,13.329957902581263,13.230628478761943,13.270360058834553,11806000
2026-08-11,13.240562438964844,13.270360889064676,13.200830856406517,13.250495571423338,14491000
2026-08-12,13.171031951904297,13.250495114279461,13.141232555556897,13.161098819788497,11815400
2026-08-13,13.131300926208496,13.180965641612838,13.071703078268154,13.121367793672498,13692500
2026-08-14,13.07170295715332,13.18096551948564,13.07170295715332,13.151166122153745,14067200
2026-08-17,13.131300926208496,13.16109937654084,13.111434661136498,13.121367793672498,13798000
2026-08-18,13.300159454345703,13.300159454345703,13.171031582290823,13.200830030526383,14341000
2026-08-19,13.230628967285156,13.250495231692792,13.151165804205865,13.171032068613501,13791800
2026-08-20,13.409421920776367,13.439220370918688,13.30016030540409,13.32995875554641,14920300
2026-08-21,13.300159454345703,13.389554799052386,13.290226322508653,13.310091638907164,10680200
2026-08-24,13.39948844909668,13.429287845760282,13.329958418099528,13.33989155032073,15747900
2026-08-25,13.33989143371582,13.409421464105206,13.32002516944707,13.32002516944707,11540800
2026-08-26,13.36968994140625,13.39948839066428,13.310092095614566,13.36968994140625,13756600
2026-08-27,13.320025444030762,13.399488608192602,13.30016012662812,13.36969015845082,10078000
2026-08-28,13.508750915527344,13.518683100404209,13.300159876703262,13.339891458037581,23419300
2026-08-31,13.588213920593262,13.657743950302972,13.538549207682493,13.538549207682493,16906600
2026-09-01,13.757073402404785,13.786871851297926,13.647810844337245,13.697475557342889,19671600
2026-09-02,13.588213920593262,13.727273980012685,13.578280788555986,13.717341795251018,20946300
2026-09-03,13.548482894897461,13.62794605990062,13.498818179951575,13.508751312395882,18706000
2026-09-04,13.508750915527344,13.627945659530303,13.498817783374859,13.627945659530303,14281100
2026-09-08,13.568347930908203,13.598146380347028,13.508751032030554,13.53854948146938,17616700
2026-09-09,13.757073402404785,13.776938719241675,13.608079263387852,13.637877712280995,15877400
2026-09-10,13.896133422851562,13.925932818936172,13.806737129148953,13.866334974042562,23426500
2026-09-11,13.856402397155762,13.866335529581924,13.727274517442583,13.767006099871587,20074000
2026-09-14,13.896133422851562,13.94579813571697,13.816670261177155,13.925932818936172,22319800
2026-09-15,14.005395889282227,14.05505965454817,13.915999596162564,13.935864912813821,23469500
2026-09-16,14.064992904663086,14.204053911492462,13.906066581015578,13.985529742839331,30093400
2026-09-17,13.995463371276855,14.005396503676035,13.856402359515268,13.86633549191445,22743800
2026-09-18,14.064992904663086,14.14445606648684,14.02526132375121,14.02526132375121,19895800
2026-09-21,13.995463371276855,14.025261821198752,13.945798656556601,13.96566492135496,26723200
2026-09-22,13.916000366210938,13.975597266738134,13.82660406814449,13.886200968671686,34438200
2026-09-23,14.180000305175781,14.180000305175781,13.970000267028809,13.979999542236328,43209900
2026-09-24,14.1899995803833,14.329999923706055,14.15999984741211,14.210000038146973,50572200
2026-09-25,14.180000305175781,14.260000228881836,14.109999656677246,14.170000076293945,59060800
2026-09-28,14.289999961853027,14.350000381469727,14.199999809265137,14.270000457763672,44852700
