Date,Close,High,Low,Open,Volume
,SDS,SDS,SDS,SDS,SDS
2009-01-02,21060.89453125,22544.679950381178,20823.61541305205,22266.272451695586,79213
2009-01-05,21041.9140625,21491.16256601451,20681.2497709461,21181.117824152385,89162
2009-01-06,20785.650390625,21130.496036375094,20339.565656214327,20703.393631088282,89073
2009-01-07,22003.68359375,22215.652939656724,21313.99228915798,21431.049987643783,86801
2009-01-08,21851.82421875,22503.55084232934,21829.678168434195,22282.09033917131,92017
2009-01-09,22762.98046875,22895.856796712127,21709.461011336,21772.735453222725,90454
2009-01-12,23838.638671875,24132.864736438285,22864.21256557938,22899.01349794708,77570
2009-01-13,23816.49609375,24278.399445196268,23433.685781934942,24003.155667279658,100431
2009-01-14,25255.9921875,25648.293707135475,24528.336143014843,24639.06641065389,148610
2009-01-15,25224.345703125,26869.480503780338,24743.460146010366,25417.332670124953,147183
2009-01-16,24911.142578125,26069.064623285496,24306.871784065836,24366.982491328265,110947
2009-01-20,27486.412109375,27552.85026019186,25218.02381719937,25350.900118833088,132792
2009-01-21,25129.4375,27562.339103613245,24996.561209555584,26549.948319274834,124130
2009-01-22,25819.134765625,26841.016952770802,25119.952216525242,26129.179515904532,144057
2009-01-23,25660.947265625,27264.954202337103,25123.114564952302,27084.622061523318,120628
2009-01-26,25376.208984375,25844.439744839718,24281.561395720997,25369.881541666018,96701
2009-01-27,24835.212890625,25385.700412022292,24449.238881369427,25056.67338773885,93149
2009-01-28,23120.48046875,23898.756083872126,22810.435711506227,23705.76904109794,104449
2009-01-29,24528.33203125,24648.55344453357,23667.799809851833,23797.512387341998,97650
2009-01-30,25638.796875,25967.82388326752,24205.631156296273,24373.308381663377,111331
2009-02-02,25762.185546875,26572.09829401979,25395.19383332502,26413.912210593073,119370
2009-02-03,24983.912109375,25983.64824038203,24651.72130635051,25461.634121343548,96735
2009-02-04,25205.37109375,25455.305111122445,24094.904763399023,24702.339337266225,102826
2009-02-05,24480.873046875,26008.950286683816,24107.553969654626,25686.25074535773,132924
2009-02-06,23161.60546875,24455.56758276704,22940.144960238526,24363.819657812288,104923
2009-02-09,23050.87890625,23474.817661868652,22731.342978507582,23152.11801206938,69243
2009-02-10,25176.896484375,25521.742138659603,23098.331393870554,23503.287758535043,153181
2009-02-11,24841.541015625,25588.17928354241,24582.115854738444,24933.288938377562,99474
2009-02-12,24806.740234375,26385.437259875973,24730.81091851924,25714.72830315011,149460
2009-02-13,25306.609375,25366.720086104513,24503.024079181774,24895.32556217965,105428
2009-02-17,27486.412109375,27549.68653872439,26670.171970767868,26961.23434577506,143543
2009-02-18,27682.568359375,28185.60017299107,27027.677885044643,27135.244436383928,139908
2009-02-19,28166.61328125,28378.582627520216,26891.63348204257,27078.293055623806,126893
2009-02-20,28793.03125,29998.409220140646,28128.649691654766,29318.209053263377,177939
2009-02-23,30773.521484375,30903.23407621826,28163.45103874846,28179.26964750983,158077
2009-02-24,28451.3515625,30732.395093753476,28134.97936676443,30340.093571041365,159340
2009-02-25,28929.0703125,29875.023070968666,27815.44030921916,28777.211675688974,176651
2009-02-26,29865.53125,29976.261503575213,27837.585748808262,28248.869547801907,152358
2009-02-27,31232.25390625,31349.311583978044,29954.11061430055,31191.1255329942,166467
2009-03-02,33984.69921875,34269.434177760195,32114.93965458306,32459.785327162073,180289
2009-03-03,34598.453125,35022.39174229609,32991.28284450439,33079.86703319313,169647
2009-03-04,32937.50390625,34237.79341786932,31801.727909482757,33415.225843608925,162905
2009-03-05,35658.3046875,36224.610830616184,33750.58064113654,34462.417971869174,180437
2009-03-06,35506.44921875,37407.84599149069,33915.097177670854,34993.92629498296,175735
2009-03-09,36411.26953125,36737.13283490094,34358.014346109565,36506.18117309008,138150
2009-03-10,31953.58203125,34997.08162670173,31766.922492651607,34826.2406930693,148583
2009-03-11,31564.451171875,32197.19550728394,30539.405348512515,31178.477127275546,134900
2009-03-12,29008.166015625,32102.28602470791,28802.52409273094,31548.634693839293,125413
2009-03-13,28552.587890625,29609.27092170187,28340.618540079642,28606.371158673825,111098
2009-03-16,28675.974609375,28761.39509861299,27160.55185585662,27923.008815351255,129979
2009-03-17,26935.923828125,29052.453431251102,26891.631728806966,28600.041273931172,119800
2009-03-18,25733.712890625,27726.85760676635,25088.3136492078,27223.825845073534,148594
2009-03-19,26356.966796875,26530.971499050982,25053.51339148399,25119.951550496637,132660
2009-03-20,27518.05078125,27635.108481745086,26072.22999405395,26144.995591659,124196
2009-03-23,23579.216796875,26300.0173396514,23569.725632190897,26084.884273478383,143057
2009-03-24,24477.71875,24550.484360863382,23484.30997560424,24113.89069568308,119832
2009-03-25,24025.30078125,25433.15683177097,23221.7155299414,24088.5752104869,160056
2009-03-26,23025.572265625,23977.85273442867,22899.023366116206,23522.276696197012,133600
2009-03-27,23781.69140625,23984.169555777735,23335.6067330717,23601.35930432686,116996
2009-03-30,25477.44921875,25961.498607855767,24863.687248249877,24898.488184721533,125878
2009-03-31,25088.3125,25290.790684110973,24012.647146910465,24974.41852143758,121188
2009-04-01,24025.30078125,25746.365256493613,23807.004000382705,25619.81639801982,142945
2009-04-02,22639.59375,23041.386428346843,21943.574937115707,22826.25334072806,159304
2009-04-03,22177.6875,23031.892296718972,22168.196335592012,22595.2987339515,128971
2009-04-06,22503.552734375,23205.89896058493,22399.149916965416,22668.066264838588,103676
2009-04-07,23538.0859375,23648.81618048555,23035.05426222278,23253.351026965724,91685
2009-04-08,23050.87890625,23623.512598540867,22832.58208432696,23351.432501651285,86169
2009-04-09,21238.064453125,22044.813512494416,21234.900731323552,21861.31764801039,101150
2009-04-13,21200.09765625,21832.841952810213,20867.90690055589,21690.474486084167,85691
2009-04-14,21949.900390625,22082.776697400186,21260.20908402998,21624.037066866804,112829
2009-04-15,21472.177734375,22348.528586359953,21402.57586165417,22225.14344835485,107214
2009-04-16,20836.267578125,21718.94578254299,20538.877788822883,21146.312252078274,109010
2009-04-17,20567.353515625,21022.92941260239,20298.43718754807,20697.066097403283,107581
2009-04-20,22272.599609375,22304.236824729225,21250.717553433504,21301.337098000266,113666
2009-04-21,21437.375,22642.752785566707,21370.93685433884,22598.46068845927,122641
2009-04-22,21674.658203125,21908.773617959516,20766.67004018574,21807.534519652698,138741
2009-04-23,21257.044921875,22146.05067020762,21206.425377485954,21579.744517355168,118851
2009-04-24,20595.82421875,21083.037264784947,20282.61583201325,20928.014931955648,142245
2009-04-27,20943.833984375,21117.83864738718,20428.147437629814,21070.382830202037,132893
2009-04-28,21079.87890625,21497.490194802453,20611.648067569975,21402.57853831326,107543
2009-04-29,20194.03125,20750.84614895034,19735.291702569328,20646.44335539715,136198
2009-04-30,20146.578125,20418.658168773556,19463.214294126887,19668.856187676665,145137
2009-05-01,19975.740234375,20523.064127397945,19839.70019160051,20197.200769124167,100179
2009-05-04,18605.845703125,19757.440301992116,18602.68198169954,19681.510987781094,131814
2009-05-05,18716.576171875,19036.112039582804,18586.863591914404,18719.739893337453,99910
2009-05-06,18099.65234375,18732.39670116129,18061.68768230532,18289.475650973385,123573
2009-05-07,18586.865234375,18814.653199800534,17694.695703125,17738.9878075133,129447
2009-05-08,17726.337890625,18352.754971178943,17628.26248912413,18128.130664515662,117274
2009-05-11,18365.408203125,18460.319873425386,18055.363413477065,18216.713252987727,94204
2009-05-12,18457.150390625,18944.363479441636,18143.941976385733,18219.871288928585,118615
2009-05-13,19339.830078125,19498.016157612365,18881.09044761165,18991.820703252804,124010
2009-05-14,19108.87890625,19501.180393729304,18792.50673892798,19403.105021859476,113540
2009-05-15,19415.7578125,19640.382027049047,18849.451694129868,19115.204285990712,97514
2009-05-18,18298.96484375,19093.058926699734,18254.672743505795,19032.94821922545,98323
2009-05-19,18333.765625,18444.495874676446,17992.083711712683,18302.12841080673,103424
2009-05-20,18536.2421875,18605.844052686036,17653.563988095237,18007.90075631507,126606
2009-05-21,19083.56640625,19488.522722562997,18862.105920766327,19007.63709694131,122972
2009-05-22,19153.16796875,19330.336354321524,18764.030264726833,18988.654467862158,81991
2009-05-26,18175.58203125,19475.871711814623,18090.161541285903,19466.380546263055,122496
2009-05-27,18820.9765625,18900.069588901497,18014.22769320474,18140.776535447134,111421
2009-05-28,18302.126953125,19089.893523795377,18147.104615924807,18517.259992504863,137219
2009-05-29,17558.65234375,18406.52961007883,17457.413267173422,18121.79470720721,91244
2009-06-01,16799.365234375,17653.570246292373,16644.342843323328,17229.631462600046,129755
2009-06-02,16767.720703125,17017.654653228183,16584.22489165684,16906.92442216981,102300
2009-06-03,17191.66015625,17517.523423841783,17030.3103829764,17058.783872377622,116328
2009-06-04,16872.125,17327.70084849053,16821.50546127883,17074.60315488468,89817
2009-06-05,16859.47265625,17137.880161175875,16464.007450389377,16524.11816168019,127448
2009-06-08,16935.404296875,17406.798886868346,16666.48792003316,17131.55506586552,105729
2009-06-09,16843.65625,17052.461905991735,16653.83292637115,16824.673917637116,82199
2009-06-10,16932.236328125,17346.68381672447,16530.443724673605,16539.93488853466,117672
2009-06-11,16732.921875,16884.780496667612,16308.983222844585,16859.470726389678,124273
2009-06-12,16650.66796875,17058.78808426753,16650.66796875,16910.093158458818,81609
2009-06-15,17432.109375,17606.114096529036,17042.971543216878,17055.626432055353,99558
2009-06-16,17897.17578125,17938.304168231836,17289.741142749026,17318.21464142876,110680
2009-06-17,17938.302734375,18232.528863880623,17644.07660486938,17928.811568907076,122589
2009-06-18,17738.986328125,18061.68591889881,17511.198381696428,17890.84495907738,91107
2009-06-19,17590.291015625,17751.640807315085,17305.556089113084,17362.50307441547,82592
2009-06-22,18580.53515625,18618.499811771027,17884.516471697814,17903.498799458328,97156
2009-06-23,18571.046875,18786.179956345826,18362.241237223167,18523.591048232538,102780
2009-06-24,18273.65234375,18472.96676508938,17875.023501071242,18245.178854987233,115785
2009-06-25,17492.21875,18491.9548912552,17428.94431068005,18463.481393561222,163607
2009-06-26,17571.314453125,17764.301522199654,17400.473441157275,17577.641898012695,81931
2009-06-29,17213.810546875,17640.912995657967,17185.33705028947,17451.08968508776,77677
2009-06-30,17504.873046875,17751.643351891493,17099.91664889922,17207.483192111536,88820
2009-07-01,17353.01171875,17387.812653828623,17017.6572534469,17359.339161491567,85391
2009-07-02,18298.96484375,18317.94717242609,17805.42429817168,17811.751741063712,87982
2009-07-06,18257.8359375,18770.3587969481,18248.344773436147,18659.628549536475,97066
2009-07-07,18982.328125,19029.7839453125,18298.9643125,18343.256411458333,107747
2009-07-08,19032.94921875,19479.033966064453,18703.92217108544,18786.17893300158,138111
2009-07-09,18957.015625,19080.400740049234,18656.462139623665,18773.5198128755,92487
2009-07-10,19061.421875,19317.683314315353,18839.961371887966,19162.660962136928,99956
2009-07-13,18128.12890625,19213.285662767234,18096.49168302792,18896.913430546465,112050
2009-07-14,17897.17578125,18270.494986162055,17884.520892947894,18011.069775968932,80059
2009-07-15,16840.494140625,17482.729780404614,16767.728526265735,17438.437667316364,111462
2009-07-16,16536.771484375,17027.14829326693,16403.895187772025,16951.218980922375,101804
2009-07-17,16530.443359375,16751.90384457237,16482.987541118422,16581.062898848686,69969
2009-07-20,16210.9033203125,16524.11163973306,16131.810310357812,16353.270738230935,93441
2009-07-21,16043.234375,16438.699627785445,15932.504104220074,15945.158992309209,107650
2009-07-22,16040.0703125,16267.858293269232,15859.738161057692,16252.039683493591,100649
2009-07-23,15321.900390625,16052.719921955657,15185.860391286393,16036.9013173814,147686
2009-07-24,15204.84375,15638.273544787766,15179.5339809613,15486.414930555557,82584
2009-07-27,15084.6240234375,15423.142221950045,15084.6240234375,15258.628704915911,80188
2009-07-28,15189.029296875,15508.565218346439,15109.936247005833,15328.233064644737,101121
2009-07-29,15318.7412109375,15537.038018776138,15252.303052030087,15400.99797910858,108915
2009-07-30,14999.2080078125,15030.845232043279,14648.034818850849,14954.915893889409,114907
2009-07-31,14951.74609375,15094.113544917742,14758.759104389283,15008.693074217095,95881
2009-08-03,14483.517578125,14806.217183404326,14442.389197059989,14651.194824005433,92414
2009-08-04,14394.93359375,14657.522492273352,14353.805212053572,14591.084337225275,92314
2009-08-05,14470.8662109375,14711.309112562172,14350.644760125164,14372.790816853752,79194
2009-08-06,14619.5576171875,14761.925090196251,14303.185454945831,14347.477557659664,79386
2009-08-07,14252.5625,14480.350402330743,14002.628551609323,14312.67319644839,116177
2009-08-10,14290.5302734375,14502.49961776345,14239.91072852384,14353.804704579576,62598
2009-08-11,14670.1767578125,14736.61491004758,14404.424148872184,14426.570199617208,81572
2009-08-12,14344.314453125,14717.633620630239,14116.526486511635,14711.3061771132,103040
2009-08-13,14116.5263671875,14493.009253268923,14110.198923723947,14214.601740872577,86959
2009-08-14,14347.474609375,14641.700659798787,14116.52297839719,14132.341583258683,82265
2009-08-17,15043.4951171875,15103.605823228838,14866.326720434083,14894.800212769453,87943
2009-08-18,14774.5810546875,15030.842524800923,14698.651730209447,14980.222975148889,73017
2009-08-19,14521.4853515625,15059.318142361111,14445.556016390932,15040.33580856822,112789
2009-08-20,14230.4208984375,14568.939136795172,14170.310183215108,14499.337256011351,70264
2009-08-21,13692.587890625,14065.907061395275,13635.640898473603,14008.960069243876,94918
2009-08-24,13686.2587890625,13781.170431150313,13417.342469813699,13566.037375751272,84289
2009-08-25,13619.822265625,13689.424144798924,13357.233357832461,13572.366438915504,97419
2009-08-26,13632.4755859375,13806.480263873578,13502.763007839696,13711.56862136299,98914
2009-08-27,13540.7294921875,13955.177053747444,13480.618777152087,13645.132313038479,102198
2009-08-28,13578.6943359375,13759.026483455777,13316.105419375801,13347.742638238657,82723
2009-08-31,13806.4794921875,13989.975324118497,13787.497164746363,13841.280425829586,80708
2009-09-01,14426.5654296875,14474.021237021998,13607.161823045162,13948.843635853551,140189
2009-09-02,14540.4658203125,14606.903980065887,14356.969950517434,14549.956985991555,103717
2009-09-03,14306.349609375,14597.412007442781,14255.730061884951,14363.296600301306,70114
2009-09-04,13891.9052734375,14322.171526497737,13879.25038364161,14239.914742824458,84294
2009-09-08,13645.1318359375,13793.826757404939,13616.658340337353,13629.313227270752,61085
2009-09-09,13430.0,13686.261484098939,13341.41578327444,13604.004711425205,98669
2009-09-10,13161.080078125,13566.036388221155,13142.097751089243,13414.177771935096,87633
2009-09-11,13167.41015625,13287.63158487506,13031.370118595327,13113.626885549314,71680
2009-09-14,13018.71484375,13395.197727445322,12987.077626632747,13382.54284059842,78715
2009-09-15,12923.8037109375,13161.082848837208,12822.56461210029,12980.75070403343,93964
2009-09-16,12528.3369140625,12920.63837298769,12522.00947117661,12828.890451142282,101610
2009-09-17,12566.302734375,12708.670212483477,12357.497099815899,12563.139012639256,113153
2009-09-18,12550.4833984375,12635.903880352755,12449.244308760162,12458.735473417413,75124
2009-09-21,12610.5966796875,12794.092567149084,12550.485957932844,12743.473011987267,76955
2009-09-22,12465.064453125,12578.95844305203,12392.298848449398,12465.064453125,67948
2009-09-23,12692.8505859375,12714.996636311767,12243.602135488067,12404.951931072019,108054
2009-09-24,12952.27734375,13063.007609268137,12559.975831628602,12616.922825323645,137229
2009-09-25,13069.333984375,13176.900519225823,12866.855801126392,13006.05955210981,93844
2009-09-28,12623.25,12993.40545112782,12563.139285714286,12980.750563909774,84101
2009-09-29,12692.8505859375,12749.797572614189,12455.57147478463,12575.792891102084,85995
2009-09-30,12778.271484375,13025.041768054438,12588.448189236971,12620.085405093309,133965
2009-10-01,13423.671875,13426.835596865425,12847.874495492577,12851.038217358002,140879
2009-10-02,13537.5673828125,13698.91721607341,13388.872438434797,13676.771160527795,132820
2009-10-05,13145.26171875,13524.908266583936,13072.496130415162,13436.32407208935,96825
2009-10-06,12756.123046875,12968.092353457496,12613.755602155414,12958.60119047619,134084
2009-10-07,12696.0146484375,12873.183056190428,12670.704875901369,12822.563511118164,82013
2009-10-08,12499.8662109375,12610.596486154613,12363.826158527903,12509.35737738468,93408
2009-10-09,12348.0068359375,12559.97620770481,12344.843113970825,12499.865490337961,67432
2009-10-12,12234.1123046875,12344.84256862959,12155.019259014578,12237.276026514417,59959
2009-10-13,12294.220703125,12458.73420712976,12256.256048354671,12316.366751741025,84723
2009-10-14,11867.119140625,12117.053134789056,11844.973090509196,12006.322884210043,98154
2009-10-15,11791.1904296875,11999.996055756556,11784.862986473285,11987.341169328129,70248
2009-10-16,11958.8681640625,12107.56308567915,11879.775120649389,11981.014216218171,90428
2009-10-19,11750.060546875,11999.994521889304,11689.949844023458,11920.901491821485,85973
2009-10-20,11876.6083984375,11999.993514990261,11724.749793449488,11727.913514386737,88524
2009-10-21,12104.3984375,12120.217044971903,11651.986263803581,11927.230033814689,124412
2009-10-22,11844.974609375,12265.749615530684,11775.37272865752,12113.890966692541,122862
2009-10-23,12110.724609375,12218.291128894005,11762.715281519397,11772.206445006368,126848
2009-10-26,12389.130859375,12449.241555577279,11848.134593554489,12094.904820069107,147047
2009-10-27,12496.69921875,12556.809923852847,12275.238726265821,12354.331759295885,144999
2009-10-28,12958.6044921875,12983.914266586304,12480.88250041008,12566.302989006042,152263
2009-10-29,12414.4443359375,12835.219335091346,12366.988508965262,12778.27234272466,133635
2009-10-30,13100.9697265625,13157.916709194262,12417.60593498136,12490.371523899721,213216
2009-11-02,12939.62109375,13255.993247631419,12670.704762950794,12993.404359909842,178447
2009-11-03,12854.201171875,13129.444957735972,12822.563955109372,13085.15285426409,118819
2009-11-04,12800.41796875,12857.364959218981,12446.081139165224,12645.39560580666,140005
2009-11-05,12319.5302734375,12664.375882016002,12313.20283107826,12610.592621962474,112194
2009-11-06,12249.9287109375,12503.026411576704,12196.145449551668,12461.898035222834,105273
2009-11-09,11696.279296875,12079.089628203612,11689.951853381966,12063.271019471025,89491
2009-11-10,11683.625,11816.501320064988,11614.023118061197,11743.735716219875,87871
2009-11-11,11563.400390625,11677.294347960842,11421.032943955199,11531.763180253933,98826
2009-11-12,11791.1904296875,11860.792305043851,11474.818268976807,11601.367133261085,113628
2009-11-13,11670.9697265625,11860.793034665983,11572.894350709033,11737.407884398719,108379
2009-11-16,11332.451171875,11525.438196298332,11231.212077095546,11512.783309450899,104009
2009-11-17,11300.8125,11481.144614361701,11297.648778695408,11395.724139137737,79220
2009-11-18,11310.302734375,11458.997623470279,11284.992966018357,11322.957618553322,73207
2009-11-19,11620.3505859375,11753.22690627765,11468.491934120184,11474.819377945905,102363
2009-11-20,11677.296875,11784.863413539691,11629.841049173665,11740.571309435112,72405
2009-11-23,11373.580078125,11443.181958992524,11231.212594532337,11417.872184131606,85815
2009-11-24,11376.740234375,11563.399765472921,11335.611863116135,11364.085350910735,82901
2009-11-25,11278.6669921875,11398.888407531995,11259.684663448896,11326.122814034012,50360
2009-11-27,11645.658203125,11908.24707323078,11496.963300775944,11901.919630577628,74179
2009-11-30,11563.400390625,11762.714815962723,11522.272017142614,11664.639463812415,88173
2009-12-01,11284.9931640625,11395.723402566056,11205.90013655996,11357.758749364837,80331
2009-12-02,11278.6669921875,11357.760028598352,11136.299526647967,11291.321878013237,68808
2009-12-03,11462.1611328125,11484.307179715532,11104.66066137783,11221.718337865288,86261
2009-12-04,11332.451171875,11531.765639722047,11050.879939519646,11161.610199434672,139076
2009-12-07,11373.580078125,11440.01823713491,11231.212594532337,11345.106581406466,69795
2009-12-08,11610.8583984375,11689.951439298791,11487.473254693887,11525.437914307306,92055
2009-12-09,11528.6015625,11743.734632272228,11496.964346357025,11629.840654157519,75102
2009-12-10,11405.2138671875,11443.178518063021,11300.81107727982,11389.395262656033,69052
2009-12-11,11294.4853515625,11408.379321494223,11253.356973531601,11300.812794336485,62902
2009-12-14,11145.7919921875,11250.194812437907,11123.64593940711,11148.95571401327,45387
2009-12-15,11253.3583984375,11316.632834189186,11139.464414084463,11231.212345924409,49511
2009-12-16,11215.3935546875,11262.849380729902,11092.008406977257,11158.446563436619,52587
2009-12-17,11493.7978515625,11509.616455817333,11332.448088163192,11376.740180076727,61618
2009-12-18,11351.431640625,11550.746075786476,11338.776755852843,11360.922804204118,53657
2009-12-21,11133.1376953125,11240.704243093296,11050.880923480125,11240.704243093296,53057
2009-12-22,11041.390625,11104.665069842406,10997.098513610315,11073.027847421203,44669
2009-12-23,10997.0947265625,11088.842639988941,10971.784957341413,10990.767284257228,37486
2009-12-24,10873.708984375,10949.638287728214,10873.708984375,10943.310845782114,16850
2009-12-28,10848.40234375,10927.49539087562,10794.619071704577,10816.765124899752,24406
2009-12-29,10870.546875,10880.038039326251,10785.126396063737,10797.78128183207,28948
2009-12-30,10889.5283203125,10959.13018639236,10867.382272014363,10946.475301650567,31414
2009-12-31,11088.84375,11098.33491440799,10838.909753922968,10845.237196861626,28716
2010-01-04,10728.181640625,10911.677522416876,10709.19930802584,10908.513800317016,52373
2010-01-05,10661.7412109375,10816.763560888818,10655.413768082344,10734.506803771792,47077
2010-01-06,10642.76171875,10702.872441893951,10598.469606959721,10680.726385998812,43271
2010-01-07,10554.1748046875,10743.998092541591,10535.19247590209,10683.887384721129,55352
2010-01-08,10484.572265625,10655.4132138277,10481.408544361986,10617.448558671545,49274
2010-01-11,10449.7724609375,10547.847830688956,10383.3343072349,10399.152915259328,55175
2010-01-12,10645.923828125,10734.508038284734,10551.01217438243,10595.304279462296,65569
2010-01-13,10465.5927734375,10706.03565456847,10414.97321951519,10601.632824603706,82498
2010-01-14,10414.970703125,10506.718622441715,10380.169768211763,10500.391179730217,54652
2010-01-15,10642.76171875,10728.182220059825,10430.792326610806,10446.610937964477,80762
2010-01-19,10389.6611328125,10661.741174658382,10373.842525728438,10655.413731824758,66055
2010-01-20,10592.140625,10756.654159199521,10516.211301523297,10525.702466957886,78435
2010-01-21,10997.0947265625,11025.568216936223,10522.53655366711,10588.974697872465,142124
2010-01-22,11481.1455078125,11509.619001769599,11016.078439846548,11095.171478616268,156702
2010-01-25,11373.580078125,11446.345680850138,11240.70376010518,11278.668422396557,96399
2010-01-26,11474.8173828125,11525.436924617023,11234.374559241023,11465.326218724153,116291
2010-01-27,11354.5966796875,11674.13255727135,11303.977134723722,11500.127871458362,137380
2010-01-28,11620.3505859375,11756.390628190511,11272.341175522819,11281.8323412614,133240
2010-01-29,11876.6083984375,11914.573049684503,11357.758164728457,11519.10793252822,150133
2010-02-01,11515.9453125,11721.587193080357,11506.454148780907,11705.768586881868,90941
2010-02-02,11224.88671875,11544.422671003029,11183.758328856045,11462.165891215122,108348
2010-02-03,11332.451171875,11398.889327824016,11215.393468536256,11326.123728451283,79656
2010-02-04,12031.6318359375,12041.122999626117,11496.962948145378,11509.617833063536,166894
2010-02-05,11968.357421875,12458.734212884945,11933.556488319455,12009.48579789519,218580
2010-02-08,12167.673828125,12177.164993357546,11832.31932324168,11968.359358241516,106781
2010-02-09,11851.2978515625,12072.758302606113,11642.492283435666,11873.443896666862,192919
2010-02-10,11898.7587890625,12094.909558783816,11765.882461186768,11889.267622785661,122162
2010-02-11,11645.658203125,12069.596860886139,11620.348432512395,11930.393122516809,137943
2010-02-12,11670.9697265625,11990.505628536695,11658.3148393556,11892.430252683229,137430
2010-02-16,11297.6474609375,11576.05490326808,11272.3376934529,11484.30699613641,86008
2010-02-17,11190.08203125,11294.484832220101,11158.444818834818,11186.918310008483,89263
2010-02-18,11047.7158203125,11237.539116194159,11009.75116113617,11231.211672998103,91188
2010-02-19,10993.931640625,11164.772592738309,10921.166049910073,11107.82560870054,99148
2010-02-22,11000.259765625,11063.534196258448,10914.839284269845,10921.16672733319,57979
2010-02-23,11266.0126953125,11326.12340612714,10990.768914213879,11063.534511515814,103414
2010-02-24,11063.53515625,11259.685908233843,11025.570494575708,11205.902637528596,95952
2010-02-25,11082.5185546875,11433.69170900389,11076.191110465583,11373.58098889568,123148
2010-02-26,11073.0244140625,11202.736985770089,11000.258825055804,11066.696971540177,67956
2010-03-01,10845.236328125,10984.440061624855,10819.926558397754,10981.27634040895,65692
2010-03-02,10781.962890625,10816.763827185116,10677.560080944651,10747.161954064884,58238
2010-03-03,10747.1611328125,10816.763000614052,10636.430888582756,10725.015083966551,64588
2010-03-04,10699.70703125,10813.601015024395,10668.06981353489,10734.50797073662,54347
2010-03-05,10386.4970703125,10611.121283529737,10373.842185060825,10551.010578584279,78886
2010-03-08,10380.1708984375,10421.299280540421,10335.878794634353,10380.1708984375,48020
2010-03-09,10345.3701171875,10456.100378380639,10253.622186484614,10446.609213135513,72466
2010-03-10,10256.78515625,10358.0242447756,10193.510725921498,10335.878194160625,68604
2010-03-11,10168.2041015625,10367.518618799102,10161.876656570861,10304.24416888272,64679
2010-03-12,10174.53125,10225.15080845771,10073.292133084577,10076.455855488184,71894
2010-03-15,10171.3642578125,10323.22288436771,10149.218208106531,10209.328914451302,56304
2010-03-16,10003.6845703125,10165.034321446572,9984.702246649667,10108.087350458076,69730
2010-03-17,9877.13671875,9949.90229995796,9817.02602123038,9940.411137191704,77015
2010-03-18,9892.95703125,9968.886346488247,9848.664930694356,9873.974702440439,71800
2010-03-19,9991.033203125,10066.962524491371,9823.355951774263,9991.033203125,90918
2010-03-22,9883.466796875,10117.582207556417,9845.502135683419,10101.763598726593,89166
2010-03-23,9737.935546875,9921.431408382066,9725.280659874514,9851.829529879386,72788
2010-03-24,9832.8486328125,9880.304465982445,9756.91929974059,9817.030021755852,76196
2010-03-25,9864.482421875,9889.792190757296,9620.875896382897,9706.296366360648,100515
2010-03-26,9861.318359375,9959.39371039862,9737.933240345285,9832.844870368142,85142
2010-03-29,9753.7548828125,9817.029322532335,9718.953940966592,9782.228380686425,46470
2010-03-30,9741.09765625,9826.518129364242,9668.332068041573,9731.60649257064,60739
2010-03-31,9804.3740234375,9870.812182357211,9722.117255251189,9820.192632704098,71075
2010-04-01,9665.16796875,9791.71681285802,9605.057267798691,9674.659132058101,78972
2010-04-05,9506.9814453125,9652.512608868034,9500.654003418782,9592.401910877705,59642
2010-04-06,9472.18359375,9586.077584857214,9434.218930047595,9563.931531030812,57372
2010-04-07,9570.259765625,9662.007710485537,9459.52948734504,9506.985320893595,78231
2010-04-08,9506.9814453125,9699.968423070924,9481.671677737626,9643.021446027455,80524
2010-04-09,9383.595703125,9503.817091094908,9377.2682616529,9472.179883734407,67395
2010-04-12,9345.634765625,9380.435707541681,9307.670101715894,9361.453375587127,41369
2010-04-13,9332.9775390625,9469.017550648834,9307.667769465043,9370.942193458686,60210
2010-04-14,9124.1728515625,9298.17753493141,9124.1728515625,9266.540319773427,71813
2010-04-15,9105.189453125,9162.136433721334,9073.552241682593,9155.808991432854,57375
2010-04-16,9402.578125,9491.16230652759,9139.98930118607,9174.790229643337,169452
2010-04-19,9323.48828125,9541.785088649474,9310.833393864525,9456.364598797507,101584
2010-04-20,9165.3017578125,9272.868295529319,9146.319427627179,9215.921304973355,81590
2010-04-21,9196.9375,9298.176578087376,9111.517027863778,9155.809124527004,90223
2010-04-22,9139.9912109375,9427.889861057027,9114.681439498421,9326.65077530071,108595
2010-04-23,9013.44140625,9200.100950991577,9010.277685152685,9149.48141343454,76011
2010-04-26,9089.37109375,9105.18969989993,8975.4771294705,9010.278063000347,57819
2010-04-27,9516.474609375,9551.275547108753,9098.86335656998,9190.611283322598,146279
2010-04-28,9380.4345703125,9551.275537191716,9326.651302961636,9424.726672836741,163425
2010-04-29,9136.826171875,9263.375010820637,9105.18896213859,9257.047568873355,108220
2010-04-30,9450.0361328125,9456.363575820744,9117.845374879687,9143.155146912663,117332
2010-05-03,9196.9375,9386.760771413828,9158.972845717235,9364.614723082215,94546
2010-05-04,9639.8603515625,9731.608284019117,9408.908659516532,9412.07238132538,162873
2010-05-05,9747.427734375,9892.958950143015,9592.405352361247,9798.047287685615,158305
2010-05-06,10392.8251953125,11547.583550347223,9722.116232936169,9842.337650720605,266267
2010-05-07,10747.1611328125,11019.241161491296,10250.456894410509,10456.09877655146,267654
2010-05-10,9766.41015625,10003.689314565112,9674.662215034823,9829.684598467364,175243
2010-05-11,9820.193359375,9975.215741658947,9567.095592380798,9949.905964959527,142933
2010-05-12,9541.783203125,9779.062294714646,9522.800875797828,9741.097640060303,117525
2010-05-13,9785.390625,9801.209232541221,9510.146853782735,9595.567334505335,119993
2010-05-14,10142.8935546875,10307.407112031153,9892.959496415413,9930.924163494718,186669
2010-05-17,10123.9091796875,10519.374382019043,10028.99753112793,10089.108241882324,182954
2010-05-18,10405.48046875,10468.75490151832,9899.285006603452,9956.231996094937,205417
2010-05-19,10519.3740234375,10785.126630345394,10335.87817581062,10519.3740234375,230638
2010-05-20,11316.6337890625,11326.124955226098,10873.712701427961,10968.624363063933,261690
2010-05-21,10971.78515625,11718.423361807958,10927.493059310122,11658.312658818122,228360
2010-05-24,11259.6845703125,11278.66689889409,10927.493820134694,11107.825941659788,137097
2010-05-25,11240.703125,11965.195389459612,11231.211959963412,11813.336748874191,207514
2010-05-26,11392.5615234375,11446.344790835012,10895.857230413427,11098.335413556999,172156
2010-05-27,10604.794921875,11035.061064289976,10601.631200239595,10943.313136863253,161878
2010-05-28,10876.8740234375,10978.11310684355,10630.103757635254,10630.103757635254,138825
2010-06-01,11243.8671875,11275.50440524761,10762.981477736354,11085.68109876196,124925
2010-06-02,10661.7412109375,11231.21106790152,10655.413768082344,11129.971982219029,152345
2010-06-03,10569.994140625,10800.945823434227,10522.538315390228,10595.303914083546,95776
2010-06-04,11310.302734375,11398.886923623251,10851.563182910839,10987.603187827797,159366
2010-06-07,11614.0234375,11633.005769459956,11171.102358434351,11253.359130260827,132413
2010-06-08,11354.5966796875,11800.681419680795,11319.795742524902,11595.039518265447,156513
2010-06-09,11490.6376953125,11569.730741122747,11012.915698618615,11231.212505054895,129316
2010-06-10,10800.9443359375,11136.2987880785,10785.125729704434,11092.006690625916,151095
2010-06-11,10709.1982421875,11012.915533546437,10690.215911477566,11000.260646406481,98932
2010-06-14,10740.833984375,10759.816312476987,10424.461849341862,10535.19209660346,96506
2010-06-15,10247.294921875,10623.777816503936,10228.312591053373,10585.813154860682,96593
2010-06-16,10253.62109375,10392.82483584349,10174.528058469608,10354.8601789089,95900
2010-06-17,10225.1474609375,10424.461907112953,10184.019083155265,10193.510247258857,109878
2010-06-18,10203.00390625,10266.278349079457,10133.402019137597,10184.021573401162,98612
2010-06-21,10256.78515625,10367.515409324877,9927.758118541795,9946.740447640344,89228
2010-06-22,10592.140625,10620.614121303763,10171.365624066606,10253.622391166367,125682
2010-06-23,10661.7412109375,10810.436118033662,10509.882582413762,10582.648175248054,160436
2010-06-24,11012.9140625,11069.861047023125,10740.834025333956,10769.307517595518,110564
2010-06-25,10911.6767578125,11148.95589867534,10810.437657711022,10949.641420350554,135072
2010-06-28,11000.259765625,11069.861639321793,10829.41880291469,10886.365790484793,95617
2010-06-29,11667.8017578125,11803.841745769641,11294.482721092903,11303.973883043402,167003
2010-06-30,11927.228515625,11971.520610908488,11522.272215890252,11740.568971216015,108390
2010-07-01,11984.177734375,12376.479223039863,11835.482815284286,11911.412135671033,176134
2010-07-02,12126.5439453125,12265.747684836046,11848.136466265409,11914.574614674375,107342
2010-07-06,11974.6884765625,12205.640196189728,11620.35159165497,11788.028867548712,111255
2010-07-07,11212.2294921875,11936.721747749276,11186.919719067437,11917.73941790923,132027
2010-07-08,10993.931640625,11253.356790130396,10968.621869941548,11031.89629665018,91775
2010-07-09,10832.583984375,11038.225911648473,10826.256540458893,11003.424970109885,84886
2010-07-12,10810.4365234375,10990.768651572103,10775.635586429069,10899.020726731691,69591
2010-07-13,10494.0654296875,10633.269191793695,10402.317495572053,10592.140807535048,115003
2010-07-14,10487.73828125,10642.760657051282,10408.645232371795,10551.012720352564,92989
2010-07-15,10471.9169921875,10772.470501026717,10414.970011565332,10500.390482498584,130368
2010-07-16,11050.8798828125,11098.335708246852,10582.649071860238,10601.63140203398,105925
2010-07-19,10918.001953125,11148.953602669515,10861.05497104553,10978.112656431107,102881
2010-07-20,10683.8876953125,11228.04780298018,10668.069087531463,11221.720359867764,132350
2010-07-21,10959.1318359375,11047.716042463553,10566.830349893547,10573.157793216837,126261
2010-07-22,10465.5927734375,10702.871932448325,10373.844831953313,10699.708210328181,119156
2010-07-23,10288.4228515625,10569.994079664917,10259.949356585852,10509.883368047547,137868
2010-07-26,10060.6328125,10310.56677230739,10047.97792845912,10250.456073113208,61079
2010-07-27,10073.2890625,10155.545819919913,9940.41276205245,9962.558812127043,74587
2010-07-28,10203.00390625,10269.44207122093,10054.308965600774,10114.419686288758,72714
2010-07-29,10301.078125,10465.591657708846,10022.670608108108,10076.453878416769,98486
2010-07-30,10301.078125,10547.848424063268,10196.675306165542,10513.047484451781,103270
2010-08-02,9842.33984375,10066.96412176551,9807.538899268724,9981.543621675104,77489
2010-08-03,9930.919921875,10000.52178179257,9839.172015620023,9889.791550105527,56011
2010-08-04,9794.880859375,9946.739477349807,9775.898532128149,9886.628774401446,69110
2010-08-05,9820.193359375,9956.233409134382,9813.865915200144,9927.759910347535,51779
2010-08-06,9899.283203125,10158.708330212328,9870.809713566634,10019.504603482543,91758
2010-08-09,9794.880859375,9915.102265271722,9763.243647296917,9807.535744206234,34520
2010-08-10,9899.283203125,10073.287861537232,9798.044129139702,9959.393903303771,81257
2010-08-11,10437.1162109375,10475.080865236152,10203.000842762485,10206.164563954038,87482
2010-08-12,10560.5029296875,10769.308559813137,10500.392217984665,10759.817394807427,83598
2010-08-13,10642.76171875,10661.744052374406,10506.721661108428,10639.597996479266,62570
2010-08-16,10639.59765625,10857.894485950044,10576.323212858682,10778.8014317109,51898
2010-08-17,10383.333984375,10522.537730661563,10228.311630555874,10465.590743544333,75068
2010-08-18,10342.2060546875,10509.88330182682,10237.803240430942,10392.825600993709,76426
2010-08-19,10696.54296875,10788.290897201272,10399.15313170105,10456.100121774252,87954
2010-08-20,10775.6376953125,10930.660081416525,10740.836751493229,10769.310250981724,78064
2010-08-23,10854.7275390625,10867.382423981257,10566.828907160814,10668.067986510858,64260
2010-08-24,11180.591796875,11291.322049532222,11006.587114127935,11098.335037758205,113414
2010-08-25,11092.0087890625,11443.181913873092,11012.915742933988,11307.141874532052,115525
2010-08-26,11247.0283203125,11316.630183335532,10959.129705080872,10993.930636592388,91856
2010-08-27,10892.6943359375,11440.018216308452,10870.548282974512,11101.499978159944,121945
2010-08-30,11205.90234375,11205.90234375,10883.202727978543,10949.640884166784,64663
2010-08-31,11180.591796875,11379.906251658,11066.697822713284,11291.322049532222,115783
2010-09-01,10532.0283203125,10918.002323039484,10503.554828308052,10902.183716370344,116604
2010-09-02,10335.8798828125,10528.866926844199,10335.8798828125,10484.574818377907,65138
2010-09-03,10063.798828125,10247.294688556076,10047.980219467148,10136.564427951116,94621
2010-09-07,10288.4228515625,10307.405181546932,10136.564211687039,10165.037706663688,50012
2010-09-08,10152.3818359375,10263.112083446946,10070.125080644768,10250.457198017295,74575
2010-09-09,10057.4697265625,10111.252987132353,9911.938550902898,9921.429714532871,55110
2010-09-10,9946.7412109375,10063.798916028049,9934.086323900683,10016.34308963999,63942
2010-09-13,9731.6083984375,9836.011219357018,9690.480014438903,9753.754451359822,57119
2010-09-14,9744.2607421875,9842.336093813412,9630.366785460632,9766.406789328836,68133
2010-09-15,9671.49609375,9858.155651987243,9646.18632314156,9801.208668118254,61408
2010-09-16,9668.33203125,9794.88087982657,9662.004588821172,9731.606455538285,80861
2010-09-17,9652.5146484375,9718.952802359883,9551.275556746252,9573.421608053712,62445
2010-09-20,9364.619140625,9643.026736697635,9326.654468433277,9595.57089645798,94002
2010-09-21,9405.7431640625,9481.672473156848,9266.53943072286,9351.959903454002,96074
2010-09-22,9494.3291015625,9551.276093841116,9332.979290106423,9434.218387490628,79192
2010-09-23,9652.5146484375,9706.297915898476,9459.527629901057,9658.842091668203,82992
2010-09-24,9253.8857421875,9453.200204326922,9238.067134081197,9443.70903946314,85515
2010-09-27,9342.47265625,9358.291268942601,9222.251199786233,9247.560980094395,55287
2010-09-28,9257.05078125,9519.639713185663,9215.922394320318,9313.997778537252,105651
2010-09-29,9313.9951171875,9380.433261705482,9234.902087999428,9320.322559522547,66560
2010-09-30,9361.453125,9450.037338416694,9089.373040934437,9212.758195336262,120559
2010-10-01,9279.193359375,9396.251032166298,9196.936616332467,9225.410104308728,91134
2010-10-04,9418.4013671875,9513.313036994563,9241.232916880983,9317.162252726634,75448
2010-10-05,9038.7509765625,9269.702611595423,8997.622603200472,9247.556564400486,112546
2010-10-06,9035.5859375,9114.678951658789,8994.457570137429,9041.913378632702,62386
2010-10-07,9060.8994140625,9171.629679248319,8962.824036326489,8965.98775818894,66367
2010-10-08,8956.4970703125,9108.35572780985,8909.041239844579,9032.426399061176,67170
2010-10-11,8940.67578125,9003.950202914897,8893.219965001326,8928.02089691702,35874
2010-10-12,8883.7294921875,9095.698821238982,8833.109950921475,9000.787181365184,63568
2010-10-13,8747.6904296875,8829.947193221633,8652.77877945581,8785.655089780177,104790
2010-10-14,8810.96484375,8924.85882377693,8731.871802064632,8763.50901873878,94288
2010-10-15,8776.1640625,8918.53154008201,8678.088689054615,8690.743575950793,101774
2010-10-18,8668.5966796875,8804.636700573106,8636.959465528056,8769.835764997719,80799
2010-10-19,8921.6953125,9022.93440824468,8754.018060172872,8848.929712433512,107202
2010-10-20,8744.5283203125,8896.386988682616,8659.107819354309,8880.568377394062,87695
2010-10-21,8703.3984375,8842.602192952563,8564.194682047437,8662.270055207198,102862
2010-10-22,8662.267578125,8722.378273517395,8646.44897407437,8678.08618217563,38584
2010-10-25,8621.1416015625,8630.632766628441,8466.119238818808,8554.703446100917,68753
2010-10-26,8617.9765625,8741.361689496145,8602.157956474852,8709.72447744585,74715
2010-10-27,8668.5966796875,8829.946471900661,8649.614351191834,8741.36227225422,69580
2010-10-28,8652.7783203125,8747.689965507885,8557.866675117117,8567.357839636656,69030
2010-10-29,8646.4501953125,8709.724620451998,8617.976703999726,8681.251129139224,49662
2010-11-01,8643.2890625,8741.364450837298,8466.120619051977,8564.196007389275,64458
2010-11-02,8504.0830078125,8561.029992239817,8466.118351527623,8507.246729169574,58675
2010-11-03,8437.646484375,8652.779578089849,8431.319040442211,8481.938591904527,137843
2010-11-04,8111.78173828125,8269.967809620588,8102.29057400089,8250.985481059868,112139
2010-11-05,8045.3447265625,8121.2740515477535,8023.198673441801,8099.127998427055,65016
2010-11-08,8073.81884765625,8152.911900630939,8054.836514942324,8099.128624608151,53538
2010-11-09,8197.2001953125,8260.474608244283,8020.031839103507,8032.686721689864,60826
2010-11-10,8124.4384765625,8323.75297189873,8121.274754414306,8200.36780811916,99771
2010-11-11,8190.87744140625,8317.426339689853,8168.73138420662,8266.806780376413,79710
2010-11-12,8383.8603515625,8459.78965285967,8228.838028080778,8301.603608490566,124972
2010-11-15,8406.005859375,8415.497021429243,8266.802149246096,8330.076562941053,89361
2010-11-16,8665.43359375,8750.854078244798,8485.10145981654,8510.411233000183,126133
2010-11-17,8662.267578125,8716.050831897142,8589.501999492102,8662.267578125,71953
2010-11-18,8402.8447265625,8494.592654676322,8345.897736698747,8494.592654676322,90903
2010-11-19,8355.3876953125,8507.246313023594,8349.060252907871,8415.498398156475,66049
2010-11-22,8380.701171875,8567.360805374668,8364.882558866553,8443.975623908786,79180
2010-11-23,8621.1416015625,8678.088591958143,8538.884837657684,8570.522054544152,80196
2010-11-24,8355.3876953125,8507.246313023594,8355.3876953125,8507.246313023594,68851
2010-11-26,8538.8857421875,8548.376908258846,8412.336861236221,8500.921077902116,26433
2010-11-29,8504.0830078125,8706.56117466518,8459.790908813477,8602.158369881767,66409
2010-11-30,8595.830078125,8697.069151551574,8500.918446787588,8671.75938319493,86431
2010-12-01,8232.005859375,8352.22731312452,8200.368634704073,8349.063590657426,89905
2010-12-02,8023.19775390625,8213.021044613812,8007.379146347286,8209.857323102018,61337
2010-12-03,7972.57958984375,8083.309861924913,7956.760979546441,8076.98241780599,61663
2010-12-06,7994.7265625,8029.527509151168,7956.761893425999,8010.545174614167,31193
2010-12-07,7982.0703125,7991.56147815101,7827.047940200158,7836.539105851169,74273
2010-12-08,7928.28515625,8039.0153958624305,7909.302829459298,7963.0860886996215,63417
2010-12-09,7858.68603515625,7940.942813302007,7827.048812792497,7833.376257265248,64992
2010-12-10,7766.9365234375,7865.011892979888,7754.2816370449345,7814.392347409624,70138
2010-12-13,7757.4453125,7763.772755658646,7678.352273016925,7703.662045651509,59391
2010-12-14,7741.6240234375,7792.243551175547,7675.185893281314,7732.132861986616,62326
2010-12-15,7814.39111328125,7842.8646031677,7713.152038129429,7770.099017902328,64360
2010-12-16,7725.80810546875,7861.848133533925,7713.153219137106,7801.737423458615,61993
2010-12-17,7706.82666015625,7766.9373771279115,7687.844328480988,7735.300157669142,44512
2010-12-20,7668.86083984375,7747.95387655831,7630.896182220761,7665.6971183751675,37174
2010-12-21,7580.27685546875,7637.223843531537,7561.294526114488,7621.405235736318,38831
2010-12-22,7523.3310546875,7570.7868855623165,7517.003610570859,7564.459441445674,32679
2010-12-23,7545.474609375,7583.439261497641,7526.49228331368,7542.31088836478,28035
2010-12-27,7539.14794921875,7611.913540000131,7523.329342527146,7602.422375985168,21095
2010-12-28,7523.3310546875,7558.131997329032,7501.1850002792535,7507.512444395895,21989
2010-12-29,7510.67333984375,7510.67333984375,7472.7086894317345,7494.854735505411,17479
2010-12-30,7532.8203125,7554.966361297774,7491.691936161276,7526.49286998635,23328
2010-12-31,7517.001953125,7580.276380339857,7513.838231764257,7554.966609453914,22932
2011-01-03,7371.4716796875,7415.763784200643,7308.197244668723,7412.600062449705,39048
2011-01-04,7384.125,7472.709190231362,7333.505462724936,7339.832904884319,62273
2011-01-05,7308.19775390625,7441.074076704545,7292.3791440493105,7428.4191888189935,51550
2011-01-06,7336.669921875,7374.634578650549,7282.886658109637,7295.541543701487,42255
2011-01-07,7358.81640625,7475.874104887683,7286.050809799549,7311.360582477967,60291
2011-01-10,7380.9619140625,7469.5461119166575,7358.81586459896,7422.090291637644,68560
2011-01-11,7324.01513671875,7384.125844104347,7289.214200863931,7324.01513671875,51150
2011-01-12,7191.13916015625,7263.90475658546,7181.647995404614,7238.5949839144305,65446
2011-01-13,7219.61328125,7254.414221694238,7181.648618947196,7191.139784522897,60545
2011-01-14,7108.88232421875,7248.086072445552,7108.88232421875,7238.594907793725,60034
2011-01-18,7089.89990234375,7140.519446492567,7074.0812947972445,7127.864560455363,35316
2011-01-19,7225.9384765625,7267.066847926472,7089.898478973977,7099.389641596432,58960
2011-01-20,7248.0869140625,7355.65345927338,7213.285972964863,7263.9055236523345,85791
2011-01-21,7210.123046875,7232.269102745173,7124.702545661474,7159.5034906003175,59880
2011-01-24,7131.0283203125,7229.103687628244,7115.2097126809285,7222.776244575615,53460
2011-01-25,7127.86572265625,7241.759715561543,7099.3922244299265,7168.994108983161,69724
2011-01-26,7061.42529296875,7118.372271137853,7026.62436186541,7093.062503062696,72754
2011-01-27,7032.95458984375,7093.065312833868,7013.9722562679235,7067.755534732765,61770
2011-01-28,7279.72314453125,7305.032916437487,6994.988210586091,7020.297982492327,120437
2011-01-31,7168.99365234375,7276.560194347143,7159.502486872863,7241.759254287222,75657
2011-02-01,6941.20458984375,7089.899492178598,6915.894819233563,7080.408328199778,93404
2011-02-02,6969.6787109375,6982.333597384958,6928.550329983262,6976.006154161229,48107
2011-02-03,6925.38525390625,7064.588977602858,6912.730369933832,6991.82339476145,57467
2011-02-04,6893.75048828125,6991.825873841929,6887.423044051529,6928.551431544717,42850
2011-02-07,6802.0009765625,6865.275404251453,6760.87259856468,6862.111682867006,49554
2011-02-08,6745.0556640625,6830.476162622391,6735.564497555845,6792.511496595773,41168
2011-02-09,6779.85546875,6843.1299014961505,6738.727087465002,6783.019190387307,61197
2011-02-10,6770.36474609375,6874.767566944728,6754.546136873904,6846.294070349007,67369
2011-02-11,6684.94384765625,6827.311321931939,6672.288961053966,6820.983878630797,63495
2011-02-14,6659.634765625,6710.254317287709,6646.979877709324,6694.435707393112,38974
2011-02-15,6694.43505859375,6735.563440333693,6678.616450232234,6697.598780266053,39301
2011-02-16,6612.1787109375,6678.616870234002,6596.360101581191,6650.143373392644,58179
2011-02-17,6571.05029296875,6662.798226765618,6555.231683693429,6653.307061200425,37796
2011-02-18,6545.740234375,6593.1960601437895,6529.921625785403,6564.722564682515,37181
2011-02-22,6811.49365234375,6843.130873209257,6609.015438804502,6684.94476888172,95388
2011-02-23,6890.5849609375,6979.16915694588,6783.01843721304,6820.983092645202,145672
2011-02-24,6900.076171875,7032.952466794189,6849.456630953405,6909.567335797799,115866
2011-02-25,6748.21826171875,6852.621075894427,6748.21826171875,6839.966189327679,79189
2011-02-28,6672.28857421875,6748.217889430343,6653.306245415852,6700.7620674230975,48181
2011-03-01,6890.5849609375,6893.748682223514,6615.341209054322,6627.996094198376,103165
2011-03-02,6865.2763671875,6928.55080375144,6798.838208795362,6912.732194610455,79136
2011-03-03,6627.99755859375,6741.891550054072,6609.015226683696,6741.891550054072,74260
2011-03-04,6722.90673828125,6814.654642003677,6627.995113740809,6637.4862761948525,90925
2011-03-07,6833.638671875,6903.24054723669,6656.4702618634265,6688.107477936922,87505
2011-03-08,6713.41748046875,6868.439844532355,6665.961654734993,6811.492853651846,56933
2011-03-09,6729.23583984375,6811.492601402724,6688.107459064263,6745.054447835861,62259
2011-03-10,6982.33251953125,6994.98740402519,6871.6022802092775,6871.6022802092775,94842
2011-03-11,6881.0947265625,7029.789647090517,6833.638900862068,7029.789647090517,75443
2011-03-14,6963.3515625,7070.918101857111,6919.059458058838,6969.679005991595,80603
2011-03-15,7118.37353515625,7349.325209852431,7042.444217447916,7339.8340451388885,128669
2011-03-16,7390.455078125,7488.530466576145,7124.702412644478,7172.158245766,176079
2011-03-17,7203.7939453125,7282.886983798584,7131.028349905303,7172.156729918067,89026
2011-03-18,7134.1923828125,7172.157042942766,7013.970959066657,7017.13468074418,83365
2011-03-21,6922.22265625,6982.333364873743,6890.585441184872,6966.51475734118,64092
2011-03-22,6966.513671875,6982.332276942836,6906.402972617223,6925.385298698626,52195
2011-03-23,6925.38525390625,7070.916419589068,6890.5843229820985,7007.641999726973,60907
2011-03-24,6792.51025390625,6925.386560689698,6773.527924365758,6849.457242527728,61536
2011-03-25,6748.21826171875,6789.346643060684,6691.271272168381,6760.873148285499,57750
2011-03-28,6783.02001953125,6786.1837415552845,6684.944636786162,6719.745579050547,34648
2011-03-29,6688.10693359375,6839.965558386797,6688.10693359375,6792.50973813897,49270
2011-03-30,6599.5234375,6640.651819421141,6561.558777265101,6624.833210989933,47439
2011-03-31,6618.50439453125,6631.159278650813,6580.539742172563,6615.34067350136,38720
2011-04-01,6564.7216796875,6593.195171310241,6498.283532567771,6536.248188064758,47841
2011-04-04,6555.2314453125,6590.032384452673,6510.939340952281,6533.08539313239,35128
2011-04-05,6555.2314453125,6583.704940972641,6495.120732252202,6580.541219232626,40374
2011-04-06,6514.1025390625,6561.558361348046,6479.301602719767,6488.792767176877,35227
2011-04-07,6536.248046875,6605.849913782671,6485.628507305784,6533.084325651924,56432
2011-04-08,6590.03125,6643.814510321651,6476.137286965914,6488.792171747479,45891
2011-04-11,6624.83349609375,6659.634436140088,6529.921841421919,6574.213946935441,39882
2011-04-12,6729.23583984375,6776.691663820081,6675.452572670575,6700.762345457952,56637
2011-04-13,6722.90673828125,6779.853713005515,6656.468601102941,6669.123484375,49531
2011-04-14,6716.5810546875,6849.457363824041,6697.598724810851,6805.165260778527,59540
2011-04-15,6672.28857421875,6732.399282094595,6634.323916612953,6694.434624488798,45661
2011-04-18,6814.6552734375,6925.385512328082,6789.345504548224,6814.6552734375,79464
2011-04-19,6741.89111328125,6830.47532312258,6735.563669721155,6795.674383542058,43147
2011-04-20,6555.2314453125,6586.868662712657,6523.594227912344,6577.37749749261,48926
2011-04-21,6488.79296875,6580.54089468552,6482.4655255820335,6488.79296875,31142
2011-04-25,6504.61279296875,6545.74118125114,6482.466737739771,6495.121626442045,21398
2011-04-26,6387.5537109375,6476.137912971304,6362.243938927842,6460.3193054652675,48500
2011-04-27,6308.46142578125,6416.027969651141,6286.315372631567,6365.408419594722,46208
2011-04-28,6261.005859375,6330.60774361262,6248.350971331796,6327.444021601819,44067
2011-04-29,6232.5322265625,6276.824333756345,6223.041060735248,6261.0057240442575,28685
2011-05-02,6254.67724609375,6279.987017448707,6166.0930463514,6175.584210609509,47482
2011-05-03,6302.1337890625,6362.244502913999,6257.841684119289,6279.987736590894,44314
2011-05-04,6384.39013671875,6438.173403480007,6298.969654215575,6305.2970973639585,66420
2011-05-05,6491.95703125,6555.231466252437,6371.73560474537,6453.9923702485385,89307
2011-05-06,6441.33740234375,6491.956949709908,6302.133647086812,6368.571803004896,83685
2011-05-09,6387.5537109375,6460.3193054652675,6352.75277442422,6438.173254956816,38026
2011-05-10,6279.9873046875,6362.244065353432,6257.84125373898,6349.5891790971355,37756
2011-05-11,6406.5361328125,6469.810563753858,6295.805878665124,6298.969600212192,45017
2011-05-12,6349.5908203125,6510.940661785314,6324.281041257941,6444.502491767096,58132
2011-05-13,6450.82861328125,6495.12071754115,6327.4434657000975,6343.262074364348,54943
2011-05-16,6526.7578125,6552.067585888269,6393.881502211585,6491.956874091129,52371
2011-05-17,6529.9208984375,6634.323703499727,6514.102291609889,6580.540440285852,57929
2011-05-18,6416.02783203125,6555.231591700567,6400.209222977919,6526.758095404571,43409
2011-05-19,6387.5537109375,6453.991862462853,6349.589052923013,6371.735103431463,38127
2011-05-20,6479.30224609375,6507.775742292404,6400.209201097488,6419.191531896591,51395
2011-05-23,6631.16015625,6678.615977978888,6596.359220315481,6646.978763492963,57346
2011-05-24,6643.81640625,6672.289905133928,6567.887075892857,6596.360574776785,39548
2011-05-25,6602.6875,6703.926599185434,6545.740506708194,6697.599155486344,43571
2011-05-26,6542.576171875,6662.79759089398,6517.266399449952,6637.4878184689305,50666
2011-05-27,6488.79296875,6520.430184589834,6453.992031326183,6504.611576669917,36764
2011-05-31,6352.75244140625,6457.1552454731855,6352.75244140625,6371.73476941842,45606
2011-06-01,6640.65234375,6650.143509558124,6384.390866930682,6393.882032738805,60765
2011-06-02,6653.30712890625,6732.400176087732,6602.687578710102,6627.997353808176,66047
2011-06-03,6783.02001953125,6824.148405843706,6684.944636786162,6817.820961795635,66101
2011-06-06,6928.55126953125,6950.697323817423,6792.51122177333,6817.820998100386,49222
2011-06-07,6941.20458984375,6950.695753822571,6820.983179445362,6862.111556686916,45254
2011-06-08,7001.31591796875,7023.461969223057,6915.89543455928,6963.351258675652,60877
2011-06-09,6896.9130859375,6994.988455508171,6833.638653956422,6960.187517918578,43426
2011-06-10,7086.7353515625,7118.372562953404,6944.367900303431,6950.695342581613,68853
2011-06-13,7074.08056640625,7146.846153627782,7010.806142735353,7051.934518121437,52927
2011-06-14,6887.421875,6947.53258497933,6839.966051332109,6944.36886340147,55266
2011-06-15,7134.1923828125,7168.993321265244,6960.18769054878,7004.47979403409,84338
2011-06-16,7105.7197265625,7213.28627629675,7029.790397338324,7131.0295029705585,76829
2011-06-17,7061.42529296875,7108.881108109669,6960.186220668123,6963.349941677518,61615
2011-06-20,6988.6611328125,7112.046277303078,6960.187637930058,7105.718833995868,46783
2011-06-21,6802.0009765625,6934.877274709303,6770.363762718023,6915.894946402616,64709
2011-06-22,6881.0947265625,6887.422169989224,6757.709579741379,6836.80262257543,57301
2011-06-23,6919.05908203125,7143.683313775292,6909.567917309671,7042.4442234117805,83816
2011-06-24,7080.40966796875,7099.391999518264,6909.568684023124,6915.896127872962,53443
2011-06-27,6953.85986328125,7096.227330909847,6896.912876229811,7067.753837384128,51958
2011-06-28,6770.36474609375,6915.895950916326,6770.36474609375,6896.913619852511,51554
2011-06-29,6656.46923828125,6760.872035269502,6634.323190435258,6710.252497335804,62081
2011-06-30,6529.9208984375,6627.996260768683,6507.774848878846,6612.177653941073,52241
2011-07-01,6333.7705078125,6545.73985048155,6317.951900150631,6523.593799754933,67016
2011-07-05,6352.75244140625,6384.389654759867,6317.9515067172715,6349.5887200708885,44336
2011-07-06,6327.4423828125,6409.699133789063,6311.623776855469,6374.898200683594,46066
2011-07-07,6194.5654296875,6242.021242478773,6162.928221159985,6216.711475656761,52434
2011-07-08,6283.1513671875,6374.899297524074,6279.987645451755,6336.934636695147,70778
2011-07-11,6510.9384765625,6536.248247122509,6397.044509042456,6435.009164882471,59849
2011-07-12,6564.7216796875,6571.049122270331,6428.6816641566265,6539.411909356174,69924
2011-07-13,6520.4296875,6552.066900927948,6384.389669759826,6495.119916757642,54704
2011-07-14,6602.6875,6637.488440344992,6428.682798275036,6488.793513416387,67688
2011-07-15,6533.08447265625,6627.996111484185,6517.265866184927,6536.248193950514,50529
2011-07-18,6643.81640625,6738.728069196428,6577.378242187499,6596.360574776785,55876
2011-07-19,6428.6826171875,6567.886374646285,6409.700286624939,6567.886374646285,49560
2011-07-20,6428.6826171875,6453.9923912709155,6384.390512541523,6390.717956062377,49193
2011-07-21,6251.513671875,6384.389974617283,6223.040178430226,6362.243924160235,79067
2011-07-22,6248.349609375,6321.1151997626575,6232.531002768987,6248.349609375,39198
2011-07-25,6314.7880859375,6374.898794170372,6254.677377704627,6368.57135119849,44428
2011-07-26,6359.07958984375,6390.71680173352,6302.1326084421635,6324.278656765003,36203
2011-07-27,6618.50439453125,6637.486720710594,6431.844853767701,6431.844853767701,74924
2011-07-28,6662.796875,6684.942923492403,6504.610814339981,6621.668499228395,64396
2011-07-29,6754.5458984375,6852.621272138466,6627.997029145931,6795.67428095726,116919
2011-08-01,6814.6552734375,6938.04039677272,6577.37619010054,6596.358516767496,103233
2011-08-02,7156.3388671875,7156.3388671875,6836.802958440401,6906.40483955363,99422
2011-08-03,7077.24462890625,7384.125598510142,7067.753464897882,7137.355334292579,140467
2011-08-04,7744.7900390625,7766.936089010799,7254.413218778723,7276.559268727022,178034
2011-08-05,7776.42822265625,8178.220893232875,7504.348146517748,7545.47653012008,287135
2011-08-08,8779.326171875,8801.472219876126,7991.5596072635135,8175.055433558558,298831
2011-08-09,7947.26806640625,9089.371478815747,7928.285738222159,8485.10069828884,316874
2011-08-10,8681.2529296875,8700.235261166408,8114.9467072333955,8257.31419332521,245808
2011-08-11,7880.8291015625,8570.520287488082,7640.386302799453,8507.245866760964,174923
2011-08-12,7763.775390625,7883.996851441524,7624.571593890078,7732.1381640943355,119698
2011-08-15,7431.58154296875,7653.04204020494,7425.254100190573,7624.568547703145,101082
2011-08-16,7564.4580078125,7722.644080748771,7431.5817065460315,7577.1128936474015,127096
2011-08-17,7558.13134765625,7675.189053752224,7361.980596900835,7485.365746569564,97690
2011-08-18,8190.87744140625,8349.063564260756,7937.779644839043,7956.761979581584,193872
2011-08-19,8459.7900390625,8494.59097041242,8004.214210481722,8428.15282874439,160707
2011-08-22,8469.28125,8504.082181546508,8080.143560889055,8095.962166137468,141106
2011-08-23,7896.64892578125,8481.937407860389,7887.157761206993,8396.516926692082,147258
2011-08-24,7681.51708984375,7972.579516641783,7659.371035630856,7934.614852276822,109750
2011-08-25,7915.6328125,7966.252366856515,7507.5126555006,7592.933153477218,122264
2011-08-26,7681.51708984375,8244.659611257335,7608.751483144241,7994.725570854677,159572
2011-08-29,7241.7587890625,7485.365353832187,7232.267624201344,7475.87418897103,84052
2011-08-30,7213.28271484375,7409.433385159677,7108.879938707853,7301.866888534813,108391
2011-08-31,7127.86572265625,7244.92343758669,6979.17078747434,7108.883390505368,115309
2011-09-01,7273.39697265625,7301.870471026806,6998.1531550742175,7124.702036721129,112684
2011-09-02,7662.53369140625,7709.98951525889,7510.675055077802,7586.604373242027,104061
2011-09-06,7770.09912109375,8105.453561987861,7744.789351969665,8105.453561987861,117292
2011-09-07,7333.5068359375,7583.440848033731,7320.851949249083,7529.65757960796,81988
2011-09-08,7488.5283203125,7513.838090723358,7248.085501409353,7418.926451682642,84284
2011-09-09,7874.5048828125,7956.76166342846,7599.261039982172,7653.044319615685,124023
2011-09-12,7766.9365234375,8127.600785625637,7757.445358643075,8073.817518457231,146973
2011-09-13,7627.7333984375,7833.375319175136,7567.622683144961,7719.48133230506,107566
2011-09-14,7415.76318359375,7760.608826516838,7232.267336900731,7548.639486371454,129172
2011-09-15,7162.666015625,7390.453980786219,7156.3385721483,7260.741389513859,107220
2011-09-16,7077.24462890625,7216.448367695644,7023.461366192166,7102.55439959523,83727
2011-09-19,7210.123046875,7399.946382905056,7140.521156997313,7308.198437157196,109866
2011-09-20,7232.267578125,7251.249907726377,7010.807066108923,7150.010816519029,93188
2011-09-21,7675.18896484375,7678.352686593479,7178.48465013622,7225.940476382162,130484
2011-09-22,8140.25537109375,8355.388431814456,7969.41441110966,8099.1269918383205,215602
2011-09-23,8067.4892578125,8273.131140854779,7963.086455652573,8254.148813189338,146513
2011-09-26,7672.0244140625,8130.76401820232,7643.550921391753,7899.812355428479,152498
2011-09-27,7501.18408203125,7592.932010491354,7232.267739993014,7365.144050176613,141874
2011-09-28,7808.0634765625,7827.045802680562,7377.797417886447,7463.217885417722,142988
2011-09-29,7684.6787109375,7969.4136158302035,7466.381950519762,7539.147537325674,155747
2011-09-30,8064.3291015625,8070.656546914844,7760.611724649985,7896.651799725382,146620
2011-10-03,8519.90234375,8532.557230261325,7947.268729112514,8159.238078177218,192540
2011-10-04,8156.07470703125,8909.040486811482,8102.291437046948,8763.509285677488,248750
2011-10-05,7846.029296875,8250.985647681451,7801.737196005544,8099.127016129032,136794
2011-10-06,7551.80224609375,7969.4134302095335,7539.147361726605,7858.6831919970155,129035
2011-10-07,7649.87890625,7747.954276842948,7463.219329960194,7475.874216488316,160436
2011-10-10,7153.1748046875,7403.108820419616,7140.519917814988,7399.945098701487,97173
2011-10-11,7143.681640625,7248.084428109776,7093.062107299048,7232.265823945416,86057
2011-10-12,7010.806640625,7058.262461748364,6843.129405989113,7026.625247666122,125603
2011-10-13,7039.27978515625,7197.465847744031,6991.823966379916,7093.063046436096,97219
2011-10-14,6789.34716796875,6950.696984169313,6786.183446082465,6865.276493239603,77696
2011-10-17,7055.0986328125,7083.572125052551,6849.456744412136,6862.111629852158,94383
2011-10-18,6767.2001953125,7172.1565417360625,6662.797387250175,7061.42629076087,143762
2011-10-19,6941.20458984375,6982.332967085304,6716.580375678342,6798.837130161449,91592
2011-10-20,6871.60302734375,7086.736087131676,6820.983483864237,6896.912799083506,116757
2011-10-21,6615.34228515625,6751.38232258414,6596.359954352358,6707.090217375059,101109
2011-10-24,6444.50146484375,6602.687558727986,6412.8642460669025,6590.032671217246,90601
2011-10-25,6694.43505859375,6726.072275316783,6504.611758255553,6507.775479927856,111057
2011-10-26,6561.55908203125,6789.347054020763,6510.939532700248,6552.067916531687,95324
2011-10-27,6102.818359375,6317.951406776503,6020.561605956778,6210.3848830757515,151560
2011-10-28,6105.98291015625,6181.912231318815,6080.6731364353955,6162.929901028174,71538
2011-10-31,6406.5361328125,6412.8635759066365,6229.367726176698,6238.858890817902,72570
2011-11-01,6751.380859375,6805.1641183297215,6599.522245855787,6754.544580489984,151637
2011-11-02,6539.412109375,6669.124686290518,6488.792567164067,6555.230716315918,86285
2011-11-03,6298.96875,6580.539929683576,6273.658981039678,6397.044104721245,105452
2011-11-04,6381.22607421875,6523.593537451196,6352.752581572261,6400.208402649743,70963
2011-11-07,6292.64208984375,6504.6114312311465,6283.150925304016,6381.226292214603,71796
2011-11-08,6137.61865234375,6352.751677271263,6118.636326614852,6232.530280988241,82470
2011-11-09,6577.37841796875,6615.343084161932,6362.245309540719,6419.192308830492,106823
2011-11-10,6463.48388671875,6602.687651288317,6397.045726356002,6412.86433596618,90643
2011-11-11,6210.38525390625,6311.624341081492,6185.075482112439,6308.4606196072655,79855
2011-11-14,6330.60595703125,6387.552937154469,6248.349207964377,6267.3315346721165,59413
2011-11-15,6276.82421875,6412.864259781376,6207.222337292087,6365.408431514617,65480
2011-11-16,6466.64697265625,6488.7930239324705,6248.3501815049385,6400.20881882759,76695
2011-11-17,6675.453125,6767.201058945498,6463.483760367299,6498.284700829384,101739
2011-11-18,6691.271484375,6748.2184757313835,6605.850997340425,6634.324493018617,73071
2011-11-21,6941.20458984375,7055.098557589591,6874.766441992009,6890.585048623377,88117
2011-11-22,7004.478515625,7080.407822027439,6896.911998221544,6976.0050257240855,80442
2011-11-23,7311.36181640625,7311.361816406249,7118.374767163159,7134.193377756856,87726
2011-11-25,7336.669921875,7355.652250262774,7168.992687782988,7330.342479079075,40081
2011-11-28,6909.5673828125,7023.461350661058,6852.620398888222,6934.877153445513,73190
2011-11-29,6871.60302734375,6922.222570823262,6776.691383319665,6874.766748811219,70457
2011-11-30,6302.1337890625,6501.448261306946,6273.6602930275785,6476.138487053683,113207
2011-12-01,6295.80615234375,6355.916864351052,6232.531718651852,6311.624760766724,68177
2011-12-02,6308.46142578125,6317.952591416829,6143.947888097888,6185.076272518728,63129
2011-12-05,6175.58447265625,6251.513789943007,6074.3453829405735,6112.310041583953,72873
2011-12-06,6162.9306640625,6219.877661985049,6083.837611392293,6175.585552489733,62697
2011-12-07,6134.45556640625,6295.805351804248,6071.181140759976,6207.221155899465,77393
2011-12-08,6393.8818359375,6419.1916106468025,6175.585029069767,6200.89480377907,86876
2011-12-09,6178.74951171875,6346.426789814548,6140.784844980079,6336.93562312988,65198
2011-12-12,6349.5908203125,6457.157381294376,6283.1526502942825,6283.1526502942825,62868
2011-12-13,6479.30224609375,6536.249238491058,6213.549614906311,6289.478938102722,73551
2011-12-14,6612.1787109375,6640.652207778858,6479.302392344498,6526.758220413428,76104
2011-12-15,6564.7216796875,6586.8677287274095,6453.991434487952,6472.9737622364455,49750
2011-12-16,6548.90380859375,6577.377303413723,6400.208891200558,6479.30193236715,58027
2011-12-19,6678.61669921875,6713.4176389115055,6466.647339271968,6498.284557174473,53439
2011-12-20,6283.1513671875,6479.302114803625,6261.005315037292,6479.302114803625,60968
2011-12-21,6248.349609375,6400.208232792721,6235.694724090189,6283.1505439082275,49573
2011-12-22,6137.61865234375,6238.857722897874,6134.454931388934,6210.384234304526,38505
2011-12-23,6039.54541015625,6131.293349860038,6033.217966038747,6105.983573390027,30451
2011-12-27,6033.21728515625,6068.018223875032,5995.252624735759,6055.363337068203,33733
2011-12-28,6172.4208984375,6191.403228212295,6017.398538610008,6023.725981868272,43958
2011-12-29,6055.3623046875,6150.27393955721,6042.707420038205,6143.946497232562,33848
2011-12-30,6102.818359375,6102.818359375,6033.216491098043,6064.853703951205,28500
2012-01-03,5916.1591796875,5925.650344146891,5833.902421039438,5894.0131292822525,47219
2012-01-04,5906.66845703125,5992.088943555001,5890.84984841574,5947.796839431574,29696
2012-01-05,5865.54052734375,6017.399181773362,5849.721917507332,5963.615908329541,51182
2012-01-06,5884.521484375,5938.304745253696,5852.8842720934135,5856.047993321572,39192
2012-01-09,5871.8671875,5925.650453764817,5856.048579775054,5871.8671875,30674
2012-01-10,5767.46435546875,5783.282963135971,5720.008532467087,5745.318304734641,33995
2012-01-11,5761.1376953125,5824.412134580072,5745.3190854956065,5802.266080836422,29273
2012-01-12,5735.828125,5821.24862107005,5716.845792539989,5732.664402923331,44865
2012-01-13,5783.28271484375,5894.012963760343,5776.955272048516,5818.083650217536,54065
2012-01-17,5754.8095703125,5773.791899846241,5663.061644232752,5685.20769535545,39946
2012-01-18,5625.09716796875,5773.792087481985,5615.606002893437,5751.646035639588,42583
2012-01-19,5564.986328125,5618.769595650939,5552.331441648309,5583.968657840037,39238
2012-01-20,5552.33154296875,5609.278533153045,5552.33154296875,5580.8050380608975,32985
2012-01-23,5552.33154296875,5602.951089799234,5492.22083110755,5558.658986322561,40420
2012-01-24,5564.986328125,5634.588203746803,5558.658884886655,5618.769595650939,40472
2012-01-25,5470.07421875,5621.932843677704,5441.600726576055,5580.804466093117,59724
2012-01-26,5527.02099609375,5568.149372137951,5397.30842549281,5419.454474131994,49235
2012-01-27,5539.67724609375,5583.96935428639,5508.04002595615,5574.47818824511,43082
2012-01-30,5561.8232421875,5675.717233495094,5561.8232421875,5637.752569725895,43828
2012-01-31,5577.64111328125,5625.096936706785,5498.548074238691,5514.366682047203,44893
2012-02-01,5473.23876953125,5501.712266020141,5416.2917765534685,5489.057378691745,52195
2012-02-02,5457.419921875,5495.384582201087,5425.782704936594,5451.09247848732,27346
2012-02-03,5302.3974609375,5365.6718936455845,5296.0700176666915,5346.689563833159,53275
2012-02-06,5305.5595703125,5356.179101096638,5302.395849638491,5343.524218400604,27365
2012-02-07,5283.416015625,5368.836514081212,5261.269960469685,5330.871848100674,36494
2012-02-08,5254.94189453125,5321.380052138207,5245.450729158827,5277.087947066902,38803
2012-02-09,5239.12353515625,5299.23425204512,5220.1412035071335,5235.95981321473,37381
2012-02-10,5305.5595703125,5353.015380422629,5305.5595703125,5327.705615030561,48327
2012-02-13,5235.95849609375,5283.4143132788895,5223.303611511046,5239.1222172394255,34114
2012-02-14,5248.6142578125,5321.379856323463,5242.2868144637205,5261.269144510059,44191
2012-02-15,5299.23291015625,5318.215236998601,5197.993833663712,5213.812439365672,60259
2012-02-16,5182.17578125,5315.052083333333,5169.520895337302,5296.069754464286,65447
2012-02-17,5144.21142578125,5185.339807414188,5137.883982453106,5141.047704117178,35909
2012-02-21,5147.375,5179.01221573448,5103.082897971727,5128.392670559311,37236
2012-02-22,5185.33984375,5194.831008808725,5141.047740142618,5166.357513632551,40318
2012-02-23,5128.392578125,5220.140502101326,5125.2288566085745,5185.339565420651,36909
2012-02-24,5115.73828125,5131.556890653988,5090.428506203618,5112.574559369202,32252
2012-02-27,5096.7548828125,5194.830240582325,5065.117670628686,5175.847913272036,47004
2012-02-28,5065.11767578125,5109.409772883647,5055.626512116451,5087.263724332449,48745
2012-02-29,5112.57373046875,5125.228615940207,5017.66208943282,5046.135581743599,67788
2012-03-01,5046.13720703125,5093.593042834052,5030.318595096983,5084.101875673491,54873
2012-03-02,5080.9365234375,5103.0825730415245,5042.971866973459,5052.463031089469,35237
2012-03-05,5118.90185546875,5153.702795153643,5087.264637573393,5096.755802942,40536
2012-03-06,5270.76025390625,5299.233748675251,5216.976986009247,5223.304429291248,72746
2012-03-07,5194.83056640625,5254.9412733256895,5179.011959322187,5242.286387658439,40365
2012-03-08,5093.59130859375,5153.702013477776,5071.445259425951,5134.719685619662,40414
2012-03-09,5055.626953125,5087.264168100751,5023.989738149249,5074.60928211045,43471
2012-03-12,5052.4638671875,5090.428529934056,5036.645257709768,5055.627589083047,32598
2012-03-13,4868.9677734375,5014.498973943105,4862.640329937257,4998.680365192496,70563
2012-03-14,4872.13037109375,4910.095023336039,4840.493160891842,4862.639208033178,47714
2012-03-15,4827.83837890625,4887.949079561046,4818.347215644966,4862.63931086429,36770
2012-03-16,4808.857421875,4831.00347579153,4796.2025339226975,4802.529977898849,36245
2012-03-19,4767.7294921875,4821.512771130558,4739.255991570588,4815.185326549022,40811
2012-03-20,4799.36669921875,4853.149977983891,4786.71181009754,4821.512755180867,34309
2012-03-21,4812.02099609375,4834.167049330211,4783.547499075444,4793.038664748213,27390
2012-03-22,4884.78564453125,4913.259135982534,4856.312153079967,4881.6219232588855,55034
2012-03-23,4849.98486328125,4929.0778975813355,4840.49369916524,4872.1309128852745,38474
2012-03-26,4720.27197265625,4783.546395882205,4713.944530333654,4780.382674720907,46118
2012-03-27,4745.58203125,4748.745752604167,4698.1262109375,4707.617375000001,25478
2012-03-28,4793.037109375,4846.820364067657,4732.926412953795,4745.581296410891,48235
2012-03-29,4808.857421875,4884.786749588816,4793.038811934622,4846.822085731908,45420
2012-03-30,4774.05712890625,4818.349242759588,4748.747349561485,4761.4022392338675,35356
2012-04-02,4701.2890625,4796.200685565275,4672.815575580417,4777.218360952221,43376
2012-04-03,4736.091796875,4789.875070453407,4694.963411197395,4707.618299098196,51543
2012-04-04,4831.00341796875,4862.640637470838,4796.202476516453,4802.529920416871,43432
2012-04-05,4831.00341796875,4872.131803321464,4805.69364236708,4859.476915520629,31964
2012-04-09,4938.568359375,4967.041847673767,4903.767429232063,4957.550684907511,41030
2012-04-10,5106.24658203125,5118.901468232071,4932.241896769962,4960.715390721809,72207
2012-04-11,5033.48095703125,5042.972121626532,4982.861412523079,5005.007463245403,41419
2012-04-12,4897.4404296875,5023.989277999839,4884.785544856266,5014.4981143764135,45417
2012-04-13,5011.3349609375,5017.662404069997,4916.4233139500475,4916.4233139500475,41288
2012-04-16,5017.662109375,5052.46304455982,4944.896517624921,4957.551403146674,49586
2012-04-17,4868.9677734375,4967.043147691277,4846.821721186648,4954.388260690789,51051
2012-04-18,4900.603515625,4916.42211961346,4865.802586850387,4906.930957220385,35994
2012-04-19,4960.7158203125,5008.1716476751835,4859.476721938776,4900.605105653101,60831
2012-04-20,4951.22412109375,4951.22412109375,4881.622248464956,4919.58690626248,37402
2012-04-23,5033.48095703125,5090.427944602942,5017.662349372446,5042.972121626532,53780
2012-04-24,4992.35302734375,5027.153967331571,4963.879530990079,5020.826523697421,37516
2012-04-25,4846.8212890625,4900.60455401946,4846.8212890625,4894.277111083347,47414
2012-04-26,4786.7119140625,4881.623584533006,4774.057024666433,4875.296139834972,43907
2012-04-27,4764.56494140625,4808.857045775232,4742.418889221759,4758.237497924967,45138
2012-04-30,4808.857421875,4831.00347579153,4780.383923982319,4786.711367958471,35371
2012-05-01,4745.58203125,4818.347622395833,4682.307604166667,4805.692736979167,44526
2012-05-02,4774.05712890625,4831.004132431971,4761.4022392338675,4799.366908251015,33982
2012-05-03,4843.65771484375,4862.64004422916,4761.4009541736405,4767.72839730211,34521
2012-05-04,4998.68017578125,5008.171340671974,4887.949918722805,4894.277361983287,48510
2012-05-07,4995.5166015625,5042.972427416482,4960.715662602913,5036.644983969284,41830
2012-05-08,5036.64453125,5153.702224501414,5017.662202614636,5052.463138446137,63911
2012-05-09,5096.7548828125,5188.502798145562,5030.31673722649,5137.883258651459,70826
2012-05-10,5077.77294921875,5096.755278000876,5008.1710770176205,5023.989684336059,38323
2012-05-11,5109.41064453125,5141.047862144447,5008.171548169021,5134.720418621808,43459
2012-05-14,5213.8134765625,5232.795807181053,5147.375319397565,5204.322311253224,49419
2012-05-15,5273.92333984375,5292.905667401676,5163.193095755849,5223.303799689281,57075
2012-05-16,5315.05224609375,5318.215967668806,5182.175939941407,5226.468041992188,53542
2012-05-17,5476.40283203125,5476.40283203125,5302.3981204415795,5315.053008557192,66691
2012-05-18,5558.65869140625,5583.9684634786745,5413.1275019898085,5432.109831044127,63818
2012-05-21,5375.16259765625,5552.330994047509,5371.99887629212,5533.348665862732,48788
2012-05-22,5368.83544921875,5428.94615843216,5273.923803092313,5346.689398455915,50742
2012-05-23,5359.34375,5536.512138429752,5337.197701446281,5435.273059327036,69109
2012-05-24,5340.36181640625,5422.618574241891,5305.560880398863,5324.543209130165,43714
2012-05-25,5359.34375,5390.980962219599,5305.560489226682,5337.197701446281,36799
2012-05-29,5242.2861328125,5315.051721861798,5216.976362708396,5280.2507879686555,37968
2012-05-30,5394.1455078125,5409.964116339809,5321.379908586877,5324.543630292338,43652
2012-05-31,5409.9638671875,5504.875513980263,5330.8708281935305,5390.981537828948,68065
2012-06-01,5682.0439453125,5685.207666885613,5546.003917668604,5577.641133399742,71912
2012-06-04,5682.0439453125,5776.955592505916,5634.588121715792,5663.061615873817,79664
2012-06-05,5606.11474609375,5720.008725134029,5587.132416253703,5716.8450034940215,49569
2012-06-06,5353.01611328125,5530.1844952811025,5346.68867106697,5530.1844952811025,69289
2012-06-07,5346.689453125,5365.671782544379,5223.304311899039,5229.631755038831,68459
2012-06-08,5261.2685546875,5406.79973539443,5258.1048333677845,5371.998800877555,48638
2012-06-11,5394.1455078125,5403.636672928886,5166.357545019245,5172.684988430168,53638
2012-06-12,5273.92333984375,5413.1270752685405,5261.268454805133,5365.671256373726,55435
2012-06-13,5334.03515625,5371.9998192838075,5232.796054826512,5299.234215135676,47515
2012-06-14,5220.1416015625,5343.526766690341,5179.013213186553,5311.889544862689,53944
2012-06-15,5112.57373046875,5197.994207401087,5106.246287733021,5175.848157826036,48542
2012-06-18,5099.919921875,5179.012972772564,5068.282701515974,5153.703196485344,42631
2012-06-19,4998.68017578125,5055.627165125594,4954.388072957872,5042.972278604629,54173
2012-06-20,5008.171875,5087.264924194567,4967.043489418825,4995.516987128869,69564
2012-06-21,5239.12353515625,5245.4509790392885,4989.189501776212,5001.84438954229,67229
2012-06-22,5150.5390625,5223.304663505835,5134.720453585688,5185.340002111487,39320
2012-06-25,5327.70751953125,5359.344737580723,5261.269361627356,5264.433083432304,45243
2012-06-26,5270.76025390625,5353.017016572254,5235.959315855248,5292.906305393251,43424
2012-06-27,5179.01171875,5242.286144147068,5150.53822732132,5235.958701607361,44877
2012-06-28,5204.32275390625,5318.216747304806,5185.340421673157,5239.123696333587,60374
2012-06-29,4932.2412109375,5039.807728687259,4932.2412109375,5014.497959804963,66574
2012-07-02,4919.58837890625,4982.862827509545,4903.769766755426,4916.424656476085,40805
2012-07-03,4846.8212890625,4925.914325763912,4840.493846126387,4916.423161359742,23539
2012-07-05,4894.27685546875,4925.91406849699,4846.821035926389,4881.6219702574535,40958
2012-07-06,4986.025390625,5030.317494348826,4963.879338763087,4986.025390625,37883
2012-07-09,5001.84228515625,5042.970653092386,4976.532520272473,4986.02368210389,25602
2012-07-10,5087.265625,5118.90284903607,4929.079504819651,4944.898116837687,41475
2012-07-11,5084.10205078125,5141.049055705993,5046.137380831421,5077.774605789612,40016
2012-07-12,5131.556640625,5201.1585186112825,5087.264536451911,5141.0478058049475,46057
2012-07-13,4967.04345703125,5106.247222706011,4948.061125348328,5106.247222706011,44892
2012-07-16,4979.69775390625,5020.826134338767,4951.224259760662,4982.861475477982,24628
2012-07-17,4910.0966796875,5046.136729446883,4891.114347162935,4941.733900561775,43613
2012-07-18,4846.8212890625,4941.732933104194,4821.511517318048,4932.241768700024,50772
2012-07-19,4812.02099609375,4853.149380675748,4783.547499075444,4815.184717984673,36442
2012-07-20,4897.4404296875,4913.259035726543,4853.148332778182,4872.130660025033,36395
2012-07-23,4998.68017578125,5090.428103058248,4973.37040273932,5042.972278604629,44635
2012-07-24,5084.10205078125,5153.70394568927,4989.190375906678,4995.517820898316,51254
2012-07-25,5090.42822265625,5137.88404822483,5036.644953678528,5068.2821707242465,44014
2012-07-26,4916.42431640625,4986.026205055502,4894.2782609269425,4935.406649674228,54145
2012-07-27,4736.091796875,4881.623007734218,4707.618299098196,4865.804397858216,73812
2012-07-30,4732.92822265625,4764.565443395931,4688.636113620697,4745.583110952122,44535
2012-07-31,4796.20068359375,4796.20068359375,4720.27138517274,4748.744872080619,42884
2012-08-01,4802.52880859375,4821.511135900444,4729.763220584754,4736.090663020318,40985
2012-08-02,4875.2939453125,4948.059526585821,4808.855805889033,4878.4576662374275,62698
2012-08-03,4685.47216796875,4742.41916258282,4660.162392584719,4739.255440659816,63854
2012-08-06,4663.32568359375,4669.653126855071,4625.361024025822,4656.998240332428,29371
2012-08-07,4615.869140625,4628.524025177776,4574.740765828478,4628.524025177776,43087
2012-08-08,4609.54150390625,4650.669876967871,4593.72289888255,4647.50615596313,47759
2012-08-09,4596.88720703125,4628.524421119559,4577.904878578265,4619.033256893066,34421
2012-08-10,4584.2333984375,4647.5078414801155,4577.905954133238,4631.689230719462,41524
2012-08-13,4581.068359375,4634.851620500259,4581.068359375,4600.050686830974,31444
2012-08-14,4584.2333984375,4612.706897806677,4546.26873261193,4552.596176916192,34383
2012-08-15,4577.90576171875,4600.051815852842,4558.923429603814,4593.72437181453,27277
2012-08-16,4508.30322265625,4584.232540090461,4495.648336417215,4565.250210731908,45862
2012-08-17,4489.32177734375,4514.631554805871,4486.158055160985,4492.485499526515,23927
2012-08-20,4498.8125,4530.449718706048,4489.321334388185,4505.139943741209,22649
2012-08-21,4524.1220703125,4539.940678949956,4435.537861942745,4473.502522672639,38642
2012-08-22,4520.958984375,4565.25109478875,4501.976651340536,4543.105039581876,45803
2012-08-23,4590.5615234375,4603.216413922511,4536.778238876206,4539.941961497459,37874
2012-08-24,4533.61181640625,4619.032276310624,4514.629491983055,4612.704834836227,35824
2012-08-27,4536.7763671875,4546.267531135591,4495.6479900791055,4508.302875343226,19426
2012-08-28,4543.103515625,4568.413284514276,4511.466304513406,4552.594678958479,24169
2012-08-29,4530.44970703125,4558.923203793318,4508.303653994086,4533.613428893702,20592
2012-08-30,4603.21630859375,4619.034921338059,4568.4153605562715,4574.742805653995,30455
2012-08-31,4558.92236328125,4606.378182468771,4511.466544093728,4546.267478164577,60184
2012-09-04,4568.4130859375,4619.032621515755,4533.61215522745,4558.921923016577,28280
2012-09-05,4571.57763671875,4587.396244458261,4533.612978143923,4558.922750527141,28493
2012-09-06,4388.08203125,4517.794621935833,4384.918309525955,4514.630900211788,85591
2012-09-07,4346.95361328125,4378.590830262919,4346.95361328125,4369.099665168418,35349
2012-09-10,4397.57275390625,4400.736475311938,4340.625768603867,4356.444375632307,24321
2012-09-11,4378.5908203125,4394.409428767386,4346.953603402728,4394.409428767386,25245
2012-09-12,4346.95361328125,4375.4271085647515,4334.298726488582,4346.95361328125,28516
2012-09-13,4207.74951171875,4359.608140713111,4182.43974021969,4343.789533526198,87116
2012-09-14,4172.94873046875,4201.422224459819,4122.3291855957405,4195.094781350692,58677
2012-09-17,4201.42236328125,4220.404693235834,4172.948868349374,4191.931198303958,24869
2012-09-18,4204.58544921875,4229.895218664762,4195.094285676496,4214.076612761005,27837
2012-09-19,4201.42236328125,4220.404693235834,4176.112590008472,4201.42236328125,29204
2012-09-20,4204.58544921875,4264.696151653029,4198.258006857247,4242.550103387768,40060
2012-09-21,4207.74951171875,4207.74951171875,4157.12996872063,4163.457411595395,26888
2012-09-24,4217.2412109375,4252.04215116279,4198.258879905523,4248.878429324128,31106
2012-09-25,4302.66162109375,4312.152786434398,4182.440193445542,4198.258802346622,44776
2012-09-26,4353.28125,4375.427302870639,4308.98914425872,4312.152866097384,43379
2012-09-27,4271.02490234375,4343.790511791088,4255.206291594329,4318.4807345920135,43201
2012-09-28,4312.15234375,4343.789558304292,4277.351407740279,4308.988622294571,53845
2012-10-01,4293.17041015625,4312.152740635938,4210.913644744266,4280.515523169791,52825
2012-10-02,4286.84326171875,4321.644203326799,4242.551154217597,4258.3697640394375,49562
2012-10-03,4248.8779296875,4302.661194620253,4226.731879421072,4261.53281555403,38907
2012-10-04,4185.60400390625,4226.732387920446,4176.112838364512,4217.241222378708,12194
2012-10-05,4185.60400390625,4210.122848222405,4127.866080194013,4141.311898044808,157139
2012-10-08,4212.4951171875,4232.268376280569,4199.049301004213,4215.658838642391,44368
2012-10-09,4293.96142578125,4299.497938947665,4213.286519642055,4221.195824165506,115253
2012-10-10,4350.90771484375,4362.771669710621,4290.00607986048,4298.706313429519,108087
2012-10-11,4343.78955078125,4346.162341868712,4278.142330694789,4291.588146857076,65988
2012-10-12,4378.5908203125,4394.409428767386,4310.57080395649,4339.835229598029,71692
2012-10-15,4301.080078125,4381.754989483726,4293.961703593348,4354.86335236415,102885
2012-10-16,4217.2412109375,4267.069829896439,4209.331906340843,4262.324247138445,85352
2012-10-17,4179.275390625,4221.985623610191,4168.993297498935,4208.539809522261,71813
2012-10-18,4195.88671875,4225.942080731621,4158.712981562206,4197.4685799069275,87729
2012-10-19,4337.4619140625,4357.235172241122,4213.285852700755,4213.285852700755,101361
2012-10-22,4335.880859375,4403.900880153229,4320.062249891691,4350.908538384144,81419
2012-10-23,4457.68310546875,4491.693107870304,4417.34566075993,4430.000545374462,122780
2012-10-24,4480.6201171875,4495.647792779127,4412.600111878034,4424.464066292476,87133
2012-10-25,4454.52001953125,4509.885147614912,4400.736752249978,4416.555360273881,100367
2012-10-26,4460.056640625,4520.958282995655,4429.2103542294735,4462.429431886194,105730
2012-10-31,4472.71240234375,4501.976833623453,4416.556331509726,4426.838428986379,72039
2012-11-01,4362.7724609375,4448.192951470722,4354.863156258498,4439.492716323819,91459
2012-11-02,4445.029296875,4452.93860167371,4312.152976256672,4313.734837216414,111871
2012-11-05,4421.30029296875,4483.783785481189,4405.481687269398,4457.683086077258,63513
2012-11-06,4359.60888671875,4407.855646894702,4321.6442229737395,4399.155411453136,98655
2012-11-07,4552.5947265625,4592.93217115157,4433.16425336741,4433.95518365347,176829
2012-11-08,4664.1162109375,4668.070862634073,4508.302934092548,4553.385963433473,153120
2012-11-09,4646.71630859375,4695.75399559508,4566.832334607713,4691.799343417553,226831
2012-11-12,4644.34375,4666.489803303815,4609.542809094006,4626.152349071866,70413
2012-11-13,4675.98046875,4708.408614761291,4580.277891497167,4696.544658903502,108581
2012-11-14,4803.32080078125,4826.257784680914,4634.852608690618,4650.671218276593,140154
2012-11-15,4823.09423828125,4858.686111144919,4765.356311191297,4801.739114563048,152326
2012-11-16,4773.26611328125,4892.696632437086,4754.283779110786,4808.85798985087,167773
2012-11-19,4579.48779296875,4670.444804400772,4579.48779296875,4667.281082264006,148938
2012-11-20,4572.3681640625,4648.297474519169,4560.504209303645,4596.096073580209,93995
2012-11-21,4553.38525390625,4585.813392765058,4551.012463258045,4567.6219977954825,65320
2012-11-23,4436.32861328125,4519.376305275283,4432.373961281534,4512.257931675795,50225
2012-11-26,4448.982421875,4506.720327083333,4447.400561458334,4477.455909375,72960
2012-11-27,4492.48388671875,4503.556910383198,4431.582256564288,4463.219467034139,91288
2012-11-28,4423.67333984375,4583.441266653769,4420.509618520779,4534.403586147723,143845
2012-11-29,4384.9189453125,4430.792916962594,4359.609167850379,4392.0373202237215,142059
2012-11-30,4382.54541015625,4412.600765793488,4365.935871514618,4383.336340567756,97576
2012-12-03,4422.8828125,4432.373977333691,4334.298607385551,4342.207911413627,60599
2012-12-04,4438.70068359375,4463.219522009895,4399.945100290811,4426.836729521422,63335
2012-12-05,4424.46484375,4493.275791445075,4380.96366991978,4429.21042634966,99203
2012-12-06,4392.03564453125,4442.655180142631,4388.080993311611,4430.000296239786,63180
2012-12-07,4365.14404296875,4411.017997397485,4346.95264724701,4358.025670729808,84186
2012-12-10,4359.60888671875,4379.382149085944,4339.835624351557,4377.00935760188,47807
2012-12-11,4300.28857421875,4328.762068548688,4259.951123918004,4322.434625364258,94345
2012-12-12,4298.7060546875,4308.197218009717,4233.849771985683,4267.068843613443,86092
2012-12-13,4342.99951171875,4370.682080087017,4277.352278159716,4301.080193903946,85867
2012-12-14,4380.17138671875,4395.199060309876,4351.697899914511,4367.516503694644,69975
2012-12-17,4278.142578125,4360.399340581092,4273.39699567561,4357.235618948165,58590
2012-12-18,4180.85791015625,4276.56048433879,4173.739536869945,4263.905598496471,96241
2012-12-19,4240.96826171875,4247.295704108483,4169.78453483425,4170.575465132967,79917
2012-12-20,4195.88671875,4261.533956762489,4192.722996436145,4240.178831143968,65825
2012-12-21,4271.02490234375,4320.853526204427,4253.624430519387,4308.19863760489,112445
2012-12-24,4296.33349609375,4305.824659929009,4283.678610980071,4290.796983856516,25270
2012-12-26,4335.880859375,4355.654121229137,4274.97921286426,4278.933865235088,49353
2012-12-27,4342.99951171875,4444.238618894128,4312.153221251252,4330.344623321828,135038
2012-12-28,4443.44677734375,4445.028638069041,4351.698855276844,4398.363746672943,108854
2012-12-31,4279.72412109375,4467.174613923027,4274.978538996806,4456.892519379649,152402
2013-01-02,4065.380615234375,4145.26455339365,4064.5896851535904,4123.118511131673,126786
2013-01-03,4085.94677734375,4106.510969409359,4049.5639759969026,4069.33723759845,77769
2013-01-04,4047.190185546875,4088.3185595254636,4034.535301245771,4072.4999541490834,72186
2013-01-07,4070.127685546875,4099.392109247853,4061.4274514736107,4076.4551285092484,56051
2013-01-08,4093.855224609375,4123.910575949243,4073.291036850518,4085.154991326782,57539
2013-01-09,4068.546142578125,4088.319403379924,4049.5638122083983,4075.664516466773,59385
2013-01-10,4010.017578125,4069.337364783654,4007.644786658654,4027.4180488782054,64062
2013-01-11,4010.80859375,4033.745578411556,4004.4811497054325,4010.017663244429,51775
2013-01-14,4013.9716796875,4043.2361037561573,4009.226097406096,4017.1354012084357,47945
2013-01-15,4007.643798828125,4055.0996164578246,4000.5254261836703,4049.5631044010265,54156
2013-01-16,4012.390380859375,4032.163643134456,3996.5717710393105,4022.672477242417,50795
2013-01-17,3960.9794921875,3988.6620565298645,3934.8787886646987,3975.2162395635733,85461
2013-01-18,3937.25244140625,3987.081068125534,3931.71592732633,3956.2347753945487,55697
2013-01-22,3896.914306640625,3957.815950970101,3896.914306640625,3939.624550715842,63720
2013-01-23,3886.63232421875,3911.9420992238374,3877.9320890607514,3897.7053507834758,53124
2013-01-24,3881.8876953125,3903.2428232206985,3844.7139541389697,3896.9153779145654,74754
2013-01-25,3840.758544921875,3879.514139794439,3839.176683906668,3858.949946596752,67078
2013-01-28,3850.249755859375,3875.5595323974812,3835.222076039875,3835.222076039875,51832
2013-01-29,3815.4482421875,3866.8587180876216,3806.7480078044023,3862.9040660953046,92334
2013-01-30,3847.086181640625,3854.2045565655353,3803.5850015439482,3817.82175139377,91774
2013-01-31,3864.486083984375,3870.813527429294,3831.267005898549,3854.994918816996,66666
2013-02-01,3786.184814453125,3830.4769284304334,3777.4845777790106,3817.8220387226306,110726
2013-02-04,3866.0673828125,3875.5585466000916,3818.6115638745396,3833.63923987156,97131
2013-02-05,3794.883544921875,3832.057268684136,3771.155636137453,3828.1026172200654,100660
2013-02-06,3786.184814453125,3824.149483576532,3782.2301614194366,3818.6129693293683,69325
2013-02-07,3795.67431640625,3851.8303648465176,3777.4829204326425,3785.392223029863,116181
2013-02-08,3756.12841796875,3783.020051199101,3750.5919052448544,3783.020051199101,83421
2013-02-11,3757.7099609375,3774.3194977044304,3749.800657715152,3756.919030615265,59870
2013-02-12,3743.47412109375,3764.0383144485854,3729.2373718480944,3756.919939825758,57910
2013-02-13,3738.72802734375,3759.292217889749,3715.0001151752895,3727.655001665135,72124
2013-02-14,3727.654541015625,3767.9919867172584,3721.3270985526237,3760.8736139463817,70926
2013-02-15,3738.72802734375,3766.410591540287,3715.791045580905,3722.1184888258276,92262
2013-02-19,3686.52587890625,3726.0723912309254,3680.1984369343018,3725.2814609844318,77115
2013-02-20,3776.69287109375,3776.69287109375,3685.735870009817,3688.1086613424413,130708
2013-02-21,3818.612060546875,3844.7127643575727,3794.09321757319,3794.09321757319,157403
2013-02-22,3749.01025390625,3802.7935233715716,3747.4283930396227,3783.8111929720462,99577
2013-02-25,3885.049560546875,3888.2132816873855,3698.3900132567564,3710.2539675336707,183288
2013-02-26,3835.221435546875,3902.4505182487687,3825.730270930137,3851.040043241438,170119
2013-02-27,3737.9365234375,3847.8758329503676,3716.5814057623384,3841.5483906762456,186295
2013-02-28,3752.96484375,3763.246939212329,3691.2722709760274,3738.7280961867755,115590
2013-03-01,3726.072509765625,3812.283909375995,3717.3722767774225,3778.2739076948396,159292
2013-03-04,3691.2724609375,3756.1287587298452,3689.6906000157355,3745.0557322774935,83667
2013-03-05,3621.671142578125,3653.308365924516,3601.89787798663,3653.308365924516,115805
2013-03-06,3612.96923828125,3628.7878426520087,3591.614122380726,3595.5687734734156,68624
2013-03-07,3597.152099609375,3610.597918803165,3589.2427942012628,3602.6886133950534,65380
2013-03-08,3567.09619140625,3604.2699211171353,3557.6050263736834,3567.8871218256304,106766
2013-03-11,3541.786376953125,3581.3328974639903,3540.20451613269,3573.4235933618174,56663
2013-03-12,3557.605224609375,3578.16941665914,3537.831963023062,3544.9503371941346,89648
2013-03-13,3549.69580078125,3577.3783660725476,3537.040913790943,3553.6504529657213,60711
2013-03-14,3509.35791015625,3532.2948899611924,3506.1941888038436,3527.549307932584,75171
2013-03-15,3518.84912109375,3541.786101204273,3508.5670265614463,3516.4763300478335,69660
2013-03-18,3557.605224609375,3590.82430407438,3526.758936534727,3583.7059299033076,131107
2013-03-19,3572.632568359375,3620.088391715931,3532.2951185063025,3540.995352788338,172240
2013-03-20,3524.38623046875,3543.368562051167,3511.7313427471386,3532.295535294757,99016
2013-03-21,3583.705078125,3595.569032256952,3540.9948432499723,3566.3046120648037,116103
2013-03-22,3527.54931640625,3566.3049030663187,3527.54931640625,3560.768390686309,87002
2013-03-25,3548.904541015625,3582.1236162825417,3495.1212762977593,3507.776162113728,131324
2013-03-26,3499.07666015625,3533.8776034308603,3498.285729627282,3521.222714967366,105756
2013-03-27,3501.44921875,3552.8596997119944,3496.7036358919695,3540.9957425669186,96345
2013-03-28,3475.34814453125,3512.5218729775333,3469.8116317839313,3501.448847482896,103446
2013-04-01,3503.82177734375,3521.222246666902,3466.6480474261075,3481.6757254779204,93843
2013-04-02,3470.602294921875,3489.5846228795153,3453.2018276273716,3480.093458900695,99236
2013-04-03,3541.786376953125,3557.604985157471,3461.111475110959,3466.64798798248,144186
2013-04-04,3513.312744140625,3546.531820064512,3497.4941365578215,3530.7132124817085,112000
2013-04-05,3542.57763671875,3605.852075418795,3533.877401397494,3597.942770581289,131896
2013-04-08,3495.912109375,3561.559327718467,3494.330248692025,3537.040487132353,76296
2013-04-09,3472.976318359375,3504.6135428490984,3445.293746930867,3481.676555094049,98833
2013-04-10,3385.97314453125,3453.9931609829405,3377.272909868824,3452.4113001352266,129017
2013-04-11,3362.244873046875,3391.509295606916,3340.88975388144,3382.8090618728497,103195
2013-04-12,3378.854248046875,3416.818902519312,3369.363084428766,3385.1816904589477,98147
2013-04-15,3532.295654296875,3535.459376333863,3407.328633835857,3413.6560779098327,168708
2013-04-16,3431.055908203125,3500.6577800154523,3428.683117118614,3482.466381700867,137015
2013-04-17,3537.831787109375,3567.8871432261103,3480.0938661482787,3480.0938661482787,182842
2013-04-18,3575.0048828125,3602.6874427457824,3518.0579023783184,3520.4306932297427,147123
2013-04-19,3513.312744140625,3575.796244092698,3510.1490226240644,3559.977636509895,105798
2013-04-22,3483.2568359375,3546.5312562088443,3464.2745098560968,3499.8663712587277,93517
2013-04-23,3411.282958984375,3483.2576284180823,3404.955515517676,3446.87482848456,187943
2013-04-24,3408.910400390625,3421.5652881878987,3389.137138207385,3408.1194699032953,74574
2013-04-25,3378.854248046875,3397.0456449815842,3348.00796628802,3387.554481363475,99472
2013-04-26,3390.71875,3412.0738715885236,3375.6910718451136,3387.555028283182,81885
2013-04-29,3348.79931640625,3382.80932363475,3330.6079171910055,3372.5272284261337,87310
2013-04-30,3331.3984375,3374.108673878205,3326.6528556801995,3345.635182959402,90309
2013-05-01,3387.554931640625,3394.673305300388,3340.099107242204,3343.2628288687656,120158
2013-05-02,3325.072021484375,3375.6915765212448,3317.953646557315,3369.364132141636,88723
2013-05-03,3256.260498046875,3270.497245427211,3235.6963073863894,3266.542593377118,117711
2013-05-06,3238.860107421875,3254.678716005132,3230.9508031302466,3251.5149942884805,53626
2013-05-07,3204.849609375,3244.3961247917696,3204.849609375,3225.41379739172,73506
2013-05-08,3176.376220703125,3217.5045980628265,3176.376220703125,3212.7590160597842,76990
2013-05-09,3195.358642578125,3211.177249719601,3163.721428295173,3180.330965793723,110731
2013-05-10,3172.421142578125,3209.5948632715113,3170.8392821230873,3190.6125378110587,87094
2013-05-13,3170.83984375,3196.940545881142,3158.975888235844,3181.912868896545,70424
2013-05-14,3101.237548828125,3165.3028998750715,3098.0738277887694,3163.7210393553937,113927
2013-05-15,3069.60107421875,3115.4750402854047,3057.737117477374,3113.1022489371294,110733
2013-05-16,3098.07421875,3107.565383065803,3060.9004918464384,3083.8374722762956,87058
2013-05-17,3039.54541015625,3084.628441220238,3034.799827938988,3075.928207155258,97280
2013-05-20,3038.75439453125,3051.409280088902,3015.8174144580053,3043.4999766153696,86225
2013-05-21,3028.472412109375,3054.573114538106,3007.117291940414,3034.0089247457727,90962
2013-05-22,3079.882568359375,3103.6104772065196,2962.0339544185563,3023.7265174211325,282358
2013-05-23,3090.956298828125,3148.6942235503498,3076.719550266481,3141.575849269527,165883
2013-05-24,3096.49267578125,3147.903154434068,3096.49267578125,3131.293615177003,94603
2013-05-28,3062.482177734375,3079.091714338823,3005.5351950905538,3031.6358954689717,120043
2013-05-29,3098.07421875,3132.08422421496,3079.091890118394,3092.5377062324483,130374
2013-05-30,3075.137451171875,3100.447224432549,3049.036747496805,3096.4925723605684,97868
2013-05-31,3166.88525390625,3174.7945577371847,3060.9005825717254,3095.701519427838,151554
2013-06-03,3130.5029296875,3196.941091914319,3126.548277173999,3150.2761922550058,164365
2013-06-04,3161.348876953125,3192.986093635168,3102.820026091346,3127.338869019929,146184
2013-06-05,3250.72412109375,3254.678773309193,3166.0945636832803,3179.5403812157847,169854
2013-06-06,3190.613037109375,3290.270261372087,3190.613037109375,3252.3056045101016,175036
2013-06-07,3111.520263671875,3174.794697096824,3104.401889911568,3146.321202055597,183434
2013-06-10,3110.72900390625,3124.965749919551,3087.001093884082,3090.164815220371,94886
2013-06-11,3172.421142578125,3186.6578866734644,3118.637887106843,3166.093700757974,160526
2013-06-12,3225.414306640625,3231.741750106325,3123.384280756211,3128.920793788698,144908
2013-06-13,3127.338623046875,3244.396315563551,3116.265598079081,3230.159569176388,141204
2013-06-14,3166.88525390625,3177.1673488864653,3110.729196706614,3133.6661778163243,122737
2013-06-17,3117.056884765625,3151.85782435702,3087.7924582910427,3122.593397882438,129641
2013-06-18,3068.809326171875,3113.101419539304,3058.5272330687217,3111.519559061896,94761
2013-06-19,3151.06689453125,3155.8124772037368,3062.482684644829,3074.346641326046,184745
2013-06-20,3309.252197265625,3324.279872157606,3204.8494032792337,3214.3405663689055,204763
2013-06-21,3291.8525390625,3355.1269751809527,3258.6334601003123,3264.9609037121577,191679
2013-06-24,3370.155029296875,3426.311097609496,3313.998960984254,3354.3364185045875,243712
2013-06-25,3305.29833984375,3354.3360275849113,3280.7794959731696,3309.25299208094,158278
2013-06-26,3242.0234375,3278.406232846426,3226.2048308276408,3251.5146015034156,128801
2013-06-27,3201.68603515625,3209.595338602782,3173.2125427487335,3201.68603515625,115726
2013-06-28,3230.950927734375,3251.515119685683,3189.8225438317586,3221.4597622183865,142638
2013-07-01,3191.404541015625,3202.4775679237337,3145.5305723963174,3193.777332495934,138878
2013-07-02,3198.52197265625,3225.4136015064755,3154.2298780794076,3201.685693697453,132352
2013-07-03,3194.56787109375,3236.487182103398,3175.585541579947,3224.6232261572713,67593
2013-07-05,3124.966552734375,3193.777509476438,3123.384691659845,3147.1126077777976,129389
2013-07-08,3090.165771484375,3103.6115913244657,3072.76529875014,3092.5385632208618,138876
2013-07-09,3045.873046875,3076.7193332494808,3036.3818818366985,3049.8276989742926,100138
2013-07-10,3041.91845703125,3063.27357880448,3021.354265694065,3049.8277613917057,106205
2013-07-11,2959.661865234375,2992.880945496225,2953.3344213749747,2972.3167529531747,122057
2013-07-12,2949.37890625,2970.7340230289624,2944.633324743564,2961.24286001609,85721
2013-07-15,2933.56103515625,2950.961505033154,2925.651730666748,2941.4703396457517,63493
2013-07-16,2956.497802734375,2971.5254801693545,2927.233378255731,2931.1880302123045,81541
2013-07-17,2940.6796875,2949.3799232618344,2923.2792159763317,2934.3522433095754,105453
2013-07-18,2908.2509765625,2931.9788877120445,2894.8051602444248,2929.60609659709,104529
2013-07-19,2898.76025390625,2928.81561260978,2897.969323414052,2921.6972381799965,57945
2013-07-22,2887.6865234375,2904.2960597267875,2878.9862901431115,2889.26838403648,56569
2013-07-23,2897.177490234375,2902.7140019547246,2876.613303844505,2876.613303844505,57110
2013-07-24,2917.742431640625,2932.7701101988173,2875.032187317341,2875.032187317341,108240
2013-07-25,2907.4599609375,2941.469965921263,2901.923448498283,2932.7697320882075,101651
2013-07-26,2902.714599609375,2955.70693698644,2898.7599475663105,2930.3971639108267,90916
2013-07-29,2917.742431640625,2935.1429015501108,2901.9238226320012,2914.5787098389,76880
2013-07-30,2918.532958984375,2931.978774784574,2894.0141184075414,2900.341561137047,74643
2013-07-31,2912.996826171875,2921.6970610586222,2874.2412344036366,2905.878452173627,136327
2013-08-01,2845.76806640625,2872.6597046102,2841.813413729198,2870.286913003969,118919
2013-08-02,2835.485595703125,2866.3318825183055,2835.485595703125,2860.0044390690377,89085
2013-08-05,2842.604248046875,2856.05006669373,2836.276803977767,2848.1407616073448,36170
2013-08-06,2875.032470703125,2890.060150742564,2851.30455485138,2855.2592074933377,73313
2013-08-07,2895.59619140625,2916.951312184171,2887.6868874144275,2895.59619140625,80612
2013-08-08,2873.449462890625,2905.086671400293,2861.585509699499,2867.122021188691,62352
2013-08-09,2890.06005859375,2911.415182179418,2864.7502824922176,2881.359823058848,77705
2013-08-12,2897.968994140625,2922.4878366128846,2890.8506205196463,2921.6969062105536,62582
2013-08-13,2878.196533203125,2921.6977174092726,2871.078157605755,2888.4786312882143,89352
2013-08-14,2909.832763671875,2911.414624375149,2875.0318281998548,2884.522992419497,67441
2013-08-15,2993.672119140625,3001.581424607311,2957.2893139938697,2957.2893139938697,122396
2013-08-16,3007.907958984375,3022.935634824686,2981.8072588406767,3001.5805165252964,100449
2013-08-19,3047.454345703125,3049.036206251115,2996.8348081674385,3018.189925565306,78535
2013-08-20,3018.1904296875,3045.872993901091,2996.83530872273,3039.5455506522703,109073
2013-08-21,3056.155029296875,3069.6008459371565,3003.1626931263545,3035.590839141151,138122
2013-08-22,3003.16259765625,3044.2909766602334,2992.089572539793,3043.5000462947723,100011
2013-08-23,2979.4345703125,3011.862714029732,2973.107127635967,2984.1801523199,81373
2013-08-26,3003.16259765625,3006.326319118095,2955.7067757285768,2973.898174134185,72567
2013-08-27,3098.865966796875,3104.4024807753276,3039.546174170595,3062.4831606527564,167936
2013-08-28,3079.882568359375,3110.7288498606626,3055.3637292173253,3102.8195469116145,120438
2013-08-29,3068.018798828125,3097.2832215032063,3035.5906547827644,3092.5376394477876,105339
2013-08-30,3090.956298828125,3105.1930473897696,3056.155357899661,3056.155357899661,119702
2013-09-03,3059.31884765625,3084.628620956405,3015.0267443809785,3027.681631031056,99997
2013-09-04,3007.11767578125,3068.8102530329434,2998.4174405278063,3057.737226346742,91071
2013-09-05,3005.535400390625,3009.490052233244,2984.971210809005,3005.535400390625,54508
2013-09-06,2999.2080078125,3054.5731345389963,2964.4070710129877,2981.0166090309367,154777
2013-09-09,2939.888427734375,2983.389601671795,2936.7247059934716,2981.8077408013432,95901
2013-09-10,2897.177490234375,2917.741676624245,2886.89539703944,2905.8777229377815,108978
2013-09-11,2877.40478515625,2914.578513826493,2877.40478515625,2904.296418662383,73680
2013-09-12,2897.177490234375,2901.132141463196,2872.658652615684,2879.777024827562,79528
2013-09-13,2881.35986328125,2900.3421956223838,2875.8233496817525,2886.896376880747,53717
2013-09-16,2845.76806640625,2856.0501633665835,2814.9217755252484,2817.294567131479,110356
2013-09-17,2822.040283203125,2841.0226169466437,2820.4584220578317,2841.0226169466437,52248
2013-09-18,2755.60107421875,2837.857822702892,2740.5733990149165,2824.41200804683,186394
2013-09-19,2762.719970703125,2770.6292749421837,2738.201127562044,2740.5739188337616,88970
2013-09-20,2803.848388671875,2807.803040842075,2752.4379104592736,2752.4379104592736,93739
2013-09-23,2827.57568359375,2846.5580098612327,2805.429636281687,2810.1752178485576,87088
2013-09-24,2841.813232421875,2852.8862592111614,2808.5941520540155,2831.5311361175377,98283
2013-09-25,2856.049560546875,2863.95886423158,2829.157928018879,2839.440022808995,92555
2013-09-26,2838.649169921875,2858.422429673351,2821.248701340576,2848.9312649926424,67302
2013-09-27,2860.794677734375,2878.195143012273,2855.258166055044,2866.3311894137064,86447
2013-09-30,2893.222900390625,2922.4873201048,2875.0315043520836,2911.4142964291664,133001
2013-10-01,2846.55859375,2894.01441915289,2842.6039416330927,2889.268836612601,114593
2013-10-02,2856.049560546875,2898.7598004442802,2852.0949087045224,2881.35933233793,96914
2013-10-03,2905.8779296875,2932.769559956791,2861.585832773374,2866.3314145856016,146720
2013-10-04,2861.585693359375,2909.041509169647,2856.0491815148434,2901.132206534601,89816
2013-10-07,2910.623291015625,2917.7416631947394,2876.6132906043013,2911.414221257749,107679
2013-10-08,2979.4345703125,2982.598291650767,2905.087118863237,2911.4145615397697,189841
2013-10-09,2973.89892578125,3013.4454540496176,2953.334731081699,2966.780550692944,202384
2013-10-10,2844.9755859375,2916.1592953437757,2843.3937257284715,2913.7865050302335,180310
2013-10-11,2807.802978515625,2859.213455587038,2807.012048099142,2854.4678730881383,110890
2013-10-14,2784.8662109375,2848.140649129775,2782.4934195052897,2843.395066265354,117500
2013-10-15,2827.57568359375,2834.694055944056,2780.1198679250438,2801.4749849759614,144741
2013-10-16,2747.692138671875,2795.938891826447,2745.3193475331254,2793.5661006876976,147370
2013-10-17,2710.5185546875,2771.420197147651,2708.145763422819,2771.420197147651,132632
2013-10-18,2677.299560546875,2702.6093348267864,2670.9721169768973,2690.745378133078,99692
2013-10-21,2674.9267578125,2686.790714455666,2663.8537316122115,2672.5539664838666,64971
2013-10-22,2643.2890625,2666.2260411991324,2627.4704565005986,2657.5258078994616,116139
2013-10-23,2666.22607421875,2686.790262272647,2659.1077014308626,2661.480492360158,79320
2013-10-24,2648.82568359375,2670.9717329041787,2644.8710319311735,2658.316847583934,59782
2013-10-25,2626.67919921875,2650.4071052640866,2625.8882690172386,2640.915942845952,64608
2013-10-28,2617.1884765625,2634.5889439195184,2611.6519642216304,2628.261501244239,70940
2013-10-29,2588.71533203125,2614.025106129936,2587.924401590666,2606.9067321646808,78970
2013-10-30,2614.81640625,2634.589670060118,2580.806392496597,2583.179184153811,104246
2013-10-31,2633.007080078125,2639.3345227457803,2598.20614540602,2619.561264409357,91561
2013-11-01,2618.7705078125,2648.034932091891,2606.9065520235577,2623.516090128077,92060
2013-11-04,2597.415283203125,2619.5613331208133,2597.415283203125,2602.160865328344,48421
2013-11-05,2615.60693359375,2636.9620552166807,2602.161116275609,2619.561585746145,68194
2013-11-06,2590.29736328125,2608.4887646111642,2580.0152668773853,2592.670154759065,104379
2013-11-07,2654.362548828125,2659.899061891831,2575.2695050608986,2578.4332268115877,124040
2013-11-08,2584.7607421875,2656.7354140170783,2583.969811727834,2656.7354140170783,137031
2013-11-11,2583.177978515625,2594.2510010812157,2576.0596068663167,2587.923559615164,50384
2013-11-12,2592.669921875,2610.0703911493288,2581.5968959731545,2592.669921875,68963
2013-11-13,2551.54150390625,2617.9796583787,2549.959643085477,2617.9796583787,93307
2013-11-14,2523.068603515625,2554.7058273841594,2520.695811725485,2546.0055908203126,116214
2013-11-15,2504.0859375,2523.068269306696,2502.504076516109,2517.5317558630763,67476
2013-11-18,2519.11328125,2531.7681674352434,2490.6397873332025,2493.803508879513,93633
2013-11-19,2530.977294921875,2540.468459777832,2508.0403131866456,2523.067990875244,115632
2013-11-20,2545.214111328125,2561.823650277128,2506.4585204471186,2521.4861985438356,148062
2013-11-21,2506.458740234375,2536.5140990633136,2501.713157261385,2532.5594465858217,105185
2013-11-22,2481.1484375,2510.4128596190626,2480.3575071724576,2503.2944866711828,70669
2013-11-25,2483.521728515625,2493.0128943570858,2470.86684072701,2472.448701700587,61560
2013-11-26,2485.103271484375,2492.221644954572,2470.0755941584034,2483.52141071322,50702
2013-11-27,2472.448486328125,2485.894303432277,2469.28476465656,2479.5668600891468,43199
2013-11-29,2477.194091796875,2481.1487439229873,2455.0480398906448,2466.9119962689824,41310
2013-12-02,2487.47607421875,2496.1763085005964,2463.748162540988,2473.2393272120926,75384
2013-12-03,2508.040283203125,2526.2316822928983,2492.221675298974,2504.085631227087,88713
2013-12-04,2511.994384765625,2549.1681051950914,2489.848338552326,2528.603919425599,103665
2013-12-05,2529.395263671875,2537.3045671855457,2510.4129352390655,2519.1131691041032,92385
2013-12-06,2474.82080078125,2498.5487087465544,2471.6570797192094,2483.5210337018616,150625
2013-12-09,2462.95703125,2470.0754041726877,2455.838658327312,2461.3751706005137,58798
2013-12-10,2478.776123046875,2483.521705924438,2464.539374414187,2474.821470648906,58206
2013-12-11,2537.304931640625,2542.841444895452,2477.9851467674807,2478.776077232456,102422
2013-12-12,2551.54150390625,2563.4054600620448,2531.768243646592,2539.6775477504552,92421
2013-12-13,2553.914306640625,2563.4054716080104,2538.0956983616493,2542.0503504313933,69933
2013-12-16,2520.69482421875,2530.1859876610547,2504.8762184815755,2529.395057374196,89479
2013-12-17,2540.46826171875,2549.1684954917596,2516.7403514287244,2517.5312817717254,69281
2013-12-18,2451.884521484375,2576.851539030998,2450.302660502772,2529.3957095829132,235180
2013-12-19,2456.6298828125,2477.9850041376567,2451.0933698763483,2464.5391870070025,94453
2013-12-20,2426.574462890625,2452.6751660442724,2416.292367708885,2452.6751660442724,87256
2013-12-23,2402.0556640625,2413.919620256421,2398.8919424107876,2404.428455301284,55550
2013-12-24,2391.773681640625,2402.055777494239,2389.4008902897913,2400.473916593683,21391
2013-12-26,2366.464111328125,2381.4917911794732,2364.8822502911407,2381.4917911794732,50106
2013-12-27,2368.0458984375,2372.7914814003007,2359.345663005699,2360.927523993299,42600
2013-12-30,2368.8359375,2374.372448873122,2363.299426126878,2367.2540771076797,44156
2013-12-31,2345.89892578125,2364.8812501975513,2345.89892578125,2360.9265992774885,66663
2014-01-02,2390.982177734375,2402.0552013824995,2362.5086883534827,2363.299618614063,78258
2014-01-03,2394.14599609375,2398.89157785013,2372.7908781900396,2383.0729719955298,67228
2014-01-06,2405.21923828125,2413.1285419257133,2374.3729540678437,2375.954814796736,77254
2014-01-07,2376.745361328125,2389.400245115563,2367.254198487547,2385.4455939319887,65561
2014-01-08,2372.791015625,2390.9824134114583,2366.4635729166666,2376.7456673177085,73016
2014-01-09,2372.0,2394.146048682894,2359.345115038346,2359.345115038346,75094
2014-01-10,2360.135986328125,2388.6094767798045,2356.972265166827,2363.2997074894224,95787
2014-01-13,2422.61962890625,2430.528932298043,2357.763341093546,2370.418226520415,97108
2014-01-14,2368.8359375,2414.7098888772957,2366.4631469115193,2405.2187265233724,83654
2014-01-15,2343.526611328125,2360.1361485666976,2336.40823822588,2358.55428787731,82295
2014-01-16,2350.64453125,2364.8812747097913,2347.4808104811573,2352.2263916344214,47854
2014-01-17,2370.41845703125,2377.5368307760887,2348.272405380641,2356.972639957666,71846
2014-01-21,2354.600341796875,2384.6557039024447,2340.363591325816,2341.9454524892667,72817
2014-01-22,2352.226806640625,2362.508900953446,2345.1084336548265,2346.6902943183372,44213
2014-01-23,2389.40087890625,2414.710653194565,2374.373200422563,2375.164130869073,105123
2014-01-24,2492.221923828125,2493.0128543022056,2420.2472506867857,2421.8291116349474,178811
2014-01-27,2518.322265625,2542.0501764192054,2475.6120261954306,2487.475981592533,208491
2014-01-28,2487.47607421875,2513.5767770642888,2480.3577007154213,2511.994916285771,107140
2014-01-29,2535.723388671875,2548.37827769831,2501.7133744133316,2528.6050135945056,221246
2014-01-30,2480.35791015625,2508.040476117815,2464.5393010353555,2493.0127974529655,118780
2014-01-31,2509.623046875,2545.2149274641506,2479.567681044162,2542.842135424874,147795
2014-02-03,2621.9345703125,2633.007597155449,2504.8768579727566,2515.949884815705,240818
2014-02-04,2587.92431640625,2617.9796721591347,2572.896638529808,2599.788272624494,167701
2014-02-05,2593.4609375,2636.962112114974,2581.596980786825,2605.3248942131745,207249
2014-02-06,2527.0224609375,2580.014794234155,2523.8587395466548,2580.014794234155,136937
2014-02-07,2459.794189453125,2517.532123803632,2455.839536415419,2500.922581045267,174777
2014-02-10,2453.466796875,2474.82192373368,2451.0940050018135,2461.3761031189556,82937
2014-02-11,2398.100341796875,2451.0926646532043,2386.236388918592,2447.928943885662,167646
2014-02-12,2393.35595703125,2406.0108464273176,2375.9554841116574,2391.7740958567415,113640
2014-02-13,2371.20947265625,2428.9473951058517,2366.4638899891597,2428.9473951058517,109041
2014-02-14,2346.6904296875,2379.9095055374746,2336.4083347815554,2375.1639232731927,121171
2014-02-18,2338.78076171875,2354.5993668030837,2333.244249939233,2341.1535524814,86945
2014-02-19,2371.20947265625,2375.1641248788255,2321.3808546517994,2352.227141987888,140028
2014-02-20,2341.15478515625,2380.701318689295,2331.663617108319,2363.300843934755,112122
2014-02-21,2346.6904296875,2349.8541511970216,2322.9625183660896,2333.2446132720343,81510
2014-02-24,2326.91748046875,2339.572368193937,2289.743747776013,2337.199576745464,113253
2014-02-25,2322.962890625,2338.7815007075674,2304.7714890300476,2318.21730760023,104349
2014-02-26,2322.962890625,2335.617778691054,2303.9805585259196,2315.844516087845,99339
2014-02-27,2297.653076171875,2334.826809245912,2297.653076171875,2330.0812263002904,85423
2014-02-28,2288.952880859375,2317.426379031779,2265.224965715705,2300.025907926421,162054
2014-03-03,2319.007568359375,2349.0629188360654,2307.1436142238394,2326.1259408406963,175867
2014-03-04,2251.77880859375,2273.924859398325,2243.0785743490956,2273.1339290124474,128651
2014-03-05,2250.19677734375,2256.524219951395,2241.496543758238,2249.4058470177943,82257
2014-03-06,2238.332763671875,2245.4511364185346,2228.0506697044775,2237.5418333666903,87148
2014-03-07,2237.542236328125,2255.733636623476,2220.1417664803985,2221.723627375646,153619
2014-03-10,2237.542236328125,2264.433871547339,2236.751305880501,2243.8696799091167,99348
2014-03-11,2262.06103515625,2271.5522003387237,2225.6782352901005,2232.005678745083,113570
2014-03-12,2259.687744140625,2293.697745189994,2258.1058836267007,2282.624721592525,123964
2014-03-13,2309.51708984375,2322.962908517498,2242.287996475011,2246.242649026113,191897
2014-03-14,2322.962890625,2328.4994041538985,2295.280322980507,2319.7991686084865,172000
2014-03-17,2281.834228515625,2301.6074887280656,2269.9702723881605,2300.0256279110704,144295
2014-03-18,2248.615478515625,2277.0889773642225,2242.2880343270476,2272.3433942227894,108742
2014-03-19,2273.925048828125,2300.8166841881794,2241.4969003057067,2247.8243439198372,163412
2014-03-20,2247.033447265625,2290.5346227670716,2242.287864483649,2282.625318130445,101191
2014-03-21,2263.642578125,2267.5972297289923,2216.1867588770965,2226.4688530474755,130912
2014-03-24,2281.834228515625,2301.6074887280656,2242.287708090744,2248.615151358725,135957
2014-03-25,2259.687744140625,2285.788442620373,2244.6600692583456,2258.896813883663,122943
2014-03-26,2293.697998046875,2293.697998046875,2235.960082923626,2243.0784560210127,152920
2014-03-27,2302.3984375,2319.007976210924,2284.2070379594643,2298.4437854259704,147517
2014-03-28,2280.252197265625,2292.9070828557224,2257.315217133574,2288.9524311088167,116926
2014-03-31,2242.287841796875,2255.7336595430997,2235.960398151593,2251.7790072647986,124451
2014-04-01,2213.02392578125,2232.0062610988875,2210.6511338665455,2228.0516079077133,82351
2014-04-02,2198.786376953125,2215.3959143329866,2192.458934141749,2206.695680467345,88017
2014-04-03,2203.531982421875,2216.9777985385917,2190.0861663051587,2190.8770966649654,82301
2014-04-04,2254.942626953125,2262.8519311514874,2178.2223762290096,2180.595167488518,176872
2014-04-07,2304.770751953125,2314.261914967345,2258.896797384394,2266.8060998962446,151630
2014-04-08,2285.788818359375,2323.753476934202,2278.670444876595,2307.9348691946907,107084
2014-04-09,2235.960205078125,2287.370680256787,2235.960205078125,2274.7157940589627,100187
2014-04-10,2330.8720703125,2337.1995140052386,2235.1694844598323,2237.542275844609,144482
2014-04-11,2373.582275390625,2378.3278580805095,2324.5445875951505,2356.972735976029,181553
2014-04-14,2336.40869140625,2375.164285813463,2325.3356644327605,2336.40869140625,121126
2014-04-15,2303.979736328125,2372.7906656314367,2300.8160154406164,2326.125782540685,189464
2014-04-16,2255.7333984375,2292.9071255506005,2254.9424680733914,2272.342936083779,96997
2014-04-17,2249.40625,2269.17951169128,2236.7513625175807,2261.270207014768,89165
2014-04-21,2233.58740234375,2253.360661925405,2232.0055415772176,2247.0332188592756,59063
2014-04-22,2214.60400390625,2230.422603934152,2201.1581938825334,2228.8407439313614,79074
2014-04-23,2222.5146484375,2227.260231316726,2213.023482679048,2216.187204598532,61520
2014-04-24,2213.81396484375,2235.960013795385,2200.368149408829,2200.368149408829,80874
2014-04-25,2250.19677734375,2260.478871581173,2226.468867565081,2229.6325888689034,104990
2014-04-28,2235.1689453125,2282.624761561173,2216.977549083842,2232.005224229255,127383
2014-04-29,2216.187255859375,2232.0058658226826,2209.0688813758866,2220.9328388483673,71697
2014-04-30,2201.158935546875,2228.8414949231383,2197.995214475302,2223.304983047886,80265
2014-05-01,2201.158935546875,2215.3956803689534,2190.0859117963696,2205.113586886341,66259
2014-05-02,2206.695556640625,2214.6048597110216,2182.9676474294356,2202.7409051054265,74089
2014-05-05,2199.57763671875,2241.496951622056,2195.6229843693814,2229.6329945739503,68613
2014-05-06,2235.960205078125,2238.332996240217,2205.9048503582917,2209.8595022951117,66972
2014-05-07,2211.44140625,2255.7335088072246,2209.0686150415772,2221.7235014864987,88480
2014-05-08,2216.187255859375,2229.6330743281865,2184.5500359327602,2216.9781863575404,94587
2014-05-09,2207.486083984375,2235.959569840139,2207.486083984375,2216.977245936296,65510
2014-05-12,2166.3583984375,2190.877241209155,2163.9856072015336,2190.086310797166,89038
2014-05-13,2162.4033203125,2167.1489018493967,2151.3302967264085,2160.8214598002014,64538
2014-05-14,2182.967529296875,2189.294971410779,2163.985202955163,2165.567063483639,71429
2014-05-15,2221.723388671875,2242.287578100664,2190.8771045286912,2191.668034891337,136825
2014-05-16,2205.114501953125,2237.542656393612,2203.5326407609064,2218.5603220869857,75373
2014-05-19,2188.503662109375,2217.76807681774,2185.3399416003626,2213.813426181475,56442
2014-05-20,2217.768310546875,2228.0504032847884,2190.8766833861782,2190.8766833861782,81935
2014-05-21,2179.804443359375,2205.1142191893823,2177.4316518753117,2205.1142191893823,94020
2014-05-22,2168.73095703125,2186.131424228437,2160.0307234326565,2179.0130512841333,69004
2014-05-23,2150.5400390625,2167.149579636355,2148.9581780554663,2165.5677186293215,48504
2014-05-27,2124.43896484375,2137.8847810769385,2123.6480344770916,2135.511989976964,72711
2014-05-28,2127.6025390625,2134.7209118697724,2118.1113753194704,2124.4388178148233,57831
2014-05-29,2105.45703125,2128.394016188486,2104.66610073488,2118.1119194919233,53807
2014-05-30,2099.920654296875,2113.3664739289075,2095.966001463924,2110.202751662547,58780
2014-06-02,2093.5927734375,2114.1569638830515,2092.010912633996,2093.5927734375,53748
2014-06-03,2096.756103515625,2107.8291270724785,2093.592382499381,2104.6654060562346,36376
2014-06-04,2087.265869140625,2107.830064895705,2084.893077322731,2103.875411865882,48736
2014-06-05,2059.5830078125,2098.338602045531,2055.6283553397416,2082.519992154498,100909
2014-06-06,2039.8094482421875,2053.2552646904687,2039.018517862877,2050.882473552537,64322
2014-06-09,2035.0638427734375,2044.5550072169979,2025.572678329877,2040.6003553655144,54158
2014-06-10,2035.8544921875,2050.091236888112,2035.0635619263549,2041.3910040155158,43703
2014-06-11,2048.509765625,2058.791860973697,2045.346043979247,2050.8825568593147,49991
2014-06-12,2078.5654296875,2088.056596033105,2051.673791708286,2056.4193748810885,83389
2014-06-13,2066.700439453125,2084.100902395325,2061.9548586507067,2069.8641599880702,72766
2014-06-16,2061.1650390625,2076.192719700331,2054.0466640235277,2070.65620578113,57228
2014-06-17,2050.8828125,2073.028866780756,2047.719090459892,2068.2832837205938,52052
2014-06-18,2020.8270263671875,2058.7916828312286,2018.454235338185,2048.5095883722174,77369
2014-06-19,2015.29052734375,2030.3182039605206,2013.708666647248,2016.8723880402522,60665
2014-06-20,2007.38134765625,2012.9178604354438,2005.7994868621947,2007.38134765625,52459
2014-06-23,2009.7540283203125,2016.8724015020846,2005.7993765526612,2008.172167613252,39179
2014-06-24,2034.2730712890625,2038.2277234494225,1996.3084105496089,2016.8726017834797,82752
2014-06-25,2015.29052734375,2042.9730895325379,2010.5449452542437,2042.9730895325379,64066
2014-06-26,2016.872314453125,2045.3458059512866,2014.4995234949447,2014.4995234949447,60156
2014-06-27,2009.7540283203125,2028.736356805038,2008.9630979667822,2027.9454264515077,51911
2014-06-30,2012.1270751953125,2015.2907970116573,2003.4268402003643,2012.1270751953125,65712
2014-07-01,1985.23583984375,2002.6363133403884,1972.580950028013,2001.0544521134213,82276
2014-07-02,1979.6982421875,1986.816613813424,1976.5345214648673,1984.4438232714494,38744
2014-07-03,1961.50732421875,1973.3712798087827,1959.9254634734123,1970.2075583181074,45174
2014-07-07,1974.9527587890625,1979.6983401077384,1965.46159615171,1968.6253170308275,42379
2014-07-08,1999.47216796875,2009.754263769222,1980.4898372601858,1982.0716981525661,84044
2014-07-09,1981.2813720703125,1998.6818471942834,1978.9085800079529,1991.5634710072045,51540
2014-07-10,1999.47216796875,2023.991011800645,1987.6082112758972,2020.8272900158845,82735
2014-07-11,1992.3536376953125,2008.9631757626414,1989.9808465428368,2001.0538719210563,52483
2014-07-14,1971.789306640625,1974.953027950919,1967.0437246751844,1973.371167295772,50741
2014-07-15,1978.908203125,1997.0996054718726,1962.2986618517687,1969.4170366831536,86505
2014-07-16,1964.6715087890625,1975.744536616376,1959.1349948754057,1962.2987171117811,54220
2014-07-17,2009.7540283203125,2015.290540795024,1962.2982071084987,1977.325883825573,125406
2014-07-18,1967.834716796875,1998.6810005408774,1964.6709953872337,1997.890070188467,73918
2014-07-21,1975.744140625,1993.9355398381206,1972.5804190227182,1981.2806534289932,53877
2014-07-22,1958.343017578125,1964.6704586688459,1951.224646351064,1962.2976682598255,71787
2014-07-23,1949.6431884765625,1959.9252823711652,1944.8976066790538,1952.8069096749018,40240
2014-07-24,1948.85205078125,1952.8067018583224,1940.9427486271054,1945.6883299195922,43393
2014-07-25,1967.834716796875,1974.9530899685678,1956.7616918631304,1960.7163436251822,49478
2014-07-28,1967.043701171875,1989.9806803974416,1959.925328308768,1967.043701171875,62672
2014-07-29,1983.653076171875,1983.6530761718752,1952.8067962792502,1959.1342383085066,63473
2014-07-30,1981.2813720703125,1998.6818471942834,1963.0899662588886,1969.4174117585144,92420
2014-07-31,2060.374267578125,2061.9561288200275,2006.590985353437,2009.7547078372422,120527
2014-08-01,2073.028564453125,2092.801824320095,2046.1369310340458,2071.4467036637675,124777
2014-08-04,2043.763671875,2082.519252340122,2034.2725093121132,2065.118787641496,80783
2014-08-05,2083.310791015625,2097.5475390180095,2049.300781898817,2060.373808122894,102186
2014-08-06,2082.51953125,2103.8746498765663,2063.5372035819405,2103.083719557064,82493
2014-08-07,2104.66552734375,2114.156690939438,2058.0006396649524,2062.7462214627963,93349
2014-08-08,2055.6279296875,2105.4565405264043,2052.464208364395,2094.3835158955367,90610
2014-08-11,2042.973388671875,2045.3461800640605,2024.7819879984513,2039.8096668156272,58961
2014-08-12,2048.509765625,2061.164652208012,2035.0639486305502,2047.7188352135618,53606
2014-08-13,2020.0360107421875,2039.8092684824205,2016.081359194141,2031.109035076718,52478
2014-08-14,2003.4271240234375,2018.4548047800286,2002.636193457301,2015.291082515483,61153
2014-08-15,2001.8447265625,2031.109149669103,1983.6533284151521,1987.6079801863148,141632
2014-08-18,1969.4166259765625,1982.8624422984908,1967.043834860928,1979.6987208109783,65072
2014-08-19,1948.85205078125,1963.0887946587106,1945.6883299195922,1959.1341435816382,48309
2014-08-20,1937.7796630859375,1954.3892030552454,1933.0340802375638,1953.5982725805166,58058
2014-08-21,1926.7066650390625,1937.7796918496317,1921.1701516337778,1936.1978308766934,56785
2014-08-22,1933.03369140625,1940.9429945625766,1922.7515973030252,1929.8699701437192,69685
2014-08-25,1912.4697265625,1919.5881002345689,1906.1422832984388,1914.0515873785153,71765
2014-08-26,1909.3060302734375,1911.6788215289555,1900.605795669872,1910.8878911104496,48223
2014-08-27,1910.8875732421875,1918.0059458246294,1906.1419915205595,1907.7238520944354,37840
2014-08-28,1913.260986328125,1928.2886666672048,1911.6791252398007,1925.1249444905563,75180
2014-08-29,1902.1871337890625,1919.5875982145758,1901.3962035879028,1907.7236451971803,62397
2014-09-02,1905.3515625,1918.7973809153175,1896.6513270547946,1898.2331880448319,57175
2014-09-03,1906.933349609375,1911.6789323956282,1889.5328793931137,1890.3238098574893,47617
2014-09-04,1911.6788330078125,1922.7518589333854,1886.3690594636462,1900.6058070822398,76030
2014-09-05,1894.2784423828125,1927.4975215394213,1893.4875119267026,1913.260773329446,73552
2014-09-08,1903.768798828125,1915.6327506280509,1892.695777148194,1899.0232181081547,50446
2014-09-09,1928.288330078125,1936.197634139151,1905.3513483011498,1908.5150699255603,68814
2014-09-10,1914.0516357421875,1939.361409437952,1911.6788444582096,1926.7065225900697,79832
2014-09-11,1910.8875732421875,1933.0336212764512,1909.3057126683116,1929.8699001286993,63162
2014-09-12,1931.4520263671875,1943.315982303104,1913.260627265449,1913.260627265449,64211
2014-09-15,1934.6158447265625,1947.27073169125,1928.288401244219,1931.4521229853908,62412
2014-09-16,1905.3515625,1944.1071567559154,1899.0241185398506,1941.7343652708594,88177
2014-09-17,1901.3968505859375,1918.7973209323977,1883.2054497691834,1899.0240591750564,86581
2014-09-18,1880.832763671875,1893.4876519051595,1879.2509026427147,1888.7420688176778,55744
2014-09-19,1883.205078125,1891.114381267062,1864.2227505840508,1868.1774021550818,70298
2014-09-22,1913.260986328125,1920.3793612255838,1889.5330700032619,1890.324000547424,69053
2014-09-23,1933.8248291015625,1935.4066899024638,1910.0969170880464,1926.7064554975077,72390
2014-09-24,1902.9786376953125,1944.1070205548951,1901.3967768160976,1933.8249248399995,82137
2014-09-25,1965.462158203125,1965.462158203125,1914.0516792159203,1914.0516792159203,120214
2014-09-26,1933.8248291015625,1963.880184318683,1924.3336642961563,1959.1346019159798,93397
2014-09-29,1941.734130859375,1970.207625242649,1933.8248268640214,1966.252973244972,84088
2014-09-30,1951.2254638671875,1959.1347685443955,1925.9156889001224,1937.7796459159342,80332
2014-10-01,2003.4271240234375,2012.918290817074,1955.971290055255,1958.344081753664,135253
2014-10-02,2002.636474609375,2045.3467311768734,1989.1906530973847,2008.1729893496063,157684
2014-10-03,1959.135009765625,1988.399440674518,1950.4347735494675,1974.1626905026242,128329
2014-10-06,1963.089111328125,1978.1167878451413,1936.9884100090967,1942.5249224101028,137042
2014-10-07,2024.7818603515625,2024.7818603515625,1974.9532442569732,1985.235339641571,114497
2014-10-08,1952.80712890625,2042.9731931813867,1948.0615465759795,2021.61807269517,182704
2014-10-09,2031.9000244140625,2033.481885079235,1954.3888518206106,1959.134433816128,148275
2014-10-10,2078.5654296875,2078.5654296875,2011.3363347394645,2031.109597959475,192977
2014-10-13,2145.00341796875,2147.376209360308,2063.537580191913,2078.565259005116,197386
2014-10-14,2137.884765625,2154.4943032047727,2090.428943968507,2122.857088767111,231453
2014-10-15,2171.10400390625,2270.7612368724385,2157.658186760018,2194.831916517247,343451
2014-10-16,2171.894775390625,2250.196881276886,2141.0484912536135,2246.2422294644484,223795
2014-10-17,2118.902587890625,2139.4667787398807,2090.4290928685787,2122.066309559741,209288
2014-10-20,2077.7744140625,2129.184896328987,2075.4016225732776,2126.8121048397647,97692
2014-10-21,1996.308349609375,2053.255338980165,1993.1446279776644,2049.300686940527,201957
2014-10-22,2023.199462890625,2026.3631837082805,1978.9073714434496,1989.1894641008296,180021
2014-10-23,1975.744140625,1990.7718182358387,1951.225298207316,1985.2353054318455,141420
2014-10-24,1947.2706298828125,1986.0262191859229,1945.6887690949304,1970.9985417010432,96449
2014-10-27,1952.80712890625,1974.953179780845,1946.4796857992228,1961.507363178412,72196
2014-10-28,1908.5147705078125,1940.942912070523,1906.932909943778,1939.3610515064884,86994
2014-10-29,1913.260986328125,1938.5707637413122,1893.4877227240725,1902.9788892540175,120411
2014-10-30,1887.9505615234375,1926.7061448978188,1877.6684679751322,1922.7514935330862,94707
2014-10-31,1846.03125,1861.8498553984575,1842.0765986503857,1842.0765986503857,95354
2014-11-03,1843.65869140625,1851.5679951016866,1830.212875124008,1840.4949699280755,64577
2014-11-04,1853.9407958984375,1874.5049856140347,1846.0314921616696,1852.358935151084,68615
2014-11-05,1831.7945556640625,1848.4040917905502,1827.839904205375,1829.42176478885,63613
2014-11-06,1817.5582275390625,1845.2407941029735,1815.9763665925534,1831.7949760576453,65128
2014-11-07,1813.6031494140625,1827.0489643028716,1809.6484979761776,1817.5578008519476,61970
2014-11-10,1803.3206787109375,1817.557420911287,1801.7388184664542,1813.6027703000789,46659
2014-11-11,1800.157470703125,1808.857704524625,1796.9937493134885,1800.948401050534,40552
2014-11-12,1803.3206787109375,1814.3937004223205,1797.784167855246,1813.6027703000789,43850
2014-11-13,1799.36669921875,1816.7671683980084,1787.5027429601648,1798.575768801511,95791
2014-11-14,1796.99365234375,1807.275746305224,1793.0390008201064,1800.9483038673939,53472
2014-11-17,1794.6207275390625,1808.0665417163054,1791.4570065561818,1805.6937509791449,61101
2014-11-18,1774.0567626953125,1794.6209516521017,1768.5202502838692,1793.83002130761,81909
2014-11-19,1780.3846435546875,1796.2032543370483,1774.8481297808614,1778.8027824764515,81397
2014-11-20,1773.2659912109375,1798.5757645020838,1771.6841303802407,1798.5757645020838,60351
2014-11-21,1755.07421875,1766.9381724594411,1736.8828230621903,1740.0465440513744,77232
2014-11-24,1745.5831298828125,1750.32871156804,1742.4194087593278,1747.164990444555,39385
2014-11-25,1745.5831298828125,1752.7015024106538,1736.0919665123579,1740.8375481975852,49680
2014-11-26,1737.674072265625,1748.7470977602627,1736.8831418731509,1744.792445797892,38322
2014-11-28,1744.7928466796875,1751.1202912732674,1734.5107492151199,1740.0472632345025,37448
2014-12-01,1769.3111572265625,1777.220460566869,1756.6562718820721,1759.8199932181947,74089
2014-12-02,1747.165283203125,1770.102265191758,1743.2106311361192,1770.102265191758,54221
2014-12-03,1733.7191162109375,1747.1649305246174,1728.9735346884625,1744.0012095096338,54991
2014-12-04,1736.88330078125,1754.2837710076558,1727.3921352032103,1740.0470226405964,63441
2014-12-05,1730.5556640625,1739.2558982054104,1723.4372906728463,1734.5103159456412,65128
2014-12-08,1754.283935546875,1766.1478936321785,1729.7650888372477,1739.2562553054904,71405
2014-12-09,1756.6563720703125,1800.948473302162,1754.283580932892,1793.0391695107603,84824
2014-12-10,1812.8128662109375,1817.5584496303377,1765.3570320169338,1766.938893156734,131989
2014-12-11,1796.2032470703125,1803.3216218935765,1759.0295118821555,1799.3669692139854,108666
2014-12-12,1850.7772216796875,1853.9409434261486,1801.739534609542,1819.9309346516927,128793
2014-12-15,1878.4595947265625,1891.9054107730262,1822.3035394736842,1832.5856340974506,153741
2014-12-16,1907.72412109375,1910.0969122891402,1824.6764292550915,1895.8601651167987,143013
2014-12-17,1831.7945556640625,1901.396421336963,1823.0943224549499,1897.4417698782754,171506
2014-12-18,1742.419677734375,1861.0592381792937,1741.6287473314087,1778.8024762708167,160721
2014-12-19,1725.8099365234375,1742.419473034433,1713.1550515626789,1728.973657763627,83666
2014-12-22,1710.7823486328125,1728.1828163489113,1710.7823486328125,1721.855373543057,43758
2014-12-23,1705.245849609375,1710.7823621081066,1698.1274763967199,1699.7093371106432,47189
2014-12-24,1705.245849609375,1706.8277103232983,1696.5456156827966,1701.2911978245666,13124
2014-12-26,1694.9638671875,1698.1275888248074,1688.636423912885,1698.1275888248074,23987
2014-12-29,1691.800048828125,1699.7093524692102,1687.054466643474,1698.9184221051016,22082
2014-12-30,1710.7823486328125,1710.7823486328125,1696.5456023196407,1699.7093237225677,32874
2014-12-31,1744.0015869140625,1745.5834477638712,1699.7094831194197,1702.0822743941326,44189
2015-01-02,1744.0015869140625,1766.147638811384,1720.2736741669323,1730.5557696906887,58509
2015-01-05,1807.275634765625,1813.6030768129444,1762.1926101784738,1766.1472614580484,73741
2015-01-06,1840.4952392578125,1859.4775709046487,1789.8756881995832,1802.5305759641406,124386
2015-01-07,1795.412353515625,1822.303992290749,1789.0849090979489,1811.2309645598157,76552
2015-01-08,1731.3463134765625,1766.1472444007145,1728.182592483458,1765.3563141524385,100083
2015-01-09,1760.611083984375,1772.475040075914,1723.4373548975532,1724.2282853036556,81586
2015-01-12,1789.084716796875,1800.157743337616,1755.074706707456,1758.2384285762391,78041
2015-01-13,1797.7847900390625,1824.6764235020314,1738.4650103413373,1761.4019918244578,132553
2015-01-14,1818.3492431640625,1860.2685602096021,1815.18552112289,1842.8680889831517,155435
2015-01-15,1853.9407958984375,1855.5226566457911,1798.5756697410611,1806.484973477829,113596
2015-01-16,1807.275634765625,1861.8498224237555,1800.9481927183056,1857.895171144181,119815
2015-01-20,1796.2032470703125,1831.004190650715,1785.1302195674573,1791.457663854803,83437
2015-01-21,1778.011474609375,1816.7670628014832,1767.7293797828972,1806.4849679750055,84547
2015-01-22,1724.228271484375,1791.4573554642704,1722.646410684848,1760.611069873495,120182
2015-01-23,1746.374267578125,1747.165197952934,1725.019147458284,1732.1375208315642,65199
2015-01-26,1735.3011474609375,1763.7746393973978,1733.7192867978008,1748.7469630975993,60966
2015-01-27,1781.1749267578125,1798.5753922945228,1759.02887971109,1777.2202754994692,107448
2015-01-28,1830.213134765625,1831.7949957291216,1755.074738999534,1757.447530444779,104482
2015-01-29,1793.039306640625,1854.7318809317449,1788.2937240028466,1824.6765242258148,130411
2015-01-30,1841.28564453125,1845.2402958296418,1790.6661079118342,1819.1395972602554,134110
2015-02-02,1794.6207275390625,1868.1772403910381,1791.4570065561818,1827.8397978593096,139701
2015-02-03,1742.419677734375,1782.7571282856475,1741.6287473314087,1774.05689385302,122844
2015-02-04,1756.6563720703125,1764.5656758617142,1732.1375303169673,1758.2382328285928,116990
2015-02-05,1719.48291015625,1742.419894698353,1716.3191881504429,1740.8380336954492,94130
2015-02-06,1728.183349609375,1739.2563779363916,1700.5007787918335,1713.1556683084239,111561
2015-02-09,1744.0015869140625,1751.9108911631058,1727.3920479910714,1742.4197260642538,79435
2015-02-10,1706.036865234375,1741.6287330765388,1702.0822132519124,1722.6464035607182,85508
2015-02-11,1706.036865234375,1723.4373339572107,1696.5457004764648,1712.3643084063153,80497
2015-02-12,1672.0267333984375,1692.590922172496,1671.235803060974,1689.4272008226408,77080
2015-02-13,1657.7900390625,1675.190507029759,1657.7900390625,1670.44492485687,74955
2015-02-17,1652.2535400390625,1668.863077780001,1649.8807489332141,1662.535634831072,51772
2015-02-18,1653.044677734375,1665.699565219423,1651.4628167987441,1660.95398241253,41754
2015-02-19,1654.6260986328125,1667.2809827523752,1648.2986565730314,1666.4900524949026,40091
2015-02-20,1634.85302734375,1675.1904750430879,1634.0620969967042,1662.5355894903544,87971
2015-02-23,1635.64404296875,1646.7170684047085,1635.64404296875,1639.5986949101637,32526
2015-02-24,1625.362060546875,1642.7625302948222,1622.198338774521,1637.2260171932026,40283
2015-02-25,1628.525634765625,1635.6440081084568,1619.8254006799418,1628.525634765625,42738
2015-02-26,1632.480224609375,1644.3441797300825,1627.734642561092,1630.1074335852334,44025
2015-02-27,1644.3446044921875,1644.3446044921875,1630.1078546697443,1634.853437943892,42072
2015-03-02,1622.9892578125,1643.553449188292,1622.1983273749695,1643.553449188292,42131
2015-03-03,1636.43505859375,1652.2536671833464,1629.3166847284317,1630.8985455873913,51650
2015-03-04,1649.880859375,1668.0722590708892,1645.9262072671982,1648.2989985318793,70748
2015-03-05,1645.92626953125,1656.2083654004985,1641.180686822366,1643.553478176808,51960
2015-03-06,1692.5911865234375,1698.9186302113756,1654.626524395809,1662.5358290057316,110516
2015-03-09,1678.3543701171875,1691.0092569795227,1672.02692668602,1690.2183265506267,74340
2015-03-10,1732.9283447265625,1732.9283447265625,1704.4548529829951,1706.8276439616257,121355
2015-03-11,1740.837890625,1743.210681934348,1724.228351459564,1728.97393407826,71973
2015-03-12,1696.5457763671875,1728.9739240739727,1695.7548459353145,1728.1829936421,73773
2015-03-13,1717.110107421875,1738.46523082141,1699.7096365037353,1702.0824279925725,100323
2015-03-16,1668.86328125,1703.6642217120855,1668.86328125,1703.6642217120855,75478
2015-03-17,1680.7266845703125,1697.3362188648896,1674.3992429342832,1687.0541262063418,65760
2015-03-18,1641.180419921875,1703.6639154273344,1627.7346044333583,1690.2180999388177,141962
2015-03-19,1655.4169921875,1663.3262945868669,1643.5530385884497,1648.2986200280698,67919
2015-03-20,1626.1531982421875,1638.8080869444614,1617.4529622593743,1637.2262258566773,76448
2015-03-23,1632.480224609375,1632.480224609375,1615.8706874403842,1626.1527818783309,55067
2015-03-24,1652.2535400390625,1653.0444704076788,1626.1528378747307,1635.6440022981242,74753
2015-03-25,1699.7091064453125,1700.500036694938,1643.5530587218982,1646.7167797204004,103420
2015-03-26,1707.6187744140625,1726.6011044677623,1689.4273747792672,1713.1552873463916,130534
2015-03-27,1699.7091064453125,1713.9458509385724,1695.7544551971848,1709.9911996904448,58346
2015-03-30,1657.7900390625,1679.9360892026477,1653.0444568896112,1679.1451588404998,93399
2015-03-31,1687.0545654296875,1687.8454958401094,1660.9538618857684,1674.3996788629388,77677
2015-04-01,1699.7091064453125,1718.6914324363258,1688.6360829505547,1688.6360829505547,109952
2015-04-02,1687.84521484375,1704.4547506974138,1679.1449817775451,1701.2910295824304,75017
2015-04-06,1663.3267822265625,1707.6188886481923,1654.6265470365995,1706.0370277045627,92762
2015-04-07,1673.6087646484375,1673.6087646484375,1649.8808521061628,1664.9085300496033,62045
2015-04-08,1661.7447509765625,1676.7724284009103,1653.0445166782558,1668.8631244933588,74921
2015-04-09,1648.298828125,1674.3995293381117,1643.5532460862523,1664.9083652606166,69996
2015-04-10,1630.107421875,1646.7169589246726,1628.5255612036026,1643.5532375818777,70454
2015-04-13,1643.5533447265625,1645.1352055010827,1619.8254331087585,1632.4803193049206,61469
2015-04-14,1638.807861328125,1659.372052638227,1634.0622787181014,1648.2990265481722,59173
2015-04-15,1622.1982421875,1630.8984765434543,1613.4980078315457,1627.734754959471,67121
2015-04-16,1624.571044921875,1633.271279339665,1614.2889497008505,1629.3166273315785,55629
2015-04-17,1660.9541015625,1675.9817815290178,1641.9717689732142,1645.1354910714285,114467
2015-04-20,1631.689453125,1645.1352702375182,1624.571079359549,1643.5534094007512,86361
2015-04-21,1634.06201171875,1640.389454164902,1615.870614686063,1618.2434056033699,56589
2015-04-22,1619.03466796875,1645.9263038802974,1615.8709460968032,1627.7349031166036,72832
2015-04-23,1610.3343505859375,1628.5257504206509,1598.4703941719938,1626.9438895654584,76744
2015-04-24,1604.0069580078125,1611.9162625344784,1598.4704448391465,1604.0069580078125,60139
2015-04-27,1615.8709716796875,1619.825624082232,1590.5611963034025,1592.9339877449293,86792
2015-04-28,1605.588623046875,1638.0167676502847,1604.7976926906942,1616.661648033405,86883
2015-04-29,1619.03466796875,1634.0623468604972,1607.9616414169363,1622.9893203086835,90858
2015-04-30,1652.2535400390625,1664.9084259369204,1622.9891164002663,1630.1074897178114,110165
2015-05-01,1617.45263671875,1638.8077571057458,1615.870775949343,1637.2258963363388,81334
2015-05-04,1605.588623046875,1610.3342051839593,1596.0974587727062,1608.752344471598,59703
2015-05-05,1643.5533447265625,1645.926135888343,1604.797755750816,1611.916129236157,86899
2015-05-06,1656.2083740234375,1677.5634963245993,1627.7348776218885,1633.2713908110784,101404
2015-05-07,1644.3446044921875,1664.908798680161,1636.4352990352745,1659.372284860322,81851
2015-05-08,1600.843017578125,1614.2888334372296,1596.8883658548589,1613.4979030925765,122138
2015-05-11,1615.0797119140625,1617.4525028718208,1596.0973842519973,1602.424826806019,71486
2015-05-12,1626.1531982421875,1645.9264618394905,1615.080170627698,1631.6897120494325,90353
2015-05-13,1623.77978515625,1629.3162968445567,1605.5883896089563,1617.4523432267565,57408
2015-05-14,1591.35205078125,1611.1253118496054,1589.7701898957814,1605.588798750466,112237
2015-05-15,1587.397705078125,1596.0979416281298,1585.0249132917602,1588.18863567358,66957
2015-05-18,1577.1153564453125,1591.3521048986804,1573.1607040971546,1589.7702439594173,77469
2015-05-19,1579.48828125,1583.4429339321482,1570.788045349274,1573.9517674949925,89471
2015-05-20,1581.860595703125,1586.6061774902344,1567.623850341797,1577.1150139160156,62655
2015-05-21,1571.5787353515625,1586.6064132437014,1567.624083274684,1584.2336219975741,61189
2015-05-22,1578.697021484375,1580.2788822273453,1570.7877177695234,1578.697021484375,45516
2015-05-26,1611.1253662109375,1619.8256013745704,1585.8155911894598,1588.1883825977234,119770
2015-05-27,1581.860595703125,1610.3340864257814,1577.1150139160156,1604.006644042969,101983
2015-05-28,1585.0244140625,1598.4702299502558,1583.442553369823,1588.1881354478542,80422
2015-05-29,1604.797607421875,1610.3341196209649,1585.8152798821386,1587.39714051045,78328
2015-06-01,1599.260986328125,1613.4977310135387,1586.606102163313,1592.9335442457188,78370
2015-06-02,1601.634033203125,1618.2435713252316,1589.7700774016205,1607.170545910494,77964
2015-06-03,1593.7249755859375,1602.4252111846695,1581.8610179513025,1592.9340450769616,75300
2015-06-04,1619.8255615234375,1626.1530051231384,1596.097648024559,1606.379743874073,94116
2015-06-05,1625.362060546875,1638.0169476362912,1613.4981039005474,1623.7801996606981,76481
2015-06-08,1646.71728515625,1647.50821564864,1625.3621618617165,1628.525883831277,66714
2015-06-09,1645.92626953125,1658.5811567549406,1636.435104113482,1646.7171999827306,71377
2015-06-10,1606.3797607421875,1633.2713963232973,1600.052317076044,1632.4804658650294,99654
2015-06-11,1596.888427734375,1603.2158707367896,1589.7700543566586,1599.2612188602805,57867
2015-06-12,1620.6163330078125,1626.1528456144765,1608.7523774221038,1610.334238166865,79496
2015-06-15,1635.64404296875,1654.6263722875362,1629.316599862488,1642.7624164632948,89738
2015-06-16,1617.45263671875,1640.389617875153,1615.870775949343,1638.0168267210422,72174
2015-06-17,1611.1253662109375,1630.8986279464668,1600.843270108462,1611.1253662109375,82916
2015-06-18,1579.48828125,1603.2161973428895,1569.9971148128443,1600.8434057336005,138008
2015-06-19,1596.888427734375,1598.4702884849787,1581.0698202283386,1582.6516809789423,72465
2015-06-22,1575.533447265625,1579.4880994926973,1565.2513514752368,1573.9515863747959,88036
2015-06-23,1573.9515380859375,1581.069911876276,1567.6240947167478,1572.36967724364,73076
2015-06-24,1595.3065185546875,1596.0974489059788,1571.5786080159464,1578.696981177569,67966
2015-06-25,1606.3797607421875,1607.1706912004554,1584.233707910685,1586.6064992854888,73366
2015-06-26,1607.170654296875,1615.870889138049,1595.3066976952741,1599.2613498958078,84642
2015-06-29,1670.4449462890625,1675.1905285228383,1621.4072632067132,1634.8530795357444,186692
2015-06-30,1665.69921875,1675.9813126929012,1643.5531702575972,1643.5531702575972,170579
2015-07-01,1639.5985107421875,1654.6261864315757,1631.6892077477728,1636.4347895444216,108820
2015-07-02,1642.7625732421875,1651.4628083436146,1627.7348944306318,1631.6895467494621,83126
2015-07-06,1653.8355712890625,1672.026971642792,1638.8078927359816,1669.6541802923055,101582
2015-07-07,1632.480224609375,1694.9637215784353,1629.3165032438528,1649.0897617783658,180997
2015-07-08,1687.84521484375,1691.0089359587337,1651.4624220214387,1656.9989339726599,155625
2015-07-09,1680.7266845703125,1681.5176147748161,1640.389244140625,1645.9257555721508,112749
2015-07-10,1638.0166015625,1654.6261373581603,1630.1072988026617,1641.1803226664354,117335
2015-07-13,1601.634033203125,1615.8707801649307,1600.052172429591,1614.2889193913968,83887
2015-07-14,1588.1881103515625,1603.2157866945304,1582.6515980146796,1602.42485636069,78151
2015-07-15,1589.7698974609375,1597.67920043338,1578.6968732995178,1587.3971065692047,72495
2015-07-16,1564.4603271484375,1574.7424223218095,1563.6693967504857,1569.9968399340992,93588
2015-07-17,1561.296875,1570.7880414133738,1559.7150139311043,1563.6696666033436,74497
2015-07-20,1559.714599609375,1565.2511118797936,1551.014366041574,1557.3418086363383,54304
2015-07-21,1570.787841796875,1577.1152852683629,1557.342024419963,1562.087607023579,74259
2015-07-22,1577.90625,1585.8155545112782,1571.5788063909774,1585.8155545112782,77965
2015-07-23,1594.515380859375,1601.6337530953545,1573.1602641514369,1575.5330548967634,78807
2015-07-24,1627.734619140625,1634.0620617806273,1592.1427542906113,1593.7246149506118,107788
2015-07-27,1647.5078125,1655.4171154884782,1634.852927718435,1644.3440913046086,141684
2015-07-28,1607.96142578125,1647.5079438771982,1604.0067739716553,1630.8984062769,113699
2015-07-29,1585.0244140625,1607.17046375998,1580.2788319844685,1604.0067423746257,88375
2015-07-30,1584.233642578125,1604.79783364504,1581.0699208755225,1592.9338772602814,73148
2015-07-31,1589.7698974609375,1593.7245489471586,1574.7422218132967,1576.3240824077852,77386
2015-08-03,1599.260986328125,1616.6614520547416,1588.1879626839145,1588.9788929442152,98998
2015-08-04,1605.588623046875,1614.288856964863,1592.1428069918027,1600.05211055361,61314
2015-08-05,1593.7249755859375,1600.0524196577426,1575.5335738794975,1588.1884620231078,76785
2015-08-06,1618.24365234375,1631.689469591963,1589.770156994593,1592.1429482736894,98865
2015-08-07,1626.944091796875,1643.553632840985,1620.616647589595,1624.571300219145,84975
2015-08-10,1586.6063232421875,1606.3795825049267,1584.233532130659,1606.3795825049267,78814
2015-08-11,1614.288818359375,1627.7346340928925,1602.4248633003888,1610.3341666730462,82318
2015-08-12,1611.1253662109375,1665.6995686009986,1607.1707138638317,1639.5988631100997,130738
2015-08-13,1615.8709716796875,1624.5712069652855,1600.8432925500183,1612.7072497576519,67692
2015-08-14,1602.4248046875,1621.4071320875494,1601.6338743791646,1618.2434108542077,57711
2015-08-17,1585.0244140625,1622.198140340413,1585.0244140625,1613.4979065306886,65133
2015-08-18,1594.515380859375,1598.4700321015857,1583.442357381185,1590.5607296171643,56347
2015-08-19,1619.8255615234375,1634.0623096227646,1594.5157871246338,1607.9616047739983,141661
2015-08-20,1689.4271240234375,1689.4271240234375,1637.225724123837,1647.5078180434552,164680
2015-08-21,1793.039306640625,1793.8302370802548,1704.455097402094,1723.4374279532078,359179
2015-08-24,1940.94384765625,2024.7824979625102,1824.677040156059,1977.3266581665139,444486
2015-08-25,1986.027099609375,1993.9364070550516,1818.3497817610328,1820.7225739947357,312786
2015-08-26,1831.0037841796875,1963.8800847162697,1827.0491323780036,1884.7870486825898,376559
2015-08-27,1741.62841796875,1819.1395828011466,1740.0465574619664,1783.5477213985155,281283
2015-08-28,1740.837890625,1765.3567341549297,1732.1376558240572,1756.6564993539869,122924
2015-08-31,1772.4749755859375,1781.9661401138408,1744.7924123795528,1762.983811058034,138559
2015-09-01,1877.6683349609375,1895.0687997331113,1822.3032197767482,1852.3585680195938,209397
2015-09-02,1806.484619140625,1864.2225250938936,1804.9027587035491,1819.9304328557698,148104
2015-09-03,1801.739501953125,1814.3943887096,1756.6564678831828,1789.08461519665,157858
2015-09-04,1856.3135986328125,1875.295927719812,1834.1675480313133,1851.5680163610627,164459
2015-09-08,1763.774658203125,1807.2758269032022,1760.6109368431196,1792.2481504431755,134921
2015-09-09,1809.648681640625,1819.1398460548241,1727.391923384233,1730.5556448556326,159878
2015-09-10,1789.87548828125,1820.721773762014,1766.1475763729702,1815.976191380358,168538
2015-09-11,1774.847900390625,1815.1853526722302,1774.056969953731,1802.5304656819226,84274
2015-09-14,1789.084716796875,1798.5758824032243,1770.1023855841759,1770.8933160513718,66541
2015-09-15,1743.2105712890625,1786.7117425326644,1733.7194066540949,1776.4296475114493,111096
2015-09-16,1713.1551513671875,1743.2105048999451,1708.4095692304363,1738.464922763194,90765
2015-09-17,1719.48291015625,1728.18314567222,1666.4905665589783,1716.3191881504429,232466
2015-09-18,1778.8026123046875,1785.1300560123075,1740.0470195955145,1771.6842381336148,177051
2015-09-21,1757.4473876953125,1780.384369802947,1736.8831968401919,1758.238318112817,144279
2015-09-22,1803.3206787109375,1827.8395125004283,1793.8295172440378,1804.1116088331792,151296
2015-09-23,1808.8582763671875,1822.3040965238304,1789.8759420283977,1801.7399009901415,104915
2015-09-24,1820.721923828125,1866.5958906317876,1812.0216887446718,1837.3314635328993,190452
2015-09-25,1823.88525390625,1842.8675809200186,1782.7568787097518,1788.2933907554343,185763
2015-09-28,1915.6334228515625,1921.9608660319145,1841.2859654824267,1843.6587566750588,212354
2015-09-29,1914.8426513671875,1936.9887043363246,1879.250780523931,1907.7242771985361,211949
2015-09-30,1841.28564453125,1885.5777390732387,1837.330993232858,1866.5954128409578,240712
2015-10-01,1831.7945556640625,1876.0866520013628,1824.676183038425,1833.3764162475375,212312
2015-10-02,1777.2205810546875,1888.74176571366,1777.2205810546875,1876.8778098988757,315465
2015-10-05,1712.364501953125,1752.701956733545,1708.409849523672,1749.5382347899827,170045
2015-10-06,1724.228271484375,1739.255949079881,1704.4550114902881,1716.3189674867403,143082
2015-10-07,1695.7550048828125,1730.5559471471986,1689.4275608347423,1706.0371014609266,164320
2015-10-08,1667.2811279296875,1710.782295878517,1660.9536853189486,1704.4548532677782,196444
2015-10-09,1663.3267822265625,1676.7726002474144,1654.6265470365995,1663.3267822265625,128635
2015-10-12,1660.9541015625,1671.2361983816963,1656.2085184151786,1663.3268931361606,66255
2015-10-13,1681.5181884765625,1685.4728408483325,1649.8809695024033,1676.7726056304386,127007
2015-10-14,1698.1275634765625,1703.6640762592062,1671.2359299608647,1683.8908163211931,121409
2015-10-15,1646.71728515625,1691.8003232224873,1645.92635466386,1684.6819487909763,128276
2015-10-16,1632.480224609375,1652.2534831438877,1630.1074335852334,1638.0167369990386,114642
2015-10-19,1629.3165283203125,1649.0897871591512,1628.525597966759,1642.762344330723,77912
2015-10-20,1633.2711181640625,1642.762282046856,1621.4071633105705,1637.225769781893,86300
2015-10-21,1654.6260986328125,1656.9988894052306,1622.1979580764335,1622.988888333906,118062
2015-10-22,1597.6793212890625,1637.2258391427522,1592.9337391466197,1634.8530480715308,169134
2015-10-23,1561.296875,1581.0701383611956,1554.9694307244174,1566.042458206687,149557
2015-10-26,1569.996826171875,1576.3242693000236,1563.6693830437264,1563.6693830437264,69133
2015-10-27,1575.533447265625,1587.397403946842,1569.206003702309,1581.8608908289407,82547
2015-10-28,1539.150634765625,1581.8608784847122,1539.150634765625,1569.2059914568345,197182
2015-10-29,1539.9412841796875,1550.2233780134502,1535.1957024102585,1547.8505871287357,73818
2015-10-30,1555.7601318359375,1555.7601318359375,1532.0322193015816,1537.5687322262645,96365
2015-11-02,1518.5865478515625,1551.0146980921427,1513.8409648895263,1549.4328371047973,111236
2015-11-03,1509.09521484375,1527.2866141841098,1498.8131195644164,1523.3319621535968,108115
2015-11-04,1517.0042724609375,1526.4954357922886,1501.9765971862985,1504.349388019136,86387
2015-11-05,1521.7503662109375,1535.9871159987738,1508.30454696687,1517.0047829483256,80807
2015-11-06,1522.541015625,1545.4779971590908,1517.7954332386364,1526.4956676136362,107570
2015-11-09,1551.014404296875,1566.8330111739467,1530.450215356682,1533.6139367320964,115677
2015-11-10,1545.4781494140625,1564.4604808295885,1543.1053579871218,1559.714897975707,91227
2015-11-11,1557.341796875,1557.341796875,1537.5685389156934,1538.3594692340655,73493
2015-11-12,1598.470458984375,1600.0523199037063,1566.0423101380813,1573.9516147347383,162338
2015-11-13,1634.85302734375,1636.4348880378418,1601.633952767825,1605.588604503054,173618
2015-11-16,1585.8153076171875,1640.3895002484023,1585.0243772891988,1638.0167092644365,130167
2015-11-17,1589.7698974609375,1596.8882701361356,1563.6691976518773,1579.4878035967622,138851
2015-11-18,1536.777587890625,1579.4878245072455,1534.4047969674793,1579.4878245072455,139611
2015-11-19,1539.9412841796875,1544.6868659491163,1532.0319812306393,1539.1503538847826,74962
2015-11-20,1527.286376953125,1535.1956797856114,1516.213352987644,1526.4954466698764,86461
2015-11-23,1532.8231201171875,1540.73242414256,1518.586372871517,1528.077537701964,49574
2015-11-24,1526.4957275390625,1556.551083832578,1520.9592145376255,1550.223640402364,74078
2015-11-25,1528.8685302734375,1532.8231824469333,1521.7501563611452,1526.49573896934,45393
2015-11-27,1524.1224365234375,1535.1954588956887,1520.9587158456516,1526.4952270317772,26287
2015-11-30,1536.777587890625,1539.1503788137707,1519.3771211208907,1522.5408423517515,62357
2015-12-01,1506.722412109375,1531.2412545111547,1505.9314817093175,1526.4956721108103,71309
2015-12-02,1539.150634765625,1543.1052869618368,1502.7678345604766,1508.304347635173,105286
2015-12-03,1581.860595703125,1594.5154804687502,1529.659196044922,1532.8229172363283,135693
2015-12-04,1519.377197265625,1577.1151126224133,1513.8406848341522,1575.533251927707,146260
2015-12-07,1537.5687255859375,1554.9691947026508,1524.9138389556006,1525.7047693699967,100819
2015-12-08,1557.341796875,1575.5331941975624,1542.314120825927,1565.2511000587228,117280
2015-12-09,1583.442626953125,1600.8430953811815,1532.823082435143,1568.4149496743491,181570
2015-12-10,1574.7421875,1585.8152114201405,1550.2233488196885,1581.8605600200904,95995
2015-12-11,1635.64404296875,1641.1805556867291,1601.6340362725912,1612.7070617085499,192982
2015-12-14,1617.45263671875,1667.2812509550733,1617.45263671875,1632.4803140281174,203572
2015-12-15,1585.0244140625,1593.7246478722243,1567.6239464430514,1589.7699961405315,114732
2015-12-16,1538.359619140625,1588.188234053663,1533.6140367679548,1565.2512525857567,191567
2015-12-17,1585.0244140625,1586.606274755177,1531.241150511477,1532.0320808578156,130227
2015-12-18,1641.971435546875,1642.7623659108185,1597.6793351660344,1600.0521262578652,171634
2015-12-21,1615.0797119140625,1641.1804124494024,1611.9159906370517,1619.8252938295789,101153
2015-12-22,1585.0244140625,1617.4525582623814,1580.2788319844685,1599.2611602965942,80311
2015-12-23,1547.85107421875,1569.2061989013796,1546.2692131311478,1566.8334072699763,79373
2015-12-24,1554.1781005859375,1555.7599612481115,1542.3141456196327,1551.8053095926764,27089
2015-12-28,1558.923583984375,1577.905910729999,1558.1326537033074,1564.4600959518486,80353
2015-12-29,1526.4957275390625,1539.9415448282668,1520.1682841088489,1539.15061439949,89825
2015-12-30,1545.4781494140625,1549.4328017922971,1529.6595399011244,1529.6595399011244,42240
2015-12-31,1576.3245849609375,1577.9064460597442,1547.8510851824158,1559.7150434234666,79088
2016-01-04,1621.4073486328125,1659.3720085032394,1621.4073486328125,1631.6894440143865,161107
2016-01-05,1616.6617431640625,1638.0168640375605,1607.961508734119,1616.6617431640625,113785
2016-01-06,1657.7900390625,1677.5632981162034,1638.0167800087963,1663.326551597537,149573
2016-01-07,1737.674072265625,1744.792445797892,1681.518014399963,1717.9008124537722,288642
2016-01-08,1776.429931640625,1781.175514717136,1704.4552549802079,1718.6920042097408,259065
2016-01-11,1773.2659912109375,1813.6034423937017,1747.956217919791,1755.074591657926,236993
2016-01-12,1744.0015869140625,1789.875551558514,1726.6011175661672,1739.2560043646365,184354
2016-01-13,1831.0037841796875,1838.1221574227188,1721.0644640928726,1728.9737676962407,233957
2016-01-14,1770.1024169921875,1852.359187040082,1744.0017111116058,1815.9763849035132,231065
2016-01-15,1845.240478515625,1887.9507167667366,1827.8400110799867,1865.8046673031972,249236
2016-01-19,1842.867919921875,1877.6688591822021,1800.9486067219352,1803.3213980351395,218044
2016-01-20,1885.5780029296875,1979.6987170021007,1852.3589273747182,1901.3966103368157,350796
2016-01-21,1866.595703125,1908.5150134070445,1823.8854624602754,1877.6687284825211,262641
2016-01-22,1792.2484130859375,1823.8856313222295,1785.9209694386793,1806.485161292269,203648
2016-01-25,1844.4498291015625,1849.1954118522526,1797.7849320531095,1802.5305148037996,122030
2016-01-26,1793.039306640625,1837.3314112598905,1788.2937240028466,1831.0039677428526,123813
2016-01-27,1832.58544921875,1853.940566667566,1768.5200968723025,1806.4847501146417,168594
2016-01-28,1813.6031494140625,1852.3587335053355,1793.8298922246374,1799.3664042376765,130766
2016-01-29,1728.9736328125,1799.3664293908682,1724.2280510207,1796.2027081963347,194353
2016-02-01,1726.60107421875,1759.0292208256985,1709.991535712752,1747.1652647499857,118213
2016-02-02,1786.712158203125,1800.157977897438,1757.4477271037379,1758.2386576739916,157673
2016-02-03,1769.3111572265625,1847.6132602955968,1759.029062884164,1767.7292965585011,229274
2016-02-04,1762.193115234375,1793.0394040558024,1740.8379922041559,1778.8026553689897,147788
2016-02-05,1831.0037841796875,1843.6586699450763,1772.4749375147644,1774.056798235438,169548
2016-02-08,1879.25048828125,1929.8700300531355,1865.0137421579072,1872.1321152195785,216139
2016-02-09,1878.4595947265625,1924.3335553556744,1848.4042412109375,1921.169833932977,224557
2016-02-10,1882.4141845703125,1885.577905888918,1819.9306885278525,1860.2681353400735,224558
2016-02-11,1930.6614990234375,1966.2533742614771,1906.1426516372323,1942.5254574361174,261443
2016-02-12,1851.56787109375,1908.5148538868941,1850.7769407771787,1887.159735339465,140541
2016-02-16,1791.4571533203125,1831.794599156664,1789.0843623887624,1808.066689841163,118962
2016-02-17,1731.3463134765625,1766.1472444007145,1722.6460807455246,1762.1925931593337,162080
2016-02-18,1744.7928466796875,1751.1202912732674,1723.437721176355,1725.01958232475,126493
2016-02-19,1746.374267578125,1774.8477610712466,1743.2105460788894,1762.9838054491127,114058
2016-02-22,1695.7550048828125,1713.9464065210143,1692.5912828587773,1709.9917539909704,107382
2016-02-23,1736.092529296875,1740.8381125204655,1703.6643772690063,1709.9918215671269,126457
2016-02-24,1722.646240234375,1793.0390388481765,1716.318797662348,1771.683920167585,216204
2016-02-25,1683.1002197265625,1728.974191880764,1680.7274280634142,1714.7374419018738,120754
2016-02-26,1687.0545654296875,1691.8001478922183,1660.9538618857684,1660.9538618857684,160832
2016-02-29,1718.6920166015625,1718.6920166015625,1668.8633939389308,1687.8457263818382,119210
2016-03-01,1631.689453125,1698.9185386875909,1631.689453125,1691.0092345037565,181492
2016-03-02,1620.6163330078125,1648.2988960411328,1618.2435418906707,1641.1805226897075,108103
2016-03-03,1608.7523193359375,1634.0620903382728,1606.3795283044685,1622.9890655247511,115579
2016-03-04,1598.470458984375,1619.034650935683,1581.8609193313953,1604.7979026617006,144787
2016-03-07,1594.515380859375,1615.0795673188709,1585.8151481265113,1613.4977068219866,130574
2016-03-08,1626.944091796875,1631.689674952335,1604.007106545485,1614.289203382315,140613
2016-03-09,1611.1253662109375,1627.7349060687823,1605.5888529249892,1613.498157619201,91336
2016-03-10,1611.916015625,1645.135089548577,1585.0243843535327,1602.4248516468351,221163
2016-03-11,1557.341796875,1583.442497381285,1556.5508665566279,1581.8606367445404,185001
2016-03-14,1561.296875,1572.3699024822695,1552.596639121074,1566.8333887411347,62903
2016-03-15,1566.0421142578125,1584.2335125547468,1566.0421142578125,1578.6970000295928,84571
2016-03-16,1547.0596923828125,1575.5331836536618,1541.5231801912585,1575.5331836536618,149118
2016-03-17,1528.8685302734375,1557.3420259226066,1519.3773650570479,1550.2236520103143,126610
2016-03-18,1516.21337890625,1525.7045424674784,1510.6768668288667,1519.3771000933261,127399
2016-03-21,1512.2589111328125,1524.9137974184428,1508.304259168553,1521.750075847035,77460
2016-03-22,1513.0498046875,1528.8684121594029,1503.5586402043584,1525.704690665022,115555
2016-03-23,1532.8231201171875,1536.7777721298737,1517.0045120664424,1520.1682336765914,111847
2016-03-24,1535.196044921875,1556.5511676487636,1534.4051144505088,1552.5965152919323,111037
2016-03-28,1533.6138916015625,1541.5231948073467,1524.1227277546213,1529.6592399986705,59881
2016-03-29,1503.558837890625,1546.2690836802587,1503.558837890625,1541.523500814744,115684
2016-03-30,1491.6944580078125,1498.0219000354173,1479.8305042060535,1487.7398067405595,113943
2016-03-31,1498.81298828125,1501.9767096285454,1486.158102892068,1493.2764759234828,80015
2016-04-01,1477.457763671875,1520.9589290904794,1475.8759031111986,1516.2133474084499,136669
2016-04-04,1488.531005859375,1493.2765882372476,1476.6670499146935,1480.621701896254,71720
2016-04-05,1517.79541015625,1522.5409924704436,1502.7677328279703,1511.4679670706585,126896
2016-04-06,1484.5760498046875,1520.9588405830655,1483.785119570375,1517.0041894115027,106398
2016-04-07,1520.959228515625,1532.8231850563084,1497.231315434258,1503.5587589226225,122300
2016-04-08,1511.4681396484375,1521.750235836522,1491.6948777482748,1498.8132520323334,114914
2016-04-11,1520.959228515625,1520.959228515625,1488.5310806377568,1501.9768980505314,111423
2016-04-12,1490.903564453125,1524.122635915741,1485.367052542689,1516.2133331865468,139114
2016-04-13,1460.8485107421875,1478.2489802799937,1459.2666498751141,1475.0852585458472,159348
2016-04-14,1460.0574951171875,1466.3849382162869,1452.1481912433132,1460.0574951171875,96614
2016-04-15,1464.01220703125,1469.5487199697798,1458.47569409272,1460.84848535209,72375
2016-04-18,1443.447998046875,1475.085214442423,1442.6570676369863,1473.5033536226456,119934
2016-04-19,1435.538818359375,1447.4027755358989,1430.0023050103307,1437.1206793162448,119789
2016-04-20,1432.3748779296875,1441.0751118652074,1419.719992205295,1433.9567386452366,97500
2016-04-21,1446.6114501953125,1451.3570317705842,1429.2109844193162,1430.7928449444069,97184
2016-04-22,1445.8206787109375,1461.6392856990221,1441.8660269639163,1452.9390518555756,96013
2016-04-25,1451.3572998046875,1466.3849775683327,1451.3572998046875,1456.102882256365,71329
2016-04-26,1446.6114501953125,1455.3116830833105,1438.7021475698596,1445.8205199327672,57337
2016-04-27,1441.0751953125,1459.2665945947106,1434.747752083905,1454.5210121732644,94684
2016-04-28,1467.1759033203125,1474.2942769752358,1435.5386870762088,1452.939156010466,118246
2016-04-29,1480.621826171875,1501.9769486647385,1471.92159108219,1478.249034783779,192176
2016-05-02,1460.0574951171875,1482.2035459640354,1456.8937735676377,1475.0851724775484,90572
2016-05-03,1484.5760498046875,1498.0218637880012,1476.6667474615617,1480.6213986331247,109672
2016-05-04,1501.18603515625,1510.677200815826,1489.32207808178,1502.7678960995127,124368
2016-05-05,1501.9765625,1509.8858650934703,1487.7398178317535,1494.0672599065297,77097
2016-05-06,1491.6944580078125,1518.5860866251326,1490.903527754362,1516.2132958647808,104322
2016-05-09,1490.11279296875,1497.2311661835688,1481.412559039527,1493.2765143975585,72208
2016-05-10,1452.1483154296875,1478.2490204455805,1451.3573849746606,1477.4580899905536,106323
2016-05-11,1477.457763671875,1479.0396242325514,1453.7298552617272,1460.057297504433,84679
2016-05-12,1477.457763671875,1495.649160119655,1464.8028791864629,1467.966600307816,120887
2016-05-13,1504.349853515625,1509.0954366497435,1474.2944936662066,1483.7856599344439,110322
2016-05-16,1475.0853271484375,1501.9769631393474,1466.385091974908,1501.1860326690264,98912
2016-05-17,1501.18603515625,1510.677200815826,1474.294399120785,1479.039981950573,122026
2016-05-18,1499.60400390625,1520.1681938332345,1480.6216747428798,1508.304238106128,197662
2016-05-19,1512.2589111328125,1532.8231013469617,1506.7223983828492,1513.8407719185163,151637
2016-05-20,1492.485595703125,1501.9767600637172,1482.9944313425328,1501.1858297003346,103189
2016-05-23,1496.4403076171875,1499.6040291977733,1486.9491428754293,1491.6947252463085,76791
2016-05-24,1457.684814453125,1482.9945887681006,1452.1483013217241,1482.9945887681006,154455
2016-05-25,1437.9114990234375,1447.4026640334932,1430.7931252658957,1445.8208031984839,173819
2016-05-26,1434.7479248046875,1441.8662992937955,1431.5842028095283,1434.7479248046875,74684
2016-05-27,1424.4656982421875,1434.7477937875226,1424.4656982421875,1433.9568633609583,90490
2016-05-31,1429.21142578125,1438.7025918628078,1418.1383986860992,1420.5111902064887,86683
2016-06-01,1422.884033203125,1442.6572965883825,1420.511241596894,1439.4935744467411,113603
2016-06-02,1416.556396484375,1437.9115180394158,1414.974535628446,1430.002213759771,81482
2016-06-03,1423.6746826171875,1442.6570117187498,1418.138169962565,1424.4656129964192,120568
2016-06-06,1409.4378662109375,1420.5108909735375,1403.110423489452,1417.3471696127947,97919
2016-06-07,1404.6925048828125,1407.0652962761956,1395.992269773741,1406.2743658117347,99722
2016-06-08,1395.991943359375,1404.692176434136,1393.6191525208037,1403.1103158750884,85271
2016-06-09,1399.1558837890625,1411.0198398415419,1397.5740229820653,1407.0651878240487,90267
2016-06-10,1425.256591796875,1434.7477566701061,1414.9744965175412,1420.5110093602595,143489
2016-06-13,1448.1934814453125,1449.7753421568857,1422.092779704354,1436.3295261085132,174774
2016-06-14,1453.72998046875,1469.5485874379422,1444.2388162872348,1454.5209108172096,173678
2016-06-15,1457.684814453125,1460.848536242497,1435.5387619275214,1446.6117881903233,126268
2016-06-16,1448.1934814453125,1488.5309295904306,1445.8206903779526,1471.9213921189114,212964
2016-06-17,1459.2664794921875,1470.3395042688219,1449.7753153979295,1450.5662457391174,110616
2016-06-20,1441.0751953125,1442.6570561196488,1415.76542239812,1426.8384480481614,147490
2016-06-21,1432.3748779296875,1441.866042222982,1425.2565047097166,1434.7476690030112,94047
2016-06-22,1438.702392578125,1439.4933229753642,1418.1382022499056,1430.0021582084937,109118
2016-06-23,1400.73779296875,1422.0929146006847,1399.9468625379375,1414.1836102925606,145022
2016-06-24,1501.9765625,1506.7221440560822,1451.3570259017904,1493.2763296471828,457307
2016-06-27,1554.9693603515625,1567.6242483300086,1524.914001402753,1525.7049319014059,349660
2016-06-28,1499.60400390625,1530.4502887967267,1498.8130735244429,1524.1228457422699,251905
2016-06-29,1446.6114501953125,1475.8758699094876,1443.4477291451312,1474.2940093843972,222064
2016-06-30,1408.6470947265625,1448.9845466249649,1407.0652338678017,1439.4933814723995,241407
2016-07-01,1402.3194580078125,1410.2287612114662,1394.4101548041588,1409.437830891101,156491
2016-07-05,1421.3021240234375,1431.5842206357386,1412.6018884284138,1414.9746799543293,128406
2016-07-06,1405.4833984375,1440.2843379598692,1403.1106071064294,1430.0022421918966,149719
2016-07-07,1407.0650634765625,1418.1380881469795,1392.0373871381394,1402.3194814749552,121972
2016-07-08,1365.9368896484375,1389.6648031918382,1361.1913069397574,1386.5010813860515,195645
2016-07-11,1356.445556640625,1361.1911387629827,1346.1634620421828,1357.2364869943513,123408
2016-07-12,1336.67236328125,1344.5816672059912,1331.1358505339313,1340.6270152436207,142864
2016-07-13,1335.8814697265625,1342.9998434551233,1328.7630959980017,1329.5540264122862,99777
2016-07-14,1322.435791015625,1327.1813739977385,1313.7355555484169,1317.6902080335115,117803
2016-07-15,1324.017578125,1331.135952200941,1312.1536213317652,1312.9445517846475,85470
2016-07-18,1317.6900634765625,1326.390297989313,1314.5263418355623,1322.4356459380626,62822
2016-07-19,1320.0628662109375,1327.1812399652206,1319.271935793795,1323.2265878795079,55953
2016-07-20,1308.9896240234375,1319.2717177468844,1305.8259028777616,1313.7352057419514,73801
2016-07-21,1319.2718505859375,1325.5992935144072,1307.4078950950566,1311.3625469253502,68091
2016-07-22,1306.61669921875,1320.853442914838,1305.825769013412,1317.6897220934852,52913
2016-07-25,1313.7354736328125,1322.435708557533,1308.9898909466012,1310.571751842005,73742
2016-07-26,1313.7354736328125,1324.8084999006387,1307.4080300511973,1316.108264975918,58428
2016-07-27,1315.317138671875,1326.3901632908805,1306.6169050426563,1308.1987657025143,82280
2016-07-28,1312.153564453125,1324.8084511506838,1308.198912360138,1318.4810078019045,54845
2016-07-29,1309.7808837890625,1320.8539105843806,1303.4534399060235,1316.8992581574812,71184
2016-08-01,1310.571533203125,1316.8989757291508,1301.8712997298394,1307.407811940112,73564
2016-08-02,1327.1812744140625,1339.0452309791465,1312.1535960982894,1314.5263874113064,102249
2016-08-03,1320.0628662109375,1332.7177528852185,1318.4810053766525,1328.7631007995058,54089
2016-08-04,1316.89892578125,1324.0172983530406,1312.153344066723,1317.6898560670045,49290
2016-08-05,1295.5439453125,1308.989761594742,1294.7530149429563,1307.4079008556548,75887
2016-08-08,1296.3349609375,1300.289613045302,1290.7984479865772,1293.1712392512584,41265
2016-08-09,1294.7529296875,1299.4985115922802,1288.4254871477933,1295.5438600049633,52206
2016-08-10,1301.0806884765625,1306.6172020445479,1292.3804528697283,1293.9623138891527,50215
2016-08-11,1289.216552734375,1297.916787139331,1286.052831132573,1293.9621351370783,55596
2016-08-12,1291.5889892578125,1297.1255005406078,1288.4252685247866,1293.961779807582,50564
2016-08-15,1283.679931640625,1286.8436529755372,1279.7252799719847,1286.8436529755372,51651
2016-08-16,1296.3349609375,1297.1258913590605,1288.425656721896,1290.7984479865772,52516
2016-08-17,1293.1712646484375,1308.9898733903144,1290.7984733371559,1297.9168472710005,67265
2016-08-18,1286.0528564453125,1294.7530910215107,1286.0528564453125,1293.9621606054927,42233
2016-08-19,1290.00732421875,1300.2894181579552,1288.4254636127184,1293.1710454308131,51117
2016-08-22,1291.5889892578125,1299.498291090377,1287.63433834153,1293.961779807582,48681
2016-08-23,1286.0528564453125,1286.8437868613305,1278.1435522851323,1282.8891347812405,61056
2016-08-24,1297.916748046875,1305.035121436529,1286.052792397452,1287.6346531507086,58721
2016-08-25,1300.28955078125,1306.616993850745,1294.7530380954418,1304.2442026996844,56400
2016-08-26,1305.826171875,1317.690128615233,1283.6801192932314,1297.916867381511,124204
2016-08-29,1293.1712646484375,1304.2442907677514,1289.2166124629682,1304.2442907677514,56376
2016-08-30,1296.3349609375,1305.0351955746644,1289.2165871434565,1293.9621696728188,56716
2016-08-31,1305.035400390625,1315.3174974846117,1300.2898171164773,1301.0807476621685,67853
2016-09-01,1303.453369140625,1320.8538388742984,1299.4987169284266,1305.0352300255045,90758
2016-09-02,1291.5889892578125,1300.2892212736335,1286.0524779750172,1291.5889892578125,85275
2016-09-06,1285.2620849609375,1298.7079036959135,1284.4711544471154,1288.4258070162261,65593
2016-09-07,1283.679931640625,1293.1710956453614,1282.098070973169,1287.6345833092653,41265
2016-09-08,1290.7982177734375,1294.7528691759296,1286.0526360904469,1289.2163572124407,60980
2016-09-09,1351.7000732421875,1352.4910036536808,1308.1989006100516,1308.1989006100516,214808
2016-09-12,1313.7354736328125,1364.3550222857323,1307.4080300511973,1363.5640918380304,219176
2016-09-13,1350.1180419921875,1360.4001360436805,1327.9719932658952,1332.717575135815,223619
2016-09-14,1351.7000732421875,1360.4003077686148,1332.7177433663464,1351.7000732421875,141812
2016-09-15,1326.389892578125,1357.2361691497092,1319.2715210616054,1354.0724484757006,145306
2016-09-16,1337.46337890625,1345.3726833350274,1331.135935363228,1335.0905875776168,107124
2016-09-19,1334.2996826171875,1339.8361958230678,1316.1082820835802,1325.5994475793752,101828
2016-09-20,1334.2996826171875,1335.0906130751703,1320.062934373495,1322.4357257474437,78646
2016-09-21,1305.826171875,1335.0905985009085,1302.6624500776045,1325.599433108722,171784
2016-09-22,1288.42578125,1294.7532252340393,1284.4711287599755,1291.5895032420196,104488
2016-09-23,1302.662353515625,1304.2442142970647,1292.3802584362668,1294.7530496084264,61161
2016-09-26,1324.017578125,1326.390369483647,1311.3626908788829,1313.7354822375298,98275
2016-09-27,1307.408203125,1331.1361196971416,1305.8263420201904,1326.3905363827132,77505
2016-09-28,1293.1712646484375,1317.6901081983467,1292.3803342113438,1304.2442907677514,90757
2016-09-29,1316.89892578125,1325.5991589245496,1291.5891566371058,1297.916598923142,163788
2016-09-30,1296.3349609375,1309.780778104027,1287.6347263003356,1305.8261259962248,107507
2016-10-03,1305.035400390625,1312.9447058475378,1300.2898171164773,1304.2444698449337,80979
2016-10-04,1316.1080322265625,1325.5991959205041,1298.7075654543364,1302.6622169934788,120834
2016-10-05,1305.035400390625,1309.7809836647727,1299.498886570786,1308.9900531190815,63320
2016-10-06,1303.453369140625,1316.8991866621,1300.2896473708663,1309.7808126801426,59098
2016-10-07,1312.153564453125,1323.226590313489,1297.125886499774,1300.2896081741637,90409
2016-10-10,1299.4986572265625,1301.0805180387677,1292.3802835716392,1299.4986572265625,66195
2016-10-11,1331.1358642578125,1342.2088898666118,1304.2442306364426,1305.035161037071,129671
2016-10-12,1328.7630615234375,1337.463295854841,1320.8537575857981,1331.1358527047294,90202
2016-10-13,1336.67236328125,1359.6093446629993,1329.553989748983,1348.5363191683618,166681
2016-10-14,1335.8814697265625,1337.4633305551315,1316.1082093694492,1323.22658309801,88182
2016-10-17,1344.581787109375,1348.5364394244027,1332.7178301642923,1336.6724824793198,81212
2016-10-18,1327.1812744140625,1334.2996483531128,1320.8538309126843,1321.6447613503567,72001
2016-10-19,1322.435791015625,1330.3450959858142,1316.8992775364927,1324.017652009663,76158
2016-10-20,1326.389892578125,1335.881054600151,1317.6896607246013,1326.389892578125,83436
2016-10-21,1325.599365234375,1339.836112593694,1323.2265740078217,1337.463321367141,65330
2016-10-24,1314.5263671875,1319.2719497405235,1308.1989237834687,1312.9445063364922,52806
2016-10-25,1321.64453125,1324.8082524498802,1312.9442979503292,1316.1080191502094,55371
2016-10-26,1327.9720458984375,1337.463210014448,1319.2718121254281,1334.2994886424444,99592
2016-10-27,1334.2996826171875,1335.8815435331533,1316.8992125415632,1317.6901429995462,76791
2016-10-28,1342.2088623046875,1352.490957301718,1325.599324232561,1335.0904888452046,189650
2016-10-31,1343.7906494140625,1345.3725100961274,1335.090415662706,1338.2541370268357,76050
2016-11-01,1361.1910400390625,1380.1733671517513,1337.4631311482015,1338.2540614445634,211308
2016-11-02,1378.592041015625,1385.710416442556,1361.1915677497939,1365.1462207647553,165349
2016-11-03,1390.455810546875,1395.9923240132164,1371.473478662276,1375.428131138234,117227
2016-11-04,1394.4102783203125,1396.7830694915892,1376.218879340524,1389.6646959777588,147389
2016-11-07,1333.5087890625,1357.2367034586298,1332.7178585826289,1355.6548424988878,193008
2016-11-08,1320.0628662109375,1342.999848308072,1312.153562039512,1339.045196222359,172515
2016-11-09,1291.5889892578125,1343.7903813527394,1283.6796874252477,1343.7903813527394,370229
2016-11-10,1286.0528564453125,1306.6170472617812,1269.443317708934,1279.7254131171683,218847
2016-11-11,1290.7982177734375,1305.0349628224092,1288.4254269319422,1296.3347297369264,136277
2016-11-14,1290.7982177734375,1300.2893811394188,1282.0979846879547,1282.8889149684533,102647
2016-11-15,1271.0255126953125,1287.6350557983626,1270.2345820713576,1285.2622639264982,100754
2016-11-16,1274.188720703125,1279.7252328352927,1271.815929789339,1278.143372226102,75222
2016-11-17,1262.324951171875,1274.1889074798814,1260.7430903308075,1272.607046638814,121690
2016-11-18,1267.070556640625,1270.2342783800523,1258.3703218572,1259.9521827269136,69478
2016-11-21,1248.0882568359375,1261.5340745585047,1248.0882568359375,1259.9522136499672,114411
2016-11-22,1244.1334228515625,1252.8336565777972,1240.969701496568,1243.3424925128138,69209
2016-11-23,1242.5516357421875,1252.8337307546944,1240.9697749710326,1251.2518699835396,56199
2016-11-25,1231.478515625,1238.5968885476877,1231.478515625,1237.0150278982017,42001
2016-11-28,1244.1334228515625,1245.7152835290597,1233.060398109082,1237.015049802825,74103
2016-11-29,1239.3880615234375,1248.088296798969,1233.0606176866872,1244.133644401,59557
2016-11-30,1245.71533203125,1245.71533203125,1229.1057942708333,1231.4785853794642,58601
2016-12-01,1255.20654296875,1259.1611949629805,1241.7607261883666,1241.7607261883666,73667
2016-12-02,1254.41552734375,1258.3701790692976,1247.297154237764,1253.6245969986403,70937
2016-12-05,1238.5970458984375,1244.9244893002174,1233.8514633471025,1242.55169802455,63840
2016-12-06,1229.8970947265625,1242.5519844472217,1229.8970947265625,1235.4336089793508,52550
2016-12-07,1198.25927734375,1234.6420672829001,1197.4683471276815,1233.060206850763,144267
2016-12-08,1192.722900390625,1202.214064054211,1186.3954579482345,1199.8412731383144,101979
2016-12-09,1177.695556640625,1190.3504450934458,1177.695556640625,1189.5595145651444,105530
2016-12-12,1180.859375,1185.6049585565975,1172.9500690723376,1179.2775138144675,73242
2016-12-13,1165.04052734375,1172.9498316705915,1158.7130838822768,1172.1589012379072,90900
2016-12-14,1183.2320556640625,1189.5594998119986,1160.2950706277938,1168.9953063312062,147310
2016-12-15,1174.531494140625,1183.2317274305556,1163.4584699534407,1181.6498668323864,79051
2016-12-16,1177.695556640625,1183.232070338734,1168.2043903010094,1168.995320829311,69640
2016-12-19,1174.531494140625,1178.4861456360481,1168.2040517479484,1176.904285037879,50059
2016-12-20,1165.04052734375,1170.577040372539,1162.6677360456974,1166.6223882091183,52656
2016-12-21,1170.577392578125,1171.3683232487858,1164.249947212838,1166.6227392248206,27767
2016-12-22,1174.531494140625,1180.8589365333019,1171.3677729442866,1173.7405638415405,46150
2016-12-23,1172.949462890625,1177.6950439947004,1172.1585327066125,1174.53132325865,24038
2016-12-27,1165.8314208984375,1169.7860729367633,1161.8767688601117,1168.995142529098,37858
2016-12-28,1184.8134765625,1187.1862672365237,1163.4583604962868,1163.4583604962868,81341
2016-12-29,1186.3955078125,1191.9320201822918,1180.8589954427084,1185.6045774739584,53372
2016-12-30,1195.095947265625,1203.7961824872807,1181.6501291957932,1181.6501291957932,92114
2017-01-03,1176.9044189453125,1191.1411659486832,1170.5769758327033,1179.2772101125408,78545
2017-01-04,1163.458740234375,1172.949906028265,1161.0859487859025,1172.158975545441,67161
2017-01-05,1164.2493896484375,1174.531483442887,1162.667529064676,1166.6221805240798,59821
2017-01-06,1155.5489501953125,1169.785692908191,1150.8033692910196,1163.4582517024674,74931
2017-01-09,1162.66748046875,1165.040271245217,1157.9218989158164,1159.503759433461,36589
2017-01-10,1163.458740234375,1168.20432313132,1153.9675744404847,1163.458740234375,39430
2017-01-11,1157.9222412109375,1173.740851063546,1157.9222412109375,1166.6224766298722,71120
2017-01-12,1162.66748046875,1180.0679461628401,1161.0856199511056,1163.4584107275723,67820
2017-01-13,1157.9222412109375,1162.66782416672,1154.7585192404158,1161.8768936740896,50649
2017-01-17,1166.6221923828125,1171.3677741823358,1161.0856802833687,1165.831262082892,79767
2017-01-18,1161.0859375,1169.7861727264988,1161.0859375,1163.4587289254089,44011
2017-01-19,1169.7860107421875,1175.3225233014812,1158.7129856236002,1161.0857767204402,61675
2017-01-20,1162.66748046875,1168.203992280506,1155.5491081393495,1161.8765502099277,69490
2017-01-23,1167.4132080078125,1176.9043723005589,1161.0857651459814,1165.8313472923546,85706
2017-01-24,1153.17626953125,1166.622083373521,1147.6397579491384,1165.0402229214892,86580
2017-01-25,1133.4029541015625,1143.6850464974593,1132.6120239172628,1142.10318612886,87980
2017-01-26,1134.9849853515625,1138.148706565086,1131.030333834658,1134.1940550481816,46676
2017-01-27,1137.3580322265625,1141.3126846334699,1132.6124493382738,1134.1943103010367,48984
2017-01-30,1150.8040771484375,1164.2498979810998,1146.058493325145,1146.8494239623606,98669
2017-01-31,1153.17626953125,1165.8311531475051,1152.385339305234,1159.5037113393776,81023
2017-02-01,1152.3853759765625,1159.5037482372277,1142.1032827111574,1145.2670037158973,76216
2017-02-02,1150.8040771484375,1160.2952447950227,1147.6403545995759,1157.131522246161,54180
2017-02-03,1134.194091796875,1144.4761860739736,1132.6122311388597,1141.3124647579432,78627
2017-02-06,1138.93994140625,1142.8945939805774,1134.9852888319228,1139.7308719211155,41771
2017-02-07,1138.148681640625,1141.312402784866,1131.8212393521435,1134.9849604963842,53768
2017-02-08,1135.77587890625,1145.2670422397284,1134.9849486284602,1142.8942514063588,51974
2017-02-09,1122.3304443359375,1133.4034719756155,1119.1667221531723,1133.4034719756155,77744
2017-02-10,1113.6300048828125,1119.9574480923739,1111.2572136792269,1119.1665176911788,69565
2017-02-13,1100.974853515625,1108.8841556242144,1098.6020628830481,1108.0932254133554,88741
2017-02-14,1092.2750244140625,1107.3027039679127,1092.2750244140625,1104.138981956576,84767
2017-02-15,1081.9927978515625,1096.2295451917146,1079.6200066282038,1096.2295451917146,117693
2017-02-16,1084.365478515625,1091.483851459929,1079.6198965527558,1081.9926875341903,89118
2017-02-17,1080.4111328125,1090.6932299768941,1080.4111328125,1090.6932299768941,57238
2017-02-21,1067.7562255859375,1076.456461498119,1065.3834339735242,1075.665530960648,84197
2017-02-22,1068.5469970703125,1073.2925795887595,1066.9651362308302,1071.7107187492772,60809
2017-02-23,1067.7562255859375,1075.665530960648,1063.8015728985822,1063.8015728985822,89931
2017-02-24,1065.3834228515625,1077.247380789776,1064.5924923223483,1077.247380789776,75965
2017-02-27,1060.6378173828125,1068.5471225087097,1059.8468868702228,1066.1743309709404,67595
2017-02-28,1066.9652099609375,1071.7107928073167,1063.0105575889547,1065.3833490121444,70098
2017-03-01,1037.7005615234375,1051.146376726104,1032.9549796872022,1050.355446420065,153363
2017-03-02,1049.564697265625,1051.1465581507277,1039.2826015124576,1039.2826015124576,141442
2017-03-03,1048.7735595703125,1055.8919321465817,1047.9826292840603,1051.9372807153209,70521
2017-03-06,1055.892333984375,1062.2197786824088,1051.937681048104,1058.2651257461378,78056
2017-03-07,1061.4288330078125,1063.8016247358478,1055.1013883997182,1059.056041279777,69457
2017-03-08,1066.174072265625,1067.7559329069686,1056.682908417563,1059.8466297002503,75787
2017-03-09,1063.80126953125,1074.0833635861989,1059.8466179716543,1065.3831301550883,81623
2017-03-10,1055.892333984375,1065.3835010314256,1052.7286116353582,1053.5195422226125,79298
2017-03-13,1055.10107421875,1059.846656261713,1054.3101438782562,1057.4738652402314,32975
2017-03-14,1062.219482421875,1069.3378557217982,1060.6376216885587,1061.4285520552169,53049
2017-03-15,1044.81884765625,1059.8465222251134,1040.8641964539174,1057.473731503714,95659
2017-03-16,1047.9825439453125,1051.93719505454,1042.4460323923938,1044.027892836085,69193
2017-03-17,1051.9373779296875,1052.728308289033,1044.819004695577,1047.1917957736136,39650
2017-03-20,1055.10107421875,1059.0557259212192,1050.355492175787,1053.5192135377624,44975
2017-03-21,1081.20166015625,1083.5744509246983,1047.9825893979746,1049.5644499102734,146399
2017-03-22,1077.2470703125,1089.11102483136,1074.0833491074707,1081.9926521200439,119863
2017-03-23,1079.6199951171875,1083.5746471139537,1067.7560391268887,1080.4109255165408,93597
2017-03-24,1081.9927978515625,1089.9021019294248,1070.1288417347691,1076.456284997059,102045
2017-03-27,1083.5745849609375,1102.5569134566035,1080.4108635449932,1099.3931920406592,111287
2017-03-28,1067.7562255859375,1088.3204195601852,1063.010642361111,1086.738558485243,116120
2017-03-29,1065.3834228515625,1073.2927281437046,1063.801561793134,1070.919936556062,55318
2017-03-30,1059.0557861328125,1068.546950758349,1056.6829949764283,1066.174159601965,75285
2017-03-31,1063.80126953125,1064.592199843169,1057.4738270358969,1063.010339219331,59257
2017-04-03,1066.9652099609375,1081.2019585000753,1061.4286966401617,1063.8014880633514,94565
2017-04-04,1066.174072265625,1074.874305793015,1066.174072265625,1071.7105845103279,80957
2017-04-05,1072.501708984375,1074.8745003759334,1049.5647255326442,1059.8468215627304,128023
2017-04-06,1066.9652099609375,1076.456375653696,1062.2196271145583,1071.7107928073167,88075
2017-04-07,1069.3377685546875,1074.8742806699854,1062.2193958350188,1069.3377685546875,77690
2017-04-10,1068.5469970703125,1073.2925795887595,1059.8467624531597,1068.5469970703125,69345
2017-04-11,1070.1287841796875,1086.7383218498821,1069.33785381444,1072.5015752754296,94961
2017-04-12,1080.4111328125,1082.7839244658217,1071.7108967503202,1074.083688403642,96853
2017-04-13,1093.0660400390625,1093.85697060349,1076.456498186081,1084.365803830358,104673
2017-04-17,1074.8743896484375,1091.483927678325,1074.8743896484375,1089.1111365311983,102288
2017-04-18,1081.9927978515625,1089.1111715216387,1075.6653545892727,1082.7837282593487,87252
2017-04-19,1085.9473876953125,1088.320178782775,1071.7106411705379,1075.6652929829752,81678
2017-04-20,1070.1287841796875,1082.7836700236453,1063.010410892461,1079.619948562656,115193
2017-04-21,1074.8743896484375,1079.619971942691,1068.5469465894328,1069.3378769718083,68248
2017-04-24,1051.1463623046875,1056.6828743710028,1049.5645017143117,1051.9372925998755,110790
2017-04-25,1038.4915771484375,1046.4008808586314,1035.32785566436,1044.8190201165926,108160
2017-04-26,1040.073486328125,1040.8644167359791,1030.582321433876,1039.2825559202709,114950
2017-04-27,1038.4915771484375,1044.8190201165926,1036.1187860353793,1037.7006467774181,57080
2017-04-28,1043.2371826171875,1044.8190433944692,1036.1188091194206,1036.9097395080612,54806
2017-05-01,1037.7005615234375,1043.237073665712,1033.7459099932414,1038.4914918294767,58819
2017-05-02,1038.4915771484375,1041.655298632515,1035.32785566436,1036.9097164063987,46614
2017-05-03,1040.073486328125,1047.1918599988117,1038.4916255124167,1041.655347143833,50405
2017-05-04,1038.4915771484375,1046.4008808586314,1036.1187860353793,1037.7006467774181,57258
2017-05-05,1029.79150390625,1038.4917393463181,1029.79150390625,1034.53708687356,53044
2017-05-08,1029.79150390625,1034.53708687356,1028.2096429171468,1029.79150390625,35370
2017-05-09,1031.3734130859375,1036.1189962749834,1025.8368993653842,1027.4187604283995,48205
2017-05-10,1029.000732421875,1034.537246739287,1028.2098018051017,1032.1644548889676,47212
2017-05-11,1032.955078125,1044.0281034647778,1031.3732173621745,1032.955078125,80311
2017-05-12,1036.1187744140625,1039.282495862655,1034.5369136897662,1036.1187744140625,39238
2017-05-15,1024.2548828125,1032.9551173383204,1023.4639524010618,1032.1641869268822,62955
2017-05-16,1026.6278076171875,1031.3733907032454,1021.8822245311296,1022.6731550454725,56266
2017-05-17,1063.0103759765625,1064.5922366550992,1039.2824657985143,1044.028047834124,158272
2017-05-18,1055.892333984375,1067.7562927931883,1046.4011669373244,1065.3835010314256,144719
2017-05-19,1040.864501953125,1051.1465980970388,1034.537058172255,1050.35566762443,116073
2017-05-22,1030.58251953125,1037.7008945702225,1029.0006584114783,1036.9099640103368,61341
2017-05-23,1026.6278076171875,1031.3733907032454,1025.0459465885015,1027.4187381315305,50032
2017-05-24,1021.8818359375,1028.2092776460913,1021.0909057239262,1024.2546265782219,56885
2017-05-25,1013.1814575195312,1018.7179682163593,1009.2268070217968,1016.3451779177186,93127
2017-05-26,1012.3909301757812,1014.7637214183808,1010.8090693473816,1013.972791004181,103694
2017-05-30,1013.9727172851562,1017.9273690686397,1011.5999262150663,1016.3455083552464,41418
2017-05-31,1014.7637939453125,1021.8821681818735,1010.8091415916674,1011.6000720623964,74928
2017-06-01,998.94482421875,1013.9724977422308,998.94482421875,1010.8087770004453,66848
2017-06-02,993.4085083007812,1001.3178117108193,991.0357172777699,998.1540903468042,99531
2017-06-05,993.4085083007812,995.7812993237927,991.0357172777699,993.4085083007812,52584
2017-06-06,999.736083984375,1001.3179448767553,994.1995708610438,999.736083984375,64437
2017-06-07,997.3634033203125,1003.6908475919719,994.1996811844828,996.572472786355,68990
2017-06-08,997.3634033203125,1000.5271254561421,991.035959048653,995.7815422523976,81468
2017-06-09,997.3634033203125,1010.8092223975887,985.499445310951,992.6178201165679,121312
2017-06-12,1000.526611328125,1007.644982475914,998.9447510730608,1001.3175414556572,76536
2017-06-13,989.4541015625,998.154337467526,988.6631710256795,994.1996847834233,44173
2017-06-14,992.617919921875,1000.5272260567107,987.0814056274901,987.8723362409736,95688
2017-06-15,996.5724487304688,1007.645475938585,994.9905877007378,1005.2726843939887,67712
2017-06-16,995.7813110351562,1003.6906145382155,994.1994503345445,994.9903806848504,57556
2017-06-19,979.1715087890625,989.453600561484,978.3805786527224,988.6626704251439,66211
2017-06-20,992.617919921875,992.617919921875,982.3358219465887,982.3358219465887,88199
2017-06-21,993.4085083007812,997.3631600058003,987.8719959137546,989.4538565957623,76918
2017-06-22,994.9906616210938,995.7815921947193,988.6632170320884,993.4088004738423,66683
2017-06-23,991.8265380859375,997.3630498615369,988.6628170713094,993.4083985932516,56214
2017-06-26,991.8265380859375,992.6174683395947,981.5444447883959,985.4990960566812,55349
2017-06-27,1006.0635375976562,1006.8544680517425,990.2449285159321,992.6177198781908,97878
2017-06-28,989.4541015625,999.7361985411671,987.0813099520384,997.3634069307054,85152
2017-06-29,1005.2724609375,1017.9273463623623,987.0810631392604,987.0810631392604,163572
2017-06-30,1002.8997192382812,1004.4815799941777,994.9904154587996,998.9450673485404,66956
2017-07-03,998.94482421875,998.94482421875,989.4536619933937,993.4083129206255,35880
2017-07-05,995.7813110351562,1003.6906145382155,993.4085199842385,995.7813110351562,93678
2017-07-06,1013.1814575195312,1014.763317718625,1001.3175060263283,1002.899366225422,124420
2017-07-07,999.736083984375,1009.227249338657,998.9451535381847,1008.4363188924668,84041
2017-07-10,998.1541748046875,1002.8997572522533,994.1995227650492,1001.3178964363981,62299
2017-07-11,999.736083984375,1010.8091102310374,996.5723621996143,998.9451535381847,79142
2017-07-12,984.7083129882812,991.0357559633063,983.1264522445249,990.2448255914281,93825
2017-07-13,982.3357543945312,987.0813377490942,980.7538932763435,984.7085460718127,79590
2017-07-14,972.8442993164062,983.1263935368236,968.8896476931689,981.5445328875286,72848
2017-07-17,972.8442993164062,974.4261599657012,969.8783105989783,973.2397644787301,85736
2017-07-18,971.6580810546875,979.7651183610046,971.4603484374603,976.4036638681414,93500
2017-07-19,961.7715454101562,969.285385608673,961.3760801365501,968.8899203350669,76688
2017-07-20,960.7826538085938,965.5282359636475,958.212130141273,959.3985256800364,101200
2017-07-21,962.3646240234375,967.703404555312,962.3646240234375,965.5283458201038,79996
2017-07-24,962.7598876953125,967.3077368259331,961.9689574117263,963.5508179788986,76692
2017-07-25,958.6076049804688,960.3871983065463,955.4438835118864,956.4325464708184,112600
2017-07-26,958.212158203125,960.9804145413099,955.6416344605248,956.0370996516941,99368
2017-07-27,960.5848388671875,972.2510606648747,954.2573965362386,954.850594254765,194628
2017-07-28,962.7598876953125,968.691864822209,961.7712248408297,964.737213404278,104356
2017-07-31,964.1441650390625,965.7260258512677,958.6076521963444,959.3985826024469,89816
2017-08-01,959.7941284179688,963.7487807806303,958.2122674729042,958.6077327091704,89220
2017-08-02,959.0030517578125,967.110087865456,957.6189236418734,958.60758658183,114308
2017-08-03,962.3646240234375,965.1328805955205,959.9918326759378,960.1895652882295,96312
2017-08-04,959.200927734375,962.5623822327226,956.2349384711271,958.8054624992752,86020
2017-08-07,956.23486328125,959.7940501172844,955.8393980772461,958.8053871072748,41700
2017-08-08,960.1896362304688,963.7488235146837,947.732480735716,958.8055078421628,145580
2017-08-09,960.9804077148438,970.0761070471241,960.3872099323037,967.1101181344239,157904
2017-08-10,988.2677001953125,988.6631654614971,967.3080410875287,968.6921695191749,304292
2017-08-11,985.1036376953125,988.2673587316684,979.764858446462,986.290033083946,222824
2017-08-14,966.3192749023438,973.6353815467855,963.9464835582005,973.6353815467855,223816
2017-08-15,966.3192749023438,968.8897988584989,962.364622662105,962.364622662105,122712
2017-08-16,963.3533325195312,966.9125197086428,958.2122843574812,961.7714715465928,167060
2017-08-17,992.8154907226562,993.0132233437921,965.7261216270571,968.4943783229577,330172
2017-08-18,996.5724487304688,1000.7248339335124,984.5107583787707,994.7928550720216,316452
2017-08-21,994.79296875,1003.690938059034,992.4201769342576,996.9680279144305,143192
2017-08-22,974.2285766601562,989.6517203539845,972.8444483799409,989.4539877425252,173376
2017-08-23,981.3471069335938,984.5108292207058,977.3924540747036,982.9289680771498,117400
2017-08-24,985.697021484375,987.87208010751,976.6013217876285,977.7877174002476,127900
2017-08-25,981.5445556640625,982.7309511785638,973.0420544768033,978.7762994635596,157632
2017-08-28,981.5445556640625,985.3014747933166,976.7989736060574,977.1944387775578,100056
2017-08-29,979.3695068359375,994.5949160881821,976.9967157836397,993.4085205620331,183036
2017-08-30,970.0761108398438,981.3468687521697,967.9010522953598,979.7650079925451,149540
2017-08-31,959.0030517578125,965.7259597495168,956.4325281139256,964.7372968095603,197172
2017-09-01,956.037353515625,957.2237494041656,952.2804332019132,955.0486902751745,143888
2017-09-05,969.4827880859375,978.3807537118538,958.805229334838,960.9802875989509,291712
2017-09-06,963.155517578125,968.6920305102103,960.3872611120823,963.5509827875596,173164
2017-09-07,963.3533325195312,967.5057175734947,960.5850758168889,960.7828084385062,142452
2017-09-08,966.1215209960938,968.2965796802846,962.1668688430192,966.3192536037474,179920
2017-09-11,945.7548217773438,955.0482519725216,944.963891547967,954.8505194151774,161044
2017-09-12,939.2297973632812,943.9753794973273,939.2297973632812,942.3935187859786,135840
2017-09-13,938.0433959960938,942.7889781006271,938.0433959960938,941.9980477498715,81980
2017-09-14,938.8341674804688,942.7888185650537,937.4500396008641,941.404690685449,102280
2017-09-15,936.263916015625,941.404963917717,936.0661834040061,940.6140334712414,89376
2017-09-18,933.10009765625,936.2638191147158,929.9363761977843,933.2978302474041,108292
2017-09-19,931.3206787109375,933.891202877231,930.3320155700553,931.122946082761,97632
2017-09-20,930.5297241210938,939.0322269126804,929.3433283827328,930.5297241210936,138608
2017-09-21,935.2750854492188,937.2524112112678,931.3204339251206,931.9136316537354,98536
2017-09-22,935.4732055664062,938.6369280963286,933.8913443014452,938.6369280963286,98888
2017-09-25,939.0321044921875,945.5572802024933,934.6819873519836,937.8457089084956,174836
2017-09-26,938.0433959960938,940.2184544606715,933.6932790669381,935.670604943827,102476
2017-09-27,931.122802734375,939.8230370347175,927.7613485728791,932.3091983207854,173708
2017-09-28,929.1454467773438,934.0887615612197,928.1567838205685,933.4955637871547,82680
2017-09-29,922.4224853515625,930.7272537084255,922.0270201917119,929.145393069023,115520
2017-10-02,914.9085693359375,921.0382787911816,914.7108367728652,920.6428136650368,120628
2017-10-03,910.55859375,915.1064434039088,910.3608611563518,913.7223152483714,82712
2017-10-04,908.3833618164062,912.7334780462628,906.6037688132832,911.74481526675,133032
2017-10-05,898.2992553710938,906.8017576781501,897.9037901475098,906.2085598427741,147836
2017-10-06,899.683349609375,903.8357342998798,899.4856170050653,901.4629430481629,124376
2017-10-09,903.2423095703125,905.2196351166573,897.705798040547,898.6944608137194,113436
2017-10-10,898.69482421875,902.8472095451733,895.3333694306931,898.69482421875,95412
2017-10-11,895.7285766601562,900.4741585232564,895.5308440825271,899.2877630574814,66100
2017-10-12,898.8923950195312,900.4742558114707,895.5309408366602,898.2991972225541,88080
2017-10-13,896.9149780273438,897.7059083430645,893.9489893433908,895.135384816972,91960
2017-10-16,894.1468505859375,897.3105723040655,892.5649897268735,894.5423158007036,67480
2017-10-17,893.1581420898438,896.1241310496285,892.5649442978869,894.7400028683957,78424
2017-10-18,891.5763549804688,892.7627506624121,889.5990288438963,889.9944940712109,67736
2017-10-19,890.78515625,901.0672490635405,890.78515625,897.9035281978357,99860
2017-10-20,881.8873291015625,886.632911141571,881.4918639315619,884.4578527065671,118860
2017-10-23,888.6102905273438,889.203488318083,879.1191258755164,879.5145910693425,99392
2017-10-24,885.8419189453125,888.6101749420166,883.864593233381,885.8419189453125,101968
2017-10-25,894.3446655273438,903.4403663043187,887.4240236318193,888.4126867597513,217336
2017-10-26,892.1694946289062,893.1581576327061,887.4239122106675,889.9944360205468,117676
2017-10-27,877.9326171875,888.8079086166244,876.5484891874296,886.0396526164837,136644
2017-10-30,883.8646240234375,886.8306126946571,878.7235769933235,886.0396823823319,116420
2017-10-31,881.8873291015625,884.0623875365663,879.910003251559,881.4918639315619,64680
2017-11-01,879.316650390625,882.2826386424487,872.9892087867348,875.9551970385584,108192
2017-11-02,878.5260620117188,888.4126933645402,877.735131503493,880.1079230281701,120452
2017-11-03,873.1871337890625,880.8987049434496,872.7916686016581,877.7349834442139,104260
2017-11-06,870.6165161132812,874.7689001328994,869.6278532514674,874.1757024158111,86648
2017-11-07,871.4076538085938,875.7577714359568,867.2552688006563,869.825792853189,127432
2017-11-08,868.441650390625,875.3622919579456,868.0461851582066,873.7804310282722,95968
2017-11-09,875.1644897460938,887.6216435766414,873.7803615426996,878.3282113538519,244008
2017-11-10,876.1531982421875,880.7010482894839,875.1645351884274,878.5259895712117,95352
2017-11-13,874.3736572265625,881.6897642635101,872.7917962456007,881.49203164089,97276
2017-11-14,878.5260620117188,886.8308323480887,877.735131503493,880.8988535363959,162056
2017-11-15,887.6215209960938,892.9603004719,882.2827415202873,888.2147187156278,164384
2017-11-16,872.5940551757812,880.3056273833171,869.6280658651906,880.3056273833171,132920
2017-11-17,877.3394775390625,878.130407877164,873.9780236021312,875.7576168628594,87416
2017-11-20,874.9666748046875,877.7349309509623,873.3848141496734,875.7576051321946,81428
2017-11-21,863.4983520507812,869.4303306542902,862.1142237099625,869.2325980341732,129864
2017-11-22,865.27783203125,866.4642275961924,862.5095757130514,863.4982386838366,78212
2017-11-24,861.3231201171875,862.7072481798184,860.5321897956842,861.9163178583151,36604
2017-11-27,862.3119506835938,863.6960790153491,858.7527635447942,861.3232875894828,84564
2017-11-28,844.7135620117188,859.5435051650144,844.5158294363415,858.9503074388825,179596
2017-11-29,845.9000244140625,849.2614784615238,839.9680466832486,843.7249659127641,169388
2017-11-30,831.8609619140625,839.967997673149,824.5448564729357,839.3747999346792,267720
2017-12-01,835.02490234375,858.1596202159305,829.4883886649375,832.652110767116,338160
2017-12-04,837.1998291015625,837.1998291015625,819.9970928871468,823.160814489798,213008
2017-12-05,842.9338989257812,843.9225617206744,830.674480269108,835.2223291256158,154676
2017-12-06,842.7363891601562,846.0978435514568,839.5726673801088,845.5046457176978,141916
2017-12-07,837.59521484375,844.7135877744334,835.2224238668556,843.7249248673941,109328
2017-12-08,828.89501953125,833.4428691136018,828.4995543501759,831.8610083893055,82148
2017-12-11,823.358642578125,828.895156024856,823.1609099550275,828.4996907786608,86532
2017-12-12,820.5902099609375,823.3584660909262,817.4264886695217,821.7766054452184,83236
2017-12-13,820.7879028320312,821.57883311662,815.8445885533512,819.2060422628537,116920
2017-12-14,827.9063110351562,828.3017761944757,818.4151472114908,818.8106123708102,93776
2017-12-15,814.0651245117188,821.1834982018868,811.0991354741487,820.5903003943728,159400
2017-12-18,804.1785278320312,805.364923496401,801.8057365032915,804.7717256642162,128540
2017-12-19,810.1104736328125,810.5059388383935,802.2011695211912,802.2011695211912,95260
2017-12-20,810.9013671875,813.2741583131401,803.1897960291698,803.387528622973,93508
2017-12-21,808.3308715820312,809.714999786795,803.3875565650179,807.1444759779481,77200
2017-12-22,808.726318359375,812.2855050905409,807.9353879746715,808.1331205708474,82156
2017-12-26,810.8240966796875,812.4073509568262,809.4387491871911,811.2199102489722,54504
2017-12-27,809.8345947265625,811.8136626511142,807.4597132171004,809.4387811416522,69420
2017-12-28,806.8660888671875,809.6367842913082,806.8660888671875,807.063995683196,66392
2017-12-29,812.4075317382812,814.386600025098,803.1059107902424,803.1059107902424,128860
2018-01-02,801.3246459960938,809.834638531987,801.3246459960938,807.0639432877427,104944
2018-01-03,791.42919921875,800.5329109376953,790.4396653362559,800.1370973846977,128672
2018-01-04,784.7005615234375,788.0649775501458,781.7319591469302,787.0754434246434,136488
2018-01-05,774.6071166992188,783.1171080170691,773.8154895998838,779.5547860700619,159140
2018-01-08,771.8363647460938,777.1798472712591,771.0447377053285,775.2007796693459,79664
2018-01-09,768.4720458984375,771.0448341025786,764.513910199759,769.2636730381732,120980
2018-01-10,771.2427368164062,777.5757539008622,769.0657621936244,773.419711439188,115880
2018-01-11,760.1600341796875,768.6700267518631,760.1600341796875,767.6804927318427,122076
2018-01-12,750.2645874023438,758.9724855415426,749.0771467469984,758.180858437979,158084
2018-01-16,755.2122802734375,759.5662294783682,738.7860173639261,742.5462462227299,340124
2018-01-17,740.9630126953125,754.2227674630972,738.588131244366,749.8688181363619,229364
2018-01-18,743.5357666015625,746.7022750566131,739.3797242543086,741.9525123740372,176188
2018-01-19,737.0047607421875,743.7335904589529,737.0047607421875,739.9733620878193,150888
2018-01-22,725.13037109375,738.5880308192891,725.13037109375,738.3901240586193,154784
2018-01-23,722.161865234375,726.7137213320431,720.3807041526788,724.9325602503469,145652
2018-01-24,722.557861328125,729.4846006177675,715.0374015279418,718.7976314280335,299848
2018-01-25,722.557861328125,726.9118117387574,717.4122835701049,717.8080972437988,202408
2018-01-26,705.735595703125,719.1932570906215,705.735595703125,717.8079095948498,179356
2018-01-29,715.6309814453125,715.8288882432786,706.5272687388732,708.9021503144661,253224
2018-01-30,730.2761840820312,732.651065981485,722.359911083852,725.9222339330327,370092
2018-01-31,728.8907470703125,735.6195782949637,721.7661022442112,724.9326110558118,325020
2018-02-01,731.265625,735.6195745940461,723.5472598105548,734.2342269959405,241040
2018-02-02,762.5349731445312,762.9307867822912,738.1924344222947,739.3798753355745,559240
2018-02-05,824.6775512695312,830.6147546624005,760.9515681860686,774.8050427694301,888940
2018-02-06,794.5957641601562,859.7070982594568,791.2313487203747,851.7908266364415,696628
2018-02-07,803.8973999023438,803.8973999023438,775.7946350608537,799.345543625201,544468
2018-02-08,863.6650390625,864.0608525542793,800.9286006154761,801.3244141072554,571592
2018-02-09,837.145751953125,895.9240707072806,824.4797169353945,843.0829558676862,948212
2018-02-12,814.188720703125,835.7605657582151,803.3038447578961,822.6987146239404,433972
2018-02-13,809.8345947265625,826.2608585003418,806.0743656699142,821.906909066328,231760
2018-02-14,787.2732543945312,820.3236901622253,785.2941863844896,819.7299697592127,325084
2018-02-15,768.274169921875,793.0125190306422,768.274169921875,776.5862552224208,327208
2018-02-16,766.69091796875,772.8260285668479,755.4102307399894,772.4302149798739,343296
2018-02-20,777.3779296875,782.5235066151668,764.7118941732433,774.2114208089358,253604
2018-02-21,785.6898803710938,785.6898803710938,758.7745595321848,774.6071012021313,347440
2018-02-22,783.7110595703125,787.8671030680339,768.274326578776,779.3571092393663,311476
2018-02-23,758.5767211914062,778.5653068528546,758.5767211914062,775.2008914444921,280560
2018-02-26,740.9630126953125,755.4102081885704,740.3692923325758,752.0457927997295,203900
2018-02-27,759.76416015625,759.76416015625,735.6195319877003,740.1713881178366,270496
2018-02-28,776.9819946289062,776.9819946289062,750.0666733682004,752.6394614298855,276420
2018-03-01,797.5645141601562,807.8556691815777,766.6910490958921,776.1905768079735,583580
2018-03-02,789.6480712890625,815.3759533110119,786.2836559477306,810.4282836914062,377820
2018-03-05,771.4407348632812,798.5539674636583,767.8784123318449,797.9602470417522,320792
2018-03-06,767.8782958984375,777.3778212085213,765.1076010163297,765.5034145709166,257272
2018-03-07,768.274169921875,782.7213658013951,766.0971952003035,782.1276454227847,259584
2018-03-08,761.3475341796875,770.6491546908509,760.5559069021417,764.1182296510979,249920
2018-03-09,735.2238159179688,754.6186837403001,735.2238159179688,752.6396155951643,291376
2018-03-12,736.8070068359375,738.9839816076794,729.4844553309873,732.8488708873158,202752
2018-03-13,746.702392578125,750.0668083411327,726.911711619256,730.078220572675,224136
2018-03-14,754.0250854492188,757.5874086875615,739.5778856492731,740.7653267287207,241900
2018-03-15,755.8060913085938,759.1705070070086,747.0981918538731,751.2542347754444,159972
2018-03-16,754.4205322265625,754.6184389768842,748.0875162162661,753.0351849743101,181148
2018-03-19,774.80517578125,784.8984232818486,759.1705374960089,759.7642579372206,288572
2018-03-20,772.2323608398438,776.5863105934257,768.4721315072048,772.4302676468247,144936
2018-03-21,775.3656005859375,776.9520263671875,759.3030395507812,772.7876586914062,225384
2018-03-22,813.8364868164062,816.2161256667466,784.6859108997368,790.6350080255877,430608
2018-03-23,849.5308227539062,850.7206418333935,809.4735804111683,811.2583090303992,449980
2018-03-26,802.7312622070312,840.4088659173415,801.1448367876498,822.363276771877,383852
2018-03-27,831.0887451171875,841.4005119380163,793.2128323714506,796.7822901171222,373936
2018-03-28,835.4513549804688,843.7800891150948,817.8023707428086,829.8988655573846,396484
2018-03-29,812.249755859375,833.0715879797935,801.1447787284851,827.7174025774002,285452
2018-04-02,849.13427734375,866.7832616229639,814.8278247560646,818.397282250737,523632
2018-04-03,827.717529296875,853.8935508271068,824.9412845891231,839.6157209015258,345276
2018-04-04,809.4735107421875,854.6866318713445,805.5074474852439,853.6951160571085,307608
2018-04-05,797.773681640625,806.1024150805719,791.8245863263772,798.7651975263329,163688
2018-04-06,832.8735961914062,843.9785774739584,801.343381478446,812.0517562866212,354148
2018-04-09,826.329345703125,828.510680668984,801.1448420063896,822.9581916649794,225964
2018-04-10,799.7567749023438,813.0430887923653,794.0059823230807,804.7143547120533,297852
2018-04-11,807.8870849609375,810.0684197509645,796.5838046853426,809.8701165882347,220320
2018-04-12,794.600830078125,800.1533190330008,788.2551284154097,798.9634999712417,180560
2018-04-13,799.7567749023438,806.3007802511604,785.4789450503803,785.875551435157,247632
2018-04-16,786.8670654296875,794.4025867216048,781.3145760566957,788.8500973486131,311940
2018-04-17,769.8130493164062,778.3400872145529,765.8469851777334,774.968932696681,228740
2018-04-18,768.6231079101562,771.5976555413874,763.6655285247708,766.8383793314174,130052
2018-04-19,777.546875,784.0908808339709,771.9943852014792,773.5808108581995,171176
2018-04-20,791.0313110351562,796.5837995558343,776.7534834105559,777.7449992178198,160364
2018-04-23,791.0313110351562,798.3685280089093,783.4957908999505,786.6686414831951,136728
2018-04-24,812.4482421875,822.7600089909538,782.9010642314498,784.2891866857609,319740
2018-04-25,808.8785400390625,825.9326107532962,805.7056896736236,813.6378155872208,245868
2018-04-26,792.4195556640625,804.9126567668743,786.867066285035,801.5415025010362,167204
2018-04-27,791.2296752929688,797.7736801262189,786.470399050605,788.2551276414914,167560
2018-04-30,803.9212036132812,803.9212036132812,783.2976700228073,787.2637341748215,164704
2018-05-01,800.74853515625,818.0009181573876,799.9553221447034,807.0942392486224,173476
2018-05-02,812.0515747070312,814.4312130211911,796.7822288578392,802.5330214503921,151220
2018-05-03,815.224365234375,837.4343211833534,810.8616953158257,818.1989129061132,284692
2018-05-04,794.4026489257812,824.7430396610895,789.841675155114,822.5617043794659,326364
2018-05-07,789.2466430664062,794.0059193060026,782.7026382369611,788.6517335364566,172064
2018-05-08,789.4448852539062,799.9549528043854,787.0652473179488,791.8245231898638,160900
2018-05-09,774.1756591796875,788.4534889596407,771.9943240744169,784.8840315146524,229628
2018-05-10,759.8977661132812,770.2095312066765,757.7164311896784,769.8129248569305,261284
2018-05-11,756.328369140625,762.4757680507873,753.9487308528202,759.6995233816817,154776
2018-05-14,754.940185546875,758.1130363398222,748.7927871355398,752.7588506267238,127032
2018-05-15,765.2520751953125,771.2011714005105,762.4758302995533,763.0707399200732,255472
2018-05-16,759.1045532226562,765.251951642171,756.1300056003105,765.251951642171,123380
2018-05-17,760.4927978515625,765.4503780200864,753.75048882237,761.2860106785264,152352
2018-05-18,764.2605590820312,766.6401975638643,760.6911013592818,762.4758302206565,134512
2018-05-21,753.3536987304688,757.3197618983048,749.5859387210244,755.1384271559949,131680
2018-05-22,757.7164916992188,759.104614034182,748.1979385451851,749.9826672615665,151828
2018-05-23,753.155517578125,766.441831342668,752.9572143876095,765.6486185806058,160460
2018-05-24,756.5266723632812,767.8299542308323,754.3453372660346,756.1300659819636,157624
2018-05-25,760.29443359375,763.665587837645,756.5266729682202,759.6995240212979,117812
2018-05-29,777.9434814453125,785.0823969008392,766.0452890194347,771.2011724039817,259960
2018-05-30,757.3198852539062,770.0112894582137,754.543640584214,769.2180766954444,211312
2018-05-31,767.8299560546875,770.8045039216348,758.3114028804558,759.6995252183646,202568
2018-06-01,751.569091796875,759.1046130338885,750.1809694637409,758.5097034625453,154040
2018-06-04,744.82666015625,748.3961169940595,743.4385380526575,747.4046012057792,101236
2018-06-05,743.0421142578125,748.9912104488278,741.8522950196094,744.2319334960156,107240
2018-06-06,730.7472534179688,744.2318703060072,730.7472534179688,740.6624128944676,119608
2018-06-07,731.9371337890625,737.4896235604235,727.1778568421815,728.9625856972619,164752
2018-06-08,727.7727661132812,735.9031975603234,727.5744629072558,734.7133783241709,117292
2018-06-11,725.988037109375,727.3761595512667,721.8236697836998,726.9795531392976,82532
2018-06-12,723.6082763671875,727.9709461616732,722.0218509873745,723.8065795396641,85312
2018-06-13,729.1609497070312,730.1524658203125,721.2288208007812,722.616943359375,141020
2018-06-14,725.3931274414062,728.9625851488818,722.2202761458725,724.4016114115519,110636
2018-06-15,726.78125,736.6964103001364,725.5914307639837,729.7557980900409,155000
2018-06-18,730.1522827148438,739.0759254965299,729.7556763689911,736.2996810755608,119784
2018-06-19,736.4979858398438,746.6114476809402,734.9115604530051,744.2318096006821,162868
2018-06-20,733.7722778320312,735.7618989758274,729.9919976588185,732.1805809169944,116064
2018-06-21,743.1234741210938,746.3068678522684,733.9712171439664,734.3691413603633,199968
2018-06-22,741.3329467773438,742.1287953514471,734.9661581845163,735.364082471568,142556
2018-06-25,761.2290649414062,771.1771708606615,747.1027545360639,747.8986030096044,399496
2018-06-26,758.2446899414062,762.2239326070656,752.4747880762001,757.6478035415573,156240
2018-06-27,770.7792358398438,771.376122186648,745.3120850428638,754.66330447613,310672
2018-06-28,761.6270141601562,775.7533250288529,757.2498474121094,771.9730446555398,284088
2018-06-29,760.43310546875,760.43310546875,746.7047213040865,754.8621669671473,200384
2018-07-02,756.851806640625,771.5750016173354,755.8569961692257,770.3812290516562,165416
2018-07-03,762.6217651367188,764.8103483395635,750.8830006850969,751.4798870131455,88124
2018-07-05,750.2861328125,762.2238596671142,749.6892464697693,756.0560341255635,193904
2018-07-06,737.7515869140625,752.4747847111609,735.3640413253439,750.0872391224423,257456
2018-07-09,724.6199340820312,731.7825693447861,724.4209719913991,731.3846451635219,144204
2018-07-10,719.6458740234375,723.6251157929893,718.6510635810496,722.2323811736462,219692
2018-07-11,729.991943359375,731.7826022555959,723.824118272392,728.4002465627342,263364
2018-07-12,717.4573364257812,726.2116688724631,716.8604501225984,722.8293131544269,160304
2018-07-13,715.8657836914062,720.8398372190007,714.2740865625759,718.2533293846516,162584
2018-07-16,717.2584228515625,719.8449303403477,715.0698395918213,715.8656880499091,98304
2018-07-17,711.090576171875,722.2324542540308,709.2999171943857,721.834530036811,136328
2018-07-18,708.7030639648438,713.6771169123791,708.1061776111395,710.8916472617593,103224
2018-07-19,714.0751342773438,717.0595664350925,710.4938156880453,712.8813614142442,161204
2018-07-20,715.8657836914062,716.8605943969251,712.0855030104343,715.4678594091987,157160
2018-07-23,713.2791748046875,719.2480381921744,712.4833263530226,717.4573791759283,85560
2018-07-24,706.9122924804688,711.4884204644402,701.7392782377183,705.7185199629109,168404
2018-07-25,693.7809448242188,708.3051802621792,692.7861341777831,708.3051802621792,180908
2018-07-26,697.9590454101562,699.152818007779,694.1787655176839,698.3569696093639,96192
2018-07-27,707.5093383789062,712.6823537888757,695.9695347720512,696.3674590343566,219816
2018-07-30,715.268798828125,718.0542684202235,706.3155037106659,707.7082385067151,191060
2018-07-31,708.7030639648438,713.0802305586749,704.7238216068155,711.0906093796608,175180
2018-08-01,710.294677734375,714.4728817210478,704.325814896271,707.3102463153231,174460
2018-08-02,703.5299682617188,719.6458979645466,702.1372335960423,718.6510874890635,158460
2018-08-03,697.163330078125,703.7290806182443,697.163330078125,702.5353077927681,131124
2018-08-06,691.990234375,699.3518326130319,690.7964616877516,697.5611735821593,109152
2018-08-07,687.6131591796875,689.4038184483846,685.6235377700241,688.6079698845192,117264
2018-08-08,688.60791015625,690.995455640756,686.220364671744,689.0058344036677,92232
2018-08-09,690.7965087890625,691.3933951733849,686.2203798425911,688.4089632517731,77828
2018-08-10,700.3466796875,703.927997935902,695.7705508145419,698.9539448131214,238908
2018-08-13,705.71875,707.1114850577953,695.1737559909783,698.9540368621371,161860
2018-08-14,696.7653198242188,703.3310695541443,695.3725850330225,701.3414484238639,114432
2018-08-15,706.9122924804688,715.0697380171135,703.3309749277954,703.7288991003146,291616
2018-08-16,695.7705078125,699.1528637269446,690.9954171097548,698.7549395017157,142240
2018-08-17,690.9953002929688,699.1527455310949,688.6077553452246,697.5610488992653,156544
2018-08-20,688.0111083984375,691.1945027692805,686.6183733611937,688.4090326947928,80328
2018-08-21,685.623291015625,686.220177223706,680.2513151428966,685.8222530849853,131092
2018-08-22,686.0213623046875,688.8068318732101,683.2358927361649,687.8120213130234,99772
2018-08-23,687.8119506835938,689.6026095080521,682.6389363018253,687.6129885919872,133676
2018-08-24,679.8535766601562,685.2255539998765,679.2566902890761,684.8276297524898,125272
2018-08-27,669.7064819335938,674.2826105980241,668.7116713543697,673.8846863663346,125200
2018-08-28,669.109619140625,671.0992403691133,666.3241494207414,666.5231115435902,134888
2018-08-29,661.5490112304688,668.9106092501762,660.3552385786243,667.7168365983318,111904
2018-08-30,667.5180053710938,670.3034754382161,662.3449895321523,664.3346110086683,135576
2018-08-31,667.5180053710938,672.0941347670804,665.1304595992747,669.9055511429129,185248
2018-09-04,669.30859375,674.879533293698,667.9158588640755,669.5075558765607,132524
2018-09-05,673.2879028320312,678.6598807801591,670.7013949310808,671.8951678084426,225608
2018-09-06,677.6650390625,683.0370167649919,671.4972128114907,673.0889099085254,165848
2018-09-07,681.0473022460938,684.6286202246008,675.277401058499,683.2358854551815,182716
2018-09-10,678.2618408203125,679.2566513817973,673.8846743497796,675.2774091358582,104696
2018-09-11,673.0887451171875,683.6337358033273,671.4970484098457,681.64411491915,101056
2018-09-12,673.6857299804688,677.8639344487469,670.3033739823388,673.8846920980058,131264
2018-09-13,665.9261474609375,669.7064273539037,664.7323748631587,668.5126547561249,114228
2018-09-14,665.329345703125,669.9054745760831,664.1355729536576,664.7324593283913,102068
2018-09-17,673.2879028320312,674.481675709393,666.1252655678608,666.5231898603147,113724
2018-09-18,665.5281982421875,672.0939472831418,662.9416910442359,671.6960230988416,103532
2018-09-19,664.5336303710938,666.3242898541296,662.3450465584943,665.9263655245661,89136
2018-09-20,653.7896118164062,658.7636654668659,652.1979146482591,658.5647033208475,270668
2018-09-21,655.1822509765625,655.9780994441927,649.6113117031512,650.0092359369662,132688
2018-09-24,659.3602905273438,662.5436836017063,657.3706698558672,657.9675560573102,141696
2018-09-25,661.1512451171875,662.1460558982847,656.9730398365793,657.3709641490182,75100
2018-09-26,664.9910888671875,666.9910620667881,654.1912335893445,660.7911451480263,146264
2018-09-27,661.591064453125,664.3910266364211,655.9911400865326,662.5910509471593,91216
2018-09-28,661.9911499023438,664.991109796161,659.191187334781,664.7911124699066,122628
2018-10-01,657.3911743164062,660.591131355975,651.791249497161,655.3912011666758,116700
2018-10-02,657.7911987304688,659.791171970756,654.3912442219805,657.7911987304688,102656
2018-10-03,657.1912231445312,659.191196434685,650.5913112870237,652.9912792352083,116124
2018-10-04,667.3909912109375,675.7908778249199,659.7910937982867,660.1910883989526,290528
2018-10-05,675.1909790039062,682.9908747921622,664.3911232970902,667.1910858877462,332532
2018-10-08,675.5909423828125,686.5907949082875,673.7909665150074,679.5908887557125,312948
2018-10-09,677.3909301757812,680.790884652601,670.9910158664736,677.790924820113,159760
2018-10-10,721.1903076171875,722.790286114397,680.3908559383449,680.5908532504961,632808
2018-10-11,752.18994140625,762.1898076839188,717.7904014110692,726.5902837354178,1299660
2018-10-12,731.5902099609375,751.9899369746105,725.7902875746972,727.5902634876684,743564
2018-10-15,739.9901123046875,740.990098942937,726.5902913521431,734.5901844581398,334504
2018-10-16,708.7904663085938,731.3901623280269,705.990503969903,728.7901972992425,298060
2018-10-17,708.3905639648438,722.5903748178939,704.5906145816331,708.1905666288852,300184
2018-10-18,728.5901489257812,736.1900461695857,710.3903949998285,713.7903490299515,517608
2018-10-19,729.990234375,733.7901835402397,713.7904510916096,724.9903012628424,344188
2018-10-22,736.1901245117188,739.7900762208226,724.1902854813729,725.9902613359249,262428
2018-10-23,744.989990234375,770.789643587458,737.5900896602349,758.3898101929531,564736
2018-10-24,789.7893676757812,792.7893272896422,743.3899923147326,745.3899653906399,635744
2018-10-25,760.7898559570312,784.3895412890316,750.9899866242514,777.7896292894044,444948
2018-10-26,788.5892944335938,805.3890663667466,768.989560511582,785.1893405899795,1225412
2018-10-29,797.3893432617188,821.1890251900219,759.3898511072853,767.7897388466863,638968
2018-10-30,773.5895385742188,801.989154519808,771.589565620304,798.18920590737,545116
2018-10-31,756.5899047851562,760.1898567508271,742.1900969224729,756.5899047851562,436856
2018-11-01,741.3900756835938,758.7898427686956,740.1900917466902,751.9899337929087,292688
2018-11-02,750.98974609375,762.7895849804427,732.390000052014,734.9899645524716,403088
2018-11-05,741.7899169921875,753.5897565992349,738.9899550515321,747.9898327179243,210992
2018-11-06,732.7902221679688,742.9900860682325,731.9902328424578,742.7900887368547,150412
2018-11-07,702.390625,722.5903553886675,701.1906410165149,719.9903900911162,313452
2018-11-08,704.9906616210938,711.190579496343,700.9907146048039,706.3906430767952,274516
2018-11-09,718.1903076171875,726.590194255985,711.3903993857799,712.3903858903988,295768
2018-11-12,745.9900512695312,748.5900165956716,720.1903953409067,721.990371335927,371376
2018-11-13,748.389892578125,752.7898331544795,730.5901329737815,742.9899655071443,339064
2018-11-14,758.9898681640625,768.3897426841444,734.5901938778924,736.5901671800375,427720
2018-11-15,743.3900146484375,776.9895633331126,740.3900549444486,767.3896922803483,424404
2018-11-16,739.7901611328125,753.3899802615044,734.3902329493613,750.9900121799706,360760
2018-11-19,764.7896728515625,770.3895972343669,741.7899834221876,743.3899618172745,352216
2018-11-20,792.9892578125,799.1891738256621,776.9894745527271,786.3893472178437,523224
2018-11-21,787.9893798828125,788.3893744918901,775.7895443059466,783.1894445738816,191976
2018-11-23,798.3892211914062,800.189196890485,789.7893372958075,799.3892076908945,98720
2018-11-26,773.7896728515625,786.589502022537,773.3896781899696,783.7895393913863,192028
2018-11-27,769.189697265625,784.1894963542682,768.5897053020792,780.18954993063,196992
2018-11-28,733.7901611328125,767.7897052572547,733.3901664960543,761.9897830242616,365160
2018-11-29,736.3900146484375,744.7899007470888,728.1901258378492,737.7899956648794,212720
2018-11-30,726.7903442382812,739.5901741863412,724.39037612302,738.5901874716491,158412
2018-12-03,709.3905639648438,717.990449572537,702.7906517542884,703.7906384528574,217424
2018-12-04,753.18994140625,756.5898960010206,711.3904996234814,713.5904702436272,433276
2018-12-06,756.789794921875,799.1892231785974,756.789794921875,779.5894874750182,635500
2018-12-07,792.7893676757812,798.189295255813,749.9899416710847,760.1898048778114,495760
2018-12-10,789.7893676757812,823.1889180434327,783.7894484480595,795.7892869035031,508084
2018-12-11,789.9893798828125,799.9892454509494,767.7896783215486,769.3896568124505,402356
2018-12-12,781.7896118164062,782.5896011863897,761.3898828818261,770.189765951645,328976
2018-12-13,782.5895385742188,790.3894343075167,770.5896989845298,776.1896241263846,368260
2018-12-14,811.9891967773438,815.9891435594982,791.1894735101408,797.9893830398033,353016
2018-12-17,845.1886596679688,855.7885174442116,811.1891158573784,818.9890112021609,473560
2018-12-18,846.1885986328125,857.58844503368,827.3888519366451,832.7887791791612,346524
2018-12-19,873.5881958007812,884.388049869747,817.9889470753652,845.7885714380732,548876
2018-12-20,900.187744140625,918.3874963549766,869.5881607472645,881.9879919262734,748816
2018-12-21,937.7876586914062,943.1875876282089,872.1885219776547,894.3882298289546,650400
2018-12-24,988.5870361328125,988.5870361328125,941.3876550833803,950.9875291951292,444476
2018-12-26,889.7561645507812,992.9221173094326,889.5554525804337,974.055192096761,640800
2018-12-27,874.7028198242188,940.9377740559746,874.7028198242188,914.2430803807517,315428
2018-12-28,877.3118896484375,886.9460627674321,852.222897151056,865.0684613097154,395636
2018-12-31,861.4558715820312,879.7206628946979,860.8537356046907,865.0686874460753,185032
2019-01-02,860.653076171875,890.1577408634015,853.8288680119301,889.756316853993,286500
2019-01-03,903.0032348632812,906.2146266743086,872.6957246467097,874.1007085640341,405864
2019-01-04,841.7859497070312,880.7240694598123,836.9688627273057,877.7133900974839,358028
2019-01-07,829.54248046875,846.6029960360967,818.5033233369375,839.778789809158,201176
2019-01-08,813.8870239257812,831.3489650063098,809.8727845969241,812.883464093567,204500
2019-01-09,806.2600708007812,817.2992303462239,800.0379990569863,808.2671907181344,229064
2019-01-10,800.2387084960938,821.5141795521724,799.0344365495232,816.8978037569856,338428
2019-01-11,800.4392700195312,812.281275268065,800.2385580661662,808.0663242474004,170116
2019-01-14,809.6719360351562,816.0947178777752,804.6541377206102,813.4854627542112,143268
2019-01-15,792.0094604492188,807.4642826627489,789.6009167276296,807.4642826627489,206592
2019-01-16,788.3965454101562,790.4036649249479,782.1744749143022,788.7979693131145,193048
2019-01-17,776.5546264648438,794.6187041029508,770.9346911996549,794.417992129194,239432
2019-01-18,756.6842651367188,769.9312575767781,753.2721610233702,765.1141694167566,261680
2019-01-22,776.3539428710938,786.7909658879751,764.3112240054616,765.7162078731186,332024
2019-01-23,774.146240234375,789.8017773716011,765.5156236074426,769.730575913619,259876
2019-01-24,772.7412109375,781.7732510653409,769.3291068892046,774.7483309659091,184740
2019-01-25,759.4940795898438,764.110454809338,754.8777043703494,761.0997753183635,242748
2019-01-28,771.7376098632812,783.178193416521,771.5368978711191,773.9454417770644,222360
2019-01-29,774.146240234375,779.3647526134504,767.5227437532409,771.3362720302575,120424
2019-01-30,749.6592407226562,769.3290146425546,744.2400172957455,764.1105031944182,271016
2019-01-31,737.2150268554688,751.6662879318624,734.2043474645534,750.4620161754962,194984
2019-02-01,736.2115478515625,741.0286354056622,730.190188408938,736.2115478515625,153180
2019-02-04,726.1758422851562,740.2256789241725,725.9751303331702,736.4121518364395,99364
2019-02-05,719.753173828125,726.5773812765791,718.3481899416786,723.5667015199082,147784
2019-02-06,721.9609985351562,726.5773741165598,719.3517427717543,722.1617105169564,136404
2019-02-07,736.0109252929688,746.046525583301,728.9860050897362,732.3981091884491,311132
2019-02-08,734.8065795898438,749.0571305734217,734.4051556184753,744.4407549026852,243728
2019-02-11,733.802978515625,737.2150820809328,729.3873150781677,730.7922988991768,134068
2019-02-12,715.1368408203125,724.9717286115545,712.9290088671765,724.168880628596,180988
2019-02-13,710.7210693359375,712.9289009548856,705.9039821673234,710.3196454052196,196456
2019-02-14,714.7353515625,721.9609827493155,707.9111443305076,717.34460726885,279032
2019-02-15,698.8792114257812,705.502707685704,698.8792114257812,704.0977236305689,212840
2019-02-19,696.4705200195312,703.6961507747772,693.0584166073318,703.4954388093536,132376
2019-02-20,694.0620727539062,699.6820085656788,691.6535288345751,697.0727526530701,144528
2019-02-21,699.2804565429688,704.6996793692202,695.8683532819956,697.674760890746,201752
2019-02-22,690.6500244140625,697.273520724921,689.8471763763827,695.8685366589814,153316
2019-02-25,688.6427001953125,689.4455479950157,680.0120863485045,683.0227655973911,172956
2019-02-26,690.2484130859375,692.0548206805213,685.4313261670476,691.4526848156601,176508
2019-02-27,690.6500244140625,699.4813528285405,689.0443283387029,694.4635525930416,164860
2019-02-28,694.2626953125,695.4669671170316,690.0477439966392,692.4562876057025,126784
2019-03-01,685.030029296875,693.2592209760933,683.0229093751144,685.030029296875,186756
2019-03-04,690.4491577148438,702.8932995108671,678.4064398477244,679.4099996699844,312940
2019-03-05,692.2556762695312,695.4670682151134,688.6428603307514,689.8471323103447,175820
2019-03-06,701.2877197265625,702.6927037099872,691.8542558378538,691.8542558378538,201560
2019-03-07,712.5275268554688,717.7460383197623,703.294775803257,703.8969117414447,415896
2019-03-08,715.7389526367188,726.57740004064,715.1368166698343,723.9681441841404,262620
2019-03-11,694.8648681640625,712.126098280212,694.4634442078731,711.9253863021172,221044
2019-03-12,690.4491577148438,693.4598371816236,687.2377662836119,692.2555653949116,197716
2019-03-13,681.2163696289062,686.4348804156922,675.9978588421202,685.4313206490026,251780
2019-03-14,682.2200927734375,684.6286367902899,679.209412752372,681.4172447678201,124876
2019-03-15,675.5964965820312,680.6142958733416,671.5822571489829,679.2093120717747,199704
2019-03-18,670.7793579101562,675.9978687736105,669.3743742161494,674.994308992177,123644
2019-03-19,670.3780517578125,675.5965635379631,661.5467241298652,665.9623879438388,238588
2019-03-20,675.2080688476562,680.8431883492165,665.7491182557517,672.591763364789,311380
2019-03-21,659.9127197265625,679.8368915023874,658.1014313833057,679.8368915023874,287224
2019-03-22,685.4720458984375,686.0758087104443,664.5416017488669,667.5604158089011,464232
2019-03-25,686.6795043945312,693.7234031793521,681.2456396176694,687.6857756495057,452600
2019-03-26,677.4218139648438,684.465712802862,671.5854406419143,677.220559712329,292320
2019-03-27,683.4595947265625,692.113529524337,674.0006427382974,676.8182029050147,347844
2019-03-28,678.6294555664062,687.2833899048866,676.6169126969922,680.8432527227617,269980
2019-03-29,669.9754028320312,677.2205558815816,669.1703858265256,670.9816740889132,201200
2019-04-01,654.2776489257812,661.7240571110332,653.4726318246729,660.3152771840936,205584
2019-04-02,654.2776489257812,658.5039887065999,653.4726318246729,654.2776489257812,112408
2019-04-03,651.862548828125,655.6863797721616,646.4286838023888,648.2399721443009,192536
2019-04-04,649.0450439453125,654.6801637066982,648.0387725593507,651.057586717236,144120
2019-04-05,643.8124389648438,647.4350159893411,643.2086761274275,646.02623603537,142060
2019-04-08,642.2024536132812,648.8438453303726,642.001199318824,645.8250309135128,148728
2019-04-09,649.2463989257812,651.8627049350916,645.6238213744285,647.6363644585134,160352
2019-04-10,644.6175537109375,649.2464028321837,644.416299401318,647.0326054263703,109820
2019-04-11,645.2211303710938,648.2399441438843,642.8060793528614,642.8060793528614,141352
2019-04-12,636.9697265625,640.7935574644549,635.5609467565166,637.7747435944905,154716
2019-04-15,637.5735473632812,641.5986328895646,636.1647674290821,636.5672759817104,100624
2019-04-16,637.1710205078125,639.9885802952759,633.3471893676835,633.7496979087497,96640
2019-04-17,640.18994140625,642.604993055692,631.9385149373232,631.9385149373232,139392
2019-04-18,638.37841796875,644.4160448726159,636.969638357848,637.9759095084924,140216
2019-04-22,636.9697265625,642.6048457864337,636.5672180465048,642.403591528436,97536
2019-04-23,625.90087890625,636.7686112088022,624.8946073967544,635.3598310955084,165536
2019-04-24,628.5169677734375,629.5232389354186,624.8943915903053,626.5044254494751,83792
2019-04-25,629.7246704101562,635.5610447923533,626.7058560745371,629.523416121115,135236
2019-04-26,624.089599609375,633.7498062463469,623.8883453044381,629.9259744525456,102804
2019-04-29,622.4794921875,624.2907807195684,619.8631865300679,623.6870178755455,93896
2019-04-30,622.4794921875,630.7309177224781,620.6682036554316,624.2907807195684,131740
2019-05-01,630.9322509765625,631.3347595896256,618.2532296650718,618.8569925846665,254468
2019-05-02,634.1522216796875,641.3973755928797,627.712084867961,632.3409332013895,236364
2019-05-03,621.8757934570312,628.5171854259899,620.6682676444933,627.3096596134519,143276
2019-05-06,627.3095092773438,643.8123580937512,625.2969667387574,642.6048325705995,225512
2019-05-07,647.63623046875,657.497689540524,636.1647372628088,638.5797884640596,347416
2019-05-08,649.85009765625,653.4726748497503,641.7999261151382,650.2526062333055,288512
2019-05-09,653.8751831054688,669.9755261797801,651.6613859327509,661.3215917773377,395716
2019-05-10,648.4412841796875,674.8055946165401,644.4161986168092,659.5102694776027,390276
2019-05-13,680.8433227539062,685.2709175220369,669.1705729106528,674.0006762940681,450684
2019-05-14,668.9691162109375,676.4155233408426,660.7176920940155,675.6105063538258,271668
2019-05-15,660.9190673828125,678.8306986243077,657.9002531286279,677.4219186390216,292844
2019-05-16,649.447509765625,658.302697379411,642.4036105273861,657.698934587562,239920
2019-05-17,657.4976806640625,661.1202574170326,645.4224248208291,661.1202574170326,277496
2019-05-20,666.9567260742188,670.3780490504595,659.9128258290173,666.1517089033385,305216
2019-05-21,654.8812866210938,659.3088798311934,652.8687442528667,658.1013544102572,156056
2019-05-22,658.50390625,661.3214657510697,654.2775669983955,659.9126860005349,201468
2019-05-23,675.4092407226562,682.8556477270479,670.5791388819698,670.7803931253317,382564
2019-05-24,672.994384765625,676.2144535922548,665.9504842073724,668.1642815256803,203932
2019-05-28,684.8683471679688,685.4721100364683,666.3529525339832,671.5855640609791,190136
2019-05-29,694.1260375976562,702.377463385277,689.4971889850885,691.9122404351239,365912
2019-05-30,691.1070556640625,697.5471913021668,686.478208174175,690.704547186681,326416
2019-05-31,709.2200317382812,710.2263030659462,700.9686068514284,705.7987092242203,346008
2019-06-03,714.05029296875,721.6979567604108,703.7863231431,710.0252067626128,436312
2019-06-04,682.8558349609375,703.38377341246,682.2520720653044,700.9687218299279,354484
2019-06-05,671.3842163085938,684.2644890435307,671.1829620471103,674.4030302308446,262024
2019-06-06,663.1329345703125,673.5981584239258,659.309102777646,669.7743266312594,255732
2019-06-07,649.6488647460938,658.7053080278702,644.0137444818773,657.9002908472678,294816
2019-06-10,644.0136108398438,644.2148650932312,635.5609321975708,642.0010683059693,245304
2019-06-11,644.21484375,647.6361659442362,633.1458601804123,634.9571484008903,193584
2019-06-12,646.8312377929688,649.4475433596484,642.8061523057692,645.8249664211688,124476
2019-06-13,640.9949340820312,646.0262914924082,639.7874083035407,642.4037141569368,155060
2019-06-14,643.6112670898438,647.0325902732482,640.3911982113455,643.4100127849376,130824
2019-06-17,642.403564453125,643.8123441997327,639.1834964608787,642.2023102036096,110356
2019-06-18,629.926025390625,635.5611463845347,624.4921587179263,634.1523661360573,267468
2019-06-19,626.5045166015625,633.3471614985921,624.0894654614344,629.120822003368,194724
2019-06-20,614.8316650390625,624.6931221869885,613.2216312189929,614.4291565840451,233560
2019-06-21,616.64306640625,618.0518462577003,610.6054384714629,616.64306640625,159856
2019-06-24,618.4544067382812,619.4606781452749,614.6305753917055,616.2406096428953,100772
2019-06-25,630.8695068359375,631.4761121309721,618.5351991702349,618.9396027002579,202516
2019-06-26,631.8806762695312,632.6894835351563,624.1970072460938,626.825630859375,114132
2019-06-27,628.0387573242188,630.4651787948853,625.612335853552,628.6453626918853,121036
2019-06-28,621.1638793945312,626.016722202301,619.5462651252747,623.5903007984161,138924
2019-07-01,611.0538940429688,616.1089394933573,605.3922431385336,606.2010504105957,251628
2019-07-02,607.6162719726562,614.8955351310641,607.6162719726562,611.2559035518602,165880
2019-07-03,598.3150634765625,605.3921257346495,598.11286169776,604.9877221770446,144932
2019-07-05,599.9325561523438,609.4360378305238,598.9215474631757,603.7743891711825,165576
2019-07-08,606.4031372070312,608.6273567833158,604.3811194104089,605.7965318680446,144108
2019-07-09,604.5834350585938,611.8627004974263,603.572425969867,611.8627004974263,103480
2019-07-10,599.3260498046875,602.7634799149033,595.0798126097151,599.932655118255,196316
2019-07-11,596.495361328125,601.1460031283104,595.6865540585276,596.495361328125,148968
2019-07-12,591.6424560546875,596.0908955738958,591.2380524620322,594.6754829996022,124136
2019-07-15,591.035888671875,593.4623103838362,589.8226778158945,590.0248796252246,77724
2019-07-16,595.2821044921875,596.4953153029733,590.8336648526399,591.6424720598304,148956
2019-07-17,603.1678466796875,603.3700484385475,594.8775745664233,595.6863816018637,142420
2019-07-18,599.1238403320312,608.0207181499892,597.5062261833116,605.9987004640897,184380
2019-07-19,605.9988403320312,607.0098494083277,594.473336862253,594.6755386775121,178104
2019-07-22,603.3701782226562,606.8076088626647,600.7415547920615,603.9767836297166,115364
2019-07-23,595.0798950195312,601.9547561920301,594.675491421149,598.3151238065896,139784
2019-07-24,589.6205444335938,598.5174250766246,589.4183426007976,598.1130214110324,136032
2019-07-25,595.0798950195312,598.5173256057807,591.0358590357084,591.0358590357084,168780
2019-07-26,587.396240234375,592.6534871349236,586.3852312150387,592.0468817233218,129152
2019-07-29,589.2159423828125,591.8445653241223,587.5983282650834,588.0027317945157,101252
2019-07-30,592.2489624023438,597.3040064651839,590.631348302235,595.686392365075,116384
2019-07-31,605.7964477539062,614.2889213205498,590.6313163849,591.6423251428337,331364
2019-08-01,615.9066772460938,619.9507132096269,591.8446632630718,605.189981942731,538788
2019-08-02,625.6123046875,633.0937705160189,619.7484530921744,620.7594619879202,429772
2019-08-05,662.4130859375,672.3209739750267,645.0237314226572,645.2259332193414,593796
2019-08-06,645.4281616210938,661.6043060226249,644.214950790979,653.9206374318976,359728
2019-08-07,644.21484375,671.1076793491054,640.9796154072504,660.3909854637476,482016
2019-08-08,619.95068359375,640.1708624454704,619.95068359375,637.5422391947468,360988
2019-08-09,628.0387573242188,636.531232471552,621.3660982798855,624.3991251182188,347212
2019-08-12,643.6082153320312,648.0566541436256,632.8915218313722,635.7223465296595,284720
2019-08-13,623.7925415039062,647.0457480753646,616.9176804306055,645.6303355014497,390656
2019-08-14,661.1998291015625,661.4020308841624,640.1708437111764,643.0016686675746,674396
2019-08-15,657.35791015625,668.0746032470778,653.111673271205,656.1446996176657,673416
2019-08-16,638.1488647460938,649.2699634663203,636.1268467969617,649.2699634663203,241184
2019-08-19,622.7815551757812,627.0277930519798,619.9507299249823,623.3881605866668,288624
2019-08-20,633.0939331054688,633.2961349365469,622.9838415515648,625.2080616934237,197852
2019-08-21,622.983642578125,625.8144673090869,620.5572213801576,622.5792390451304,183144
2019-08-22,623.185791015625,631.2738609833814,616.513133292226,619.7483612793286,279672
2019-08-23,655.3359985351562,661.1998504196115,621.5682997522587,629.0497659496671,827628
2019-08-26,640.7774047851562,651.8985020597488,640.7774047851562,644.2148348518485,306692
2019-08-27,645.8325805664062,649.6744149529941,632.082857498618,633.9026737870017,327096
2019-08-28,636.9356079101562,653.3139521135603,636.3290025692894,649.2699165077814,263312
2019-08-29,620.7594604492188,629.6563387097287,618.5352408840913,625.0056978008258,306728
2019-08-30,621.3660888671875,626.0167299488488,613.8846227792975,614.2890263516159,270356
2019-09-03,628.6453857421875,635.1158432345484,625.410156996007,629.8585965220052,270348
2019-09-04,615.300048828125,622.3771114994968,614.6934434562932,618.7374792685056,173640
2019-09-05,599.3260498046875,604.1788923132275,595.0798126097151,603.57228699966,273408
2019-09-06,597.9107055664062,600.9437324799998,595.686485829771,597.5063019779271,169708
2019-09-09,597.9107055664062,602.1569432454372,593.6644678873753,594.0688714758544,126000
2019-09-10,597.7084350585938,606.8075147533287,597.7084350585938,601.5502687074819,183992
2019-09-11,589.418212890625,599.7305040938572,589.418212890625,596.8996790576758,180380
2019-09-12,585.7785034179688,589.2159333655371,581.3300646622921,586.1829069412121,321120
2019-09-13,587.1940307617188,588.4072415690777,582.7455911347361,584.3632055445479,120956
2019-09-16,590.4293212890625,593.2601468020922,588.6095048878291,592.0469358679367,169656
2019-09-17,587.396240234375,592.0468817233218,587.1940384305077,591.6424781155873,151292
2019-09-18,586.9918823242188,598.1129824027004,586.5874786850012,589.4183041595238,255220
2019-09-19,587.1940307617188,588.8116451715307,581.3301785261507,585.3742145506803,161904
2019-09-20,593.86669921875,596.2931208703077,583.7566090039262,584.5654162211121,250624
2019-09-23,593.057861328125,597.1018972048937,590.4292380082254,596.0908882357015,135668
2019-09-24,602.7636108398438,606.8076471420231,586.9918692613439,588.8116855973248,494092
2019-09-25,595.6353759765625,609.2417756323517,593.8076506496654,602.9462772841507,265392
2019-09-26,598.2754516601562,604.7740309042584,594.823081436727,595.6354038422397,269092
2019-09-27,605.3833618164062,611.881942017052,595.0262496216271,595.0262496216271,635576
2019-09-30,599.0877685546875,603.1493805448887,596.4477207610566,603.1493805448887,213920
2019-10-01,614.11572265625,614.9280450407159,592.9953406601356,595.8384690057663,682832
2019-10-02,635.8455200195312,641.734858914634,621.4267937591075,621.4267937591075,610216
2019-10-03,625.4884033203125,650.2642426726105,625.4884033203125,636.8609197443182,544576
2019-10-04,608.4293823242188,622.6450220981491,607.6170600514228,622.4419415299501,298920
2019-10-07,613.7095947265625,615.3342395835488,605.1802092273847,612.0849498695762,296760
2019-10-08,632.7991943359375,633.2053555646512,619.1927931740287,622.848244232452,463524
2019-10-09,621.2235717773438,626.3005869111894,616.7557984595596,623.4574584362358,255300
2019-10-10,612.8972778320312,622.8482276709211,609.0387462618495,622.0359052350933,267644
2019-10-11,600.3062744140625,600.9155162351864,590.3553246690391,600.5093550211038,489380
2019-10-14,601.7278442382812,603.149408500741,599.0877963222847,602.1340054561268,178880
2019-10-15,589.5430297851562,597.6662544463366,586.6999011537432,597.2600932132775,396036
2019-10-16,591.5737915039062,593.8076781178928,588.9337436873766,591.9799527064492,160008
2019-10-17,588.527587890625,591.5737969376779,584.8721370341615,587.1060236686669,186248
2019-10-18,593.6046142578125,597.8693070047896,588.3245184758408,590.7614857598278,215264
2019-10-21,585.6844482421875,590.1522214257271,585.0752064444321,588.1214154332091,185612
2019-10-22,589.7460327148438,590.3552744841772,582.6382120726194,583.6536150215086,191748
2019-10-23,586.2938842773438,591.9801429402345,586.2938842773438,591.1678202741073,139916
2019-10-24,584.4659423828125,588.324473621615,582.0289752846215,582.4351364676534,188364
2019-10-25,579.998291015625,587.3091938435531,577.7644040404248,587.3091938435531,204364
2019-10-28,573.7026977539062,575.1242619607301,571.4688111431831,574.9211813597552,161216
2019-10-29,574.3118896484375,575.5303731483989,570.2502779818998,574.7180508150913,210376
2019-10-30,570.2503051757812,578.7796900822566,569.2349022107247,573.4995946639624,228248
2019-10-31,573.9058837890625,579.7952222992828,571.062754853094,571.062754853094,252872
2019-11-01,563.5486450195312,568.6256598395271,563.1424838339316,568.2194986539274,201408
2019-11-04,558.8777465820312,560.2993106176688,556.6438602403153,556.846940816835,168120
2019-11-05,560.0963134765625,561.517877723965,557.0501043749858,557.862426802073,150784
2019-11-06,559.8934326171875,563.7519655224202,559.0811099002964,560.0965132964103,177604
2019-11-07,556.23779296875,558.0655184659091,551.77001953125,555.0193093039773,282604
2019-11-08,553.5977172851562,560.5024577061744,553.5977172851562,557.4562486969016,163404
2019-11-11,555.8316040039062,559.6901354164288,555.0192816012699,559.0808936144516,133908
2019-11-12,553.5977172851562,556.643926294429,549.9422664740291,554.410039687629,200540
2019-11-13,552.9883422851562,558.4715171811163,551.769858974943,557.6591949743074,211628
2019-11-14,551.7700805664062,557.0501770311565,551.5669999331466,554.4101287987814,173044
2019-11-15,543.8497924804688,549.1298875530947,543.6467119007524,546.6929205964981,232820
2019-11-18,542.8345336914062,546.4899850967356,542.2252917905181,544.6622593940709,163104
2019-11-19,543.8497924804688,546.0836788573489,540.8035837847231,541.0066643644394,180704
2019-11-20,547.7083129882812,553.59764968708,543.849782047689,545.8805878058954,296056
2019-11-21,549.1300659179688,552.582436894524,546.6930981698121,547.505420752531,186876
2019-11-22,546.8961791992188,550.957792115663,546.2869372617521,546.6930985533966,150736
2019-11-25,538.9759521484375,543.8498869078808,538.5697909184839,543.646806292904,147108
2019-11-26,536.5390014648438,539.7882914055847,535.7266789796585,538.3667270565105,156316
2019-11-27,531.8680419921875,535.7265730337498,531.8680419921875,534.7111701280754,166720
2019-11-29,535.9296875,536.538929281925,532.8834785903751,533.6958009662751,102528
2019-12-02,545.0682983398438,546.4898624562293,534.7111883490345,534.7111883490345,313100
2019-12-03,552.7853393554688,560.9085625642192,551.9730170345937,555.8315480587502,360576
2019-12-04,545.474609375,549.7393028958023,543.2407222926751,548.520819032716,157568
2019-12-05,543.8497924804688,548.9268069733782,543.0374701616032,543.2405507413196,237188
2019-12-06,534.1021118164062,536.7421602778561,532.2743859584793,536.3359989760946,242444
2019-12-09,537.1482543945312,537.3513350200112,532.8835612594519,535.3205287652115,109884
2019-12-10,538.7728271484375,541.006713729151,535.1173763799973,537.5543435589574,149624
2019-12-11,535.7266235351562,538.366671338779,534.7112205337628,536.9451071368283,117632
2019-12-12,526.7910766601562,536.7420260650705,523.5417870585516,535.726623064569,376100
2019-12-13,525.7756958007812,530.2434691911317,521.3079224104308,527.4003406699995,316500
2019-12-16,518.4647216796875,519.683205161896,516.4339158760068,519.683205161896,157440
2019-12-17,518.4647216796875,518.6678022600556,516.2308352956387,517.2462381974791,148524
2019-12-18,518.4647216796875,518.6678022600556,516.2308352956387,516.840077036743,93584
2019-12-19,514.4031372070312,518.2616684375616,514.2000566159506,517.8555072554005,130576
2019-12-20,509.52923583984375,510.95080006897047,507.7015104023951,510.7477194648095,219300
2019-12-23,508.3106384277344,509.122960662537,507.09215507553046,507.2952356342311,103596
2019-12-24,508.59613037109375,509.81920723771765,507.7807457933445,507.98459193778183,50876
2019-12-26,503.5000305175781,507.37310767540566,503.29618435137667,507.37310767540566,102128
2019-12-27,503.5000305175781,505.5384921795926,500.8500303569593,500.8500303569593,148748
2019-12-30,509.2076721191406,511.042287431019,503.09228774621255,503.4999800377411,230452
2019-12-31,506.7615051269531,512.2653509187584,506.1499667056414,511.44996635700943,191008
2020-01-02,497.58843994140625,505.1307473063518,497.5884399414063,501.4615166963783,194688
2020-01-03,504.3154602050781,509.4116148150728,501.46161362348107,509.20776863067306,240020
2020-01-06,501.6654052734375,511.6538672232134,501.0538667867165,511.6538672232134,196880
2020-01-07,504.3154602050781,505.9462296802764,501.66545980788084,503.7039216518787,125156
2020-01-08,499.2191467285156,504.5191458362908,494.9383782183895,503.70376135817156,295044
2020-01-09,492.4922790527344,495.7538173246068,492.28843291074236,493.7153559046866,259912
2020-01-10,495.3461608886719,496.77308398588207,490.04616081331983,490.45385312680844,235464
2020-01-13,488.4154968261719,494.73472904721166,488.4154968261719,493.1039594417821,209024
2020-01-14,490.25,491.8807692307692,486.58076923076925,490.04615384615386,303324
2020-01-15,488.0076904296875,490.6576904194895,485.3576904398855,490.4538442664278,378896
2020-01-16,480.0577392578125,484.33850890724517,480.05773925781244,483.7269703858977,330792
2020-01-17,477.0000305175781,479.6500306871202,476.38849201691454,477.61156901824165,301656
2020-01-21,479.0384216308594,480.46534458890875,476.38842185162486,480.2614984520445,264116
2020-01-22,478.83465576171875,479.2423481037892,474.14619382790886,476.3885017092962,188628
2020-01-23,478.0192565917969,484.74618003210793,477.40771809722315,481.07694906466554,258548
2020-01-24,486.580810546875,490.4538877988191,475.7769634756624,475.7769634756624,398356
2020-01-27,502.4807434082031,504.7230509852783,497.38458982394144,503.70382026842594,650380
2020-01-28,491.88079833984375,499.01541414667946,488.8231058511999,497.5884909853123,321884
2020-01-29,492.6961669921875,493.30770547004295,486.58078221363326,487.39616685077385,234772
2020-01-30,489.43450927734375,502.0729680758424,488.8229709483842,499.4229686503508,428892
2020-01-31,507.5768127441406,510.43065827764184,491.0652778717409,491.6768162003483,529088
2020-02-03,499.626953125,502.8884917826908,493.51156814182985,502.4807994504794,393772
2020-02-04,484.54229736328125,488.82306650279696,481.89229741977147,487.8038357552932,349536
2020-02-05,473.5345764160156,480.05765280228877,472.92303800480255,475.36919164965497,349260
2020-02-06,470.4769592285156,473.9423441101815,470.06926688949613,470.6808053980254,233092
2020-02-07,475.36932373046875,477.2039394738539,471.7000922436984,473.9424003745025,341544
2020-02-10,468.4384765625,478.63078458170145,468.4384765625,478.63078458170145,203512
2020-02-11,467.01153564453125,468.43845871284714,461.91538182911734,464.36153566051604,316432
2020-02-12,460.8961486816406,463.7499948035084,460.2846102269547,462.5269178941365,175124
2020-02-13,462.1192932128906,466.19621684070614,459.2654466734197,465.38083211514305,273568
2020-02-14,460.6922912597656,464.5653680446929,460.48844511319055,461.303829699491,185048
2020-02-18,463.1385498046875,467.4193198512977,461.9154726485131,463.9539345754704,213028
2020-02-19,458.6539001464844,461.10005428059895,456.61543836805555,460.28466956922745,143264
2020-02-20,462.7307434082031,471.69997367690837,458.0422821313799,460.4884358410268,340432
2020-02-21,472.1077575683594,474.75775793467574,465.99237210762936,467.01160301775104,390900
2020-02-24,504.1114807128906,507.16917267030806,494.1230203186603,501.66532714695666,901712
2020-02-25,534.0768432617188,537.5422273592185,497.18069492951605,499.01531003995706,1376468
2020-02-26,538.5615844726562,541.0077385277932,515.7308132913779,528.9808144233698,1131276
2020-02-27,587.076904296875,587.076904296875,544.8807518005372,559.7615205552843,1500832
2020-02-28,592.9884643554688,634.5730799376329,591.153848962138,621.934618339132,1471712
2020-03-02,540.5999755859375,599.5115113869691,540.192283296657,585.8538196960725,1186500
2020-03-03,570.1575317382812,580.7575287530794,523.8844678467582,538.9690789832018,1191956
2020-03-04,523.6807861328125,559.7615565281055,522.865401491111,549.365402346411,914292
2020-03-05,558.5386352539062,566.8963301609903,538.561705963803,550.3847865640681,1018816
2020-03-06,576.6808471679688,604.200081656366,572.6039235400581,594.0077725865892,1129000
2020-03-09,668.41162109375,670.6539290632625,629.0693085377593,669.2270058099364,776472
2020-03-10,599.511474609375,671.876851517341,599.3076284772399,618.2653187658057,1050852
2020-03-11,657.40380859375,672.4884231165213,626.2153488372093,631.7191946765988,646016
2020-03-12,785.826904296875,786.8461350417476,694.9115218542274,762.5884433137767,1330608
2020-03-13,642.3192749023438,775.4308225098431,642.1154287344915,689.6115858440587,1248028
2020-03-16,787.4576416015625,813.3461014730092,705.3076468913814,785.419180194362,932492
2020-03-17,693.28076171875,801.7269143898394,675.5461465262974,749.746145722306,896480
2020-03-18,759.1229858398438,831.2845156430942,733.0306812782165,787.2537516953482,934588
2020-03-19,758.7153930664062,816.2000090913193,720.1884695603475,772.373085526226,910616
2020-03-20,826.392333984375,829.4500263893493,729.5654078268569,740.9807928054275,865284
2020-03-23,871.6461181640625,905.076886026295,825.1691969897392,832.9153505187932,1034040
2020-03-24,711.423095703125,786.8461746172098,707.5500186778071,779.1000205665741,965348
2020-03-25,691.96484375,732.5965946813219,635.6112595437445,701.5612874372972,1182632
2020-03-26,609.884521484375,678.4888734156606,602.1256959683367,675.8345383707001,1130104
2020-03-27,645.00341796875,656.0291174212073,611.5179603723983,646.4326753051796,1060424
2020-03-30,603.1465454101562,644.1866454871507,599.6754921698135,633.7734857661222,991668
2020-03-31,621.7269287109375,627.8523171711438,594.9793991013701,607.8427148678032,1066020
2020-04-01,677.2639770507812,687.8813200735851,651.1289788408023,669.0967901101628,1223680
2020-04-02,645.8201293945312,685.2267955257814,641.1239981975428,682.3682808841363,1311112
2020-04-03,663.5836791992188,679.3055079064003,638.2654095928485,651.1287239896334,1000144
2020-04-06,574.1531372070312,618.2559386425643,563.9441553932505,612.3347291905714,1012380
2020-04-07,572.7237548828125,573.7446528416054,530.6627589805454,533.3170936734069,1407928
2020-04-08,534.3379516601562,570.8860958508967,528.6209235185879,560.6771170266676,1009780
2020-04-09,517.3911743164062,528.6210537905192,506.3654744690953,521.2705872256453,1541076
2020-04-13,527.39599609375,543.322007590193,520.8622477875169,521.4747866912263,898028
2020-04-14,495.9523620605469,511.0616559232395,492.8896673586497,507.1822426341698,929564
2020-04-15,516.9828491210938,525.1500347312216,511.06163955375104,518.2079269626129,841068
2020-04-16,511.674072265625,524.7415665293919,508.81555789542597,512.0824314613677,930548
2020-04-17,484.5182189941406,500.03586949711354,482.068063651566,489.41852967929,849020
2020-04-20,501.2610168457031,502.4860946872812,485.5391845454509,498.8108611625469,806244
2020-04-21,532.29638671875,535.5632613591413,514.1243965315737,519.228888157185,1121756
2020-04-22,507.794677734375,516.9827599611731,500.8525711630164,512.490808650294,773660
2020-04-23,508.2031555175781,509.63241308632985,490.8478850398786,503.0986642006077,973716
2020-04-24,494.11468505859375,510.6532344345219,491.6645295954933,502.2818699355953,621184
2020-04-27,479.82208251953125,488.397626122008,475.73849032787564,486.96836885492854,568112
2020-04-28,484.31402587890625,485.3349239098483,465.32532250338426,466.3462205343263,822304
2020-04-29,458.99578857421875,468.3880511518051,453.2787591791662,464.3044587267675,1084564
2020-04-30,467.5714416503906,473.4926520468366,462.05859059163055,463.8962076112173,784584
2020-05-01,492.277099609375,496.36069230625907,481.8639382323206,484.51827348529525,767264
2020-05-04,489.2144775390625,504.73213208537663,488.19357921364707,500.2401794535489,630168
2020-05-05,480.2304992675781,481.8639363399168,469.8173379314189,478.5970621952394,705484
2020-05-06,486.35589599609375,487.1726145452056,472.67586029847064,474.30929739669426,589620
2020-05-07,475.1260070800781,476.96362378129027,467.97971990869746,474.9218274466101,675804
2020-05-08,458.99578857421875,467.9796919093013,457.97489046795937,463.8960994842638,667776
2020-05-11,458.5875549316406,467.3672810501003,454.2997817109975,465.9380233098859,507296
2020-05-12,477.3719787597656,477.5761583913994,453.68714149024777,455.1163989116842,622252
2020-05-13,494.3187561035156,503.09847791782835,475.73841458950494,479.41364697689164,1379284
2020-05-14,481.8638916015625,512.695013479459,481.8638916015625,504.1194696458719,1106600
2020-05-15,478.1887512207031,494.7273032484046,477.78039191137714,491.05206946447095,726768
2020-05-18,448.5826721191406,456.3414984917066,443.0698218017912,454.9122410020234,988388
2020-05-19,457.5665283203125,457.9748875602235,445.11157150302597,450.4202416218694,659188
2020-05-20,442.2530517578125,446.54082372776355,439.3945371111784,445.7241052572967,609948
2020-05-21,448.5826721191406,452.053726022657,440.0071271810415,443.0698218017912,630292
2020-05-22,446.94921875,453.48296703688897,446.1325002141389,449.3993743575833,490640
2020-05-26,435.3109130859375,436.7401703052628,426.12283096170336,426.7353697699856,756740
2020-05-27,422.6518249511719,442.0488893812981,422.6518249511719,426.5312378371971,807196
2020-05-28,424.0810546875,426.12285081021304,413.2595352371209,419.38492360526,782496
2020-05-29,420.40582275390625,433.47331797306606,418.5682062387119,425.71449268668994,832156
2020-06-01,416.9347839355469,423.8768910138077,415.0971673560073,422.4476336741658,432964
2020-06-02,409.7885437011719,417.95572942516134,409.7885437011719,414.4846754924658,528856
2020-06-03,398.76287841796875,404.8882682554184,396.1085428217406,403.86736994917675,703152
2020-06-04,401.0087585449219,406.92996730144057,396.7209866867531,401.82547699409685,545704
2020-06-05,380.1824645996094,385.89949414246064,375.28215356287967,385.69531451593025,927740
2020-06-08,370.79022216796875,379.5699465915495,370.58604253021105,377.936509489488,517364
2020-06-09,376.30303955078125,379.97827270971453,372.8319860117887,377.7322968903664,492132
2020-06-10,380.5907897949219,382.63258587751267,372.8319646810769,375.2821199801859,636768
2020-06-11,424.6935729980469,426.3270098172701,397.3335062760573,399.1711226976835,1237032
2020-06-12,414.4846496582031,430.410660827336,400.6004347928052,403.05059035728715,1356600
2020-06-15,406.5216064453125,434.9025724402389,403.45891227319817,431.6356986566502,977340
2020-06-16,390.7998046875,404.88819890037223,383.8576973942006,384.0618770204741,1082636
2020-06-17,394.2708435058594,396.1084600732093,387.32873647364846,388.3496345666207,493204
2020-06-18,393.86248779296875,399.57951716476924,392.43323045001864,398.558619062662,434752
2020-06-19,398.76287841796875,402.0297529979419,384.0619428080897,384.6744817918347,618792
2020-06-22,393.0457763671875,403.25475757153004,392.2290578708401,399.9878835861404,379252
2020-06-23,389.77886962890625,390.5955880566253,383.44930181408375,385.8994570972408,514168
2020-06-24,409.3800964355469,414.48458641604,393.6582672956281,395.2917040893859,899176
2020-06-25,400.6004638671875,416.9348354825672,399.78374528641854,411.42198506237656,754520
2020-06-26,419.3849792480469,421.2225960022983,403.05060809914534,403.8673266565904,921556
2020-06-29,407.5425720214844,422.6518657737839,407.1342127308817,416.1181171241409,722440
2020-06-30,396.1085205078125,408.9718384418291,392.0249275128866,408.7676587920828,576300
2020-07-01,391.00396728515625,394.8833800154006,387.7370934070557,393.6583023111129,598168
2020-07-02,387.1245422363281,388.75797912340124,378.140639357426,382.02005196422465,623564
2020-07-06,374.8738098144531,378.5490432440066,373.648732004602,376.71142652922987,519452
2020-07-07,382.632568359375,383.65346635393047,373.85284560619834,378.95733557897546,455324
2020-07-08,376.9156494140625,385.28701540863267,376.5072900972542,380.79506292374134,499460
2020-07-09,380.79498291015625,389.77888599221893,374.66959444511355,375.2821332916178,748640
2020-07-10,373.03619384765625,385.0827923353474,372.6278345768871,381.40755889842467,530372
2020-07-13,379.5699768066406,381.2034140387294,361.19380794564137,367.31919756597443,899028
2020-07-14,369.7693176269531,386.5120476354623,368.9525990899527,383.4493531217106,999384
2020-07-15,362.6230163574219,368.95258477357055,360.17286084149333,361.39793859945763,701580
2020-07-16,365.4815673828125,369.15680102129886,364.256489503317,367.52336384863827,469412
2020-07-17,363.0313415527344,367.72747251770227,361.3979046953542,362.82716194556184,357536
2020-07-20,357.31439208984375,365.48157819475443,355.4767752162388,363.64396132114956,451312
2020-07-21,355.680908203125,358.131063713135,351.3931360606074,352.41403418977825,434128
2020-07-22,351.8014221191406,356.90591170299354,350.9847037857242,356.7017321196394,315188
2020-07-23,359.9686584472656,363.23553226187494,350.78057584367684,352.8223719778077,616344
2020-07-24,364.664794921875,368.34002801739217,362.2146395248635,364.8689745382926,540588
2020-07-27,359.5603332519531,364.86900370314606,358.9477943537386,362.8272073757642,302368
2020-07-28,364.0522155761719,364.6647543572871,358.3351869524294,361.39788085800575,310400
2020-07-29,355.068359375,362.0104664588126,353.63910203421506,361.80628683870043,326736
2020-07-30,357.31439208984375,367.1150154157366,356.49767347935267,362.2147037527902,576516
2020-07-31,351.59735107421875,363.4397705645234,351.59735107421875,353.0266085989107,596236
2020-08-03,346.9012145996094,349.1471906800071,345.0635978065567,347.92211281797194,350324
2020-08-04,344.45098876953125,348.7387604139653,344.24680916741534,348.7387604139653,280964
2020-08-05,339.7548522949219,341.7966482822712,339.346493097452,341.38828908480133,505000
2020-08-06,335.262939453125,342.0008669817201,334.8545802089677,341.38832811548417,441016
2020-08-07,334.85455322265625,339.5506841519984,334.4461940114091,337.71306770138625,402352
2020-08-10,333.0169982910156,338.1214893745689,332.4044593609892,334.0378965077263,319256
2020-08-11,338.3256530761719,339.9590901459422,328.9333899249927,330.1584677273204,451220
2020-08-12,328.7291564941406,332.81274850027904,327.09571969168525,332.81274850027904,382120
2020-08-13,330.1584167480469,331.9960331677948,327.29990231732785,330.5667759524353,323192
2020-08-14,330.1584167480469,332.4043923721832,328.9333391348816,330.97513515682374,232304
2020-08-17,328.11663818359375,328.9333566358242,327.0957401183056,327.9124585705361,159872
2020-08-18,326.4832458496094,330.3626590273096,325.66652728588303,327.09578477240416,275308
2020-08-19,329.34173583984375,330.3626339670596,324.64560445465065,325.4623229564234,268064
2020-08-20,327.0957946777344,333.2211840911751,326.0748964421609,333.0170044440604,278340
2020-08-21,324.8497314453125,328.5249641077988,324.44137226059183,327.9124253307177,249024
2020-08-24,318.1118469238281,321.78708007185696,318.1118469238281,319.7452838785076,275624
2020-08-25,315.8659362792969,319.3369905241243,315.66175661783643,317.2951939095199,294184
2020-08-26,309.53631591796875,315.86588438330983,308.9237770342261,314.64080661582443,304472
2020-08-27,308.1070861816406,311.3739605215388,305.4527507804734,308.1070861816406,456756
2020-08-28,304.2275695800781,308.5153406949651,304.02339000317875,306.0651857721726,258988
2020-08-31,306.2694396972656,306.8819785766602,303.00256567382814,304.43182305908203,259452
2020-09-01,300.5523986816406,306.67778724172837,300.5523986816406,304.6359910550325,305756
2020-09-02,291.9768371582031,299.3273029887593,290.13922070056407,296.87714771190724,568544
2020-09-03,311.98651123046875,316.4784636172949,294.0187016831643,295.0395999528975,1103872
2020-09-04,317.0909729003906,330.9751880692422,307.69870969793214,310.5572245856369,1311604
2020-09-08,334.0378112792969,335.0587092355294,325.46226844694326,328.116603133148,841772
2020-09-09,320.9703369140625,327.5040842303793,315.6616672195551,325.6664677976652,573900
2020-09-10,332.4044494628906,334.2420661982506,315.865898844651,317.4993359427487,861764
2020-09-11,331.7918395996094,338.12140700120193,326.27899057241586,328.52496610201325,825188
2020-09-14,323.2163391113281,326.07485379708845,319.541105943922,324.84977607461974,584524
2020-09-15,319.745361328125,322.19551735362785,316.2743069586626,317.90774430899785,364160
2020-09-16,322.3996276855469,322.8079869353069,314.4366223152262,317.0909574386664,433364
2020-09-17,327.9124755859375,333.62950504820793,324.64560160749727,332.81278655359785,658332
2020-09-18,335.8755187988281,340.9800099659836,326.0748957578897,326.2790754045759,607660
2020-09-21,342.817626953125,353.639148232765,342.817626953125,345.67614200812426,911996
2020-09-22,335.8755187988281,345.26778254639413,334.85462056539706,339.7549320858663,376112
2020-09-23,351.59735107421875,352.82242895252614,334.2420811315308,334.6504404243,645668
2020-09-24,349.5554504394531,357.92681344647275,342.613344531193,354.8641196634168,1132864
2020-09-25,338.52978515625,353.8432555342468,336.48798910585043,351.8014594838472,539816
2020-09-28,327.2998962402344,331.3834882082972,325.4622798546061,329.13751262586266,415180
2020-09-29,330.5667724609375,332.20020926123857,326.07482126010945,327.29989886033525,326180
2020-09-30,325.6665344238281,329.7501273319639,318.9286061254041,329.3417680411503,856856
2020-10-01,321.787109375,325.46234285770936,318.5202351681472,320.1536722715736,407764
2020-10-02,327.5040588378906,332.6085485329949,323.62464666961137,331.79183018177827,773624
2020-10-05,316.070068359375,323.42053506540697,315.6617090979288,323.42053506540697,333480
2020-10-06,325.05401611328125,325.87073474673167,311.5781586613487,315.4575721702384,660604
2020-10-07,313.619873046875,318.9285427729289,311.98643620808923,318.9285427729289,346600
2020-10-08,308.3112487792969,311.57812293854766,307.9028895093905,309.9446858589223,326100
2020-10-09,302.79840087890625,306.0652750623604,301.57332306011097,305.044376880031,397124
2020-10-12,292.58935546875,298.71474323152916,289.93502077154574,297.8980248631586,448872
2020-10-13,296.67303466796875,298.3064718856864,292.79362127588934,292.997800928104,363444
2020-10-14,300.34820556640625,301.5732832233732,293.6102784530878,295.6520745480328,399352
2020-10-15,300.756591796875,308.51541765449974,300.14405291337835,307.9028787710031,569156
2020-10-16,301.5732727050781,301.5732727050781,295.44788463388494,298.30639906710843,305692
2020-10-19,310.55718994140625,312.1906268378765,297.89805399376183,298.91895205405575,488064
2020-10-20,307.90289306640625,309.53633016490176,301.57332430973605,308.1070727037182,489476
2020-10-21,309.1279296875,309.7404685177923,304.0234394350644,308.3112112471103,362308
2020-10-22,305.65692138671875,313.00738843409476,304.6360231856943,308.7196159897921,415956
2020-10-23,303.61505126953125,308.31118185406336,303.4108716788994,303.4108716788994,258736
2020-10-26,314.84503173828125,321.5829604330694,308.7196420157466,310.14889961767136,671044
2020-10-27,316.68255615234375,317.4992745434523,313.41568258790954,314.2324009790181,455408
2020-10-28,338.52978515625,339.75486278648975,327.09572727401235,328.72916411433204,892492
2020-10-29,331.383544921875,341.7967062225624,324.6456170214302,337.91729318897296,746868
2020-10-30,338.52978515625,346.49278975280833,332.2002174000113,335.0587318705707,936812
2020-11-02,330.77099609375,337.1005645375193,326.4832239221643,330.97517572096837,750652
2020-11-03,319.1328125,325.0540227127319,314.84503958733205,324.0331244001919,720676
2020-11-04,304.8402404785156,312.3948880992156,296.67305386154266,309.9447321141237,1181052
2020-11-05,292.7935791015625,295.44791419802016,289.5267051366915,294.63119570680243,814240
2020-11-06,292.7935791015625,297.2855308032601,290.95596249632257,293.6102975927802,541036
2020-11-09,285.6473083496094,286.46402688670616,269.3129376076732,269.92547651049574,1181700
2020-11-10,286.4640197753906,292.1810493931461,284.62640311254063,287.4849179214184,597112
2020-11-11,282.3804016113281,285.03473655055245,280.95114433636115,282.5845812220377,345408
2020-11-12,287.6890869140625,290.95596086056713,282.7887759943056,284.21803334590135,615888
2020-11-13,279.7261657714844,285.2390172136961,278.50108767321507,284.2181187984717,509940
2020-11-16,272.9881896972656,277.48014195855194,272.9881896972656,275.4383454761491,389824
2020-11-17,275.64251708984375,279.31775065104165,273.8049003092448,276.86759494357636,329608
2020-11-18,282.1762390136719,282.3804186366919,274.417413338911,275.4383114540111,395748
2020-11-19,279.93023681640625,285.851445326746,279.31769800499177,283.4012900810882,414228
2020-11-20,284.0138854980469,284.0138854980469,280.13447225256675,280.3386518970657,297364
2020-11-23,280.3387145996094,284.6264880931213,278.5010973881043,280.5428942897766,408804
2020-11-24,271.3547058105469,277.48009420356146,270.5379873581449,275.8466572987576,391668
2020-11-25,272.1714172363281,274.00903370679094,271.3546988050113,271.7630580206697,243408
2020-11-27,270.94635009765625,272.3756074078926,269.925452018916,270.53799086616016,119416
2020-11-30,272.9881896972656,277.48014195855194,271.5589321595836,271.9672914560642,307340
2020-12-01,267.06695556640625,268.70039260350967,264.61680001075115,267.67949445532,458576
2020-12-02,266.0460205078125,269.7212533314047,265.63766130519116,268.7003553248513,301128
2020-12-03,266.250244140625,267.67950158616514,264.0042681547762,266.04606450554786,345532
2020-12-04,261.5540771484375,265.4334896900615,261.5540771484375,265.2293100826076,374760
2020-12-07,262.37078857421875,264.4125845942516,261.75824976820894,262.37078857421875,309748
2020-12-08,260.9414978027344,264.61673016615316,260.12477949975244,264.61673016615316,265616
2020-12-09,265.4335021972656,267.0669391338642,259.71647291917066,259.71647291917066,444708
2020-12-10,265.84185791015625,269.31291135445167,264.2084209951937,268.0878336682298,384000
2020-12-11,266.4544372558594,270.94638945480875,266.0460779650458,268.49623370992725,343740
2020-12-14,269.10870361328125,269.10870361328125,261.3498790781487,263.18749541541695,352360
2020-12-15,261.5540771484375,266.86274694223874,261.5540771484375,264.6167712602459,347548
2020-12-16,260.9414978027344,262.77911398444377,259.3080611967705,261.34985695422534,283820
2020-12-17,258.0830383300781,259.5122956626023,257.470499473282,258.49139756794216,220916
2020-12-18,259.92071533203125,262.9834103280882,257.0622000023781,257.2663796687819,417212
2020-12-21,261.5540771484375,269.9254410540471,260.533179111168,265.84184890496925,580976
2020-12-22,262.57501220703125,264.412628933208,260.94157511709636,261.3499343895801,280512
2020-12-23,261.9624938964844,262.37085320107747,259.10397876433257,260.9415956350016,317808
2020-12-24,260.12481689453125,262.3707925506065,260.12481689453125,261.5540741302155,117788
2020-12-28,255.63290405273438,257.2663411393333,255.02036514525975,255.83708368855923,254948
2020-12-29,256.4495544433594,257.4704523511753,252.97850155678526,253.38686071991162,331556
2020-12-30,256.041259765625,256.4496190315989,254.40782270172946,255.22454123367723,250712
2020-12-31,252.97854614257812,257.06213849354793,252.16182767238416,255.83706078825696,301312
2021-01-04,259.92071533203125,265.43356632493374,251.14098967666806,251.14098967666806,702240
2021-01-05,256.65380859375,261.34994033412886,254.81619182577566,260.9415810523568,437836
2021-01-06,253.59107971191406,259.5122884974579,248.69076899284323,258.8997496575741,676848
2021-01-07,245.83229064941406,250.12006316074104,244.81139243243143,249.711703873948,466548
2021-01-08,242.97372436523438,248.4865735735212,242.76954476492745,244.1988019670759,547988
2021-01-11,246.03648376464844,247.6699210012602,243.9946872188837,247.6699210012602,410920
2021-01-12,246.24057006835938,249.50744330309715,244.8113130281616,246.24057006835938,341548
2021-01-13,245.0155487060547,247.46570419311524,243.5862913386027,246.24062644958497,297244
2021-01-14,246.44479370117188,247.05733254218555,243.1779198824322,243.99463833711712,281448
2021-01-15,250.32423400878906,252.9785692796816,247.66989873789652,248.89497655523155,492804
2021-01-19,246.24057006835938,248.89490457158382,245.42385175967493,246.6489292227016,282372
2021-01-20,239.50267028808594,243.79044187892123,238.2775926907044,243.17790308023046,357780
2021-01-21,238.8901824951172,240.31943999722472,238.0734639224843,238.68600285195896,388432
2021-01-22,240.72779846191406,242.1570559591434,239.29854096468472,241.5445170317594,342464
2021-01-25,238.48182678222656,246.24065333849762,238.27764713600888,239.91108430575017,551204
2021-01-26,239.70684814453125,239.91102774261006,237.05251336950664,237.46087256566426,266544
2021-01-27,251.1409149169922,254.20360900134574,243.79044911454363,243.99462872016719,991180
2021-01-28,246.85311889648438,249.09909433722987,241.13609050185943,248.2823759951406,885664
2021-01-29,256.4495544433594,259.10388900368076,248.282371180832,249.50744867021112,1085832
2021-02-01,248.48658752441406,255.02033510106259,246.64897101848166,251.75346131273832,529236
2021-02-02,241.1361083984375,243.9946228079025,238.89013279100075,243.9946228079025,546576
2021-02-03,240.93194580078125,242.3612031063791,238.68597003484174,240.11522734043962,424308
2021-02-04,235.41912841796875,239.7069009216785,235.41912841796875,239.29854163561092,400836
2021-02-05,233.37730407714844,235.01074102606987,232.56058560268775,233.17312445853327,343352
2021-02-08,229.90623474121094,232.76474920513363,229.90623474121094,231.5396715777382,307224
2021-02-09,230.51878356933594,231.74386124995243,229.7020651155916,231.33550202308027,259016
2021-02-10,230.51878356933594,233.78565738431323,228.06862820810295,228.47698743497511,464704
2021-02-11,229.7021026611328,232.96897701009115,228.68120442708334,229.08956372070313,437260
2021-02-12,227.66021728515625,231.13126992537835,227.25185815101247,231.13126992537835,338876
2021-02-16,227.66021728515625,228.88529468758756,225.82260118150924,226.02678074858113,439368
2021-02-17,227.86447143554688,231.53970484579764,227.45611216774125,230.31462704238072,455400
2021-02-18,229.7021026611328,233.37733630371093,228.88538407389322,231.335539835612,534908
2021-02-19,230.51878356933594,231.13132240964418,227.86444859466687,228.27280782153903,443268
2021-02-22,234.19407653808594,234.60243586945137,231.13138155284506,234.39825620376865,420636
2021-02-23,233.37730407714844,242.3612072962163,231.74386712822704,237.05253721222167,820496
2021-02-24,228.2728271484375,236.2358327466388,227.86446788699126,235.01075496230015,584976
2021-02-25,239.50267028808594,241.1361070845946,228.2727923120887,229.9062291085974,960784
2021-02-26,241.74867248535156,244.60718719379324,235.41910420237363,237.052541178626,844288
2021-03-01,229.90623474121094,235.21490445992453,228.4769775092496,235.21490445992453,649144
2021-03-02,233.5814666748047,233.98982588227813,229.49787460007036,229.70205420380708,765060
2021-03-03,239.70684814453125,239.91102774261006,233.37728060408793,234.6023581925608,688232
2021-03-04,246.03648376464844,251.9576937473661,236.64421965413072,240.31945343650722,1522360
2021-03-05,236.6441650390625,251.14091716828892,235.21490778688525,240.93193679559425,1038832
2021-03-08,238.8901824951172,239.50272142459184,231.7438949845795,235.62330820458567,804368
2021-03-09,232.35641479492188,234.6023906848552,228.88536114684308,233.7856721794249,639744
2021-03-10,229.2937774658203,231.13139456038164,227.2519806940855,229.29377746582028,690212
2021-03-11,224.8017578125,226.84355397791782,222.14742279745687,226.0268355117507,616856
2021-03-12,224.18919372558594,227.25188762894092,223.78083453847194,226.23098966115595,540744
2021-03-15,221.12652587890625,226.43519593694091,221.12652587890625,223.57668129030688,422164
2021-03-16,221.73904418945312,222.96412178166005,219.69724820244159,221.12650539334967,636340
2021-03-17,220.5139923095703,224.8017643822564,219.493094197026,223.7808662697121,777400
2021-03-18,227.04776000976562,227.6602989306553,221.12655044116565,223.3725264844277,848052
2021-03-19,227.66021728515625,230.3145516570908,225.41424204736546,227.25185815101247,732540
2021-03-22,223.98504638671875,227.04774073111327,222.3516094030417,226.84356110815364,447220
2021-03-23,227.66021728515625,228.47693555344378,222.96408724250279,224.8017033461498,614240
2021-03-24,229.7021026611328,229.90628230794272,223.78089290364585,225.414330078125,690472
2021-03-25,227.45611572265625,234.1940437467565,226.2310379000926,231.53970846453518,753396
2021-03-26,219.9014434814453,226.63937071903834,219.49308425492453,225.82265226599677,580204
2021-03-29,220.10562133789062,223.57667473561247,219.08472327973715,222.14741745419758,746512
2021-03-30,221.3306884765625,223.372484495719,220.5139700688999,221.53486807847815,530368
2021-03-31,219.4930877685547,220.71816546772803,217.6554712197947,220.51398585119912,435112
2021-04-01,214.5927734375,217.45128802182444,214.59277343749997,217.24710840865842,418084
2021-04-05,208.87574768066406,211.93844192818113,207.85484959815838,211.53008269517886,459828
2021-04-06,209.07989501953125,209.69243377447128,207.65063792467117,209.28407460451126,311180
2021-04-07,208.46739196777344,209.48829006751768,207.8548531079269,209.07993082762,315904
2021-04-08,206.62977600097656,208.05903334485686,206.22141675986794,206.8339556215309,371672
2021-04-09,203.36293029785156,206.62980468014638,203.15875064895815,206.62980468014638,319388
2021-04-12,203.15870666503906,204.58796389785843,202.95452706035059,203.77124547910452,341352
2021-04-13,201.9336700439453,203.7712868593098,201.32113110549045,203.3629275670066,329996
2021-04-14,203.36293029785156,203.97546924453184,200.91277451113046,201.9336727555976,567240
2021-04-15,198.8709259033203,201.11690145253644,198.66674630793702,201.11690145253644,525676
2021-04-16,197.64590454101562,199.07516211517586,197.03336558066124,197.8500841944671,441752
2021-04-19,199.68768310546875,200.91276091593176,198.0542460248514,198.6667849300829,622908
2021-04-20,202.54615783691406,203.9754149990697,200.0960027017901,201.1169006747584,939324
2021-04-21,198.8709259033203,203.3628770017526,198.46256671255372,203.1586974063693,504760
2021-04-22,202.34201049804688,203.3629086337585,198.05423832805798,198.66677720948496,1048468
2021-04-23,197.64590454101562,201.93367726349632,196.42082662030683,201.5253179565934,572996
2021-04-26,196.6249542236328,197.64585222064025,196.4207746242313,197.44167262123875,364448
2021-04-27,197.03335571289062,198.2584335722454,196.62499642643905,196.82917606966484,491716
2021-04-28,197.4416961669922,197.64587579074293,195.60407955323527,197.03333691949064,519492
2021-04-29,194.5831756591797,198.2584087776112,194.1748164237984,194.37899604148905,904580
2021-04-30,197.4416961669922,198.25841466199526,196.01243880073682,197.2375165432414,772180
2021-05-03,196.21661376953125,197.03333224515885,194.99153605608984,195.39989529390365,580556
2021-05-04,198.8709259033203,202.54615862021944,197.85002792640387,198.66674630793702,1204320
2021-05-05,198.8709259033203,199.48346468947017,196.82912994948745,197.237489140254,745232
2021-05-06,195.60406494140625,200.70855515386467,195.39988533290793,198.87093867737963,1052976
2021-05-07,192.54136657714844,195.3998810332249,191.92882776513207,194.99152182521397,702696
2021-05-10,196.6249542236328,196.6249542236328,191.9288234373986,191.9288234373986,820992
2021-05-11,199.68768310546875,203.97545544208924,198.87096456516008,201.11694055100892,1582264
2021-05-12,208.2632598876953,209.07997855392156,201.5253308913287,202.95458855722464,1579564
2021-05-13,203.56707763671875,206.8339515004976,201.32110185537078,206.6297718840114,1149828
2021-05-14,197.03335571289062,200.50440964772912,196.21663713998745,200.50440964772912,667960
2021-05-17,198.05426025390625,200.30023640111548,197.44172130466737,198.66679920314513,616320
2021-05-18,201.52529907226562,201.72947870658402,197.64588602021593,197.85006565453432,462984
2021-05-19,202.54615783691406,208.05900689094295,202.54615783691406,206.42557013419366,1002696
2021-05-20,198.25839233398438,201.93362514759067,197.03331472944893,201.52526594607886,589420
2021-05-21,198.66677856445312,199.0751378215229,195.6040841364297,197.03334153617396,554948
2021-05-24,194.37904357910156,196.6250199229777,193.35814524097603,196.21666058772752,563356
2021-05-25,195.39990234375,196.01244122257052,193.15392645474137,193.5622857072884,837012
2021-05-26,194.5831756591797,196.01243298301415,194.1748164237984,194.78735527687033,513080
2021-05-27,194.78733825683594,194.78733825683594,193.15390145803647,193.9706198574362,572516
2021-05-28,193.97064208984375,193.97064208984375,192.5413847270765,192.9497439735814,504888
2021-06-01,194.17481994628906,194.58317918907832,191.3163052467643,191.52048486815895,689684
2021-06-02,193.35813903808594,194.58321700453632,192.5414203937857,193.562318699161,582668
2021-06-03,194.78733825683594,197.23749345503512,193.76644025758625,195.60405665623566,815172
2021-06-04,191.11216735839844,193.1539640182104,190.90798769241724,192.9497843522292,599220
2021-06-07,191.52047729492188,192.54137536152592,191.11211806828024,191.52047729492188,387652
2021-06-08,191.52047729492188,193.35809381480917,190.7037588416386,190.7037588416386,674480
2021-06-09,191.9288330078125,192.54137183656084,190.70375535031582,190.9079349598986,513464
2021-06-10,190.0912322998047,192.3372081916391,189.47869342021346,190.90795080592628,549604
2021-06-11,189.4787139892578,191.1121511788204,189.4787139892578,189.88707328664847,296028
2021-06-14,188.66197204589844,190.90794790358768,188.66197204589844,189.68287016302992,388932
2021-06-15,189.682861328125,190.4995797837897,188.66196325854415,188.8661428724603,480308
2021-06-16,191.52047729492188,193.7664530414508,189.27450154839292,189.68286077503456,891288
2021-06-17,191.7246856689453,194.37902104029388,190.90796709314577,192.1330449568451,803108
2021-06-18,196.6249542236328,197.23749302183728,194.37897863021644,194.7873378290194,1018664
2021-06-21,191.11216735839844,196.0124793419471,191.11216735839844,194.99158101204114,818756
2021-06-22,189.4787139892578,192.133049422297,188.45781574578123,191.3163308275157,552880
2021-06-23,189.682861328125,189.88704094204118,188.45778364462797,189.07032248637648,399416
2021-06-24,187.23269653320312,188.04941494774272,187.02851692956824,187.84523534410783,509128
2021-06-25,185.80348205566406,187.2327396099384,185.80348205566406,186.62020065810654,351400
2021-06-28,185.39511108398438,186.82436854828822,185.1909314462267,185.59929072174208,408940
2021-06-29,185.19091796875,185.80345683744486,184.57837910005512,184.9867383458517,329244
2021-06-30,184.578369140625,185.80344681191235,184.17000991686257,185.5992672000311,335720
2021-07-01,182.74078369140625,184.17004121748428,182.74078369140625,183.9658615709017,330520
2021-07-02,179.88223266601562,182.12820832926894,179.6780530602653,181.71984911776835,320340
2021-07-06,180.4947967529297,183.1491319992963,179.6780782155861,179.882257849922,442272
2021-07-07,179.26971435546875,181.92404953385267,179.0655347263623,179.88225324278812,610140
2021-07-08,182.12823486328125,185.1909293957355,181.51569595679038,184.17003121825076,1022088
2021-07-09,178.24880981445312,181.10732451938134,178.24880981445312,181.10732451938134,408536
2021-07-12,177.0237274169922,178.86134396457342,176.81954780059428,178.2488051153797,320264
2021-07-13,178.4530029296875,178.6571825669068,176.41120655749427,177.63628438081022,557164
2021-07-14,177.8404541015625,178.86135223073336,176.4111967207233,177.0237355982258,531576
2021-07-15,179.06553649902344,180.69897354804533,178.2488179745125,179.06553649902344,698148
2021-07-16,181.71987915039062,182.12823842938027,177.84046599998902,178.04464563948386,844116
2021-07-19,187.02853393554688,189.6828690241518,185.59927658014422,186.007635824545,1434876
2021-07-20,181.71987915039062,187.2327294167508,180.69898095291651,186.62019049826634,955264
2021-07-21,178.65719604492188,180.90317222377232,178.65719604492188,180.49481291852678,513196
2021-07-22,178.24880981445312,179.67806716691723,177.84045057089193,178.4529894362337,661400
2021-07-23,174.369384765625,177.02371966252562,174.1652051581711,176.20700123271004,537616
2021-07-26,173.5526885986328,174.98194603415095,173.5526885986328,174.7777664005055,340416
2021-07-27,175.18612670898438,177.4321026924329,174.36940816954856,174.5735878044075,891776
2021-07-28,175.3903045654297,176.61538236216143,174.16522676869792,174.57358603427517,713724
2021-07-29,173.5526885986328,174.57358676686005,172.94014969769646,174.57358676686005,492236
2021-07-30,175.59446716308594,176.00282638904662,174.1652098722236,176.00282638904662,745876
2021-08-02,176.0028533935547,176.41121268217083,173.55269766185788,174.16523659478207,682792
2021-08-03,173.14434814453125,177.43212091697836,173.14434814453125,175.59450401450104,770172
2021-08-04,174.98196411132812,175.18614376606715,173.9610658376331,174.1652454923721,612808
2021-08-05,172.7359619140625,174.36939890615767,172.7359619140625,174.16521928214576,303008
2021-08-06,172.12344360351562,172.9401621971266,171.91926395511288,172.32762325191837,347432
2021-08-09,172.53176879882812,173.14430762296598,171.91922997469027,172.12340958273623,236292
2021-08-10,172.12344360351562,172.73598254872385,171.51090465830737,172.32762325191837,394748
2021-08-11,171.10250854492188,172.1234065672663,171.10250854492188,171.10250854492188,271804
2021-08-12,170.08164978027344,172.12344629624312,170.08164978027344,171.5109073414522,255764
2021-08-13,169.46910095214844,170.28581951095398,169.46910095214844,169.87746023155123,265612
2021-08-16,168.65240478515625,171.91927945411814,168.65240478515625,170.89838112006754,622716
2021-08-17,170.8983612060547,173.34851692227053,170.28582227700073,170.8983612060547,1047860
2021-08-18,174.77772521972656,174.98190480526364,170.48995392344824,171.9192110222077,815140
2021-08-19,174.16522216796875,177.22791657889434,173.14432403099354,177.22791657889434,1355080
2021-08-20,171.5108642578125,174.36937866210937,171.10250505719867,173.7568398611886,749260
2021-08-23,168.2440185546875,170.08163526220227,167.63147965218255,170.08163526220227,476756
2021-08-24,168.03982543945312,168.24400505724103,167.4272865860894,167.6314662038773,313568
2021-08-25,167.01890563964844,168.03980359588098,166.6105464571554,167.8356240046345,339916
2021-08-26,169.0607452392578,169.2649248832666,167.22312844317892,167.4273080871877,644356
2021-08-27,165.99801635742188,168.44817158040965,165.79383675550625,168.24399197849402,689276
2021-08-30,164.3645782470703,165.79383544921876,163.95621904645648,165.58965584891183,387476
2021-08-31,164.97714233398438,165.58968122878878,164.36460343917997,164.77296270238293,400908
2021-09-01,164.77294921875,165.18130844853624,163.95623075917752,164.16041037407064,293676
2021-09-02,163.95623779296875,164.7729562875788,163.1395192983587,163.95623779296875,327816
2021-09-03,163.95623779296875,165.18131553488385,163.54787854566374,164.7729562875788,315388
2021-09-07,164.97714233398438,165.58968122878878,164.16042380757852,164.16042380757852,455408
2021-09-08,165.58969116210938,167.0189486690573,164.97715223056028,165.58969116210938,658376
2021-09-09,167.01890563964844,167.22308523089495,164.36457095344375,165.79382809216935,627496
2021-09-10,169.67323303222656,169.67323303222656,164.97710263542606,165.18128221789567,964416
2021-09-13,168.65240478515625,170.69420145325742,166.8147877838652,167.22314711748544,1081484
2021-09-14,170.49000549316406,171.30672408235287,167.22313113640882,167.42731078370602,1099368
2021-09-15,167.6314697265625,171.10252330189937,167.22311048240522,170.2858048135848,821332
2021-09-16,168.2440185546875,170.4899945305389,167.22312038384595,167.83565928635088,772984
2021-09-17,171.5108642578125,171.71504385811943,168.4481702532087,168.65234985351563,1095188
2021-09-20,177.0237274169922,181.3114993613484,175.18611086941095,176.61536818419637,1770380
2021-09-21,177.6362762451172,178.0446355008531,173.96104294349408,175.18612071070177,1200340
2021-09-22,173.9610137939453,176.41116891780368,172.12339745105152,175.59445054318422,1085052
2021-09-23,169.87742614746094,172.73594052974997,168.44816895631644,172.3275813322801,898624
2021-09-24,169.264892578125,171.30668862852457,168.65235376300512,171.1025090234846,725784
2021-09-27,170.08164978027344,170.69418873506433,169.0607515222886,170.08164978027344,772552
2021-09-28,176.81956481933594,177.6362833635361,172.12343319018498,172.53179246228507,998440
2021-09-29,176.6153564453125,177.02371565096638,174.36938081421604,175.79863803400468,784412
2021-09-30,180.90313720703125,180.90313720703125,174.57356920091615,174.98192842711714,1009096
2021-10-01,176.4111785888672,182.33238712946576,174.98192135492963,179.26969305674237,1391240
2021-10-04,181.10731506347656,182.94493156355693,176.61536361883566,177.63626167443584,1466792
2021-10-05,177.22792053222656,180.49479464341968,175.18612421273087,179.67807611562142,1408924
2021-10-06,175.59446716308594,181.71985555249591,175.59446716308594,180.49477787461393,1614508
2021-10-07,172.7359619140625,173.1443211620863,170.28580642591976,172.7359619140625,1120836
2021-10-08,173.34849548339844,173.96103433669668,171.71505854126983,171.9192381590359,985916
2021-10-11,175.79867553710938,176.00285518349395,171.30672331664897,173.9610587196483,935064
2021-10-12,176.81956481933594,177.43210372748607,174.7777684588355,174.98194809488555,944620
2021-10-13,175.3903045654297,178.45299905725906,174.57358603427517,176.00284346379556,1352192
2021-10-14,169.46910095214844,172.73597518737057,169.46910095214844,172.3276159079678,864712
2021-10-15,166.8147735595703,168.44821075476807,166.6105939101706,168.03985145596863,664708
2021-10-18,165.79385375976562,168.85654810261846,165.58967413690877,168.2440092340479,804316
2021-10-19,163.34368896484375,165.18130546569824,163.34368896484375,164.56876663208007,502900
2021-10-20,162.32281494140625,163.13953350714917,161.9144556585348,162.93535386571344,539712
2021-10-21,161.30189514160156,162.9353320544279,161.09771552749825,162.7311524403246,374900
2021-10-22,161.50608825683594,163.13952530620975,160.48519010097732,161.71026788800768,865848
2021-10-25,160.0768280029297,162.11862427847726,159.46428912026542,160.89354651314872,430380
2021-10-26,159.26010131835938,159.87264016958383,157.62666438176083,158.4433828500601,906292
2021-10-27,160.8935546875,161.0977343254283,158.6475786702887,159.0559379461453,725268
2021-10-28,157.83082580566406,159.87262174105427,157.83082580566406,159.87262174105427,603496
2021-10-29,157.2183074951172,159.87264255672306,157.01412787499365,159.46428331647598,482064
2021-11-01,156.60577392578125,158.0350313149344,156.1974146717375,156.4015942987594,733144
2021-11-02,155.38070678710938,156.60578463299984,155.17652714612763,156.60578463299984,541508
2021-11-03,153.54306030273438,156.1973951217976,153.1347010998016,155.5848563173984,710472
2021-11-04,151.90963745117188,153.33889479278236,151.90963745117188,152.93053555232223,515712
2021-11-05,150.8887481689453,152.1138259619273,149.45949074379968,150.480388904618,613776
2021-11-08,150.68458557128906,151.297124537026,149.86786695030645,150.27622626079776,561532
2021-11-09,151.70547485351562,152.72637306921897,150.27621735153096,150.48039699467162,849016
2021-11-10,154.15562438964844,155.1765225644143,151.7054687702103,152.93054657992937,822688
2021-11-11,154.15562438964844,154.15562438964844,152.93054657992937,153.13472621488256,453440
2021-11-12,151.50131225585938,153.9514682492156,151.29713258974635,153.1347495847635,363100
2021-11-15,151.50131225585938,152.52221058642445,150.6845935914073,150.8887732575203,384832
2021-11-16,150.2761993408203,151.90963629017705,149.66366048481152,151.90963629017705,445676
2021-11-17,151.09292602539062,151.5012852849187,150.4803871360985,150.4803871360985,427612
2021-11-18,150.072021484375,152.31799731611395,149.86784186330783,150.48038072650937,609000
2021-11-19,150.68458557128906,150.8887652265347,149.2553279845695,150.27622626079776,642400
2021-11-22,151.50131225585938,151.7054919219724,147.62189859971204,149.4595155947292,781692
2021-11-23,150.8887481689453,153.5430833870729,150.480388904618,151.90964632976363,1050652
2021-11-24,150.4803924560547,153.13472773682633,150.07203318208983,152.3180091888966,448868
2021-11-26,156.8099365234375,157.83083454767865,153.7472424507141,154.76814047495526,925408
2021-11-29,152.93055725097656,155.17653339217915,151.70547935577514,153.33891654937705,785772
2021-11-30,158.85174560546875,159.26010484867047,153.33889582224552,154.76815317345154,1019484
2021-12-01,162.7311553955078,162.7311553955078,152.72635412276017,154.76815030087192,1214880
2021-12-02,157.42251586914062,162.731186962004,156.4016175820515,162.32282764716834,1449564
2021-12-03,160.48516845703125,163.54786251155474,155.58485796979366,156.19739678069837,1498812
2021-12-06,156.60577392578125,160.28100721217507,155.1765165366281,158.64757019600006,1484384
2021-12-07,150.072021484375,152.7263565582483,149.66366224224066,152.7263565582483,944920
2021-12-08,149.05113220214844,151.09292853368473,148.84695256899482,149.6636711016093,627304
2021-12-09,151.09292602539062,151.29710565515467,149.4594889872783,150.27620750633446,735964
2021-12-10,148.43858337402344,151.09291842747913,148.23440375452682,149.2553018520098,756180
2021-12-13,150.8887481689453,151.29710743327263,148.43859258298139,148.64277221514504,875188
2021-12-14,153.1347198486328,155.17651611328125,151.50128283691407,153.33889947509766,1197056
2021-12-15,148.23440551757812,154.76815341917936,148.0302258956531,153.3388960657041,1633132
2021-12-16,150.8887481689453,152.1138259619273,146.8051555256721,147.00933515783575,1728168
2021-12-17,153.95144653320312,155.3807039943867,150.888751973524,152.9305483466434,2003408
2021-12-20,157.01412963867188,160.07682397492684,157.01412963867188,158.03502775075685,1747096
2021-12-21,151.70547485351562,156.40160664575097,151.70547485351562,154.76816950062562,1243112
2021-12-22,148.84693908691406,152.1138129214691,148.64275947225437,152.1138129214691,781664
2021-12-23,147.0093231201172,148.23440081278483,145.78424542744955,148.0302211973402,555036
2021-12-27,142.72152709960938,145.9884003951655,142.72152709960938,145.9884003951655,440648
2021-12-28,142.92572021484375,143.5382590157645,141.70064261300223,142.313181413923,662592
2021-12-29,142.51739501953125,143.53829326465683,141.90485607245589,142.72157466855637,431808
2021-12-30,143.3341064453125,143.74246572293447,141.7006693348246,142.31320825125758,461720
2021-12-31,144.15081787109375,144.35499749980633,142.92574009881815,143.53827898495595,559208
2022-01-03,142.51739501953125,144.76337115880753,142.31321537050613,143.1299339666066,589412
2022-01-04,142.72152709960938,143.74242500447068,141.08809045183128,141.4964496137758,669672
2022-01-05,148.0302276611328,148.0302276611328,142.31319817904767,142.72155742776806,952152
2022-01-06,148.43858337402344,149.8678407104996,146.3967871790575,148.23440375452682,1524020
2022-01-07,149.45947265625,150.48037069351946,147.62185618916496,148.23439501152663,1329192
2022-01-10,149.45947265625,155.5848608798668,149.45947265625,151.50126873078892,1811976
2022-01-11,147.0093231201172,152.11381350623236,147.0093231201172,149.86783773634167,1132292
2022-01-12,146.39678955078125,147.62186728760787,144.96753219115018,145.98843030517236,1230436
2022-01-13,150.2761993408203,150.9704150291509,145.17170887408048,145.49839127909786,2090100
2022-01-14,150.2761993408203,153.2980552047033,149.9903428898289,152.56301356234673,1984520
2022-01-18,155.42149353027344,156.2382118226426,153.29802098526082,153.3796977993506,2056560
2022-01-19,158.6884002685547,158.93341830052276,153.33889182948008,154.4006283265852,1887960
2022-01-20,162.15945434570312,162.5678135797834,153.78809004705752,157.34080790627502,2189820
2022-01-21,168.57069396972656,168.57069396972656,161.3019042806671,163.01701812116377,3241540
2022-01-24,167.05975341796875,181.80152322501803,166.77389698934132,173.14430308587092,4109760
2022-01-25,171.18417358398438,176.8195252944269,167.22308454519126,172.73593348624152,2511480
2022-01-26,172.0825958251953,175.67616491898164,163.7112306958378,166.2839016031171,2484940
2022-01-27,173.8793487548828,175.2677800555322,165.63050008950793,168.3256734008222,2578120
2022-01-28,165.3038330078125,176.61539014779765,165.18133020759342,172.7359769537998,2241600
2022-01-31,159.50511169433594,166.81473914229358,159.0150756520263,165.7530026920455,2434580
2022-02-01,157.13662719726562,161.38357317189556,156.64660359705545,158.6475613377168,1703820
2022-02-02,154.0739288330078,157.05495861845276,153.54306683147615,155.3806833228103,2562500
2022-02-03,161.22024536132812,161.91446115061166,157.05498801203706,158.4434071284674,4360420
2022-02-04,159.70933532714844,163.26205399576733,156.8099816122036,161.5061138740274,3660160
2022-02-07,160.73020935058594,161.7511075140651,158.11671254450644,159.21927508378246,2189860
2022-02-08,158.19834899902344,162.20027657082142,157.42246902414567,161.097701764009,2215460
2022-02-09,153.42056274414062,155.25817921983077,153.29804750181404,155.05399961142075,2143400
2022-02-10,158.9334259033203,160.40350924118263,153.3797375822932,157.6675097293741,3996000
2022-02-11,165.2630157470703,166.28391400974772,157.34083525898419,158.97427247926802,4799880
2022-02-14,166.2430419921875,169.06071813534976,164.3645870760345,165.58966474368196,5759120
2022-02-15,160.9343719482422,163.13950925551435,160.8526951189551,162.69031161870433,2333360
2022-02-16,160.44432067871094,163.95621214866824,159.54593795243656,162.4861165958799,2701420
2022-02-17,167.46810913085938,167.91730673984858,162.60863718047375,163.0578223273293,2886360
2022-02-18,169.71409606933594,171.51087416338257,166.24304266364845,167.223102309298,3664880
2022-02-22,173.266845703125,176.16619922049853,168.65239060602318,171.5925825457529,6263100
2022-02-23,179.43307495117188,179.9231110988221,170.32666749407792,170.81669117959123,4217300
2022-02-24,173.9610137939453,189.07030372440533,173.67515737797513,188.8252857195928,5274680
2022-02-25,166.28390502929688,174.36941384817504,166.28390502929688,173.02183319907414,3479780
2022-02-28,167.18226623535156,171.6742177644321,165.9980269610209,170.7349965204782,3942020
2022-03-01,172.1642608642578,174.36939830353828,166.7739138241187,168.28484802143905,3447100
2022-03-02,165.9571990966797,170.9800254212691,164.56878011911917,170.32664811943604,2977500
2022-03-03,167.59063720703125,168.97905619359574,163.5070446217618,163.95624229856855,3947460
2022-03-04,170.20411682128906,173.59350580286664,169.3873983865187,170.77582969533577,3833660
2022-03-07,180.37228393554688,180.37228393554688,170.5716620319548,170.73500323792095,4321460
2022-03-08,182.98577880859375,184.04751533008132,173.67518061493556,180.08642569834754,4397320
2022-03-09,173.1034698486328,177.26873885301663,171.38836861198925,175.26778117919866,3797080
2022-03-10,174.77772521972656,178.94299374953584,174.08350964404738,177.3503830126404,2480920
2022-03-11,179.22886657714844,179.71890264626643,172.1234183477467,172.53177758463343,2492900
2022-03-14,181.88320922851562,182.9041073634558,175.47197641837255,178.61633519670704,2434320
2022-03-15,173.92019653320312,180.61728552708828,173.30765767774776,179.51472306454954,2231160
2022-03-16,166.07968139648438,175.0227448332801,166.07968139648438,170.77581190726323,3095580
2022-03-17,162.11862182617188,168.039830935692,161.99611903634627,167.71314852140017,2300260
2022-03-18,158.44338989257812,163.79289859014122,158.1983718487708,163.22119812934767,2197080
2022-03-21,158.44338989257812,161.13856345018823,157.05497092718366,158.6884079363855,2018640
2022-03-22,154.8090057373047,157.46334106068034,154.11478997556733,157.46334106068034,1614820
2022-03-23,158.6884002685547,158.77006463778753,155.54402919292315,156.7282684749449,1745160
2022-03-24,154.11477661132812,158.11670469066752,154.0331122395876,157.21830936657588,1590940
2022-03-25,152.48133850097656,155.42153002882068,152.31799729657078,153.66557781058722,1848160
2022-03-28,150.39871215820312,154.2372992149189,150.31704778256952,152.93054458342385,1610900
2022-03-29,146.60098266601562,149.50033606910782,146.27430022431636,147.62188087399622,1879380
2022-03-30,148.31610107421875,149.86786141188495,146.84600511835058,147.41770563948356,1536240
2022-03-31,153.01223754882812,153.05306350988013,148.3977698954773,148.88780604947215,1766640
2022-04-01,152.11378479003906,154.6864424741183,151.787102451853,151.86876680533334,1756720
2022-04-04,149.50030517578125,152.56299916683602,149.45946676347376,152.07296314341377,1362500
2022-04-05,153.33892822265625,154.11480845625547,148.8469755982908,150.60291573023312,1859040
2022-04-06,156.27911376953125,158.4434131394158,154.72734090583197,156.1565984985844,2510240
2022-04-07,154.72732543945312,158.48423572114916,153.46140920569886,157.01413985169697,2148940
2022-04-08,155.66653442382812,156.7282583904833,153.50222315319368,155.38067799456928,1557700
2022-04-11,161.0160369873047,161.30189342886788,157.42248080209765,158.07585805271745,2353720
2022-04-12,162.20030212402344,163.34370306059338,156.68745214572843,158.60673317940908,2376980
2022-04-13,158.36172485351562,162.48615610140328,157.91253961223393,162.44531768070414,1997120
2022-04-14,162.3636474609375,162.486150256492,157.42249782535396,158.36171915696735,1820760
2022-04-18,162.20030212402344,163.99708036526286,160.975224351069,163.0986850135754,2038740
2022-04-19,156.93247985839844,162.44533061401623,156.48329458135424,162.3636662282524,1530400
2022-04-20,157.34080505371094,158.11669755410452,155.25818296736702,155.70736814700382,2351520
2022-04-21,161.99612426757812,162.60866316075706,153.54308255685447,154.48230387487456,2668100
2022-04-22,170.93917846679688,171.30669928630715,162.60865255531283,162.894496542872,3720200
2022-04-25,168.93824768066406,176.65623597129397,168.73406803031864,172.81766103722725,4467200
2022-04-26,178.697998046875,178.697998046875,170.81665758467466,170.9391728285603,3772580
2022-04-27,177.75877380371094,179.55556444575925,172.8176369244835,177.6362710154509,4007160
2022-04-28,168.8157196044922,177.4321026877394,167.14144410626585,173.47101278672605,3617320
2022-04-29,181.14816284179688,181.88320449497002,170.28580447630122,172.08258265460736,4180840
2022-05-02,179.06553649902344,187.3552245379552,177.79962029360433,181.27067402277584,4037640
2022-05-03,177.39125061035156,180.04558565908098,175.22695163239538,178.5346639547775,2788980
2022-05-04,166.77392578125,179.6780813918168,166.120548447398,176.86040488059962,3645700
2022-05-05,178.53465270996094,181.92402918923898,170.1224504390867,170.16328885276812,6121580
2022-05-06,180.53562927246094,185.47677875434383,177.67711448517247,180.86231169186829,4008960
2022-05-09,192.09219360351562,193.64396627034756,185.02758338331074,186.13014590913107,4023860
2022-05-10,191.27548217773438,195.44075177325416,184.57839255105262,186.17099123329155,2726100
2022-05-11,197.5233612060547,198.17672599333267,186.62016496400415,192.33719408762792,4182600
2022-05-12,197.93174743652344,205.118860774323,194.4198551461091,200.87192676685885,4229680
2022-05-13,188.5394744873047,194.58318652353833,186.98770182893324,193.52144995983903,2398600
2022-05-16,189.7645721435547,192.25555390973517,186.29351808534736,189.96875179403747,3006220
2022-05-17,182.12823486328125,187.55940818264577,182.00573206683745,183.84334878631003,2642960
2022-05-18,196.8699951171875,198.01339602187775,186.2118162972221,186.45683433740862,3219340
2022-05-19,199.3201446533203,201.64778481037067,194.66485187708474,200.177701537343,3352240
2022-05-20,199.23846435546875,208.42654696271953,194.86902810396805,195.4407285293256,3981620
2022-05-23,191.68382263183594,198.3400856470919,190.9079425768916,195.84909181836753,3102600
2022-05-24,194.41986083984375,201.321130361849,193.43980103436348,195.88995677913243,3539160
2022-05-25,191.03045654296875,196.5433065443061,189.111175501266,196.21662412167368,2814780
2022-05-26,183.5166473388672,190.09123385951824,181.8832103132215,189.92789264938077,2109220
2022-05-27,174.41021728515625,181.35232370397244,174.41021728515625,181.2298084663601,2743760
2022-05-31,176.370361328125,178.94303213504165,173.55268493571347,176.08451732433576,2113580
2022-06-01,179.35137939453125,181.59735516696574,173.6343501556071,174.53273298730008,3351600
2022-06-02,172.53176879882812,181.59734838092206,172.53176879882812,179.47387547239043,2463100
2022-06-03,178.12631225585938,179.06553355877068,175.3494618408366,176.6970548614336,1802180
2022-06-06,177.22792053222656,178.20798027315735,172.9401482612856,174.5327468980651,1600840
2022-06-07,173.75685119628906,180.7397964747478,173.34849196903573,180.3314372474945,1628700
2022-06-08,177.55458068847656,178.2487963348865,173.71600658170996,175.34944343243058,1453940
2022-06-09,186.0076446533203,186.0076446533203,177.1870820631726,179.26971680089488,1949360
2022-06-10,196.74749755859375,196.87001282077185,191.31632407971256,192.09220422496185,5351100
2022-06-13,211.9384765625,213.49023691663854,204.955530044603,207.07900338808008,3853460
2022-06-14,213.041015625,216.67539782339463,208.3040460568098,209.44745937996453,2802200
2022-06-15,206.95645141601562,214.91945634856683,201.4436018473263,208.99824755256722,3176780
2022-06-16,220.14645385742188,223.45417861906915,215.9812095953227,216.4303947846017,3741520
2022-06-17,219.73809814453125,224.2300498064094,215.53200293689937,220.14645738652018,3059580
2022-06-21,208.71241760253906,212.67349489647296,206.99730374767415,212.51016614912973,2359000
2022-06-22,209.56997680664062,214.2252574069656,204.71049165244412,213.73524623534175,1992480
2022-06-23,205.3638458251953,211.28506687871055,204.62880422629135,207.1197979192302,1695560
2022-06-24,192.45970153808594,201.93364072903407,192.45970153808594,201.85196389757587,1903280
2022-06-27,193.97064208984375,195.11404299520348,191.2346301534066,191.4796481937366,1668020
2022-06-28,201.72946166992188,202.01531811868057,189.39700781374884,192.41887611616403,1916600
2022-06-29,202.219482421875,204.3021043886154,200.21851235636538,201.402764015425,1932920
2022-06-30,205.5272216796875,210.63171270553048,201.97450340298255,206.67063514675812,2579840
2022-07-01,201.44361877441406,209.40662437608796,200.7902539255237,206.38476833249524,2588940
2022-07-05,200.5860595703125,210.10082468285515,200.54522115472076,207.03813044549574,2380460
2022-07-06,199.23846435546875,203.0362126437465,196.50246501192373,200.4635420364355,1873520
2022-07-07,193.3989715576172,197.31922342298765,192.41891170680884,197.31922342298765,1095960
2022-07-08,193.5214385986328,196.6249712710388,191.7246604605456,195.03237275005546,1728300
2022-07-11,198.01341247558594,198.7892926155349,195.440753995193,196.3799753547939,2456140
2022-07-12,201.56613159179688,203.44458666497175,196.09412004465437,198.6259399588157,2227560
2022-07-13,203.56707763671875,208.14070603086304,200.4227065579777,207.6915083821665,3054360
2022-07-14,204.7513427734375,212.10182235720444,204.016301046129,209.32495928294802,3037720
2022-07-15,196.95167541503906,201.8928251868333,196.7883341957517,199.76936441182508,1598800
2022-07-18,200.17774963378906,201.52533044522417,192.9089460431832,193.68482628195304,1314360
2022-07-19,189.4787139892578,196.58416327142763,188.78449819883903,195.8899599431456,1588880
2022-07-20,187.02853393554688,190.58126434668753,185.51759974641,189.15200699128488,1885260
2022-07-21,183.27162170410156,190.0095491559014,183.18995733348194,187.68190896801516,2012920
2022-07-22,186.6201629638672,188.82530025263262,181.96487036266586,183.149109604583,1398100
2022-07-25,186.29345703125,188.45775563220553,185.39506187870273,186.08927744768314,1280200
2022-07-26,190.66293334960938,191.5204902761086,187.68191577792712,187.84525698722805,1192920
2022-07-27,180.78065490722656,187.55940886051613,178.98386413865072,187.27356484706888,2127800
2022-07-28,176.28868103027344,183.4349674115448,175.67614219759304,180.04557839343255,1675660
2022-07-29,171.10250854492188,175.71696262106497,170.32662854036695,174.98192102983063,1787020
2022-08-01,172.32762145996094,174.20607669816036,170.08164535088562,173.63437618100485,1517360
2022-08-02,174.41021728515625,175.5944564759393,170.36746368662534,173.67516324588365,1581100
2022-08-03,169.10157775878906,172.89931401995534,168.03984115457112,172.613470005601,1537480
2022-08-04,169.4282684326172,170.8166875385151,168.65238826715688,169.2649272075945,975740
2022-08-05,170.12246704101562,173.14432301632633,169.46908974475338,173.14432301632633,1424340
2022-08-08,170.44915771484375,171.3883915181357,166.5697446291488,168.57070257039584,1312740
2022-08-09,171.83755493164062,172.73595020122892,170.69415409955954,171.1025133198934,959180
2022-08-10,164.6504364013672,167.34559718401368,164.44625679891615,165.58965758778837,2172880
2022-08-11,164.6504364013672,165.2629752087203,160.77102395479756,162.32278394857184,1351320
2022-08-12,159.26010131835938,163.87455567939637,159.05592170128455,163.13951404278095,1191080
2022-08-15,157.87167358398438,160.97520608234973,157.42247595911905,160.97520608234973,983640
2022-08-16,157.3000030517578,159.30096107471948,155.7890686981401,158.68842214143714,1256840
2022-08-17,159.50511169433594,161.0568717247594,157.42247720772136,160.07681210227437,1475480
2022-08-18,158.72926330566406,160.44436487121044,158.11672436179677,159.46430505345012,1045480
2022-08-19,162.93533325195312,163.67037488327347,160.64851906476193,160.89353709591362,1412560
2022-08-22,169.71409606933594,170.530814517733,166.77390467025273,166.97808428235197,1431460
2022-08-23,170.6533203125,171.10251795947448,168.08066213949067,170.1632967120926,1196100
2022-08-24,169.63241577148438,171.42919382879563,168.36649970992386,170.81665500502126,1372700
2022-08-25,164.85464477539062,169.2649199731911,164.77296793530184,168.4073630008032,1242120
2022-08-26,176.12533569335938,176.12533569335938,164.52793573908744,164.9771333967035,2487940
2022-08-29,178.3712921142578,179.6780465284088,175.63529297394635,178.73882536095468,1828460
2022-08-30,182.4141082763672,184.33338955097682,177.18710164499637,177.35044287613422,2113620
2022-08-31,185.19091796875,185.35425917464158,179.63722973348945,180.8623074708792,1847020
2022-09-01,184.2108917236328,190.1321018629644,183.80253240367892,187.5186047076869,1752660
2022-09-02,188.04942321777344,189.8462013163524,179.39220265807313,180.57645438094374,2437600
2022-09-06,189.51954650878906,191.80636099538057,186.29351065230605,187.23273202219755,1868880
2022-09-07,182.78163146972656,190.0912606991348,181.9649128415885,190.0095838514661,1783880
2022-09-08,180.45396423339844,186.17099418171608,179.963940572253,185.15009597665937,2198660
2022-09-09,174.85943603515625,178.57549524470474,174.04271753422069,178.4121540369447,1850920
2022-09-12,171.10250854492188,173.2668073674384,170.44913131819465,172.9809633984624,1878260
2022-09-13,185.96681213378906,186.9877103256326,177.71796222097507,178.86136321098536,2825740
2022-09-14,184.70086669921875,187.96774039692508,183.1491066776619,184.78254352651507,1867480
2022-09-15,188.8253173828125,190.2137363600563,183.4349826837245,186.29349747422336,2126420
2022-09-16,191.76551818847656,195.23657202880113,191.23464365326294,193.35811686984533,2331080
2022-09-19,188.9886474609375,195.2773895993255,188.94782150747207,195.2365511837253,1461440
2022-09-20,193.23561096191406,196.13495180039877,191.3979942524957,192.37805400509166,1676120
2022-09-21,200.05520629882812,200.09604471874897,188.09028452805123,191.27548188769936,2854560
2022-09-22,203.60794067382812,204.38382081787233,199.9327071326476,201.1169465590452,1875880
2022-09-23,210.38668823242188,215.49117880034615,207.5689994692195,207.60983788618995,2254920
2022-09-26,214.7152557373047,216.1036869440889,207.89566478541008,212.22427466401948,2061160
2022-09-27,215.7770233154297,218.71718978042253,207.48732361460972,210.26417380716464,2927280
2022-09-28,207.3240203857422,216.67543334664057,205.24138547546073,214.6744877428743,2434580
2022-09-29,216.18539428710938,219.5747710359811,211.28508334678293,211.5709148788857,2314360
2022-09-30,222.84164428710938,222.92332112070898,212.4693095267154,217.24711766318458,1600360
2022-10-03,211.2034149169922,220.35064741502003,208.75325934933397,218.0230195651618,1883760
2022-10-04,198.0950927734375,204.62884137062602,198.0950927734375,204.5880029494663,2231600
2022-10-05,199.0343017578125,205.52721152960123,196.62498460502746,202.9545531644832,1814060
2022-10-06,203.36293029785156,203.89379240011976,197.56422328442358,200.74943328444309,2007900
2022-10-07,214.7152557373047,216.75705167418334,207.65064678055796,208.05900596793367,2008400
2022-10-10,218.0230255126953,220.92236637714123,213.16354020123424,213.3268938799095,1437220
2022-10-11,220.9631805419922,223.33168413501778,214.47028341166077,220.2689897553509,1749900
2022-10-12,222.47410583496094,222.7191363300732,218.39051349245332,220.39148370998993,1141840
2022-10-13,210.83587646484375,233.05062970564165,208.83491862586752,231.70304916118337,3163220
2022-10-14,220.2281494140625,221.20822163216252,205.89474900104923,207.85486851297736,2017920
2022-10-17,209.16160583496094,212.5918084656019,207.60983325961203,212.510156557751,1557120
2022-10-18,204.01626586914062,208.26319920361095,199.32013490670627,199.56515292760795,1846080
2022-10-19,206.99728393554688,210.3458220268388,203.44456623641517,206.5480863058725,1377180
2022-10-20,210.6317138671875,211.6117861192636,202.5870434433735,207.7731988769504,1405500
2022-10-21,200.54522705078125,212.87766873184327,199.97352660209302,211.12172896898622,1785380
2022-10-24,195.68576049804688,201.85197529513565,194.419844311774,198.87095771061107,1616580
2022-10-25,189.5603790283203,195.88994774368808,189.15201975636109,195.80827090444183,1701860
2022-10-26,192.29637145996094,193.03142559919658,186.9060367495771,192.82724597087594,1650740
2022-10-27,194.62400817871094,195.19570859849722,189.5603563058212,191.52047559141255,1524320
2022-10-28,185.35426330566406,194.90986737784445,184.7825628412343,194.70568775039558,1494840
2022-10-31,187.96775817871094,188.9069919329337,185.96680034200165,187.80441697080033,1394840
2022-11-01,189.6420440673828,190.9079603073023,184.00669107952967,184.25170913598765,1211760
2022-11-02,199.36097717285156,199.36097717285156,185.7217691878242,190.33623587388072,2416380
2022-11-03,203.56707763671875,205.93555620310448,200.1777009879021,203.077041572298,1636700
2022-11-04,197.8092498779297,204.7513582393997,194.9915730942311,197.07420809509955,2224000
2022-11-07,193.97064208984375,198.70761184172804,193.43978005424142,196.42079756887335,1062180
2022-11-08,192.01051330566406,196.42078796748132,188.86614227642434,192.90889612677927,1771000
2022-11-09,200.05520629882812,200.62690679131163,193.11309862491234,194.37901486964185,1558060
2022-11-10,178.2079620361328,187.8452421703425,177.79960281402336,185.4359252523237,2056980
2022-11-11,174.73690795898438,179.10635660317467,173.9201895179869,177.26874011093034,1120240
2022-11-14,177.6362762451172,177.9221327089865,173.26682722388884,176.4111984779095,1270140
2022-11-15,174.6552276611328,178.28962189963647,171.26583896287292,172.2867369209994,2058100
2022-11-16,177.3504180908203,178.00379538619714,175.43113708443664,176.2070171705124,1165080
2022-11-17,178.5754852294922,182.33239510794766,178.04462321851102,182.12821549416495,1103580
2022-11-18,177.0645294189453,179.80052823873166,175.51275717616605,175.51275717616605,1146920
2022-11-21,178.3712921142578,180.12724413715657,177.35039412261912,178.3304661642992,683520
2022-11-22,173.63433837890625,178.00377438073306,173.5526615533217,176.73785835697618,708140
2022-11-23,171.6333770751953,174.28771203448707,171.14335348306832,174.1243708371114,918520
2022-11-25,171.87841796875,172.45011846669018,171.22504063018857,172.1642744487882,500560
2022-11-28,177.2687530517578,178.04463313491868,173.14432213120534,174.6552563422044,837860
2022-11-29,178.00379943847656,179.7189133201186,176.1661827633468,177.35042212822552,642800
2022-11-30,167.01890563964844,179.59636347558038,167.01890563964844,177.84042397571366,1891400
2022-12-01,167.14141845703125,169.30572973162901,164.97711964456752,165.91634083590824,1434080
2022-12-02,167.713134765625,171.5925473122949,166.89641633474713,171.5108704843534,1527860
2022-12-05,173.83856201171875,174.90028624043487,169.34660963376362,170.2041542089363,1063400
2022-12-06,178.861328125,180.73978292193587,173.51182015668857,174.00185617750094,1412240
2022-12-07,179.55555725097656,180.5764553193534,177.26874308538547,179.80056281767932,1167660
2022-12-08,176.86041259765625,179.39223274136808,175.83951436338455,177.88131083192795,962160
2022-12-09,179.5147247314453,179.67806593532316,175.71697631507678,178.1263058052812,1332820
2022-12-12,174.45106506347656,179.51471693662765,174.45106506347656,178.9430165168119,984580
2022-12-13,171.87841796875,174.36941206206387,164.48711252942965,164.56878937005092,2010320
2022-12-14,174.16522216796875,176.73788048829206,168.73404906411488,172.2459286856012,1671660
2022-12-15,182.78163146972656,184.25172749280253,177.84048127706382,178.7388767528706,1653500
2022-12-16,187.19186401367188,189.3153369431847,184.0475054959766,185.43592435198065,1921380
2022-12-19,190.49957275390625,192.09217119125483,186.7018370600647,187.02851944542135,1171980
2022-12-20,189.96871948242188,192.62305448722452,188.25360572523394,191.23462313038917,1312820
2022-12-21,184.37420654296875,187.84526026526163,183.14912875863007,187.27355979166404,1211800
2022-12-22,189.77951049804688,195.4757618537659,187.23873039391253,187.60755008485387,1573020
2022-12-23,187.77149963378906,192.56618110255303,187.60756863833393,190.9269711974346,1490300
2022-12-27,189.16481018066406,190.96793842853913,187.52560040874528,187.8944201061914,1300700
2022-12-28,193.95947265625,194.20535659968957,187.32068122044362,189.36969323881166,993480
2022-12-29,187.36167907714844,191.70557490158404,186.41912596895403,191.1728367363013,1063500
2022-12-30,188.38619995117188,192.2793234056262,188.26325170679758,190.0663800686775,1290860
2023-01-03,189.94345092773438,192.89403380869516,184.49308290466377,186.50111257073297,1706460
2023-01-04,187.11581420898438,190.84501926506144,184.984836318032,187.73051792681534,1906000
2023-01-05,191.50067138671875,192.07440479620803,189.16480502905497,189.3287235005472,1876600
2023-01-06,182.8948211669922,191.50067227512287,181.62444362740084,188.34520103918163,1982160
2023-01-09,183.0587615966797,183.2636628241189,177.56739869636556,180.59994686740893,1356820
2023-01-10,180.4769744873047,184.6569639704364,180.4769744873047,183.7144109465813,1203980
2023-01-11,176.13307189941406,179.86227635459818,176.01013617812836,179.0016887870669,1164540
2023-01-12,174.94464111328125,179.00168235011975,173.59229820306066,175.2315077942016,1898760
2023-01-13,173.71524047851562,178.22306702434545,173.18250234375208,177.97718307515566,1152100
2023-01-17,174.37094116210938,174.98564483248109,172.23996343568282,173.75623749173766,971500
2023-01-18,179.86227416992188,180.1081581156838,172.4038778563233,173.3464183912042,1615780
2023-01-19,182.77188110351562,184.0012883755124,180.47698502788623,182.11619472388188,1621020
2023-01-20,176.05113220214844,183.0997267255731,175.8462309804295,181.4605169518216,1237680
2023-01-23,171.83013916015625,176.21502978757349,170.02701112403037,175.35444225714303,1803620
2023-01-24,172.2809295654297,174.45288982830172,171.42034200867573,173.34641832587852,1059580
2023-01-25,172.23992919921875,178.01814505340135,171.87110957154235,176.05109870167675,1841200
2023-01-26,168.5517120361328,172.60876555841418,168.46975906474063,169.94505011773603,1297060
2023-01-27,167.85507202148438,169.69918289267852,165.8060599423798,169.61721740704346,1141820
2023-01-30,172.11700439453125,172.36288833061587,168.38780013141442,170.3138763735381,1095680
2023-01-31,167.1993865966797,172.03505012813235,167.11742111058294,171.78917868219673,969380
2023-02-01,163.67510986328125,170.55979910891148,161.25727770515147,168.2239199440017,2230780
2023-02-02,158.96237182617188,162.1178557724975,157.77394719270927,160.51962867879408,2850640
2023-02-03,162.44566345214844,163.42918667817887,158.88039019451608,163.01938429181814,2272900
2023-02-06,164.41270446777344,165.8060299281088,163.34721587827875,164.4946574323961,960400
2023-02-07,160.31471252441406,166.37978336888776,159.20824098229778,165.31429457021605,1807660
2023-02-08,163.79803466796875,164.37175556310976,160.7654867107508,161.8309755195427,1012200
2023-02-09,166.83056640625,167.85507244840804,160.80646587588984,160.9703843413997,1102220
2023-02-10,166.0519561767578,168.5927238390938,165.76508946199138,167.81410169267113,1205080
2023-02-13,162.32273864746094,165.96997762994528,162.11783744051039,165.51919247341863,690300
2023-02-14,162.48666381835938,165.72410052056657,160.51961715291588,163.47018715108112,1681660
2023-02-15,161.5031280517578,164.94546570435242,161.38017982827213,164.3717448466161,749760
2023-02-16,166.13389587402344,166.17487861659464,162.48665689637428,165.6831107180944,1247460
2023-02-17,167.0354461669922,169.65817879691713,166.8305449848703,167.93700386462305,1137500
2023-02-21,173.71524047851562,174.00210717026658,169.65819908850423,170.5187866575799,1061000
2023-02-22,174.2889862060547,175.6413418663295,172.0760553601801,173.42841102045492,1282460
2023-02-23,172.60879516601562,176.46093565513448,171.2564395912268,171.8711432599004,2016820
2023-02-24,176.41993713378906,178.7558158683449,175.6413150576628,177.2395419520645,1442360
2023-02-27,175.3134765625,176.13308143190145,172.0760398295998,173.305447133702,1015480
2023-02-28,176.7887725830078,176.7887725830078,174.00212095457306,175.84623196031967,1014860
2023-03-01,177.97718811035156,179.2475781286254,176.29700817340415,177.44444996051615,1400520
2023-03-02,175.55938720703125,180.39506417515915,174.69879946212734,180.14918017573234,1356820
2023-03-03,169.9040985107422,174.41192546709667,169.6582145391599,173.79722179123016,1224040
2023-03-06,169.65821838378906,170.0680208436533,167.19940362460372,169.2074331767027,912960
2023-03-07,174.94464111328125,175.51836196894524,169.57622720105934,169.82211114096583,1504440
2023-03-08,174.45291137695312,176.50192366699872,173.71525944882958,174.86271383496225,1216220
2023-03-09,181.00973510742188,181.99325842065747,172.36290148729466,173.9201456910696,1780860
2023-03-10,186.37814331054688,187.8534345847087,179.69836859115745,181.6654152859213,3324600
2023-03-13,187.19775390625,191.5006796254741,182.07522328812607,190.312255023305,3328040
2023-03-14,180.9277801513672,185.51757255518683,179.24758761928078,182.03425175952066,2267040
2023-03-15,183.14071655273438,188.42716577626084,183.09973380557025,186.5420844684978,3864160
2023-03-16,177.11659240722656,186.2551804152283,176.70679003007535,185.76341256017642,2807200
2023-03-17,181.13267517089844,182.48501819572138,177.28053480650854,178.3460236322788,2014060
2023-03-20,177.93621826171875,181.2146376676929,177.4444503483516,180.6409042667054,1622780
2023-03-21,173.18252563476562,176.2150613994743,172.73174041832192,174.61683427406368,1018000
2023-03-22,179.22116088867188,179.26241108422545,170.18792192530535,173.36398557825197,2136420
2023-03-23,178.5199432373047,180.95356628075305,172.8277687757501,176.6225601419813,2554140
2023-03-24,176.21009826660156,181.94352340802612,176.08634767092596,179.63365075447422,1967600
2023-03-27,175.50888061523438,176.41633462180525,173.40524639112417,174.0652117970127,1312060
2023-03-28,176.33383178710938,178.10747698985082,175.63261619283878,176.2925815896006,989440
2023-03-29,171.3015899658203,173.6939626786335,171.13660178267943,172.66277079926357,1218040
2023-03-30,169.4866943359375,171.13660133864857,168.950479595173,169.11546777788578,1031760
2023-03-31,164.86697387695312,168.82674089173707,164.53698490052622,168.7030028929472,1547100
2023-04-03,163.6295623779297,165.5681959130054,163.2583231632315,165.27946968665478,1315100
2023-04-04,165.32069396972656,166.59937454845033,162.845833206181,163.1345719970451,1188600
2023-04-05,166.5168914794922,167.91931010117278,165.60943747192604,166.26940287853841,1372460
2023-04-06,165.36192321777344,168.16677261380124,165.07319705127946,167.25931874701172,1151940
2023-04-10,165.03196716308594,168.00179251580343,164.90821657268557,167.38307732717988,1002180
2023-04-11,164.949462890625,165.6094282605293,163.8357831299669,164.61948649956906,750080
2023-04-12,166.3931121826172,166.8880892991421,163.09329830656017,163.34078686482263,1385360
2023-04-13,162.10336303710938,165.98064197641833,161.85587446911276,165.65066561095048,1056640
2023-04-14,163.01083374023438,164.86697931000418,160.94844977382348,162.7633451467065,1228500
2023-04-17,161.8558807373047,164.1245029541797,161.8558807373047,163.05206084318948,1253900
2023-04-18,161.7733917236328,162.8458212387898,160.53596143279765,160.65969942676443,1120740
2023-04-19,161.8558807373047,163.38204980922828,161.15467778658214,163.38204980922828,921300
2023-04-20,163.7945556640625,165.03198618393031,162.3508867242167,164.33077052088754,1080520
2023-04-21,163.58828735351562,165.23819441187123,163.217060782944,163.6295375475329,961700
2023-04-24,163.34080505371094,164.9082117842609,163.01082866447695,163.83578222535428,592500
2023-04-25,168.49676513671875,168.62050313597393,164.57823571493458,164.99071249617504,1102180
2023-04-26,170.14666748046875,170.517894055595,167.17682970387466,168.04303343769726,1148560
2023-04-27,163.5470428466797,168.2080254134984,163.2583040663101,168.0017870240322,1558440
2023-04-28,160.82470703125,164.33075994524043,160.78345683235025,164.2070219363346,1391440
2023-05-01,161.15467834472656,161.31966653442143,159.5047712721941,161.237166145678,728300
2023-05-02,164.7432403564453,167.1356134791496,161.73216458790674,161.7734147877073,1794340
2023-05-03,167.1768341064453,167.34183488888405,162.43335113055593,164.41324722968952,1476960
2023-05-04,169.56919860839844,170.80662888879863,167.91929156786483,168.20801774728318,1898200
2023-05-05,163.46453857421875,166.80560292179385,162.55709723479066,166.55811434275273,959320
2023-05-08,163.46453857421875,164.5782308860078,163.05206180508088,163.34080057859418,537520
2023-05-09,164.908203125,165.11444150438984,164.00076180835973,164.82571532591908,461880
2023-05-10,163.42330932617188,166.64062325488678,162.10337856230322,162.5571055491201,1455920
2023-05-11,164.20701599121094,165.8981733825248,163.9595273945662,164.3720041930431,1321480
2023-05-12,164.7432403564453,166.723136656731,163.09333306677078,163.17583346637196,1025040
2023-05-15,163.67080688476562,165.85694171358986,163.34083044423843,164.2482845373797,833020
2023-05-16,165.85691833496094,165.89816853116093,163.87702220749424,164.61948797571645,829820
2023-05-17,162.02085876464844,165.65066163666614,161.44339384503846,164.2482432353873,1314520
2023-05-18,159.00982666015625,162.51587990687824,158.59734980760072,162.30964148060048,1205340
2023-05-19,159.50479125976562,160.45348291023572,157.8961215922302,158.30859841205086,1097840
2023-05-22,159.46353149414062,160.49472348183193,158.18485091184485,159.54601930048022,781920
2023-05-23,162.9695587158203,163.3820354462639,159.99972122151013,160.7834244917948,1107720
2023-05-24,165.40316772460938,166.43435954334134,164.165737542131,164.41322609618481,1379700
2023-05-25,162.84584045410156,164.6194982995933,161.6084100172534,162.8870906528885,1354360
2023-05-26,158.72105407714844,162.43334496075133,158.14358912392416,162.3508571604575,1215200
2023-05-30,158.72105407714844,159.71100838300939,156.864908635347,157.27738540019178,1604700
2023-05-31,160.41224670410156,161.6909274746488,159.46355497087328,160.1235204577165,1194500
2023-06-01,157.52487182617188,161.40215084522276,156.7411685012241,160.3297213415004,1167280
2023-06-02,153.02891540527344,156.0399914549493,152.49270052118152,155.58627697816144,1508860
2023-06-05,153.77130126953125,154.26627832064906,151.91515620952345,152.86386012620102,719900
2023-06-06,153.15264892578125,154.596317896595,152.74017207697733,154.10135323070696,818460
2023-06-07,154.26629638671875,154.5550351316498,152.03892457142055,152.9463658210209,1189540
2023-06-08,152.53392028808594,154.96754355303912,152.24519407189703,154.3900659450746,730440
2023-06-09,152.12144470214844,152.82266032444952,150.6365382348177,152.08020709078417,847040
2023-06-12,149.44036865234375,151.95648013897133,149.35788082898597,151.42026522986177,701780
2023-06-13,147.50169372558594,148.86286201537547,147.00671657232144,148.40913505618167,1048340
2023-06-14,147.1717071533203,149.6053301773426,145.8930392308854,147.2129573480616,1687200
2023-06-15,143.7481689453125,147.95543746175605,142.84071492402677,147.9141872630079,1867760
2023-06-16,144.8618621826172,145.15058839988208,142.42823890859475,142.46948910757357,1100980
2023-06-20,146.30551147460938,147.74918013132836,145.56304575562172,146.18176089421556,873380
2023-06-21,147.91050720214844,148.28571315524442,146.49310348451738,147.07673881268357,849640
2023-06-22,146.99339294433594,148.95274133727426,146.91001100323302,148.744299206815,865820
2023-06-23,149.2862548828125,149.78650835752097,148.03560211259452,149.49469701118215,792260
2023-06-26,150.57858276367188,150.78702487008763,148.41077976802924,149.74481433800878,744300
2023-06-27,147.28518676757812,150.32844914353294,146.86830255626623,149.95325589781152,688420
2023-06-28,147.2018280029297,148.57754090894971,146.53481067304526,148.07728745325943,1032100
2023-06-29,146.24298095703125,147.91051785607286,146.07622981158647,147.61870653211872,1007460
2023-06-30,142.9912872314453,144.32532182223173,142.24090072556342,144.1168797125649,781460
2023-07-03,142.57440185546875,143.3664793213176,142.4493416796019,143.11634624728725,329640
2023-07-05,143.0746612548828,143.8667386833704,142.61608609450707,143.8667386833704,584380
2023-07-06,145.45086669921875,147.16009413304144,145.20073368314578,145.70099971529172,998200
2023-07-07,146.28466796875,146.49311007549437,143.6166115468812,146.20129875943016,776420
2023-07-10,145.5759735107422,147.03506826869287,145.49259157851205,146.57649308602046,591480
2023-07-11,143.78338623046875,145.82611666657485,143.49157486662423,145.1174210209822,606700
2023-07-12,141.5738983154297,142.282593929432,140.6150568767704,141.365456183847,1143120
2023-07-13,139.44776916503906,140.78180373475925,138.94750302081985,140.4899796969153,915080
2023-07-14,139.7395782470703,140.1564624152032,138.40554382012692,139.03087007232628,881980
2023-07-17,138.8224334716797,139.8646439331788,138.11372526894203,139.82295297025968,598720
2023-07-18,136.738037109375,139.32272460706895,136.36284382030277,139.0725915069215,992000
2023-07-19,136.2377471923828,136.73801330558985,135.487360744868,136.32112911868256,1101880
2023-07-20,138.2388153076172,138.57231760775295,136.40452721227598,137.02985356675347,1189920
2023-07-21,138.2388153076172,138.2388153076172,137.02985356675347,137.15491374873008,735220
2023-07-24,137.071533203125,137.9469926527344,136.57127974784635,137.57179938070104,651720
2023-07-25,136.32113647460938,137.32165603271602,135.6124282297066,137.32165603271602,519080
2023-07-26,136.3628387451172,137.6551824458654,135.48737928833307,137.02985607991926,1002780
2023-07-27,138.28050231933594,138.86413768902364,134.11166007542826,134.3617804322252,1288020
2023-07-28,135.7375030517578,136.82140455604198,135.1955459384674,136.36282937473368,913640
2023-07-31,135.2372283935547,136.27943886625826,135.02878629901397,135.4456704880954,655500
2023-08-01,136.1126708984375,136.65461518828846,135.65409580271287,136.2377310507741,769720
2023-08-02,139.86465454101562,140.36492068939543,137.9052936358741,138.07205750019847,1264440
2023-08-03,140.82347106933594,141.78231231776354,139.61450949047077,141.32373717480212,1368660
2023-08-04,142.2408905029297,142.57439276550963,138.4055508717813,139.73958536669267,1719900
2023-08-07,139.78126525878906,141.53218396375388,139.73958701719616,141.1152997694571,886520
2023-08-08,140.990234375,143.2414063963151,140.78179228557647,141.532178718583,1116700
2023-08-09,142.9912872314453,143.4498624171717,140.8651751683843,140.94855710116974,1036560
2023-08-10,143.03297424316406,143.82505169353877,139.36438558108148,141.61557048107832,1940340
2023-08-11,143.3665008544922,144.7839048571579,142.61611424199225,144.40871155090795,1110820
2023-08-14,141.7406463623047,144.20026091648512,141.7406463623047,144.03350975934197,770080
2023-08-15,145.11740112304688,145.53428534763347,142.78284692090267,143.032980000114,1180740
2023-08-16,147.32687377929688,147.4102557082401,144.36699341395857,145.49258584321132,1192960
2023-08-17,149.7864990234375,150.12001404142438,146.2846740295062,146.49311614488659,1490360
2023-08-18,149.7864990234375,152.0793622926219,148.9944215294514,151.87092017724152,1292380
2023-08-21,147.8271484375,150.57858686152528,147.28519131269223,149.0361101431529,1193700
2023-08-22,148.66090393066406,149.07778811851097,146.61817395467338,146.61817395467338,992740
2023-08-23,145.53428649902344,148.07728283357977,144.99232936939507,147.99390089908403,1062580
2023-08-24,149.5780792236328,149.6197701973882,144.1169051637506,144.45040750919568,1355360
2023-08-25,147.5770263671875,150.99548234935787,146.6598759166644,148.4524858477236,2053920
2023-08-28,145.86778259277344,147.0350660146173,145.3675291739516,146.20129759428445,1263640
2023-08-29,141.65725708007812,145.99286327485981,141.4488149638789,145.867790371762,1203400
2023-08-30,140.5316925048828,141.90740553186194,140.11480822733782,141.36546105997283,823780
2023-08-31,141.11529541015625,141.19867733535818,139.53114060968426,140.23983608471832,658020
2023-09-01,140.61505126953125,141.61558363906892,139.1142781598199,139.44778046813406,868620
2023-09-05,141.94908142089844,141.99077238868264,140.82348890221033,141.0736219866185,792820
2023-09-06,143.9501190185547,145.45090478568105,142.49102421873957,142.53271518605084,1067220
2023-09-07,144.95066833496094,146.28469038920719,144.49209308538002,146.11793922271372,933340
2023-09-08,144.65882873535156,145.28415508435165,143.57492718595867,144.99233103256609,785260
2023-09-11,142.69944763183594,144.0334820771853,142.57438746858864,142.8662114792261,656300
2023-09-12,144.3669891357422,144.78387332351193,142.82452527437164,143.82504478055984,753120
2023-09-13,144.11688232421875,145.03401998999493,143.32479211529332,144.3253244376629,886920
2023-09-14,141.78231811523438,143.44985490524644,141.32374295352184,142.5743955460309,920860
2023-09-15,145.2841339111328,145.53426695873873,142.65776871700893,142.82451984131444,1101320
2023-09-18,145.15908813476562,145.8677836638746,144.28362874252838,145.57597234799323,690660
2023-09-19,145.8260955810547,147.6603963333572,145.45090232619165,145.8260955810547,905440
2023-09-20,148.62954711914062,148.7141210131644,144.78166721601988,144.9930890469148,1130380
2023-09-21,153.6190948486328,153.74595568775425,150.53234132580863,150.7014762071396,1391020
2023-09-22,154.4647674560547,154.76076314833148,151.80085784221586,152.94254076481138,1151900
2023-09-25,153.1539764404297,155.7333124031294,153.1539764404297,155.3950426420369,989160
2023-09-26,157.76295471191406,158.35493318973468,154.97218428314488,155.47960178079856,1147480
2023-09-27,157.6784210205078,160.46919216065686,156.4521768101266,156.95959443712323,1186560
2023-09-28,155.98699951171875,158.7354828774048,154.71846872755594,158.27035234237928,1253480
2023-09-29,156.91729736328125,157.97440659787063,153.70368270929643,153.7459696595131,1561700
2023-10-02,157.00184631347656,159.1160646204405,156.1138849478833,157.59383776275806,1580780
2023-10-03,161.31484985351562,162.37195896133682,157.59383095565056,158.77778799474473,1906920
2023-10-04,158.9892120361328,162.16053940387482,158.48179449562846,161.0611433355581,1434740
2023-10-05,159.41204833984375,161.8222621899365,158.7354959517332,159.41204833984375,1272980
2023-10-06,155.64874267578125,162.41424075108463,154.5070597139084,161.35713167681848,1832120
2023-10-09,153.70370483398438,157.5515855826012,153.2808610792829,157.12874182789974,1071340
2023-10-10,152.18141174316406,153.5768033902719,150.23632856802644,153.28080770338642,1159260
2023-10-11,150.91290283203125,153.19625606299283,150.8283418407599,151.42032039631815,960800
2023-10-12,152.90029907226562,154.6339609883171,150.4477976360423,150.70150646105395,1763980
2023-10-13,154.5493621826172,155.7333193030616,151.03976486517033,152.0123001495236,1577600
2023-10-16,151.3357391357422,153.15397456581056,150.61691267617812,152.98482678317046,1273420
2023-10-17,151.37803649902344,153.91509856325288,149.98265752536324,153.74596367313725,1368880
2023-10-18,155.47964477539062,156.325332235895,152.09689493337325,152.815721532302,1417340
2023-10-19,158.5240936279297,158.989224258455,153.83052618201995,155.26820502258272,2787300
2023-10-20,162.41424560546875,162.49880659143938,158.52407893423108,158.94692257657587,1679620
2023-10-23,163.04852294921875,165.12045436684295,160.0040433408402,163.76734945108254,1547260
2023-10-24,160.63832092285156,162.92167434865146,159.7503465616611,161.4417213813893,1153800
2023-10-25,165.33187866210938,165.7547223415521,162.0759771687343,162.0759771687343,1330260
2023-10-26,169.3911590576172,170.23684630912385,165.71241435189785,166.38896673393586,1999020
2023-10-27,171.1248321533203,172.30878922436187,167.95350474428298,168.24948755996124,1912180
2023-10-30,167.06553649902344,169.89858134384903,166.21984915952362,168.84147216947423,1424560
2023-10-31,164.9936065673828,168.24949511095264,164.82445877464477,166.68498126144448,1126700
2023-11-01,161.56857299804688,164.78218755263237,160.97659442582022,164.31705692296677,1940680
2023-11-02,155.60646057128906,158.82007483783323,155.4796126400976,158.73550094759634,1991420
2023-11-03,152.81570434570312,154.04194844469012,151.71630818985906,153.9573874506499,1661260
2023-11-06,152.2237548828125,153.57686008788232,151.88548503362884,152.35060285021447,1222920
2023-11-07,151.37803649902344,153.06941120850973,150.9129058730817,152.3082977509069,1241920
2023-11-08,151.2511749267578,152.90026253905856,150.6169094678603,151.0397531071253,1271860
2023-11-09,153.661376953125,154.0419336501694,150.5323365825233,150.5323365825233,1619800
2023-11-10,148.96780395507812,153.36538797927207,148.7563821425366,152.30827891656457,1248400
2023-11-13,149.3061065673828,150.53235066330143,148.58726714693137,149.98265903883743,910220
2023-11-14,143.59771728515625,145.37365301073183,142.70974297028587,145.2468050675354,1543280
2023-11-15,143.00572204589844,143.63998749630161,141.9908870019225,142.8365742691267,1117140
2023-11-16,142.83657836914062,144.18968319717266,142.6674434916776,143.51313078315664,1465040
2023-11-17,142.5406036376953,143.5131389163462,142.16004691579562,142.87887341179177,701420
2023-11-20,140.3841094970703,142.79432376757185,139.8766918914387,142.75203681640826,855400
2023-11-21,141.06065368652344,141.9486279919426,140.93379284051213,141.18750162836974,685080
2023-11-22,140.17269897460938,140.89153848999203,139.3692984542308,140.2572728837721,1131420
2023-11-24,140.0880889892578,140.4263716346256,140.00352800603847,140.21494982033204,318740
2023-11-27,140.6378173828125,140.9338002306961,140.04583878287963,140.59553043192466,643900
2023-11-28,140.51095581054688,141.31436916080443,139.62299436727795,140.9760864595998,932100
2023-11-29,140.68008422851562,140.9760670340991,138.396718248554,139.11555759841804,1046600
2023-11-30,139.74984741210938,141.61035717201224,139.53842555520754,140.2995390783877,1207900
2023-12-01,138.185302734375,140.55322980791848,137.80474602173652,140.17267309528003,1301740
2023-12-04,139.66525268554688,141.0606444755652,139.49611780607427,140.34180510760143,800200
2023-12-05,139.74984741210938,140.80695669661853,139.15786879361747,140.5955348397167,860500
2023-12-06,141.01837158203125,141.22979342848106,138.43902247451032,138.43902247451032,974480
2023-12-07,138.9464569091797,140.13041423113847,138.5659001202763,139.70757048698647,958900
2023-12-08,137.84706115722656,139.62301005159384,137.50879132218853,139.4961491853293,1384680
2023-12-11,136.78993225097656,138.31217209951754,136.7053583522156,138.22759820075657,682500
2023-12-12,135.56369018554688,137.6779086447595,135.56369018554688,137.04364310699572,1007780
2023-12-13,131.92723083496094,135.64825013274242,131.75809594036454,135.47911523814605,1942900
2023-12-14,131.16612243652344,132.7306364023314,130.2358611239716,130.9124136327215,2006360
2023-12-15,131.6735076904297,132.2232121681645,130.99695528161354,131.63122074534795,2183220
2023-12-18,130.23583984375,130.95467918637124,129.72842231905693,130.8701052975345,1227760
2023-12-19,128.7559051513672,130.06672318694325,128.71361820102624,129.98214928626138,876800
2023-12-20,132.48069763183594,132.61003911137533,128.21269193689014,129.24735799074173,1809300
2023-12-21,130.02337646484375,132.17893637587733,129.89403497628558,130.7993727702184,2341660
2023-12-22,129.5922393798828,130.67001912662752,128.64378794015104,129.4628979163788,1763780
2023-12-26,128.55758666992188,129.46291122506122,128.0402470757059,129.3766967303535,712720
2023-12-27,128.16958618164062,128.98870946749486,128.04025785044968,128.68692581939135,1844560
2023-12-28,128.16958618164062,128.38514217128784,127.73847420234617,128.12648550890597,1189120
2023-12-29,128.9886932373047,130.0664730499276,128.08335556340307,128.42823984084566,2311220
2024-01-02,130.49758911132812,131.66158345196058,129.93713569710454,130.7562457493627,1401700
2024-01-03,132.69625854492188,132.99804218524906,131.31670814062394,131.74782010880952,1928460
2024-01-04,133.6447296142578,133.7740579609639,131.5753971279899,133.08428923653798,1668980
2024-01-05,133.3429412841797,134.2051653161666,131.9202768939991,133.6016111250747,2244760
2024-01-08,129.6353759765625,133.1704862730706,129.54914831907726,133.12737244432796,1891860
2024-01-09,130.02337646484375,131.40292691400907,129.46292299407887,131.14427024987992,1184980
2024-01-10,128.64381408691406,130.109592209107,128.12648759722498,129.93715004587733,1155040
2024-01-11,128.90248107910156,131.05804096336746,127.91092879493661,128.21269928483778,2947960
2024-01-12,128.81625366210938,129.59226311579286,127.78158754702488,128.21269952468455,1572440
2024-01-16,129.85093688964844,130.7993753754982,128.90248524730484,129.63538089425163,1714740
2024-01-17,131.2736053466797,132.6100551916886,131.01493551272728,131.57538901237322,1827040
2024-01-18,129.11805725097656,131.40294582286975,128.81627355740778,130.54072173438243,1874220
2024-01-19,125.97090911865234,128.902464931419,125.79845382431988,128.51446683215457,1959400
2024-01-22,125.41046905517578,125.79846719568128,124.54824511783322,125.15179924267437,1740080
2024-01-23,124.7206802368164,125.79846009768241,124.67757956757572,125.19490600689593,1207760
2024-01-24,124.59136199951172,124.76380415990785,122.82380025334106,123.34113989102293,1821040
2024-01-25,123.34111785888672,124.67756738709346,123.16867572929353,123.59978763152208,1253840
2024-01-26,123.68602752685547,124.11713951764722,122.82380354527196,123.64291369647752,1183040
2024-01-29,121.83222198486328,123.9015537813509,121.74599434480517,123.64288401766727,1222940
2024-01-30,122.00468444824219,122.43579640742325,121.6598001434945,122.17712660061603,872440
2024-01-31,126.0140151977539,126.05712902318865,122.99623160821419,123.1686869099532,3092880
2024-02-01,122.90999603271484,125.71222317094427,122.90999603271484,125.32422512156437,1848880
2024-02-02,120.40956115722656,122.91001833588744,119.54733726592815,122.7806768582972,2916940
2024-02-05,121.27178955078125,122.43579710984527,120.49579328240054,120.71134926322773,1743280
2024-02-06,120.66824340820312,121.57358121879076,120.49580124344688,120.84068557295939,1438060
2024-02-07,118.72822570800781,119.97844770337596,118.46955591257142,119.50423509431697,998640
2024-02-08,118.68512725830078,119.20246691619472,118.55579892207432,118.81446875102128,821180
2024-02-09,117.39177703857422,118.68511287002305,117.17622106666609,118.4695568981149,1821060
2024-02-12,117.47802734375,117.90913937069953,116.35713344238219,117.3917996757621,1036340
2024-02-13,120.7975845336914,122.39269099847839,119.97846122971308,120.58202853927476,2026880
2024-02-14,118.64200592041016,120.71133787858928,118.42644995991267,119.50422976240007,1993440
2024-02-15,117.17623138427734,118.72823714997175,117.09001688181817,118.46956732960709,1483740
2024-02-16,118.42645263671875,118.77133691871349,116.87444705475839,117.39177347775049,1907560
2024-02-20,119.8060073852539,120.84067342628259,118.98689731762671,119.33178161247211,1919020
2024-02-21,119.5904541015625,121.35801575450752,119.50423960415836,120.45267801456077,1673160
2024-02-22,114.71888732910156,116.96066147364519,114.33088922297786,116.4433350509776,2413520
2024-02-23,114.67578887939453,115.02067320741173,113.64112273884912,114.07223472711752,1641700
2024-02-26,115.53800964355469,115.62423730140844,114.33090137256268,114.54645736070364,1065620
2024-02-27,115.19313049316406,116.18468282050023,115.06378900058066,115.2362311675312,1011080
2024-02-28,115.58110046386719,116.0984268385258,115.23620305760399,115.9259847136396,831560
2024-02-29,114.80510711669922,116.0553422979202,114.07222469499283,114.76200644685791,1646640
2024-03-01,112.69266510009766,114.67578277181106,112.52022294527325,114.46022678915728,1654280
2024-03-04,112.99444580078125,113.12377412441401,112.17533571929071,113.0806602977055,989560
2024-03-05,115.27934265136719,116.31400878849925,113.7704506974056,113.94289286084532,1722980
2024-03-06,114.1153335571289,114.80510212249533,113.12376822055356,113.81354994241205,1656580
2024-03-07,111.95977020263672,113.2099921317008,111.57175895181372,112.73576639129949,1698260
2024-03-08,113.3824462890625,113.6842299258131,110.58021852906666,111.78732676308304,2351840
2024-03-11,113.64112091064453,114.93445685464316,113.42556491997809,113.9860052331134,1227740
2024-03-12,111.22688293457031,113.89978228319191,111.01132695989091,112.69266093109171,1975860
2024-03-13,111.6148910522461,112.26155903419014,111.05445073049208,111.18377906428339,918240
2024-03-14,112.17533874511719,113.55488914155208,111.270000985789,111.35621548503882,1641120
2024-03-15,113.81355285644531,114.46022077040239,112.99444279673149,113.59799688512628,1742740
2024-03-18,112.43399047851562,112.69266027793019,111.31310994187339,112.04599235764005,1191840
2024-03-19,111.22688293457031,113.29621502889552,111.1406552821015,112.8220024097949,1330580
2024-03-20,109.32183074951172,111.59390586225166,109.23444452731815,111.28805075100345,1916280
2024-03-21,108.71012115478516,108.75381093256354,107.87993537129861,108.14210070653466,1160900
2024-03-22,109.10337829589844,109.23446098250592,108.5790542166109,108.75382668732594,966600
2024-03-25,109.7587661743164,109.88984883836696,109.32182840557537,109.7587661743164,887880
2024-03-26,110.32678985595703,110.41417607885029,109.10336273402703,109.1907489569203,851080
2024-03-27,108.57904052734375,110.10832278829226,108.53534408160289,109.14706098626722,1459960
2024-03-28,108.62274169921875,108.79751415550338,108.01102476793885,108.53534880393458,1242700
2024-04-01,109.0596694946289,109.54029703885759,108.14209751551951,108.4042628430197,1353020
2024-04-02,110.50155639648438,111.50651457390501,110.45786662094326,110.76372171829536,1314300
2024-04-03,110.28309631347656,111.0258958954726,109.6276896238153,110.9821994493052,1491680
2024-04-04,113.12318420410156,113.21057709043787,108.49164791534743,108.6664203537377,3594400
2024-04-05,110.80741882324219,112.72994230420946,109.93354330150413,112.5551698667183,4134100
2024-04-08,110.76374053955078,111.06959568887454,110.10833379079604,110.5452716232992,1433680
2024-04-09,110.54525756835938,112.64255356400645,109.93354734748587,110.0209335694476,2605980
2024-04-10,112.72994995117188,113.60382553218871,111.89977081606251,113.07949484986536,4562120
2024-04-11,111.15696716308594,113.77859381001855,110.5452569456582,112.16193204497971,2626920
2024-04-12,114.34664154052734,115.08942789055463,112.20563539196293,112.77366260181505,3411260
2024-04-15,117.18672180175781,117.62365959619497,112.38040606294912,112.42408917496623,3584680
2024-04-16,117.66734313964844,118.32274983370726,116.31284663935352,117.0556328920502,4022080
2024-04-17,119.1529312133789,119.80833784638037,116.4876082389832,116.57498778948082,2897180
2024-04-18,119.76465606689453,120.20159387572356,117.57996702274937,118.58491864934265,3111000
2024-04-19,121.9056396484375,122.56104631321404,119.37140587834794,119.89572320959954,4450760
2024-04-22,119.76465606689453,121.86195221556041,118.4101461926678,120.6385316845526,1902020
2024-04-23,117.01194763183594,119.02186435261942,116.70609914593962,118.84709188435228,2149760
2024-04-24,117.09931945800781,118.14796741316339,116.18174749689086,116.53130570479752,1734080
2024-04-25,118.14796447753906,120.90068029249313,117.75472317091187,120.11418434495688,3053400
2024-04-26,115.91959381103516,117.14302766009867,115.17680754644857,116.88086231142194,2019420
2024-04-29,115.17681121826172,116.40023177204408,114.82725296412106,115.17681121826172,1643620
2024-04-30,118.84708404541016,118.84708404541016,115.39527802124212,115.91959539146046,2213500
2024-05-01,119.720947265625,119.8957197042658,115.96327983057739,119.10923706324105,3851320
2024-05-02,117.53627014160156,120.15789698490866,117.14302878196224,118.01690439639793,2651280
2024-05-03,114.69618225097656,115.96329931184471,114.17185151268683,114.73987870154814,2504440
2024-05-06,112.38040161132812,113.86598738671066,112.38040161132812,113.64751849814608,1469920
2024-05-07,112.11824035644531,112.51148170330896,111.55021989208765,111.9871510179686,1694320
2024-05-08,112.16194152832031,113.07950026490057,111.98715573632046,113.03581715118442,1198320
2024-05-09,111.0259017944336,112.55518415156274,111.0259017944336,112.24932234642334,1378200
2024-05-10,110.76374053955078,111.33176105523333,110.06463734068883,110.37049915715482,1569020
2024-05-13,110.85111236572266,111.28805014143866,110.06462303600557,110.1083194804337,989420
2024-05-14,109.8024673461914,111.02589448477585,109.62768823088419,110.76372914538578,1349940
2024-05-15,107.13714599609375,109.10336607351157,107.04975977052572,108.79751095045268,2035480
2024-05-16,107.74886322021484,107.79255299955408,106.56912583664722,107.26822897749162,1636020
2024-05-17,107.4866943359375,108.36056989964432,107.4866943359375,107.7051632268642,1079820
2024-05-20,107.31192016601562,107.61777527497095,106.65651350376507,107.44299616475267,897740
2024-05-21,106.78758239746094,107.70515433041822,106.74389262316924,107.61776811469393,820160
2024-05-22,107.4866943359375,108.36056989964432,106.8312876631574,107.09345299912601,1485760
2024-05-23,109.19075775146484,109.71508846533844,106.2632757123332,106.30697216086999,3010280
2024-05-24,107.74886322021484,108.8848974901599,107.44300142913188,108.49165614039846,2378700
2024-05-28,107.6614761352539,108.79751713362649,107.39931744365086,107.48670367418521,2044020
2024-05-29,109.27814483642578,109.5403035122773,108.75381415043945,109.40922084078073,2384680
2024-05-30,110.72003936767578,111.24437007803274,109.62769483300202,109.93355663642423,1915420
2024-05-31,108.84121704101562,112.68626464384377,108.79752059078893,110.4141892420429,2807180
2024-06-03,108.71012115478516,110.85111361302765,108.14210070653466,108.18579715145448,2081220
2024-06-04,108.53533935546875,109.97723532929021,108.2294842500257,109.32182867456602,2641120
2024-06-05,106.0885009765625,108.40427268935088,105.95741830090621,107.61778330255497,2255260
2024-06-06,106.0447998046875,106.83128915644546,105.73894468654316,105.91371713487091,1855360
2024-06-07,106.43804168701172,107.00605544494987,105.3020008368531,106.52542790614518,2293700
2024-06-10,105.82634735107422,107.04977468085536,105.69526466089364,106.83130575293525,1358100
2024-06-11,105.38939666748047,107.31192699945707,105.30201044037739,106.48174117412339,1311740
2024-06-12,103.64164733886719,104.07858514945866,102.59299926030442,103.59795755809317,2538860
2024-06-13,103.29209899902344,104.38444355978783,102.94255407329251,103.02994030472524,1591540
2024-06-14,103.29209899902344,104.42814000907524,103.29209899902344,103.99120218476948,1052580
2024-06-17,101.71912384033203,103.81642666874812,101.15110335201115,103.59795776302023,1304600
2024-06-18,101.23847961425781,101.8938862669187,101.1947898376985,101.76280360295827,1381880
2024-06-20,101.8501968383789,102.5056034932793,100.67045952584516,100.93262485466184,2121520
2024-06-21,102.37452697753906,102.76776832724107,101.80650650908152,102.28714075173212,2136240
2024-06-24,102.98623657226562,102.98623657226562,101.36956807009332,102.37452632835446,1871600
2024-06-25,102.19974517822266,103.07362074765472,102.02497273119283,102.50560696123706,1497960
2024-06-26,101.99485778808594,102.88564257226136,101.7276196343739,102.6629463762175,1575760
2024-06-27,101.68309783935547,102.351186515309,101.46040161403764,102.0839483264678,1600960
2024-06-28,102.61841583251953,103.10835023676952,100.3469184579088,101.50493472845075,2964700
2024-07-01,102.2621078491211,103.33104699613865,102.03941162714666,102.12848875670656,2351220
2024-07-02,100.9259262084961,102.93019212069895,100.9259262084961,102.88565015974592,1946620
2024-07-03,100.12422180175781,101.14862577227687,99.94606074819185,101.14862577227687,953220
2024-07-05,99.0107421875,100.3023775635161,98.92166505745567,100.07968134033061,1991360
2024-07-08,98.87712097167969,99.27797144634842,98.56534762514298,98.78804384354767,1377580
2024-07-09,98.74349975585938,98.87711884325576,98.25357216360477,98.56534550343027,1413360
2024-07-10,96.82832336425781,98.43173902612988,96.69471105589345,98.34266188850364,1609760
2024-07-11,98.52081298828125,98.78805118869643,96.51654687361669,96.78378507403187,2987260
2024-07-12,97.45187377929688,98.3871938884541,96.11569636951533,98.25358158439575,2087140
2024-07-15,96.9619369506836,97.58549047088083,95.75937867079193,96.73924072121663,2729100
2024-07-16,95.80390930175781,96.78377123626704,95.67029022065456,96.4719979111253,1645100
2024-07-17,98.52081298828125,98.65443208848883,97.3627966441649,97.9418014181482,2422060
2024-07-18,100.07968139648438,100.88138915963187,97.67456490319132,98.03088021971791,2770760
2024-07-19,101.5940170288086,101.95032553949237,99.72336336697268,100.30237489105764,2541700
2024-07-22,99.50067138671875,100.83684874712849,99.27797515998378,100.07968293545953,2141360
2024-07-23,99.90151977539062,100.0351388587615,98.78803874088148,99.54520448511792,2046640
2024-07-24,104.44451904296875,104.71175720460856,101.54946840851545,101.68308748933536,3150360
2024-07-25,105.5580062866211,105.86977962950365,102.03940879552673,104.4445252076483,3731340
2024-07-26,103.37557983398438,104.4445188866462,102.21755686347676,104.13274556263222,2535240
2024-07-29,103.24195861816406,104.04366628915427,102.35117382731907,102.75202426473987,2105660
2024-07-30,104.31090545654297,105.64708274282528,102.30663952711949,102.70749679069365,3014460
2024-07-31,101.10408782958984,102.21756897308752,99.94606472189243,101.68309938343855,3946560
2024-08-01,103.9100570678711,105.20169241865726,99.50066785723877,100.39145273258075,4628960
2024-08-02,107.91858673095703,109.56653735635531,106.31517127069706,106.80510566026236,4422740
2024-08-05,114.24315643310547,117.13820718092296,111.70442098271072,116.51466050754496,6156360
2024-08-06,112.14981842041016,114.06500728306764,108.80937510047826,113.44145378565743,4755000
2024-08-07,113.75321960449219,113.97591581107588,108.14127927627239,109.43291455599827,3793620
2024-08-08,108.49759674072266,112.37250945371653,108.18581660833716,111.39264748433804,2890540
2024-08-09,107.6513442993164,109.47745590151628,107.02779764284023,108.942986367944,1842080
2024-08-12,107.56227111816406,108.49759793330338,106.58240913801517,107.20595581734199,1771680
2024-08-13,104.13275146484375,106.40424877953507,103.99913237665034,106.27063648749079,1960520
2024-08-14,103.42012023925781,104.88991660828526,102.97472781204641,103.82097750143753,1991220
2024-08-15,99.9906005859375,101.54947409173162,99.81244633230641,101.32677787661818,1899800
2024-08-16,99.63429260253906,100.70323859130728,99.41159637106439,100.6141546617977,1302240
2024-08-19,97.80818176269531,99.81244772671654,97.76363980059071,99.54520954638734,1356100
2024-08-20,98.11995697021484,98.60988458191281,97.36279117311847,97.9417959145661,1606680
2024-08-21,97.45187377929688,98.43173585390672,96.96193934391708,97.80818911446858,1657840
2024-08-22,99.0552749633789,99.50066739899869,96.60561656747014,96.82831278528002,2358460
2024-08-23,97.05101013183594,98.78804472864508,96.69470161611547,97.94179501343571,2197900
2024-08-26,97.58549499511719,98.1644997816553,96.47201379615943,96.78378717263763,1544460
2024-08-27,97.36279296875,98.43173213775907,97.14009674219398,98.03088164841805,1590400
2024-08-28,98.52081298828125,99.63429416309489,97.31825467871246,97.45187377892005,2099000
2024-08-29,98.56535339355469,98.92166872308493,96.65016444396056,97.8527227344942,2481300
2024-08-30,96.82832336425781,99.14436971943967,96.65016908900535,97.85272743733441,2143740
2024-09-03,100.83685302734375,101.68310280254698,97.85272482165814,97.89726678735559,3126100
2024-09-04,101.2822494506836,101.8167258753036,100.03515591630371,101.5494876629936,3435960
2024-09-05,101.81670379638672,102.70748858272029,100.3023655819305,101.28222748766771,2847540
2024-09-06,105.37985229492188,105.69162563858099,101.23770131159611,101.81671283333398,3415140
2024-09-09,103.06380462646484,104.53360099104579,102.5293350746579,103.68735810036387,2173660
2024-09-10,102.21756744384766,104.26637543569176,102.08394834939705,102.39572170568216,2051140
2024-09-11,100.16875457763672,105.5580056877494,99.76790410994036,102.26210443114852,3073840
2024-09-12,98.52081298828125,100.79231730336099,98.38719388807367,99.94606753281276,2192540
2024-09-13,97.58549499511719,98.47627995428338,97.22917965222072,98.38719602144685,1950700
2024-09-16,97.31825256347656,98.38719174960411,97.22917543065753,97.71910305923699,1243380
2024-09-17,97.27371215820312,98.07541995872424,96.07115385549629,96.60562345712714,2093660
2024-09-18,97.9417953491211,98.11995640374126,95.40305978709033,97.09555242716061,3124520
2024-09-19,94.6458969116211,95.6257589557115,93.93326626347378,94.60135494755582,2610200
2024-09-20,95.09130096435547,96.07116312794311,94.6904504234811,95.22492007669705,1816020
2024-09-23,94.69044494628906,95.18037260166875,94.37866477014293,94.73498011705996,1803800
2024-09-24,94.15596008300781,95.35852512051369,94.11142491623127,94.42319826826453,2027440
2024-09-25,94.6131820678711,94.97533917021948,93.97941231944056,94.2510249655227,1551100
2024-09-26,93.84359741210938,94.65844912095162,93.02874570326712,93.16455547266946,2157700
2024-09-27,94.25102996826172,94.613187089833,93.30037529515621,93.57198795565526,2122200
2024-09-30,93.39090728759766,95.38276097627391,93.34563505975731,94.61318145599319,2434980
2024-10-01,95.20170593261719,96.06182318217498,93.66253966028535,93.66253966028535,3857060
2024-10-02,95.15641784667969,96.37869206895266,94.83953296054558,95.56384719248565,2298780
2024-10-03,95.56385040283203,96.33342998288862,94.88480837791633,95.69965328175702,2840620
2024-10-04,93.93414306640625,95.56384662480419,93.79833328527769,94.1152181695294,3562660
2024-10-07,95.65438079833984,96.016537899369,94.29629685015965,94.52264417485635,2360700
2024-10-08,93.88887023925781,95.11115135406293,93.70779513728716,94.8395317935346,2039820
2024-10-09,92.57605743408203,94.115216506143,92.44024765535377,93.8888691774533,2198720
2024-10-10,92.98347473144531,93.48144159011147,92.48551478035105,93.11928450267898,2412640
2024-10-11,91.98756408691406,93.16457310101573,91.7612167309386,93.11930086679139,1954940
2024-10-14,90.4483871459961,91.58012370461073,90.17676760889987,91.48958616143591,1848500
2024-10-15,91.9422836303711,92.30443381427843,90.35785239927459,90.44838994525144,2564940
2024-10-16,91.1727066040039,92.21390575882617,90.99163149341425,91.94229309294168,1491900
2024-10-17,91.1727066040039,91.21797883543766,89.99570457002575,90.04096989388681,1874880
2024-10-18,90.53894805908203,91.17271793246618,90.31260068893432,90.72002319217079,1771400
2024-10-21,90.90109252929688,91.80648188335846,90.49366317542561,90.85582029856477,2145940
2024-10-22,90.99163055419922,91.94229214391393,90.6294734291854,91.7612101276207,2187740
2024-10-23,92.75712585449219,93.84359709850841,91.580123974606,91.7159337435545,2915460
2024-10-24,92.39498901367188,93.20983392980452,92.07809720453942,92.07809720453942,2407320
2024-10-25,92.57605743408203,92.84767699153858,90.8105510333314,91.71594034809014,2482240
2024-10-28,91.98756408691406,92.07810164778962,91.39905957986323,91.39905957986323,2101380
2024-10-29,91.7612075805664,92.80240669574042,91.35378514346773,92.30443979922211,1844360
2024-10-30,92.30445098876953,92.5307983496126,91.26325865495008,91.89702850228134,2351160
2024-10-31,95.97126007080078,95.97126007080078,93.75305918124965,93.75305918124965,3174440
2024-11-01,95.2469482421875,95.42803024035274,93.75306147586285,95.20168292332514,2330480
2024-11-04,95.69964599609375,96.37868796931363,94.83952892637743,95.29222357519068,2355120
2024-11-05,93.43618774414062,95.47331399066323,93.43618774414062,95.42804866306224,2461640
2024-11-06,88.86396789550781,90.67474663242056,88.54708299806262,89.4072001350671,4399500
2024-11-07,87.46060943603516,88.27546122889329,87.14372454647159,88.23018899856741,2567400
2024-11-08,86.82683563232422,87.41534006141976,86.41940630099398,87.41534006141976,2097360
2024-11-11,86.69103240966797,87.23426465160826,86.28360995510593,86.37414751083385,2301560
2024-11-12,87.27953338623047,87.95857538834186,86.55521915428268,86.73630116605585,2295820
2024-11-13,87.18901062011719,87.86805273738422,86.60050607030436,87.14373838260327,2771560
2024-11-14,88.36599731445312,88.54707932517684,87.00791331810116,87.18899532882487,2306320
2024-11-15,90.67473602294922,91.30850574368486,89.36191744775125,89.49772721864372,2906340
2024-11-18,89.99569702148438,90.8558140860005,89.58826769547242,90.58420144289799,2019620
2024-11-19,89.40719604492188,91.30851225018549,89.13557648378178,91.08216491842619,2439540
2024-11-20,89.3619155883789,91.12742875810174,89.27137804552507,89.3619155883789,2420640
2024-11-21,88.41127014160156,90.26731413795086,87.95857547309113,88.50180769378916,3381600
2024-11-22,87.95857238769531,88.63761436664164,87.77749038209963,88.45653236104596,2345940
2024-11-25,87.37007904052734,88.09439333964386,86.41941738638356,86.78157453594181,2477440
2024-11-26,86.46469116210938,87.27954303625123,86.28361603788817,87.05319567718811,2231760
2024-11-27,87.09845733642578,87.5511520354874,86.46468752076869,86.60049731200176,1839080
2024-11-29,86.14778900146484,86.96264071254258,85.87616946191498,86.96264071254258,844840
2024-12-02,85.78563690185547,86.14779400643843,85.6045618033501,85.96671200036083,2023560
2024-12-03,85.78563690185547,86.23833155569112,85.69509935260278,85.9214466795206,1845780
2024-12-04,84.74443054199219,85.51401000593705,84.69916522503758,85.33293492297531,1955380
2024-12-05,85.01606750488281,85.15187729873507,84.56337279709065,84.74444791717829,1345740
2024-12-06,84.78971099853516,85.06132364934795,84.47282611880074,84.92552077772771,1358440
2024-12-09,85.69510650634766,85.876181619969,84.83498244771425,84.880254679906,1537660
2024-12-10,86.23833465576172,86.46468199081622,85.46875509809094,85.55929265059824,1654000
2024-12-11,84.92552185058594,85.55929161806112,84.69917451826302,85.4234818371529,1501820
2024-12-12,85.83090209960938,85.87616741674178,85.10658794977412,85.2876630334471,1894180
2024-12-13,85.96672058105469,86.41941528007567,85.1971409742336,85.4234883237441,2034860
2024-12-16,85.28766632080078,85.78563318145277,85.01605368482218,85.55928586435131,1569400
2024-12-17,86.05726623535156,86.41941647351123,85.78564664915879,86.10253156133501,2312300
2024-12-18,91.1727066040039,91.30851639073249,85.46875772955737,86.14779975562763,4021920
2024-12-19,91.26325988769531,91.35379745174082,89.13558914097229,89.63355610458265,3878200
2024-12-20,89.31665802001953,92.44024841870213,87.77749202767625,92.16863576657497,3628560
2024-12-23,88.12774658203125,90.30202553211528,87.9889613173638,89.28427868940699,2277960
2024-12-24,86.27728271484375,87.98894857407994,86.27728271484375,87.80390628726389,1311340
2024-12-26,86.27728271484375,87.24877236790496,85.95345518346026,86.83241663420269,1907540
2024-12-27,88.22026062011719,89.46931378351128,87.43382026234396,87.48008436647054,3077580
2024-12-30,90.2094955444336,91.41229164192382,89.19174880135553,90.30201669218413,2345900
2024-12-31,90.99594116210938,91.50481809259458,89.56184564158914,89.79315205382578,2542680
2025-01-02,91.45856475830078,92.7076181197061,89.42307091444859,89.97820495741624,4182380
2025-01-03,89.2842788696289,90.99594498021767,89.05297244768686,90.62585329332803,2970220
2025-01-06,88.26652526855469,88.77539512252895,86.92494388863435,87.94269771440538,2384960
2025-01-07,90.2557601928711,90.81089414163816,87.57260453843392,87.66512568674325,2397300
2025-01-08,90.07071685791016,91.41229830425922,89.70062518102381,90.25576622580914,2716420
2025-01-10,92.84639739990234,93.49405962397074,91.22725242809918,91.27351653657259,4255680
2025-01-13,92.5688247680664,94.60431827911367,92.52256066416984,94.46553302633518,2207440
2025-01-14,92.43003845214844,93.67909159496575,91.50481285614877,91.7361192551487,2288260
2025-01-15,89.09923553466797,90.25576763112569,88.72914385201915,89.83941184105389,2349200
2025-01-16,89.42305755615234,89.7006210067167,88.63661719118639,88.72913834137451,2044160
2025-01-17,87.75765991210938,88.35905805410299,87.24878999112416,87.94270929521397,2103280
2025-01-21,86.18476867675781,87.5263430140544,86.18476867675781,86.92494494395507,1933280
2025-01-22,85.30579376220703,85.53710015208168,84.84318098245772,85.44457900791399,1817060
2025-01-23,84.38058471679688,85.58338100310814,84.3343276651155,85.53711689251455,2009040
2025-01-24,84.93570709228516,85.25953461834673,84.14925973896477,84.38056612313885,1592960
2025-01-27,87.3875503540039,88.68286753549062,87.29502921080716,88.63661049334762,3544620
2025-01-28,85.90719604492188,87.98895365695833,85.6758896435845,87.06372805160879,2184820
2025-01-29,86.69364929199219,87.43383270992682,86.04599409548354,86.13851525799731,2288600
2025-01-30,85.76841735839844,87.06373471683395,85.30580452030802,86.0922519921911,2216240
2025-01-31,86.8324203491211,87.01746970276481,84.47309932618,85.21327556402167,3378520
2025-02-03,87.98895263671875,90.07071022461703,87.24877639636823,89.46931217633086,4754200
2025-02-04,86.8324203491211,88.17400169212154,86.69363509861607,87.98895233847783,3323580
2025-02-05,86.13851165771484,87.7576566402242,86.09225460784745,87.15625852065261,1892160
2025-02-06,85.53711700439453,86.64739212988303,85.53711700439453,85.62964522570273,2247280
2025-02-07,87.20252227783203,87.43382870297218,85.12076445157079,85.53711319325828,3497380
2025-02-10,86.09224700927734,86.69363801685773,85.90719764940458,86.32355341493482,1822800
2025-02-11,86.04598999023438,86.73990926434917,85.81468356552945,86.73990926434917,1512820
2025-02-12,86.55486297607422,87.94270146061473,86.23102834921885,87.75765209399572,2254840
2025-02-13,84.75067138671875,86.64738686570844,84.70441433778717,86.27729517969682,2076160
2025-02-14,84.84317779541016,85.02822713570518,84.51935027353207,84.79692075451932,1971440
2025-02-18,84.47310638427734,85.30580383906084,84.47310638427734,84.56562753937422,1765620
2025-02-19,84.01048278808594,84.98196538052305,83.91795458593033,84.84318013620039,2079560
2025-02-20,84.79692840576172,85.67588991001263,84.42683675068879,84.42683675068879,2356760
2025-02-21,87.71138763427734,87.89642992634738,84.88944679728812,84.88944679728812,3794540
2025-02-24,88.5903549194336,88.8216613291449,86.87868889935214,87.15625235565886,3011620
2025-02-25,89.51557922363281,90.90341766120852,88.40531129713678,88.6366177033994,2889120
2025-02-26,89.46931457519531,90.25576199883878,87.89643384573095,89.00670176548094,2563340
2025-02-27,92.3375244140625,92.43004556900412,88.4053153282948,88.77539994806128,3417020
2025-02-28,89.56184387207031,93.26274639473584,89.37679451059022,92.29125665897159,3858140
2025-03-03,92.66134643554688,93.91039959972152,88.63661643591249,89.00670103351148,5495660
2025-03-04,94.88189697265625,96.40851370822794,92.19874107006584,94.00292833514791,4555560
2025-03-05,92.89265441894531,96.22346526638404,92.33752045419075,95.0669332319323,4489620
2025-03-06,96.22346496582031,97.10242648569357,93.86413679934384,95.34450344594705,3362980
2025-03-07,95.34449768066406,98.72156535938119,94.78935669230042,97.00989946902232,4258080
2025-03-10,100.3407211303711,102.05239426772432,97.42626591576786,98.0739210614771,3327880
2025-03-11,102.00613403320312,103.53275785908788,99.6005486106424,100.84960190130741,4461560
2025-03-12,101.03463745117188,102.93135284399662,99.50802078645751,99.83184834991475,2778740
2025-03-13,103.76405334472656,104.41170844673552,100.98837652084039,101.21968292283091,2827780
2025-03-14,99.60054779052734,102.32996077576239,99.23045609958568,102.14491845974749,2406300
2025-03-17,98.12017822265625,99.78558007612016,97.19495261776147,99.64679482360371,1893520
2025-03-18,100.24818420410156,100.9421033477279,98.90661001665488,98.9528670575503,2105160
2025-03-19,98.16644287109375,100.10941538008464,96.73234730777483,99.6468025418053,1956680
2025-03-20,98.62905883789062,99.69306981146592,96.96365680260541,99.4617633849892,1941580
2025-03-21,98.72157287597656,100.84959466963434,98.44400941957214,100.38698185004885,1447460
2025-03-24,95.2519760131836,96.6398144615092,94.92814845368989,96.36225100719092,1628940
2025-03-25,94.83561706542969,95.39075097305496,94.51178954089083,94.83561706542969,1453900
2025-03-26,97.0957260131836,97.61045319988135,94.6156891737498,94.94323959252853,1937300
2025-03-27,97.70404815673828,98.40594504415728,96.34704322368958,97.61046333309528,2287780
2025-03-28,101.68145751953125,101.91542313409985,98.03159250424812,98.31235409775603,2558520
2025-03-31,100.41804504394531,104.95697655732498,99.90331783374121,103.92752927698072,2455460
2025-04-01,99.80974578857422,102.47695271900099,99.1078488521427,101.07315884613797,2506140
2025-04-02,98.6399154663086,102.10260408980541,97.61046807608506,101.9622232774875,2756020
2025-04-03,107.95173645019531,108.27928689264085,104.44225212385565,105.4249105912564,3300540
2025-04-04,121.00701904296875,121.19418867911169,112.9118073286678,113.7540849714389,6586300
2025-04-07,121.5217514038086,132.47133980379797,112.58426166787315,128.91505944581868,8532360
2025-04-08,125.31198120117188,128.9618534657505,111.74198229014014,113.19256485983951,7010800
2025-04-09,101.7282485961914,127.23050114516026,100.46483567774155,127.09012748538234,9221220
2025-04-10,108.79401397705078,114.40918889199533,105.51849527666646,105.9864265195785,4968800
2025-04-11,105.09735107421875,110.80611032413105,104.06789671532898,109.54269750375052,4931700
2025-04-14,103.13204956054688,105.09736661629003,101.07315481841971,101.1199508016763,2414500
2025-04-15,103.64675903320312,104.0211054148346,101.54106866909743,102.8980662699402,1826920
2025-04-16,108.32608032226562,110.43177086848678,104.7230112600778,106.03322013907264,2130600
2025-04-17,108.27928161621094,109.21514405763044,106.22038710111354,107.71776557937199,3364060
2025-04-21,113.23936462402344,115.57902091790822,110.15101546006977,110.33819224761918,3874840
2025-04-22,107.67098236083984,111.08687473825024,106.594739069024,110.66573947365734,2236180
2025-04-23,104.20829010009766,104.81660216567921,100.23087439291787,102.14939541358328,3713820
2025-04-24,99.95011138916016,104.16149236667988,99.62255382330204,103.74034998488963,2030640
2025-04-25,98.54632568359375,101.07315161801847,98.3591488965588,99.95011945606623,1846160
2025-04-28,98.45272064208984,100.55841102108946,97.51685825142334,98.26555101998191,1516880
2025-04-29,97.3764877319336,99.3417973874327,96.86176054451218,99.20141659631199,1335440
2025-04-30,97.28289794921875,101.77504052496694,96.5342122799699,99.66935003134694,2110940
2025-05-01,95.92589569091797,96.1130653142895,93.91379010938846,95.22399889317954,1580300
2025-05-02,93.21190643310547,94.66249620865669,92.556805519023,93.77342252232823,2203800
2025-05-05,94.19454956054688,94.84965036763903,93.21189120984533,94.56889593891238,1000900
2025-05-06,95.83232116699219,96.48742205918218,94.28814661818524,96.15987161308719,1966780
2025-05-07,95.08363342285156,96.8149777081664,94.19456685851992,95.4111838865493,2048180
2025-05-08,93.86700439453125,94.89645163742935,91.99527953832974,93.67982762487289,2123460
2025-05-09,94.14777374267578,94.61570503080047,93.1183263368144,93.39908796571515,1776740
2025-05-12,87.97107696533203,89.88959798921876,87.92428098326089,88.39221224371478,2131020
2025-05-13,86.84803771972656,88.0178657755415,86.1461408862376,87.83068900257281,2095720
2025-05-14,86.66085815429688,87.22237417498162,86.19292694704897,86.52047736410978,2366100
2025-05-15,85.86539459228516,87.36277334244824,85.63142893944514,87.2223925227312,2134220
2025-05-16,84.74234771728516,86.23972620951552,84.69555173875202,85.63141418890397,1598520
2025-05-19,84.64875793457031,86.56727886268794,84.41479231602251,86.56727886268794,2131540
2025-05-20,85.25706481933594,86.19292723697971,84.92951440117334,85.16348000558428,2721980
2025-05-21,88.1114501953125,88.43900062145327,85.30386287399652,86.52047976252851,2749780
2025-05-22,88.1114501953125,88.57938141553183,87.03520696079528,88.20503501134361,2642380
2025-05-23,89.3748779296875,90.49791018900837,88.62618499676361,90.40432535740912,3917780
2025-05-27,85.8185806274414,87.83068624835984,85.72499581392363,87.31596620398025,2636620
2025-05-28,86.75445556640625,86.9884212040072,85.30387289731914,85.63142336194754,2244380
2025-05-29,86.0993423461914,87.22237439033368,85.16347992938498,85.21027590625074,2491760
2025-05-30,86.33331298828125,88.15824195152013,85.86538175257242,86.52048262653918,3003560
2025-06-02,85.49103546142578,87.69031084447133,85.44424662182466,86.89482917061197,2343760
2025-06-03,84.46160125732422,85.72501436335426,84.18083961595525,85.58463354266978,1996780
2025-06-04,84.55518341064453,84.69556422687886,83.99366728577213,84.22763293280771,2182260
2025-06-05,85.44425201416016,86.00576810525877,83.71290061818142,84.13404304155375,3573660
2025-06-06,83.75968933105469,84.41479019046756,83.29175810574154,83.9468589651544,2917400
2025-06-09,83.66610717773438,83.99365761786923,83.1981759375234,83.61931119768764,1645980
2025-06-10,82.73025512695312,83.8532873890123,82.6366702951257,83.52573690758378,1903880
2025-06-11,83.19818115234375,83.80649323075953,82.16873378736719,82.44948826505286,2587800
2025-06-12,82.63665771484375,83.7596898059369,82.58986173602158,83.61930900953428,1994420
2025-06-13,84.55518341064453,84.92952987391443,83.19818551386415,84.13404810200646,3351900
2025-06-16,82.96420288085938,83.61930370240864,82.44947570673963,83.57251486661995,2307060
2025-06-17,84.414794921875,84.60197170652975,83.24496679302383,83.66610920344881,2438360
2025-06-18,84.46160125732422,84.74236289869317,83.38535781883004,84.18083961595525,2152020
2025-06-20,84.97631072998047,85.35064998653729,83.47892514349863,83.75968672597989,2579860
2025-06-23,83.33855438232422,85.6314145385326,83.19817358621549,84.78913690194409,3515760
2025-06-24,81.46682739257812,82.40268982263618,81.18606580753523,82.12192823759328,2703660
2025-06-25,81.42901611328125,81.85435340986079,81.05093451004011,81.19271601266888,2095540
2025-06-26,80.15299987792969,81.09820031417269,80.01121837023183,80.95641880647483,1978020
2025-06-27,79.44409942626953,80.53107415720021,79.06601781010332,79.9639553386044,2889640
2025-06-30,78.68794250488281,79.39684288780968,78.35712376844512,78.8769797224736,2708460
2025-07-01,78.78245544433594,79.34957426760492,78.498899638355,79.11327415696725,3105100
2025-07-02,78.16807556152344,79.11327602640912,78.12081986506351,78.92423881795489,1669940
2025-07-03,76.986572265625,77.69547258929119,76.75027215773628,77.69547258929119,1006220
2025-07-07,78.1208267211914,78.82972713207099,77.31740769778946,77.45918201091906,3275940
2025-07-08,78.30984497070312,78.49888936124773,77.78998912214426,78.02628920184542,2768480
2025-07-09,77.41191864013672,78.16807467670162,77.1756185265901,77.64821875368335,2376620
2025-07-10,76.93932342529297,77.64822381211451,76.6557603860413,77.31740507385932,1817340
2025-07-11,77.60095977783203,78.07356002886792,77.27014104436842,77.7427412954043,2963200
2025-07-14,77.31739807128906,78.02629839390612,77.17561656450425,77.69547247430589,1520140
2025-07-15,78.02630615234375,78.02630615234375,76.56124245540248,76.60850536613259,2811500
2025-07-16,77.50643920898438,79.01875853177626,77.36465769499915,77.60095781453875,3298120
2025-07-17,76.56124114990234,77.50644165792583,76.46672254136152,77.50644165792583,1850320
2025-07-18,76.79753112792969,77.03383122370794,76.3249309363732,76.3249309363732,3016520
2025-07-21,76.51396942138672,76.6084952303406,75.80506912207316,76.51396942138672,1678900
2025-07-22,76.51396942138672,77.17561402753009,76.27766932161553,76.4194508237396,2580980
2025-07-23,75.23795318603516,76.27767222230548,75.23795318603516,75.85233491106531,3266880
2025-07-24,75.14344024658203,75.2852217647805,74.765358601822,75.14344024658203,2987840
2025-07-25,74.67083740234375,75.19070054726274,74.52905588906518,75.14343763906744,2168180
2025-07-28,74.71809387207031,75.04891256700874,74.43453086994784,74.57631237100908,2302440
2025-07-29,75.14344024658203,75.33247746330827,74.34002125853418,74.38727695706196,2530360
2025-07-30,75.28522491455078,76.04138102439921,74.57632450520718,75.00166186629019,3558480
2025-07-31,75.9941177368164,76.2304178496726,74.05645392687268,74.15097252975373,4729840
2025-08-01,78.4989013671875,79.0660202029465,77.36465648436224,77.41191939205352,5341400
2025-08-04,76.23041534423828,77.55369737500267,76.13589674446374,77.55369737500267,2826880
2025-08-05,76.93932342529297,77.17562355423348,75.80507847959392,76.04137860853443,4479740
2025-08-06,75.80506896972656,76.93931377313278,75.61603177481223,76.75026936691171,2895380
2025-08-07,75.94684600830078,76.7030091661332,74.81260848285848,75.00164566666342,4196920
2025-08-08,74.8126220703125,75.6160410643598,74.71810346124357,75.56877815417153,2874400
2025-08-11,75.14344024658203,75.47425898150674,74.4345398668973,74.765358601822,2838400
2025-08-12,73.58384704589844,75.00164759480325,73.53659135438551,74.67082890898676,3690800
2025-08-13,73.11125946044922,73.63112263581253,72.78044071763063,73.11125946044922,3362560
2025-08-14,73.11125946044922,73.72564124643102,72.96947793886761,73.63112263581253,3560640
2025-08-15,73.53659057617188,73.77289066515533,72.92220890255362,72.92220890255362,4061400
2025-08-18,73.58384704589844,73.867410040202,73.44206554874665,73.72562854305022,2584060
2025-08-19,74.43453979492188,74.7181028310446,73.39482068131781,73.6311208076509,4045480
2025-08-20,74.8126220703125,76.04137841082377,74.5290590317981,74.5290590317981,5099500
2025-08-21,75.47425842285156,75.89960297429857,74.90713956556306,75.33247690570255,4454680
2025-08-22,73.25303649902344,75.09617453286305,72.9222177764506,75.04891883609967,3673420
2025-08-25,73.8674087524414,73.9146644431305,73.25302708303212,73.53659007239222,2358240
2025-08-26,73.25303649902344,74.10371836514453,73.20577359095276,74.00919976031048,2509680
2025-08-27,73.01673889160156,73.48933914332714,72.82770167543435,73.44207623363157,1997040
2025-08-28,72.49687194824219,73.30029810330944,72.35509764916648,72.8749535721608,2322920
2025-08-29,73.48934173583984,73.91467909287464,72.82770424460621,72.8749599446613,3368680
2025-09-02,74.52906036376953,75.80507963727389,74.52906036376953,75.19070506169206,4171020
2025-09-03,73.82015228271484,74.57631551269195,73.67837077568076,74.0564523906693,3490260
2025-09-04,72.59139251708984,73.86741159571348,72.59139251708984,73.63111149925331,1981000
2025-09-05,73.06400299072266,73.96194059909597,71.97702095179709,72.11880247188436,4036980
2025-09-08,72.78042602539062,73.1112447014266,72.5441259408926,72.78042602539062,2587020
2025-09-09,72.40234375,73.15850689762703,72.30782515937317,72.78042532381352,2098300
2025-09-10,72.0242691040039,72.40235071418407,71.50441319989973,71.69345039933636,2808960
2025-09-11,70.84278106689453,71.78798165330437,70.7010067479796,71.64620733438944,2166640
2025-09-12,70.93729400634766,71.07906829950434,70.60646809216374,70.93729400634766,2272540
2025-09-15,70.27565002441406,70.60646873028094,70.22839433003705,70.51195013021997,2381160
2025-09-16,70.51195526123047,70.65373677729255,70.08661792435169,70.18113653129059,1860960
2025-09-17,70.70099639892578,71.74071544952322,70.13387036104797,70.5119519825308,4251780
2025-09-18,69.99209594726562,70.46469617051169,69.4722328171721,70.13387024519375,2959240
2025-09-19,69.42496490478516,70.13386518854256,69.23592771363916,69.66126499937096,2557780
2025-09-22,68.81060028076172,69.75580079444632,68.66881876144751,69.75580079444632,1448860
2025-09-23,69.56676483154297,69.80306498872301,68.6688271187822,68.76334573939252,2355680
2025-09-24,70.02081298828125,70.30759056620681,69.2560776425176,69.30387633652411,2335660
2025-09-25,70.73775482177734,71.45469152605212,70.40318581839391,70.68995612426944,3597300
2025-09-26,69.92522430419922,70.78554976227785,69.82963420731424,70.45097348359506,3109060
2025-09-29,69.59066009521484,69.92522910380525,69.25608379356703,69.39947259526504,3284520
2025-09-30,69.06490325927734,70.0208188753227,68.96931315628429,69.78183997131136,3236760
2025-10-01,68.58694458007812,69.73404038753945,68.39576437652033,69.68624898317864,2775920
2025-10-02,68.4913558959961,68.96931370784107,68.20457829166614,68.2523769900736,2876860
2025-10-03,68.53913116455078,68.7781100142083,67.82219461557825,68.34795100204707,3699620
2025-10-06,68.06118774414062,68.53914554372885,67.87000754152824,68.10898644132234,2324700
2025-10-07,68.63473510742188,68.92150537862229,67.82220110637968,67.91779848983623,4392780
2025-10-08,67.82220458984375,68.53914124425248,67.77441318871723,68.44355114894267,2409260
2025-10-09,68.25238037109375,68.63474809812259,67.63103372630414,67.7266238347969,2932440
2025-10-10,71.9804458618164,72.02823726482984,67.72661716853938,68.10898485793217,7097180
2025-10-13,69.7340316772461,70.49876698207076,69.39946271628143,70.30758680239278,5682860
2025-10-14,69.92522430419922,71.88484681604047,69.20828763797651,71.07232005293278,6273940
2025-10-15,69.3516845703125,70.68996066990248,68.30017150198071,69.01710825235725,7203480
2025-10-16,70.35539245605469,71.072329214696,68.63474861115029,69.06490774911192,9685360
2025-10-17,69.59066009521484,70.92893612957646,69.30388249181884,70.68995722443225,7996720
2025-10-20,68.15678405761719,69.01710224878656,67.96559656497956,69.01710224878656,3874200
2025-10-21,68.2045669555664,68.49134451223183,67.86999800149422,68.2045669555664,3269400
2025-10-22,68.96930694580078,69.87742378204767,68.10898151021826,68.10898151021826,9091940
2025-10-23,68.15678405761719,68.96931084542,67.917805161613,68.87372074562975,4187780
2025-10-24,67.10527038574219,67.43984667112854,66.81850008934153,67.29645787639969,3890700
2025-10-27,65.5758056640625,66.14935353888558,65.48021556710147,66.05376344192454,2661260
2025-10-28,65.19344329833984,65.67140111516947,64.8588742851706,65.24124199724581,3605660
2025-10-29,65.14563751220703,66.0059628512032,64.71547119618101,64.90665865654454,5172240
2025-10-30,66.62730407714844,66.62730407714844,65.4324097623283,65.86257609149722,8844000
2025-10-31,66.24494171142578,66.81848950644407,65.6713866233516,65.6713866233516,7076740
2025-11-03,66.05375671386719,66.67510322041056,65.52800758760446,65.57579898468862,5161560
2025-11-04,67.63101959228516,67.7266096808008,66.6751041210161,67.43983941525386,7307320
2025-11-05,67.153076171875,67.87001292815836,66.48393811656699,67.67883271037259,5727920
2025-11-06,68.63473510742188,68.96930407035056,67.20086187225058,67.39204205305086,8546740
2025-11-07,68.53913116455078,70.54655933611842,68.53913116455078,69.20827631942522,8584560
2025-11-10,66.48393249511719,67.77441708870067,66.29274500043917,67.34425069546805,5189980
2025-11-11,66.19715881347656,66.96189425128851,66.0059786005524,66.77070674530671,6470600
2025-11-12,66.14935302734375,66.57951939992721,65.76699264245649,65.81478404403896,5491240
2025-11-13,68.30016326904297,68.58694085184837,66.57951965138126,66.67510974796409,9762520
2025-11-14,68.39575958251953,70.1642018671758,67.63102423577568,69.73403549973611,10236060
2025-11-17,69.68624877929688,70.40318548012698,68.01339647735999,68.87372197696756,10616620
2025-11-18,70.83333587646484,71.74145996172271,69.82962899451418,70.49876691581461,11062280
2025-11-19,70.35539245605469,71.21571802503583,69.30388666865902,70.78555888707417,9611040
2025-11-20,72.50618743896484,72.61133872483167,67.61190486649993,68.17589149700719,4565800
2025-11-21,71.12968444824219,72.94591828320083,69.90610633426462,72.01867896929986,7662600
2025-11-24,69.04578399658203,70.60392373137294,68.76856760946151,70.37450603939824,4546900
2025-11-25,67.76484680175781,69.9443328973637,67.535429131972,69.08400751934657,3431700
2025-11-26,66.87584686279297,67.45895589563936,66.46480291001693,67.29645201253304,12628000
2025-11-28,66.21627044677734,66.78026444353952,66.14935664645544,66.68467434208785,1693500
2025-12-01,66.82805633544922,67.12438780769006,66.31186108850756,67.12438780769006,3280000
2025-12-02,66.61775970458984,67.04791880224523,66.1493558151657,66.53172350922446,2425100
2025-12-03,66.18759155273438,66.9905644181977,65.977288961945,66.82806052279028,2206300
2025-12-04,66.09199523925781,66.66554306461562,65.91036896555626,65.91993016234484,1706600
2025-12-05,65.91993713378906,66.1398009248406,65.38462674591686,65.95817463193094,3051200
2025-12-08,66.3214111328125,66.71333996701803,65.74786332283064,65.74786332283064,2384900
2025-12-09,66.45523834228516,66.54127452448458,66.00596421055411,66.43612324238309,2402000
2025-12-10,65.61405181884766,66.81850762003685,65.32727419706903,66.57952869957396,4272200
2025-12-11,65.31770324707031,66.64642511467902,65.29858085431071,66.08243121716662,3446300
2025-12-12,66.78026580810547,67.2582236181875,65.42286737780628,65.53757258466923,3972200
2025-12-15,66.99057006835938,67.27734038566706,66.00597812212692,66.01553202756354,1920600
2025-12-16,67.38247680664062,68.14721206999661,66.9618789755452,67.31556301807618,2740800
2025-12-17,68.89282989501953,68.92150619317285,67.1052652818793,67.20086266646567,2940500
2025-12-18,67.87956237792969,68.18545504927572,67.00967576353707,67.65013740462774,2384600
2025-12-19,66.69422912597656,67.51631713679728,66.59863902326522,67.49720203347796,1969700
2025-12-22,65.88169860839844,66.29274259069318,65.78610851106274,66.04420250317482,1327800
2025-12-23,65.30814361572266,66.08243280075368,65.26990612234313,66.08243280075368,1569800
2025-12-24,64.88311767578125,65.35969674177078,64.79558592549067,65.34024771519299,828300
2025-12-26,64.93175506591797,65.13600324867298,64.68860140733427,64.86367233833296,1105000
2025-12-29,65.42777252197266,65.75846530238317,65.17489810099589,65.47640621394642,1550400
2025-12-30,65.61257934570312,65.68066207017927,65.31107119737456,65.50559114717484,978600
2025-12-31,66.61437225341797,66.64354950430948,65.57367492234434,65.60285217323585,1209400
2026-01-02,66.42958068847656,67.06177424724997,65.70011973254363,65.92381693690514,3296500
2026-01-05,65.5542221069336,65.80710396748051,65.22352930153222,65.78764752103683,1995800
2026-01-06,64.79557800292969,65.55421609453069,64.69831062055258,65.52503884800133,2154500
2026-01-07,65.2332534790039,65.27215894901822,64.40653264746368,64.7372180118959,2514900
2026-01-08,65.27216339111328,65.64175425071232,65.0581870017022,65.37915158581882,2447600
2026-01-09,64.45515441894531,65.36941434929291,64.22172903561838,65.0970834986683,2744500
2026-01-12,64.27037048339844,65.09709135701095,64.09529956965437,65.09709135701095,1572300
2026-01-13,64.53297424316406,64.98037604802968,64.11474968767618,64.21200965908868,1944300
2026-01-14,65.15544891357422,65.96272079931799,64.94147251779053,65.06791716282292,3189300
2026-01-15,64.8442153930664,65.02901454672072,64.24119907349672,64.40654177915546,1776700
2026-01-16,65.0484619140625,65.3208002358247,64.53297736224711,64.63996556210999,2258100
2026-01-20,67.68423461914062,67.8690337353801,66.34202937716026,66.95477379667015,3509100
2026-01-21,66.15724182128906,67.59671469416749,65.48614279326011,67.30492734600845,4216400
2026-01-22,65.48613739013672,65.86545645917033,65.05818462693576,65.30133825685269,2819300
2026-01-23,65.47640991210938,65.84600076242222,65.13599631044492,65.68065807310805,1926400
2026-01-26,64.83448791503906,65.35969322947982,64.56214961436244,65.26243326089671,1694800
2026-01-27,64.3189926147461,64.6885908646526,64.13420091025242,64.57187445618851,1814700
2026-01-28,64.33845520019531,64.63023511851372,63.91050241544265,64.06612430824735,3607500
2026-01-29,64.64968872070312,66.33230769497074,64.10502696077279,64.21200773179343,4243100
2026-01-30,65.08736419677734,65.97244700306469,64.6594188387724,65.10682064332221,4032400
2026-02-02,64.43571472167969,65.57367197811814,64.16338383163905,65.54449472853668,2980600
2026-02-03,65.56394958496094,66.5754621747316,64.18283130110247,64.30927594016883,3938400
2026-02-04,66.2155990600586,67.05204815046488,65.20407905723097,65.42777624393267,5459800
2026-02-05,67.90794372558594,68.22890828975885,66.72135285473557,67.25629379502375,6764500
2026-02-06,65.30134582519531,67.27575234167836,64.99010943964815,67.16876413847832,7249000
2026-02-09,64.72750854492188,65.77792673742077,64.35791022529102,65.57367854942207,3096200
2026-02-10,65.09709930419922,65.16518203338582,64.25092188105648,64.56215827454675,2735800
2026-02-11,65.12627410888672,65.65148689449798,64.15365948822749,64.28009671754735,4476100
2026-02-12,67.1590347290039,67.32437741441274,64.51352208062345,64.71777023679785,4583100
2026-02-13,67.1590347290039,67.96629913089515,66.23504649435613,67.13957828339122,3817800
2026-02-17,66.96451568603516,68.33590587399836,66.54629109897483,67.4800002518503,2687000
2026-02-18,66.29341125488281,66.96451024811624,65.72929303526969,66.74081305719182,3875600
2026-02-19,66.63381958007812,67.21738677941067,66.33230404772968,66.77971323502615,2999700
2026-02-20,65.74874877929688,67.22712720103236,65.63203977052784,67.13958802399469,4903300
2026-02-23,67.10067749023438,67.47027577804222,65.64175562689266,66.05998019120237,2801300
2026-02-24,66.13778686523438,67.58698041146442,65.95298773326965,67.20766134513885,2595900
2026-02-25,65.03874206542969,65.62230935113625,64.94147466742807,65.61258112724396,2113600
2026-02-26,65.75846099853516,66.70189816558603,65.03872841127885,65.03872841127885,2936000
2026-02-27,66.41984558105469,67.2952001215464,66.32258561443557,67.04231827196884,3626800
2026-03-02,66.42958068847656,68.03438885516056,65.99189966264046,67.89822340368991,3698300
2026-03-03,67.61616516113281,69.66838260429708,67.16876332609871,68.61796445356775,5162500
2026-03-04,66.68245697021484,67.76205980820244,66.27396060461435,67.36329166667646,4243100
2026-03-05,67.41191101074219,68.53041920949416,66.60464658666764,67.25629654386348,8014700
2026-03-06,69.2598876953125,69.76565146409172,68.51097768674356,69.04591128701828,5209700
2026-03-09,68.0538330078125,71.33153889520875,67.72314024222811,70.51454633398713,7543900
2026-03-10,68.33589935302734,68.77357292588923,67.05204846277779,68.19000568858671,6108700
2026-03-11,68.49151611328125,69.08481159353347,67.73287793734175,68.23864166827492,3309900
2026-03-12,70.61181640625,70.63127285313762,69.46413091507065,69.55167008514432,5488500
2026-03-13,71.45799255371094,71.65251249655569,69.3279643033981,69.97961427443421,5505900
2026-03-16,70.02824401855469,70.41729130274972,69.36686586156107,70.1741376776853,4307200
2026-03-17,69.68783569335938,69.8142729165813,68.90974106617436,69.33769385317215,2175100
2026-03-18,71.62332916259766,71.67196285440738,69.92125383569095,70.20331292317634,3905800
2026-03-19,72.04155731201172,73.01417183352962,71.3315454463013,72.64458098671838,5581500
2026-03-20,74.14241027832031,74.96913116024325,72.3625238741071,72.39170112328107,5646300
2026-03-23,72.57649993896484,72.91691354524619,70.94250720835434,72.00265349941051,6874100
2026-03-24,73.10171508789062,73.82144779634177,72.24580951198733,73.51021142886611,3813800
2026-03-25,72.31440734863281,72.87187541407924,71.39507116778229,71.90363551488824,2821000
2026-03-26,74.90614318847656,74.95504690872623,72.75451380737273,73.39022486231798,4020200
2026-03-27,77.5272216796875,77.75216834292951,75.55163527662017,75.5809745236387,5182400
2026-03-30,78.06513214111328,78.73018242778957,76.03085979814344,76.09932052787512,3456700
2026-03-31,73.5956039428711,76.60789091830789,73.2826395468296,76.37316202503193,7280900
2026-04-01,72.48066711425781,72.97945668056795,71.73737388272934,72.78384927139746,4244700
2026-04-02,72.40242767333984,74.78878594971056,71.952541802848,74.49537855250888,5200300
2026-04-06,71.76671600341797,72.50022702845492,71.61023753147329,72.44154853418317,2859400
2026-04-07,71.70803833007812,73.49780704245642,71.6591346098518,72.2850708897764,5901000
2026-04-08,68.11872100830078,69.0576141650959,67.85465287759182,68.00135656557907,4932500
2026-04-09,67.3460922241211,68.55882835178505,67.08202407900221,68.33388915136815,4366700
2026-04-10,67.4830093383789,67.65905226990192,66.96466277935542,67.12114123978729,3194400
2026-04-13,66.1920394897461,68.04048679576123,66.13336099166958,67.89378308890944,3507600
2026-04-14,64.58808898925781,65.87906804094123,64.54896750749047,65.86928580508447,4906500
2026-04-15,63.60029220581055,64.62721058444122,63.51227446792434,64.44138541113517,4093500
2026-04-16,63.297115325927734,63.844801193974476,63.08195088872071,63.37535829612308,2953900
2026-04-17,61.820308685302734,62.58316269312536,61.399762063158086,62.52448046765284,5777200
2026-04-20,62.07459259033203,62.514696209235304,61.86920667323661,62.07459259033203,3853200
2026-04-21,62.886348724365234,63.140627176111856,61.63448736085621,61.820308812322615,6813400
2026-04-22,61.63448715209961,62.18217672995665,61.59536566850339,61.99635154828961,4023300
2026-04-23,62.15283203125,63.19931116891384,61.45844250537514,61.97678909077047,6810600
2026-04-24,61.22372055053711,62.084374556794536,61.13569907568316,61.781188647668706,4148700
2026-04-27,61.037899017333984,61.52690638127059,60.96943828484927,61.37042417404408,2937200
2026-04-28,61.644264221191406,62.055032327720255,61.44866426942807,61.62470347984908,2930800
2026-04-29,61.673606872558594,62.23107493996268,61.575803166364075,61.79096758916211,3318600
2026-04-30,60.509769439697266,61.88877004014735,60.27504799710112,61.16504123950748,3275200
2026-05-01,60.177242279052734,60.20658525652071,59.48285274919965,60.07944230303932,4058300
2026-05-04,60.61735153198242,61.125919631012046,59.9620834643364,60.30438712193804,4670200
2026-05-05,59.688236236572266,60.06966137448905,59.48285404397553,60.020761385417934,2810300
2026-05-06,58.06473159790039,59.02318555460844,57.92781013706067,58.96450706043713,3965200
2026-05-07,58.41681671142578,58.700441865591856,57.69308793349228,57.86912714450128,6082300
2026-05-08,57.51704788208008,57.98649450696524,57.42902640673723,57.93759451640369,3107300
2026-05-11,57.24319839477539,57.69308798590024,57.01825546462794,57.68330574977255,3152000
2026-05-12,57.43880081176758,58.436376217489574,57.350779342708876,57.64418299596126,3756200
2026-05-13,56.82265090942383,57.878908545211786,56.57814724160216,57.41924045584148,2739000
2026-05-14,55.95221710205078,56.6270495967254,55.72727418076917,56.61726736098327,3531500
2026-05-15,57.34100341796875,57.526824869530245,56.69551385943456,56.9204567947448,4410000
2026-05-18,57.45836639404297,58.24077744558305,56.99869826902496,57.23342344990208,4428500
2026-05-19,58.182098388671875,58.54396279699673,57.60506954418244,58.04517319149342,3297400
2026-05-20,57.03781509399414,58.201651204891064,56.95957586064782,57.91802978682703,4110700
2026-05-21,56.81287384033203,57.67352781745137,56.49012719985103,57.458363390464044,6216700
2026-05-22,56.42166519165039,56.58792962623745,55.932657854722414,56.35320446294686,3806000
2026-05-26,55.69793701171875,56.030462153582114,55.47299408205088,55.785958482530525,1735900
2026-05-27,55.717498779296875,56.05980243274161,55.60991656511996,55.668595059521905,2127900
2026-05-28,55.140472412109375,55.93266196846562,55.052450935755324,55.79574050098825,3309600
2026-05-29,54.9253044128418,55.16002957817652,54.680800742248515,55.00354737823002,4627800
2026-06-01,54.631900787353516,55.17958662208271,54.37761488051787,55.07200814085372,4933200
2026-06-02,54.51454162597656,54.90574527183025,54.37761643255622,54.85684528245229,2207300
2026-06-03,55.248050689697266,55.36541140618679,54.631900399174945,54.71992186924956,3325400
2026-06-04,54.86662292480469,55.69793765447141,54.69057998114961,55.60013394642416,2015300
2026-06-05,57.77132797241211,58.02561388342109,55.5414556525211,55.60991638298582,4182500
2026-06-08,57.47792434692383,57.65396729132966,56.53903113064606,56.85199553607198,4241300
2026-06-09,57.85934829711914,60.10878131408044,56.32386554858125,56.832433629683536,5940400
2026-06-10,59.69801712036133,59.69801712036133,57.67352702587766,58.45593802577933,5827800
2026-06-11,57.673526763916016,59.85449904847372,57.32144088285201,59.16988802760814,7391000
2026-06-12,57.12583923339844,58.152753935815944,56.69551410280511,57.262760696276764,5480700
2026-06-15,55.13068389892578,55.58057346620022,54.827501749979454,55.57079123059113,3807300
2026-06-16,55.78595733642578,55.84463582854147,55.0426641024349,55.150246312420144,1806200
2026-06-17,57.18452072143555,57.4485851382209,55.52189498472963,55.658816445841296,5471300
2026-06-18,56.089141845703125,56.52924920916845,55.854420405741635,55.9228811366329,2724900
2026-06-22,56.46078872680664,56.61727093107978,55.5805777268315,55.9424421246825,2295700
2026-06-23,58.06473159790039,58.27989602540852,57.18452060786075,58.07451383414894,3007000
2026-06-24,58.198143005371094,58.53414873991413,57.11106762472773,57.86213727082805,3995500
2026-06-25,58.14873123168945,58.75156538278589,57.21977597402612,57.27906866437585,3351500
2026-06-26,58.652740478515625,59.235809168013766,57.704019693194304,58.91956890623999,3326400
2026-06-29,57.041893005371094,58.415562353690824,56.9233000794162,57.723785365145844,2191100
2026-06-30,56.20187759399414,57.022128379783645,55.9548146493416,56.95295105687144,1696600
2026-07-01,56.32046890258789,56.81459477768738,55.757161936683715,56.45882354443474,2344500
2026-07-02,56.49835205078125,57.23954088050389,55.559515882370974,56.12281909136967,3589200
2026-07-06,55.56939697265625,56.13270018399965,55.39151135119187,55.974580050462585,2016700
2026-07-07,56.12281799316406,56.46870459898049,55.60892662889305,55.727515783761355,3182300
2026-07-08,56.49835205078125,57.34824917871089,56.35999740574737,56.79483059857537,2544000
2026-07-09,55.53974914550781,56.44893894664469,55.50021817070675,56.201876008959935,1583100
2026-07-10,55.11479949951172,56.11293208924163,55.03573755147548,55.52986341705846,2437500
2026-07-13,55.974578857421875,56.13269898758878,55.27292101542382,55.47057212060277,2896300
2026-07-14,55.559513092041016,56.02398883848749,55.36186199339855,55.71763321697876,2558300
2026-07-15,55.16421127319336,55.82634189270579,55.03573749271223,55.24327322114519,2938300
2026-07-16,55.77692794799805,56.1722301597433,55.2136247466839,55.46068768655436,2053500
2026-07-17,56.94306564331055,57.28895602298676,56.32046974567971,57.10118577491412,2354100
2026-07-20,57.1011848449707,57.2098931405305,56.10305223733136,56.35999603329712,2806700
2026-07-21,56.18210983276367,56.80470948366288,56.06352067969565,56.49835008753253,1787600
2026-07-22,56.33034896850586,56.48846909551695,55.94493139453392,56.43905726267871,1835200
2026-07-23,57.723785400390625,58.18826493596095,57.08142024566065,57.5656652689022,2261400
2026-07-24,57.674373626708984,57.92143656803664,56.92330017393938,57.74355094869023,2027500
2026-07-27,57.66448974609375,58.15861563516013,56.656476249893934,56.74541529083978,2156000
2026-07-28,57.40754318237305,58.148731980336265,57.0913029301659,57.654606115027455,2423600
2026-07-29,59.20616149902344,59.24569247333245,57.140715214892836,57.58542925116617,3882400
2026-07-30,57.20001220703125,58.366149570797425,57.10118477034186,58.148732979962,3638100
2026-07-31,56.458824157714844,57.901670823906684,56.172230242272526,56.81459539483202,4114300
2026-08-03,54.84797286987305,56.15246489599844,54.72938371382927,56.093168433035906,3461400
2026-08-04,52.8912353515625,54.452671192806775,52.59476057359271,54.452671192806775,3395600
2026-08-05,53.1185302734375,53.15806124724968,52.15004403432614,52.29827953130007,3313300
2026-08-06,53.31618118286133,53.464416679307675,52.86158629528272,53.088883739072024,2385900
2026-08-07,52.723228454589844,53.217354321155376,52.61452393064562,53.0295878490177,2314600
2026-08-10,52.74299621582031,52.90111634914389,52.476167783984025,52.80229267952216,1468300
2026-08-11,53.10865020751953,53.256885706705724,52.54534324699212,52.54534324699212,1368100
2026-08-12,52.85170364379883,53.019708403246135,52.535463382360554,52.555228869935604,2030900
2026-08-13,52.140159606933594,52.62440461329662,51.922746789890816,52.545342665367485,2170600
2026-08-14,52.377342224121094,52.50581600589794,52.06110196888671,52.08086745607401,1337900
2026-08-17,52.8912353515625,52.92088169839508,52.347697630304324,52.41687495283457,1634300
2026-08-18,53.62253952026367,53.69172061263358,53.34583023030939,53.45453852847181,2242200
2026-08-19,53.40512466430664,53.5335946755425,52.94064514249348,53.23711990901799,2523000
2026-08-20,54.32419967651367,54.393376997133664,53.563245379812535,53.85972014959553,1997400
2026-08-21,53.94866180419922,54.15619376162255,53.632421553873804,53.88936534355777,1882200
2026-08-24,54.24513626098633,54.46255284556138,54.017838817967466,54.06725064994876,2705700
2026-08-25,53.94866180419922,54.32419851516608,53.82018802441666,53.88936534355777,2018600
2026-08-26,53.93878173828125,54.22537187755655,53.76089612362419,54.12654821158316,1440100
2026-08-27,53.247005462646484,53.77077768493616,53.059235217009615,53.59289206795452,2117400
2026-08-28,53.50394821166992,53.662068338125806,52.69358209234838,53.167942471716024,3192300
2026-08-31,53.859718322753906,54.17595856911353,53.73124454458246,53.81030649111292,2172600
2026-09-01,54.62067413330078,54.92703352992036,54.205606442078086,54.571262300266966,2877500
2026-09-02,54.13642883300781,54.62067384187038,53.94866236052867,54.52184640644884,2218300
2026-09-03,53.02958679199219,53.82018740876195,52.89123215529261,53.77077557706655,3161800
2026-09-04,53.48418426513672,53.64230439614695,53.11853216902831,53.22724046595059,2696200
2026-09-08,54.08701705932617,54.19572535346803,53.573125704216324,53.65218765263993,2523900
2026-09-09,54.60091018676758,54.80844215329418,54.31431626925104,54.37361273249349,2372400
2026-09-10,55.272918701171875,55.44091968311703,54.956678454078904,55.25315321449342,3744700
2026-09-11,54.38349151611328,54.462553464086156,54.07713589242133,54.314314196577605,3835900
2026-09-14,54.87761688232422,55.26303445048463,54.492199314163805,55.13456444101858,3701200
2026-09-15,55.381629943847656,55.569396422475975,54.96656224124649,54.99621235778456,2467000
2026-09-16,55.875755310058594,56.528001319636346,54.78867611417482,55.095035516355765,3885700
2026-09-17,54.63055419921875,55.015971769123446,54.51196504768219,54.531730534585144,1965000
2026-09-18,54.58114242553711,55.06538743047678,54.51196510624303,54.58114242553711,2282200
2026-09-21,52.87146759033203,53.938781268988244,52.68370111866378,53.899250294990345,2743600
2026-09-22,52.9109992980957,53.019707593156895,52.673817220700265,52.81217186173043,3206000
2026-09-23,53.68000030517578,53.869998931884766,52.97999954223633,52.97999954223633,2866500
2026-09-24,53.77000045776367,54.33000183105469,53.540000915527344,54.220001220703125,4298600
2026-09-25,53.2599983215332,53.959999084472656,53.13999938964844,53.619998931884766,4888900
2026-09-28,54.06999969482422,54.31999969482422,53.52000045776367,53.68000030517578,5030800
2026-09-29,54.25,54.529998779296875,53.88999938964844,53.900001525878906,3025400
