Date,Close,High,Low,Open,Volume
,SPXU,SPXU,SPXU,SPXU,SPXU
2009-06-25,452624.1875,475659.9116011734,452068.36573884566,474177.7202380952,8
2009-06-26,455959.1875,463431.90342679125,450030.4211448598,457441.37908878503,16
2009-06-29,442372.40625,457997.1750314114,441569.5525181488,452068.4090115873,17
2009-06-30,453180.0625,463308.3713375579,438049.35722437996,442866.4797202916,38
2009-07-01,448424.65625,449289.2678995662,434961.4177067553,447745.3185253409,40
2009-07-02,484182.5625,485479.480078125,465531.6525669643,465778.68448660715,36
2009-07-06,483070.84375,503265.7000407505,482947.3278093838,498880.884148875,62
2009-07-07,512220.59375,513085.20531408244,485232.3613568543,485664.6671388956,73
2009-07-08,512158.84375,531180.298455776,500301.31354380195,504562.6134616544,112
2009-07-09,511047.25,515061.518429003,498757.41280966764,503883.32480362535,72
2009-07-10,514444.0625,524757.6469462785,505736.18581182475,518952.3958208284,86
2009-07-13,476215.65625,520434.358088283,475906.86643269355,509070.8928114058,98
2009-07-14,467878.375,482515.0137110612,467569.58515377506,472077.91690865887,100
2009-07-15,426871.09375,451944.82987015333,423721.437242296,449721.5429235388,134
2009-07-16,415631.125,433046.8719910847,410319.9397473997,431255.8909175334,113
2009-07-17,415445.96875,422980.4429862866,413037.40731381,416681.12846086663,92
2009-07-20,402662.0,414396.01533742336,400006.40705521475,407726.1539877301,143
2009-07-21,396548.0,410752.3357732441,392286.6992680268,392966.03706587764,173
2009-07-22,396177.4375,404823.5546083398,389445.81775136397,404082.4588561964,180
2009-07-23,370424.34375,396424.4519058436,364866.1258544515,395930.388092906,330
2009-07-24,365854.28125,380861.4707070814,364557.3636425979,375241.494408339,142
2009-07-27,362272.3125,373388.74895584723,361592.9747165871,366595.3711217184,205
2009-07-28,365854.28125,376476.6540344362,362025.2864090986,369559.76012829173,312
2009-07-29,370362.5625,377341.2134192096,366904.1160267634,372709.365463982,203
2009-07-30,357208.0625,359122.55937716115,345288.77549057745,356405.2089708679,255
2009-07-31,356652.25,361284.0974025974,349611.84194805194,358381.473030303,175
2009-08-03,339792.40625,351032.3586195929,338186.6987686296,344980.0765744275,271
2009-08-04,336581.0,345597.6653211009,334913.53449541284,343312.62,258
2009-08-05,340101.21875,347450.41886462684,334790.0321125386,335654.64389073,273
2009-08-06,344424.28125,349179.6460798817,333122.5700309306,334728.27763582574,235
2009-08-07,331022.6875,339360.0126515858,322561.8464202425,333369.49013526115,257
2009-08-10,333122.5625,339915.9406748239,330837.51711392286,335531.12385289214,183
2009-08-11,346276.9375,348006.16065855185,336951.4840378099,337445.54779739614,177
2009-08-12,334295.90625,347326.8384906706,326329.1277711066,346709.25876362465,314
2009-08-13,326699.65625,339668.82974952745,326329.10843572783,329787.55470226845,239
2009-08-14,334542.9375,344609.4870315673,326637.9170089533,326761.4329541259,220
2009-08-17,359493.1875,360666.5890740423,352452.77805574646,353626.1796297887,202
2009-08-18,349364.84375,358196.23364857695,346276.945184064,356405.2524803341,203
2009-08-19,340224.65625,358813.8051937738,337630.8215136595,358505.0153442095,302
2009-08-20,330158.125,341583.35005144036,328243.6278292181,339668.85288065847,184
2009-08-21,310951.4375,323982.37162363454,309160.4560327706,322314.90611966234,211
2009-08-24,311013.25,314162.90761517076,301934.82510921365,306998.9804904686,223
2009-08-25,309654.53125,311198.48084737733,300205.5597140507,307369.4858458815,258
2009-08-26,308975.125,315027.4060813512,304837.3409954028,311939.50757045776,247
2009-08-27,306010.8125,320091.6329339051,303972.7990161453,309592.7755928355,277
2009-08-28,307492.9375,313359.9447429202,298476.2737371962,299402.6433018678,235
2009-08-31,314842.09375,321141.40594350727,313977.48227245983,316262.5268916732,319
2009-09-01,336704.5,338001.4175531915,307987.03989361704,320338.6356382979,456
2009-09-02,339916.0,342448.0777616279,333801.9585755814,340595.3379360465,228
2009-09-03,332072.65625,342139.2069230054,330281.6748419193,334048.9115968477,176
2009-09-04,317435.96875,332443.155599465,317435.96875,328984.7092473249,243
2009-09-08,309284.0,314471.6709265176,308048.840255591,308481.14616613416,184
2009-09-09,301996.5,310457.3426380368,298908.6012269939,307678.23374233133,180
2009-09-10,292794.5,306628.2835899599,292238.6783379034,301625.88863109046,236
2009-09-11,292979.84375,297117.6282211741,288718.5433244625,291497.6522976391,181
2009-09-14,288162.6875,300637.7974174882,287236.31795167166,300452.52350782254,181
2009-09-15,285198.375,292732.84917713294,281801.6858217843,286989.35656669555,219
2009-09-16,271982.0625,285507.0560711853,271796.7886154632,281554.54653440055,308
2009-09-17,273217.28125,277663.8554475588,266300.3880537975,273155.5232750339,320
2009-09-18,271920.3125,275378.7584459459,269449.9939671815,269573.50989382237,273
2009-09-21,274575.9375,280689.9765941295,272784.95635121455,278898.99544534413,246
2009-09-22,269758.8125,273526.048663576,267659.04152358056,269573.5385903159,224
2009-09-23,276305.1875,278034.41084599914,262718.43263857847,267659.0707700045,319
2009-09-24,285692.46875,289089.1582833441,272970.3224978383,274884.8202348141,363
2009-09-25,290139.0,293103.38314176246,283098.59003831417,287668.680715198,295
2009-09-28,274822.9375,287112.77223314607,272970.1985955056,286495.1925983146,206
2009-09-29,276984.5,278837.23913043475,269388.2695652174,273093.74782608694,232
2009-09-30,280628.25,287730.4174185739,273711.3565140845,274328.93628961267,488
2009-10-01,300884.9375,301070.2114762931,282295.7818785919,282666.3298311781,362
2009-10-02,304590.40625,310086.8673522404,299896.7990166261,309407.5294631995,416
2009-10-05,291250.625,304405.0743479644,289089.095764419,301625.9653307888,244
2009-10-06,279022.5625,285630.6665698318,274205.4399070385,285198.3606961045,342
2009-10-07,276737.5,282419.2339879491,275934.64628431154,281245.83240348136,218
2009-10-08,270438.1875,274143.66620518384,266115.12901061884,270129.39760790137,257
2009-10-09,265806.3125,272105.62566798326,265559.28061105945,270499.91838986985,144
2009-10-12,261668.5625,265374.0413175596,259445.27520946425,261421.53057882935,153
2009-10-13,263706.5625,269017.7485362998,262594.91891100706,264632.9321574941,189
2009-10-14,250243.265625,258086.5269118645,249502.17007033562,254442.80710143136,273
2009-10-15,248267.0625,254134.0701958955,247649.4827425373,253640.00638992537,195
2009-10-16,252528.390625,257407.27124602592,250552.13518357178,253701.792293348,355
2009-10-19,246476.0625,253948.77699824606,244438.0494550238,251540.21612691056,288
2009-10-20,250243.265625,254134.0172869879,245364.38655679292,245364.38655679292,270
2009-10-21,257283.6875,257777.75123019685,243017.5972905665,251972.50240038408,340
2009-10-22,249317.015625,262533.22601483157,247155.4858883453,257839.6185866671,400
2009-10-23,257901.296875,260927.43757109076,246537.82977131227,246846.6196382603,388
2009-10-26,266670.9375,268400.1608094025,249193.4304799676,257407.24119962947,548
2009-10-27,269944.0625,271796.8014327385,262718.38066231983,265559.2470258522,487
2009-10-28,285013.0625,285815.9161971831,269635.32630010834,272043.8873916576,428
2009-10-29,266979.71875,280813.50477822113,265312.2534698126,279084.2815246935,390
2009-10-30,289027.3125,290818.2937099359,267164.9901442308,269203.0032451923,773
2009-11-02,283777.84375,294091.42370783456,274637.6651047334,285568.8247007617,726
2009-11-03,280751.8125,290077.2686565112,280072.4746342939,288656.8349373075,522
2009-11-04,279454.875,281060.5825690608,267473.8262154696,273834.89850828727,553
2009-11-05,263706.5625,274637.7244584309,262841.95081967214,272723.22716627637,474
2009-11-06,261112.75,269264.8036896878,259321.76850756857,268029.6440397351,444
2009-11-09,242832.421875,255739.842061133,242832.421875,255184.02013924211,302
2009-11-10,243141.125,247278.9089408179,241103.11201422403,245179.13798577597,356
2009-11-11,239312.140625,243017.6189314516,235112.59854435484,238385.7710483871,353
2009-11-12,247093.609375,248699.31640917895,236780.02957854286,240485.50734972506,353
2009-11-13,242585.328125,248637.6097330066,239744.4612477724,244932.13119749236,391
2009-11-16,232024.75,238138.79052435452,229060.36671546445,237891.75858397657,372
2009-11-17,231407.15625,236718.3426491193,231160.12432445955,234062.74944955963,300
2009-11-18,231530.625,236100.71469058414,230727.7714057082,231654.14093758335,284
2009-11-19,240670.828125,245055.6443418014,236162.4959584296,236533.04380773674,422
2009-11-20,242523.546875,246105.50911557802,241164.87154236692,244746.83378294497,341
2009-11-23,233568.671875,235483.16918545082,228751.54960999472,234680.31547461663,395
2009-11-24,233074.609375,238632.8274046105,232024.7237471847,232889.33544067966,440
2009-11-25,230295.484375,233939.2048303835,229616.14666297936,231839.4337205015,204
2009-11-27,241720.6875,249625.70742846193,236965.32394928462,249069.88571474195,337
2009-11-30,239126.9375,245302.73650568182,237768.26171875,242153.0790127841,353
2009-12-01,230974.796875,233939.1792947861,228072.1724222928,232148.19824949867,384
2009-12-02,230604.25,232580.50495447242,225848.88651580075,230480.7340653455,266
2009-12-03,235483.125,236656.52635719907,224798.99685287176,228627.99075531078,349
2009-12-04,231715.953125,238138.78338219618,223255.1094208089,226590.04051589154,714
2009-12-07,233136.3125,235112.5673344371,228689.73912251656,232642.24879139074,466
2009-12-08,240423.84375,243141.19518205753,236656.60653737478,237891.76627921913,463
2009-12-09,237706.453125,244561.58856196413,236965.35740208495,240856.10994738893,536
2009-12-10,233877.46875,235236.14430122788,230974.8437087404,233445.16289279112,423
2009-12-11,230233.796875,234186.30840933477,229492.70096231226,230974.89278768777,374
2009-12-14,225972.421875,229307.35239734218,225540.11606654825,226034.17984763597,285
2009-12-15,229245.5625,231468.8492052802,226034.14837015088,228751.49878771554,245
2009-12-16,228133.984375,229801.44988071875,224490.2634550961,226404.760887588,255
2009-12-17,236533.015625,237150.5953002611,231901.1680605418,233198.0853785901,272
2009-12-18,232210.0,238509.31382978725,232024.7260638298,232580.54787234045,290
2009-12-21,225787.1875,229183.8765898523,223255.11017847375,229183.8765898523,288
2009-12-22,222946.28125,224922.53637465375,221402.33193386428,223810.89286703602,221
2009-12-23,221402.34375,224428.4845711297,220784.76399058575,221525.85970188284,182
2009-12-24,217882.125,220414.2018494898,217882.125,220352.443877551,77
2009-12-28,216894.015625,219487.85066379557,215535.34012848805,216029.4039454015,121
2009-12-29,217943.890625,218067.4065732148,215350.05571248938,215411.81368659678,158
2009-12-30,218005.65625,220352.45934844192,217635.10839235128,219981.9114907932,123
2009-12-31,224119.703125,224490.25099459218,216708.74573315654,216832.26168968724,102
2010-01-04,213250.34375,218993.8369352737,212941.5537938025,218932.07894403418,274
2010-01-05,211397.5625,215350.07316316097,211335.8045208881,213682.60772713993,207
2010-01-06,210779.984375,212694.4817426018,209606.58276259887,212200.41790580135,266
2010-01-07,208309.609375,213929.5840127483,207815.54567058256,212138.6030842351,254
2010-01-08,206271.65625,211212.2947230539,206086.3823072605,210285.9250093563,204
2010-01-11,205407.03125,208062.62425774202,203245.50205765184,203492.53396534876,190
2010-01-12,211026.96875,213559.04534313726,208247.86029411765,209791.80943627452,210
2010-01-13,205592.28125,212756.20573933615,204110.08997634426,209606.54928281766,240
2010-01-14,203863.078125,206889.21893933657,203121.98241536657,206518.67108451985,211
2010-01-15,210656.4375,213250.27226253296,204727.67232849603,205283.49406332453,307
2010-01-19,203060.21875,211397.5452497719,201578.0273722628,211397.5452497719,260
2010-01-20,209112.484375,214053.1219266834,207136.22935432664,207506.7771707029,251
2010-01-21,221278.859375,222143.47116156155,207259.79683575217,209174.29436313844,445
2010-01-22,235853.703125,236841.83071075546,221834.6430020948,224243.20399237366,601
2010-01-25,232580.515625,234803.80255078335,228566.2475645579,229492.61711696762,379
2010-01-26,235483.125,237088.83212037766,228257.44295830055,235297.8511014949,513
2010-01-27,231962.90625,241967.6961361821,230604.23108027157,236285.96360822683,580
2010-01-28,240115.015625,244252.8001020769,229616.15948913325,229739.67544367284,649
2010-01-29,247896.578125,249131.73795621574,232086.53228543847,237088.92960186224,845
2010-02-01,236718.328125,243202.91577256718,236409.5382370206,242647.09397420427,413
2010-02-02,227516.34375,237582.89207552932,226589.97427219053,235236.08939841203,512
2010-02-03,230789.53125,233074.5761138614,227516.35887744182,230913.0471885871,403
2010-02-04,252343.125,252775.4308920705,236224.29102422908,236409.56497797358,898
2010-02-05,250490.3125,266053.32008136093,249378.66910133138,251725.47183185405,1471
2010-02-08,256295.578125,256974.91580195783,246290.7868825301,250799.11873870483,659
2010-02-09,246908.390625,253640.01007925838,240053.2552174525,247587.72836809032,1083
2010-02-10,248020.03125,254381.10276861303,243944.0048400149,248081.78922590884,869
2010-02-11,240732.5625,253578.22001667522,239559.16109222677,249131.646260903,838
2010-02-12,241103.125,251293.19047771516,240732.5771644467,248020.01793032786,1036
2010-02-16,229677.875,238262.23225329389,228813.2634780855,235297.84989244418,500
2010-02-17,226342.96875,229307.3514239427,225354.84119201908,226528.2426671214,793
2010-02-18,221958.15625,227701.6477723289,220784.7547561909,227516.37385225378,627
2010-02-19,220599.4375,225416.5584756439,218190.87701217804,224119.64128989363,491
2010-02-22,220599.4375,222513.93429801232,218067.36108972563,218499.66681830905,352
2010-02-23,228751.578125,230419.04373228268,220352.49210313175,222575.77957950864,670
2010-02-24,222328.71875,228319.2425607639,221278.83313368057,226528.2612152778,513
2010-02-25,222884.53125,233692.17684954283,222822.77327514548,231962.95355361598,710
2010-02-26,222575.734375,226651.7605871948,220599.47924181464,222822.76626664816,378
2010-03-01,215844.125,220043.66734620888,215288.30321888413,220043.66734620888,340
2010-03-02,214238.390625,215164.7601434131,210841.70239081868,213064.98923501009,510
2010-03-03,213497.359375,214979.55105130892,209853.6381707405,212200.44165822968,414
2010-03-04,211521.03125,214917.7193430657,210656.41973540146,212879.70648722627,392
2010-03-05,202380.875,208927.22005645407,202072.0851388465,207321.51277845592,489
2010-03-08,202195.625,203307.26863164327,200960.46540928527,202257.38297953573,359
2010-03-09,201331.0,204357.14079754602,198551.89110429448,204357.14079754602,572
2010-03-10,198551.875,201454.4996111975,196946.1677682737,200713.40396578537,579
2010-03-11,196019.78125,201639.75607474794,195834.50735467864,199787.01712153436,593
2010-03-12,195896.265625,197501.9727202869,193302.43108645963,193425.94701686632,447
2010-03-15,195772.765625,200342.8554219243,195340.45983339907,196884.40908911673,437
2010-03-16,191079.1875,195772.79391564318,190585.1236667744,194228.84443681317,678
2010-03-17,187744.234375,189596.97353001646,185953.25319181744,189288.18367084704,603
2010-03-18,188053.03125,190214.56034482757,186817.87176724136,187744.24137931035,422
2010-03-19,190832.140625,192993.66972593043,186015.0186286408,190832.140625,499
2010-03-22,187682.484375,194352.3456163623,186694.35678368708,194105.31371853407,530
2010-03-23,183544.734375,188732.40519851953,183297.7024310229,186817.90763269685,504
2010-03-24,186323.78125,187497.1825903215,184038.73653463705,185767.9595624793,601
2010-03-25,187188.40625,187867.74391702408,180456.78754948862,182433.04258083142,865
2010-03-26,187003.1875,189782.29695756274,183482.98218708718,186138.57566875825,721
2010-03-29,183915.265625,185644.4890761417,182927.1379386333,184779.87735057087,484
2010-03-30,183729.9375,186014.98210084034,181630.1667857143,183297.6317647059,546
2010-03-31,185582.703125,187435.4422576955,183112.38428140598,185953.25095153908,503
2010-04-01,181506.6875,185026.89205512078,179777.46420976522,181691.96142395373,569
2010-04-05,177368.921875,181074.40074425488,176998.3739880745,179406.93525309017,447
2010-04-06,175948.46875,179221.6413873289,175145.6150842401,178542.30367014743,482
2010-04-07,178789.296875,181383.1312338083,175824.91475064767,177121.83193005182,484
2010-04-08,177060.125,182556.585106383,176319.02925531915,180950.87765957447,660
2010-04-09,173848.6875,176998.3440053286,173478.1396758437,176010.2164742451,575
2010-04-12,172613.546875,173539.9165362254,171563.66125894454,172984.09473949016,591
2010-04-13,172119.484375,175948.47900408146,171440.14661822747,173292.8859548798,507
2010-04-14,166499.515625,171193.12214855343,166314.2416832808,170204.9944593843,647
2010-04-15,166128.96875,167487.64433085502,165079.08307388474,167487.64433085502,471
2010-04-16,174095.75,176566.06926214971,166931.82413976587,167919.95184462576,1098
2010-04-19,171934.171875,177924.69438644935,171563.62409078664,175577.89175309808,857
2010-04-20,167549.375,170451.99963140435,167055.31123295246,168537.5025340951,558
2010-04-21,168352.25,171131.3590425532,166067.20478723405,167055.33244680852,642
2010-04-22,166870.046875,174775.0676003886,166252.46713082903,171995.95875161918,793
2010-04-23,163658.640625,168475.76287735847,163288.09275943396,167178.84534787736,546
2010-04-26,165449.640625,165881.94651689063,162238.22542809817,163288.11116554684,451
2010-04-27,177183.625,178048.23662425933,165696.64199198326,168352.23483792262,1070
2010-04-28,173354.609375,177986.45679328465,171872.41820114892,174219.2208930798,1098
2010-04-29,166808.296875,170143.2276529526,165634.89530497964,169957.95372084412,683
2010-04-30,175207.390625,175207.390625,166067.209513791,166746.54729908356,864
2010-05-03,167796.46875,173416.4461722488,166993.61483253588,172798.86623573795,699
2010-05-04,179901.0,182680.10916580845,173848.71781668384,173972.23377960865,1213
2010-05-05,183544.734375,187250.2135346568,178851.12743943473,184841.65208087987,1157
2010-05-06,201145.703125,234742.03794231656,180209.75183259134,186015.0008635247,1621
2010-05-07,210656.4375,219673.10119832892,197254.9578935796,203245.48103562003,1769
2010-05-10,183050.640625,189844.0179761302,180271.53170862852,184903.37990258096,1747
2010-05-11,184594.609375,188794.15217777685,177307.16745253428,188114.8143714453,1016
2010-05-12,176874.8125,183174.12495635476,176133.71691689946,182247.75547747905,631
2010-05-13,183235.921875,183729.98570209809,175701.4485117543,178357.04158240647,779
2010-05-14,193117.171875,198057.80946694114,186385.55315598016,187126.64879477135,1302
2010-05-17,192623.09375,204048.31732927222,190029.25920767876,191573.20834001282,1323
2010-05-18,200589.921875,202566.17726293104,186385.5862742457,187929.53579606683,1473
2010-05-19,203924.8125,211644.55858192005,198675.38516429436,203986.57046865535,1381
2010-05-20,227269.375,227639.92289402176,214423.71467391305,216955.79194972827,1589
2010-05-21,217511.5625,239312.1251242192,215597.06549900625,237397.6281232254,1272
2010-05-24,225787.1875,226343.00935106675,215720.63619734682,221340.61269146609,947
2010-05-25,225169.59375,246784.88662232587,224675.52991291828,242214.79612931982,1519
2010-05-26,229430.859375,231221.84051144012,214608.94652170257,220908.25948435397,1375
2010-05-27,206086.3125,218808.45225876535,205839.28066002397,216152.85997902308,998
2010-05-28,213435.546875,216770.47729492188,206518.65415219907,206765.68603515625,937
2010-06-01,224675.515625,225416.61133349367,210532.93918791233,220043.6674469145,1166
2010-06-02,207012.734375,224119.69362973596,207012.734375,221093.5528229415,1031
2010-06-03,205159.984375,211150.5076996162,203060.2133127634,204912.9524853251,923
2010-06-04,225601.859375,228380.96796297564,212509.17002720365,216523.4379876129,1103
2010-06-07,235050.84375,235544.9075308723,221587.60572122963,224243.1985434183,888
2010-06-08,228010.46875,240670.8550159128,226157.72929645178,234556.8148192037,1034
2010-06-09,231345.375,233568.66210624666,216955.76678457018,223440.35417778962,900
2010-06-10,210656.4375,220414.19684476694,210162.373735708,219487.82728671943,972
2010-06-11,207630.296875,216955.75042292534,207197.9910813876,216955.75042292534,683
2010-06-14,208247.90625,209236.03391903915,199601.78914590747,203060.2359875445,695
2010-06-15,194475.859375,205283.50478326454,193981.7955849079,204171.86125555733,866
2010-06-16,194537.625,198490.13547619045,192252.57988095237,197316.73392857143,752
2010-06-17,193734.78125,199231.2414129742,192561.37964217406,192808.4115596111,800
2010-06-18,193117.171875,194908.15300207864,191017.400898425,192561.35014590662,565
2010-06-21,194846.40625,197810.788975832,185273.92036450078,185829.7421255943,823
2010-06-22,204171.875,204974.72871294615,192067.3113278887,194661.14640048397,876
2010-06-23,206271.65625,210285.9250093563,201763.32364333834,203924.8529752994,788
2010-06-24,216214.65625,217943.8794362325,208433.15191195373,209050.73162132245,755
2010-06-25,213312.03125,220290.68195389403,210409.4066209467,214423.67472495657,834
2010-06-28,215967.625,218005.63804689734,210965.2293394338,212756.21050185873,629
2010-06-29,235544.875,239682.6585933403,224613.71535789195,224860.7472142108,1137
2010-06-30,243017.5625,244808.54326556544,231160.03467280813,237768.13611817025,1003
2010-07-01,245055.625,257221.9450919859,240609.0511592742,242955.85401965727,1262
2010-07-02,249193.390625,253825.23803438662,241041.33918447956,243079.35204460967,720
2010-07-06,244993.859375,252157.78367232796,233877.42512052562,239126.85240736074,842
2010-07-07,221464.078125,243758.70506396404,220908.2564007599,243141.12537036394,900
2010-07-08,215103.046875,222884.55244670543,214423.70908699397,216338.20648955644,813
2010-07-09,210471.1875,216523.46930017605,210285.91356734154,215411.82570422534,515
2010-07-12,209730.09375,214979.5218915636,208680.2081216873,212570.96074425796,606
2010-07-13,200342.890625,204542.43333847102,197810.8134007013,203369.03169794235,834
2010-07-14,200281.109375,204727.6834961841,198119.58028831327,202257.3645399707,859
2010-07-15,199787.046875,208494.92125193198,198243.09751738794,200713.41648956723,978
2010-07-16,216523.453125,217758.61258378494,203060.21502424416,203554.27880775815,923
2010-07-19,212817.9375,219364.28148578064,210718.16678757983,214238.37062899015,904
2010-07-20,205777.59375,221587.6369672869,205283.52989945977,221278.84706069928,912
2010-07-21,213682.59375,216152.91275289017,202319.1263367052,202566.1582369942,1023
2010-07-22,199478.21875,206271.59462074304,196575.5945143189,206148.07869582044,1135
2010-07-23,194290.5625,202257.3401740305,193364.19300301973,200528.11711300066,943
2010-07-26,187991.296875,194846.43286485708,187558.99100176577,193240.72533570137,538
2010-07-27,188300.0625,190276.3176656281,184471.06811659562,185026.8898819285,758
2010-07-28,191943.8125,193673.03603603604,187682.51164333976,189288.21921251607,839
2010-07-29,194537.625,199045.95726190475,186694.36202380952,188176.55345238093,908
2010-07-30,194228.796875,201454.47866653418,191573.2044217011,200713.3830981717,1014
2010-08-02,181568.46875,187929.54095450678,180580.34102891156,185459.22165178572,712
2010-08-03,183915.265625,185829.76301733547,181383.18842868536,182741.86399743956,529
2010-08-04,180271.515625,184347.54167201952,179592.17795049676,182433.04458932852,549
2010-08-05,180950.84375,184532.80584470992,180642.05391424915,183791.71023890786,518
2010-08-06,182988.875,190091.04193385082,182309.53729328382,186323.805560243,863
2010-08-09,180086.28125,183482.97036822702,179221.6694744513,180518.58713777433,451
2010-08-10,182865.328125,187867.7231193009,180271.49368351063,184718.0670117781,829
2010-08-11,197934.296875,198984.18238104525,191511.46789684088,191696.74180967238,944
2010-08-12,201948.609375,207383.31201261468,199787.0799168578,207198.03805905962,882
2010-08-13,203739.546875,204357.12658665504,200034.0686050697,203492.51499033798,593
2010-08-16,203677.8125,209977.12628865978,201948.58910703455,207630.32311249242,657
2010-08-17,196390.359375,200281.11177771227,191882.02722582547,198490.13051297172,678
2010-08-18,195155.171875,199972.29320609177,192252.54748318827,196699.1210195807,693
2010-08-19,205036.5,207877.3671686747,196884.4463855422,198366.63795180724,888
2010-08-20,207445.0625,211829.87924233402,206456.93478341767,207321.5465354272,822
2010-08-23,209668.34375,210162.40759388809,201392.77436487481,204480.67338917527,678
2010-08-24,218808.546875,222452.26809024837,214238.45585926474,216894.04928732713,1138
2010-08-25,216708.734375,226960.55822973067,214238.41537386007,222884.5318778498,1047
2010-08-26,221217.03125,223193.2861355388,212756.19002128698,213744.31746405637,878
2010-08-27,210779.984375,226837.05907101525,210162.4045789994,217017.54031460593,1307
2010-08-30,219673.140625,219920.172551483,210471.2013635086,212447.45677537253,679
2010-08-31,219179.015625,225046.0222421809,215720.56961908282,222328.67180896027,1581
2010-09-01,200095.8125,211397.52042824074,199231.20096450616,210965.2146604938,1324
2010-09-02,194537.625,199910.56892857142,194414.10904761904,198675.4094047619,991
2010-09-03,186817.875,191882.02896694216,186385.56917355373,188732.37223140497,1058
2010-09-07,192808.390625,193549.48629684496,188794.12240250641,189473.46010169762,748
2010-09-08,189041.1875,192190.84465860832,186879.6580774257,192005.57070810194,849
2010-09-09,186632.609375,187991.28488997353,182494.82485212607,182556.58283007942,557
2010-09-10,183421.1875,186694.36020622897,183050.63964646464,185459.20069444444,515
2010-09-13,177492.40625,180333.27287752263,176504.27872738344,178233.50189196243,1077
2010-09-14,177677.6875,180456.7962721585,174713.3048096976,178480.54114529025,926
2010-09-15,175763.203125,180950.87321020733,175269.1393073612,179406.9237800861,911
2010-09-16,175824.953125,179159.8837427555,175639.67920179135,177430.6604594749,970
2010-09-17,176010.1875,177121.8307894737,172737.01559210528,173231.0792763158,761
2010-09-20,167611.15625,175145.6297439204,166437.7546402911,173848.7121752948,1387
2010-09-21,168599.28125,170575.53656135531,164832.04456272893,167117.08976648352,1335
2010-09-22,170946.078125,172366.51157762826,166561.26181471278,169402.1287199693,928
2010-09-23,175083.859375,176627.80875220458,169957.94744268077,175330.89127535274,1030
2010-09-24,164337.984375,169834.44458145436,164090.95245560879,169463.89670236755,1326
2010-09-27,166561.28125,167055.34511725992,163658.65602984797,164276.2358639229,715
2010-09-28,164770.28125,171440.14270989507,163411.6057674288,166005.44077961022,952
2010-09-29,166005.453125,167672.91861397878,163905.6817685082,166005.453125,1039
2010-09-30,167302.34375,169525.6307101329,160076.6611295681,163288.07562753782,1232
2010-10-01,165140.828125,168228.72693062827,162979.2989610602,163658.63669829842,821
2010-10-04,168846.3125,171316.63162948063,164090.94817574983,166067.2034793343,784
2010-10-05,158594.484375,164832.04002993574,157482.84079293226,164214.46026212032,1221
2010-10-06,158532.6875,160570.70023373587,157482.8021523179,158656.20342325672,958
2010-10-07,159088.546875,162052.92973602485,156494.71187160327,156618.22782414596,1143
2010-10-08,156556.4375,160385.4312376726,155197.76230276134,158532.69233234716,919
2010-10-11,156062.40625,157668.1136352394,154827.24672289274,155691.85839186783,614
2010-10-12,154518.453125,160076.67086330935,153283.29362759792,157544.5938936351,901
2010-10-13,151121.765625,153098.0208354618,148527.9306612689,152048.13525490396,929
2010-10-14,152542.203125,155568.34399671052,150627.70583881577,151430.55953947367,937
2010-10-15,151739.34375,155444.82222985348,149269.02476343102,149392.54071275945,1021
2010-10-18,155630.09375,155630.09375,148033.86298363094,151615.82545882935,637
2010-10-19,155383.078125,157976.91329242845,151121.7774927961,153715.61266022455,1153
2010-10-20,150689.421875,154765.4472207992,148589.6512423156,154518.41538165984,1280
2010-10-21,149824.84375,153283.29026690024,146181.12331255153,148713.2002267106,1164
2010-10-22,148836.765625,150257.1994878112,148342.70167271784,149022.0396071058,552
2010-10-25,147786.828125,147910.3440699436,143587.2859969181,145872.33097837443,802
2010-10-26,147539.796875,150689.45348472166,147107.4910658225,149824.84186636668,773
2010-10-27,148713.203125,152974.50338065822,148280.89730196222,150689.4583160299,820
2010-10-28,148466.1875,150812.990796589,145995.8682404326,146242.90016638936,783
2010-10-29,148280.90625,149886.6136896085,147539.81050864223,149269.0339051437,740
2010-11-01,148280.90625,150689.46740941275,143649.05786651396,146057.61902592672,699
2010-11-02,144637.171875,146119.36321786934,143710.80228570665,144884.20376547822,720
2010-11-03,142722.6875,148342.6635114669,142722.6875,144019.60504110774,1174
2010-11-04,134632.390625,138770.17510751146,134385.35871559635,138152.59533400228,1082
2010-11-05,132964.953125,134879.45082443103,132409.13121226194,134385.3869019972,748
2010-11-08,133767.75,135620.48891966758,133273.68628808865,134385.32963988918,537
2010-11-09,136732.140625,138337.8477868112,132285.56694613822,132656.11475271004,894
2010-11-10,135188.1875,139943.55087939696,134879.397670169,136855.65258108726,1039
2010-11-11,136546.9375,139758.35348824062,135991.11550203527,138523.19349276347,799
2010-11-12,141487.53125,143278.51265822785,137596.77853557398,139387.75994380182,862
2010-11-15,142105.140625,142228.65660989788,138461.4190705128,140005.3688817362,892
2010-11-16,148651.4375,150751.20853240546,143957.8316628583,144637.16934981305,1148
2010-11-17,148466.1875,149886.62107425125,146613.44805532446,148466.1875,678
2010-11-18,141919.84375,144143.1311194517,140314.136205396,144143.1311194517,943
2010-11-19,140869.9375,144513.65793511618,140561.14763261727,142228.612916484,726
2010-11-22,141178.734375,145995.8565452756,140931.70246883202,142846.19974163387,696
2010-11-23,147292.75,148774.94119496856,145254.73710691824,146057.59067085953,883
2010-11-24,140684.65625,144451.89243579895,140561.140309482,144390.13446553994,509
2010-11-26,145007.734375,145131.25033272998,141981.5934106154,144266.6386286201,326
2010-11-29,144204.84375,149392.5126472163,143154.95837794433,146736.92023554604,867
2010-11-30,147231.0,149207.25503355704,144266.61744966442,148466.15939597314,942
2010-12-01,137164.46875,140808.18944169293,136546.88897174696,140375.8835969158,1071
2010-12-02,131915.03125,136855.66912453182,131667.9993562734,136732.15317766854,945
2010-12-03,130926.9140625,133520.74915241747,130494.60821418042,133397.23319575473,568
2010-12-06,131173.953125,132162.08083215632,130432.85734463278,131729.77496027542,412
2010-12-07,131050.40625,131297.43811852028,127221.41228793592,127591.96009071631,784
2010-12-08,129753.4765625,132532.5848182413,129382.92879506783,130556.33005860304,616
2010-12-09,128086.0546875,130062.31011180088,127406.71688539658,127530.23284941539,433
2010-12-10,125801.0078125,128271.32706262273,125492.21790623465,127036.16743756137,524
2010-12-13,125553.953125,125739.2270351697,123701.214023303,124257.03575381209,488
2010-12-14,125245.15625,126480.31558185405,123639.44911858975,125059.8823502219,668
2010-12-15,126974.3828125,127653.7204637342,124504.06408073929,125986.25531979572,574
2010-12-16,124812.8671875,128086.03985496041,124565.83528806904,126727.36440809006,523
2010-12-17,124318.7734375,125800.9644769933,124009.98363760558,125059.86895724665,316
2010-12-20,123515.953125,125306.93444531251,122651.341453125,123454.1951484375,442
2010-12-21,121230.8828125,122713.0739421485,120922.09299382323,122466.04208720708,475
2010-12-22,119933.96875,121169.12805741503,119872.21078462925,120860.33823056128,337
2010-12-23,120489.84375,121477.97163313685,119995.77980843157,120489.84375,208
2010-12-27,120242.7734375,122033.75465459682,120057.49951848999,121663.20681657679,350
2010-12-28,119995.7421875,120798.5958408389,119501.6784008299,119686.95232083119,193
2010-12-29,119686.9453125,119686.9453125,118822.33373645511,119378.15546391254,187
2010-12-30,120119.2578125,120736.83754418381,119254.64618814268,120057.49983933162,190
2010-12-31,119872.2265625,121354.41792648763,119686.95264200155,120860.35413849176,235
2011-01-03,116413.7890625,117401.91671501989,114869.83960543766,117340.1587367374,497
2011-01-04,116537.3046875,118698.83392123741,115425.6610815779,115487.41905968469,456
2011-01-05,114746.3125,117895.96908638321,114437.52263858989,117648.93719725512,495
2011-01-06,115425.65625,116413.78385834672,114252.25471508829,114561.04459269663,513
2011-01-07,116105.0,118698.83510638299,114375.77659574468,114993.35638297873,639
2011-01-10,116475.5625,118637.09202677624,116043.25659464474,117463.69028366914,491
2011-01-11,115302.125,116599.04231387253,114375.75549009106,115178.60906534547,374
2011-01-12,112090.75,113758.21570247934,111843.71804407713,113202.3938016529,604
2011-01-13,112584.796875,113511.16656952826,111843.70111937741,112028.97505828306,367
2011-01-14,110176.21875,113325.87522771861,110114.46077984865,113078.84334711323,566
2011-01-18,109620.40625,110917.32373239436,109373.37434859155,110546.77588028168,372
2011-01-19,112893.59375,113758.20551832604,109743.93659395515,109929.21054431073,488
2011-01-20,113325.8984375,115796.2177494891,112523.04466110354,113819.96229989782,771
2011-01-21,112523.0390625,112955.34492058863,110423.26775178374,111287.87946796103,652
2011-01-24,110546.796875,112955.35837115922,110238.00693959498,112708.3264228352,667
2011-01-25,110485.0,113140.592509782,110237.96813862493,111534.88541084404,760
2011-01-26,109002.828125,110299.74562677054,108261.73240970256,109682.16586402267,731
2011-01-27,108323.484375,109682.15977765109,107891.17856506557,109064.58004917332,599
2011-01-28,114005.234375,114561.05621106447,107458.88830579631,108076.46812364573,1357
2011-01-31,111473.140625,113943.45953081717,111226.10873441827,113017.08994113574,718
2011-02-01,106161.9609375,109682.16557591622,105544.38117637434,109435.13367146597,1093
2011-02-02,106779.53125,107088.32110323886,105914.91966093118,106841.28922064777,479
2011-02-03,105914.9453125,108941.08660714286,105482.63941326531,107211.86301020409,561
2011-02-04,105050.3046875,107273.59155919311,104988.54671884186,105791.40031139771,517
2011-02-07,103012.296875,104370.97225344724,102085.92729878596,104309.21428169963,574
2011-02-08,101591.8515625,103629.86439019756,101530.09359802431,102765.252887538,432
2011-02-09,102332.96875,103876.91818799035,101530.11504224502,102518.24268255885,489
2011-02-10,102209.4453125,104618.00625944108,101900.65544750755,103938.6685564577,549
2011-02-11,100356.703125,103568.117625,99986.15529807692,103506.35965384614,527
2011-02-14,99739.109375,100912.51066176471,99430.3195626935,100603.7208494582,340
2011-02-15,100665.5,101406.59570552148,100171.43619631902,100541.98404907977,311
2011-02-16,98751.015625,100233.20722912757,98380.4677239681,99615.62739407441,521
2011-02-17,97762.8828125,99862.65414264845,97454.09291100758,99615.62222145451,499
2011-02-18,97268.8125,98195.18214285714,96836.50666666667,97577.60238095238,382
2011-02-22,103074.0546875,103815.15034732624,98689.23870019474,100233.1879914994,1032
2011-02-23,104926.7734375,106841.27018650676,102394.69709203942,103197.55056742937,1089
2011-02-24,105173.8125,108076.43680270111,103938.65322225484,105297.32842777451,1066
2011-02-25,101777.1484375,103938.67768222846,101530.11652381675,103629.8877901244,809
2011-02-28,99986.1875,101653.65325818407,99553.88156269303,100480.25142835084,597
2011-03-01,104803.2734375,104926.78937555244,98750.99247293017,98874.50841098261,789
2011-03-02,104247.4453125,105729.63647808056,102765.25414691943,105359.08868668543,730
2011-03-03,98874.5078125,101468.342495901,98503.96000058558,101468.342495901,726
2011-03-04,101097.8125,103012.30986560782,98874.52523671351,98936.28321624924,690
2011-03-07,103444.625,104988.57462686567,99430.35597014925,100109.69380597015,665
2011-03-08,100727.2734375,104247.47857909258,99677.38769351626,102950.56089534795,559
2011-03-09,101159.5859375,102888.80962873931,100171.45811393467,101344.8599044185,508
2011-03-10,106717.7734375,107026.56329119646,104370.97054940682,104370.97054940682,942
2011-03-11,104556.2421875,107891.1725348863,103382.84076897519,107767.65659609422,933
2011-03-14,106347.2421875,108755.80342171167,105359.11450166957,106532.5161285932,1027
2011-03-15,109867.4296875,115116.85718802697,108138.20651085582,114869.82530564924,1325
2011-03-16,116228.53125,118390.06078971838,110052.73256509034,110979.10236782678,1348
2011-03-17,111720.171875,113634.66901603095,110114.46459542564,111102.59215208679,851
2011-03-18,110176.21875,110979.0723619675,107397.11009318946,107397.11009318946,793
2011-03-21,105297.3203125,106655.99541330645,104556.22480296921,106161.93174028593,792
2011-03-22,106285.4609375,106594.25077171702,104926.7856669451,105297.33346800553,498
2011-03-23,105359.1015625,108694.0320926143,104556.24791636138,107211.84074589684,730
2011-03-24,102394.734375,105359.11751734016,101900.6705179433,103629.89401764174,762
2011-03-25,101468.3515625,102209.44725254869,100109.67613074406,101530.10953667072,645
2011-03-28,102147.6953125,102209.45329031892,99986.16608883766,100665.50384484584,420
2011-03-29,100047.90625,103382.83645833333,100047.90625,102518.2249228395,497
2011-03-30,98009.890625,98936.26010160681,97207.03707860743,98627.47027607121,673
2011-03-31,98442.21875,98751.00864570263,97577.60704203263,98380.46077085947,392
2011-04-01,97145.28125,97886.37684758424,95724.84802129689,96527.70158534647,627
2011-04-04,96898.28125,97762.89306485021,96033.66943514977,96404.21735579986,278
2011-04-05,96960.0234375,97577.60320461784,95663.10592655255,97454.08725119427,455
2011-04-06,96157.1640625,97207.04960460821,95292.55243958734,95539.5843318481,339
2011-04-07,96712.9921875,98133.42566151821,95416.07466774425,96589.47623323755,488
2011-04-08,97701.125,98936.28460809102,95292.5637642225,95539.59568584072,392
2011-04-11,98627.4765625,99368.57219102223,96527.70561502036,97392.31718162962,394
2011-04-12,100727.2734375,101900.6751513642,99739.14567845647,100294.96754291846,622
2011-04-13,100850.7734375,101962.41699039345,99121.55013299908,99430.34000880283,465
2011-04-14,100603.75,103568.13305709024,100171.44413750767,102641.76335174954,505
2011-04-15,99430.34375,100974.2931871118,98751.0059976708,100109.68150232919,545
2011-04-18,102827.015625,105235.57635135135,102271.19391891891,102765.25765765765,663
2011-04-19,101221.3359375,103135.8334445546,100974.30400110586,102332.97965127364,441
2011-04-20,96898.28125,97701.1350780752,96280.70138224984,97454.10313097514,723
2011-04-21,95477.8203125,98256.92892444211,95416.06234334574,95539.57828165428,372
2011-04-25,95848.3671875,96712.97874718106,95354.30343911084,95601.33531330542,267
2011-04-26,93254.5390625,95169.03622206126,92698.71730649835,94860.24635761589,663
2011-04-27,91463.5703125,93933.88956469447,91031.26444336597,92760.4879199021,628
2011-04-28,90537.1875,92081.13680934516,90166.63966575716,92019.37883697134,588
2011-04-29,89734.34375,90784.22939607709,89672.585770819,90475.43950017205,381
2011-05-02,90413.6875,90907.75136612021,88437.43203551912,88622.7059853142,627
2011-05-03,91278.2890625,92636.96454245601,90413.67739343707,90907.74120433017,565
2011-05-04,93069.28125,94304.44092153285,91340.05770985402,91463.5736770073,643
2011-05-05,95539.59375,96836.51131221719,92884.0006464124,94674.9820418552,763
2011-05-06,94427.9453125,95477.8309045945,91340.04651222205,92760.4799603499,921
2011-05-09,93254.5390625,94860.24635761589,92389.92744205298,94304.42460161424,428
2011-05-10,90784.234375,92636.97385204081,90351.92849702381,92266.42595663265,429
2011-05-11,93625.078125,94983.75340122033,91216.51740806398,91278.27537516491,640
2011-05-12,92328.1640625,95910.12628030937,91834.1003083194,94427.93501776755,761
2011-05-13,94551.4609375,95477.83057437949,91895.86797844546,92266.41583319726,565
2011-05-16,96218.9296875,96836.50946726571,93316.30472260108,95539.59192975769,628
2011-05-17,96280.671875,98627.47465322322,95971.8820357601,97454.07326411162,699
2011-05-18,93810.3671875,96836.50806451614,93501.5773020902,96033.65436245063,516
2011-05-19,93192.78125,94613.21462889331,92389.9276010603,92822.23341202784,520
2011-05-20,95230.8125,95786.63436284047,93439.8309419585,93933.89482003891,465
2011-05-23,98565.7109375,99615.59632969141,97762.8574022948,98936.25872297931,713
2011-05-24,98812.75,99368.57171875,97083.526875,97701.10656249999,476
2011-05-25,97886.3828125,100171.42771096215,96651.22340792588,100109.66974073344,588
2011-05-26,96527.71875,99245.06975767754,96033.65493042226,98751.00593809981,650
2011-05-27,95416.0703125,96095.40802993528,94613.21664644014,95724.8601840615,553
2011-05-31,92451.6875,94736.73254843018,92451.6875,92760.47737140948,649
2011-06-01,98627.4765625,98812.75046963056,93069.25934858328,93254.53325571383,937
2011-06-02,98936.265625,100727.246713093,97886.38015956616,98442.20187656055,791
2011-06-03,101838.90625,102641.75996816251,99677.3770087932,102518.24401152214,892
2011-06-06,105173.8125,105544.36028332355,102085.91430563711,102641.73598062243,637
2011-06-07,105482.6171875,105544.37516009221,102579.99247566597,103568.12003714139,731
2011-06-08,106656.015625,107273.5953333092,104803.27650007237,105914.91997502894,707
2011-06-09,104247.4453125,106532.49002610338,102888.77007738447,105853.15240854562,722
2011-06-10,108694.0234375,109373.36108398438,105359.09317294034,105606.1250443892,805
2011-06-13,108323.484375,110052.70761473775,106964.80897234892,107891.17856506557,651
2011-06-14,104185.703125,105482.62059128631,103012.30160788383,105359.10464211619,735
2011-06-15,109620.40625,110546.77588028168,105791.41177816901,106717.7814084507,1038
2011-06-16,109064.6015625,111534.92096368913,107211.86201160816,109620.42342776756,1033
2011-06-17,108014.6953125,109126.33883201114,105791.40827347769,105791.40827347769,766
2011-06-20,106408.96875,109249.83500798028,105729.63116656995,109064.56112159026,537
2011-06-21,101962.40625,105112.06265142337,101406.58453210176,104741.51483949121,844
2011-06-22,103876.9140625,104062.18798770066,101159.56315955709,102950.54443649674,582
2011-06-23,104679.78125,109867.45182522124,104494.50730088496,107582.40645280236,1179
2011-06-24,108323.484375,108817.54815778222,104494.49005843786,104741.52194982897,667
2011-06-27,105544.3671875,108817.53948763896,104247.44986102983,108138.2018404403,551
2011-06-28,101406.609375,104679.78251560596,101344.85139121498,104247.47662911084,615
2011-06-29,98689.25,101097.81117021276,98318.70212765958,100047.9255319149,947
2011-06-30,95971.90625,98133.43567004504,95477.84238256112,97701.12978603604,902
2011-07-01,91648.84375,96342.45030323451,91340.05384518194,95848.3864555256,1030
2011-07-05,91834.109375,92698.72103017822,91278.28759667116,92019.38330110961,602
2011-07-06,91525.3203125,93316.3016141616,91216.53043290316,92636.96387904858,659
2011-07-07,88560.9296875,89610.81518588738,88005.10795305962,89116.75142194038,733
2011-07-08,90475.421875,92575.19275810581,90475.421875,91648.82325085325,812
2011-07-11,95477.8203125,96033.64203488843,93007.50154632924,93810.35514533475,650
2011-07-12,96589.46875,96774.74266703964,93686.84404971228,96095.40497122762,824
2011-07-13,95601.34375,96404.1974119832,92636.96099806202,95107.27995801033,635
2011-07-14,97515.8515625,98133.4313697356,93686.85675763933,94983.77435283408,894
2011-07-15,95848.3671875,98009.89608670265,95539.57734475678,96033.64109314594,617
2011-07-18,98318.6796875,100480.20844947392,96898.24650105998,97268.79428882695,694
2011-07-19,93625.078125,96774.7344471471,93192.77235529353,96774.7344471471,700
2011-07-20,93748.609375,94180.91521533267,92575.20780838274,92822.23971714426,384
2011-07-21,89796.1015625,92636.96859955296,89116.76379276994,92142.904767022,1058
2011-07-22,89610.828125,91278.29356909028,89302.03822794624,89796.10206323225,474
2011-07-25,91031.2578125,92513.44925585142,89796.09827637381,92204.65937181987,553
2011-07-26,92081.15625,92760.49408953721,90845.9965417505,91340.0604250503,528
2011-07-27,97639.359375,98133.42317955408,93625.0909629981,93625.0909629981,899
2011-07-28,98689.25,99121.55585106384,95169.04521276597,97824.63829787234,1457
2011-07-29,100603.75,102888.79527317373,97886.39886433394,101653.6356660528,1658
2011-08-01,102085.9375,104803.28852843316,96836.5093768905,97145.29926648518,1344
2011-08-02,109620.40625,109743.92220070423,102641.75503521126,104185.70441901409,1293
2011-08-03,107829.421875,114931.58883698455,107644.14795425258,109311.6132409794,2099
2011-08-04,123021.8671875,123577.68887660015,111967.19137095255,112523.0130600527,2464
2011-08-05,123886.5,133644.260219342,117463.67048853441,118513.55608175474,4324
2011-08-08,147786.828125,148466.1658221897,129074.16246604681,133458.9785115441,4181
2011-08-09,126912.625,155630.0802919708,126295.04531630171,140375.86210462288,3609
2011-08-10,144390.109375,144884.173051219,131050.39011708726,134447.0778910928,1842
2011-08-11,124689.3671875,141672.81244582715,118513.56891174467,140128.8628768883,1993
2011-08-12,121724.9609375,124504.06963470319,118451.78847190512,120736.83340071664,1154
2011-08-15,114252.2734375,119131.15430320946,113758.20955236486,118513.57444679053,1209
2011-08-16,116969.59375,120675.07190469904,113881.69528775079,117216.62562697993,1482
2011-08-17,116660.828125,119501.69530009264,112276.01139822658,115116.87857331922,1317
2011-08-18,131359.21875,135126.45539492244,125677.48479372356,125986.27468265162,2599
2011-08-19,137905.5625,138646.65822324227,127097.91653605015,137287.98273063143,2145
2011-08-22,137843.8125,138955.45614919355,128703.6313844086,128950.6633064516,1628
2011-08-23,124318.7734375,138523.10423264408,123948.22567762669,136361.575633383,1669
2011-08-24,119069.3828125,125924.51844122796,118575.3189834025,125059.90674030731,1261
2011-08-25,124257.0234375,125677.4566080082,114993.32884722913,116969.58369315357,1919
2011-08-26,118822.3359375,132223.81561444257,117278.38666596284,126356.80838260135,2391
2011-08-29,108817.5546875,114375.7725773269,108570.52278128547,114128.74067111236,1186
2011-08-30,108138.1953125,112523.01077063107,105791.3926729369,110114.45016686893,1692
2011-08-31,106285.4609375,108817.5375780796,103012.28869479954,105729.63923590936,1641
2011-09-01,109682.1796875,110052.72759184966,103321.10732949746,106223.73258023648,1605
2011-09-02,118081.2734375,119254.67521329106,114746.34207472543,116599.0817207113,1958
2011-09-06,120551.5625,128518.3409643955,120181.01466444672,128518.3409643955,1980
2011-09-07,110485.0,116352.0067076579,110299.72610396869,115116.84740078256,1462
2011-09-08,113819.9609375,114622.81470428649,108632.29044441807,112461.28533216902,1435
2011-09-09,122898.34375,124751.08260050252,116660.78961997488,117772.43293027638,2443
2011-09-12,120366.28125,128888.88094856337,120181.0073435095,127591.96360312981,2712
2011-09-13,117340.171875,121910.26277960527,115796.2222450658,119316.4274013158,1904
2011-09-14,112214.2421875,120242.77905286873,108076.45780304073,115425.6569336475,2487
2011-09-15,106594.2734375,111658.42779548088,106347.2415175985,108755.80273663817,1901
2011-09-16,104618.0078125,107644.14853434918,103444.6063081095,105235.5875516529,1664
2011-09-19,107644.1640625,111720.19092889415,106100.21449189616,109743.93547852123,2092
2011-09-20,107891.140625,108446.96218517459,103135.77838795078,106285.43389560675,1893
2011-09-21,117895.96875,117957.72672210581,106841.29174305919,107891.17726885804,2397
2011-09-22,128827.125,133644.2466442953,124812.85696308725,127777.23951342281,4424
2011-09-23,126665.6171875,131791.52953589713,124565.84586406022,131482.73963539128,2466
2011-09-26,117648.9375,128518.3406496063,117154.87372047243,122960.12312992125,2381
2011-09-27,113758.171875,115796.18472618079,107582.37535627035,110608.51565044788,2692
2011-09-28,120860.34375,121169.13359095555,110917.31087123147,113017.08178972919,2230
2011-09-29,117834.2265625,124504.08844339622,112831.83015182783,114622.81158280923,2816
2011-09-30,126480.3046875,126727.33653259276,119563.41302490234,122589.55312728882,2736
2011-10-03,137226.203125,137658.5088954208,123824.72424195545,128827.11958539605,3588
2011-10-04,128827.125,146736.93624161073,127344.93372483221,143402.00587248322,4203
2011-10-05,121045.640625,130865.15943080357,120242.78688616071,127406.71255580358,3090
2011-10-06,114684.53125,124009.98317178246,114252.22553177168,121477.9068221594,2886
2011-10-07,116722.578125,118760.5913938492,112461.27765376984,112646.55158730158,2822
2011-10-10,105297.3203125,110979.05255223607,105112.0464351173,110917.2945931085,2143
2011-10-11,104988.5625,107335.3656617647,103938.676875,107026.57577205883,1828
2011-10-12,102024.171875,103135.81539421913,98442.20942418282,102456.47768802967,2536
2011-10-13,102641.75,106161.95442238267,101777.13838748496,103938.66741877256,2197
2011-10-14,97268.8125,100789.01714285713,97268.8125,98936.27785714285,1568
2011-10-17,102827.015625,103629.86920045046,98565.71587837838,98750.9897804054,1542
2011-10-18,96712.9921875,105482.6249401341,94427.94703364464,103135.82180914751,2637
2011-10-19,100294.9609375,101159.57266971983,95601.3543911638,97207.06189385777,1861
2011-10-20,98812.75,103444.59765625,97824.6225,99430.3296875,2006
2011-10-21,93254.5390625,96280.67973406457,92883.99122516556,95416.06811361756,1722
2011-10-24,89734.34375,93069.27462577427,89116.76395818996,92822.24270905025,1773
2011-10-25,94983.765625,95601.34537548764,91031.25522187907,91093.01319692783,2104
2011-10-26,92142.890625,97021.77022243633,91031.24717241958,91957.6167162366,2078
2011-10-27,82508.671875,86955.24700598803,80841.20620087949,84670.20145256362,3066
2011-10-28,82508.671875,84114.37956119012,82076.36595948727,83743.83163360778,1288
2011-10-31,88684.4609375,88684.4609375,85040.74004939938,85287.77197401636,1712
2011-11-01,95786.6328125,96898.27652018859,92698.73362447615,95786.6328125,3855
2011-11-02,91154.7890625,93995.65647230692,90228.41925495426,91587.094972688,1859
2011-11-03,86152.375,92081.14059139784,85720.06917562724,88375.66209677419,2293
2011-11-04,87819.84375,90784.22666139241,87325.7799314346,88190.39161392406,1534
2011-11-07,86152.375,90413.6752688172,85905.34310035841,87943.35627240143,1428
2011-11-08,82817.4375,87264.01132550335,82570.40562080537,84731.93456375839,1759
2011-11-09,91895.859375,92575.1970451109,87449.2855342742,88560.92899445565,2093
2011-11-10,89487.3203125,92328.18762400793,88005.12867171325,88313.91859687715,1915
2011-11-11,84237.8828125,86275.8961063508,83682.06100508614,86152.38014914772,1597
2011-11-14,86646.4296875,87819.831087402,84917.20657185496,85287.75438235032,1169
2011-11-15,85349.5234375,88252.14833009226,84114.36390873733,87325.77868352026,1289
2011-11-16,89487.3203125,89857.86822269668,84917.22942007419,88005.12867171325,1399
2011-11-17,93933.875,95663.09820841551,89363.78509204471,90043.12278106509,3948
2011-11-18,94180.90625,95292.54973360656,92328.16711065573,93007.50479508197,1732
2011-11-21,99553.859375,101838.90453435174,97886.39398844603,98256.9418521247,2454
2011-11-22,100603.75,102332.9734499693,98380.46270718232,100047.92817679558,2093
2011-11-23,107273.6015625,107273.6015625,103197.57525097151,103506.365123057,1804
2011-11-25,108076.4375,108076.4375,104185.68574999999,107829.40564285713,894
2011-11-28,98503.9609375,100974.27970709247,97268.80155270376,99059.78266065831,1507
2011-11-29,97639.359375,98689.24495967742,95724.86213235294,97639.359375,1262
2011-11-30,85534.8046875,89857.86340816786,85040.74083370938,89240.2835909296,2191
2011-12-01,85473.0390625,86584.68263412212,84114.36358607297,85781.82894350615,1591
2011-12-02,85596.546875,85843.57875631313,82323.374447601,83126.22806186868,1597
2011-12-05,82940.953125,84484.9023641102,80902.94012937453,81705.79373371183,2533
2011-12-06,82755.671875,83805.55726445896,81088.20684468283,82940.94576725745,1695
2011-12-07,81952.84375,85287.77484457423,80841.20005180858,83682.06728051997,2062
2011-12-08,87140.4921875,87819.82983035082,82940.95039533133,83496.77210311836,2082
2011-12-09,82879.1953125,86337.64161466096,82138.09967632264,86028.85176625372,1749
2011-12-12,86275.8828125,88499.16969957946,84978.96546170366,84978.96546170366,1854
2011-12-13,88807.96875,90104.88623522253,83620.29880910988,85040.73224530598,2098
2011-12-14,91710.59375,92328.17350589226,88993.24282407407,89919.61245791246,2134
2011-12-15,90722.4609375,91154.76674183118,88437.41597174949,88807.96380403335,1504
2011-12-16,90351.9296875,90969.5095213175,87325.78850179426,88931.49606971975,1711
2011-12-19,93069.28125,93810.3770529197,88746.22239963504,89302.04425182482,1352
2011-12-20,84855.453125,88807.96331422853,84361.38935134644,88807.96331422853,1733
2011-12-21,84299.640625,87202.26561355311,83867.33477564102,84793.70445283882,1357
2011-12-22,82014.5859375,83929.08304899285,81829.31202348456,83373.26130694653,1014
2011-12-23,79853.0859375,81767.58374419954,79791.3279437355,81211.76180031903,1293
2011-12-27,79667.796875,80470.65064195737,78988.45907218993,80223.61871366279,572
2011-12-28,82446.875,82940.93867041198,79544.25093632958,79606.00889513109,1233
2011-12-29,80223.609375,82076.3486215358,79976.5774754619,81952.83267176675,1000
2011-12-30,81088.21875,81211.73469630617,79791.30131378522,80347.12307216298,648
2012-01-03,77382.765625,77629.79759826417,75777.05779878292,77012.21766510374,1165
2012-01-04,77135.734375,78864.95820406325,76888.70239941953,78062.10428342674,1237
2012-01-05,76456.375,79420.7578756058,76147.58511712438,78309.11429725363,1404
2012-01-06,76888.6796875,77815.04932228915,76209.34195532129,76209.34195532129,1173
2012-01-09,76641.65625,77629.78396958098,76271.10835515714,76579.8982675262,930
2012-01-10,74541.84375,74850.63349212924,73615.47452361227,74047.7801625932,1193
2012-01-11,74356.6015625,75591.7610568937,74109.56966362127,75221.21320857559,838
2012-01-12,73862.53125,75529.99642035953,73553.74140363712,73800.77328072743,1536
2012-01-13,74665.3984375,76950.44371639784,74665.3984375,75344.73622311828,1874
2012-01-17,74233.09375,74665.39962042429,72503.87026830282,72874.41815723793,1222
2012-01-18,71701.0,74603.62446167097,71577.48406546081,74233.0766580534,1306
2012-01-19,70589.3671875,71639.25278871391,70404.09325787402,70959.91504675196,1098
2012-01-20,70404.0859375,71453.97142955044,70404.0859375,70898.14969846491,875
2012-01-23,70404.0859375,71330.45548930921,69292.44247532895,70404.0859375,1000
2012-01-24,70527.59375,71948.02689908056,70465.8357869965,71639.23708406305,864
2012-01-25,68798.375,71639.24147217236,68242.55329892281,70898.14587073609,1309
2012-01-26,69786.4921875,70651.10359513275,67439.68979535399,67810.2375414823,2721
2012-01-27,69910.015625,70959.90101866167,69477.70987466873,70898.14305432863,1111
2012-01-30,70712.890625,72689.14608351528,70527.61667576419,71948.05028657205,1177
2012-01-31,70774.6328125,71762.760321226,69292.441549411,69539.47342659249,964
2012-02-01,68860.125,69415.9466367713,67748.4817264574,69168.91479820629,1333
2012-02-02,68427.84375,69230.69751240974,67995.53787793321,68427.84375,1076
2012-02-03,65586.9765625,66822.13619644538,65463.46059910546,66451.58830626178,1350
2012-02-06,65710.4921875,66636.86190818844,65648.73420612077,66451.58796405075,724
2012-02-07,65278.1875,66883.8950449385,64907.63960501419,66081.04127246924,1071
2012-02-08,64660.6015625,65957.51907234958,64598.8435858405,65154.66537577603,1147
2012-02-09,64475.32421875,65525.20976637332,64104.77637841236,64351.80827197079,1089
2012-02-10,65895.7578125,66575.09552190722,65648.72591817011,66081.03173324742,1505
2012-02-13,64413.5625,65278.174077181204,64166.530620805366,64413.5625,1164
2012-02-14,64537.078125,65957.51142344497,64537.078125,64907.62594198564,1276
2012-02-15,65463.45703125,65895.76287956958,63672.47565964033,63981.26555129717,1342
2012-02-16,63425.43359375,65833.99436313291,63178.401719967136,65463.44655245861,1628
2012-02-17,62807.8671875,63487.204984021635,62622.5932429941,62622.5932429941,910
2012-02-21,62684.3359375,63301.91560190886,61943.240340209355,62313.788138854674,1073
2012-02-22,63425.43359375,63672.46546753286,62622.58000395569,62993.12781462999,890
2012-02-23,62560.81640625,64104.765478467416,62375.542517583905,63487.18584958045,798
2012-02-24,62128.51171875,62499.05950236083,61757.96393513917,62066.75375481486,1014
2012-02-27,61757.9765625,63610.71585937501,61263.91275,63301.9259765625,1195
2012-02-28,61263.90625,62128.517830141136,61078.632339969765,61757.97001008065,944
2012-02-29,62375.546875,62375.54687500001,60399.291924504956,60955.11362933169,1303
2012-03-01,60955.12109375,61757.97476570415,60584.57324515578,61510.94286664134,1189
2012-03-02,61510.93359375,61943.239351939,60831.5959737387,61078.62783556099,795
2012-03-05,62128.51171875,62931.36524990681,61696.20597120403,61881.479863009445,1473
2012-03-06,65031.16015625,65525.224051074314,64043.03236660138,64166.54834030746,1988
2012-03-07,63610.69921875,64722.34250606796,63301.90941671723,64537.068624848296,1341
2012-03-08,61696.21484375,62869.61632726476,61325.6670068506,62437.310517548794,1099
2012-03-09,61016.8828125,61634.462598051614,60522.8189840587,61325.67270527581,1100
2012-03-12,61016.8828125,61634.462598051614,60708.092919724186,61016.8828125,518
2012-03-13,57620.18359375,60337.53415980037,57558.42562633976,60028.74432274919,1586
2012-03-14,57805.484375,58361.30634014423,57187.90441372863,57558.45239049145,962
2012-03-15,56940.859375,58052.503050433836,56755.58542909436,57558.43919468547,1007
2012-03-16,56632.07421875,56940.864154512,56385.0422701404,56508.5582444452,825
2012-03-19,55890.96484375,56817.33442679558,55396.90106612569,56693.818482389506,861
2012-03-20,56385.03515625,57373.16282601999,56199.761218168125,56879.09899113499,858
2012-03-21,56693.82421875,57064.37208946079,56138.002412683825,56323.27634803922,782
2012-03-22,57928.98828125,58484.810130430444,57496.682398554105,57928.98828125001,2103
2012-03-23,57311.390625,58731.823797817895,57187.874696928884,57743.696373248924,1716
2012-03-26,54964.609375,56199.76913623596,54964.60937500001,56138.01114817416,1289
2012-03-27,55458.66015625,55582.17610314588,54655.80650142678,54779.32244832266,703
2012-03-28,56323.2734375,57249.64306640625,55273.387858072914,55520.41975911458,858
2012-03-29,56632.07421875,57928.99194895038,56323.284282988,57311.412077426394,1708
2012-03-30,55952.7421875,56755.59610409768,55582.19422599338,55705.71021316225,1270
2012-04-02,54717.5703125,56385.03577349041,54161.74849216987,56076.245873307,1278
2012-04-03,55211.6328125,56261.51844763703,54594.05302712528,54841.08494127517,2326
2012-04-04,56940.859375,57558.43919468547,56385.037537283075,56508.55350122017,1759
2012-04-05,57002.6171875,57681.95498713435,56508.55333322048,57496.68104177952,822
2012-04-09,58917.11328125,59411.17712427935,58237.77549708464,59164.145202764674,1131
2012-04-10,61943.25,62066.76595214357,58793.59322033899,59225.89905284148,1824
2012-04-11,60584.58203125,60769.8559824159,59658.21227542049,59967.00219403033,2046
2012-04-12,57928.98828125,60399.307610940836,57867.23029800774,60275.791644456294,1643
2012-04-13,60090.5234375,60275.7974049332,58423.057730601235,58423.057730601235,1211
2012-04-16,60337.546875,60831.61071839816,58855.35534480553,59164.14524692938,1240
2012-04-17,57496.66796875,59349.40700104055,57187.878130034915,59102.375130068474,1328
2012-04-18,58114.265625,58423.055559245484,57496.68575650903,58237.781598698195,957
2012-04-19,59164.1484375,60028.760210073066,57434.92489235386,58052.50472990605,1436
2012-04-20,58917.11328125,58978.871261628665,57805.46963443396,58423.049438220645,961
2012-04-23,60399.3046875,61510.94833205521,60214.03074674079,60708.094588765336,1154
2012-04-24,59596.4453125,60399.298979922285,59287.65544041451,60214.02505667099,980
2012-04-25,57311.390625,58114.244157462286,57187.874696928884,57928.97026535561,1131
2012-04-26,56076.25390625,57743.71960610546,55890.9799395994,57620.203628338386,1067
2012-04-27,55705.69140625,56446.78707906042,55273.38559711059,55520.417488047395,958
2012-04-30,56508.546875,56879.09472336066,56014.483077185796,56076.24105191257,1167
2012-05-01,55335.15234375,56632.06997680664,54223.508658272876,56446.796029227124,1085
2012-05-02,55829.21875,56879.10450082964,55643.94479397123,56261.52464740044,938
2012-05-03,57064.390625,57434.93861607143,55643.95665922619,55767.47265625,884
2012-05-04,59781.734375,59967.008345170456,57867.23668323864,57990.75266335227,1425
2012-05-07,59719.95703125,60584.56861184721,59164.13530086608,60522.81064180455,925
2012-05-08,60461.046875,62560.817655132785,60152.257054392234,60831.594659729315,1575
2012-05-09,61510.93359375,63178.39866105045,60399.2902155497,62375.54511012801,1864
2012-05-10,61202.15234375,61510.94221430374,60028.75083564581,60152.26678386731,193
2012-05-11,61745.6328125,62387.915850357575,60004.05765215543,62326.15786594819,3225
2012-05-14,63684.8125,64043.00869133049,62499.05959076804,63511.890200737005,3465
2012-05-15,64808.81640625,65167.01264710788,62783.154906226184,63894.798412336815,3818
2012-05-16,65512.85546875,65636.37141043317,63104.29460592831,63993.609386047094,4069
2012-05-17,68563.6875,68600.74227616646,65327.57038146281,65562.25063051702,3262
2012-05-18,70132.375,70577.03253786545,67365.616986615,67748.51653311025,2786
2012-05-21,66710.953125,69959.42205147195,66599.78878911312,69638.28063668765,2048
2012-05-22,66241.5859375,67624.96420059902,64771.7465329573,66179.82797932594,2598
2012-05-23,66155.15625,69675.36153962844,65920.4758973581,67723.80913344846,3375
2012-05-24,65846.3671875,67501.48127549943,65364.65487830614,65685.79641776871,2423
2012-05-25,66476.2890625,66945.64970619658,65364.645432692305,65895.76405582264,2494
2012-05-29,64043.02734375,65500.51571917189,63721.88583730111,64821.17791706847,2945
2012-05-30,66846.8359375,67266.79019135717,65611.67636733185,65722.84072864699,2192
2012-05-31,67316.1953125,69033.0670828555,65796.94906966743,66896.24106651376,5322
2012-06-01,72380.3515625,72380.3515625,69798.86803407637,70453.5026130546,4964
2012-06-04,72454.4609375,74121.92636991774,71441.63008225366,72009.80348885526,5155
2012-06-05,70972.2578125,73047.32556615472,70539.9520304886,72911.45803466541,3132
2012-06-06,66043.9765625,69440.66508965308,65969.86699463484,69415.9619003647,4035
2012-06-07,65969.859375,66340.40717152687,63734.22100262123,63833.033748361726,3971
2012-06-08,64351.8046875,67069.15536528312,64314.74990553023,66414.52088381718,2616
2012-06-11,66772.7265625,66995.05528579355,62671.99677730761,62820.21592616999,3095
2012-06-12,64487.66796875,67180.31528098664,64401.206816522215,66216.89101330563,3853
2012-06-13,65747.53125,66377.4625093932,63857.7374718204,65043.49043067819,2854
2012-06-14,63548.94921875,65846.34563365525,62844.9083819242,65327.57870125729,4131
2012-06-15,61745.6328125,63141.36326015203,61523.304068626225,62758.463756813864,2596
2012-06-18,61276.26953125,62844.92226869583,60856.315255083406,62400.26479981355,2596
2012-06-19,59497.625,60584.56521175005,58781.23258771019,60337.53334544322,2737
2012-06-20,59831.125,61152.74563893477,59015.91974607763,59460.57715730801,3377
2012-06-21,63833.02734375,63981.246447489364,59435.860599482396,59584.07970322175,3404
2012-06-22,62363.21484375,63586.022977941175,62005.018521613194,62758.465957832,2346
2012-06-25,65426.41015625,66019.28681992755,64290.06321753469,64302.41481469464,2614
2012-06-26,64351.8046875,65932.80871821017,63783.631363963534,64821.165259117086,2409
2012-06-27,62585.52734375,63882.444725059206,62252.034302841916,63697.170813443605,1734
2012-06-28,63166.05078125,65290.524917811395,62881.964123453996,63870.09162883139,2973
2012-06-29,58311.875,60214.02046706206,58262.468624232155,59732.30830332557,2694
2012-07-02,57978.390625,59176.49541635599,57731.3587092565,57941.33583763848,2097
2012-07-03,56780.296875,58114.269479415925,56644.42929492061,57904.29231020231,1188
2012-07-05,57484.3203125,58151.30640980877,56767.927837612806,57360.80436855394,2212
2012-07-06,59040.63671875,59967.00654174294,58805.95636359179,59139.449499869246,2501
2012-07-09,59349.41796875,60176.97488943808,59077.68286046436,59262.95679793184,2211
2012-07-10,60831.59765625,61535.63848191624,58163.65347477792,58472.44331059645,2055
2012-07-11,60881.01171875,61967.95207810281,60300.48675409566,60843.95693377207,2775
2012-07-12,61708.5625,63042.53462770216,60992.17006104883,61980.29756305044,2780
2012-07-13,58707.12890625,61338.01854585262,58497.15179886387,61338.01854585262,2545
2012-07-16,59139.4296875,59769.36095610119,58571.25638640873,59114.72650049603,2784
2012-07-17,57842.51171875,60226.36923780163,57509.018697950036,58385.98182672032,3550
2012-07-18,56594.99609375,58373.6253904545,56261.50310061791,58225.406282395794,3378
2012-07-19,56162.7109375,56780.290780665826,55594.53748178745,56212.11732495327,2896
2012-07-20,57632.5390625,57854.86776012645,56842.03702649486,57064.36572412131,2078
2012-07-23,59374.12109375,61004.53174163329,58941.81524014458,60214.029609326244,2648
2012-07-24,60881.01171875,62128.52281300721,59238.249584728146,59287.65596469872,3336
2012-07-25,60918.078125,61881.502718217766,60078.1695052717,60510.4754124848,3326
2012-07-26,57928.98828125,59114.74155950161,57509.03399520256,58250.12979410981,3474
2012-07-27,54717.5703125,57286.70228202596,54198.803280191874,56977.91238184255,4988
2012-07-30,54680.50390625,55162.21604818443,53914.70511650808,54841.074620228144,3099
2012-07-31,55779.8046875,55779.8046875,54433.48079225255,54915.19301165301,3045
2012-08-01,55866.265625,56187.40710327769,54606.40290252597,54655.80928379946,2715
2012-08-02,57027.3046875,58385.97991288986,56002.12247197855,57200.22698891325,2744
2012-08-03,53729.453125,54804.042187499996,53395.95996767241,54643.471408045974,2716
2012-08-06,53507.09765625,53507.09765625,52778.35371310163,53297.12058788521,1618
2012-08-07,52691.8984375,52803.06278019515,51913.74803863397,52766.007999296766,2777
2012-08-08,52383.11328125,53173.615344442645,52234.89414440138,53136.56056023049,2451
2012-08-09,52259.6015625,52790.72017918341,51975.51486055306,52667.20422181518,2070
2012-08-10,52012.56640625,53161.26473818571,51963.160026381796,52877.17805394354,2307
2012-08-13,52123.72265625,52901.873018179795,52024.90991187796,52259.59017976155,1858
2012-08-14,52086.671875,52531.32925880365,51394.98261130543,51518.49855125089,2067
2012-08-15,51950.8046875,52321.35250980742,51629.66324150023,52210.18816311519,1755
2012-08-16,50740.34375,52037.261007485395,50542.71826314508,51654.36162670399,2399
2012-08-17,50493.3203125,50876.2197571398,50394.50755259295,50468.61712252324,1263
2012-08-20,50518.0234375,51147.954781097185,50480.96865258252,50740.35214700489,1308
2012-08-21,50975.03515625,51283.825046946935,49554.6016590441,50122.77505792646,2533
2012-08-22,50937.9765625,51703.77543419617,50653.88988429013,51333.22759305286,2455
2012-08-23,52148.4296875,52383.10997268771,51271.466516535416,51283.81811049266,2252
2012-08-24,51197.3671875,52654.85556581725,50863.87408398673,52531.339601553074,2157
2012-08-27,51160.30078125,51382.62946644133,50579.77588102819,50802.10456621952,1412
2012-08-28,51320.875,51777.88399518652,50839.162815884476,51567.90688929001,1917
2012-08-29,51197.3671875,51629.673062424605,50777.4129090018,51172.66399464716,1366
2012-08-30,52296.66796875,52642.5127262193,51827.30722647024,51889.06521887547,2048
2012-08-31,51592.6171875,52444.87732298899,50814.46662901006,51419.6948411689,3602
2012-09-04,51753.18359375,52679.55322848299,51209.71340803998,51691.42561810113,2908
2012-09-05,51827.296875,52123.73517933747,51197.36547828289,51617.31974276096,2108
2012-09-06,48714.6875,50888.56807809331,48665.281123225155,50876.216483899596,3978
2012-09-07,48060.05859375,48529.4192276648,48035.355402491325,48405.90327137143,2218
2012-09-10,48899.95703125,48937.01181051086,47961.23595664152,48220.619411467545,1712
2012-09-11,48541.76953125,48825.856223163166,48010.650933325385,48788.80143726145,1826
2012-09-12,48047.703125,48480.00893717867,47825.374421593835,47985.94515183162,2202
2012-09-13,45676.1953125,48245.32690390076,45330.35067519605,47985.94342592279,5280
2012-09-14,45132.72265625,45602.08320932539,44342.22067212302,45515.62205481151,4211
2012-09-17,45565.04296875,45947.9424894958,45194.49504544761,45416.82379942905,1611
2012-09-18,45713.25390625,46059.098572387535,45540.33157318124,45849.12145366117,1861
2012-09-19,45614.4375,45910.87576157595,45219.1864845654,45602.08590576767,1655
2012-09-20,45663.84765625,46627.27208610867,45565.03489421321,46281.42741897992,2275
2012-09-21,45700.89453125,45750.30090371622,44935.09575802365,44959.798944256756,1400
2012-09-24,45923.21875,46466.6887943787,45602.07736013986,46355.52446711942,1616
2012-09-25,47244.8515625,47405.4222998366,45342.70590482026,45602.08940359477,3266
2012-09-26,48183.56640625,48504.707838334725,47380.7128260382,47405.41601312164,3122
2012-09-27,46750.796875,47936.5502435601,46479.06172803831,47566.00231588507,2709
2012-09-28,47405.4140625,47936.53256293968,46898.99874812728,47343.65609733259,3322
2012-10-01,47158.390625,47393.070934553434,45762.660362919065,46911.35872020692,3338
2012-10-02,46936.05859375,47578.34150082237,46293.77568667763,46528.45597964639,2833
2012-10-03,46380.23828125,47294.256292651466,46022.042033538615,46565.51220248002,2442
2012-10-04,45268.59375,46009.68941848567,45169.78099420191,45836.767095839015,2364
2012-10-05,45355.0546875,45750.305708741835,44403.98191763685,44638.662211499184,2461
2012-10-08,45824.421875,46108.50858743262,45589.74154733828,45849.125067385445,1218
2012-10-09,47183.09765625,47195.44925249509,45799.718876799736,45935.586435495745,3296
2012-10-10,48047.703125,48257.680233772495,47059.57555430591,47170.739906009,3374
2012-10-11,47973.59375,47985.945344683314,46861.95022850154,47084.27893280124,2903
2012-10-12,48442.96484375,48764.10637509562,47405.43066555647,47911.84615729379,2503
2012-10-15,47257.203125,48578.823808318084,47108.98398294563,48121.81478698379,2252
2012-10-16,45787.3515625,46676.66618685932,45713.24201047006,46590.20504282439,2536
2012-10-17,45194.48828125,45923.232421341214,45058.620729707574,45688.55210504065,2219
2012-10-18,45527.9765625,45984.98555132596,44885.693659285134,45515.624968207405,2820
2012-10-19,47837.71875,48109.45379066616,45787.35435224632,45787.35435224632,3909
2012-10-22,47738.91015625,48912.31157018112,47528.93306112549,48035.3484081905,3638
2012-10-23,49789.28515625,50345.106995007445,49122.298949741074,49307.57289599355,5182
2012-10-24,50184.5234375,50419.20370954344,49048.176857079125,49233.45075606079,2893
2012-10-25,49715.171875,50653.89313276397,48838.2085947205,49134.64688664596,3265
2012-10-26,49875.7421875,50851.51822336243,49319.92039492013,49875.7421875,4100
2012-10-31,50011.6015625,50542.720077488266,49109.93524635713,49307.560740306246,2222
2012-11-01,48195.9140625,49641.050388823045,48084.74972970592,49505.18287096361,2659
2012-11-02,49591.66015625,49690.47292866594,47380.72437344334,47405.427566547325,3424
2012-11-05,49171.70703125,50196.88956920371,48912.32349755086,49776.93527654798,2159
2012-11-06,48171.21875,48937.01761217949,47516.58423878205,48788.7984775641,3023
2012-11-07,51296.171875,52000.212760353956,49381.67473061642,49381.67473061642,7202
2012-11-08,53408.30078125,53408.30078125,50592.13691026827,51394.990645416576,4713
2012-11-09,53161.2734375,53766.50168992507,51567.91742601359,53667.68891401893,5303
2012-11-12,52914.234375,53272.43063944327,52296.65460871848,52568.38970588235,2335
2012-11-13,53457.703125,53976.470114660355,51802.58939608365,53754.141404805916,3875
2012-11-14,55631.58203125,56002.12986893595,52728.95730271009,53000.69238367979,3598
2012-11-15,55940.3828125,56582.66585649426,54939.903455508946,55619.241290502876,4088
2012-11-16,55149.859375,57175.520503219486,54779.311607642776,55718.032618281075,4225
2012-11-19,51765.53125,53309.48052374135,51728.476467430206,53210.6677702219,2842
2012-11-20,51629.6640625,52914.22986692584,51419.68695985347,52000.211890699764,1834
2012-11-21,51296.171875,51851.99362659523,51259.117091560314,51555.55535907777,1485
2012-11-23,49319.91796875,50727.9997740186,49233.4568052686,50579.7806366219,1395
2012-11-26,49480.4921875,50493.323031078384,49480.4921875,50023.96239624938,2120
2012-11-27,50270.9921875,50456.26611448095,49245.8097915387,49752.225191953316,2308
2012-11-28,49171.70703125,51777.89396508415,49060.54265966466,50975.040170301116,3479
2012-11-29,48405.8984375,49221.10366762886,48022.99901122735,48566.469164646594,3367
2012-11-30,48541.76953125,48912.31739026718,48134.166886331106,48430.60517354485,2725
2012-12-03,49097.58984375,49245.80898290095,47627.750047169815,47738.914401533024,3925
2012-12-04,49369.328125,49752.22759256943,48714.693551413555,49122.296210439075,4898
2012-12-05,49134.63671875,50270.98326930933,48393.541142298265,49233.4494622769,5196
2012-12-06,48615.8671875,49431.072277534295,48517.05444931402,49221.0952088891,2339
2012-12-07,48195.9140625,48887.60324432983,47837.71787905241,48010.64017450987,2893
2012-12-10,48010.65234375,48368.84861798945,47726.56564349113,48331.793830999166,1606
2012-12-11,47108.98828125,47528.94255538804,46404.94729225387,47467.18457389715,3169
2012-12-12,46973.109375,47195.43805466079,45972.630316526425,46528.452015678406,3886
2012-12-13,47837.71875,48220.61812548412,46689.02062354764,47071.919999031765,3990
2012-12-14,48430.6015625,48615.875478194335,47911.834598555855,48220.62445804642,2857
2012-12-17,46627.26953125,48060.05450227649,46602.566342094375,48010.648123965235,3100
2012-12-18,45083.31640625,46676.67197238869,44972.152064426366,46466.69488227739,4429
2012-12-19,46046.74609375,46157.91044859006,44922.75095036715,44935.102545349386,2967
2012-12-20,45379.76171875,46404.94414190086,45318.00374145176,46046.74787357104,2889
2012-12-21,46491.40234375,47356.013970759166,46244.370450318806,47170.740050685774,4045
2012-12-24,46899.00390625,47121.33260530518,46775.48796233046,46824.894339898274,893
2012-12-26,47578.34375,47961.243193470924,46627.27093879803,46689.0289135514,2422
2012-12-27,47714.2109375,49394.02783822482,47232.49873802744,47553.64020434248,4850
2012-12-28,49394.015625,49406.367216804196,47887.12142488747,48665.271708552136,4162
2012-12-31,46627.26953125,49764.5745540149,46553.15996378312,49542.24585161424,5420
2013-01-02,43144.125,44428.6909891211,43094.71861580304,44082.84629974234,4269
2013-01-03,43378.80859375,43774.05969710991,42872.393117570115,43218.23783301004,2783
2013-01-04,42810.6328125,43477.61901327178,42637.71046415176,43205.88389443883,2436
2013-01-07,43156.46875,43662.8840959502,43070.00759337436,43304.68787564396,2186
2013-01-08,43564.07421875,44058.13800348207,43255.28435329246,43428.206677948685,2449
2013-01-09,43181.171875,43477.610125858126,42884.73362414188,43279.984625286044,2349
2013-01-10,42230.1015625,43193.52593274714,42193.046779028955,42501.83664128766,2969
2013-01-11,42168.34375,42613.001153339195,42155.9921554628,42242.4533172232,1735
2013-01-14,42316.55859375,42761.21595200307,42217.74584747154,42378.31656017404,1872
2013-01-15,42205.40625,42971.20525131695,42094.24187884109,42897.09567054434,2003
2013-01-16,42242.44921875,42612.99701891447,42032.47213199013,42477.1294921875,1771
2013-01-17,41439.59765625,41908.95822582899,41056.69824422504,41674.277941039494,3006
2013-01-18,41167.875,41871.91606660666,41007.30423042304,41439.610148514854,2185
2013-01-22,40525.57421875,41427.24045403459,40476.16784969331,41130.80223969445,2375
2013-01-23,40327.9609375,40698.50881747703,40179.74178550919,40463.82849349158,2348
2013-01-24,40216.796875,40562.641565571255,39648.6234547758,40451.47720074478,3777
2013-01-25,39562.15625,40192.08755463628,39525.10146737434,39846.24291679676,3480
2013-01-28,39722.71875,40142.67286613806,39512.74169193097,39537.44487523321,2298
2013-01-29,39228.671875,40006.822482092255,39031.04632399244,39969.767691278335,3118
2013-01-30,39685.66796875,39796.83230479692,39031.03354536259,39228.65903166822,2979
2013-01-31,39957.41015625,40056.222917069164,39438.64316194938,39833.89420522604,1978
2013-02-01,38722.25390625,39438.64648250598,38623.441137111244,39228.66934808612,3734
2013-02-04,40019.16796875,40130.33232421875,39253.36907552083,39438.64300130208,2663
2013-02-05,38858.11328125,39450.989771237284,38499.917068549345,39401.58339707168,2735
2013-02-06,38734.6015625,39315.12652214206,38672.84358807,39253.36854771205,2506
2013-02-07,38895.16796875,39747.42792106621,38623.43291148976,38734.597253096224,3433
2013-02-08,38289.9453125,38709.89955141129,38191.13255040323,38672.844765625,2401
2013-02-11,38289.9453125,38561.680408266126,38191.13255040323,38277.593717237905,1730
2013-02-12,38104.671875,38388.75856969206,37869.99156199351,38289.9458063209,1997
2013-02-13,37981.15234375,38326.996982977646,37647.65929878049,37882.33958968496,1985
2013-02-14,37845.2890625,38475.22044049853,37758.82789297079,38376.40767532229,1977
2013-02-15,38005.859375,38438.16521774456,37672.36629631134,37771.17906036724,2669
2013-02-19,37153.5859375,37845.275037400264,37141.23434643035,37832.92344633062,2390
2013-02-20,38598.734375,38598.734375,37215.355735,37240.058925,3449
2013-02-21,39278.07421875,39636.270493071934,38845.76837043043,38845.76837043043,4687
2013-02-22,38117.0234375,38981.63511625081,38117.0234375,38672.84523098266,2947
2013-02-25,40278.5546875,40278.5546875,37375.92961802361,37548.85196258817,5699
2013-02-26,39438.64453125,40488.530151405415,39315.1285759376,39698.028037406046,7044
2013-02-27,37956.45703125,39648.62579574113,37622.96391708021,39562.16461799341,4807
2013-02-28,38215.83203125,38252.88681343932,37252.40769432773,37968.80014998788,3525
2013-03-01,37795.8828125,39092.80035998775,37647.66366421569,38598.73653237337,5283
2013-03-04,37215.35546875,38252.88944132716,37215.35546875,38104.670302387574,3118
2013-03-05,36153.11328125,36696.58338182226,35918.43301054834,36671.88019543261,4253
2013-03-06,36041.94921875,36288.981084539926,35757.86257309159,35831.97213282857,2595
2013-03-07,35831.96875,36029.59422397449,35720.80442088935,35930.781486987245,1930
2013-03-08,35412.0234375,35943.1420310865,35263.804295103764,35374.96865190094,3268
2013-03-11,35004.421875,35609.65005844213,34992.070279419546,35473.78250705716,1837
2013-03-12,35239.10546875,35547.895386983,34967.37034070496,35078.53471126884,2181
2013-03-13,35103.23046875,35535.53626270012,34942.659745282814,35189.69162754002,1805
2013-03-14,34535.06640625,34868.55953678246,34485.660016541486,34831.50474450107,2018
2013-03-15,34658.57421875,35004.418865266394,34522.70667904713,34646.22262423156,1681
2013-03-18,35251.44921875,35745.51297794762,34782.08864751226,35646.70022610809,2931
2013-03-19,35424.375,36165.47071129707,34868.553216527194,35004.420763598326,4252
2013-03-20,34732.69140625,35029.12973973151,34559.76904505245,34856.20737853396,2735
2013-03-21,35646.703125,35807.27385979729,34992.0685908264,35350.26484537422,2822
2013-03-22,34769.73828125,35362.61481322158,34769.73828125,35276.15365230906,2730
2013-03-25,35115.58203125,35597.294201217905,34312.728414636826,34498.00232616295,3141
2013-03-26,34386.83984375,34868.55203983701,34337.43346466415,34757.38768689386,2921
2013-03-27,34411.55078125,35152.64663439967,34337.44119593503,34992.075866217245,2653
2013-03-28,34053.34375,34572.11068416757,33929.827813293436,34423.89156011969,2423
2013-04-01,34411.55078125,34683.28592740488,33880.43208649273,34115.11243999013,2827
2013-04-02,33942.18359375,34226.270283217345,33682.800094671125,34078.05114088656,2580
2013-04-03,35004.421875,35226.75059544813,33818.66869927664,33880.4266771789,3841
2013-04-04,34547.40625,35066.17316544512,34337.429165176974,34831.49289417233,3903
2013-04-05,34955.0078125,35930.78364896202,34880.89825530035,35807.26772029594,3963
2013-04-08,34325.08203125,35276.15483312342,34300.37884159095,34942.66177272625,2396
2013-04-09,33905.125,34448.59512750455,33571.631967213114,34102.75050091075,2799
2013-04-10,32657.6171875,33695.15116773827,32583.507617482977,33670.4479777326,4783
2013-04-11,32398.228515625,32768.77630650138,32052.383910807042,32707.018341355317,3400
2013-04-12,32632.919921875,33139.33540892908,32459.9975604419,32669.974713610667,2786
2013-04-15,34856.203125,34868.55472072112,33015.815362553156,33089.92493687987,6277
2013-04-16,33324.59375,34337.42424944403,33275.18738417346,34053.337645941436,3946
2013-04-17,34843.84765625,35300.85664713311,34028.64242926932,34040.99402361751,5927
2013-04-18,35412.0234375,35844.32926948901,34584.46655912103,34633.87293991978,5978
2013-04-19,34510.36328125,35449.08468761185,34473.308488893614,35214.404336021384,3646
2013-04-22,34041.0,35004.42452830188,33793.96806966618,34337.43831640058,3723
2013-04-23,32966.40625,34040.994988759834,32904.64827650806,33534.57960612589,6663
2013-04-24,32941.703125,33164.031830005624,32694.671230549306,32966.40631444507,2830
2013-04-25,32497.044921875,32805.834782402126,32089.44230597919,32682.318838191277,3458
2013-04-26,32719.38671875,33028.17670288317,32497.057930174124,32657.62872192337,3291
2013-04-29,32064.744140625,32595.862783940436,31842.415406213888,32447.643627666363,2655
2013-04-30,31817.7109375,32472.345518124028,31805.359341639167,32064.742854716613,2490
2013-05-01,32682.3203125,32768.78147734788,31990.63099371693,32040.03737363001,3600
2013-05-02,31768.30078125,32497.044850493294,31669.488026098366,32410.583689735613,3794
2013-05-03,30804.880859375,30977.803205818967,30483.73935883621,30916.045224946123,3361
2013-05-06,30557.841796875,30755.46728949828,30409.622677407537,30706.06091634246,2014
2013-05-07,30088.486328125,30594.901738409535,30051.431542006623,30384.924617072047,2517
2013-05-08,29643.828125,30224.353092447916,29643.828125,30174.946712239584,2447
2013-05-09,29903.212890625,30150.244802154324,29470.907045448675,29717.938956978003,2195
2013-05-10,29631.47265625,30125.53639374479,29582.066282500524,29841.449744685287,2637
2013-05-13,29532.6640625,29940.266703262234,29409.148110753868,29742.641180468425,1781
2013-05-14,28606.291015625,29520.30894963029,28581.58782821945,29458.55098111642,3668
2013-05-15,28198.6953125,28816.275148516208,28013.42136169514,28779.220358355236,3347
2013-05-16,28532.1953125,28692.766108630953,28062.83452380952,28334.569717261904,2847
2013-05-17,27716.978515625,28359.2614402295,27692.275326217135,28260.44868259804,2750
2013-05-20,27704.625,27902.250501560407,27420.53834150691,27828.140938475255,2536
2013-05-21,27630.521484375,27951.662994698534,27309.379974051462,27667.576274027713,2145
2013-05-22,28211.0390625,28618.641640898644,26691.793088468698,27519.34983855079,8013
2013-05-23,28445.72265625,29248.576313504123,28248.097140618214,29125.06036623426,6843
2013-05-24,28544.54296875,29236.232456525853,28544.54296875,29001.552094601902,3294
2013-05-28,28013.416015625,28285.15109161431,27284.671948199128,27581.110212914737,4159
2013-05-29,28593.947265625,29026.253163809397,28297.508935441416,28482.782891806157,4598
2013-05-30,28235.751953125,28581.596683959426,27877.55562476077,28532.190293840224,3118
2013-05-31,29433.849609375,29569.717148486674,28038.11943486414,28507.480024522658,4335
2013-06-03,28989.1953125,29915.564996538134,28939.7889293513,29273.28201560503,6852
2013-06-04,29384.439453125,29853.799982430908,28593.937509030842,28927.430516695567,6004
2013-06-05,30644.302734375,30730.763886789602,29483.25297337893,29668.52687141022,5728
2013-06-06,29829.103515625,31212.482229393117,29804.400324307713,30681.36361607143,5396
2013-06-07,28680.40625,29582.072768626185,28606.296673126617,29174.47009582257,6327
2013-06-10,28692.751953125,28890.377450864995,28359.258925688766,28421.016893732514,3304
2013-06-11,29520.318359375,29742.647116893306,28803.92569626046,29470.911968815377,5391
2013-06-12,30273.759765625,30372.572526997912,28865.67791606105,28939.78748709073,5131
2013-06-13,28927.43359375,30545.49243268307,28754.5112750854,30335.51533144748,4441
2013-06-14,29433.849609375,29594.42033741607,28668.050752563733,28989.192208645876,4344
2013-06-17,28742.16015625,29248.57552642888,28346.909135622584,28828.62131701225,5984
2013-06-18,28136.93359375,28729.810157621818,27951.659667540058,28717.458562541156,5074
2013-06-19,29211.52734375,29285.63692686311,28013.422416754758,28149.289985795454,6226
2013-06-20,31434.806640625,31632.432144063114,29977.31855276891,30100.834492417733,9740
2013-06-21,31150.71484375,32077.08423838967,30718.40912625149,30804.87026975119,12045
2013-06-24,32287.068359375,33065.21882098197,31496.56630313935,32077.091250687405,9608
2013-06-25,31323.64453125,32064.740222052445,31002.503065235607,31397.754100330247,8246
2013-06-26,30434.330078125,30953.09706809304,30224.352963137935,30570.19762311663,6473
2013-06-27,29903.212890625,29964.97086850733,29458.555449872212,29878.509699472066,6313
2013-06-28,30533.134765625,30557.837949092333,29705.578119469305,30137.883830147653,5237
2013-07-01,29717.935546875,29890.857865102866,29088.004244759195,29754.9903293524,5139
2013-07-02,29841.46484375,30187.30963498551,29211.533259713884,29878.519642810945,6813
2013-07-03,29742.634765625,30360.21439115708,29495.602915412168,30211.99528102938,3140
2013-07-05,28828.625,29767.346293916024,28779.218616109683,29112.711707369323,4047
2013-07-08,28322.205078125,28507.478988361316,28075.173197809912,28383.963048203772,4469
2013-07-09,27754.037109375,28136.93659775534,27593.466356183246,27778.74030217373,4425
2013-07-10,27667.576171875,27964.01448800223,27383.48945225307,27754.037347412108,5212
2013-07-11,26555.927734375,26988.233534702034,26444.763385719478,26716.498460210758,4645
2013-07-12,26494.16796875,26679.441870629373,26333.59725378788,26555.925936043124,2551
2013-07-15,26197.732421875,26420.06112701114,26086.56806930693,26296.545179713285,2250
2013-07-16,26481.82421875,26704.152966855178,26111.276305241372,26160.68269370919,2552
2013-07-17,26271.845703125,26395.36166787876,26049.51696656823,26197.736124272742,3342
2013-07-18,25864.240234375,26173.030113008896,25678.966307194663,26148.326922718185,3820
2013-07-19,25691.3203125,26111.274586838943,25691.3203125,26037.16500901442,2383
2013-07-22,25580.150390625,25790.12748219459,25456.63445440759,25604.85357786848,2209
2013-07-23,25728.37109375,25765.425876890306,25407.22963986738,25431.93282862758,1932
2013-07-24,25975.40234375,26173.027848980622,25407.229016211957,25431.932204365785,3348
2013-07-25,25851.88671875,26284.19251672241,25765.42555915552,26173.02816867236,3299
2013-07-26,25765.427734375,26469.46866479656,25716.021353292785,26160.67878303272,3506
2013-07-29,25987.75390625,26197.7310053024,25765.425213135695,25938.34753000238,2280
2013-07-30,25975.40234375,26160.67625490371,25666.61249182715,25728.37046221172,2085
2013-07-31,25938.34765625,26024.808815104167,25407.229109002976,25814.831715029763,3466
2013-08-01,25024.33203125,25370.176699006664,24950.222459587858,25345.47350845262,3628
2013-08-02,24925.51953125,25296.06739345887,24888.464745029112,25197.254630203173,2386
2013-08-05,24962.572265625,25160.197775892197,24888.462699274805,25049.0334263669,1439
2013-08-06,25407.232421875,25592.506357863393,25086.09093282845,25160.200507223806,2250
2013-08-07,25666.615234375,25963.053523896175,25567.802471201274,25666.615234375,2812
2013-08-08,25407.232421875,25790.131889584343,25234.310081619165,25296.068060281963,2521
2013-08-09,25629.5625,25876.594427710847,25271.36620481928,25518.39813253012,2698
2013-08-12,25728.37109375,26024.809358872422,25617.206744329094,26000.10617011222,2402
2013-08-13,25444.287109375,26024.812106530644,25357.825939585862,25567.803066216627,2926
2013-08-14,25839.537109375,25888.943490081263,25394.87968301864,25518.395634784298,2367
2013-08-15,26963.53515625,27087.051121235112,26506.526085805082,26506.526085805082,4457
2013-08-16,27173.505859375,27371.13135653409,26815.30964577415,27111.747891512783,3591
2013-08-19,27704.625,27729.32818769505,27025.28733838609,27284.67080918413,2957
2013-08-20,27321.732421875,27679.9287330117,27012.942498481298,27605.81915139721,3145
2013-08-21,27815.791015625,28013.416529057504,27099.398529432172,27556.40752924484,5187
2013-08-22,27074.6953125,27667.57185218978,26963.530961308166,27667.57185218978,2920
2013-08-23,26790.607421875,27210.561618437358,26704.146263759223,26840.013797941163,2397
2013-08-26,27099.40625,27148.812642433913,26469.47474646764,26716.506708637193,3161
2013-08-27,28371.615234375,28470.42799966669,27593.464707702984,27902.2545992395,5934
2013-08-28,28136.93359375,28556.887826492537,27803.440526572103,28421.020280605248,3862
2013-08-29,27951.658203125,28371.61241386572,27531.70399238428,28309.854441697968,3752
2013-08-30,28260.44921875,28470.426332700503,27803.4402060342,27803.4402060342,4161
2013-09-03,27852.845703125,28211.04194498337,27247.61757032982,27420.539893985588,3817
2013-09-04,27173.505859375,27976.35944158381,27025.28673650568,27828.14031871449,3604
2013-09-05,27087.044921875,27173.50607757638,26840.013048442488,27111.748109218253,1877
2013-09-06,27037.64453125,27778.740315569325,26555.932271442438,26778.261006738237,5053
2013-09-09,26222.435546875,26815.3120924473,26185.38076277673,26815.3120924473,2801
2013-09-10,25666.615234375,25938.350333102742,25641.912043581568,25777.77959294544,3557
2013-09-11,25407.232421875,25888.944655444822,25407.232421875,25765.428698119227,3012
2013-09-12,25617.20703125,25716.01978739754,25345.47195184426,25431.93311347336,2768
2013-09-13,25431.93359375,25703.6686782874,25370.175619991503,25530.7463517636,1877
2013-09-16,24987.27734375,25123.14489233193,24579.6746980042,24616.72948398109,3328
2013-09-17,24666.13671875,24925.520229563095,24653.785122996997,24925.520229563095,2028
2013-09-18,23801.5234375,24876.11219674364,23591.546323624803,24703.189867669953,6451
2013-09-19,23900.3359375,23999.148695897933,23579.194472706717,23616.24925710594,2738
2013-09-20,24456.16015625,24480.86334832702,23764.470778093433,23764.470778093433,4338
2013-09-23,24740.24609375,24999.629602471294,24456.15939372192,24517.917371988893,5232
2013-09-24,24900.814453125,25073.73677571615,24493.21183558873,24777.29850841704,3053
2013-09-25,25110.79296875,25221.957325227497,24764.948304153346,24888.464255795006,3773
2013-09-26,24863.759765625,25147.84643954918,24641.431064293032,25024.330494364753,2671
2013-09-27,25172.552734375,25394.88146313788,25110.79475416309,25246.662310629294,2907
2013-09-30,25629.5625,25987.758795180725,25357.827379518076,25839.53963855422,4617
2013-10-01,25036.68359375,25604.856975749262,24925.51923640232,25555.45059470585,3597
2013-10-02,25098.44140625,25666.614784541096,25061.38662070928,25456.637666476996,3582
2013-10-03,25740.72265625,26123.622081558904,25197.25250419866,25234.307287293068,5736
2013-10-04,25209.607421875,25814.83562553589,25098.443057937286,25703.671261598174,2954
2013-10-07,25827.185546875,25913.64671322035,25370.17652476387,25839.53714206719,3170
2013-10-08,26716.494140625,26790.60369441314,25740.718349081137,25827.1794951673,6278
2013-10-09,26654.7421875,27198.212371119094,26370.6555006082,26592.98421208874,6684
2013-10-10,24925.51953125,25888.943972993064,24913.167935843037,25876.5923775861,5773
2013-10-11,24443.806640625,25123.144369394264,24443.806640625,25061.386394051602,3930
2013-10-14,24172.068359375,24974.921932885154,24110.31039218191,24925.515559130683,3456
2013-10-15,24678.486328125,24789.65068095439,24085.609779701575,24357.344864395644,4605
2013-10-16,23665.65625,24283.236006002087,23628.601464639876,24258.532815762006,5544
2013-10-17,23196.294921875,23962.093795760116,23146.88854291467,23949.742201020035,5062
2013-10-18,22726.935546875,23072.78021824049,22665.177569845448,22936.912668775476,3589
2013-10-21,22714.58203125,22862.801163590946,22578.7144932708,22689.87884252651,2102
2013-10-22,22306.982421875,22603.420726484634,22121.708481493977,22516.959554306824,4608
2013-10-23,22603.421875,22875.15700136612,22516.96069842896,22566.367085040984,3165
2013-10-24,22368.740234375,22665.178536763186,22319.333850643638,22504.60778963625,1913
2013-10-25,22121.708984375,22405.795699417224,22109.357388068816,22269.928140049204,1943
2013-10-28,21998.189453125,22208.166556271055,21911.728293006036,22121.70539615209,2111
2013-10-29,21615.287109375,21936.428517857144,21615.287109375,21862.318962053574,2494
2013-10-30,21961.13671875,22195.817032392435,21516.479282374858,21565.88566419432,3773
2013-10-31,22208.171875,22257.578264043383,21738.811179087876,22010.546318826477,2845
2013-11-01,21985.837890625,22368.737314562848,21849.970353098663,22059.947456548452,3734
2013-11-04,21738.802734375,22022.889361017402,21738.802734375,21800.560696688564,1600
2013-11-05,21973.48828125,22232.871785413154,21788.214349704893,22022.894662995364,1851
2013-11-06,21652.3515625,21874.68032925699,21516.483982815174,21677.054758806335,2427
2013-11-07,22418.14453125,22516.957289514463,21454.720138171488,21504.12651730372,4485
2013-11-08,21565.884765625,22479.90279120132,21553.53317068478,22479.90279120132,5259
2013-11-11,21565.884765625,21677.049120086984,21454.720411163016,21602.939550445662,1628
2013-11-12,21664.6953125,21874.672405038484,21516.476188355187,21677.046906178733,2164
2013-11-13,21145.927734375,21985.83607896466,21133.57614107221,21973.484485661873,3659
2013-11-14,20824.787109375,21182.98332893127,20775.38073426379,21084.17057870885,3556
2013-11-15,20553.056640625,20800.088571401742,20540.705044086164,20725.97899216872,2558
2013-11-18,20775.384765625,20898.900727370692,20392.485284213362,20429.54007273707,2798
2013-11-19,20911.251953125,20997.71312481542,20614.81365018643,20812.43918547881,2940
2013-11-20,21071.822265625,21269.44779683836,20590.11003329242,20763.032373104117,4208
2013-11-21,20602.45703125,20960.65322663744,20540.69906652803,20898.895261915466,2515
2013-11-22,20281.318359375,20639.514603237287,20268.966764759058,20565.40503554164,2304
2013-11-25,20293.669921875,20429.53746243533,20145.450786718273,20170.15397591106,1773
2013-11-26,20318.37109375,20404.832247340426,20145.448786569148,20306.019500379938,1505
2013-11-27,20170.150390625,20343.072684237217,20133.09561342238,20244.259945030237,1677
2013-11-29,20231.91015625,20281.316530257936,19960.17509920635,20108.39422123016,1518
2013-12-02,20380.1328125,20466.593982007576,20071.342921401516,20182.50728219697,2154
2013-12-03,20590.107421875,20824.787710426666,20417.185103994827,20553.052639472106,3304
2013-12-04,20664.21875,21121.227771966525,20392.48365585774,20849.492677824266,4719
2013-12-05,20898.892578125,20973.00212627438,20639.50915960217,20750.67348182624,2590
2013-12-06,20219.560546875,20491.295630583765,20157.802573304823,20281.318520445173,3366
2013-12-09,20034.287109375,20133.09986947056,19972.529134315275,20021.935514363053,1732
2013-12-10,20268.96875,20306.023537477147,20071.343216788544,20207.21077087142,1797
2013-12-11,20948.306640625,21034.767811901165,20231.914078622496,20256.617270415685,3203
2013-12-12,21145.927734375,21294.146854008468,20898.895868319218,20985.35702143874,3675
2013-12-13,21170.634765625,21294.150721083723,20960.657641345173,21022.415619074534,2638
2013-12-16,20750.681640625,20886.549198986235,20565.40769740513,20861.84600655692,2571
2013-12-17,20997.70703125,21108.87136259191,20713.62040670956,20725.971999080884,2336
2013-12-18,19923.125,21442.371357718537,19886.070210787355,20861.8463267204,9351
2013-12-19,19960.1796875,20207.211614325497,19886.070109452354,20071.344054571473,2725
2013-12-20,19601.9765625,19898.414771384687,19466.109050094517,19898.414771384687,3079
2013-12-23,19305.544921875,19441.41248050624,19256.138536918184,19330.248114353406,2674
2013-12-24,19169.67578125,19293.191733448777,19144.972590810245,19293.191733448777,810
2013-12-26,18885.587890625,19046.158618275833,18848.53310732096,19033.807023841153,1338
2013-12-27,18873.234375,18959.695527241493,18786.773222758507,18799.124815935862,1817
2013-12-30,18885.587890625,18972.049051667756,18848.53310732096,18873.23629619032,1680
2013-12-31,18613.85546875,18848.535796491375,18613.85546875,18799.129411703718,1937
2014-01-02,19144.97265625,19293.19179939516,18811.479584173387,18836.18277469758,3365
2014-01-03,19194.375,19243.78137065637,18947.343146718147,19083.210666023166,1906
2014-01-06,19330.25,19429.062779552714,18959.702076677317,18984.405271565494,3272
2014-01-07,18972.0546875,19144.977060953777,18885.593500773113,19095.570668538414,2944
2014-01-08,18947.34765625,19169.67637711864,18873.23808262712,18996.754038665254,2547
2014-01-09,18934.998046875,19194.381581763697,18774.427287181996,18786.778884081457,2758
2014-01-10,18786.779296875,19132.624017659025,18749.72450536243,18848.537282729292,2597
2014-01-13,19515.521484375,19626.68584726068,18762.07413592761,18910.29328644185,4888
2014-01-14,18897.94140625,19453.76321231618,18860.886619178924,19342.598851102943,4171
2014-01-15,18576.79296875,18786.77001693401,18502.683422332113,18774.41842586436,3620
2014-01-16,18650.908203125,18836.1821256726,18638.556608288494,18700.314582471026,2059
2014-01-17,18897.94140625,18984.402576082517,18638.557896752453,18749.72225796569,1817
2014-01-21,18712.669921875,19083.21784112005,18539.747559560645,18564.45075417698,2975
2014-01-22,18687.958984375,18811.474906280982,18601.49783904081,18613.84943123141,1487
2014-01-23,19120.265625,19429.055444525195,18959.6949188469,18959.6949188469,2890
2014-01-24,20358.517578125,20380.132870563477,19503.169577345292,19518.609071944204,14265
2014-01-27,20679.658203125,20976.096487058105,20160.891206242068,20306.02244941765,17231
2014-01-28,20287.4921875,20630.24890482306,20225.734220414764,20617.89731140601,11229
2014-01-29,20895.8046875,21047.111681690556,20482.026376856436,20796.991956600043,11024
2014-01-30,20201.033203125,20562.317349374713,20021.93507934309,20355.42813741975,10437
2014-01-31,20577.76171875,21000.803938958397,20201.0379898053,20963.749145947444,10560
2014-02-03,21954.9609375,22084.65268987342,20512.912167062237,20664.21921149789,21971
2014-02-04,21501.04296875,21902.469880417026,21337.384304762672,21673.965330698873,17799
2014-02-05,21609.111328125,22127.87821911171,21448.540623771973,21729.539356389774,16177
2014-02-06,20759.94140625,21433.10327246486,20732.15032003012,21433.10327246486,11900
2014-02-07,19932.384765625,20642.601418776627,19898.417882213398,20441.888016798992,13911
2014-02-10,19861.359375,20108.39120802239,19827.392497959423,19950.908414470614,5929
2014-02-11,19191.29296875,19827.400185413317,19046.161710579243,19796.521194313154,13447
2014-02-12,19154.236328125,19280.84017939908,18931.907613692467,19111.00574476312,9805
2014-02-13,18860.890625,19558.755929723313,18811.48423174525,19552.580130566468,9552
2014-02-14,18573.708984375,18975.135778717267,18456.368844490335,18916.465708774937,7706
2014-02-18,18481.072265625,18666.346173049813,18416.226398026316,18502.68755482456,5867
2014-02-19,18860.890625,18901.03331951948,18274.189705099867,18626.210257039947,12127
2014-02-20,18533.568359375,18978.225780859506,18394.61291516109,18774.424462679108,10129
2014-02-21,18573.708984375,18613.851663809226,18286.534431499374,18413.138266638092,7023
2014-02-24,18329.76953125,18493.428187779016,17900.5515452588,18471.81289352047,10470
2014-02-25,18298.884765625,18474.894963336883,18076.55609483104,18234.038903310095,13270
2014-02-26,18305.0625,18447.105832489877,18073.470110070848,18215.51344256073,11122
2014-02-27,17996.2734375,18431.66714969758,17990.09764016386,18363.733379000085,11510
2014-02-28,17878.939453125,18227.872122935558,17619.555875566708,18014.80704136982,16359
2014-03-03,18249.48046875,18595.325107074874,18110.525033708756,18332.853729774746,21349
2014-03-04,17449.712890625,17718.360036525613,17350.900147305234,17718.360036525613,18577
2014-03-05,17455.89453125,17499.125120925833,17332.37856074761,17437.36713567464,9333
2014-03-06,17304.583984375,17375.605653118866,17177.98014009246,17289.144491169813,8833
2014-03-07,17270.6171875,17502.209586760237,17082.255369435006,17100.782761375827,14187
2014-03-10,17298.408203125,17597.93437158325,17282.9687099055,17353.99037871519,9441
2014-03-11,17576.318359375,17675.131111922434,17150.188364014186,17221.210029907656,14433
2014-03-12,17560.884765625,17934.52061170213,17530.005770081436,17814.092529082227,10126
2014-03-13,18125.966796875,18280.36174403748,17347.816263176108,17384.8710504951,14743
2014-03-14,18301.974609375,18354.468884448288,17956.129973598046,18234.040841633097,15289
2014-03-17,17789.38671875,18027.154949498785,17659.694956523388,18017.891252196885,10478
2014-03-18,17397.21875,17736.88755768548,17338.548683217963,17687.481185658504,9092
2014-03-19,17690.572265625,18011.713741558848,17332.37600400648,17391.046081340548,10595
2014-03-20,17381.78125,17894.372418502397,17341.63856812933,17804.823358944748,9384
2014-03-21,17588.669921875,17625.72470401378,17032.848189793276,17162.539927279013,9100
2014-03-24,17807.91015625,18020.975146848446,17341.63749566499,17409.571260783334,12181
2014-03-25,17539.265625,17841.879715008803,17366.343287852113,17526.914029489435,9626
2014-03-26,17922.166015625,17934.517611776362,17258.26772248934,17335.465198435348,11472
2014-03-27,18014.80078125,18230.95368743572,17817.175267023053,17983.92179465204,10801
2014-03-28,17777.033203125,17912.900748884513,17502.21021283872,17875.845963677373,9181
2014-03-31,17326.201171875,17483.68401981042,17252.09159637598,17440.453434102656,9957
2014-04-01,16992.705078125,17208.857968451866,16958.73819535935,17168.715288819734,8700
2014-04-02,16816.693359375,17014.31884138014,16751.847498092062,16918.5939985339,7198
2014-04-03,16890.806640625,17039.025784820613,16730.23590107975,16742.587496429387,5180
2014-04-04,17468.25,17557.79909846208,16597.46221495492,16606.72591479583,11454
2014-04-07,18058.033203125,18163.02176825945,17520.73878155459,17610.287851816327,11688
2014-04-08,17829.52734375,18283.448459013463,17749.241976424488,18085.822939442976,9588
2014-04-09,17248.998046875,17841.874456649435,17245.910148907424,17687.479558270676,7864
2014-04-10,18351.376953125,18410.04701237275,17239.733725272905,17267.52480596921,9704
2014-04-11,18848.533203125,18904.11537836357,18271.096160368714,18650.907691165627,14854
2014-04-14,18403.875,18867.05977348993,18261.83166946309,18397.699203020133,11654
2014-04-15,18020.974609375,18833.09186815938,17980.831931184137,18283.445966776795,19064
2014-04-16,17458.978515625,17888.196416875773,17446.626921344403,17656.604024114564,9279
2014-04-17,17387.955078125,17610.28375253896,17236.64806359328,17514.558906610728,6278
2014-04-21,17184.158203125,17428.102227931267,17181.07030407682,17369.432146015835,5281
2014-04-22,16968.00390625,17168.71732825296,16822.872662647864,17144.014137852595,8050
2014-04-23,17072.990234375,17122.396608719366,16952.562196910607,16974.17748568627,4632
2014-04-24,16961.830078125,17218.125708287822,16822.87461598853,16825.96251514712,8175
2014-04-25,17381.78125,17505.297194217444,17113.134071327055,17147.100955986854,8305
2014-04-28,17230.4765625,17764.68309391801,17005.05993363575,17184.158077116936,12202
2014-04-29,16983.447265625,17174.897034801135,16912.425577059657,17069.908451704545,6399
2014-04-30,16810.51953125,17144.01257117928,16785.81634310709,17069.903006750552,6653
2014-05-01,16825.958984375,16989.617605437925,16696.26724692891,16853.750070970593,5663
2014-05-02,16893.890625,16977.26387429172,16615.9797940276,16832.13266256169,7949
2014-05-05,16801.2578125,17289.145835726427,16773.46672256938,17147.10248719215,5587
2014-05-06,17236.650390625,17255.177782660783,16881.54204327246,16921.68472601666,5430
2014-05-07,16930.951171875,17452.806132306676,16915.51167600424,17076.08243306014,9693
2014-05-08,16983.447265625,17153.28173828125,16625.250923295454,16992.710964133523,8835
2014-05-09,16903.16015625,17221.213772635412,16896.98435787358,16992.709232708028,7581
2014-05-12,16427.623046875,16711.709761219456,16399.831955254347,16699.35816494361,7257
2014-05-13,16375.12109375,16424.527455714928,16254.693086460495,16362.769503258769,5351
2014-05-14,16600.541015625,16677.738471984863,16396.73973083496,16418.355018615723,5939
2014-05-15,17045.201171875,17289.145174153644,16699.356510416666,16714.79600423177,12076
2014-05-16,16850.666015625,17230.4776190558,16850.666015625,17011.236774799,5795
2014-05-19,16677.73828125,17008.143390691537,16640.683502621043,16968.000713843503,3955
2014-05-20,17001.96875,17128.57258558845,16705.53050081729,16708.618399246276,7263
2014-05-21,16582.013671875,16863.01241380063,16548.04679098289,16859.92451553771,7438
2014-05-22,16452.32421875,16640.686038822023,16347.335663300018,16560.400672889686,6570
2014-05-23,16239.259765625,16424.533693356032,16214.556575260862,16409.094199378447,6879
2014-05-27,15939.732421875,16087.95155326787,15933.55662473363,16066.336263273077,6910
2014-05-28,15992.2265625,16060.16033048127,15871.798519260476,15948.995982875555,5839
2014-05-29,15732.8388671875,15992.222275400209,15726.663071753863,15871.794264444308,6307
2014-05-30,15658.732421875,15816.215236608905,15624.765540265727,15769.896761687169,6964
2014-06-02,15603.1494140625,15828.565979909832,15578.446228764164,15590.797821413333,5202
2014-06-03,15627.8583984375,15757.550169378888,15600.067304664344,15720.495377681349,4277
2014-06-04,15535.21875,15754.45956320811,15504.33976222421,15711.228980322003,5424
2014-06-05,15226.427734375,15646.381936742673,15180.109256172682,15485.811212307975,11134
2014-06-06,15001.0126953125,15146.14394205595,14994.836897578736,15130.70444772154,7384
2014-06-09,14948.5185546875,15047.331319353892,14846.617891125285,15010.276532603995,7114
2014-06-10,14954.6953125,15109.090267202664,14942.343716123787,15016.453294381066,4099
2014-06-11,15099.826171875,15210.99053633052,15062.771383723159,15121.441464963573,5551
2014-06-12,15427.140625,15529.041273643914,15136.87817128703,15167.75715572458,10429
2014-06-13,15285.1015625,15488.902916666668,15248.046770833334,15343.771649305556,7369
2014-06-16,15248.04296875,15402.437895529567,15155.40601268226,15349.943620424514,5840
2014-06-17,15127.615234375,15362.29552786602,15090.560451192208,15315.97704888753,7420
2014-06-18,14797.2099609375,15210.988369694935,14766.330975209334,15124.527209656067,10537
2014-06-19,14738.54296875,14896.025828881206,14710.751875785669,14753.982464841294,5169
2014-06-20,14642.818359375,14701.488445589282,14621.203064453948,14630.466762277256,6116
2014-06-23,14661.34375,14741.629120155854,14627.376862626368,14648.992154591406,3214
2014-06-24,14929.9892578125,14976.307735344493,14525.474554033091,14744.715347684527,7284
2014-06-25,14735.4541015625,15025.716609011552,14679.871919285022,15025.716609011552,7928
2014-06-26,14757.0703125,15050.420737209668,14716.927622802888,14716.927622802888,8542
2014-06-27,14661.34375,14880.584568502527,14658.255851147851,14865.145074241786,5791
2014-06-30,14686.046875,14732.365357574641,14596.497808689024,14692.222672676618,4660
2014-07-01,14395.7841796875,14596.497601326215,14263.004531526503,14581.058107354005,7613
2014-07-02,14355.640625,14411.222799930094,14303.146348677135,14386.519611072274,3885
2014-07-03,14148.7490234375,14266.089150650645,14124.045838761049,14225.946475551411,3940
2014-07-07,14287.7080078125,14343.29018722478,14188.895244412888,14222.862131831504,6265
2014-07-08,14553.265625,14664.429970957988,14349.46432407702,14371.07961356885,11177
2014-07-09,14367.9912109375,14544.001419195276,14330.936430251651,14457.540264261632,5638
2014-07-10,14540.9140625,14818.82492799692,14426.66181779571,14784.858044436187,9622
2014-07-11,14482.2470703125,14658.257322552972,14448.280179529253,14565.620347689566,5926
2014-07-14,14263.0029296875,14290.794015716336,14201.244960734535,14250.651335896908,4800
2014-07-15,14334.02734375,14522.389185190921,14148.753401349097,14229.038776389489,9034
2014-07-16,14179.630859375,14300.058908921084,14117.872885248802,14148.751872311901,5057
2014-07-17,14655.1669921875,14720.012863834347,14148.751613612121,14312.410242054164,10386
2014-07-18,14222.861328125,14540.914892344903,14170.367050535307,14522.387500254423,9276
2014-07-21,14293.884765625,14485.334507571155,14256.829976861229,14349.466948770658,6377
2014-07-22,14099.34765625,14173.457236571945,14025.238075928055,14142.578244771135,7312
2014-07-23,14000.5341796875,14124.050140690477,13963.479391386605,14034.501068963318,5124
2014-07-24,14003.6220703125,14046.85265663761,13920.2487966855,13954.215685940944,3865
2014-07-25,14195.07421875,14284.623305620515,14086.997734595932,14124.052529163042,6140
2014-07-28,14188.896484375,14435.92841446205,14124.05060272715,14198.160181753265,5013
2014-07-29,14367.9912109375,14371.079109327986,14049.937676717305,14108.607746136564,5996
2014-07-30,14352.5546875,14537.82862924914,14158.017048663403,14210.511332158992,10109
2014-07-31,15207.8994140625,15229.514702569797,14624.286624365483,14664.42930302189,14495
2014-08-01,15349.9453125,15569.18613269463,15059.682818157815,15340.681615872058,18271
2014-08-04,15025.71484375,15458.020655119708,14923.814188212853,15266.57093865598,9800
2014-08-05,15467.2841796875,15615.503313371868,15090.560548239731,15201.724898503007,17173
2014-08-06,15451.84375,15683.436132344126,15251.130351968426,15674.17243705036,12669
2014-08-07,15686.52734375,15806.9554080032,15192.463490403543,15229.518279404527,12561
2014-08-08,15158.494140625,15711.227986860868,15121.43935763712,15600.06363789723,11904
2014-08-11,15013.36328125,15034.978571864716,14812.649868399063,14976.308497339058,7993
2014-08-12,15068.9453125,15214.0765480917,14933.07777279713,15065.85741387039,7645
2014-08-13,14763.24609375,14973.223239613837,14723.103404099562,14899.113658720718,5998
2014-08-14,14571.7958984375,14741.630349468242,14568.707999327851,14701.487661042793,5606
2014-08-15,14574.8857421875,14883.675694352489,14364.908574715308,14398.875469453456,14744
2014-08-18,14210.509765625,14349.465206618725,14182.718677426254,14327.849915797478,7028
2014-08-19,13978.9189453125,14139.489695291792,13948.039954931866,14108.610704911158,7303
2014-08-20,13873.92578125,14043.760172073225,13818.343616980581,14043.760172073225,8837
2014-08-21,13753.5009765625,13864.665331110378,13691.743001813678,13830.698444998527,6296
2014-08-22,13815.2607421875,13904.809817181562,13704.096373229353,13778.205952534783,7369
2014-08-25,13602.1943359375,13667.040211318814,13531.172662900823,13617.633830075907,6355
2014-08-26,13565.138671875,13583.666063641733,13469.413814413556,13574.402367758366,5969
2014-08-27,13577.4931640625,13648.514847658915,13524.998876186888,13549.702070481293,3688
2014-08-28,13611.4560546875,13762.763075259116,13589.840766034411,13731.88409146899,5576
2014-08-29,13497.2060546875,13676.304190393717,13491.030256904527,13543.524538059797,4120
2014-09-02,13518.822265625,13663.953523387534,13432.361090787745,13432.361090787745,6578
2014-09-03,13537.34765625,13589.8419332017,13348.985838952725,13358.249534885379,4097
2014-09-04,13596.015625,13704.09206081081,13321.192688223939,13472.499698359074,7814
2014-09-05,13404.568359375,13753.500915147719,13398.392561927696,13608.369675136057,7861
2014-09-08,13509.5546875,13629.982717857141,13392.214555357143,13444.708825,5551
2014-09-09,13772.02734375,13849.224806439182,13521.907564637053,13546.61075269759,8558
2014-09-10,13608.3720703125,13883.195105088495,13592.932573976768,13744.239638066923,6800
2014-09-11,13574.3994140625,13809.079658709623,13562.047822238968,13778.20067915079,6533
2014-09-12,13802.908203125,13920.248362346198,13602.194772878216,13605.28267180509,9584
2014-09-15,13833.7880859375,13960.391950116838,13772.030103410993,13802.909094674247,8037
2014-09-16,13512.6455078125,13938.775553534191,13450.887530171674,13910.98446359582,10279
2014-09-17,13475.5908203125,13667.040552406765,13281.053189313487,13466.327123598261,11754
2014-09-18,13265.6142578125,13392.218118280449,13247.086863597677,13352.075430815003,4995
2014-09-19,13296.4921875,13361.338062079076,13083.427171025894,13129.745652868092,7270
2014-09-22,13602.1943359375,13673.216008974177,13348.986632067608,13361.338227378334,7767
2014-09-23,13833.7880859375,13836.875985063825,13571.316660199847,13744.239011274065,7850
2014-09-24,13506.46875,13926.422968106996,13472.501864711934,13815.258616255145,7208
2014-09-25,14148.7490234375,14167.276411944838,13605.278960555572,13605.278960555572,11619
2014-09-26,13815.2607421875,14133.31435337331,13713.360070642531,14083.907967169687,8354
2014-09-29,13898.6376953125,14201.251890855852,13818.352296494877,14182.724491128707,9907
2014-09-30,14009.7978515625,14083.907428030981,13734.974838825216,13855.402900586498,11581
2014-10-01,14571.7958984375,14661.344972617346,14059.20464623563,14074.64414178388,17226
2014-10-02,14562.5302734375,15016.451382469586,14411.223237093473,14608.848753950979,19330
2014-10-03,14086.994140625,14401.959814089214,13991.269279081955,14272.268066192186,11478
2014-10-06,14136.4033203125,14281.534590748211,13852.316578183021,13904.810867489556,12391
2014-10-07,14787.9453125,14794.121109247757,14256.826792193047,14361.815336904887,12864
2014-10-08,14006.7080078125,14991.74765827374,13951.125833178323,14757.067365373885,20516
2014-10-09,14858.9677734375,14874.407266136417,14022.14726915621,14080.817341412094,23378
2014-10-10,15356.119140625,15356.119140625,14630.46299784461,14852.791688398602,25069
2014-10-13,16109.56640625,16134.269594145342,15198.636352609257,15368.470769389736,18431
2014-10-14,15998.404296875,16205.293524416136,15488.900975318471,15840.921452030254,23239
2014-10-15,16378.2138671875,17508.38473358845,16245.4342298781,16687.00372139541,26345
2014-10-16,16415.263671875,17292.2265918924,16047.803856797285,17245.90812780697,27165
2014-10-17,15800.77734375,16035.457640432627,15476.547986491109,15834.74422879617,20294
2014-10-20,15343.7685546875,15911.941912317305,15315.977466542565,15902.678216268992,15375
2014-10-21,14442.1005859375,15062.768154415891,14408.133704080474,15025.713374208228,19446
2014-10-22,14750.892578125,14763.244173333813,14256.828769772477,14364.905227849591,15161
2014-10-23,14232.123046875,14383.430061259221,13951.124305875734,14296.968910182524,18211
2014-10-24,13923.3369140625,14321.67589430514,13895.545822417665,14167.280940722721,12641
2014-10-27,13954.208984375,14201.24078759474,13901.714726190807,14053.021705662895,9839
2014-10-28,13481.767578125,13836.875977457197,13475.591779875744,13815.260683584802,11958
2014-10-29,13524.998046875,13802.908965646404,13333.548302832476,13450.888468535959,11623
2014-10-30,13271.7900390625,13682.480610303846,13166.801471978244,13645.42582192117,11816
2014-10-31,12824.04296875,12996.965291468516,12783.900286690345,12783.900286690345,13120
2014-11-03,12805.515625,12882.713090788522,12675.823882475284,12774.636638684591,8165
2014-11-04,12922.8564453125,13123.569866804808,12833.307380339007,12904.329052559364,10737
2014-11-05,12678.91015625,12858.00825392718,12638.767479184426,12657.294868599307,10821
2014-11-06,12539.95703125,12824.043720950813,12515.253840841235,12685.088274901502,15208
2014-11-07,12490.5498046875,12635.681038512052,12453.495021583358,12533.780384975664,9587
2014-11-10,12391.736328125,12546.13124873458,12370.121039239659,12487.46117890294,8831
2014-11-11,12339.2431640625,12438.05592213307,12323.803670613974,12373.210049649259,5046
2014-11-12,12379.38671875,12499.814776128711,12333.068235142804,12490.551079407272,7942
2014-11-13,12345.4189453125,12518.341271710075,12228.078795257003,12351.594742683841,13172
2014-11-14,12333.068359375,12425.705327522533,12289.837774239484,12360.85944981926,7656
2014-11-17,12302.1904296875,12441.145893878247,12271.311437645112,12410.26690183586,9622
2014-11-18,12095.2998046875,12299.101128943148,12027.366029935616,12299.101128943148,10141
2014-11-19,12150.8798828125,12314.538493686468,12095.297713081718,12138.528289538994,11752
2014-11-20,12089.1240234375,12336.155931962405,12064.42083258501,12333.068033105843,8602
2014-11-21,11888.4111328125,12015.014991629465,11709.312991071429,11734.016183035714,16909
2014-11-24,11786.5078125,11851.353676807703,11767.9804226978,11801.947304001835,5705
2014-11-25,11798.8583984375,11869.880053282845,11700.045661261369,11746.36413181268,10325
2014-11-26,11721.6640625,11829.740522507243,11706.22456821325,11786.509938504347,6412
2014-11-28,11805.0361328125,11851.35461096897,11687.695988149442,11752.5418575685,3345
2014-12-01,12045.8916015625,12113.825366041961,11919.28776775987,11943.99095484331,10320
2014-12-02,11814.30078125,12045.893190709945,11771.07019815081,12045.893190709945,12569
2014-12-03,11669.1689453125,11811.2122825669,11632.114161680916,11786.509093479177,7515
2014-12-04,11715.48828125,11876.059022057854,11616.675517675934,11743.279371005205,12464
2014-12-05,11650.6416015625,11730.92696642882,11579.619932642294,11678.432689400843,9755
2014-12-08,11885.3232421875,12002.663404100496,11638.291322370664,11734.016191299688,9244
2014-12-09,11913.115234375,12357.77272368293,11891.499939755864,12274.399444437693,13400
2014-12-10,12481.2861328125,12521.428814585524,12002.66185013414,12011.925545927914,15551
2014-12-11,12317.626953125,12388.648617683004,11928.551747285504,12348.505937715436,15953
2014-12-12,12888.8896484375,12901.241243692353,12370.122647733739,12567.748171811363,16202
2014-12-15,13176.0654296875,13305.757191592087,12570.837207466091,12669.649978441015,17754
2014-12-16,13466.326171875,13487.941462680577,12592.450843592353,13358.249717847111,13358
2014-12-17,12678.91015625,13401.478343430346,12573.921616232343,13367.511462836399,15979
2014-12-18,11737.10546875,12274.399957453632,11734.017569389634,12123.092888795712,19869
2014-12-19,11588.884765625,11740.191814256928,11446.84141384809,11601.23636143169,8090
2014-12-22,11425.2236328125,11591.97013988598,11425.2236328125,11542.563767419764,6498
2014-12-23,11369.6435546875,11419.049936239646,11298.62188120629,11298.62188120629,5776
2014-12-24,11363.4677734375,11378.907267694887,11283.182403299083,11332.588784922724,1859
2014-12-26,11264.6552734375,11298.622161597537,11199.809396041068,11298.622161597537,3385
2014-12-29,11212.1611328125,11310.97389961228,11181.28214318757,11298.622303762308,4359
2014-12-30,11394.3486328125,11415.9639283219,11280.096356548527,11310.975350133383,3492
2014-12-31,11746.3671875,11764.89458054022,11307.885552214773,11344.940338295215,6567
2015-01-02,11761.8046875,11974.869671337621,11508.597025548044,11595.058178409688,8224
2015-01-05,12401.0009765625,12459.671050903806,11943.991976430216,11987.22255752381,9086
2015-01-06,12740.669921875,12925.943842212493,12215.727147585434,12333.067297132513,15645
2015-01-07,12258.9580078125,12546.13259086705,12197.200032962059,12438.056134878778,12025
2015-01-08,11610.501953125,11965.610390521111,11573.44715965758,11962.522491065492,15465
2015-01-09,11913.115234375,12024.279606701983,11536.39152815578,11542.56732661839,14828
2015-01-12,12175.5849609375,12305.27671045801,11839.003991943793,11866.79508112676,13051
2015-01-13,12283.6591796875,12567.745817327332,11672.255329114818,11913.111391461633,18651
2015-01-14,12505.98828125,12922.854557291666,12462.757704475309,12731.404860146604,21410
2015-01-15,12848.744140625,12873.447325706711,12292.9224762865,12367.032031531633,19717
2015-01-16,12370.123046875,12941.384345844515,12311.452967521374,12901.241659970981,14988
2015-01-20,12262.04296875,12610.975443055904,12147.790742649835,12209.548702703978,11405
2015-01-21,12086.0341796875,12465.845677924995,11977.957737099594,12367.032930416053,10945
2015-01-22,11551.830078125,12212.64045949863,11514.775290384423,11916.202157574011,16957
2015-01-23,11740.189453125,11758.71684310889,11542.563959963505,11601.234028245824,9079
2015-01-26,11653.73046875,11922.377673514507,11625.939378601948,11771.070627152889,8170
2015-01-27,12120.0029296875,12277.485770302548,11872.971022840367,12064.420750646896,13067
2015-01-28,12583.1875,12614.066487730062,11829.740199386504,11851.355490797547,15355
2015-01-29,12218.8154296875,12845.658879833207,12166.321150611258,12530.693205375757,18626
2015-01-30,12697.439453125,12746.84583232004,12191.02406637585,12481.286544146704,17340
2015-02-02,12234.2568359375,12987.70425339554,12197.202044914973,12561.574156636485,17505
2015-02-03,11690.783203125,12098.385787069137,11681.51950803536,12018.100429625594,11810
2015-02-04,11808.125,11906.937761506275,11591.972084205021,11835.91608917364,11649
2015-02-05,11459.1943359375,11693.874683426386,11428.315342846858,11672.259388262935,10987
2015-02-06,11567.2685546875,11656.817617177074,11273.918177566487,11391.258328414893,14150
2015-02-09,11709.3125,11789.597870516878,11539.478062368144,11718.576196598102,9011
2015-02-10,11326.4140625,11675.346665843103,11283.18347447519,11493.160616309979,9396
2015-02-11,11307.88671875,11496.24856742388,11230.689239785295,11369.644701921765,8830
2015-02-12,10986.744140625,11190.545465324622,10977.480444047746,11162.754375592855,8647
2015-02-13,10844.7021484375,11014.536606912461,10844.7021484375,10968.218118237472,7298
2015-02-17,10801.46875,10958.951570540308,10767.501867138366,10912.633093910807,4932
2015-02-18,10804.5556640625,10921.895794166638,10786.02827509869,10869.40152543584,5275
2015-02-19,10819.998046875,10934.250309356272,10755.152168169414,10903.371319496468,8275
2015-02-20,10622.375,11014.538263081395,10610.02340116279,10903.373873546512,9273
2015-02-23,10640.8974609375,10739.710205786601,10631.633766107898,10668.68854542631,5784
2015-02-24,10542.0859375,10696.480869214998,10498.8553566198,10640.898693797599,7284
2015-02-25,10572.9638671875,10625.458138724354,10477.239019090885,10560.612273884712,5144
2015-02-26,10603.8447265625,10708.833288211634,10554.438344609965,10585.3173333303,5765
2015-02-27,10711.919921875,10715.007820382314,10572.964489045835,10628.5466621775,5527
2015-03-02,10511.2060546875,10702.655753685922,10498.854461203731,10693.392058573094,4781
2015-03-03,10634.720703125,10789.115602996153,10566.786947181694,10588.402233163655,5318
2015-03-04,10776.7646484375,10949.686946521311,10733.534073916548,10742.797768456752,8908
2015-03-05,10742.80078125,10832.3498535858,10684.13069937482,10715.00968983544,4265
2015-03-06,11187.45703125,11252.302904188518,10816.909185887042,10906.458248516423,11160
2015-03-09,11048.501953125,11175.105804460418,10980.568179237702,11153.490512769004,8014
2015-03-10,11579.6181640625,11588.88185859375,11301.707328125,11314.058920833333,17443
2015-03-11,11662.9921875,11687.695374553217,11499.333573272439,11542.564150615568,10051
2015-03-12,11224.5126953125,11545.654186457616,11209.073200545907,11536.390489597661,9860
2015-03-13,11425.2236328125,11632.11281751478,11249.213430901606,11273.916617134713,14074
2015-03-16,10958.953125,11286.270406276415,10955.865226120033,11280.094608516483,9053
2015-03-17,11054.67578125,11215.246490921789,10996.00571425454,11110.257949982542,9302
2015-03-18,10671.77734375,11280.093355532046,10535.909808123553,11162.753211127387,16302
2015-03-19,10804.5556640625,10881.75311807838,10693.391330279634,10745.885599010431,8238
2015-03-20,10523.5615234375,10650.165403267587,10430.924538195972,10631.638006219282,12077
2015-03-23,10582.2275390625,10585.315437381456,10424.74472479574,10529.733267640248,6509
2015-03-24,10767.501953125,10776.765648524879,10526.64587272817,10606.931232860446,8601
2015-03-25,11246.126953125,11246.126953125,10687.217294004839,10727.359976704078,12850
2015-03-26,11320.2392578125,11505.513222752148,11138.053192288513,11369.645648463073,15459
2015-03-27,11239.9501953125,11378.905623551253,11202.895414448833,11338.76294428228,6941
2015-03-30,10829.259765625,11039.236858314622,10776.765492452596,11039.236858314622,7417
2015-03-31,11113.3486328125,11122.612329922375,10857.053012772645,10983.65687327426,7964
2015-04-01,11233.77734375,11425.227095072843,11119.525072799272,11119.525072799272,14471
2015-04-02,11131.8759765625,11283.183028671116,11026.887409793257,11246.12824039962,6467
2015-04-06,10884.841796875,11310.971773603724,10789.116947030143,11286.268586546987,9631
2015-04-07,10983.65625,10983.65625,10742.800138810795,10891.019284157997,6971
2015-04-08,10866.314453125,11005.269880914322,10779.853298056089,10934.248217822002,9755
2015-04-09,10711.919921875,10986.742889026016,10677.953038294538,10891.018035299257,8246
2015-04-10,10542.0859375,10708.832463752196,10538.9980388657,10674.865578774898,8712
2015-04-13,10684.1298828125,10693.393579242684,10458.713269678017,10563.701829220105,7719
2015-04-14,10622.375,10835.44007994186,10591.496002906977,10727.363590116278,9082
2015-04-15,10477.240234375,10557.525600155652,10390.779071226607,10532.822410684681,9515
2015-04-16,10498.853515625,10576.050967945774,10403.128674747244,10545.171987017464,6312
2015-04-17,10857.0517578125,10992.919299719142,10659.426242311933,10708.832621187074,12986
2015-04-20,10554.4375,10693.39293812171,10495.76742612639,10671.777647747222,8175
2015-04-21,10588.4052734375,10647.075352234617,10406.219239278033,10430.922430350503,7620
2015-04-22,10430.923828125,10699.571067037634,10406.220633742229,10535.912404251776,8254
2015-04-23,10353.7236328125,10529.733846671825,10245.647185705899,10511.206455739264,12415
2015-04-24,10285.7900390625,10366.075401120628,10242.559459492739,10282.702140521804,9396
2015-04-27,10412.3935546875,10446.360437576455,10168.4495775759,10183.889069798153,9321
2015-04-28,10316.669921875,10625.459802805111,10304.318326637796,10415.482683772636,9310
2015-04-29,10449.4462890625,10582.22589616347,10338.28196683843,10483.413165297632,11326
2015-04-30,10748.9755859375,10881.755232646869,10477.240494997397,10551.35006525379,14853
2015-05-01,10406.2197265625,10628.548456625556,10406.2197265625,10610.021062453636,13642
2015-05-04,10307.40625,10350.636833433193,10217.857184316956,10335.19733934991,8970
2015-05-05,10668.6904296875,10696.48151908466,10301.230469880607,10359.900547496834,13598
2015-05-06,10804.5556640625,10999.093248182517,10514.293236962794,10569.875403854227,17139
2015-05-07,10671.77734375,10884.842342800564,10594.579880325882,10819.996473524305,9683
2015-05-08,10251.8232421875,10381.514981998305,10217.856357951336,10369.163387730609,15430
2015-05-11,10396.9541015625,10415.481492298875,10217.855991110873,10264.17446795181,9924
2015-05-12,10495.7646484375,10693.390108131527,10393.864020782767,10551.346808976445,12892
2015-05-13,10486.505859375,10529.736448901282,10307.407702766122,10412.396277329948,8719
2015-05-14,10159.185546875,10353.723142453457,10143.746055162424,10298.140972288184,13052
2015-05-15,10122.1328125,10208.593983564673,10103.605418700427,10122.1328125,6729
2015-05-18,10035.671875,10165.363634615385,9986.265490384616,10159.187836538462,7478
2015-05-19,10044.9326171875,10088.16319100878,9961.55936767503,10010.965737756494,12805
2015-05-20,10060.373046875,10112.867319986379,9933.769211724026,10020.230367436885,5883
2015-05-21,9967.7353515625,10109.778668220453,9936.856369680336,10081.987584526507,12148
2015-05-22,10048.0224609375,10054.198258393517,9964.649195281288,10041.846663481485,4667
2015-05-26,10359.8994140625,10437.096876164307,10112.867535336718,10119.043332304862,16280
2015-05-27,10069.638671875,10344.461683772233,10029.495984743944,10291.967400600852,9023
2015-05-28,10106.6923828125,10224.032532689333,10088.164990726684,10128.307673579286,7940
2015-05-29,10291.96875,10338.287241224123,10112.870583933394,10122.134282178218,8575
2015-06-01,10230.2099609375,10369.16542373321,10119.045590700933,10183.89147333893,9911
2015-06-02,10270.3505859375,10418.569716462154,10140.658846728427,10313.581165673857,8782
2015-06-03,10174.6279296875,10264.17700706563,10072.727255429627,10165.364232027692,10817
2015-06-04,10424.7470703125,10492.680848614298,10205.50624033851,10298.143210750055,11863
2015-06-05,10486.505859375,10613.109728701966,10375.341486307421,10471.066363115615,11374
2015-06-08,10684.1298828125,10699.569376862808,10489.592257778631,10520.471245879246,10108
2015-06-09,10690.3056640625,10807.64581866515,10591.492902291848,10687.217765257166,9416
2015-06-10,10307.40625,10557.526054149192,10239.472476033552,10548.262357699221,10921
2015-06-11,10211.6787109375,10270.348773080776,10143.744954771602,10217.854506952583,8797
2015-06-12,10440.1845703125,10489.590945090671,10322.84443021434,10356.811312874333,11558
2015-06-15,10576.052734375,10773.678245323905,10526.646356637773,10647.074402372264,11063
2015-06-16,10406.2197265625,10634.724254682864,10390.780231419232,10606.933163424983,7101
2015-06-17,10359.8994140625,10529.733830686475,10245.647170151826,10350.635718610283,9853
2015-06-18,10035.671875,10267.264302884616,9949.210701923077,10261.088504807693,13943
2015-06-19,10227.119140625,10233.294937207504,10060.372632897419,10085.07581922743,15197
2015-06-22,10010.9716796875,10041.850679316394,9905.98308094926,9998.620079835942,10311
2015-06-23,9986.26171875,10051.107574066558,9930.679557050093,9973.910127261131,7536
2015-06-24,10193.154296875,10202.417993600424,9970.825575464822,10038.759351451265,15311
2015-06-25,10298.142578125,10304.318375773051,10091.253356915293,10109.780749859447,10489
2015-06-26,10295.0537109375,10396.95436254546,10190.065160795966,10233.29574026601,10701
2015-06-29,10934.25,10955.865292290313,10446.361974018639,10560.614233267437,21638
2015-06-30,10878.6669921875,10971.303952098264,10650.16249107428,10653.250389737972,16252
2015-07-01,10622.375,10767.50628633721,10539.001707848836,10569.880704941861,12418
2015-07-02,10647.076171875,10721.185750797564,10505.032812273419,10542.087601734702,8072
2015-07-06,10733.537109375,10924.986850681458,10600.757450081812,10891.01996109483,10916
2015-07-07,10551.3515625,11144.228208680861,10514.296772113696,10705.746522442932,16930
2015-07-08,11076.2939453125,11110.260835024916,10730.449250058806,10789.119332289343,14357
2015-07-09,11020.7119140625,11023.79981316983,10613.109231894876,10665.603516719493,13215
2015-07-10,10600.7568359375,10752.063880784846,10514.295667453303,10625.460026932986,12941
2015-07-13,10248.7373046875,10369.165371841103,10220.946212267438,10356.813775209965,10760
2015-07-14,10106.6923828125,10257.999418179996,10057.286003916992,10251.823620818057,10620
2015-07-15,10119.0439453125,10199.329310762034,10023.319086507285,10106.692350627956,10332
2015-07-16,9878.189453125,9977.002226647975,9875.101553952407,9936.859537404267,10845
2015-07-17,9853.4833984375,9939.944550163056,9841.13180533385,9875.098686368889,10611
2015-07-20,9831.8681640625,9887.450333331697,9757.758605036903,9804.077079427901,7890
2015-07-21,9949.208984375,10001.703258966674,9819.51724714851,9856.572029213221,7861
2015-07-22,10014.0556640625,10075.813639172353,9952.297688952649,10072.72574041686,14760
2015-07-23,10174.6279296875,10233.298014866274,9967.73868195182,9986.266077271433,10001
2015-07-24,10489.5927734375,10548.262853712835,10149.92388763293,10159.18758451851,12641
2015-07-27,10684.1298828125,10752.06365663385,10557.526031599982,10653.250894711886,12013
2015-07-28,10285.7900390625,10671.777356649654,10254.911053655527,10520.47032815549,10837
2015-07-29,10075.8125,10279.613794820718,10029.494023904383,10264.174302788844,9791
2015-07-30,10066.5498046875,10261.087423612442,10032.582918843462,10153.01096865414,8375
2015-07-31,10106.6923828125,10156.098761708008,9973.91273953082,9973.91273953082,9073
2015-08-03,10217.8564453125,10372.25137497875,10103.604197359473,10119.043690326098,12706
2015-08-04,10270.3505859375,10350.635948305022,10140.658846728427,10227.120006201143,8985
2015-08-05,10165.361328125,10214.767701530223,9983.175326193234,10106.691259706295,12012
2015-08-06,10393.865234375,10517.38116110554,10115.954399231283,10137.569686409128,12935
2015-08-07,10480.3291015625,10637.811948993169,10421.659021147154,10452.538010839442,13816
2015-08-10,10078.8994140625,10270.34909656001,10066.547821643306,10267.261198455213,9019
2015-08-11,10350.6357421875,10483.41537730506,10239.471396507683,10313.580960294228,13291
2015-08-12,10316.669921875,10844.70061826549,10282.703034972688,10594.5808147121,21471
2015-08-13,10356.8125,10446.36156454979,10220.944953786524,10335.197208556947,9551
2015-08-14,10239.47265625,10412.394993026237,10230.208959636988,10384.603903187199,11614
2015-08-17,10066.5498046875,10427.833954119535,10066.5498046875,10350.636486292176,14262
2015-08-18,10156.0986328125,10196.241315155632,10054.19797763378,10122.131747752926,7325
2015-08-19,10393.865234375,10535.908550115122,10153.009177250446,10285.788798485777,22962
2015-08-20,11048.501953125,11060.853548377236,10576.053434726977,10671.778297931805,19149
2015-08-21,12086.0341796875,12098.385773126118,11221.422638984255,11409.784438923176,29147
2015-08-24,13577.4931640625,14852.795569511172,12416.443032225452,14330.94059004186,46710
2015-08-25,14096.2587890625,14161.104667391155,12299.101589668331,12317.62898347652,48149
2015-08-26,12434.966796875,13821.433171793518,12382.472524327974,12984.612709426216,43810
2015-08-27,11530.2138671875,12296.01275284966,11490.071183664888,11940.904398611157,27804
2015-08-28,11502.421875,11746.365855704698,11415.96071728188,11666.080494966443,23213
2015-08-31,11811.212890625,11906.937753267974,11539.477796670752,11712.400129187092,13853
2015-09-01,12891.978515625,13040.197669816618,12317.629293132486,12610.97970247006,32334
2015-09-02,12113.8271484375,12725.23111871296,12113.8271484375,12283.661584625128,22267
2015-09-03,12107.650390625,12206.46314566198,11629.026108414626,11965.607055259341,18748
2015-09-04,12641.85546875,12827.129364237298,12413.350997648999,12614.064384426905,20325
2015-09-08,11672.2568359375,12135.441631014384,11659.905241402115,11984.134597955936,20429
2015-09-09,12169.412109375,12237.345899379123,11326.415533414744,11354.206629325521,23761
2015-09-10,11959.4296875,12262.043710060032,11703.134137780791,12200.28574627227,25496
2015-09-11,11798.8583984375,12200.285143215537,11786.506806290483,12048.978139414585,16453
2015-09-14,11925.466796875,12027.367471213913,11746.368641976309,11761.808138088265,9756
2015-09-15,11477.71875,11910.024540960452,11378.905997780468,11811.21178874092,14352
2015-09-16,11184.3701171875,11483.896318558895,11138.051632439347,11406.698843978638,15592
2015-09-17,11243.041015625,11329.502193443594,10730.44974712905,11212.16202354693,23662
2015-09-18,11805.0361328125,11882.233596406619,11446.839901735793,11749.453959024735,22228
2015-09-21,11613.5869140625,11848.26721330971,11403.609804209736,11616.674812736806,16226
2015-09-22,12073.68359375,12311.451787284206,11974.870837995524,12073.68359375,18940
2015-09-23,12132.3515625,12258.955383844488,11934.726085279332,12042.802518134384,13555
2015-09-24,12246.609375,12700.530599943268,12163.23608878593,12401.004349470499,21588
2015-09-25,12268.21875,12472.020017933552,11860.616214132897,11940.90156210672,17244
2015-09-28,13222.3798828125,13262.5225587762,12450.405345049043,12487.460122861688,25606
2015-09-29,13172.974609375,13416.918583622684,12827.129987656763,13142.095625293014,25275
2015-09-30,12438.0546875,12898.151546595705,12397.912008518495,12691.262354921797,25144
2015-10-01,12342.33203125,12783.901578527644,12271.310355813735,12348.507829114022,19392
2015-10-02,11798.8583984375,12910.501691668984,11789.594704327237,12808.601056456098,27282
2015-10-05,11156.578125,11542.56546671741,11104.083846526431,11517.862276847494,20222
2015-10-06,11261.5673828125,11400.522834478681,11067.029750479847,11181.282010738707,19497
2015-10-07,10977.48046875,11317.149344013713,10918.810390295359,11079.381131329115,23221
2015-10-08,10699.568359375,11122.610456123737,10637.810389046717,11067.028282828282,20771
2015-10-09,10674.8671875,10789.119454187155,10579.14231541076,10659.427692001735,15798
2015-10-12,10628.5458984375,10736.622338427422,10603.84271215409,10665.600677862616,5825
2015-10-13,10844.7021484375,10875.581140887492,10539.00012318257,10779.856264292515,15490
2015-10-14,10996.0078125,11054.677890690817,10739.712207771692,10853.964465301178,18062
2015-10-15,10498.853515625,10937.335044806987,10489.589821346508,10866.313388671875,16994
2015-10-16,10372.2529296875,10554.438974001749,10344.461838181936,10418.571415530107,11267
2015-10-19,10341.373046875,10520.47117668054,10329.021451715998,10458.713200885526,8922
2015-10-20,10378.4248046875,10455.622251910705,10257.996787019303,10406.215885687854,9853
2015-10-21,10563.701171875,10594.580158054116,10264.175005937592,10291.966093498795,14056
2015-10-22,10029.494140625,10412.39354747152,9989.351460874961,10381.514563048415,24536
2015-10-23,9699.0888671875,9872.01117745891,9634.24300083572,9729.967851164538,18156
2015-10-26,9767.025390625,9825.695476752686,9714.531103037069,9729.970599386459,9214
2015-10-27,9819.5185546875,9936.8587135171,9767.024273105837,9881.276533018869,10897
2015-10-28,9492.2001953125,9878.187516201915,9486.02439817827,9763.935269218648,18333
2015-10-29,9501.46484375,9587.92601229891,9445.882663968556,9569.39861903843,10198
2015-10-30,9631.15625,9640.41994629689,9421.17913393716,9467.49761542161,10840
2015-11-02,9291.4892578125,9587.927599038821,9251.346565771435,9581.751800263273,11455
2015-11-03,9201.9375,9374.85981543624,9112.388443791946,9343.980830536913,10332
2015-11-04,9285.310546875,9365.595905777145,9137.091422747962,9152.530914844529,12001
2015-11-05,9313.103515625,9448.971073545259,9201.93915005388,9279.136626144937,11931
2015-11-06,9325.4541015625,9538.519112492238,9291.487215762107,9374.860480908526,14882
2015-11-09,9587.9267578125,9736.145915421197,9399.564911684784,9427.356003736413,19209
2015-11-10,9526.16796875,9711.441900070908,9516.904272183954,9677.475012662075,11896
2015-11-11,9637.33203125,9646.595727531241,9467.497599427268,9476.761295708508,10773
2015-11-12,10038.759765625,10041.847664660872,9729.969862037642,9804.079438898607,18961
2015-11-13,10372.2529296875,10390.780324024543,10063.46302407013,10112.869408968909,21017
2015-11-16,9899.8037109375,10427.834414172157,9896.715812088174,10409.307021076203,21190
2015-11-17,9933.76953125,10010.966994191016,9696.001345391669,9850.396271273701,18105
2015-11-18,9452.0576171875,9847.308638095701,9424.266529779892,9844.220739494855,16166
2015-11-19,9470.5859375,9523.08021886208,9405.740060523312,9476.761735307304,9052
2015-11-20,9362.5087890625,9430.442559959392,9263.696031394295,9353.245093031106,10427
2015-11-23,9408.8271484375,9476.76091846232,9279.135405662844,9359.420770237632,6887
2015-11-24,9362.5087890625,9628.068075295803,9297.66291684274,9572.485899107438,10860
2015-11-25,9371.7724609375,9408.827244967566,9313.102386223229,9343.98137291495,5835
2015-11-27,9334.7197265625,9430.444606325464,9303.840733090576,9350.159223298462,3677
2015-11-30,9448.970703125,9470.58599558313,9291.487858072916,9310.015251608456,8416
2015-12-01,9174.14453125,9390.297381195305,9161.792939824554,9350.154709062605,11367
2015-12-02,9461.322265625,9501.464951477847,9140.18077880222,9186.499262478581,10835
2015-12-03,9856.572265625,9973.912411644345,9377.947985809249,9415.002768762726,16945
2015-12-04,9282.22265625,9807.165387974052,9226.640484655689,9797.901692708334,25333
2015-12-07,9455.146484375,9597.189834564826,9325.454729853853,9331.630527688194,11246
2015-12-08,9637.33203125,9797.902766791494,9492.200789510574,9708.353702739507,17863
2015-12-09,9865.8369140625,10023.319756822182,9399.564183538732,9742.320958956865,23551
2015-12-10,9782.46484375,9890.541317718198,9563.22399655737,9838.047030362215,18556
2015-12-11,10359.8994140625,10415.4815867758,10032.582174750838,10140.658621693368,28444
2015-12-14,10190.06640625,10653.251242897728,10180.802709517046,10322.846059422349,22355
2015-12-15,9862.748046875,9952.297105534792,9717.616813874647,9927.593916938988,16776
2015-12-16,9458.232421875,9909.065570289544,9396.474456338761,9683.648996082273,16911
2015-12-17,9865.8369140625,9878.188509573063,9384.124689150527,9387.21258802817,16891
2015-12-18,10430.923828125,10430.923828125,9983.178429937278,10001.705825724357,19021
2015-12-21,10156.0986328125,10393.866828229515,10115.955950469368,10180.801821946736,12989
2015-12-22,9881.2763671875,10168.450961608887,9816.430491027832,9992.44072631836,14605
2015-12-23,9507.6376953125,9717.614753864384,9498.374001552858,9695.99946842522,15685
2015-12-24,9578.662109375,9591.013704615974,9464.409853395995,9544.695222462324,3998
2015-12-28,9612.626953125,9791.725046051839,9612.626953125,9677.47281435713,9284
2015-12-29,9319.2783203125,9439.706370177373,9263.696143451789,9436.618471462889,10816
2015-12-30,9510.7255859375,9529.252973442573,9340.89120047433,9353.24279214438,7855
2015-12-31,9791.724609375,9791.724609375,9513.813787916864,9612.626524435313,15343
2016-01-04,10211.6787109375,10551.347491766992,10202.415016914878,10288.876161126022,21124
2016-01-05,10128.3076171875,10350.63632097942,10069.637542575743,10134.483414515053,16065
2016-01-06,10542.0859375,10718.096159655097,10350.636222173403,10613.107606088899,18152
2016-01-07,11310.9716796875,11366.553850103655,10758.237873882405,11091.730896379335,23600
2016-01-08,11662.9921875,11727.838053514695,10983.654543536537,11088.64308851271,25324
2016-01-11,11659.90625,12048.981511520127,11397.434843418961,11474.632315942796,24899
2016-01-12,11369.6435546875,11808.125190962792,11190.545421560973,11310.973476594327,28173
2016-01-13,12194.111328125,12280.572487200083,11138.050027993637,11196.720100223158,25070
2016-01-14,11595.0595703125,12428.79221584762,11344.939776651963,12055.1564747004,29135
2016-01-15,12342.33203125,12762.286286003564,12175.585488921377,12543.045461830747,28812
2016-01-19,12323.8037109375,12663.472567916484,11897.673690363865,11916.201082562719,28705
2016-01-20,12731.40625,13682.47904286927,12410.264787472714,12898.152778619937,34460
2016-01-21,12580.099609375,12978.438551350791,12113.826894349075,12644.94548365013,28157
2016-01-22,11786.5078125,12120.000828939614,11740.1893379945,11937.814829217972,24067
2016-01-25,12326.8896484375,12363.944426939817,11857.529120741483,11906.935492077906,17632
2016-01-26,11823.564453125,12246.606586861779,11752.542781037804,12175.584914774583,16294
2016-01-27,12197.1982421875,12400.99952927215,11564.179092909413,11943.990582476265,20427
2016-01-28,12005.7509765625,12388.65044186439,11805.037547170381,11842.092334135079,15861
2016-01-29,11147.3134765625,11863.705921593662,11125.698187272767,11832.826936894044,21913
2016-02-01,11131.8759765625,11453.017474915481,10983.656823476509,11332.589413033114,15568
2016-02-02,11758.7197265625,11848.268800110376,11437.578221425289,11440.666120513148,21486
2016-02-03,11561.09375,12311.453200120191,11446.841488047543,11511.68736645299,25782
2016-02-04,11486.982421875,11777.24488092238,11277.005323840727,11641.377346900203,16187
2016-02-05,12126.1767578125,12271.307979512829,11576.530854351684,11610.49773602623,18211
2016-02-08,12626.416015625,13132.831331487681,12493.636390124419,12558.482253740982,20623
2016-02-09,12629.505859375,13083.426974614149,12329.979681292023,13052.547987182916,15475
2016-02-10,12672.736328125,12691.26372041758,12039.717091461836,12428.792329606023,18003
2016-02-11,13123.5703125,13509.557674632353,12904.329490808825,13265.613661764706,24385
2016-02-12,12339.2431640625,12919.768117727102,12339.2431640625,12694.351513378613,15097
2016-02-16,11718.576171875,12144.706214488635,11718.576171875,11891.49850800807,16038
2016-02-17,11153.4912109375,11496.24800064239,11067.03003875969,11462.281111572536,20524
2016-02-18,11286.2685546875,11344.938623781636,11079.379363671342,11094.818855538218,19040
2016-02-19,11286.2685546875,11573.443103411424,11264.653266073872,11446.839270103028,15759
2016-02-22,10813.8212890625,10977.479920793028,10776.766504519737,10962.040427233545,16411
2016-02-23,11205.9833984375,11233.7744842975,10881.754063404176,10940.424133553062,19782
2016-02-24,11054.67578125,11743.277093880937,11008.357307306216,11517.86052068785,24846
2016-02-25,10659.4267578125,11122.611582167041,10659.4267578125,10968.216640715527,17530
2016-02-26,10721.185546875,10764.41613375756,10474.153621831798,10489.593117146998,20803
2016-02-29,11023.7978515625,11023.7978515625,10548.26147365196,10727.359590007878,18437
2016-03-01,10205.505859375,10829.261436861763,10196.242162679653,10736.624469908284,23586
2016-03-02,10063.4619140625,10338.284899748773,10063.4619140625,10270.3511280061,15627
2016-03-03,9952.298828125,10205.50655505837,9949.210929016057,10112.869581790063,14802
2016-03-04,9859.6611328125,10063.462459077962,9717.617784203238,9912.15541382027,21178
2016-03-07,9828.7802734375,10029.49366262174,9760.846510944371,10023.317866031455,14754
2016-03-08,10153.0126953125,10180.803788456604,9930.683950159671,10010.96933035375,16314
2016-03-09,10001.7060546875,10146.837325008684,9939.948067316784,10014.057652161644,13210
2016-03-10,9986.26171875,10304.315199588358,9748.493582589286,9912.15216981679,32329
2016-03-11,9501.46484375,9739.233057259506,9486.025349366266,9726.881461752519,20559
2016-03-14,9529.255859375,9631.156521513489,9455.146286910645,9578.662241017902,8977
2016-03-15,9575.572265625,9733.055072960336,9572.484367441955,9686.73660021465,9420
2016-03-16,9396.4755859375,9662.034869667577,9343.98130892109,9662.034869667577,15266
2016-03-17,9232.81640625,9489.111978731187,9149.443147732023,9427.354009458611,17583
2016-03-18,9112.3876953125,9201.936744165114,9069.157120004342,9146.354575911768,12579
2016-03-21,9078.4228515625,9195.76301086841,9044.455963342369,9158.708223719175,12181
2016-03-22,9090.7734375,9226.640975288723,9007.400175675102,9201.937786599865,13013
2016-03-23,9276.0478515625,9303.838940332162,9127.82871145764,9149.444002722932,14413
2016-03-24,9279.13671875,9479.85015858985,9279.13671875,9445.883268770798,13375
2016-03-28,9276.0478515625,9343.98162411056,9189.58668650133,9217.377775270992,9111
2016-03-29,9001.224609375,9387.211942538594,9001.224609375,9347.069259889578,13651
2016-03-30,8896.2353515625,8951.817523144633,8785.071008398234,8862.268468928974,14096
2016-03-31,8951.818359375,8988.873143891213,8849.917701955415,8920.939372278157,8790
2016-04-01,8794.3349609375,9164.882782325316,8754.192280287154,9115.476406140273,12989
2016-04-04,8865.35546875,8911.673940373563,8763.45483117816,8794.333812260536,9592
2016-04-05,9124.740234375,9167.97081416561,8991.960596446701,9066.07016180203,11728
2016-04-06,8831.392578125,9155.622025923296,8825.216779119319,9118.567231889205,14438
2016-04-07,9152.53125,9257.519800101214,8945.642048329959,9001.224221912955,19412
2016-04-08,9081.5087890625,9161.794143879102,8893.146995069705,8961.080756837599,16425
2016-04-11,9143.265625,9152.52931864235,8865.354815729483,8970.343343676122,19939
2016-04-12,8877.7080078125,9180.3220546875,8837.565328125,9112.3882890625,19927
2016-04-13,8615.23828125,8766.545333501344,8599.798786122312,8748.017939348118,19783
2016-04-14,8612.1513671875,8661.557757246661,8538.041782098759,8605.975568430105,9170
2016-04-15,8633.7666015625,8689.348789984575,8599.799708637898,8612.151306065025,9458
2016-04-18,8454.666015625,8738.752675025109,8454.666015625,8726.401081138149,9574
2016-04-19,8371.2939453125,8494.809901716964,8343.502855121496,8389.82133877317,12912
2016-04-20,8358.939453125,8439.224796967354,8257.038824402012,8368.203146645272,11343
2016-04-21,8494.8115234375,8525.690518433637,8337.328648957196,8358.943945454494,12751
2016-04-22,8479.3701171875,8618.3255633905,8454.666926751412,8538.040194473211,11350
2016-04-25,8531.8623046875,8664.641920721362,8531.8623046875,8565.82918320779,8236
2016-04-26,8482.4580078125,8562.743376652372,8423.787930583363,8485.545906614034,8396
2016-04-27,8445.4033203125,8602.886161020338,8386.733242401737,8556.567678459209,10549
2016-04-28,8673.9072265625,8732.577300362673,8392.908452045878,8547.303383098968,14179
2016-04-29,8803.599609375,8976.521944739783,8710.962644001007,8766.544823225402,25369
2016-05-02,8599.796875,8803.598165394973,8575.093688285458,8738.7523002693,11993
2016-05-03,8825.21484375,8936.379201473932,8751.105271934044,8791.247956667687,16434
2016-05-04,8967.259765625,9053.720947938189,8868.446985838498,8985.787161834969,14593
2016-05-05,8976.521484375,9044.45525549858,8849.917638190145,8914.76351062629,9629
2016-05-06,8877.7080078125,9124.739882812499,8877.7080078125,9100.0366953125,12872
2016-05-09,8859.1826171875,8930.20429728346,8797.424634495359,8902.413205071998,8992
2016-05-10,8528.77734375,8763.457676163107,8528.77734375,8760.369777052407,12844
2016-05-11,8763.4580078125,8769.633806267617,8544.217162655808,8596.711449524313,12507
2016-05-12,8760.3671875,8914.762097396017,8643.027055979028,8664.642343364469,13978
2016-05-13,8995.046875,9038.277447004806,8726.399748970134,8822.124586980775,12627
2016-05-16,8729.4892578125,8976.521143424456,8652.291793558763,8967.257447714008,10656
2016-05-17,8957.9921875,9047.54123039469,8726.399835186143,8766.54250958721,12502
2016-05-18,8964.1708984375,9134.005345359326,8781.984855375904,9044.456273346,21858
2016-05-19,9056.8076171875,9245.169453071727,9013.577031902594,9078.422909829951,21535
2016-05-20,8893.1474609375,8967.257023111979,8803.598406643338,8954.905429416232,11406
2016-05-23,8920.9404296875,8945.643622293073,8840.655053719389,8886.973539854836,13564
2016-05-24,8568.9189453125,8794.335551801802,8522.600464527028,8794.335551801802,19389
2016-05-25,8405.259765625,8482.457228571593,8337.325998231998,8482.457228571593,13853
2016-05-26,8389.8203125,8436.13879048583,8343.501834514169,8383.644515435222,7487
2016-05-27,8291.0068359375,8374.380089036313,8284.831039411663,8374.380089036313,8151
2016-05-31,8331.1484375,8405.257986239807,8229.247807982765,8244.687297303559,8655
2016-06-01,8272.4814453125,8442.315890811637,8253.954051258048,8411.436900720884,10196
2016-06-02,8207.6318359375,8399.081487490594,8204.543938331804,8334.235637770997,7942
2016-06-03,8269.39453125,8436.141097600821,8226.163939973861,8287.921927511203,12185
2016-06-06,8139.703125,8244.691708554628,8099.560431287936,8223.07641194044,9057
2016-06-07,8105.736328125,8130.439524553571,8034.714638392857,8121.175825892857,6927
2016-06-08,8040.8896484375,8111.911331200196,8016.186454433084,8090.296036446332,10063
2016-06-09,8068.67822265625,8164.403069538127,8047.062934650666,8136.611984959518,9927
2016-06-10,8303.359375,8368.205245909261,8201.458720714021,8260.128794393828,11634
2016-06-13,8491.7236328125,8497.899431818181,8257.04327059659,8380.559250710226,12969
2016-06-14,8534.9541015625,8673.90957716681,8451.580816199914,8544.217799936121,18407
2016-06-15,8581.2705078125,8602.88579876417,8399.084484077006,8476.281951761537,13414
2016-06-16,8479.3701171875,8840.6542773153,8470.106420773967,8704.78672991681,21661
2016-06-17,8575.0947265625,8683.171181524576,8510.248853585254,8525.688347151265,12730
2016-06-20,8417.6142578125,8436.141655298516,8204.549186723336,8297.186174153407,13621
2016-06-21,8358.939453125,8433.049001287172,8294.0935984831,8380.554738005632,14668
2016-06-22,8395.9990234375,8414.526421061857,8229.252444818292,8328.065232148194,10273
2016-06-23,8062.50537109375,8253.955134788814,8062.50537109375,8182.933448256775,12147
2016-06-24,8914.763671875,8988.873241713933,8513.336835247444,8899.324178158555,47718
2016-06-27,9424.2666015625,9535.430952039645,9149.443623993999,9158.707319867095,34950
2016-06-28,8917.8515625,9198.850347883485,8905.49996753809,9146.356069295362,20031
2016-06-29,8451.580078125,8704.787811558046,8414.525287866505,8695.524113993422,21767
2016-06-30,8102.64794921875,8463.932175613032,8102.64794921875,8380.558892598967,20496
2016-07-01,8059.41552734375,8130.437196741798,7988.393857945702,8124.261399402838,14768
2016-07-05,8226.162109375,8306.44747530734,8152.052540822072,8167.492034270598,14230
2016-07-06,8077.9453125,8383.64737134461,8065.593714162844,8300.274082568807,15835
2016-07-07,8099.55712890625,8198.36987313995,7966.777503842212,8056.326553304005,11952
2016-07-08,7732.0986328125,7954.427347494009,7701.21964466229,7920.460460528779,17435
2016-07-11,7654.90087890625,7701.219359415969,7577.703411390052,7673.428271110138,12264
2016-07-12,7488.15576171875,7559.177445231959,7448.013071037371,7528.298452400129,12444
2016-07-13,7481.9775390625,7546.823402999897,7432.571166538769,7432.571166538769,12987
2016-07-14,7367.72705078125,7410.957636997066,7309.056969488356,7333.76016161168,12361
2016-07-15,7395.5185546875,7444.9249416916755,7290.529982303628,7296.705780679149,10138
2016-07-18,7330.671875,7410.957245155855,7312.1444818871105,7380.078256634372,8417
2016-07-19,7358.46240234375,7410.956678818716,7352.286605111401,7386.25348988932,14217
2016-07-20,7259.6484375,7349.197482454275,7234.945252685028,7299.79111282433,8883
2016-07-21,7349.19921875,7398.6056000525205,7250.386456144957,7278.1775456276255,8679
2016-07-22,7238.0322265625,7361.548134865615,7238.0322265625,7333.757055497414,15790
2016-07-25,7305.96875,7373.902525359255,7262.738165680473,7272.001862320371,7730
2016-07-26,7302.8818359375,7395.518814828885,7253.475447195428,7318.321332419398,9876
2016-07-27,7318.3193359375,7407.86839110298,7247.297671495912,7253.473468403877,11975
2016-07-28,7296.70263671875,7395.515368151251,7259.647862431561,7346.109002435001,7298
2016-07-29,7259.6484375,7358.46117675989,7216.417864073798,7327.5821957411745,10732
2016-08-01,7284.35400390625,7330.672490577972,7204.068627008597,7253.475012791768,10787
2016-08-02,7410.95703125,7515.945589192708,7287.441080729166,7302.8805745442705,16183
2016-08-03,7355.3740234375,7460.362569531906,7349.198226608418,7426.395686971951,9459
2016-08-04,7327.58349609375,7389.3414690907475,7290.5287122955515,7339.9350906931495,5537
2016-08-05,7157.7490234375,7259.649678214651,7142.309530289446,7247.298083696209,15003
2016-08-08,7157.7490234375,7191.715908363217,7114.518442622951,7123.782138511782,5527
2016-08-09,7145.3974609375,7185.540143302317,7089.815285355445,7148.485359580947,8264
2016-08-10,7197.89208984375,7241.122672965935,7126.870417571589,7136.134113954914,7340
2016-08-11,7105.2548828125,7173.188653964988,7074.375895925005,7139.221768388744,9877
2016-08-12,7120.69287109375,7167.011341634256,7095.98968680548,7133.044463237885,9477
2016-08-15,7049.673828125,7077.46492074573,7018.794836324189,7077.46492074573,7384
2016-08-16,7160.8359375,7167.011733910091,7099.077973399095,7108.34166801423,8367
2016-08-17,7123.7822265625,7259.649767944707,7111.4306318913905,7163.924909243607,11582
2016-08-18,7074.37451171875,7142.308269578992,7074.37451171875,7133.0445753253225,6650
2016-08-19,7105.2548828125,7185.540248719985,7089.815389368752,7133.045971011245,9470
2016-08-22,7111.4306640625,7182.452333742673,7086.727474608527,7139.221752198219,8976
2016-08-23,7068.20166015625,7074.377458898195,7006.443672736798,7043.498465188469,8080
2016-08-24,7173.18798828125,7225.682261118435,7074.375239411254,7086.726833020004,10374
2016-08-25,7194.80615234375,7241.124646886736,7142.311858528366,7225.685148705741,17304
2016-08-26,7234.947265625,7336.8479313380285,7052.76122692595,7173.189286404983,21875
2016-08-29,7123.7822265625,7219.5070852636,7092.903239884726,7216.419186595823,12950
2016-08-30,7160.8359375,7225.6817998059505,7105.253769809185,7133.044853654593,12151
2016-08-31,7219.505859375,7309.054905534912,7185.538979797102,7194.802674227438,12766
2016-09-01,7225.685546875,7355.377338741987,7185.542849392361,7222.597647068643,14972
2016-09-02,7126.87255859375,7191.718452757731,7074.378263318146,7123.784658871656,13295
2016-09-06,7052.759765625,7173.187800151872,7052.759765625,7092.902443800624,10763
2016-09-07,7052.759765625,7129.957223655046,7043.496070661395,7077.462952194614,8811
2016-09-08,7111.4306640625,7145.397549561712,7068.200082518047,7099.079069335513,11421
2016-09-09,7617.84814453125,7620.93604406288,7253.475999798908,7262.739698393798,28255
2016-09-12,7287.44287109375,7725.924603168035,7241.124378269002,7716.660904603085,34940
2016-09-13,7611.6708984375,7676.5167762740875,7410.95746703854,7444.924355429133,32894
2016-09-14,7614.759765625,7685.781450381438,7451.101100751471,7605.496067613291,22925
2016-09-15,7386.2529296875,7657.987987301421,7339.934453957854,7642.548495391539,18573
2016-09-16,7481.9775390625,7552.999199565363,7441.834861386968,7463.4501493661,21725
2016-09-19,7463.45068359375,7506.681262646424,7315.231555413155,7389.341119503452,12593
2016-09-20,7469.62744140625,7469.62744140625,7343.02358646716,7364.638878773834,7853
2016-09-21,7213.33056640625,7466.538231836606,7194.80317625281,7383.164976146123,28397
2016-09-22,7086.72802734375,7126.870713337418,7043.497442427492,7095.99172411152,18460
2016-09-23,7191.7158203125,7207.155313271522,7111.430456925585,7126.869949884607,8363
2016-09-26,7376.98974609375,7389.341340478169,7272.001193826196,7293.616483998928,13294
2016-09-27,7234.947265625,7432.572799129054,7222.595669780996,7386.254314714041,10633
2016-09-28,7120.69287109375,7321.406243435942,7108.341278949615,7207.154016102694,11345
2016-09-29,7315.23095703125,7380.076820305904,7102.165977700242,7148.4844514678525,18504
2016-09-30,7145.3974609375,7247.298116171268,7071.28789349476,7222.594927023687,17228
2016-10-03,7207.15625,7275.090027849186,7176.277260068552,7200.98045201371,10344
2016-10-04,7312.14306640625,7383.164726257324,7163.9239501953125,7188.627136230469,15869
2016-10-05,7219.505859375,7244.209044522561,7167.01159093643,7244.209044522561,8604
2016-10-06,7194.80615234375,7309.058438883115,7176.278754526556,7244.212546522935,8346
2016-10-07,7272.001953125,7364.638920680733,7148.485996384024,7167.01338989517,14218
2016-10-10,7163.923828125,7179.36331913389,7111.429558694774,7167.011726326778,7809
2016-10-11,7432.57275390625,7519.033924288208,7207.156131124714,7210.244030066927,19053
2016-10-12,7401.69482421875,7478.892308826788,7343.024735916641,7423.310119909001,12528
2016-10-13,7475.80322265625,7667.2529540914775,7417.133143668035,7568.4401894797475,17301
2016-10-14,7469.62744140625,7475.803239208157,7299.793001853814,7358.463080971927,14498
2016-10-17,7540.64697265625,7565.350156841857,7438.746337890626,7472.713216145834,10015
2016-10-18,7410.95703125,7454.187613932291,7343.023258463541,7349.199055989583,14676
2016-10-19,7352.28759765625,7417.133477349984,7309.05701119376,7373.902890887494,8414
2016-10-20,7389.34130859375,7466.538773163263,7318.319641189799,7389.34130859375,10481
2016-10-21,7376.98974609375,7500.5056899379315,7364.638151709332,7481.978298361305,8127
2016-10-24,7290.529296875,7324.496184746929,7238.035015618382,7275.08980238776,6902
2016-10-25,7352.28759765625,7373.902890887494,7275.090121830376,7302.881213127691,10483
2016-10-26,7392.4287109375,7481.977763826884,7330.6707434275795,7451.098780071924,11374
2016-10-27,7463.45068359375,7469.626480601275,7309.05575840563,7312.143656909392,13426
2016-10-28,7531.3857421875,7611.671117052967,7380.078689556427,7466.539862488468,26102
2016-10-31,7537.55908203125,7546.822776109945,7457.27373334923,7481.976917559082,9504
2016-11-01,7691.95654296875,7840.175697550244,7481.9794073116345,7488.155205419197,18196
2016-11-02,7837.0869140625,7883.405394642065,7682.691978797281,7725.922560671543,19463
2016-11-03,7926.63671875,7972.955203666731,7772.241769027561,7803.120758972049,15885
2016-11-04,7963.6904296875,7979.129922571733,7809.295500845168,7923.547748188494,17711
2016-11-07,7441.83642578125,7645.637755283973,7429.484830053812,7630.198260624676,20798
2016-11-08,7333.7607421875,7519.034697779605,7265.826958470395,7485.067805921053,17723
2016-11-09,7105.2548828125,7525.209104482426,7031.145314282513,7522.121205793676,43311
2016-11-10,7049.673828125,7213.332484669295,6910.718365021354,7009.5311387839465,31763
2016-11-11,7092.90380859375,7204.068169546896,7071.288516186194,7129.958595578132,16313
2016-11-14,7086.72802734375,7163.925500408497,7012.618453201593,7034.233745659722,11752
2016-11-15,6913.806640625,7058.937909990509,6913.806640624999,7037.3226145530925,11590
2016-11-16,6947.7724609375,6997.178842881945,6929.245067708333,6984.827247395834,7627
2016-11-17,6858.22265625,6947.771713895768,6842.783163552454,6935.420119737731,9943
2016-11-18,6889.10107421875,6916.892158785298,6821.167311944966,6842.782599941171,7337
2016-11-21,6743.97021484375,6845.870863694411,6734.7065194936895,6830.431371444311,9217
2016-11-22,6706.91650390625,6777.938179592182,6679.125413420451,6700.740706020517,9939
2016-11-23,6682.212890625,6774.849853064349,6682.212890625,6750.146663080523,7477
2016-11-25,6611.18994140625,6660.596311823111,6611.18994140625,6651.33261736995,4295
2016-11-28,6694.56396484375,6716.179254398135,6617.366502149518,6645.157588719442,7788
2016-11-29,6663.685546875,6734.70721859795,6620.454964087118,6700.740332121756,8880
2016-11-30,6713.091796875,6719.267594296229,6583.400051029209,6598.83954458228,10668
2016-12-01,6790.287109375,6827.34188214103,6685.298586537915,6685.298586537915,11792
2016-12-02,6784.11572265625,6818.08261976559,6725.445627649209,6781.027822919037,10075
2016-12-05,6660.59814453125,6710.004528542609,6617.367558521311,6691.477134538349,11035
2016-12-06,6589.576171875,6685.301036602331,6589.576171875,6635.894654807579,8987
2016-12-07,6342.54296875,6623.541707871836,6327.1034775894595,6614.278013175511,17662
2016-12-08,6293.13818359375,6364.159860837448,6240.6439004136255,6333.280870731492,14801
2016-12-09,6181.97412109375,6268.435297612544,6175.798322770979,6265.347398451158,12221
2016-12-12,6194.32568359375,6234.468372470479,6138.743498995203,6185.061986160659,8914
2016-12-13,6070.8095703125,6135.655450768534,6027.578983341811,6132.567551699199,14354
2016-12-14,6215.93994140625,6262.2584208504095,6036.8418208888315,6101.687692110656,25300
2016-12-15,6144.91748046875,6212.851241559359,6061.544228221183,6197.4117504024025,11782
2016-12-16,6172.70947265625,6209.764256884301,6098.599904200147,6101.687802885818,8300
2016-12-19,6138.7431640625,6178.885850749025,6101.688376351861,6163.4463558695925,6835
2016-12-20,6073.89697265625,6110.951758457915,6055.369579755417,6086.2485679234715,5823
2016-12-21,6123.3046875,6123.3046875,6067.72249669062,6076.98619515885,5547
2016-12-22,6148.0068359375,6188.149522460448,6126.391543194375,6135.655240084286,5921
2016-12-23,6135.65478515625,6166.5337724997635,6126.391088953195,6151.094278828007,2863
2016-12-27,6083.16064453125,6104.7759361615645,6046.105858879283,6101.688037357234,4414
2016-12-28,6231.3798828125,6243.731478219463,6058.457547115027,6058.457547115027,8360
2016-12-29,6243.73095703125,6280.785740159033,6194.324579527542,6228.291464061341,8111
2016-12-30,6302.40185546875,6373.423532428957,6200.5011885258455,6206.676986522385,11619
2017-01-03,6163.44482421875,6277.697057934228,6110.9505546738,6175.796417052856,9004
2017-01-04,6058.45849609375,6135.655979479246,6039.93110008123,6132.568080143827,9720
2017-01-05,6067.72119140625,6141.830763209685,6052.281697280535,6080.072786706823,8297
2017-01-06,6005.962890625,6107.863546352828,5962.732309407134,6058.457167818124,10403
2017-01-09,6067.72119140625,6067.72119140625,6015.226911378817,6030.666405504533,7041
2017-01-10,6064.6318359375,6098.598714855683,5987.434383850719,6061.543937854029,6570
2017-01-11,6012.1396484375,6135.6556145070945,6012.1396484375,6076.985530624037,10851
2017-01-12,6052.28125,6181.972991071429,6043.017554209183,6058.457047193877,11837
2017-01-13,6018.314453125,6049.193439544318,5990.523365347614,6043.017642260454,6394
2017-01-17,6083.16064453125,6117.1275313788865,6043.0179600749525,6076.984846922589,9653
2017-01-18,6043.01708984375,6110.950853756148,6039.929191484095,6061.544480001677,6754
2017-01-19,6110.95166015625,6151.094344128979,6021.402595909392,6036.842089745057,7615
2017-01-20,6046.1044921875,6101.686658101379,5996.698122486275,6046.1044921875,12976
2017-01-23,6083.16064453125,6160.358114639515,6039.930061270622,6080.0727457269195,11512
2017-01-24,5971.99755859375,6080.074039747205,5934.942765055423,6067.722441901095,11026
2017-01-25,5826.865234375,5904.062707008479,5820.689436564322,5888.623212481783,11818
2017-01-26,5842.3046875,5863.919979684196,5808.337799781976,5836.128889733086,6821
2017-01-27,5867.00732421875,5879.358918585526,5817.600946751645,5833.040439710116,5129
2017-01-30,5965.8203125,6061.545172586698,5925.677629237836,5928.765527950311,13716
2017-01-31,5981.2607421875,6073.897718060306,5975.08494379598,6021.403431732383,10893
2017-02-01,5965.8203125,6024.490388037008,5894.798642113095,5919.501831812889,11794
2017-02-02,5956.5576171875,6033.755097970126,5934.942322568364,6002.876105657076,8764
2017-02-03,5829.953125,5907.150597523834,5820.68942829714,5876.2716085143,11804
2017-02-06,5867.00732421875,5897.886310135691,5839.216236893503,5873.183121402139,6812
2017-02-07,5867.00732421875,5885.534715768915,5814.513048159951,5829.952541118421,9184
2017-02-08,5842.3046875,5916.41426070296,5836.128889733086,5894.798968518763,8738
2017-02-09,5749.66796875,5823.7775451463485,5715.701079568341,5820.689646129834,10799
2017-02-10,5675.55810546875,5721.876588375188,5653.942813445747,5709.5249929334705,7975
2017-02-13,5586.009765625,5635.416153822899,5558.218672263682,5629.240355298161,10291
2017-02-14,5511.89892578125,5623.063273864233,5511.89892578125,5595.272186843487,10675
2017-02-15,5437.78955078125,5536.602308092437,5413.086361453454,5536.602308092437,12875
2017-02-16,5440.8779296875,5502.635908458074,5416.174738179271,5428.526333933385,13636
2017-02-17,5419.2626953125,5502.635967548077,5419.2626953125,5499.548068576389,5699
2017-02-21,5323.5380859375,5388.383967494743,5308.098590328633,5388.383967494743,12211
2017-02-22,5338.97705078125,5366.768140114408,5317.361759077682,5354.416544855227,8690
2017-02-23,5323.5380859375,5382.2081692511965,5292.659094719766,5295.746993841539,8713
2017-02-24,5301.92236328125,5397.647228314283,5301.92236328125,5391.471430570216,9051
2017-02-27,5280.30615234375,5332.800424033717,5267.954559004934,5314.273034025493,7943
2017-02-28,5317.3603515625,5354.415127531577,5292.657167583116,5311.184555567654,6509
2017-03-01,5104.2958984375,5196.932847592445,5067.2411187755215,5193.8449492872805,18127
2017-03-02,5190.75732421875,5203.108918089586,5116.647760993735,5116.647760993735,11393
2017-03-03,5184.58349609375,5233.989890338837,5175.319797172796,5203.110893935657,9708
2017-03-06,5233.98828125,5280.306761615045,5209.285091721977,5249.427774705015,8922
2017-03-07,5280.30615234375,5295.745644017269,5233.987677323191,5258.690864000822,7831
2017-03-08,5308.09912109375,5323.538618246437,5240.165333621928,5258.692730205153,9878
2017-03-09,5292.65869140625,5369.856163567952,5267.955500314506,5308.09818583859,11293
2017-03-10,5240.16455078125,5311.186227073512,5212.373460058191,5215.46135902742,10588
2017-03-13,5227.81298828125,5267.955675137515,5227.81298828125,5243.252483225967,5255
2017-03-14,5283.3955078125,5335.889793980128,5264.868112694514,5271.043911067176,9193
2017-03-15,5156.7919921875,5264.868471065681,5122.825098825786,5246.341074686564,13905
2017-03-16,5181.49365234375,5209.284738679325,5138.2630735995235,5141.3509720812535,9729
2017-03-17,5203.10986328125,5206.197762309904,5150.61557979414,5162.967175908754,6512
2017-03-20,5227.81298828125,5258.691978170685,5190.7582004139285,5215.4613923254765,13377
2017-03-21,5428.52587890625,5440.877473625036,5175.318187171147,5178.406085850843,24744
2017-03-22,5391.47119140625,5477.932355987794,5372.94379899592,5431.613874961967,21531
2017-03-23,5416.173828125,5440.877015482469,5323.5368755344925,5416.173828125,16918
2017-03-24,5425.4384765625,5487.19645580624,5342.065204583452,5385.29579005407,26727
2017-03-27,5443.9658203125,5579.833373400277,5419.262628841995,5558.218080863585,15500
2017-03-28,5329.71337890625,5471.756725041643,5286.482795299827,5462.493028554552,13059
2017-03-29,5308.09912109375,5363.6813108434235,5292.659623941064,5345.153914260199,9130
2017-03-30,5258.69140625,5326.625176618468,5243.2519129844395,5314.273582006019,10050
2017-03-31,5295.74658203125,5298.834480912901,5243.252301043185,5286.482885386297,7428
2017-04-03,5323.5380859375,5419.262958712478,5274.131699989124,5289.571195597991,13959
2017-04-04,5308.09912109375,5372.945009135035,5308.09912109375,5348.241813690736,13606
2017-04-05,5363.6796875,5379.11917997985,5187.669473229706,5261.7790371329875,18601
2017-04-06,5317.3603515625,5385.294107505807,5277.217677596001,5351.327229534154,16154
2017-04-07,5335.888671875,5372.943454318576,5280.306498209635,5338.9765704119645,13144
2017-04-10,5323.5380859375,5366.768673642329,5261.78010350203,5326.625985059273,13653
2017-04-11,5345.15283203125,5459.405087828567,5338.9770344205845,5354.416528447248,14670
2017-04-12,5413.087890625,5434.703187393041,5357.505698935754,5369.857297088919,10333
2017-04-13,5518.07568359375,5521.163582689213,5385.2960224888075,5443.966105302619,15719
2017-04-17,5379.119140625,5493.371384139997,5376.031242151621,5481.019790246483,10449
2017-04-18,5428.52587890625,5477.932257781393,5382.207398710804,5434.701676265643,9181
2017-04-19,5453.22900390625,5474.844294408709,5351.328348680368,5382.207335112454,10879
2017-04-20,5329.71337890625,5434.701939093279,5289.570694128856,5409.998748461037,15547
2017-04-21,5376.0322265625,5406.911216950567,5329.713740980399,5329.713740980399,9605
2017-04-24,5206.19677734375,5237.0757617882555,5181.493589788145,5196.933082010398,14414
2017-04-25,5110.47265625,5156.791139539276,5082.681566276436,5150.615341767372,13558
2017-04-26,5119.736328125,5122.824226996005,5045.626755220899,5110.472631511988,15057
2017-04-27,5101.20849609375,5147.5269751745045,5085.769003066832,5095.032698882983,9508
2017-04-28,5135.17529296875,5150.614785731735,5085.768916127198,5088.856814679795,7302
2017-05-01,5104.2958984375,5135.174881489148,5070.329017080687,5098.12010182717,7378
2017-05-02,5098.1201171875,5125.911202017717,5082.680625615158,5091.944320558563,6858
2017-05-03,5113.5595703125,5166.053841263775,5101.207977147494,5128.999061768757,10215
2017-05-04,5098.1201171875,5162.965981791339,5088.856422244095,5091.944320558563,6292
2017-05-05,5039.44970703125,5104.2955672320195,5039.44970703125,5073.416586184034,5893
2017-05-08,5042.53759765625,5073.416578658432,5024.010209054942,5033.273903355595,4905
2017-05-09,5054.89013671875,5079.593326146819,5008.571656541119,5020.923251255154,7502
2017-05-10,5030.1865234375,5076.504999712247,5030.1865234375,5064.15340603898,7135
2017-05-11,5054.89013671875,5141.351299716994,5048.7143393617325,5064.153832754276,8841
2017-05-12,5082.6806640625,5107.383850765112,5073.41696904902,5079.592765724673,5648
2017-05-15,5011.65966796875,5057.978149188424,4996.220174228859,5057.978149188424,8661
2017-05-16,5017.8359375,5045.627028846154,4980.781149038462,4986.9569471153845,7792
2017-05-17,5280.30615234375,5289.5698473478615,5107.383845600329,5144.438625616776,21182
2017-05-18,5227.81298828125,5314.274159971666,5159.879210524494,5295.746766038006,20252
2017-05-19,5125.91162109375,5190.757490999153,5070.329446889119,5184.581693865304,15227
2017-05-22,5048.7138671875,5091.94444464354,5033.274375238914,5085.768647864105,11976
2017-05-23,5008.57177734375,5045.626562379585,4999.308081084791,5017.835473602709,11139
2017-05-24,4980.78125,5020.923938313702,4968.429653595785,4996.22074550527,10382
2017-05-25,4906.6708984375,4952.989377654972,4885.055608136013,4943.725681811477,14359
2017-05-26,4912.84814453125,4925.199742631895,4900.496546430606,4919.023943581572,5021
2017-05-30,4915.93408203125,4943.7251666658485,4906.670387153051,4934.461471787649,6169
2017-05-31,4925.19775390625,4977.692024637539,4900.494567679761,4900.494567679761,8335
2017-06-01,4814.03466796875,4915.93533765635,4814.03466796875,4894.320044086254,10288
2017-06-02,4770.80419921875,4826.386384064017,4752.276804270328,4804.771089957525,10401
2017-06-05,4773.8916015625,4786.243196909363,4755.364208542206,4776.979500399216,5548
2017-06-06,4820.2099609375,4826.385758453114,4773.891479570388,4817.122062179692,8715
2017-06-07,4795.50634765625,4844.912723420899,4780.066855229797,4795.50634765625,6492
2017-06-08,4789.3310546875,4823.297941600177,4755.364167774823,4786.243155877257,8494
2017-06-09,4807.8583984375,4894.319564241129,4715.221435076469,4767.715714314387,19158
2017-06-12,4810.94677734375,4869.616859994284,4807.85887825688,4826.386272778102,10312
2017-06-13,4739.923828125,4798.593895052932,4739.923828125,4773.890708978013,7840
2017-06-14,4758.451171875,4817.121238238156,4724.484291348961,4724.484291348961,17716
2017-06-15,4792.4189453125,4872.704314241704,4783.155248897592,4854.176921411888,10410
2017-06-16,4786.2431640625,4848.001140372984,4780.067366431452,4783.155265246975,7322
2017-06-19,4675.0791015625,4739.924980778361,4665.815404531663,4733.749182757802,11884
2017-06-20,4764.6279296875,4764.6279296875,4690.518357223144,4693.606256075826,12859
2017-06-21,4761.53955078125,4798.594333277602,4730.660565367623,4743.012159533074,10541
2017-06-22,4776.97900390625,4789.330597969356,4733.748424685379,4767.71530835892,15242
2017-06-23,4758.451171875,4798.593848860318,4736.835884267521,4773.890663023199,13225
2017-06-26,4749.1884765625,4764.627970959647,4684.342600094481,4712.1336900093465,9089
2017-06-27,4860.3525390625,4866.528336443774,4746.100287508934,4764.627679652755,25938
2017-06-28,4739.923828125,4814.033386349755,4721.396438568811,4795.505996793567,17538
2017-06-29,4857.26416015625,4940.637416560712,4721.396631200831,4727.572427971531,27053
2017-06-30,4832.5625,4848.001996805112,4780.06821086262,4807.859305111821,11236
2017-07-03,4807.8583984375,4807.8583984375,4739.924625306077,4770.803613093088,6122
2017-07-05,4783.15478515625,4841.824856762428,4764.62739412272,4789.330582167427,8095
2017-07-06,4909.75927734375,4922.110873010024,4826.386006596404,4835.649703346108,11211
2017-07-07,4823.296875,4881.966939420615,4804.769486235596,4872.703245038412,9690
2017-07-10,4798.59375,4835.648527992278,4773.890564671815,4823.296935328185,4685
2017-07-11,4817.12109375,4891.230649038462,4789.330010516826,4814.03319561298,9038
2017-07-12,4705.95751953125,4749.188100419332,4693.605924991798,4746.100201784469,9847
2017-07-13,4684.341796875,4721.396577074406,4675.078101825148,4702.869186974703,7268
2017-07-14,4616.408203125,4687.429867788462,4591.70501541597,4684.3419693248325,23078
2017-07-17,4619.4970703125,4631.848666757186,4597.881776534299,4625.672868534843,7863
2017-07-18,4607.1455078125,4668.903490490951,4607.1455078125,4644.200297419571,13347
2017-07-19,4539.21142578125,4591.705707575999,4539.21142578125,4591.705707575999,23771
2017-07-20,4539.21142578125,4567.002516143176,4514.508234348426,4520.684032206633,33364
2017-07-21,4548.47509765625,4585.5298846025335,4542.29929983187,4570.0903900415815,9856
2017-07-24,4539.21142578125,4579.354111859588,4539.21142578125,4548.475122568559,20495
2017-07-25,4520.68310546875,4529.9468003570055,4492.8920208039835,4502.155715692239,7539
2017-07-26,4514.50830078125,4533.035694628506,4495.980906933994,4502.156704883079,12140
2017-07-27,4529.9462890625,4613.319533646472,4486.7157177967365,4489.803615744291,25166
2017-07-28,4545.38671875,4588.6172989555025,4539.2109215777855,4563.914110266644,14595
2017-07-31,4554.650390625,4570.089883474576,4517.595607786016,4520.683506355932,12142
2017-08-01,4526.85986328125,4551.563054895336,4517.596166425968,4517.596166425968,14326
2017-08-02,4520.68310546875,4579.35317309437,4511.4194105804945,4517.595207172665,16249
2017-08-03,4545.38671875,4563.914110266644,4526.8593272333555,4529.947225819464,11559
2017-08-04,4526.85986328125,4548.475155943575,4502.156671667164,4517.596166425968,24196
2017-08-07,4502.15673828125,4526.859930260845,4495.980940286351,4520.684132265947,15519
2017-08-08,4536.12353515625,4557.738827699541,4440.39866817882,4520.684040482471,26533
2017-08-09,4533.03515625,4600.968925621594,4529.9472576422,4579.353635366996,21228
2017-08-10,4721.39697265625,4730.660668482259,4576.265738048765,4588.617332483444,27222
2017-08-11,4709.04443359375,4727.571821529201,4665.813861744365,4712.132331582992,20071
2017-08-14,4567.0029296875,4625.67301465306,4551.563433643932,4622.585115444346,18624
2017-08-15,4567.0029296875,4588.618224148496,4542.2997360177915,4542.2997360177915,17634
2017-08-16,4548.47509765625,4573.178288953772,4511.4203107099665,4536.123502007489,21138
2017-08-17,4755.36279296875,4758.450690886262,4567.001020000507,4585.528407505581,34122
2017-08-18,4789.3310546875,4814.034245169448,4699.781989190442,4773.891560636283,29903
2017-08-21,4764.6279296875,4835.649603299174,4755.364233129456,4789.331120508951,23565
2017-08-22,4628.759765625,4733.748312677201,4613.320273411441,4730.6604142344895,10840
2017-08-23,4671.98974609375,4696.6929304749465,4647.2865617125535,4690.517134379647,11855
2017-08-24,4705.95751953125,4721.397012705565,4638.023749564263,4647.287445468853,19557
2017-08-25,4684.341796875,4684.341796875,4613.320134826136,4656.550711725445,15073
2017-08-28,4678.16748046875,4702.870675085087,4641.112688544245,4644.200587871287,10938
2017-08-29,4662.72705078125,4767.7156068915565,4644.19965852649,4761.539809473303,15436
2017-08-30,4591.7060546875,4675.0793320759085,4576.266558874832,4662.727735425774,19612
2017-08-31,4517.5947265625,4560.8252981085525,4495.979440789473,4554.649502173402,14246
2017-09-01,4492.89208984375,4502.155784874356,4465.101004751933,4492.89208984375,20802
2017-09-05,4591.7060546875,4653.464037938173,4511.4206764616265,4529.948071436827,22202
2017-09-06,4545.38671875,4585.529400369395,4523.771428647248,4548.474617336107,12686
2017-09-07,4545.38671875,4576.2657046110735,4526.8593272333555,4526.8593272333555,15822
2017-09-08,4567.0029296875,4579.354526522355,4536.123937600364,4570.090828896214,19386
2017-09-11,4421.87060546875,4483.628574818872,4412.606910066232,4480.540676351366,20431
2017-09-12,4375.552734375,4409.519622221242,4375.552734375,4400.255925535903,13352
2017-09-13,4369.3759765625,4400.25495872902,4366.288078345849,4394.079162295716,6666
2017-09-14,4378.6396484375,4400.2549358416345,4363.200157434547,4387.903343039272,6577
2017-09-15,4350.849609375,4390.992295621894,4350.849609375,4384.816497737757,7953
2017-09-18,4338.49755859375,4353.937051684831,4310.706471029804,4332.321761357318,11996
2017-09-19,4319.96923828125,4338.496626007975,4310.705544417888,4316.881340326796,9348
2017-09-20,4313.79541015625,4372.465498053865,4304.531712067153,4313.79541015625,15268
2017-09-21,4350.849609375,4357.025407259138,4316.882721012243,4323.0585188963805,9971
2017-09-22,4344.67431640625,4369.377510813677,4335.410618503465,4369.377510813677,10858
2017-09-25,4369.3759765625,4418.782348028931,4341.584892612633,4363.200180129196,17406
2017-09-26,4366.2880859375,4381.727577047604,4335.409103717291,4350.848594827396,8618
2017-09-27,4313.79541015625,4375.553397416898,4292.180114615024,4323.0591082453475,18786
2017-09-28,4307.619140625,4338.498130880376,4298.3554435483875,4332.322332829301,4745
2017-09-29,4258.21142578125,4313.793590874841,4255.123527720495,4301.441998631821,9486
2017-10-02,4202.6298828125,4248.948360580455,4202.6298828125,4242.772563544728,11181
2017-10-03,4177.92724609375,4205.718336422533,4174.839347168329,4193.366740720852,7801
2017-10-04,4165.57421875,4190.277401663269,4147.046831565049,4187.189503799111,13869
2017-10-05,4091.466064453125,4150.136143867925,4088.378165536557,4143.960346034788,19090
2017-10-06,4103.81591796875,4128.51909881431,4097.64012275736,4116.16750839153,10022
2017-10-09,4125.43359375,4137.785191336077,4088.378800991766,4091.466700388286,8581
2017-10-10,4094.553466796875,4122.344553675587,4069.8502784602424,4094.5534667968755,6798
2017-10-11,4072.9375,4106.904378316907,4072.9375,4094.552786201668,7024
2017-10-12,4091.466064453125,4106.905559035967,4072.938670953715,4091.466064453125,6353
2017-10-13,4079.114990234375,4088.3786881682913,4060.587594366543,4069.851292300459,5846
2017-10-16,4063.675537109375,4085.2908325195312,4051.3239397321427,4066.763436453683,5642
2017-10-17,4054.410888671875,4076.026179015137,4051.322990051409,4063.674584533273,5338
2017-10-18,4045.14697265625,4054.4106680134782,4029.7074803942037,4032.795378846613,6325
2017-10-19,4045.14697265625,4109.992840156847,4038.9711757514315,4088.377550989981,13087
2017-10-20,3977.2138671875,4011.1807558047844,3977.2138671875,3995.741260978746,9954
2017-10-23,4023.531494140625,4029.707290754809,3961.773527998789,3964.8614263058807,7042
2017-10-24,4005.004638671875,4023.5320309864715,3992.653043795478,4005.004638671875,9577
2017-10-25,4060.58740234375,4125.433284814639,4017.3568140298244,4023.532612360385,24509
2017-10-26,4051.323974609375,4054.4118739802666,4017.357081529571,4032.7965783840273,11923
2017-10-27,3955.597900390625,4026.6195644881927,3943.2463066345263,4008.0921738540446,12127
2017-10-30,3995.739990234375,4011.179480150273,3958.68521443622,4008.0915821670933,9630
2017-10-31,3974.125732421875,3992.6531251138185,3964.8620360759032,3977.2136312038656,7531
2017-11-01,3958.68701171875,3980.302307414562,3918.5443197122413,3933.9838166378217,9802
2017-11-02,3958.68701171875,4023.5328988061865,3952.511212948518,3967.950709874098,11114
2017-11-03,3921.6318359375,3974.126120355561,3918.5439368540847,3949.4229276882384,9238
2017-11-06,3906.19140625,3930.8945930088935,3893.8398128705535,3927.8066946640315,8325
2017-11-07,3912.367431640625,3937.070619843565,3878.4005478615827,3896.9279390137876,12351
2017-11-08,3887.6650390625,3933.9835264222597,3884.577139905183,3921.6319297929904,8480
2017-11-09,3933.982421875,4017.3556757137953,3921.630828713697,3952.5098116169547,21500
2017-11-10,3940.158447265625,3974.1253304317083,3933.9826503263375,3955.5979396138446,9960
2017-11-13,3930.89501953125,3977.2134997299686,3918.5434248115916,3977.2134997299686,16062
2017-11-14,3952.509521484375,4011.1795846939085,3949.421623420715,3971.0369098663327,16634
2017-11-15,4017.3564453125,4054.4112318949365,3980.301658730063,4008.0927486668907,17344
2017-11-16,3918.54345703125,3967.94983631612,3893.840267388815,3964.861937610816,13546
2017-11-17,3946.33447265625,3952.5102699530516,3924.7191821174442,3933.9828780626467,9848
2017-11-20,3930.89501953125,3952.510310290652,3918.5434248115916,3940.1587155709935,15652
2017-11-21,3850.610107421875,3893.8406940328664,3844.4343093345906,3884.5769969019398,13449
2017-11-22,3862.9609375,3872.224632793765,3844.4335469124703,3850.60934377498,7945
2017-11-24,3841.346923828125,3847.522722741032,3832.0832254587644,3844.434823284578,3331
2017-11-27,3844.433349609375,3856.7849427004894,3819.730163427146,3838.257553063818,5495
2017-11-28,3727.09375,3825.9065089063797,3727.09375,3822.8186101905553,17736
2017-11-29,3733.26953125,3757.9727208695203,3696.21474682072,3720.9179364402403,18166
2017-11-30,3643.721435546875,3696.215727414923,3594.315043200477,3693.127827893273,34329
2017-12-01,3665.3359375,3813.555082403117,3625.1932524220724,3649.8964432392586,40583
2017-12-04,3677.68701171875,3677.68701171875,3563.4347703807202,3585.0500592825097,33871
2017-12-05,3711.65478515625,3720.918482623362,3585.0509197723845,3585.0509197723845,24251
2017-12-06,3711.65478515625,3736.357978401882,3693.1273902220255,3733.270079246178,31463
2017-12-07,3680.775634765625,3727.0941201024407,3665.3361396533533,3724.0062210799865,15811
2017-12-08,3622.10595703125,3652.9849506973305,3619.0180576646417,3640.633353230898,15446
2017-12-11,3588.138671875,3622.1055611956754,3585.0507728458474,3619.017662166523,10888
2017-12-12,3569.610595703125,3588.137986338262,3547.995306628798,3578.874291020694,14896
2017-12-13,3569.610595703125,3575.786392581504,3538.7316113112297,3560.346900385556,17667
2017-12-14,3615.92919921875,3619.0170977663324,3554.171228267106,3560.3470253622704,21736
2017-12-15,3526.3798828125,3572.6983576305274,3504.764594564087,3566.522560988124,21098
2017-12-18,3458.447021484375,3470.798617989676,3443.007525852748,3467.710718863351,13384
2017-12-19,3498.589599609375,3501.6774986381565,3446.0953161200905,3446.0953161200905,15466
2017-12-20,3504.765869140625,3520.205366361509,3455.359478033797,3458.4473774779735,15622
2017-12-21,3486.23779296875,3498.5893883379927,3455.3588045456436,3480.061995284129,14890
2017-12-22,3489.326171875,3514.029366012168,3483.1503733407076,3486.2382726078536,7665
2017-12-26,3502.30908203125,3514.6738095935843,3496.126718250083,3505.4002639218334,6554
2017-12-27,3496.1259765625,3511.581882736516,3483.7612516232866,3493.0347953276964,5725
2017-12-28,3480.67041015625,3496.126317839004,3477.579228619699,3480.6704101562495,5465
2017-12-29,3514.67333984375,3530.129247230926,3452.8497102950473,3452.8497102950473,12531
2018-01-02,3443.576416015625,3496.126504949436,3440.485234313636,3474.4882330355135,11522
2018-01-03,3381.7529296875,3437.3942027536564,3372.479384176474,3437.3942027536564,11523
2018-01-04,3335.38427734375,3357.0225442032556,3316.8371914641743,3353.931363223326,13225
2018-01-05,3270.4697265625,3326.110988451087,3267.3785453464675,3301.3815387228265,12144
2018-01-08,3255.013671875,3285.92548262405,3245.7401286502845,3276.651939399335,8942
2018-01-09,3230.284912109375,3248.832002513831,3205.5554582367677,3236.4672755775273,16298
2018-01-10,3245.740478515625,3289.0170182291668,3236.466934291295,3261.1963855561758,17606
2018-01-11,3174.643310546875,3233.3757573826983,3174.643310546875,3224.102213145463,12801
2018-01-12,3115.910888671875,3171.5521545410156,3109.728525797526,3168.460973103841,21827
2018-01-16,3146.82275390625,3177.734568777628,3044.813764830704,3069.543216727806,28796
2018-01-17,3060.269775390625,3140.6404967645203,3044.8138674341067,3112.8198624427873,22085
2018-01-18,3075.724853515625,3094.2719380594376,3047.904226699906,3066.4513112437185,20395
2018-01-19,3032.449462890625,3075.726009761643,3032.449462890625,3054.0877363261343,17455
2018-01-22,2964.443115234375,3044.8138357725334,2961.351933675215,3044.8138357725334,18015
2018-01-23,2942.8046875,2970.625320049895,2930.439961922269,2961.3517758665967,18609
2018-01-24,2948.987548828125,2989.172913749263,2896.437456238945,2918.075729658019,33279
2018-01-25,2945.896240234375,2970.625694507067,2911.8932406094245,2918.075604177597,26085
2018-01-26,2840.79638671875,2924.2583045004762,2840.79638671875,2914.9847580802843,19042
2018-01-29,2896.43701171875,2905.710556046558,2846.9781086371063,2859.3428344075173,32116
2018-01-30,2992.263671875,3004.628397791839,2942.8047682076444,2967.5342200413224,33419
2018-01-31,2982.990478515625,3023.1758424749028,2939.7139327133254,2955.1698419284326,25722
2018-02-01,2992.263671875,3023.175486667097,2948.987131166064,3010.8107607502584,32098
2018-02-02,3190.099609375,3193.19079116703,3038.631701565528,3044.8140651495883,45259
2018-02-05,3582.67919921875,3613.591012844451,3177.734440722066,3264.287518874029,90266
2018-02-06,3378.6611328125,3805.2441486662283,3360.1140451666856,3765.0587921002975,88626
2018-02-07,3437.393310546875,3440.4844915815393,3261.195991571001,3412.6638622695596,74899
2018-02-08,3820.700439453125,3829.973984209079,3421.938014947095,3425.0291965324127,87110
2018-02-09,3647.594482421875,4040.174566546941,3564.132574773239,3684.688663599047,117375
2018-02-12,3499.218017578125,3641.4123893171654,3428.120831708605,3557.950475470337,62988
2018-02-13,3471.396484375,3576.49664507736,3446.6670347979743,3554.8583766974625,36530
2018-02-14,3326.111328125,3536.3116722815985,3316.837783529856,3536.3116722815985,43565
2018-02-15,3205.554931640625,3363.2051741803275,3205.554931640625,3258.1050124871927,35899
2018-02-16,3199.373046875,3233.376045440821,3122.093504679952,3233.376045440821,39281
2018-02-20,3264.287353515625,3295.1991655754323,3183.9166421601267,3245.740266279741,43588
2018-02-21,3316.83740234375,3316.83740234375,3146.822437638339,3248.831416461586,40549
2018-02-22,3304.47314453125,3329.202597437003,3205.5553329082377,3276.6525100122776,38962
2018-02-23,3143.73193359375,3270.4703891270283,3143.73193359375,3248.8321162311026,35598
2018-02-26,3035.5400390625,3125.184296835221,3029.3576764574846,3103.546027717668,30257
2018-02-27,3149.91455078125,3149.91455078125,3001.5378104107886,3029.3584492302502,32731
2018-02-28,3255.013671875,3258.104852949905,3088.089893830128,3106.636980279558,40067
2018-03-01,3384.84423828125,3449.7590592893835,3190.099775256849,3255.014596264983,77783
2018-03-02,3329.201904296875,3499.2168576267986,3310.654818479065,3465.213866960814,45675
2018-03-05,3217.92041015625,3394.117781317543,3196.282136504863,3391.0265993673447,37439
2018-03-06,3199.373046875,3258.105498943237,3180.8259567481887,3183.9171384359906,29411
2018-03-07,3199.373046875,3292.108497509058,3187.0083201237926,3285.926134133454,31176
2018-03-08,3156.096435546875,3214.828886355289,3153.0052539253793,3174.6435252758474,24808
2018-03-09,2992.263671875,3115.9109310433882,2992.263671875,3100.45502364734,29786
2018-03-12,3004.62841796875,3020.084325468589,2958.2606954692324,2979.8989659690073,22788
2018-03-13,3063.36083984375,3084.999110155462,2942.804762392785,2961.3518512313954,31493
2018-03-14,3112.8193359375,3128.2752412797918,3020.083903883751,3026.266266020668,26767
2018-03-15,3125.1845703125,3140.640478177547,3066.4521204253215,3094.272754582406,23372
2018-03-16,3109.72900390625,3112.8201858186817,3072.63482095707,3103.5466400813866,21483
2018-03-19,3233.37548828125,3301.3814736944314,3140.640053626912,3143.731234782057,44057
2018-03-20,3221.01123046875,3248.831864896983,3199.3729592467907,3224.102412071887,28158
2018-03-21,3238.365478515625,3250.761135849656,3142.299134176884,3225.9698211815935,36314
2018-03-22,3489.377197265625,3498.6739393542543,3297.2445274339475,3337.5304098180086,50539
2018-03-23,3712.4990234375,3718.6968515233725,3452.190243830864,3470.783728088481,53932
2018-03-26,3402.607666015625,3653.619706951204,3393.310923758752,3532.762057611851,56502
2018-03-27,3585.44384765625,3650.5210480026467,3343.7285320839187,3365.420932199384,60802
2018-03-28,3613.33349609375,3666.0150307709314,3498.673685325766,3579.245444243809,70933
2018-03-29,3461.486328125,3597.8385201012757,3390.211318682856,3560.6515586532005,35287
2018-04-02,3697.00439453125,3811.6642122996122,3480.0804149694836,3501.77281292566,64491
2018-04-03,3560.65185546875,3731.0921096469756,3538.9594594824307,3635.0257845647034,42673
2018-04-04,3436.695556640625,3734.1912946365674,3415.003159078421,3727.993466761652,52688
2018-04-05,3365.420654296875,3421.201107130525,3328.2336857411087,3374.7173964358167,25863
2018-04-06,3588.5419921875,3659.817005849255,3387.1126057521046,3455.2887057763924,51496
2018-04-09,3551.354736328125,3560.651476475581,3380.914500291435,3520.3656025032724,33718
2018-04-10,3377.81640625,3461.4870878727065,3337.5305225057336,3408.805547591743,42854
2018-04-11,3424.30029296875,3439.7948644301473,3353.025264246324,3436.695950137868,27764
2018-04-12,3337.530029296875,3374.7169934116037,3303.441978858374,3365.4202523829217,24666
2018-04-13,3371.61865234375,3415.003451179056,3281.750140470617,3284.849054673139,27862
2018-04-16,3284.84912109375,3340.62957786704,3256.958892707105,3306.5415209500293,23217
2018-04-17,3185.68359375,3238.3651317789395,3160.892281736381,3219.7716477687254,23582
2018-04-18,3179.48583984375,3198.0793242872805,3145.39778503061,3167.0901835480627,25777
2018-04-19,3232.1669921875,3275.551784028943,3198.0789414549376,3207.3756825638184,26133
2018-04-20,3312.7392578125,3353.025142145112,3225.969660788412,3238.365317506139,27834
2018-04-23,3315.83740234375,3365.4200177058997,3269.353700441735,3291.0460946626754,28034
2018-04-24,3449.09130859375,3517.2674171194126,3266.2553811840185,3278.6510372795933,35149
2018-04-25,3427.399169921875,3538.9600832285546,3408.805684370762,3458.388312507064,33780
2018-04-26,3325.134765625,3402.6076166414255,3287.9477971371152,3384.0141323974835,21576
2018-04-27,3312.7392578125,3356.1240563245437,3287.9479443770465,3300.343601094773,19323
2018-04-30,3387.1123046875,3396.409044773559,3266.254683568733,3294.14490382691,20523
2018-05-01,3374.71630859375,3486.2771782993286,3371.617395546373,3411.903265162276,21425
2018-05-02,3442.8935546875,3461.4870392312673,3349.9261319686657,3384.0141869655718,20307
2018-05-03,3464.5859375,3610.234899094365,3442.893538964669,3486.278336035331,40566
2018-05-04,3334.431396484375,3529.6629745313226,3306.5411710490966,3517.2673187823098,35599
2018-05-07,3297.24462890625,3334.4315984051927,3263.156573532219,3303.4424571560735,33457
2018-05-08,3300.34375,3368.5198650234743,3287.9480927230047,3318.9372359154927,42390
2018-05-09,3207.376220703125,3297.2447331672706,3194.980563811519,3281.750162052763,30849
2018-05-10,3117.5078125,3182.585013357356,3105.112155193837,3182.585013357356,34581
2018-05-11,3098.9140625,3154.694515625,3080.320578125,3117.507546875,38453
2018-05-14,3086.518798828125,3108.211200024708,3049.331825348268,3077.222055458161,32453
2018-05-15,3151.595947265625,3188.782920094718,3133.0024608510785,3136.1013752535027,25915
2018-05-16,3114.408447265625,3151.59541380014,3095.8149639983676,3151.59541380014,16986
2018-05-17,3120.606201171875,3151.5953392172755,3080.3203217128535,3126.804028780955,19499
2018-05-18,3142.298583984375,3160.8920667298444,3120.6061874479933,3136.1007564025517,15912
2018-05-21,3080.3203125,3102.0127090669016,3055.5290021378273,3086.5181400905435,22567
2018-05-22,3098.9140625,3114.4086328125,3046.2325234375,3058.6281796875,16562
2018-05-23,3074.12255859375,3157.793233071604,3074.12255859375,3154.6943192020535,25214
2018-05-24,3095.04052734375,3165.540824712531,3082.6448706635247,3092.716341716208,33936
2018-05-25,3119.05712890625,3139.974799666426,3096.5900010527275,3119.831857452923,23550
2018-05-29,3225.1943359375,3272.4527684362242,3154.6940513902236,3184.908459053342,47038
2018-05-30,3102.78759765625,3178.7109895589497,3084.1941139249766,3177.1615325813436,31897
2018-05-31,3163.9912109375,3182.584695037035,3106.6613016306014,3116.732772184516,25504
2018-06-01,3064.051513671875,3110.5352281650007,3054.7547707732497,3107.436313865459,33010
2018-06-04,3022.216064453125,3044.683192335499,3013.6940504287763,3037.7106354064863,29893
2018-06-05,3015.242919921875,3047.0067841862115,3003.621993971508,3019.891290302022,46886
2018-06-06,2940.0947265625,3018.342306900527,2939.319998044302,2995.1004513545786,45100
2018-06-07,2943.96875,2977.2820805921056,2915.303791118421,2924.6005345394738,38490
2018-06-08,2919.1767578125,2967.209921024914,2916.8525724957703,2961.7868219525444,28924
2018-06-11,2906.0068359375,2915.3035786811015,2882.764979078496,2912.979392995201,28559
2018-06-12,2893.611328125,2919.952100589859,2885.089313504016,2894.3860567269076,20100
2018-06-13,2926.924072265625,2931.5724429468305,2880.4403654535718,2889.7371068159823,27970
2018-06-14,2905.2314453125,2926.14911171875,2885.0885072916667,2895.159976302083,14993
2018-06-15,2914.52880859375,2971.8587213624733,2905.232065982606,2936.2212080197537,25039
2018-06-18,2933.89697265625,2986.5785132267874,2930.7980585050423,2971.083942470747,24511
2018-06-19,2969.533935546875,3032.2869354892955,2961.7866516033664,3017.5670959966287,27714
2018-06-20,2954.760498046875,2966.424026328639,2929.878304379112,2945.429675421464,11383
2018-06-21,3013.07861328125,3030.185124117944,2956.3161000504033,2957.8712373991934,37035
2018-06-22,2995.971435546875,3003.7471205599736,2961.7584214892413,2966.4238324971006,22099
2018-06-25,3116.494873046875,3180.255496697036,3034.8501720314257,3037.960446355824,66376
2018-06-26,3100.943603515625,3126.603367536692,3066.730584820869,3098.610897695528,32121
2018-06-27,3177.92333984375,3181.811183420755,3021.632028048156,3077.6169755570254,34895
2018-06-28,3119.60546875,3209.025864788447,3093.9457029302716,3183.3660989687187,45905
2018-06-29,3111.829833984375,3114.162540006852,3029.407554523519,3081.5046556921734,38197
2018-07-02,3092.390380859375,3182.5883401703345,3085.392263326628,3175.590222637588,37021
2018-07-03,3127.380859375,3141.377093952014,3053.511843551871,3056.6221179023187,17147
2018-07-05,3050.401611328125,3124.270628171401,3048.068905533074,3081.504355262136,26977
2018-07-06,2975.755126953125,3063.6203815509048,2959.426185833184,3049.624146305241,29122
2018-07-09,2895.666015625,2938.43229673654,2892.55574063507,2935.32202174661,27197
2018-07-10,2866.117431640625,2889.4444861575043,2859.896883769457,2877.780958899065,25082
2018-07-11,2925.989990234375,2936.875948210267,2890.999411026151,2917.436737539031,35467
2018-07-12,2852.12158203125,2904.2186774500324,2847.4561705012097,2882.446756976511,26724
2018-07-13,2842.01318359375,2870.7832212936046,2831.9047919694767,2854.4542809774707,34280
2018-07-16,2850.56689453125,2865.340700040277,2837.348226444226,2842.791207421236,27116
2018-07-17,2815.575927734375,2879.3365535488515,2803.1348300144773,2875.4487105113835,27980
2018-07-18,2799.24658203125,2829.5717533365882,2795.3587395562063,2816.3530889214408,34863
2018-07-19,2835.0146484375,2848.2333124592874,2810.910025809534,2824.906258303192,32111
2018-07-20,2842.01318359375,2848.2337322856106,2819.4636945857555,2840.4580464207847,23322
2018-07-23,2825.6845703125,2863.007866783331,2821.7967269301216,2852.121905312672,37555
2018-07-24,2788.36181640625,2814.7991565506486,2756.4814944674167,2782.9188346118153,31263
2018-07-25,2712.158935546875,2796.913902282715,2705.160819027402,2796.913902282715,42077
2018-07-26,2735.486083984375,2741.7066322140154,2712.9365966519285,2737.81878957049,21180
2018-07-27,2785.2509765625,2821.0191353904943,2723.045482948597,2723.823051618771,38077
2018-07-30,2837.347900390625,2853.6768414452163,2784.4732341186154,2790.693783091793,37407
2018-07-31,2791.47119140625,2823.3515030629787,2773.5871141354023,2809.355268677098,63921
2018-08-01,2807.022216796875,2830.34927123009,2771.254066665945,2789.13814173141,44525
2018-08-02,2765.811279296875,2860.674640577229,2759.590731016196,2856.00922936672,34970
2018-08-03,2730.043212890625,2766.5889351936326,2727.7105072117097,2759.5908181568866,21980
2018-08-06,2700.4951171875,2741.7062433639862,2691.164296166409,2732.375422342895,18692
2018-08-07,2676.390869140625,2683.3889858815505,2661.617067132004,2677.946006194164,17691
2018-08-08,2680.27880859375,2691.9423369166125,2666.2825746063154,2682.6115142583226,20305
2018-08-09,2691.1650390625,2694.2753135947883,2664.727705538049,2677.9463723002746,23231
2018-08-10,2744.816650390625,2766.588567164262,2719.934459792183,2740.151239653417,30288
2018-08-13,2777.474365234375,2786.027617758893,2716.0464607401095,2737.8183762570643,42533
2018-08-14,2724.60107421875,2765.034651804188,2716.04781742183,2751.8159822089483,20530
2018-08-15,2785.2509765625,2833.460234113275,2763.479053797634,2769.6996031590243,57428
2018-08-16,2719.1572265625,2739.3740089161242,2690.387190136188,2738.596440364062,28261
2018-08-17,2693.497314453125,2740.151424980604,2677.1683757685073,2729.2654658575257,28711
2018-08-20,2673.28076171875,2691.1648389495617,2667.0602131167284,2675.613467444508,17783
2018-08-21,2660.06201171875,2663.1722859212855,2628.959269693392,2660.839580269384,26054
2018-08-22,2658.50732421875,2677.168972589984,2646.066225304594,2670.948423132906,21038
2018-08-23,2674.836181640625,2683.3894368726155,2641.4007293701175,2670.9483383533566,26097
2018-08-24,2623.51611328125,2656.9515587083674,2621.96097628464,2656.173990210062,26639
2018-08-27,2566.75390625,2593.191238213799,2561.310926139806,2587.7482581036047,36528
2018-08-28,2560.533447265625,2574.5296823250787,2548.0923494349995,2551.98019250707,23400
2018-08-29,2518.544677734375,2561.310950434403,2513.1016975725533,2555.8679702725813,18494
2018-08-30,2552.757568359375,2569.0865080290514,2523.987531798517,2537.9837658010965,46592
2018-08-31,2553.53466796875,2579.194425594502,2539.5384365365217,2565.975762575175,33584
2018-09-04,2566.75390625,2596.301512562481,2556.6455146167827,2566.75390625,35919
2018-09-05,2586.970703125,2618.073446775436,2572.196899891043,2578.41744862113,38739
2018-09-06,2610.2978515625,2643.7333021484956,2575.3072637399464,2586.1932243958518,32547
2018-09-07,2628.181396484375,2653.063587220322,2598.6337949854383,2644.51033415484,45764
2018-09-10,2614.185302734375,2621.9609877514313,2590.0806791815,2597.8563641985565,29040
2018-09-11,2586.970703125,2646.843484652089,2576.0847428473476,2634.402387191915,25380
2018-09-12,2586.970703125,2611.852898045349,2569.8641941172605,2591.6361146725653,28429
2018-09-13,2543.427001953125,2565.198923706316,2537.9840215148274,2557.4232373658906,33780
2018-09-14,2541.09423828125,2565.976434004934,2533.3185521175983,2538.7615324321546,18419
2018-09-17,2583.8603515625,2593.191174378856,2544.2043545929882,2546.5370602970775,22665
2018-09-18,2542.6494140625,2578.417570957569,2524.7653356149654,2578.417570957569,25236
2018-09-19,2533.318115234375,2545.7592109506886,2523.20972496487,2541.871368539341,22155
2018-09-20,2475.000732421875,2502.2156320872114,2465.669909679474,2499.105357839744,29248
2018-09-21,2478.11181640625,2485.8875045656673,2451.6744766642314,2457.117458375824,31376
2018-09-24,2504.54833984375,2523.2099853439827,2495.2175170936334,2499.105359906182,35538
2018-09-25,2512.324462890625,2520.877718567442,2491.330108047528,2492.8852454433127,17042
2018-09-26,2536.958740234375,2549.4714837127194,2476.7411622448412,2511.9332532776857,38564
2018-09-27,2518.189453125,2533.0483349912656,2486.125550150427,2524.4458244371117,29320
2018-09-28,2520.535888671875,2537.740911802741,2503.3308655410087,2537.740911802741,29612
2018-10-01,2493.1640625,2511.1511307049877,2461.100158308501,2481.4333658445735,35418
2018-10-02,2496.2919921875,2508.0226876395086,2476.7408331008182,2498.6381312779017,19898
2018-10-03,2490.81787109375,2503.3306139312695,2454.843735435881,2470.4846639827806,27792
2018-10-04,2553.38134765625,2599.522082575613,2508.022659091453,2510.3687981551493,67905
2018-10-05,2594.83056640625,2639.407221706176,2533.04888625372,2546.343678185277,77628
2018-10-08,2597.9580078125,2659.7396702499436,2586.227312412985,2620.6373522515614,57614
2018-10-09,2609.6884765625,2626.1114486954975,2569.8041156680774,2611.252569146595,52715
2018-10-10,2859.943603515625,2869.3281600489004,2625.3296901837443,2626.8937829392903,149549
2018-10-11,3042.942626953125,3103.9422478480988,2840.392603724942,2893.5717604026117,246661
2018-10-12,2918.596923828125,3043.724337497069,2884.1868850691653,2892.789394758905,178020
2018-10-15,2970.994873046875,2975.6871523936193,2888.8799844788514,2936.5848245040843,62614
2018-10-16,2780.174560546875,2917.814707566917,2765.3156810390296,2902.173781769185,85872
2018-10-17,2777.828857421875,2863.0719163911835,2756.7136042826883,2777.0468110093125,69855
2018-10-18,2898.263916015625,2942.0585137751705,2790.3415143938882,2811.4567668850977,123779
2018-10-19,2906.866455078125,2929.545800571067,2809.110655539582,2878.7127848110244,72455
2018-10-22,2942.840087890625,2963.955336993215,2870.8918316892064,2881.840479372031,59149
2018-10-23,2995.237548828125,3150.8647739500043,2950.6609064565314,3078.134462712141,102543
2018-10-24,3267.39013671875,3283.81311251365,2986.6354552725957,3001.4943381346484,115218
2018-10-25,3085.17333984375,3230.6339840036835,3024.9557613474335,3188.403474408864,95048
2018-10-26,3253.313232421875,3356.5433638352615,3134.44217200646,3234.5441176194413,183540
2018-10-29,3311.184814453125,3455.0813675611494,3073.442683231172,3125.8397976781157,132561
2018-10-30,3161.8134765625,3336.99186358946,3148.5186882613466,3316.6586579524023,115590
2018-10-31,3056.237060546875,3078.134357807702,2969.4299178343103,3059.3652458698502,112334
2018-11-01,2963.955810546875,3070.3141193158394,2956.9173930548113,3026.5195215874423,63583
2018-11-02,3019.4814453125,3092.993814092447,2909.994938618962,2924.8538216702277,79611
2018-11-05,2967.083740234375,3036.6858627649126,2948.314628540747,3003.057870980496,40088
2018-11-06,2913.12255859375,2974.1221719012165,2907.648234322567,2971.7760329278526,35130
2018-11-07,2728.560546875,2851.341861251433,2723.0862207563055,2835.7009294837344,101316
2018-11-08,2745.76513671875,2780.957227619446,2723.0857892494123,2754.367647827809,46134
2018-11-09,2820.84130859375,2871.6743235808844,2782.521035757295,2790.3414996014694,52687
2018-11-12,2983.507080078125,3001.4941476644412,2834.918260886816,2845.0848643051686,68922
2018-11-13,3000.712158203125,3027.301736878889,2893.571797068429,2967.0841616426,73446
2018-11-14,3064.83984375,3121.1471845895,2917.033074046313,2931.1099092561876,92016
2018-11-15,2967.8662109375,3173.5444226572795,2951.4432358572135,3115.672986660079,86734
2018-11-16,2948.31494140625,3030.4298137796336,2914.6869460533408,3011.660700094289,58484
2018-11-19,3096.904052734375,3130.532051286794,2959.263872612847,2970.2125233043325,81741
2018-11-20,3268.172119140625,3304.9283023422545,3171.98040565551,3229.8518430367985,71132
2018-11-21,3237.67236328125,3239.236456210371,3162.595902683424,3207.9545976279437,30257
2018-11-23,3304.146240234375,3311.9667047083026,3248.62094246949,3311.18465826091,19342
2018-11-26,3149.30126953125,3227.5059198796794,3146.1730835173125,3212.6470363134777,55390
2018-11-27,3118.01904296875,3211.8646123583285,3117.23699655717,3190.7493592456735,31316
2018-11-28,2903.738037109375,3110.9803155456752,2902.955990775653,3072.6600451933027,43296
2018-11-29,2921.72509765625,2970.2119702618947,2871.6741323859073,2931.1096536444393,30995
2018-11-30,2865.41845703125,2938.9308301101087,2848.2134335447086,2929.5462718447225,26678
2018-12-03,2758.27783203125,2811.4569906868,2720.7396023920383,2724.6498346461226,40376
2018-12-04,3014.0068359375,3035.904135212604,2770.7904047033117,2784.0851935489104,80097
2018-12-06,3035.904541015625,3290.8517023683025,3035.904541015625,3171.198586764132,92546
2018-12-07,3253.313232421875,3286.1591833261346,2995.237903888409,3056.237526996319,85440
2018-12-10,3237.67236328125,3439.4403511379073,3198.5700400532155,3265.043989540874,77147
2018-12-11,3236.1083984375,3297.890071583117,3099.250261722526,3108.634819668696,64394
2018-12-12,3185.275146484375,3189.9674251190195,3058.583623348979,3114.8909669647105,59367
2018-12-13,3191.531005859375,3238.4537846762246,3117.23660606603,3153.2107364922813,61675
2018-12-14,3369.837890625,3393.2992822979522,3243.928421980158,3283.0307414350777,55089
2018-12-17,3575.51611328125,3641.9900567696372,3365.145633300354,3415.1966025151396,93811
2018-12-18,3582.553955078125,3656.8483505665386,3462.118829760065,3495.7468192969263,80958
2018-12-19,3749.13037109375,3824.9888704671525,3408.940193491376,3578.6442590999163,132463
2018-12-20,3928.218505859375,4044.7434028080206,3733.488980086135,3811.6936089107294,123172
2018-12-21,4176.12744140625,4209.755433911956,3746.001955868153,3888.334389264396,108945
2018-12-24,4500.67626953125,4511.624917276417,4199.588456539151,4265.280343010154,52597
2018-12-26,3836.86181640625,4543.466202484749,3687.6897793452335,4413.922065037024,101598
2018-12-27,3737.937255859375,4168.965937536921,3737.152139863605,3999.380882450673,61789
2018-12-28,3755.209716796875,3814.878531029901,3592.6907096095547,3675.9130031450904,65580
2018-12-31,3653.929931640625,3771.6973338207054,3650.7894675824896,3678.268528091175,45833
2019-01-02,3650.003662109375,3836.8612382724273,3605.2520577341897,3836.8612382724273,60633
2019-01-03,3909.876708984375,3938.140877964985,3726.1596106104103,3737.1512318806476,79109
2019-01-04,3519.67431640625,3771.696501453407,3487.4845669142455,3753.638837104234,61182
2019-01-07,3440.378173828125,3548.7241774767517,3372.0730845713824,3505.542799210995,33071
2019-01-08,3344.593505859375,3453.7246085153497,3321.040030465999,3342.238158320037,42031
2019-01-09,3301.412109375,3365.791608297414,3258.2307381465516,3310.833499461207,46635
2019-01-10,3259.80126953125,3390.130511039484,3253.5203422296486,3363.4365700076773,62266
2019-01-11,3260.586181640625,3332.8168410942576,3259.8010657769983,3309.2633651854644,25246
2019-01-14,3320.256103515625,3357.1565615116606,3286.49611002989,3343.0244712153067,26125
2019-01-15,3207.198486328125,3304.552858985331,3193.8515158831856,3303.7677430768053,37086
2019-01-16,3186.000732421875,3196.99235643713,3149.1002803706606,3189.926312427323,29806
2019-01-17,3116.910400390625,3224.471288263047,3080.7950657765273,3222.9010563233037,41853
2019-01-18,2992.86181640625,3075.2989860606717,2974.0190347709536,3046.2496977062565,54686
2019-01-22,3111.415283203125,3174.2245748145933,3042.325062430509,3049.3911077367998,48781
2019-01-23,3100.4228515625,3192.281416675899,3047.034967564969,3071.373561740314,43485
2019-01-24,3089.431396484375,3144.389515354491,3069.803496887905,3105.133716161551,38445
2019-01-25,3014.844970703125,3038.398447036743,2983.440335591634,3021.125897725423,42200
2019-01-28,3083.150146484375,3151.45522994354,3081.579914680716,3097.2822327173058,36580
2019-01-29,3098.852783203125,3129.4723065233484,3058.026752109494,3080.795115604019,26598
2019-01-30,2948.110107421875,3068.2328361663617,2918.27570420429,3039.1835488229235,67896
2019-01-31,2876.6650390625,2962.242683510593,2860.17760297617,2954.391523469483,59192
2019-02-01,2870.384033203125,2898.6482085847747,2835.0538139760624,2868.8138012374775,31471
2019-02-04,2810.71484375,2894.722242711243,2809.9297278718577,2869.5985346106845,60920
2019-02-05,2775.385009765625,2814.6408090550967,2766.7487339219415,2795.012909410361,31754
2019-02-06,2786.376708984375,2813.0706532237296,2770.6743888435785,2787.161824991415,60610
2019-02-07,2870.384033203125,2926.912383966425,2827.98777013065,2846.8305537184165,101705
2019-02-08,2859.392333984375,2944.9699738537593,2857.822102060166,2918.276031142208,97380
2019-02-11,2857.03662109375,2875.094285915173,2829.557565930716,2837.408724548726,37652
2019-02-12,2747.90576171875,2802.0787610212055,2733.7736749441965,2800.5085291573664,57047
2019-02-13,2720.426513671875,2733.773483580222,2692.162342101258,2721.2116295488368,56151
2019-02-14,2742.409912109375,2787.1615196072953,2703.9392319795843,2761.2526942137624,60480
2019-02-15,2653.692138671875,2690.592591487726,2652.1219066371577,2682.7414313141408,47357
2019-02-19,2640.345458984375,2680.386380307064,2618.3622080621144,2680.386380307064,29768
2019-02-20,2623.85791015625,2656.832785149237,2609.7258208735416,2641.9155797952667,38051
2019-02-21,2653.692138671875,2684.311663348858,2634.8493542552696,2645.055862480931,48589
2019-02-22,2605.015380859375,2642.7009559893477,2600.3046839681283,2634.8497945039367,31149
2019-02-25,2593.23779296875,2597.948488323825,2545.345723525488,2561.8331572682505,39064
2019-02-26,2601.08935546875,2613.6512116979984,2574.395410981597,2608.94051561203,57575
2019-02-27,2605.015380859375,2653.6925820689235,2594.0237547797997,2625.4284007214437,45909
2019-02-28,2624.64306640625,2632.4942272390535,2601.0895839078394,2616.0067894901663,38755
2019-03-01,2573.610595703125,2618.3622137492134,2561.0487380059776,2572.8254795970533,53005
2019-03-04,2601.08935546875,2673.320028786928,2535.1396102651956,2541.42053837982,76088
2019-03-05,2612.8662109375,2631.70899611253,2593.2383097135103,2600.3043541541465,39671
2019-03-06,2663.11328125,2671.7495566314124,2612.080744905292,2612.080744905292,55240
2019-03-07,2729.847900390625,2758.112071921848,2674.8897890799135,2678.81536845925,83937
2019-03-08,2746.335693359375,2809.93008763099,2743.1952294447274,2795.7980000150756,72186
2019-03-11,2626.212890625,2725.1375017516816,2623.8575427410315,2725.1375017516816,47067
2019-03-12,2600.3037109375,2617.5762597420367,2583.8162779877152,2611.2953329040233,33715
2019-03-13,2546.916259765625,2578.320899220195,2520.2223162292407,2572.8250873156453,42763
2019-03-14,2553.982177734375,2568.899380739894,2537.494742833538,2549.2714820484216,28211
2019-03-15,2517.8671875,2544.561133360617,2494.313705858279,2538.280204922825,34462
2019-03-18,2491.17333984375,2519.437518928016,2484.107295072684,2513.9417063282976,33812
2019-03-19,2487.247802734375,2517.082214509598,2438.5706045748007,2462.12408755524,57690
2019-03-20,2514.24755859375,2546.5218697716914,2462.293789380479,2499.2911704868993,99551
2019-03-21,2433.955810546875,2541.0120816446674,2418.999419731742,2541.0120816446674,71702
2019-03-22,2570.924072265625,2573.2856069309028,2455.208873667019,2471.7396163239628,111704
2019-03-25,2578.79638671875,2616.5809491615155,2546.5220729655543,2584.30663540832,90139
2019-03-26,2524.4814453125,2564.6275487459075,2491.419948367341,2524.4814453125,69625
2019-03-27,2559.11669921875,2607.9217546944687,2504.8013955441593,2521.332140140774,79747
2019-03-28,2531.56494140625,2579.582808765013,2520.544447258337,2543.372613707585,45510
2019-03-29,2482.76025390625,2523.693523786759,2478.037184304653,2488.2705017747803,48512
2019-04-01,2398.5322265625,2437.1039624015425,2391.447622020635,2428.4450012948187,43229
2019-04-02,2396.9580078125,2418.2118226600983,2389.8734028633003,2395.383651157122,22490
2019-04-03,2385.15087890625,2403.2559845877163,2352.089381574876,2363.897059193224,46284
2019-04-04,2367.044921875,2397.744872640921,2362.321852526397,2378.0654170217413,36841
2019-04-05,2337.91943359375,2359.17324662642,2334.7707205518727,2349.7271075007893,26760
2019-04-08,2329.260498046875,2365.4706984220547,2327.6861415088238,2348.1527765034907,27652
2019-04-09,2367.831787109375,2381.2138151615222,2348.152334091511,2357.598471540086,33102
2019-04-10,2343.42919921875,2367.831720272086,2340.2804868247713,2356.0240487946653,22233
2019-04-11,2346.578125,2361.534510231466,2330.8345615984567,2330.8345615984567,20226
2019-04-12,2300.135009765625,2321.3888240242395,2291.4760484010044,2304.8580796008728,24673
2019-04-15,2304.85791015625,2326.111722852363,2295.4117711802,2297.7733059242123,18080
2019-04-16,2300.922119140625,2315.87850650418,2280.455483801023,2282.029840365608,19701
2019-04-17,2319.814697265625,2330.0480162559384,2272.58399423341,2273.37117261728,26128
2019-04-18,2305.645263671875,2341.068287524806,2300.1350155169744,2304.0709070561893,57136
2019-04-22,2300.922119140625,2330.8348938677354,2296.986227729163,2328.4733590208584,44542
2019-04-23,2240.3095703125,2298.5607678540055,2234.012143551256,2291.4761627476064,59335
2019-04-24,2256.052490234375,2258.4140245926105,2234.011502890843,2241.8832840849614,23357
2019-04-25,2261.56298828125,2292.2629383484164,2244.245067730541,2259.9886318675494,33101
2019-04-26,2230.863037109375,2280.4552641163937,2228.501502489993,2259.9886307484176,35180
2019-04-29,2222.991455078125,2230.8632378510647,2207.247889532246,2228.5017030191825,15568
2019-04-30,2219.055908203125,2265.4994337738895,2211.1841242080804,2230.863584195692,44351
2019-05-01,2268.64794921875,2268.64794921875,2197.0147211205867,2201.7377911050808,43378
2019-05-02,2283.60400390625,2322.1757364782616,2248.968162413015,2274.9450435329413,76184
2019-05-03,2215.9072265625,2252.1174334619227,2211.184156097358,2247.3943629967807,55129
2019-05-06,2244.2451171875,2333.983434746032,2235.586156721326,2328.4731871766485,50553
2019-05-07,2359.17333984375,2407.978393921265,2293.0503633516328,2307.2195725999436,92640
2019-05-08,2367.831787109375,2386.724062006524,2322.9626342286456,2368.6189652300895,79044
2019-05-09,2389.873291015625,2476.4629030089445,2375.7040817803545,2428.4450272671947,91845
2019-05-10,2357.59912109375,2503.2271135486226,2337.1324843163084,2419.786209763669,100497
2019-05-13,2534.714111328125,2559.9038167823173,2472.527025988087,2500.07826632861,105798
2019-05-14,2472.52734375,2511.0990851838587,2423.72228316022,2506.3760148042024,79543
2019-05-15,2425.296142578125,2524.4806002103364,2408.765399639423,2518.9703525641025,95604
2019-05-16,2363.109130859375,2410.3398263462377,2322.175861437427,2407.19111331378,87849
2019-05-17,2407.978759765625,2425.2966848113406,2339.4942379939316,2424.5095064001716,81695
2019-05-20,2456.783203125,2477.2498366659324,2418.9986488955865,2452.8473120594363,62831
2019-05-21,2390.660888671875,2415.8505983977557,2380.427569095736,2407.191635679484,41165
2019-05-22,2411.91455078125,2425.296583210519,2387.512021057288,2418.9991561849806,37912
2019-05-23,2500.077880859375,2542.585502259377,2477.249713811226,2477.249713811226,72965
2019-05-24,2489.057861328125,2506.3757844619704,2449.6989451148406,2461.5066199788257,39071
2019-05-28,2558.329345703125,2558.329345703125,2452.8474588341346,2480.398697941707,36116
2019-05-29,2607.92138671875,2653.577722495897,2581.9445060179596,2592.965000860719,90932
2019-05-30,2591.39013671875,2625.2387928180533,2562.264548912373,2589.028602572287,50523
2019-05-31,2692.14990234375,2697.6601506818806,2645.70638063665,2671.6832656592655,64619
2019-06-03,2719.70068359375,2762.208306434289,2659.875140336695,2695.2981593704776,78463
2019-06-04,2540.224365234375,2658.301109822276,2537.862830342617,2643.344722174475,88427
2019-06-05,2477.249755859375,2548.8829709160013,2475.675399484504,2492.993319608084,55572
2019-06-06,2430.019287109375,2488.270478313163,2410.3398306216086,2469.3782000849073,50989
2019-06-07,2359.960205078125,2406.403718120023,2326.8987212177913,2400.8934708099673,65445
2019-06-10,2327.686279296875,2327.686279296875,2280.455580359502,2315.878604562532,49695
2019-06-11,2329.260498046875,2345.004063427388,2267.860593062875,2278.0939105602083,52089
2019-06-12,2341.06787109375,2354.449899946673,2320.601238730456,2335.557623919017,41488
2019-06-13,2310.36767578125,2336.344552544719,2303.283073027577,2317.4522785349236,32902
2019-06-14,2322.17578125,2341.855237023305,2306.432216631356,2322.17578125,28438
2019-06-17,2317.453125,2324.537730341372,2299.3480224609375,2317.453125,20723
2019-06-18,2248.96826171875,2280.4553917393137,2219.8426664497288,2272.5836092341724,75310
2019-06-19,2230.076171875,2268.647909404783,2218.268497120985,2244.2453815798185,46488
2019-06-20,2169.463623046875,2219.843039547238,2159.2303040702386,2165.527731132784,52765
2019-06-21,2178.909912109375,2185.2073396010205,2146.6355962146913,2178.1227336729194,46045
2019-06-24,2189.14306640625,2192.2917799142056,2167.8892502275485,2176.548212374427,20219
2019-06-25,2253.87841796875,2256.252587650599,2188.1930567709246,2189.775836558824,40561
2019-06-26,2261.0009765625,2264.1665362076697,2217.474531441416,2230.928159933387,34870
2019-06-27,2235.67626953125,2251.504066129701,2225.3882017422566,2242.798778000553,27225
2019-06-28,2201.64697265625,2226.971452571778,2192.941682685287,2213.517822616654,35963
2019-07-01,2147.040283203125,2174.7389230527783,2116.967474223501,2121.715812483442,46727
2019-07-02,2128.838623046875,2167.616724358881,2128.838623046875,2147.831978791531,41620
2019-07-03,2079.772705078125,2118.5508110708297,2079.772705078125,2115.385251397956,35182
2019-07-05,2087.6865234375,2138.335476242655,2083.729573999597,2109.0540504021747,58969
2019-07-08,2120.9248046875,2135.169822032416,2110.6367366050604,2118.5506351300137,30373
2019-07-09,2113.802734375,2150.9980651558403,2108.2630042587048,2150.9980651558403,30083
2019-07-10,2084.521240234375,2102.723210061782,2063.153710436984,2089.2695801893506,48429
2019-07-11,2072.64990234375,2094.8088169163448,2066.3187838944373,2071.067122731422,57161
2019-07-12,2045.7425537109375,2068.6928570214277,2042.5769946336286,2062.36173886681,37206
2019-07-15,2041.7857666015625,2053.656614081804,2035.4546479454336,2036.2460377774496,17718
2019-07-16,2064.736328125,2070.2760576370256,2040.9946302163185,2045.7429697980547,24927
2019-07-17,2105.888671875,2105.888671875,2060.779444405299,2064.736394183343,26371
2019-07-18,2084.521240234375,2129.630469806645,2075.0245603244234,2120.1337898966935,37363
2019-07-19,2121.716552734375,2124.090722692675,2059.196743832467,2059.988133818567,35049
2019-07-22,2103.51416015625,2123.298905831158,2091.643312751305,2111.4280584262133,24213
2019-07-23,2061.570556640625,2097.9744896945476,2060.7791667916267,2078.1897434695898,27032
2019-07-24,2032.289794921875,2079.7732013452833,2032.289794921875,2078.19042113117,28598
2019-07-25,2061.570556640625,2079.7725231675863,2041.785810415667,2041.785810415667,31311
2019-07-26,2021.2095947265625,2048.9082383504583,2016.461255819609,2045.742679079156,32055
2019-07-29,2030.706298828125,2044.9513157333884,2023.5837903754932,2024.3751802035633,22132
2019-07-30,2046.533935546875,2072.649797833436,2038.620037884281,2063.9445104045826,23083
2019-07-31,2118.55078125,2161.2858362322563,2037.8290107279606,2043.3687400775123,64032
2019-08-01,2173.1572265625,2190.5678088583395,2043.3692494480608,2113.802968735775,130004
2019-08-02,2220.639892578125,2259.4179947649845,2189.775688796747,2193.732637999488,88388
2019-08-05,2416.905029296875,2469.9281586232964,2323.521010483178,2326.6865704429642,122499
2019-08-06,2324.312255859375,2412.156539277962,2317.189746393003,2369.4214824797305,89800
2019-08-07,2319.5634765625,2462.0136388897777,2298.9873420041154,2405.8249637495737,117206
2019-08-08,2187.401123046875,2294.238732168195,2185.818343652485,2279.9937176186854,115598
2019-08-09,2231.7197265625,2273.6633951822914,2192.941617838542,2208.7694173177083,89068
2019-08-12,2311.650146484375,2335.39184603745,2255.4614575420983,2267.3323073186357,56172
2019-08-13,2207.9775390625,2330.642957899305,2166.0338797183017,2321.14628031194,77090
2019-08-14,2399.49462890625,2403.451579151808,2291.0741921779663,2306.9019931601974,119052
2019-08-15,2384.457275390625,2440.64594666601,2358.341414093615,2376.543378027895,82745
2019-08-16,2277.619873046875,2339.3482782232672,2267.3318055174764,2338.5568884133136,61385
2019-08-19,2196.10693359375,2218.2658504011824,2179.4877459881754,2200.0638830236485,54348
2019-08-20,2247.5478515625,2250.713411916813,2196.1074958049076,2209.5611273107393,44227
2019-08-21,2195.3154296875,2210.351836740154,2183.444582014352,2192.94126015287,40972
2019-08-22,2197.68994140625,2241.216389651602,2160.494612905676,2177.1138022357195,57508
2019-08-23,2365.464111328125,2397.9110931161654,2188.192796193465,2230.1364555780046,126084
2019-08-26,2287.907958984375,2348.0535850247807,2287.907958984375,2306.901314576082,67069
2019-08-27,2314.8154296875,2334.6001769497866,2242.0075597622863,2252.295628338675,62605
2019-08-28,2269.705810546875,2354.3845140784356,2262.5833027731924,2334.59977026265,51967
2019-08-29,2180.27880859375,2227.76219462483,2168.40796208598,2200.8549425405513,65162
2019-08-30,2185.818603515625,2207.9775176714675,2144.6663343690598,2144.6663343690598,64312
2019-09-03,2221.431396484375,2256.252551256485,2204.8122089795042,2229.345295296218,63422
2019-09-04,2150.2060546875,2188.1927645237165,2148.623275110991,2169.1994096056083,47654
2019-09-05,2067.90185546875,2092.434942923603,2044.951547849694,2089.269383252009,81817
2019-09-06,2059.98828125,2075.024692062044,2048.117430608913,2058.405501164522,44594
2019-09-09,2059.98828125,2080.564422361218,2037.8293600533038,2037.8293600533038,25865
2019-09-10,2059.196533203125,2106.67992751219,2059.196533203125,2078.189890926751,43420
2019-09-11,2016.46142578125,2069.484548044729,2016.46142578125,2056.0309200077268,45896
2019-09-12,1999.05078125,2014.8785784095408,1974.5176956527116,1998.259391392023,55719
2019-09-13,2004.5906982421875,2010.921817699723,1981.6403902086213,1989.5542895305407,28903
2019-09-16,2020.41845703125,2036.2462553628695,2011.713167948859,2028.3323561970597,30251
2019-09-17,2006.9652099609375,2029.9155219044972,2004.5910397598798,2028.3327417704586,51976
2019-09-18,2002.2164306640625,2060.7792827862527,2000.6336508769764,2016.4614487478384,50218
2019-09-19,2005.3818359375,2012.5043444313585,1973.7262426314621,1996.6765477783395,29519
2019-09-20,2036.246337890625,2050.491356966424,1986.388771125328,1991.9285007659166,49881
2019-09-23,2036.246337890625,2055.2396966583574,2019.6271489688593,2049.699967017769,25059
2019-09-24,2086.895263671875,2105.0972322211555,2002.2165404208736,2012.5046096009019,100979
2019-09-25,2048.9052734375,2117.2551002472846,2036.9837920171888,2083.8749522704134,63101
2019-09-26,2062.41650390625,2093.4123588782513,2044.1368971278903,2048.905490200506,42208
2019-09-27,2096.591552734375,2130.7664719032823,2042.5474945137769,2044.1370256379123,70759
2019-09-30,2064.80078125,2085.464684372594,2049.700236660412,2083.875153363164,35599
2019-10-01,2141.097900390625,2145.071727228766,2032.2150450255485,2046.5208216428578,71272
2019-10-02,2255.54443359375,2285.745521851876,2179.2469474679574,2180.041712948434,100068
2019-10-03,2199.910888671875,2331.8419607526303,2199.910888671875,2261.902597239941,106388
2019-10-04,2112.48681640625,2184.810480925802,2106.128692052883,2183.22094983746,76951
2019-10-07,2140.303466796875,2145.8668252326634,2092.61753734726,2130.766280906952,57963
2019-10-08,2237.264892578125,2239.6491890888656,2166.5307627594916,2185.6051348454153,86855
2019-10-09,2176.06787109375,2203.8846627257008,2152.2249068377923,2187.989353221729,49363
2019-10-10,2133.94482421875,2183.220272673708,2110.8966305865924,2180.8359767807265,50800
2019-10-11,2066.39013671875,2070.3639639047474,2013.9356178635817,2068.7744330303485,99053
2019-10-14,2071.158935546875,2081.4908872591195,2059.2374528019773,2075.1327631285076,27964
2019-10-15,2013.140869140625,2052.0843758867327,1995.6560293770665,2051.2896104429346,53240
2019-10-16,2023.4730224609375,2033.0102087411933,2007.5777119938446,2023.4730224609375,37272
2019-10-17,2007.5775146484375,2021.0885272173305,1986.1188476272548,1997.2455638604606,33109
2019-10-18,2031.4207763671875,2052.084680978121,2004.3987472605816,2017.9097618138844,34233
2019-10-21,1990.0926513671875,2013.9356144426729,1987.708355059639,2004.3984292124787,25932
2019-10-22,2010.756591796875,2013.1408881507841,1974.9921464882348,1980.5555046473567,33606
2019-10-23,1994.066650390625,2022.6782085468874,1993.2718848862844,2018.7043810251844,33929
2019-10-24,1985.3238525390625,2003.6034556649224,1971.812841532992,1975.7866682994834,40886
2019-10-25,1962.2757568359375,1998.8349649422369,1950.3542759317093,1998.0401995486216,54056
2019-10-28,1926.511962890625,1937.6386821482442,1917.7695406167813,1937.6386821482442,35680
2019-10-29,1932.0750732421875,1937.6384321532098,1911.411168715533,1935.2541354770574,39876
2019-10-30,1913.000244140625,1954.3280433493132,1906.6421211854422,1928.1007861591843,65051
2019-10-31,1929.6910400390625,1959.8921353938747,1915.385258028888,1916.18002369612,46795
2019-11-01,1878.0306396484375,1903.4631324409681,1876.4411088489044,1899.4893054421352,55218
2019-11-04,1855.7779541015625,1862.136079854373,1842.2669368768402,1845.4459997532454,35506
2019-11-05,1862.1353759765625,1866.9039684886664,1844.650536765515,1850.2138946963028,34524
2019-11-06,1858.9564208984375,1879.6203229691341,1854.9825935771498,1861.3407172912102,41556
2019-11-07,1840.6767578125,1851.0087085256098,1817.6285600678702,1835.11339973621,64343
2019-11-08,1827.9610595703125,1862.1359837274968,1827.9610595703127,1847.8302015221639,37854
2019-11-11,1838.2923583984375,1857.3667278759829,1835.1132968188465,1854.1876662963919,24195
2019-11-12,1828.75537109375,1842.2663842656725,1809.680999556918,1831.9344330165552,38969
2019-11-13,1824.7816162109375,1851.8036436286952,1817.6287266003544,1847.0350505549732,54249
2019-11-14,1818.42333984375,1843.855834107299,1816.833808952278,1832.7291178669961,38313
2019-11-15,1777.890625,1806.502186242736,1777.890625,1795.375467981672,47244
2019-11-18,1774.7113037109375,1792.9909096157076,1771.5322418144558,1783.4537239262622,37684
2019-11-19,1777.0955810546875,1789.811828504095,1765.1740990708681,1765.968864536456,38548
2019-11-20,1797.759765625,1827.1660924720934,1779.4801570443744,1788.2225785394562,80672
2019-11-21,1808.0914306640625,1823.1919744805973,1794.5804177755836,1796.964714167668,63940
2019-11-22,1796.1702880859375,1815.2446628266732,1791.4016944007537,1792.196460014951,42007
2019-11-25,1753.2525634765625,1777.8902921564234,1753.2525634765623,1777.0955267151376,48317
2019-11-26,1742.1260986328125,1759.6109408636162,1738.94703640903,1752.4580508601057,47121
2019-11-27,1720.6673583984375,1738.9469654391598,1719.8725928749277,1733.3836067745922,43878
2019-11-29,1741.3310546875,1744.5101164030407,1725.4357461097957,1730.9991041119922,36893
2019-12-02,1783.4539794921875,1792.1964009602864,1734.1785130356297,1736.5628097996566,88203
2019-12-03,1820.8076171875,1862.9301853721083,1819.218086312609,1836.7029259364087,99884
2019-12-04,1785.838134765625,1807.296803941714,1775.5061829401009,1800.143914216351,58097
2019-12-05,1777.0955810546875,1802.5280759535024,1773.9165191923357,1773.9165191923357,54927
2019-12-06,1730.9991455078125,1742.920627226186,1722.2567255810054,1742.920627226186,83730
2019-12-09,1746.10009765625,1746.89486329014,1724.641425541221,1737.3576756834605,26334
2019-12-10,1751.6630859375,1764.379333385322,1735.7677766277222,1748.4840240755443,53997
2019-12-11,1737.3572998046875,1751.663078119639,1733.3834724949786,1743.7154235002215,34123
2019-12-12,1692.8504638671875,1742.9206888548085,1679.3394507752898,1738.1520959988445,131061
2019-12-13,1690.466064453125,1711.924730997664,1669.007397908586,1697.6189533013046,103029
2019-12-16,1655.4964599609375,1661.0598182037252,1645.959274401873,1661.0598182037252,69799
2019-12-17,1656.2911376953125,1656.2911376953125,1645.1644217990868,1648.3434834837226,66595
2019-12-18,1654.701904296875,1656.291435424922,1644.3699519645697,1648.343779784687,35486
2019-12-19,1634.8323974609375,1653.1120013217064,1634.0376320756868,1653.1120013217064,66029
2019-12-20,1609.3997802734375,1619.7317294801312,1603.8364230082948,1618.1421988329475,60530
2019-12-23,1606.2210693359375,1610.1948968206873,1600.6577108572874,1603.0420073481375,38450
2019-12-24,1606.6998291015625,1612.286962138677,1603.507181651783,1604.3053435142278,22885
2019-12-26,1582.7550048828125,1601.9108899646017,1582.7550048828125,1601.9108899646017,47394
2019-12-27,1583.5531005859375,1592.332880881525,1569.9843492200298,1569.9843492200298,60929
2019-12-30,1611.489013671875,1617.874309416984,1581.1588588826075,1583.5533447870232,87618
2019-12-31,1597.9202880859375,1625.0577954760083,1595.5258021397547,1620.2688235836429,90148
2020-01-02,1555.617431640625,1590.7365527243537,1555.617431640625,1573.1769921824894,75511
2020-01-03,1589.938720703125,1609.8927709127524,1573.9754805354228,1609.8927709127524,98406
2020-01-06,1572.37890625,1621.0667810120558,1572.37890625,1621.0667810120558,72664
2020-01-07,1587.5440673828125,1593.9293627770119,1573.975314670139,1581.956933912888,53182
2020-01-08,1562.0028076171875,1587.5439879154758,1542.0487605091498,1584.3513403781897,116755
2020-01-09,1531.672607421875,1546.0395208838834,1529.2781218448738,1537.2597404348783,99646
2020-01-10,1544.4434814453125,1550.8287774926316,1519.700459261951,1522.0949452796956,84337
2020-01-13,1512.5167236328125,1541.2505505725387,1512.5167236328125,1534.0670938376072,63767
2020-01-14,1520.498291015625,1527.6817475086123,1503.7368925319881,1518.1038055179627,84864
2020-01-15,1510.92041015625,1522.892838128962,1497.3516584538431,1522.0946762641145,76315
2020-01-16,1475.80126953125,1492.5626684821189,1472.608622112037,1490.168182917709,62786
2020-01-17,1457.4434814453125,1471.012232367859,1455.8471578073656,1462.2324523591524,42957
2020-01-21,1468.617919921875,1474.2050533128822,1456.6454912268598,1473.406891399881,57605
2020-01-22,1466.2235107421875,1469.4161585608965,1445.4712999205778,1455.0492433767054,43970
2020-01-23,1461.4346923828125,1493.3611739203943,1460.6365303443729,1478.196095190043,71409
2020-01-24,1502.938720703125,1521.2964427297695,1452.6545255866636,1454.2508492411544,112561
2020-01-27,1573.9754638671875,1585.9478938661773,1552.4250898690061,1580.3607598666488,160847
2020-01-28,1526.085693359375,1560.4066582204907,1512.5169398096316,1552.4250384853476,124195
2020-01-29,1530.076171875,1533.2688190776603,1502.1405088517213,1505.3331560543818,70128
2020-01-30,1514.911376953125,1573.975361091445,1511.7187291618645,1563.5992557698482,184812
2020-01-31,1597.1219482421875,1612.2870242125032,1523.6910540701329,1526.0855397496564,185257
2020-02-03,1563.5992431640625,1576.3698342261475,1533.26908939161,1575.5716722847674,138052
2020-02-04,1491.7647705078125,1511.718820407596,1478.1960165759597,1506.929848431648,143453
2020-02-05,1439.884033203125,1470.214184678579,1437.489547560326,1447.865652012455,119280
2020-02-06,1427.1134033203125,1442.2784786352374,1423.9207558855915,1427.1134033203125,65572
2020-02-07,1448.663818359375,1456.645437193311,1431.9024188081096,1442.2785232922263,77869
2020-02-10,1416.7374267578125,1463.030818730744,1416.7374267578125,1463.030818730744,57540
2020-02-11,1409.5540771484375,1416.73753507275,1387.2055413839096,1398.3798092661734,58885
2020-02-12,1383.214599609375,1395.985190257817,1380.0219519472646,1389.599894933596,65179
2020-02-13,1388.00341796875,1406.361140000539,1375.2328287292446,1403.1684926906628,67262
2020-02-14,1382.4161376953125,1399.9756960263153,1380.0216524683576,1383.2142994376306,72943
2020-02-18,1392.792236328125,1411.9481180885118,1387.2051041480122,1395.9848832881896,72176
2020-02-19,1372.0404052734375,1384.012834638825,1364.0587856965124,1380.0220248503626,47118
2020-02-20,1390.39794921875,1430.3060419058554,1369.6457410214553,1380.8200069738448,119355
2020-02-21,1433.4986572265625,1444.6729229287741,1405.5629929710337,1409.553802150395,104680
2020-02-24,1576.369873046875,1592.3331122676027,1533.2691271509098,1565.1956055923654,232643
2020-02-25,1719.2403564453125,1735.203590952697,1545.241100314821,1554.0208792938827,277865
2020-02-26,1737.5982666015625,1752.7633410459491,1630.6445836779935,1695.2956905198523,244345
2020-02-27,1974.6524658203125,1976.2487895598601,1772.7175127675482,1842.9557573076402,342752
2020-02-28,2006.57861328125,2216.4951507883975,1996.2025106668284,2152.6422116227254,384562
2020-03-02,1737.5982666015625,2038.5052700507076,1737.5982666015625,1961.0835742030495,309017
2020-03-03,1889.2491455078125,1934.7443720789768,1658.5803651733142,1731.2130953132428,265551
2020-03-04,1648.204345703125,1829.387099443856,1648.204345703125,1778.3047371557202,264946
2020-03-05,1815.02001953125,1854.9281114294745,1720.8369226514403,1779.102736822848,220094
2020-03-06,1902.817626953125,2037.7069637631412,1883.6617448025904,1985.8264496054426,316865
2020-03-09,2354.577392578125,2370.540629137977,2163.816715687897,2314.6693011784955,243537
2020-03-10,1997.00146484375,2377.7247656952563,1995.4051407311651,2094.377235711431,243348
2020-03-11,2286.7333984375,2360.1642789457896,2130.293696485057,2155.834872314027,208303
2020-03-12,2952.400390625,2956.391199479589,2480.686784012571,2793.5661982123547,331293
2020-03-13,2147.853271484375,2899.721640766531,2139.871653976072,2417.631943265021,317090
2020-03-16,2849.43798828125,2953.1990354735644,2458.3386565563724,2861.41041680344,274405
2020-03-17,2411.2470703125,2951.602669982001,2269.1742538558215,2669.8515227392627,267294
2020-03-18,2687.411376953125,3060.951182243907,2566.8889184084496,2823.8970750401418,263099
2020-03-19,2687.411376953125,2991.5110902347233,2484.678234765393,2756.0533069851917,256283
2020-03-20,3059.354248046875,3069.7303516796974,2539.750904587831,2601.2093645668574,289660
2020-03-23,3314.7666015625,3486.3714220142065,3045.7860225288946,3093.675739864255,288395
2020-03-24,2393.6875,2887.7497082360787,2382.513233577859,2887.7497082360787,375918
2020-03-25,2290.740234375,2489.761280557615,2010.9917758853803,2338.6971129732206,421415
2020-03-26,1887.10302734375,2223.60043289721,1842.3432774364014,2214.0090579170637,484765
2020-03-27,2040.5650634765625,2096.5147518601734,1888.7016235781891,2047.7585948401695,387007
2020-03-30,1847.138916015625,2039.7656917662807,1830.3540102448208,1993.4073805897742,324346
2020-03-31,1927.8663330078125,1958.239019846244,1808.7734293518572,1865.5223968657688,338292
2020-04-01,2182.837646484375,2234.7909408898986,2066.941835887438,2146.0706996743124,450375
2020-04-02,2035.769287109375,2227.5967817722135,2012.590131504282,2214.0090009002624,511220
2020-04-03,2121.29248046875,2194.0270756920568,1999.8017280078418,2060.547104238296,411046
2020-04-06,1692.8775634765625,1903.0885168261075,1642.522848415645,1873.5151127427114,446814
2020-04-07,1684.085693359375,1688.082099845752,1498.6524323914703,1510.641651850602,596865
2020-04-08,1513.0394287109375,1675.2935248695853,1489.860272116845,1628.9352116814002,484811
2020-04-09,1441.9034423828125,1489.061038336574,1394.745846429051,1455.4912242677947,600926
2020-04-13,1485.8636474609375,1550.6054201582672,1457.0895262621243,1461.0859319841816,447435
2020-04-14,1350.7852783203125,1414.7277767023393,1337.9967786439072,1397.143589647282,468604
2020-04-15,1438.7064208984375,1470.6776746961805,1408.3337297905816,1441.1042649332683,431955
2020-04-16,1416.326416015625,1469.078980043295,1402.7386343721341,1417.1256972887716,446071
2020-04-17,1300.4305419921875,1366.7708831018074,1292.4377298103054,1321.2118536650805,421386
2020-04-20,1369.1689453125,1374.7639147329248,1306.8250003420535,1358.7782878174255,432782
2020-04-21,1497.0537109375,1509.8422103368594,1422.720558178724,1444.301150915143,549211
2020-04-22,1395.5450439453125,1431.512699717099,1365.1723568491373,1409.132825014654,441428
2020-04-23,1394.7457275390625,1401.1399772928232,1323.609699028474,1374.7636970585602,515849
2020-04-24,1337.1976318359375,1404.3372618862775,1326.8069748043374,1372.3660094813538,426130
2020-04-27,1277.25146484375,1314.0184031308668,1262.0651207686367,1307.6241529939768,356450
2020-04-28,1294.8355712890625,1301.2298210238234,1220.5024181224683,1226.097386640384,465640
2020-04-29,1194.126220703125,1233.2910030421162,1172.5456263530684,1217.30537759763,544908
2020-04-30,1229.29443359375,1250.8750250807664,1206.9145609405477,1213.3088102700342,499959
2020-05-01,1326.0076904296875,1341.993316595205,1284.4450623993416,1294.835719406928,465954
2020-05-04,1313.2188720703125,1376.3620801613379,1309.222466494931,1357.9786145145836,360421
2020-05-05,1277.25146484375,1284.444996247751,1235.6888389539658,1271.6564959739715,303935
2020-05-06,1302.0294189453125,1305.2265445903593,1246.879001568255,1254.0725342696103,294484
2020-05-07,1255.6707763671875,1263.6635884382708,1227.695934118396,1255.6707763671875,372319
2020-05-08,1192.5277099609375,1228.4953687734323,1188.5313034262158,1211.7104613276015,298844
2020-05-11,1192.5277099609375,1225.298243545655,1174.9435212081623,1220.502555703989,298084
2020-05-12,1263.663818359375,1266.061662416983,1170.947181465202,1177.3414322854899,339784
2020-05-13,1330.00390625,1365.9715599646934,1257.2693176269531,1274.05422269381,632960
2020-05-14,1282.0472412109375,1405.9358461907973,1282.0472412109375,1369.9681866805156,626635
2020-05-15,1265.26220703125,1333.2011126520058,1265.26220703125,1318.0147690426604,405996
2020-05-18,1148.5673828125,1179.7393577113778,1127.7860662132482,1175.7429506730602,428845
2020-05-19,1182.936279296875,1184.5348418364654,1134.9794031091637,1155.7607161238386,280109
2020-05-20,1124.5887451171875,1140.5743704919876,1112.5995260860875,1137.3772454170276,309760
2020-05-21,1147.7679443359375,1161.3557264067667,1114.9974111062902,1126.9866305805515,386336
2020-05-22,1140.57421875,1166.9504971093202,1138.176375262789,1150.9648738612473,241721
2020-05-26,1096.6138916015625,1103.0081416983646,1063.0440785933513,1065.4419223796522,338666
2020-05-27,1050.255615234375,1122.9902126364511,1049.4563339442423,1065.4419597468964,469594
2020-05-28,1054.251953125,1062.2447655065391,1015.0871724554587,1038.266328361922,389661
2020-05-29,1043.06201171875,1090.219604585728,1034.2699181333812,1061.445480124521,460684
2020-06-01,1027.0762939453125,1053.4525723112233,1020.6820446444856,1049.4561664982064,236504
2020-06-02,1002.2986450195312,1032.6713312322443,1002.2986450195312,1018.2842693420118,238191
2020-06-03,962.3347778320312,983.9153750093276,951.1448385549146,982.3168122554538,402826
2020-06-04,970.3274536132812,990.3094851951033,954.3418283478236,973.5245786663728,276500
2020-06-05,895.9944458007812,915.1771993237239,876.8116922778386,914.3779179269346,442437
2020-06-08,860.8258056640625,891.9977707716748,860.0265245074571,887.2020838320421,282357
2020-06-09,880.0086669921875,892.7971671482956,868.0194480958362,885.6036358104848,266503
2020-06-10,895.1951904296875,902.3887232099261,867.2203407287598,876.0124363490513,363947
2020-06-11,1051.0550537109375,1056.6500235786002,954.342003141338,959.9369730090007,742603
2020-06-12,1011.8901977539062,1071.8362995165785,960.736190916426,970.3275671984535,916075
2020-06-15,985.5137939453125,1087.02251400294,971.9260125202758,1075.832576358792,722654
2020-06-16,926.3670043945312,977.5210063628228,900.7900034103855,902.3885659718945,622074
2020-06-17,938.3561401367188,945.5496710236271,914.377703847024,917.57482868565,323502
2020-06-18,937.5568237304688,958.3381344013914,932.7611366525636,954.341728503137,268036
2020-06-19,954.341796875,966.331015428706,901.5892352386934,903.1877977125209,443632
2020-06-22,933.5604858398438,971.126704020043,931.162642126214,959.1374854518942,269327
2020-06-23,921.5712280273438,926.3669152503828,899.9906355236678,910.3812911735859,343800
2020-06-24,991.908203125,1010.2916750604351,935.9585059301974,942.3527570381748,625821
2020-06-25,962.3347778320312,1019.8830369714883,957.5390895704098,999.1017211711288,413830
2020-06-26,1027.875732421875,1035.0692639862582,969.5281986218774,971.9260424766718,503859
2020-06-29,984.7144775390625,1040.664163762873,983.9151963072937,1015.8864455780425,428087
2020-06-30,943.15185546875,989.5101670087394,927.9655120332362,988.7108857752913,318133
2020-07-01,923.968994140625,939.1553357398221,913.5783393622269,934.359648919023,320792
2020-07-02,909.58203125,916.7755622528558,879.2093447934974,891.99784435413,338373
2020-07-06,868.01953125,880.8080326312155,863.2238432320443,874.4137819406078,313000
2020-07-07,895.1951904296875,897.593034689767,864.0232150486537,882.4066877092635,254121
2020-07-08,873.6144409179688,903.9871296232594,872.8151596362505,888.0015039888959,292655
2020-07-09,888.0013427734375,919.9725882378277,866.4207520849742,868.8185954948034,386514
2020-07-10,860.8258056640625,903.1877069641511,859.2272433508517,891.1984896150694,331541
2020-07-13,883.2059326171875,890.3994651000424,820.0627030454609,840.8440191070418,554588
2020-07-14,848.8366088867188,907.9834159089571,846.4387653587901,895.9941982693142,557567
2020-07-15,824.8582153320312,846.4388081750204,816.8654031679612,821.6610904664032,405327
2020-07-16,835.2489624023438,847.2381819583583,830.453274579938,842.4424941359525,275459
2020-07-17,826.4568481445312,841.6431925495082,820.0625978687515,826.4568481445312,202649
2020-07-20,806.4747924804688,835.2489178811594,800.8798236525566,829.6539490532473,200633
2020-07-21,802.478271484375,809.6718018064461,787.2919296933361,790.4890542809231,247252
2020-07-22,787.2920532226562,805.6755224857234,785.6934906780417,804.876241213416,201604
2020-07-23,816.0661010742188,826.4567566216867,784.8941344318147,791.2883839994873,308804
2020-07-24,831.2526245117188,844.0411264272836,823.2598108144907,832.0519058814416,304303
2020-07-27,812.8690795898438,832.8511120281388,812.0697982923119,826.4568616478844,156231
2020-07-28,827.2560424804688,831.2524484827899,810.4711372707201,820.0625116762908,199096
2020-07-29,799.2811889648438,822.4603434448243,793.6862206420899,821.6610622558594,253097
2020-07-30,806.4747924804688,839.2453241868109,803.2776674359476,822.4604177030747,340721
2020-07-31,787.2920532226562,826.4568355657123,787.2920532226562,792.0877408564999,304055
2020-08-03,772.105712890625,779.2992443771836,764.9121814040664,775.3028379957622,211823
2020-08-04,762.514404296875,778.5000312213377,762.514404296875,778.5000312213377,159470
2020-08-05,748.1272583007812,754.521508371728,745.7294145241761,752.9229458539913,226826
2020-08-06,733.7400512695312,754.521359911152,731.3422079647289,751.3242355047488,206804
2020-08-07,730.5430908203125,746.528716440013,729.7438095393275,740.1344661921328,248735
2020-08-10,724.1488647460938,741.7330535147628,723.349583438427,727.3459899767608,178785
2020-08-11,742.5324096679688,748.1273793855961,712.1597169151347,715.3568424680645,309056
2020-08-12,712.15966796875,724.9481693015222,705.7654173023639,724.1488879682239,260489
2020-08-13,714.5574340820312,721.7509652976222,705.7653403740868,716.1559965743849,207335
2020-08-14,716.156005859375,723.3495371682303,711.360318320138,718.5538496289935,180718
2020-08-17,708.9624633789062,711.3603071107402,705.7653384031277,708.1631821349616,121778
2020-08-18,704.9661865234375,716.9554073826797,700.9697795703569,704.9661865234375,154920
2020-08-19,712.9589233398438,716.1560485566143,697.7725785601834,701.7689850811466,195601
2020-08-20,706.5646362304688,725.7473865353683,702.568229916948,725.7473865353683,232158
2020-08-21,697.7725219726562,710.5610218026247,696.9732407332832,708.9624593238786,181862
2020-08-24,676.19189453125,688.9803937186023,676.19189453125,681.7868629257166,206708
2020-08-25,669.7977294921875,680.9876676937276,668.9984481920775,673.7941359927376,157597
2020-08-26,649.0164184570312,669.7977323485125,648.2171371535127,665.80132583092,233602
2020-08-27,645.0198974609375,655.4105525625387,636.2278046826596,645.0198974609375,289157
2020-08-28,633.0307006835938,646.6184808750346,632.2314194958619,638.6256689977165,158214
2020-08-31,639.4249267578125,641.0234890747071,628.2349905395508,634.6292398071289,155344
2020-09-01,621.8409423828125,640.2244149725358,621.041660965868,635.4287264708688,155958
2020-09-02,594.665283203125,617.045159452705,589.0703141407299,609.8516278010542,321928
2020-09-03,656.2098999023438,669.7976810209063,601.0594941858252,603.4573379126304,777081
2020-09-04,672.195556640625,715.3567457709386,641.8228679933673,651.4142433556592,761114
2020-09-08,725.7474365234375,728.9445617944659,698.5718717196964,706.5646848972674,516484
2020-09-09,683.3854370117188,704.166748546578,665.8012503283762,698.5717800564236,454399
2020-09-10,718.553955078125,725.7474874426446,666.6006657788167,670.5970726479943,440154
2020-09-11,718.553955078125,738.5359894240128,699.3712021060727,707.3640158444279,377269
2020-09-14,688.9804077148438,699.3710635156476,677.7904706985934,696.1739386538618,205177
2020-09-15,678.5897827148438,686.5825952320976,667.3998451906886,672.9948139527661,176315
2020-09-16,687.3820190429688,688.9805818779524,661.8050136832304,670.5971092756405,194555
2020-09-17,705.7654418945312,723.3496318398084,694.5755028384458,719.3532250340636,273646
2020-09-18,730.5430908203125,746.528716440013,699.3711208618965,700.1704021428816,275584
2020-09-21,753.7222290039062,788.8906044823493,753.7222290039062,763.3136041343907,383263
2020-09-22,731.3423461914062,761.7150337927981,727.3459399280653,743.3315649814293,248219
2020-09-23,780.8977661132812,784.8941722858159,724.9480796977954,726.5466421668093,376793
2020-09-24,774.5035400390625,802.4783841065209,751.3243835260256,792.887008997678,396979
2020-09-25,738.535888671875,788.0913270892519,731.3423572887074,781.6970769708806,268214
2020-09-28,700.1703491210938,715.3566923097933,696.1739430188044,708.1631613256724,212873
2020-09-29,711.3602905273438,717.7545403298367,697.7725096970462,702.5681970489159,159666
2020-09-30,695.3746948242188,708.9624762173357,674.5933821053341,707.3639137004984,342973
2020-10-01,683.3854370117188,695.3746552049067,672.1955000314099,677.7904685215643,294762
2020-10-02,702.5682373046875,718.5538627268647,689.7797369669457,715.3567376424293,449418
2020-10-05,665.001953125,688.1811077411357,663.4033907376803,688.1811077411357,173865
2020-10-06,692.9768676757812,696.1739927861655,650.6149599631902,665.0020229599193,400369
2020-10-07,657.8085327148438,673.7941592692749,651.4142820930713,673.7941592692749,213424
2020-10-08,640.2242431640625,650.6148987959386,639.4249619616105,645.8192115812266,173840
2020-10-09,621.8409423828125,633.8301636369798,619.443098131979,629.8337565522573,197029
2020-10-12,591.4681396484375,610.6508901235219,583.4753269504856,607.4537650443411,245495
2020-10-13,601.8588256835938,609.0523574646726,592.2674499754886,593.8660125935062,174646
2020-10-14,613.8480224609375,619.4429914156595,594.6652717590332,601.0595219930012,180142
2020-10-15,617.0451049804688,640.2242604784398,614.6472613082649,637.027135582168,204638
2020-10-16,617.8444213867188,619.4429839258822,600.2602334559194,609.8516086909009,179755
2020-10-19,645.8192749023438,652.2135251489016,607.4537734229966,610.6508985462756,200770
2020-10-20,637.826416015625,642.6221033540883,618.6436666617716,638.6256972387022,269291
2020-10-21,641.8228759765625,644.2207198469606,625.8372501739084,639.4250321061644,253133
2020-10-22,631.4322509765625,653.8121282263647,628.2351256551622,641.8229082711135,221579
2020-10-23,625.0379028320312,640.2242457397149,624.2386216263636,624.2386216263636,145995
2020-10-26,659.4071044921875,680.1884193004262,640.2243523615057,645.8193217329546,359953
2020-10-27,666.6005859375,668.199148493705,655.4106480440648,657.8084918783724,223513
2020-10-28,734.5394287109375,738.5358347430971,698.5717744215009,703.3674616600924,451984
2020-10-29,712.15966796875,744.9302026339786,689.7797906363987,732.9409826345047,354989
2020-10-30,733.7400512695312,760.1163276223575,713.7580237295114,724.9479591519225,456608
2020-11-02,708.9624633789062,729.7437757214673,694.5754009879025,709.7617446228509,377605
2020-11-03,671.396240234375,690.5789899553571,657.8084591820126,686.5825837634858,377419
2020-11-04,627.435791015625,650.6149476263934,601.0595093550955,643.4214162644307,658826
2020-11-05,589.0703735351562,597.8624686625467,579.4789970325486,593.8660617864601,450758
2020-11-06,590.6688842773438,603.4573851547964,583.4753525337767,592.2674468870254,300901
2020-11-09,568.2890014648438,570.686845352881,518.7335611120726,520.3321237040974,523508
2020-11-10,569.0883178710938,587.4717888135589,565.0919111444708,573.8840059430412,341839
2020-11-11,557.0990600585938,565.8911542632487,553.1026536019324,557.898341349926,222625
2020-11-12,573.0846557617188,583.4753120028656,558.6975932739768,564.2925620192098,336738
2020-11-13,549.905517578125,566.6904243646666,545.909111200377,565.0918618135673,252488
2020-11-16,530.7227783203125,543.5112790027297,529.9234970276615,535.5184660762189,204368
2020-11-17,537.116943359375,548.3068796793619,532.3212563650949,541.1133491879417,176129
2020-11-18,557.0990600585938,557.898341349926,533.9199026099578,537.1170277752869,152114
2020-11-19,550.7047729492188,567.4896789462197,548.3069292353615,561.0954290426002,181847
2020-11-20,561.8946533203125,561.8946533203125,550.7047171233219,553.1025605941056,185589
2020-11-23,552.303466796875,564.292688217936,545.1099339442384,551.5041853688042,180633
2020-11-24,524.3284912109375,543.5112408893864,521.9306475011314,539.5148347063763,232952
2020-11-25,527.525634765625,533.1206036191998,525.1277909712358,525.9270722360321,129953
2020-11-27,523.5291137695312,527.5255192181536,520.3319894106334,522.7298326798068,71627
2020-11-30,529.9235229492188,542.7120242571939,525.1278349587282,527.5256789539734,183417
2020-12-01,513.1385498046875,517.9342371860397,505.1457375024338,514.7371122651382,216809
2020-12-02,509.14208984375,520.332025884272,508.3428086979984,517.1349013012657,128484
2020-12-03,509.14208984375,514.7370578640109,503.547121823489,509.14208984375,160080
2020-12-04,497.9522705078125,507.5436465047527,496.35370784165576,506.74436517167436,163480
2020-12-07,497.9522705078125,505.1458025055176,497.15298917473416,498.75155184089084,130295
2020-12-08,495.5543212890625,505.145695249496,492.35719663558467,505.145695249496,127992
2020-12-09,507.5435791015625,512.3392664631521,491.55795456293066,492.3572357898622,201254
2020-12-10,508.34295654296875,518.7336144597275,504.34654965190765,514.7372075686665,165210
2020-12-11,510.7407531738281,523.5292540357706,509.14219056608533,517.1350036047994,175875
2020-12-14,517.9342651367188,517.9342651367188,495.554389482663,500.3500771228178,166373
2020-12-15,496.3536071777344,512.3392305973072,496.3536071777344,505.944981229478,170917
2020-12-16,493.9557800292969,499.55074841150577,489.9593740420048,495.5543424242137,121925
2020-12-17,486.7623291015625,490.7587357444325,485.16376644441453,486.7623291015625,111147
2020-12-18,490.7586975097656,500.35007270539626,483.5651661130427,485.1637286456478,178645
2020-12-21,495.5543212890625,520.3320373535156,493.15647779895414,508.3428199029738,254550
2020-12-22,498.7516174316406,504.3465874989828,494.755210240682,496.35377311706543,114838
2020-12-23,497.1529235839844,498.75148603923833,489.9593925353415,495.5543611287304,129275
2020-12-24,492.35723876953125,498.751488623681,492.35723876953125,495.5543636966061,62990
2020-12-28,478.7694091796875,484.36437723354027,477.97012802913713,481.9665337818891,179473
2020-12-29,481.1673889160156,484.36451442376324,472.3752937697097,473.1745751466466,139167
2020-12-30,479.5687561035156,481.96659988403314,476.3716310628255,478.76947484334306,119560
2020-12-31,473.174560546875,483.5652181264516,469.9774351377745,480.3680927173511,214367
2021-01-04,491.5579528808594,507.5435773647897,466.7802349307672,466.7802349307672,302056
2021-01-05,481.9665832519531,495.5543642059883,477.17089585641133,495.5543642059883,273197
2021-01-06,472.3752746582031,489.9594642393883,459.58677314461386,488.3609015501897,370184
2021-01-07,451.593994140625,464.3824966295631,449.1961499239491,463.58321522400445,254346
2021-01-08,444.4003601074219,459.58670334850285,443.6010788842071,447.59748500028104,264911
2021-01-11,453.99176025390625,457.18888532611686,446.7982288414324,457.18888532611686,273396
2021-01-12,451.593994140625,461.9846524128872,449.1961499239491,453.1925569517423,230163
2021-01-13,449.1960144042969,456.389544884081,445.19960858219457,453.1924202263991,169724
2021-01-14,454.791015625,455.59029684753955,444.40035973198593,446.7982033996046,201579
2021-01-15,464.38238525390625,471.5759161786656,457.1888543291469,460.3859791845955,301020
2021-01-19,453.99176025390625,460.38601039832747,450.79463518169564,453.99176025390625,200267
2021-01-20,434.009765625,445.9989856698895,430.81264027969615,444.40042299723757,216705
2021-01-21,433.050537109375,436.4075278496845,430.6526935497613,432.2512559228371,206680
2021-01-22,437.84625244140625,441.2032433980249,433.6899802467477,440.24409615552594,395115
2021-01-25,432.73089599609375,452.7129276031491,431.13233346752935,434.9688737792326,598095
2021-01-26,434.8090515136719,435.2886008067837,427.6155194114236,429.0542160750209,445025
2021-01-27,466.3007507324219,474.29356408893057,446.63840060485376,446.95813265281856,715165
2021-01-28,453.99176025390625,460.5458764087894,438.00613489285325,458.9473138726841,479425
2021-01-29,480.68780517578125,487.8813370529989,457.50864690474657,461.6648707397308,687770
2021-02-01,457.508544921875,476.2116943629804,453.19240724394723,467.7393337765287,377815
2021-02-02,437.84625244140625,445.19964958822436,431.9316005504641,445.03978358376537,381105
2021-02-03,437.20684814453125,441.6828036758184,430.8125980802602,434.8090043704296,291110
2021-02-04,422.50006103515625,434.009730870281,422.18037779678224,433.53018162059135,269250
2021-02-05,417.06494140625,421.2212136124076,414.82696369039763,415.4663789257475,270640
2021-02-08,407.7933044433594,414.9868357098795,407.7933044433594,411.94957670975555,218240
2021-02-09,409.07208251953125,412.2692071172364,406.8341050579876,411.15024277858953,169645
2021-02-10,409.23199462890625,417.54453903350804,402.5180370954513,402.8377447128296,371385
2021-02-11,407.1539001464844,415.78615305084185,404.4363485327928,405.87504515412064,315060
2021-02-12,401.2391357421875,410.67064351871966,400.59972058152,410.67064351871966,202175
2021-02-16,402.0384521484375,404.7560034077948,396.7631912378458,397.56247245484064,267590
2021-02-17,401.87860107421875,411.6298420405748,401.39905183991266,408.4327170538519,310365
2021-02-18,407.1539001464844,416.4255683509586,404.91592220394546,410.83059910248124,376945
2021-02-19,409.7115478515625,410.8305611114829,402.1983333975091,403.1574562589907,247380
2021-02-22,418.5036315917969,419.7825108275307,410.67068531191387,418.66349759429545,420800
2021-02-23,417.06494140625,441.2032446186888,412.7488519794465,426.656316289265,766185
2021-02-24,403.3173522949219,424.57823993450273,402.0384973255994,421.22124868904746,538310
2021-02-25,432.2513122558594,437.5265980450607,403.31734416765295,407.47359224403607,858815
2021-02-26,439.6046447753906,446.63830933494665,421.5409097946842,425.85699885465544,788615
2021-03-01,407.3137512207031,421.3811068362249,402.8377711077468,421.22124082099714,492020
2021-03-02,416.425537109375,417.54455038882264,405.8750147040712,406.83416197441824,385605
2021-03-03,433.2104187011719,433.8498339165738,416.1057811797119,419.4627720408891,562150
2021-03-04,449.6756286621094,465.9809862895462,424.7380917508641,434.48928434049463,939380
2021-03-05,424.4183044433594,464.062631258078,420.58176455552393,436.0877900989112,1034220
2021-03-08,430.81256103515625,431.7717082191722,411.1502632919651,421.2211867635016,634375
2021-03-09,412.269287109375,418.6635375454545,403.1574851163876,416.5854256674324,630770
2021-03-10,404.7559814453125,409.23196089603806,399.00117163048736,404.1165662632627,597215
2021-03-11,392.2872009277344,397.8821692952814,385.73310976102647,396.443472900477,373800
2021-03-12,390.5288391113281,399.3209332098994,390.2091314770786,396.60338173058494,333420
2021-03-15,383.4951477050781,396.7632218079058,382.69586642649966,390.0492639462728,305930
2021-03-16,384.7740173339844,387.6514349252576,379.49875581533837,381.89659974271115,334115
2021-03-17,381.0972900390625,392.76680116123885,378.53960467570903,389.2499685415478,346800
2021-03-18,398.0421142578125,399.6406769656752,382.6959025054781,389.56972702771395,399030
2021-03-19,399.9603576660156,407.3137553833168,393.72597328248645,398.8413687243732,469770
2021-03-22,390.3690185546875,398.68153997377215,386.05290400940623,398.68153997377215,374955
2021-03-23,399.48077392578125,402.1983497910669,387.81128675327705,392.92668206606544,332810
2021-03-24,406.0348815917969,406.0348815917969,389.7295487055126,395.00480991957977,417670
2021-03-25,399.3209533691406,417.0649840831297,396.2836697101141,410.67073350681716,620640
2021-03-26,379.9783020019531,397.08291590190385,378.37973949930114,395.16464577714703,454285
2021-03-29,379.9783020019531,388.7703957665391,377.42061663298676,384.13457426569954,364990
2021-03-30,382.6958312988281,388.13095812954816,381.2571348862965,384.454259707146,364070
2021-03-31,378.53961181640625,381.73673687500406,373.5840582187283,381.73673687500406,316340
2021-04-01,366.0708312988281,373.10449690317665,365.9109652837673,372.7847892651843,313930
2021-04-05,350.2450866699219,358.55760757857,348.96623167040747,358.55760757857,487355
2021-04-06,351.3640441894531,352.8027406900174,348.1669191729743,351.68375181267544,180260
2021-04-07,349.60565185546875,352.8027772028295,348.80637051862857,351.68378820967934,245525
2021-04-08,344.6500244140625,348.96613752995347,344.6500244140625,346.24858663417945,170615
2021-04-09,337.1368408203125,345.28951979453524,336.8171331804101,345.28951979453524,252570
2021-04-12,336.6572570800781,340.3339311506284,336.1776834732721,338.73536872269284,187145
2021-04-13,334.0995788574219,338.255851317763,332.34115026447853,337.29670401395225,176160
2021-04-14,336.8171691894531,338.7354396260787,331.22219952055144,333.77990969747356,317325
2021-04-15,326.58636474609375,331.861626538682,325.7870833954631,331.5418944847249,462825
2021-04-16,322.7497253417969,326.7461311751135,321.63073658689336,322.90959133197975,308335
2021-04-19,327.86517333984375,331.2221399016627,324.34831638156544,325.4673296276327,442565
2021-04-20,334.73895263671875,338.73535858697625,329.1439843063582,330.902412681322,492015
2021-04-21,325.14764404296875,336.9770226807974,324.98780240794264,336.81715665364027,271705
2021-04-22,334.0995788574219,337.13683799927406,323.8687881133764,326.2666319807742,623560
2021-04-23,323.5489807128906,333.3002199255968,319.87230715306964,333.3002199255968,340280
2021-04-26,321.1512451171875,322.90967389027435,320.0322560761921,321.79068484927893,266925
2021-04-27,321.4709167480469,324.34830962909484,320.3519035252759,320.9913431371632,260445
2021-04-28,321.7906188964844,323.06947370642706,318.27378646323695,321.31104529374005,209575
2021-04-29,316.1956481933594,324.18846020839817,314.27737818817536,315.07665938967926,476165
2021-04-30,321.7906188964844,324.18846251807946,319.23290927659895,321.31104529374005,298775
2021-05-03,319.71246337890625,321.1511597072613,316.0357651716238,316.9949123186106,210955
2021-05-04,325.9468994140625,334.7389935800263,323.7089215650324,324.9877765039621,481585
2021-05-05,325.3074951171875,327.3856314140525,320.99138089577855,321.7906622105628,214890
2021-05-06,317.4745788574219,330.4229227806249,317.4745788574219,325.6272344256314,342605
2021-05-07,310.6006774902344,317.47450065085616,309.16195670287095,315.71607226367627,454565
2021-05-10,319.5526123046875,320.1920518965647,309.48168875191686,309.80139635179233,360300
2021-05-11,328.3447265625,337.93610152801176,326.10674882739846,331.06230231643065,682445
2021-05-12,349.285888671875,350.88445109142594,332.3411172677846,335.69810810569226,755145
2021-05-13,336.6572570800781,345.4493504337237,331.54183779698286,345.4493504337237,677210
2021-05-14,321.1512451171875,329.62363252837844,318.91326703519667,329.62363252837844,476455
2021-05-17,323.3891296386719,328.6643896417075,321.79056747969884,324.028544745412,329180
2021-05-18,331.8616027832031,332.50101806108427,322.4300688856159,322.90964254009145,243695
2021-05-19,334.4192199707031,348.16686516590136,334.4192199707031,344.4901670888484,625170
2021-05-20,324.1885070800781,332.82073554753043,320.67167416341715,332.6608939193954,295365
2021-05-21,324.827880859375,325.94686968181804,316.99493471014694,320.19205956977095,426190
2021-05-24,314.5971374511719,319.71253310238393,312.0394274295006,318.7533857462246,438385
2021-05-25,316.5153503417969,318.1139127172605,311.24008962434175,312.359078408741,288055
2021-05-26,315.2364807128906,317.9540317447356,313.6379184127318,315.71605428136326,212860
2021-05-27,314.7569580078125,314.7569580078125,311.2401252575828,312.67884619549193,207150
2021-05-28,313.15838623046875,313.3182522384621,309.9612612076273,310.60070084747247,251925
2021-06-01,313.7978515625,314.59713288365145,306.7641613010888,307.0838933432535,231070
2021-06-02,311.87957763671875,314.43726319932796,310.12114899381936,311.71971161749883,275490
2021-06-03,315.71612548828125,321.1512287778096,312.8387078205949,317.63439580269534,415630
2021-06-04,306.92401123046875,311.2401252599714,306.2845959639235,311.08028363939957,407750
2021-06-07,307.4035949707031,309.9612805130002,306.604313665211,306.9240213089819,220790
2021-06-08,307.24371337890625,311.7196933412057,305.4853092312329,305.96485847651667,246875
2021-06-09,308.8422546386719,309.32182824305545,305.4852881922404,305.80499579778717,161995
2021-06-10,304.5262145996094,309.0021953356679,302.2882364276464,305.80506972307364,269895
2021-06-11,302.7676696777344,306.2845260169667,302.7676696777344,303.0874016301179,202160
2021-06-14,300.8494873046875,305.64517527785085,300.8494873046875,302.92762363815103,181915
2021-06-15,302.7676696777344,304.6859638235423,300.52969236378954,300.52969236378954,180490
2021-06-16,307.56341552734375,312.3591030317751,301.9684467721739,302.1283127791728,411860
2021-06-17,307.8831481933594,313.7978245829248,305.8050120586126,308.842271061,347310
2021-06-18,320.0321960449219,320.99134326707747,314.1175198873014,315.5562163284077,487465
2021-06-21,306.44439697265625,318.1139069815608,306.28455537326755,316.1956370440167,403470
2021-06-22,301.6488037109375,308.52262881689074,299.89039921824553,306.6043582829844,302650
2021-06-23,302.6078186035156,303.0873921249276,299.73040186716634,301.8085375318699,173400
2021-06-24,297.3326416015625,298.6114965513929,296.53336030693464,297.97205688041305,241120
2021-06-25,294.1355285644531,296.6932385696918,293.3362472368323,295.73409121969473,186875
2021-06-28,292.2171630859375,295.89386087397514,292.2171630859375,293.49601767205354,206960
2021-06-29,291.89752197265625,293.17635245770873,290.2989594742126,291.41794834469755,144805
2021-06-30,291.0982971191406,293.3362752936835,289.9792836397365,293.3362752936835,212140
2021-07-01,286.1427001953125,289.81939898686244,286.1427001953125,289.49969135110354,279250
2021-07-02,279.7484130859375,284.7039661603102,279.268839499365,284.0645265808382,328375
2021-07-06,281.3470458984375,287.10188159412195,279.2689094309886,279.90834917058237,307270
2021-07-07,278.3096618652344,284.2243365548804,277.83008837318283,280.0680654799286,328690
2021-07-08,285.0237121582031,291.73767009848206,283.58499120463176,289.4996922490988,633620
2021-07-09,276.39141845703125,282.4659602192779,275.5921372881074,282.14625263013346,538185
2021-07-12,272.8746032714844,277.190716975395,272.55489566232933,276.07172814728887,212310
2021-07-13,275.59222412109375,276.39150554185346,271.59581701729525,274.4732350104568,379715
2021-07-14,274.633056640625,277.1907421381735,271.4359314745924,272.554920404278,359985
2021-07-15,277.3505859375,281.18712607257993,275.9118894848769,277.51045193984805,473660
2021-07-16,283.58502197265625,284.86387705053926,274.95279288317664,275.27250055461445,649295
2021-07-19,296.5333251953125,302.4480011967937,293.176334398515,294.2953475921985,922925
2021-07-20,283.42510986328125,296.69318226214807,280.8674003434543,295.09461991028763,602390
2021-07-21,276.55133056640625,281.5068843969914,276.55133056640625,281.02731073723646,373235
2021-07-22,275.112548828125,278.469514623123,274.63297531680473,276.39137900214973,371725
2021-07-23,266.80010986328125,272.5549454477701,266.00082849833177,271.1162487477136,410145
2021-07-26,264.72186279296875,267.7591206736128,264.5619968446742,267.7591206736128,250445
2021-07-27,267.9190673828125,273.6738773743473,266.6402125873182,266.800054191676,552465
2021-07-28,268.5584716796875,271.2760227646878,265.84092059468713,267.1197753382536,277255
2021-07-29,265.2015075683594,266.80007005977114,263.1233958432264,266.64022844590664,282080
2021-07-30,268.878173828125,270.3168945325789,266.1606227981009,270.3168945325789,347370
2021-08-02,270.95635986328125,271.2760675038681,264.5621094830268,265.68109842114546,454715
2021-08-03,263.92266845703125,273.51404309180464,263.92266845703125,269.35777099321865,542055
2021-08-04,267.75921630859375,268.3986315459124,265.3613725804571,266.32051982856285,200530
2021-08-05,263.1234436035156,266.3205691666586,262.64386989061774,265.8409954537607,178625
2021-08-06,261.3649597167969,262.8036561602219,260.7255444957473,262.0043749378464,172955
2021-08-09,262.32415771484375,263.6029884044679,261.0453026330878,261.8445840101688,214700
2021-08-10,261.0451965332031,262.64375863764144,259.7663419712281,261.6846116181297,230665
2021-08-11,259.286865234375,261.36500162418616,259.1270235995471,259.286865234375,167060
2021-08-12,256.88897705078125,261.2050907237489,256.7291354434132,259.766394296802,231610
2021-08-13,255.9298553466797,256.88897817145283,255.610123346295,256.2495629549374,278750
2021-08-16,253.69186401367188,260.7255536528884,253.53202239885914,258.1678438946046,405435
2021-08-17,258.487548828125,264.082517523072,257.0488523491326,258.1678412096964,619440
2021-08-18,267.2796630859375,267.59937072900004,257.6882874412833,260.885412656168,393945
2021-08-19,266.1606750488281,272.87463314460683,263.60296511132685,272.5549255004516,618820
2021-08-20,259.7664489746094,266.1607000262921,258.96716759314904,265.20155261168685,629760
2021-08-23,252.41297912597656,256.5692508910302,250.9742828030638,256.40938490309543,458685
2021-08-24,251.29400634765625,252.41299515789666,250.49472514146643,251.45387234574488,159895
2021-08-25,250.0151824951172,251.93347714118897,249.05605956421095,251.29403746178846,205370
2021-08-26,254.33126831054688,254.49110990314998,250.0151306441446,250.33486261360002,325290
2021-08-27,247.61729431152344,253.0524208501716,246.977879138565,252.73271326369235,565695
2021-08-30,244.1004638671875,246.81801496039006,242.82160911976115,246.33846577321498,296950
2021-08-31,244.89976501464844,246.3384858699234,243.78077616640843,244.73992340325842,185445
2021-09-01,244.73992919921875,245.37934444417647,242.82163468008952,243.62091593235067,183350
2021-09-02,242.6618194580078,244.73995581834077,241.2230984121785,242.50195343331654,188200
2021-09-03,242.6618194580078,245.2195051081532,242.02237975137345,244.42022376895824,256895
2021-09-07,245.219482421875,246.65820333460223,243.3012122637005,243.62091989137483,251970
2021-09-08,246.4983367919922,249.69546184608322,245.05964027450258,246.4983367919922,423760
2021-09-09,249.69549560546875,249.8553616366389,243.62095230297837,246.977943820498,457845
2021-09-10,254.97073364257812,255.61014892307452,245.21949206616694,246.01877336285213,586185
2021-09-13,253.2123260498047,257.68830656117694,249.37578526413213,250.0152005977004,656050
2021-09-14,257.20867919921875,259.12697358394087,250.49472202907043,250.65458802517273,471990
2021-09-15,250.814453125,258.80726583634004,250.17503786494424,256.88899566404416,537145
2021-09-16,252.25318908691406,257.52845066931985,250.3349188002565,252.09332306630506,371860
2021-09-17,259.1269836425781,260.24597248235136,253.05244143678829,253.5320150515846,735770
2021-09-20,272.7148132324219,281.66674994217914,268.0789666506063,271.27609213097634,957295
2021-09-21,273.03448486328125,274.4731813826967,265.3613798447659,267.91908964831384,626750
2021-09-22,265.36138916015625,270.6366505700792,261.205116681519,268.55851433076054,580180
2021-09-23,255.6101837158203,262.16430099761374,252.5729241318474,261.68472727589887,642390
2021-09-24,254.17147827148438,258.96716654075766,253.05248922041366,258.64745886789916,434040
2021-09-27,256.24957275390625,257.8481352484507,254.17143663257283,256.40941436808396,352150
2021-09-28,271.755615234375,273.35417767693014,261.04525174768094,261.68466696785214,773235
2021-09-29,270.7964782714844,271.7556255302069,265.8409491470927,269.19791576836553,525380
2021-09-30,280.3878479003906,280.8674215205332,266.3205176570589,267.75921412535905,719455
2021-10-01,270.4767761230469,284.38426530320754,267.11980943383764,276.87102626492566,948475
2021-10-04,280.8674011230469,285.50324659158514,271.2760269852618,272.87458934155933,727665
2021-10-05,272.2351989746094,279.5885718486834,267.75921909049197,278.14987535370506,569145
2021-10-06,269.1979064941406,282.7856873025339,268.558491271773,279.42872079691307,824145
2021-10-07,261.6847229003906,262.8037119709267,256.4094608339978,262.3241626493629,708165
2021-10-08,263.2832336425781,264.5620884956047,259.7664010908506,260.4058163213001,542155
2021-10-11,269.1979064941406,269.1979064941406,258.9671165834954,264.88179276284114,476655
2021-10-12,271.1161804199219,272.55487675739226,266.48033503628045,267.1197746023648,514395
2021-10-13,268.0788879394531,274.952710582439,266.48032566862497,268.8781690748672,492525
2021-10-14,254.49114990234375,261.84454729733295,254.33130828461782,260.8854000224636,583415
2021-10-15,248.8961944580078,251.9334780639936,248.25677916839487,250.81446471897632,531680
2021-10-18,246.33851623535156,253.2123161756222,246.01878418890416,251.93348555835448,370030
2021-10-19,240.90338134765625,244.73994626125258,240.7435397213375,243.78079893482106,506840
2021-10-20,238.18577575683594,240.26391156468284,237.38649463013516,240.104045582493,399590
2021-10-21,236.1077423095703,239.78444196479072,235.78803459871088,238.98516049157476,311745
2021-10-22,236.90699768066406,240.10412322127254,234.50915352520767,236.90699768066406,532140
2021-10-25,233.39012145996094,238.02594288279406,232.430974217658,235.14854994014047,378825
2021-10-26,232.5908660888672,233.07043976335277,228.59445945503785,230.67259578305516,431720
2021-10-27,235.46829223632812,235.62813387216812,230.51273807479475,231.7915931221709,500315
2021-10-28,228.59445190429688,233.23027368956016,228.59445190429688,233.23027368956016,607210
2021-10-29,226.99588012695312,232.75071501378363,226.83601411649119,232.27114137452634,455245
2021-11-01,225.717041015625,228.91416631157475,225.07762571328715,225.87690703727458,353225
2021-11-02,223.15933227539062,226.03672522969254,222.83960026524355,225.71701761167319,321400
2021-11-03,219.00308227539062,224.91775918104446,218.68337462494748,224.1184778588715,381850
2021-11-04,215.96583557128906,218.84322898479314,215.96583557128906,218.2038136467104,460040
2021-11-05,213.7278289794922,216.1256730392295,210.8504112293812,212.60883996337435,622590
2021-11-08,212.9285125732422,214.3672334075162,211.48981613109527,212.2890973527607,381380
2021-11-09,215.4862518310547,217.5643881711901,212.44896813635506,212.6088341594926,601350
2021-11-10,220.44178771972656,222.83963178219844,215.3263919315462,218.04394365725472,788635
2021-11-11,220.12205505371094,220.44176268063333,218.2037849000483,218.2037849000483,320615
2021-11-12,215.32635498046875,219.96220067432546,214.52707376347212,218.20377224008206,452125
2021-11-15,215.00665283203125,216.76508131092865,213.40809035744368,213.72779797393568,406745
2021-11-16,212.76866149902344,215.64605425531443,211.01023313273356,215.64605425531443,476310
2021-11-17,214.04757690429688,215.16659052303015,212.60887995469085,212.92858767769934,450945
2021-11-18,212.12925720214844,216.60523746735373,211.4898419037463,212.76869689268068,497060
2021-11-19,213.2482452392578,213.56797727919286,210.37085201688237,212.28912229584265,419490
2021-11-22,214.84678649902344,215.32636011909153,206.69413252637617,210.53067270266575,709610
2021-11-23,213.7278289794922,219.32279845221257,212.76870599087596,215.48625771348534,840630
2021-11-24,212.2891387939453,218.20381611045434,212.12927276155375,216.76511938745793,563710
2021-11-26,226.1966094970703,228.27474577016898,219.96222506990398,221.72062930704158,1123805
2021-11-29,217.7242431640625,222.36008980612007,215.16655738180876,219.16296428420392,953800
2021-11-30,230.35289001464844,231.3120129793332,219.00308532489996,221.72063697970253,1114500
2021-12-01,238.345703125,238.8252524108291,217.0848148005889,221.88050279592386,1568585
2021-12-02,227.47544860839844,238.9850937289595,225.07760485860953,238.18581247902986,1680535
2021-12-03,233.39012145996094,240.42378659642378,223.31917298429053,225.07760146447004,2055405
2021-12-06,225.39730834960938,233.5499867063399,222.20018340848017,229.23384852211342,1369285
2021-12-07,211.1701202392578,217.08479672937796,210.3708389732381,216.92493071932262,958740
2021-12-08,209.41165161132812,213.24819119697622,208.93207806509116,210.8503478579152,739300
2021-12-09,213.7278289794922,214.04753664236426,210.21099590363704,211.32998491975488,687670
2021-12-10,207.65322875976562,213.56792866231413,207.49338716831465,209.89123056919937,934240
2021-12-13,213.0883331298828,213.72774821399867,208.13278085555825,208.6123543647061,752070
2021-12-14,217.5643768310547,222.0403325400388,214.52709329466776,218.0439260912107,1028765
2021-12-15,207.65322875976562,221.40087401502106,207.01381360971283,217.72417592190627,1505615
2021-12-16,212.9285125732422,215.16651462918162,204.61599274634725,204.77585874753117,1026805
2021-12-17,219.6425018310547,222.3600778927901,213.08840949755276,217.56438986685325,1350265
2021-12-20,226.51629638671875,232.27113101692555,226.03672276884694,227.7951512370011,1583440
2021-12-21,214.527099609375,224.75791505480143,214.36725798199438,221.24105776260893,833565
2021-12-22,207.8131561279297,215.32639612489774,207.8131561279297,215.16655448623217,708785
2021-12-23,204.2962646484375,207.01381565114733,202.218128802086,206.69410807296816,752680
2021-12-27,195.82391357421875,202.53787144690904,195.6640597574527,202.53787144690904,732920
2021-12-28,195.9837646484375,197.10276574226984,193.585920842308,195.02462956519855,492950
2021-12-29,195.3443145751953,197.2625967156182,194.0654720109763,196.1435957513558,359785
2021-12-30,197.102783203125,197.5823446891955,193.58593799161443,194.70493918457635,433635
2021-12-31,199.02105712890625,199.02105712890625,196.14363937632714,197.74220208418984,566125
2022-01-03,194.8647918701172,199.980187534586,194.8647918701172,196.94291602302908,545190
2022-01-04,195.02462768554688,197.58232528155435,192.307076276551,193.26621135054577,582785
2022-01-05,206.2145538330078,206.53426144114522,194.7049091951723,195.50419041157932,1037855
2022-01-06,207.1737060546875,210.37083099755534,203.17728768003892,207.1737060546875,1462975
2022-01-07,209.25181579589844,211.48981787024167,205.25540965470765,206.85397211118396,982570
2022-01-10,209.89126586914062,222.36005852919297,209.89126586914062,214.20737983820106,1387385
2022-01-11,204.45616149902344,215.00667234983976,204.29630767626628,210.69055815507193,786715
2022-01-12,202.6977081298828,205.41525920987633,199.9801448538266,202.05828075927766,743855
2022-01-13,211.01022338867188,212.6087856870709,200.45971465845076,201.4188495982777,1155695
2022-01-14,211.1701202392578,217.56437036741548,210.3708389732381,215.80594182532073,1133975
2022-01-18,221.8804473876953,223.79871722837075,217.56433414814447,217.72417573946151,961580
2022-01-19,228.7542724609375,229.39368761730663,217.5643364796055,219.6424479338674,766500
2022-01-20,236.5872802734375,237.3865616257126,218.36367519841704,226.03675666655337,1178125
2022-01-21,250.6545867919922,250.65458679199222,234.6689629454637,238.3456613085905,1821555
2022-01-24,247.61729431152344,280.06811437773405,246.4983055627835,260.88536648347656,2344630
2022-01-25,256.409423828125,268.8782166240247,247.61732978375238,258.9671336706122,1289785
2022-01-26,258.32769775390625,266.48035148982433,239.62449785922982,245.21946634926508,1862355
2022-01-27,262.0044250488281,265.52128261361656,243.78081945006915,249.6954967484641,1542360
2022-01-28,242.82164001464844,268.5585066597234,242.66179839596145,259.92627870251226,1640395
2022-01-31,230.35289001464844,246.33851668069954,229.07403500293825,244.10051431217406,1246135
2022-02-01,225.07760620117188,234.02954161850423,223.95861732302134,228.2747312199609,1111595
2022-02-02,218.3636474609375,224.75789746691368,217.24463419618928,221.0811988350518,1572375
2022-02-03,233.86972045898438,235.14857545678464,224.59805221509532,227.47546986211333,1635495
2022-02-04,230.19302368164062,238.02597098062205,223.95863904711507,234.1894303427802,1960295
2022-02-07,232.5908660888672,234.6690024168845,226.8360307793008,228.91416710731812,1017805
2022-02-08,226.83596801757812,235.7879261573507,225.23740580634185,233.54994881846937,1375825
2022-02-09,216.60520935058594,220.60161542716503,216.445343350672,220.2819078194641,1460090
2022-02-10,228.59445190429688,231.4718694640356,216.60523239882676,225.55719271976292,2202535
2022-02-11,241.70262145996094,244.2603309664237,225.07758284432958,228.59441512162172,2752805
2022-02-14,244.1004638671875,250.33487161384386,240.10405802655862,243.14134110071186,2937845
2022-02-15,232.750732421875,237.3865543664553,232.271158746749,236.42740701620335,1299245
2022-02-16,231.47186279296875,239.14496793375505,229.393726593487,236.10768444462673,1100170
2022-02-17,246.33851623535156,247.61734685261928,236.26756657552025,237.22668953847102,1296360
2022-02-18,251.77354431152344,255.61008380132594,243.94059935645865,246.01871068469646,2021840
2022-02-22,259.286865234375,266.16068972738225,249.21591533923703,255.61016614349847,1962710
2022-02-23,273.1943359375,274.47319088354135,252.89259599253052,254.01158492326817,1876260
2022-02-24,261.3649597167969,295.5741862776185,260.2459708838966,294.93477105656893,3854645
2022-02-25,243.62095642089844,261.84458663640316,243.62095642089844,258.4875950621404,2155650
2022-02-28,245.3793487548828,255.45029758872064,242.98150495597517,253.37216141790833,2104525
2022-03-01,256.56927490234375,261.36496228369595,244.73992245185923,248.09688898352934,2042195
2022-03-02,242.98146057128906,254.0115302745835,239.7843360900879,252.4129680339829,1879665
2022-03-03,246.4983367919922,249.3757542190998,237.38653526625845,238.18581652978122,1750000
2022-03-04,252.25318908691406,259.4467209559774,250.1750527796475,253.05247040569887,1389195
2022-03-07,274.1534729003906,274.63304653607645,252.73274483295486,253.37216008578375,1718625
2022-03-08,280.7076416015625,283.105485837138,259.4467511676995,273.99365822824467,2407465
2022-03-09,258.6474304199219,267.439524613236,254.01158430089686,262.803678494211,1515040
2022-03-10,261.52490234375,270.956413774321,260.0861810866589,267.43958024387763,1110065
2022-03-11,271.43585205078125,272.7147066214194,255.7699384427391,256.88892704500165,1173715
2022-03-14,277.8301696777344,280.0681474394046,263.12339943444744,270.3169307439808,1309635
2022-03-15,259.1269836425781,274.79287618365805,258.1678364129854,272.2351908916231,1183315
2022-03-16,241.86251831054688,261.84455015391444,241.86251831054688,252.41301648856773,1628275
2022-03-17,232.750732421875,246.17864897262032,232.750732421875,245.5392336672059,1069435
2022-03-18,225.55718994140625,237.06683564645874,224.75790865088692,235.62811468824643,1049590
2022-03-21,225.39730834960938,231.15214300049297,222.36004941238764,225.87688196920428,1047975
2022-03-22,217.40452575683594,223.3192028291472,216.12567072689896,223.15936119548687,820235
2022-03-23,226.1966094970703,226.1966094970703,219.0030777462801,221.5607876811907,1085020
2022-03-24,215.80593872070312,224.59803252043545,215.80593872070312,223.1593360191487,823785
2022-03-25,212.9285125732422,218.84318873514084,212.2890973527607,215.0066486279977,885065
2022-03-28,208.13287353515625,216.4453952907591,208.13287353515625,213.56800173883977,744230
2022-03-29,200.14004516601562,206.37445433143262,199.66048367364428,202.53788921606883,1516225
2022-03-30,203.81675720214844,207.0138828053194,200.93933928086807,201.8984867186724,1208485
2022-03-31,213.40809631347656,213.72780393889133,203.97657501097152,205.09557609205143,1398240
2022-04-01,211.96939086914062,217.08478583656228,211.01024364119337,211.32995125313337,1385185
2022-04-04,206.5342559814453,212.60879794398443,206.21454838175933,211.6496507528001,1098780
2022-04-05,214.2073974609375,215.80596012855645,204.93572911032157,208.61242812427122,1535830
2022-04-06,220.60162353515625,224.7578957644089,217.08479093693438,219.9622082962533,1486600
2022-04-07,217.0847930908203,225.07760561704987,214.36724171032787,222.0403222218058,1475370
2022-04-08,218.68333435058594,221.4008854670634,214.52706248388466,218.36362675902254,1278790
2022-04-11,230.03314208984375,230.99228938045496,222.67976896629688,224.11846551008486,985620
2022-04-12,232.750732421875,235.46828405808174,220.92135413466568,225.39733444895757,1300950
2022-04-13,224.4381561279297,233.54998152156898,223.6388749103913,233.3901155212105,1007060
2022-04-14,232.9105682373047,233.3901419004576,222.51991123488705,224.59804751379653,1087855
2022-04-18,232.750732421875,236.7471390610409,230.03315639353787,234.82884436053698,1187790
2022-04-19,221.72059631347656,233.54997251198273,220.44174153632375,233.39010651779134,1081330
2022-04-20,222.040283203125,224.1184189731838,217.7241700758483,218.84315875445725,961535
2022-04-21,232.11129760742188,233.55001866306722,214.20740036572755,216.12567071445713,1596590
2022-04-22,250.97427368164062,252.2531283622649,233.3900889013983,234.34923600989754,1652615
2022-04-25,246.8180389404297,264.0825187277324,246.49833132054272,255.61013264402453,2005880
2022-04-26,268.0788879394531,268.39859551519385,251.13414250394962,251.61369167149846,1872025
2022-04-27,266.48040771484375,270.4768146223613,255.29046837379462,266.32056607382225,1937335
2022-04-28,246.33851623535156,265.68110983102616,242.501951207157,256.4094415030524,1883320
2022-04-29,273.1943359375,274.952764537323,249.37576318501385,253.37216964631216,1815940
2022-05-02,268.5584716796875,287.4215120689478,265.68105460469434,273.51402466396047,1980595
2022-05-03,265.0416564941406,270.63662501437585,259.92626158263664,267.5993417538291,1216045
2022-05-04,240.5836944580078,269.9972393724331,239.62454704883078,263.6029883569379,1687015
2022-05-05,266.48040771484375,273.83380618152887,248.09693594026305,248.41664361443804,1770385
2022-05-06,271.27606201171875,282.14629231650275,264.4022381136841,271.7556356589545,2166225
2022-05-09,297.3326416015625,300.5297667800739,281.0273080695801,283.90472560866624,1927260
2022-05-10,295.0946044921875,304.68597810222013,279.5885309756018,283.2652290712059,1538030
2022-05-11,309.4817199707031,311.08028252346065,284.38426837870736,297.6523424450204,1657330
2022-05-12,310.6006774902344,327.3855825979235,302.1282919384041,317.47450065085616,1884360
2022-05-13,287.901123046875,302.60789352807296,284.70399796869594,300.0501837086783,1174805
2022-05-16,291.57781982421875,297.0129475108986,283.26529885932484,291.8975518703585,949035
2022-05-17,273.9936218261719,286.1427074291788,273.5140725564748,277.67032071067104,989535
2022-05-18,306.92401123046875,309.4817210809075,282.7857068403876,283.4251464990617,1304640
2022-05-19,312.5189514160156,318.11391985568855,301.6487221405115,315.07666103100246,1695125
2022-05-20,312.5189514160156,334.0995439690397,301.96842974435316,303.40715054983076,1841535
2022-05-23,294.45526123046875,310.28104749700805,292.6968567956082,304.5262116924242,1350740
2022-05-24,301.1692199707031,316.83514019589205,298.611534141205,304.5262115875766,1371770
2022-05-25,292.69683837890625,305.8050475621996,288.5405656268745,305.1656078507396,1125480
2022-05-26,276.0716857910156,290.77845308490623,272.0752803094082,290.6186115009159,884345
2022-05-27,255.29042053222656,270.9563375523201,255.29042053222656,270.7964715491256,910295
2022-05-31,259.44671630859375,265.20152706548237,253.37217351621442,258.9671426474873,1142480
2022-06-01,266.3205261230469,271.2760553097099,253.69186755443886,255.7700037130329,970710
2022-06-02,250.97427368164062,271.27600941313193,250.97427368164062,266.800030227009,1081995
2022-06-03,263.4430847167969,265.3613546915637,257.0488352061568,260.0860939668604,989900
2022-06-06,261.2050476074219,263.44304927029646,251.61367463198965,255.13053090334643,764610
2022-06-07,253.85171508789062,269.03805795306647,252.73272628151352,268.07891075209943,793995
2022-06-08,262.0044250488281,263.4431461595502,253.5320619849246,256.88902912567926,897355
2022-06-09,280.22802734375,280.54773498382417,261.0452762337449,265.521256371172,1048085
2022-06-10,304.8459167480469,305.1656244250756,292.53698824145056,294.45525869575494,1394610
2022-06-13,339.6945495605469,343.8508220414335,323.86878971434254,328.5046114573759,1836530
2022-06-14,343.0516052246094,351.8437011009964,331.7017989727835,334.57921704711873,1263495
2022-06-15,328.50457763671875,347.6873266957972,315.2365046590974,333.30026490148833,1431320
2022-06-16,359.99627685546875,367.82924788726484,349.92532803866146,350.88447531345395,1809795
2022-06-17,358.55755615234375,369.74749310694665,348.48660801477575,359.67654496937865,1427440
2022-06-21,331.7017517089844,341.4529936847513,327.54547903915216,341.1332616392792,802745
2022-06-22,334.0995788574219,344.96980926805094,322.11035952043306,343.69095432701295,998015
2022-06-23,323.7088928222656,337.9360887252576,322.11033038857545,327.86516490671096,947470
2022-06-24,293.65594482421875,315.7161135888531,293.33623718255467,315.39640594718907,1632100
2022-06-27,296.2136535644531,299.4107787526455,290.458818468855,291.0982581417711,778710
2022-06-28,314.91680908203125,315.23651670013567,286.46239201243736,293.0165079481531,959330
2022-06-29,315.3964538574219,320.67171611867,310.9204730178134,313.63802497296143,983245
2022-06-30,323.3891296386719,335.37834583096975,315.23645287106024,326.1066804305015,1523360
2022-07-01,313.7978515625,332.50102959901875,312.3591305491492,325.46736372973777,1427810
2022-07-05,311.3999938964844,334.0995775399088,311.3999938964844,326.5863383301166,2020920
2022-07-06,308.8422546386719,317.474506341196,302.2881633525189,311.240098268463,1346360
2022-07-07,294.7749328613281,304.2064668103111,292.8566626251021,304.046600793905,1079590
2022-07-08,295.4143371582031,302.44800197944244,291.25806515066296,298.771303571561,952505
2022-07-11,305.96478271484375,307.40350327083047,299.7304001486018,301.64866983112836,1035145
2022-07-12,313.4781494140625,318.2738374251366,301.1691973386012,307.2437403643878,1472675
2022-07-13,318.9132080078125,329.3038639078164,311.2401033878457,328.0250090724674,2195280
2022-07-14,320.8315124511719,338.73540888859793,319.7125234973571,332.18131679218,1753385
2022-07-15,303.247314453125,314.75696007120507,302.60789918239294,309.6415647289616,1249010
2022-07-18,310.1211242675781,313.478115266501,293.65592567803884,295.2544881742635,1077980
2022-07-19,285.8229675292969,302.128299446391,284.0645390984195,300.6896030154018,1372835
2022-07-20,280.0681457519531,288.0609582699434,276.551313122463,285.1835408850413,1420015
2022-07-21,271.755615234375,286.62225082856327,271.43590762428937,281.34698988970587,1532860
2022-07-22,279.2688903808594,283.90473670618866,268.71839151464195,271.43594314417686,1311120
2022-07-25,278.3096618652344,283.10534800150754,276.23152632775844,277.83008837318283,1183005
2022-07-26,288.2208557128906,289.9792600233577,281.3470313192776,281.82660500108886,1031390
2022-07-27,265.36138916015625,281.02730737454317,261.52484871228285,280.3878677051447,1494890
2022-07-28,255.6101837158203,271.43597017961446,254.33135298075766,263.922729846524,1605995
2022-07-29,244.73992919921875,254.33130422635267,242.66179306491412,252.89258333700576,1205935
2022-08-01,246.65821838378906,251.13419862070512,242.18223814687303,249.8553436398534,1068865
2022-08-02,251.77354431152344,254.01152161522103,242.82158631248666,250.01511614995874,1402345
2022-08-03,240.26397705078125,248.25679049630205,237.70626699136224,247.45750915174997,1275940
2022-08-04,240.90338134765625,243.62093291637257,238.98511108692296,240.26396605812172,914525
2022-08-05,242.02232360839844,248.57643882626243,240.74349327604696,248.57643882626243,1407260
2022-08-08,242.82164001464844,244.8997761946077,234.6689856977554,238.66539204685844,1314900
2022-08-09,245.85894775390625,247.77721811247991,243.30123768105406,244.100519029804,1242915
2022-08-10,230.51271057128906,236.10767939288408,229.8732953199581,232.43098071741025,1442155
2022-08-11,230.51271057128906,231.6316994571824,222.20019034334499,225.23744937535952,1274910
2022-08-12,219.00308227539062,228.7543241627528,218.5235086036608,227.15576151840688,1096165
2022-08-15,216.2855224609375,222.51990678074355,215.1665335307325,222.51990678074355,1084990
2022-08-16,214.84678649902344,219.16292468750868,211.80952755880483,217.88406983136963,1161275
2022-08-17,219.48265075683594,222.67977596992276,215.16653659759464,220.4417736854842,1956195
2022-08-18,217.88409423828125,221.40092719251612,216.6052392388876,219.48265688949076,1188235
2022-08-19,226.83596801757812,227.9549810791424,221.72057382004678,222.20014736184237,1471365
2022-08-22,240.42379760742188,242.34209217988237,234.50912105467867,234.82882868604582,1716330
2022-08-23,242.82164001464844,243.62092128446903,237.06682950721722,241.7026511153253,1521155
2022-08-24,240.42379760742188,244.26036236021412,237.70624615260783,243.30121507398388,1167395
2022-08-25,230.19302368164062,239.62453364507786,230.19302368164062,237.70626332615697,1077145
2022-08-26,253.85171508789062,253.85171508789062,229.55357138203462,230.19298658792823,1912605
2022-08-29,258.6474304199219,261.52484794343235,252.89259537290093,259.7664193479178,1346375
2022-08-30,267.2796630859375,271.755643265202,256.08972483384093,256.4094324769035,1448155
2022-08-31,273.51409912109375,273.83380679598616,261.3650123381262,263.60299045450506,1283135
2022-09-01,271.1161804199219,284.5440942100635,270.63660684339,278.78926007593117,1439130
2022-09-02,279.7484130859375,283.90468498006464,260.7255307529441,263.2832158944543,1654555
2022-09-06,283.42510986328125,288.22079691886256,275.91187168796233,278.14984922371667,1534025
2022-09-07,268.2388000488281,284.54413313666043,266.1606638609773,284.2244255059439,1094620
2022-09-08,263.1234436035156,275.5922137860672,262.0044301427098,273.19436961371,1406740
2022-09-09,250.6545867919922,258.807240318446,248.89615841202357,258.1678251214353,1421105
2022-09-12,242.98146057128906,247.29757374248584,241.2230323497788,246.49829262218555,1078280
2022-09-13,273.9936218261719,276.3914657431762,256.56929911945923,259.28685068030484,1846445
2022-09-14,271.43585205078125,278.6293815694833,267.91902027561804,271.75555959541026,1412000
2022-09-15,280.7076416015625,283.5850351705468,268.55855438445997,274.95280567932804,1860995
2022-09-16,286.9419860839844,294.7749330503166,285.8229971448126,290.61868493451703,1957960
2022-09-19,280.7076416015625,294.93484097579085,280.7076416015625,294.77497493656597,1263900
2022-09-20,289.979248046875,296.6932305306761,286.1427075350999,288.2208438090321,1666215
2022-09-21,305.4852600097656,305.6451016017295,278.6294089552602,285.82293918099606,2484210
2022-09-22,313.7978515625,315.5562558337552,305.3254646798682,308.2028823144396,2130540
2022-09-23,329.3038635253906,341.2930818576257,322.9096137481986,323.0694797494792,2437560
2022-09-26,339.05517578125,342.89171670076934,323.54909728387304,333.6200476877766,2108690
2022-09-27,342.0923156738281,349.12597969718814,322.4299954552721,328.8242443463717,2286500
2022-09-28,321.95050048828125,344.4902430875183,316.9949710234602,339.53468923056755,1736185
2022-09-29,342.7318115234375,350.7246245197129,331.22216568722683,332.18131300363166,2167865
2022-09-30,358.397705078125,358.7174126974305,333.7798525096823,344.9697899302704,1965860
2022-10-03,330.1031494140625,352.6428899541497,324.3483147763852,346.88805531647245,1672805
2022-10-04,300.05023193359375,314.91687081495996,299.73052425281725,314.75700477850546,2129060
2022-10-05,301.8086242675781,316.5153953339626,296.2136551581394,310.76056020740236,1893700
2022-10-06,311.3999938964844,312.83869045439786,298.29178568482763,305.64515888057207,1897740
2022-10-07,337.7762145996094,342.4120354541719,321.47088422410116,322.5898729415344,2014815
2022-10-10,345.60919189453125,352.1633076031356,333.77983968968044,334.0995472967065,1632710
2022-10-11,352.163330078125,358.07800655802384,336.97698604999454,350.8844751762778,1909395
2022-10-12,355.9999084472656,356.47948213573994,346.24869061156664,351.04437871204743,1458030
2022-10-13,328.18487548828125,381.4170098908577,323.3891881437632,379.1790078281396,3551470
2022-10-14,350.4049072265625,352.1633357941599,316.51538593425033,320.831499954928,2639085
2022-10-17,323.3891296386719,331.86151395965356,319.87229776735575,331.54178201416073,1374445
2022-10-18,311.5597839355469,321.47088975449503,300.68957975961996,301.32899492568913,1991835
2022-10-19,318.7533874511719,326.2666515329692,310.28102479234616,317.47455682562656,1474350
2022-10-20,326.58636474609375,329.14405043283307,308.04302765461114,320.19211394104883,1662230
2022-10-21,303.08746337890625,332.0214303394056,301.968450101831,327.865182425013,2161810
2022-10-24,292.2171630859375,306.2845147489688,289.3397463652071,299.4106926917023,1805210
2022-10-25,278.4695739746094,292.53692841621915,277.5104511396686,292.53692841621915,1567955
2022-10-26,284.7039794921875,286.1426759271492,272.7147612270835,285.6631023181196,1764125
2022-10-27,289.3397521972656,290.93831436410136,278.1498170294156,282.6257959749802,1779285
2022-10-28,269.03814697265625,290.1391728467179,267.59942569516033,289.8194651379859,1717550
2022-10-31,274.47320556640625,276.71120793973216,270.15709123574067,274.3133639346812,1304540
2022-11-01,278.3096618652344,281.0272124640316,265.8408730324999,266.32044652455147,1329950
2022-11-02,299.5705871582031,299.5705871582031,269.67747484179654,280.0681305512301,2096775
2022-11-03,308.8422546386719,314.4372231081845,301.3290161437517,308.0429734287415,1705110
2022-11-04,296.05377197265625,311.7196894490333,289.49968031695346,294.2953678469386,2363935
2022-11-07,287.5814514160156,297.812268449886,285.9828885412359,292.85671378121543,1117885
2022-11-08,283.10540771484375,292.6967820104279,275.9118769931556,284.8638117004251,1495840
2022-11-09,300.5297546386719,301.968451154027,285.1835446449522,287.90112045060033,1621270
2022-11-10,251.13421630859375,273.1943626154742,250.49477657706586,267.5993930232966,2119195
2022-11-11,244.1004638671875,253.21226430539627,242.3420599325861,249.37572445524273,1208975
2022-11-14,250.0151824951172,250.65462217451767,240.90338049479487,247.45749695390424,966770
2022-11-15,243.4611053466797,251.45391888798807,236.4274147950496,238.66541722189467,2193830
2022-11-16,249.3758087158203,250.81450554771195,245.37940152486166,246.97796440124512,1163330
2022-11-17,252.0933074951172,259.92627857066293,250.8144525856272,259.28683891985366,1284855
2022-11-18,248.5764617919922,254.65100400038273,245.37933688148425,245.53920288386055,1182605
2022-11-21,251.77354431152344,255.13053465919302,249.37570103236607,251.61367833606366,774425
2022-11-22,241.38291931152344,250.65458599131847,241.22305331671834,248.09687642719356,885475
2022-11-23,237.06686401367188,242.98154139283417,236.26758262751122,242.50196768271135,1040260
2022-11-25,237.8660888671875,238.98507766344053,236.58723407484413,238.18579646724174,530230
2022-11-28,249.21588134765625,250.49473621250647,240.42378769098664,243.3012050388677,890980
2022-11-29,250.33493041992188,254.17147117131566,246.49836527639687,248.8962093440508,836440
2022-11-30,226.99588012695312,253.85173561194793,226.99588012695312,250.01517089001808,1965440
2022-12-01,227.47544860839844,232.1112701011391,222.99946873036689,225.07760485860953,1390465
2022-12-02,228.59445190429688,236.58726490794362,226.9958893035675,236.26755726622366,1191875
2022-12-05,241.2230682373047,243.46107034237465,231.95142537614862,233.70982946713823,1213610
2022-12-06,251.61370849609375,255.61011444039082,240.42377185206192,241.38291903554367,1432295
2022-12-07,253.05250549316406,255.29048373922055,248.25681691550005,253.37221318658163,1431720
2022-12-08,247.1377716064453,252.73274034172073,245.21947709779138,249.37574934370429,902920
2022-12-09,252.89259338378906,253.2123010189691,244.8997805436432,249.85533426138525,1053195
2022-12-12,242.02232360839844,252.89255217826127,242.0223236083984,251.61369745378477,963015
2022-12-13,236.5872802734375,241.86254207687955,221.40093458021008,221.56080060751756,2372600
2022-12-14,241.38291931152344,246.97788763993626,230.35284864950296,237.22664736785205,1851755
2022-12-15,259.44671630859375,262.48397550871863,249.21590097613128,250.8144635850664,1778020
2022-12-16,268.7183532714844,273.1943085456531,262.00437157597764,264.88178881803384,1466155
2022-12-19,275.4323425292969,279.2688830357189,267.59937110650156,268.07894476783673,1052900
2022-12-20,274.47320556640625,280.5477485909614,270.95637257075765,277.51048927474915,948415
2022-12-21,262.64385986328125,269.99723374249015,260.0861497535634,268.87824471653784,980580
2022-12-22,274.2961730957031,286.1732606595221,268.678638630392,269.16014648266287,1285145
2022-12-23,269.4811706542969,280.07424650751847,269.1601735506709,276.5432293866143,1064700
2022-12-27,273.01220703125,276.543224084454,268.9996820865844,269.80218707551757,761145
2022-12-28,283.123779296875,283.44480091773414,268.67868801661587,273.17272131302093,920745
2022-12-29,268.67864990234375,277.987712304935,266.271135030493,276.8642102628395,795345
2022-12-30,270.76513671875,278.95069614296585,270.28362890135406,274.2961532288119,1046115
2023-01-03,274.2961730957031,280.3952154132851,262.258599241465,266.5921454213961,1449940
2023-01-04,267.8760986328125,276.06165757813295,263.2215804814756,269.3206220004885,1339930
2023-01-05,277.1851806640625,278.6297041424187,272.37015138388597,272.8516592100047,1221610
2023-01-06,258.72760009765625,277.34572538983224,255.83857727776572,270.6046884704266,1872435
2023-01-09,258.72760009765625,259.369618774581,247.33204410046076,254.07308101986644,1479220
2023-01-10,253.59153747558594,262.2585802260179,253.43102670629816,260.33257344708915,1206500
2023-01-11,243.96145629882812,252.14701495768722,243.96145629882812,250.2209838681891,1052985
2023-01-12,241.7144775390625,250.22100960029158,238.98594137851188,242.5169824120468,1691165
2023-01-13,239.30702209472656,248.6160613308315,238.02300908234653,247.97406706989713,1246825
2023-01-17,240.27000427246094,241.8750143537606,236.0969927553879,239.3070129179873,946805
2023-01-18,251.8260955810547,252.46811436810222,236.41801204960257,238.34401942972002,1593335
2023-01-19,257.6040954589844,260.49311825008397,253.1100627273304,256.6410796984485,1594080
2023-01-20,243.96145629882812,258.5670532813406,243.31946226266385,255.1965233652215,1467640
2023-01-23,235.1339569091797,243.96151160542877,231.28194283792882,242.03550456980332,1746240
2023-01-24,235.7759552001953,240.26998802198605,234.0104589244798,238.18347015931442,1582705
2023-01-25,235.61549377441406,247.65306984098314,234.97347502322367,243.48003367503472,2101985
2023-01-26,228.39292907714844,236.5784654250997,227.9114211765609,230.96093039609997,1765980
2023-01-27,226.78790283203125,230.47943048489591,222.45438101801943,229.99792261878184,1619705
2023-01-30,235.1339569091797,235.93646188156598,227.75090136702266,231.6029399287817,1346375
2023-01-31,225.3433837890625,235.13395413277362,225.0223867019999,234.4919599586484,936000
2023-02-01,218.12086486816406,232.0844724633689,213.14534820515235,227.2694421175771,2070735
2023-02-02,208.6512908935547,214.91081982415812,206.24377599862905,211.54031366556703,2074140
2023-02-03,215.71331787109375,217.47883853362123,208.49077341794765,216.5158228103322,1922725
2023-02-06,219.24436950683594,222.29387862315238,217.15785166858916,219.4048558079267,1154785
2023-02-07,210.89828491210938,223.41736666504207,208.97227798639054,221.17036266678787,1827115
2023-02-08,218.12086486816406,219.24439154125747,212.1823323397897,214.10833958000424,1098190
2023-02-09,224.0594024658203,226.14589584239977,212.18231394805406,212.18231394805406,1457105
2023-02-10,222.6148681640625,227.59040864874933,221.97287400046113,226.145885044885,1402235
2023-02-13,214.58982849121094,222.2938812596844,214.58982849121094,221.6518870666902,961225
2023-02-14,215.392333984375,221.8123738914533,211.3798090424511,217.4788518522772,1679400
2023-02-15,213.30581665039062,220.20736446587654,213.1453303466172,218.92335158314518,987105
2023-02-16,222.13336181640625,222.6148696876565,215.23183879368074,221.65187843566366,1541620
2023-02-17,224.5409393310547,229.51648123801465,223.89894498393738,226.30646052139906,1450265
2023-02-21,238.02296447753906,238.34396154785236,229.51640741645042,231.28192803893344,1392175
2023-02-22,238.98594665527344,241.71448287606958,234.3314280853959,237.22045059002934,1522010
2023-02-23,235.4550018310547,243.48005318515004,232.7264892687649,233.52899440417445,1485460
2023-02-24,243.3195343017578,247.97405366825905,241.5540134438381,244.92454435786306,1503000
2023-02-27,240.5909423828125,242.67745987486077,234.17090363220507,236.89943969361664,1311685
2023-02-28,243.8009796142578,243.80097961425778,238.18344529604443,241.71448645989767,1308510
2023-03-01,246.3690185546875,249.0975304744555,242.99848798346926,245.24551652778388,1201435
2023-03-02,241.39349365234375,251.3445752220182,239.46748655484544,251.0235536303443,1235225
2023-03-03,229.51638793945312,239.14644617467496,229.19539089638,237.54143646880465,1291820
2023-03-06,229.3559112548828,229.99792992693742,224.0593980308542,228.39291998256314,1198610
2023-03-07,239.7885284423828,241.07254157737222,229.03496435655956,229.51647234349477,1437080
2023-03-08,238.82550048828125,242.99851192659943,237.380976748067,239.94900262588575,1382930
2023-03-09,252.1470489501953,254.23354209426535,234.49194118002393,237.86244706002583,2088535
2023-03-10,263.2216796875,266.5922109918987,249.4185818101211,253.5916182355183,2938625
2023-03-13,264.98712158203125,274.2961586120243,254.39404735344587,272.04915474075125,2349015
2023-03-14,251.8260955810547,261.4561569721545,248.2950779690873,254.23361092882965,1962885
2023-03-15,256.320068359375,267.5551373186883,256.320068359375,263.5426126903621,2369115
2023-03-16,243.47994995117188,263.0610620547926,242.83795591125096,261.93756023967967,1801525
2023-03-17,252.1470489501953,254.87556070748425,243.96148918782256,246.36900388375503,1766125
2023-03-20,245.4059600830078,252.14702005142522,244.28245825177262,250.70249670512015,1470340
2023-03-21,235.7759552001953,241.87499799473213,234.49196681440534,238.3439809527925,1348500
2023-03-22,247.50408935546875,247.82761917604756,229.22437062972148,235.69506577626967,1750285
2023-03-23,246.0481719970703,251.38647529417872,234.40090197203853,242.32751766594853,1823730
2023-03-24,241.35691833496094,253.3277188838837,241.19516577035944,248.79822745141948,1793080
2023-03-27,240.38636779785156,241.84226453358525,235.6950983578552,236.98924250281095,1102075
2023-03-28,241.68048095703125,245.4011360203548,240.22458425926132,241.68048095703125,903170
2023-03-29,231.65087890625,236.34214764907037,231.00381927180578,234.23916681151246,1194670
2023-03-30,227.93028259277344,231.16563095993132,226.47438570105206,226.95969289287555,1080865
2023-03-31,218.06243896484375,226.31256075358317,217.73890913300485,226.1508081795357,1270000
2023-04-03,215.95944213867188,219.84184920249947,215.1506052767293,219.35656683232762,962240
2023-04-04,219.35658264160156,221.78309340231067,214.3417838626385,214.98884352533003,1127355
2023-04-05,221.78309631347656,224.37135968196063,220.00364519210157,221.29778921821574,1157665
2023-04-06,219.19482421875,224.85668314690957,218.70951708815855,223.40078643888125,1238530
2023-04-10,218.54776000976562,224.5331486740838,218.38598274164397,223.56253443284496,864430
2023-04-11,218.38595581054688,219.8418523091202,216.12122243860117,218.0624259979464,902530
2023-04-12,221.13597106933594,222.26833762640118,214.66527681897503,215.15058382450005,1458585
2023-04-13,212.72410583496094,220.48894505313785,212.238798755623,219.84186071943947,999620
2023-04-14,214.34178161621094,218.22418891915805,210.2975970574145,214.01825178825595,1287950
2023-04-17,212.07704162597656,216.76828569666088,212.07704162597656,214.6653048538999,933830
2023-04-18,211.915283203125,214.1800168142405,209.48877232675332,209.97407943877667,956750
2023-04-19,212.23878479003906,215.31237963443732,210.6211110878532,215.31237963443732,818795
2023-04-20,215.7976837158203,218.38597177329785,213.0476430820906,217.09182774455908,1052435
2023-04-21,215.4741973876953,218.70954577094525,214.82713758454503,215.4741973876953,1020465
2023-04-24,214.98883056640625,218.22417805233405,214.34177094271766,216.1212219334749,910200
2023-04-25,225.50375366210938,225.50375366210938,217.41538337747494,218.38599768512995,1323185
2023-04-26,228.57730102539062,229.22436063834434,222.59191321247184,224.37133948996552,1238150
2023-04-27,214.98883056640625,224.6948730241897,214.503548190511,224.20959064829444,1354815
2023-04-28,209.81227111816406,216.76827287091947,209.6505185605948,216.4447430720395,1315625
2023-05-01,210.45936584472656,210.78289565966324,207.06224107853478,210.29758859538688,889095
2023-05-02,217.2535858154297,222.10660698174425,211.42995054235539,211.75348035002796,1441685
2023-05-03,222.10659790039062,222.4301276948349,212.72408575906027,217.09179969341065,1823505
2023-05-04,227.12142944335938,229.38618795049956,223.72432870827018,224.37138846245458,1633845
2023-05-05,214.50357055664062,221.45954862968622,212.88589664500304,220.97426620319095,1397440
2023-05-08,214.66534423828125,216.93010274743733,213.8565072029571,214.34181436090105,835475
2023-05-09,217.2535858154297,218.06242267648213,215.79766465529008,217.41533837739493,732485
2023-05-10,214.98883056640625,220.97424316236663,211.91526032827178,212.8858744475471,1584600
2023-05-11,215.7976837158203,219.51833854204017,215.63593113956813,216.606520648314,1062445
2023-05-12,216.93006896972656,220.9742535166361,213.85647390382914,214.01825115920295,1078695
2023-05-15,215.15061950683594,219.35658134061745,214.18000533481137,216.12123367886053,939950
2023-05-16,219.19482421875,219.35660149019583,215.3124165415104,216.93009052098458,810545
2023-05-17,211.59176635742188,218.87129943382115,210.45939948228687,216.12125854170853,1286990
2023-05-18,205.76809692382812,212.56232176549486,204.95926004544535,212.4005692000639,1485870
2023-05-19,206.57693481445312,208.51813839533528,203.50336453503493,204.31220141738106,1290080
2023-05-22,206.4152069091797,208.67995305411063,204.15046076424872,206.90051406233403,851290
2023-05-23,213.37118530273438,214.18002228217424,207.54757386101488,209.16524781989457,1131315
2023-05-24,218.38595581054688,220.16540680546314,215.63591537782924,216.44475225120163,1400705
2023-05-25,213.0476531982422,216.60653093345195,210.62114228554296,213.0476531982422,1009325
2023-05-26,205.1210479736328,212.40058025806482,203.82690396409612,212.07705042661664,1046860
2023-05-30,204.95925903320312,206.9004749368574,201.2386168161405,202.04745369052864,888795
2023-05-31,208.19464111328125,210.78292941475232,206.4152021624249,207.70933397128712,1038160
2023-06-01,202.6945343017578,210.13581905319597,200.9150832287272,208.19461540863574,1065965
2023-06-02,194.120849609375,199.78270772298177,192.82670567523067,198.97387084960937,1403630
2023-06-05,195.0914764404297,196.22385561368077,191.6943636044221,193.473802485962,874120
2023-06-06,193.9591064453125,196.87091211073513,193.3120344057055,195.9003102222609,845310
2023-06-07,196.0620574951172,196.87089438633777,192.01787303901435,193.63554682145548,1040005
2023-06-08,192.98849487304688,197.51797423927016,192.17965794959215,196.38560748318233,770065
2023-06-09,192.01788330078125,193.31202733264405,189.1060777418982,191.85611838226643,1150580
2023-06-12,187.0030975341797,191.69435424137254,186.67956769583765,190.5619874653032,967560
2023-06-13,183.28245544433594,185.87073118259994,182.3118412433487,184.73835206207227,1357610
2023-06-14,182.7971649169922,187.1648798499409,180.20888894406434,182.95892985119895,1647860
2023-06-15,176.16468811035156,184.09129259567447,174.54701422934167,184.09129259567447,1501275
2023-06-16,178.10586547851562,178.75293740355417,173.57638668698675,173.8999164785708,1377195
2023-06-20,181.01771545410156,183.6059912768545,179.56180644696784,180.69417326258704,1327995
2023-06-21,183.75270080566406,184.57156313099208,181.29611382968008,182.44252858204777,1251985
2023-06-22,181.95120239257812,185.88174397111297,181.95120239257812,185.3904215882284,1014345
2023-06-23,186.20928955078125,187.3557043140408,184.08025498160947,186.700611948585,1074400
2023-06-26,188.66590881347656,189.15723129530036,184.73537893828518,187.3557363533627,878905
2023-06-27,182.77008056640625,188.338347244787,181.78744821018572,187.8470248192526,1010100
2023-06-28,182.2787628173828,185.06288978973168,181.13234803859083,184.0802574756584,1066300
2023-06-29,180.4772491455078,183.75269840400955,180.31347918155217,183.09761854818706,846520
2023-06-30,174.58143615722656,177.03802300510924,173.1074815495276,176.71048308999696,1051185
2023-07-03,173.92637634277344,175.2365612378183,173.5988363664368,174.90902126148166,275495
2023-07-05,174.9090118408203,176.21918417044964,173.92636697503767,176.21918417044964,667890
2023-07-06,179.0032958984375,182.27874495425633,178.51197354212604,179.49460575990238,1054085
2023-07-07,180.4772491455078,180.968571532222,175.56407525775518,180.64103160431074,886600
2023-07-10,179.49461364746094,181.95120054727522,179.00330376440633,181.13233824733712,861280
2023-07-11,176.05538940429688,179.65837842207404,175.23652712799782,178.3482062769036,747030
2023-07-12,171.7973175048828,173.27127218216805,169.99582289702192,171.1422251488841,1209235
2023-07-13,167.8667449951172,170.4871014424134,166.88411288923675,169.83200920687807,842000
2023-07-14,168.1943359375,169.17698083660468,166.06530114408733,167.04793354834308,1023665
2023-07-17,166.88412475585938,168.84938910736423,165.41017024480774,168.84938910736423,799495
2023-07-18,162.95361328125,167.70301757434655,162.29852087964215,167.21169514942858,1051570
2023-07-19,162.4622802734375,162.9536026663504,160.82455562352445,162.4622802734375,1221650
2023-07-20,165.4102020263672,166.39283439092048,162.4622924378589,163.60870727554476,1228275
2023-07-21,165.57395935058594,165.7377293163539,163.44492480590765,163.44492480590765,1121840
2023-07-24,163.44491577148438,165.08264032833353,162.6260534930598,164.4275480066245,842640
2023-07-25,162.4622802734375,163.93623495732876,160.82455562352445,163.93623495732876,964400
2023-07-26,162.29852294921875,164.5913401366593,160.66079817173954,163.44493779036327,1074300
2023-07-27,165.90150451660156,166.7203668044528,158.2041915138917,158.69551388454119,1392495
2023-07-28,161.15211486816406,163.1173795332638,160.00570006781587,161.97097722776363,1139035
2023-07-31,160.00567626953125,161.97095313717554,159.67813637234696,160.49699861015387,836355
2023-08-01,161.8072052001953,162.62606754939702,160.824560385275,161.9709751710661,757160
2023-08-02,168.35809326171875,169.34072551915273,164.91886161842925,165.2464140341386,1650070
2023-08-03,170.15957641601562,171.79730090029904,167.8667596390496,170.97843865815733,1313960
2023-08-04,172.4524383544922,173.271300811076,165.5739862222784,168.19434358437672,1467775
2023-08-07,168.1943359375,171.30601563001736,168.03056595259886,170.65092319556388,887680
2023-08-08,170.32334899902344,174.41766027303842,169.83202664820308,171.30598120581777,1199180
2023-08-09,173.92637634277344,174.90902126148166,170.15961663550553,170.32338662367385,1147115
2023-08-10,173.92637634277344,175.56410121415493,167.21170686907922,171.3060190475329,1561950
2023-08-11,174.41766357421875,177.2017902953052,173.27126139373533,176.5467104749413,1372515
2023-08-14,171.96109008789062,176.05540175664993,171.63355015232892,175.72786182108823,1070870
2023-08-15,177.5293731689453,178.5120055629828,173.59883109794657,174.09015354238971,1217005
2023-08-16,181.7874298095703,181.9511997698888,176.21916369481227,178.5119806238123,1288565
2023-08-17,186.37307739257812,186.86438730971497,179.8221785386365,180.31348845577335,1605770
2023-08-18,185.88174438476562,190.63114828211235,184.73534214861348,190.13982589813443,1636845
2023-08-21,182.77008056640625,187.68325484235723,181.45990825639498,184.73535777369563,1289820
2023-08-22,184.24404907226562,184.89914152349243,180.3135068597541,180.3135068597541,1252645
2023-08-23,178.3482208251953,183.09762491411948,177.2018060479528,182.93384244962212,1411010
2023-08-24,185.55421447753906,185.88175442131146,175.56408375945807,176.2191761418508,1587885
2023-08-25,181.95120239257812,188.33833089584132,180.14970781341344,183.5889270090637,2069830
2023-08-28,178.8395233154297,180.96857031709916,177.85689104344655,179.33084569884488,1213575
2023-08-29,171.1422119140625,179.0032945884365,170.6508895613467,178.6757421883438,1432695
2023-08-30,168.84942626953125,171.46978347986897,168.19433384323463,170.81470354842114,1144110
2023-08-31,169.99583435058594,170.15960432690787,167.21169477372035,168.52187957399218,888665
2023-09-01,169.34072875976562,170.97845338511183,166.22904947263842,166.88414182174634,1178250
2023-09-05,171.4697723388672,171.63355480593637,169.34073771029506,169.8320476269588,792560
2023-09-06,174.9090118408203,177.85690895362268,172.45242466606075,172.45242466606075,1221470
2023-09-07,176.7104949951172,179.4946219456809,176.05540262591168,179.00331203991254,1152635
2023-09-08,176.05538940429688,177.52934400060454,174.2538948954083,177.0380216368864,986560
2023-09-11,172.94374084472656,175.23655812287416,172.45243088895498,172.94374084472656,770065
2023-09-12,175.72789001464844,176.54675247977755,172.77998014224374,174.58147506655789,844625
2023-09-13,175.07278442382812,177.03804919492356,173.92636956164856,175.7278768458095,852040
2023-09-14,170.97845458984375,174.0901338988962,170.15959227140087,172.45240926201043,909315
2023-09-15,177.2017822265625,177.6931045643101,172.61616121858472,172.9437011138524,1159230
2023-09-18,177.03802490234375,178.34820956652723,175.4003003195379,177.85688719374667,771930
2023-09-19,178.3482208251953,181.6236701975778,177.5293584820997,178.5119907948449,939165
2023-09-20,183.24130249023438,183.57417351492177,176.25117604230527,176.9169053939488,1238410
2023-09-21,192.3950653076172,192.8943655454831,186.9028261797546,187.40211371988804,1430655
2023-09-22,193.8929443359375,194.7251028953192,189.06642215197724,191.23003948546244,1232040
2023-09-25,191.89576721191406,196.55584748548574,191.72932534329252,195.89011810419498,1415105
2023-09-26,200.21737670898438,201.3823937424507,195.0579829094622,196.05658344984283,1563985
2023-09-27,200.05091857910156,205.54317031436787,197.88731387864232,198.55304328560374,1719830
2023-09-28,197.05514526367188,202.21452568396327,194.3922404691084,201.21593797321844,1166720
2023-09-29,198.88589477539062,200.7166410580445,192.5614846741516,192.5614846741516,1600805
2023-10-02,198.88589477539062,202.88025838155573,197.05514849273675,199.7180533309362,1453575
2023-10-03,206.7081756591797,209.03822210398832,200.05090735843015,202.2145246352664,1859185
2023-10-04,202.5474090576172,208.70539064754578,201.38239203403424,206.37534390264668,1748210
2023-10-05,203.37953186035156,207.8731953688142,201.88165672192835,203.37953186035156,1508615
2023-10-06,195.89010620117188,208.87178390546447,193.72650171561045,207.0410377414568,1882575
2023-10-09,192.3950653076172,199.55163432912198,191.56290670966231,198.8859049112116,1169335
2023-10-10,189.56573486328125,192.06221070599946,185.73780015868692,191.39648127506138,1424110
2023-10-11,187.0692138671875,191.23000593408344,186.736342883198,187.90137228056668,1264830
2023-10-12,191.0636444091797,194.0594081389203,186.0706921618778,186.56997976796745,1790060
2023-10-13,193.56008911132812,196.05656482971466,187.23567887898943,189.0664251995931,1942200
2023-10-16,187.9014129638672,191.23004733808014,186.23709577676073,190.8971762820194,1441375
2023-10-17,187.7349853515625,192.56149507626796,185.2385095500669,192.06220753460838,1575695
2023-10-18,195.39083862304688,197.05515579581945,189.06642828741815,190.39788710472914,1570760
2023-10-19,200.88308715820312,202.04811685278415,192.22864253030426,194.89154759290906,2151245
2023-10-20,208.3725128173828,208.70538388314145,201.0495271389517,201.8816857567491,2153820
2023-10-23,209.5375518798828,213.69833245737453,203.87887048603,211.20186918997285,2031070
2023-10-24,205.2102813720703,209.5375028257257,203.37952260137766,206.3752981373016,1344610
2023-10-25,213.86474609375,214.8633465060696,207.70677793901487,208.03963627796693,1823920
2023-10-26,221.85345458984375,223.35132968717068,214.6968866233079,216.19476172063483,2472620
2023-10-27,225.01565551757812,227.67857290175914,218.8576876365546,219.52340428486872,1905100
2023-10-30,217.02694702148438,222.85205706848473,215.5290717390129,220.52202320787035,1579450
2023-10-31,213.36544799804688,219.52341621369217,212.8661604846802,216.36122386917432,1371190
2023-11-01,206.37533569335938,212.6997462211199,205.3767478989058,212.03401679223995,1966355
2023-11-02,195.05795288085938,201.21593357502567,194.72509455046395,200.88306254689888,1730255
2023-11-03,189.89857482910156,192.062192095567,187.5685283954614,191.7293210634861,1306550
2023-11-06,188.7335662841797,191.23004199508753,188.06783688839118,188.7335662841797,1130290
2023-11-07,187.2356719970703,190.2314478281161,186.2370842859656,188.7335599125932,1132285
2023-11-08,186.90280151367188,189.8985644523107,185.73777201164773,186.40350134169998,999930
2023-11-09,191.2300262451172,192.06218474688208,185.40491673276298,185.73777505437653,1809650
2023-11-10,182.40914916992188,190.73073455812752,182.0762908334863,188.73355914405082,1613645
2023-11-13,183.24130249023438,185.4049197086431,181.74341462346922,184.23989016883405,1275795
2023-11-14,172.5897216796875,175.91835671842966,170.92540416031642,175.41906908125935,1726420
2023-11-15,171.75750732421875,172.58966581454487,169.59390286800937,170.92534883389263,1126820
2023-11-16,171.4246368408203,173.5882538412042,170.75890755626142,172.42322441879367,2112255
2023-11-17,170.5924835205078,172.42322958459647,169.92675421600367,171.25821282501195,1118300
2023-11-20,166.93101501464844,171.091807884428,165.7659853924709,170.9253660114511,866475
2023-11-21,167.92959594726562,169.59391302761964,167.59672491255583,168.26245428424377,898875
2023-11-22,166.26527404785156,167.76316191630147,164.76738617940165,166.43170321151683,1437560
2023-11-24,166.26527404785156,166.9310034002439,165.93240302278977,166.5981323751821,425925
2023-11-27,167.097412109375,167.5966995392526,166.0988245518901,167.097412109375,795165
2023-11-28,166.76455688476562,168.42887387043285,165.26668175584982,167.7631572343507,955020
2023-11-29,167.2638702392578,167.76317045339314,163.10307744723647,164.43453621977608,1180140
2023-11-30,165.2666778564453,168.92817005942936,165.100236003621,166.4316946398319,1305050
2023-12-01,162.60377502441406,166.9310096275239,162.1044875147926,166.4317094201707,1836485
2023-12-04,165.43309020996094,167.76313623782252,164.93379009765872,166.4316777368361,1376330
2023-12-05,165.43309020996094,167.43026526371125,164.43450268308578,167.0974069873293,1150430
2023-12-06,167.59671020507812,168.09601036446082,163.10305956155605,163.10305956155605,1111590
2023-12-07,163.93527221679688,166.0988900256556,163.10311347457963,165.43316049233488,1138330
2023-12-08,162.10447692871094,165.2666817407357,161.43874759495876,164.93381072499415,1261820
2023-12-11,160.10728454589844,162.9366309624836,159.94085539144768,162.43733080140075,976275
2023-12-12,158.11013793945312,161.77163079158942,157.9437087548529,160.60661380165502,1096640
2023-12-13,151.45285034179688,158.11011848868904,151.28642117767083,157.77726016043695,1867010
2023-12-14,150.287841796875,152.95074666318078,148.62352466821739,149.7885415791849,2065595
2023-12-15,150.9535369873047,152.1185664300495,149.95494939190212,151.11997883464693,1377475
2023-12-18,148.62351989746094,149.7885367710319,147.7913613598441,149.7885367710319,773740
2023-12-19,146.12704467773438,148.29064926271994,145.96060281157796,148.29064926271994,778795
2023-12-20,152.44932556152344,152.61929059554444,145.1412829265257,147.18073366966192,2125895
2023-12-21,148.030517578125,151.93948024342444,147.8605654984408,149.73006430799214,2419345
2023-12-22,147.35069274902344,149.2202044801247,145.65114606003118,147.18074067342664,1873215
2023-12-26,145.6511688232422,147.18076367569162,144.80139534593852,147.01081157353374,755365
2023-12-27,144.8013916015625,146.3309864144586,144.63143950379936,145.82113012116918,1352170
2023-12-28,144.8013916015625,145.31126086136584,144.12158321050993,144.8013916015625,1095325
2023-12-29,146.16102600097656,148.2004769911291,144.80138336319942,145.31125259399414,1639835
2024-01-02,149.05027770996094,150.9197899211007,147.86059990879525,149.39019491494795,1538820
2024-01-03,152.78929138183594,153.12919562523751,150.239970656777,151.08974423179663,1800965
2024-01-04,154.31887817382812,154.48883028645818,150.5798668633917,153.2991395650177,1524050
2024-01-05,153.6390380859375,155.33858493873214,151.25966989872234,154.31885942035805,1958145
2024-01-08,147.18077087402344,153.46910269352944,147.01081876355352,153.46910269352944,1358155
2024-01-09,148.030517578125,150.4098855932415,147.01079213350724,149.73006430799214,1304955
2024-01-10,145.48123168945312,148.20050450330433,144.80141024436145,147.86060026401628,1394295
2024-01-11,145.99107360839844,149.73007140471765,144.29152679797824,144.80138306119642,1997560
2024-01-12,145.8211212158203,147.18075088140628,143.95160935505578,144.80138275848944,1486890
2024-01-16,147.69064331054688,149.22023827031157,145.99109623670057,147.18077400178692,1899185
2024-01-17,149.9000244140625,152.27939255658208,149.56012023649393,150.57984573571284,1468055
2024-01-18,146.16102600097656,150.23994094779482,145.82112182478886,148.54039413382998,1782355
2024-01-19,141.06240844726562,145.99109760077434,140.7225042159265,145.1413240559113,1801315
2024-01-22,140.04266357421875,140.72248491014724,138.51306881000798,139.53279433064398,1074330
2024-01-23,138.8529815673828,140.72249359823667,138.68302946453636,139.70275504812938,888595
2024-01-24,138.51309204101562,138.85299628273086,135.62386708688905,136.4736406576928,1523255
2024-01-25,136.47361755371094,138.6830206838556,136.1337004030255,136.6435696457969,1411010
2024-01-26,137.1534423828125,137.8332637992601,135.62386040394924,136.98349027032936,1189970
2024-01-29,134.09425354003906,137.49334735364454,133.7543363787702,136.81352599762067,1136680
2024-01-30,134.26419067382812,134.9440119540867,133.58436939356955,134.43414275226468,905020
2024-01-31,140.7224884033203,140.8924404998928,135.79379980363504,136.30365609335252,2046010
2024-02-01,135.6238250732422,140.38254781567335,135.6238250732422,139.7027265763227,1912795
2024-02-02,131.37498474121094,135.62385212654746,130.01534199129756,135.45388705792263,2011195
2024-02-05,132.734619140625,134.77408333642003,131.5449414179639,132.05479774202666,1320465
2024-02-06,131.88485717773438,133.41445221683566,131.5449529319411,132.22477439004345,1092840
2024-02-07,128.82565307617188,130.86510405668378,128.31578384778734,130.0153306537183,1473315
2024-02-08,128.6556854248047,129.50545881061322,128.31578125708643,128.82565047517667,812560
2024-02-09,126.44629669189453,128.65569996478393,126.1063795192478,128.14584365558528,1104975
2024-02-12,126.78620910644531,127.29607841516832,124.74675780458357,126.61625699237602,835600
2024-02-13,132.0548095703125,134.60413031851556,130.69517961784703,131.7149053238251,1866365
2024-02-14,128.3157958984375,131.8848419327733,128.14584379518615,130.01534286397973,1769215
2024-02-15,126.10636901855469,128.65568925181265,125.93641692964013,128.14583298506898,1280135
2024-02-16,128.14584350585938,128.6556998144623,125.42657096043425,126.27634444128674,1626515
2024-02-20,130.18528747558594,132.0547864367973,128.99560985477333,129.5054661351872,1357715
2024-02-21,129.8453826904297,132.90455925835963,129.8453826904297,131.37497745765143,1363185
2024-02-22,122.0274887084961,125.59653507613962,121.17771514636594,124.91671363313239,1829080
2024-02-23,121.85751342773438,122.36738270896083,120.15796644566548,120.83778783179594,1259150
2024-02-26,123.38709259033203,123.38709259033203,121.3476416581994,121.68754582471723,842420
2024-02-27,122.70724487304688,124.23683922609521,122.36734077970723,122.8772098862267,731330
2024-02-28,123.2171630859375,124.2368887388629,122.7072937762172,123.8969845100595,758210
2024-02-29,122.0274887084961,124.06694007100224,120.83779794160455,121.85752362285763,1157030
2024-03-01,118.62837982177734,121.8575085861998,118.28846265896017,121.34765229174496,1396905
2024-03-04,119.13822937011719,119.3081814586454,117.77859969537838,119.3081814586454,875030
2024-03-05,122.87725830078125,124.40684028998628,120.32793769675273,120.66784192401715,1363580
2024-03-06,120.83778381347656,122.02747444127169,119.30818898717655,120.32792751571924,1598065
2024-03-07,117.60865020751953,119.47816232832595,116.75887668588568,118.6283888066921,1056425
2024-03-08,119.64810180664062,120.15795808588024,115.2292825539962,117.09878151090189,2029025
2024-03-11,120.157958984375,122.02747092177373,119.64810270132287,120.66782823394077,1185815
2024-03-12,116.07905578613281,120.49787503117228,115.73913863404452,118.62837607748406,1560015
2024-03-13,116.9288558959961,117.77862952033759,115.90911717357312,116.07908227165461,707860
2024-03-14,117.77861022949219,119.81806140726543,116.24901536290507,116.41896746663379,1595945
2024-03-15,120.157958984375,121.34764957785725,118.9682813574064,120.32792404523936,1243550
2024-03-18,118.28844451904297,118.45839659113187,116.24899372095213,117.43867119208646,884585
2024-03-19,116.07905578613281,119.47814950793449,116.07905578613281,118.62837607748406,1053105
2024-03-20,113.25630950927734,116.71980513211648,112.90995201968106,116.54663299341198,1355265
2024-03-21,112.04408264160156,112.39044014519393,110.83186440949781,111.52456620449473,880590
2024-03-22,112.73677825927734,113.08313574389133,111.870904366023,112.21726185063699,867595
2024-03-25,113.77583312988281,113.94901849174101,113.08314453120252,113.77583312988281,537950
2024-03-26,114.64171600341797,114.81490137874071,112.73679578456995,112.90996794770356,480480
2024-03-27,111.69772338867188,114.29534486282702,111.69772338867188,112.73676933589672,988510
2024-03-28,111.87090301513672,112.2172604955683,111.00502913233815,112.04407514925904,695165
2024-04-01,112.73677825927734,113.42948001631822,111.17820260898212,111.52456009359611,725875
2024-04-02,114.81488800048828,116.37345049927593,114.6417026453451,115.33440442935496,792945
2024-04-03,114.64171600341797,115.85394756973153,113.42949764929354,115.85394756973153,979065
2024-04-04,118.97108459472656,119.14426996779595,111.69774814023783,112.04409246199864,1794600
2024-04-05,115.16122436523438,118.27837557277705,113.77582089250726,118.10519022954614,2047760
2024-04-08,115.16122436523438,115.68075397055372,114.12217836678238,114.98805223419016,951295
2024-04-09,114.98804473876953,118.10518253093691,113.77581347610513,113.94899880804707,1647465
2024-04-10,118.2091064453125,119.62913908781297,116.96224593732437,118.72862284884957,4186250
2024-04-11,115.78467559814453,119.87160205023123,114.81490091873043,117.44715213950688,2104050
2024-04-12,120.73745727539062,121.7765033004355,117.34323321374428,118.31300774216123,2665775
2024-04-15,125.17072296142578,125.86342469116457,117.5510303586723,117.6549442060544,3439250
2024-04-16,126.00198364257812,126.97175825975997,123.81997754173071,124.96293752242782,2766575
2024-04-17,128.39178466796875,129.39620159287904,124.06241503872192,124.20095803778284,2747425
2024-04-18,129.29229736328125,130.0196282698945,125.79415940105844,127.42200656440097,2108075
2024-04-19,132.75579833984375,133.79484442162737,128.66887230093207,129.46547473737243,3025950
2024-04-22,129.32691955566406,132.6518719890802,127.04101310616714,130.6430515151279,1799025
2024-04-23,124.65119171142578,128.11468673498968,124.33947663081763,127.66442868251457,1646575
2024-04-24,124.82437896728516,126.62539818354963,123.47361785813344,124.027776600662,1852625
2024-04-25,126.48685455322266,130.98939596494986,125.96732495440598,129.74253549753908,2268625
2024-04-26,122.95408630371094,124.92827761837309,121.8111264835453,124.40874802517298,1493075
2024-04-29,121.81111145019531,123.78531573339691,121.2569527848605,121.74185317769013,1309300
2024-04-30,127.62980651855469,127.62980651855469,122.15749038619404,122.91946363978603,1443650
2024-05-01,128.8766632080078,129.29229217698946,122.95408912797924,128.1839614718917,2155375
2024-05-02,125.58633422851562,129.74253124630457,124.85900338375374,126.14049295007507,1683925
2024-05-03,120.84138488769531,122.95411976378396,120.0101531669919,120.97992791187588,2227975
2024-05-06,117.17005920410156,119.55986634469787,117.17005920410156,119.28278036261821,1772875
2024-05-07,116.82371520996094,117.37787402589285,115.92321208864223,116.65054305726754,1854625
2024-05-08,116.89297485351562,118.3130075010264,116.58125972541878,118.2091068623898,1387325
2024-05-09,115.05733489990234,117.44714224958575,115.05733489990234,116.9968840954061,1687825
2024-05-10,114.67634582519531,115.542219758382,113.53338589153879,114.08754468029076,1407750
2024-05-13,114.74559783935547,115.4729286487928,113.56800896171076,113.63728045006462,790300
2024-05-14,113.18704986572266,115.02269851017957,112.87533469853292,114.67635419649706,1439225
2024-05-15,109.06548309326172,112.04408502036051,108.8923109438829,111.62846921941372,1666700
2024-05-16,110.00062561035156,110.00062561035156,108.19960623820256,109.20402317477969,1628775
2024-05-17,109.55036163330078,110.8664870391455,109.5157324910703,109.93134825877135,1972525
2024-05-20,109.20401763916016,109.72354065315061,108.26887225032121,109.4810970203613,1254375
2024-05-21,108.51130676269531,109.86206780675725,108.37277038678555,109.75816717634817,945975
2024-05-22,109.5157470703125,110.83187265136594,108.51133005348419,108.96158162944883,1311750
2024-05-23,112.07872009277344,112.84069335514002,107.64544333222825,107.68007908107161,3420725
2024-05-24,109.89671325683594,111.55918955111831,109.44646173775288,110.93575928923903,2424850
2024-05-28,109.7581787109375,111.42064842703016,109.30792057820348,109.48109932390643,2321400
2024-05-29,112.14798736572266,112.56360312399899,111.35138499061523,112.39043099239942,2029225
2024-05-30,114.4685287475586,115.23050201950696,112.7367809201759,113.18703905470788,2004925
2024-05-31,111.55918884277344,117.41250479634247,111.38601670717034,113.94900923553223,2515575
2024-06-03,111.3167495727539,114.60707312690171,110.416239898923,110.48551139831625,2640750
2024-06-04,111.03966522216797,113.1523862787702,110.48549989083416,112.21725416482776,1996450
2024-06-05,107.05664825439453,110.79722323070442,107.05664825439453,109.5503627032366,2249225
2024-06-06,107.16055297851562,108.30350623309887,106.67565911474851,106.8834736018316,1280950
2024-06-07,107.71470642089844,108.6152160022443,106.01759449662501,107.88787854550247,1793875
2024-06-10,106.814208984375,108.64986410192094,106.57176533992615,108.26887745716198,1388325
2024-06-11,106.12150573730469,108.9962068933136,106.01760509459316,107.78398868772062,1565825
2024-06-12,103.4892578125,104.14732390372733,101.89605281974312,103.35072140734889,3089700
2024-06-13,102.9697265625,104.56293803493966,102.45020352373913,102.51947502386561,1603525
2024-06-14,102.90045166015625,104.59757032667346,102.90045166015625,103.9741400583355,1873725
2024-06-17,100.57992553710938,103.66243481799061,99.74868069592672,103.35071965407069,2041125
2024-06-18,99.85258483886719,100.82236605260982,99.7833133365797,100.54528664955393,1429625
2024-06-20,100.78772735595703,101.72287279122641,99.02134373581283,99.43695952520332,2167075
2024-06-21,101.51505279541016,102.10384730358668,100.64917890727371,101.34188066022027,2114475
2024-06-24,102.38092041015625,102.41555615629062,100.02574252176368,101.48041082894184,1701100
2024-06-25,101.20333862304688,102.55410639344115,100.9955307376376,101.68823249712663,1078200
2024-06-26,100.84998321533203,102.2634363870511,100.5319554092107,101.94540858092977,1138850
2024-06-27,100.53195190429688,101.45069137897636,100.14324976817208,101.0619959827277,1154900
2024-06-28,101.83939361572266,102.54612354757946,98.48244328909325,100.21392420827864,2636600
2024-07-01,101.27400207519531,102.82880372336287,100.95597431216387,101.06198581313284,2089325
2024-07-02,99.33051300048828,102.26343069604067,99.2598386608663,102.26343069604067,1284450
2024-07-03,98.09374237060547,99.57786985403209,97.88172608436629,99.57786985403209,1008150
2024-07-05,96.53894805908203,98.44711500338208,96.32693175634094,98.09375000556243,1720400
2024-07-08,96.29158782958984,96.82163191920866,95.7262065686796,96.18557631571556,1353625
2024-07-09,96.04423522949219,96.18557717604584,95.30216810548743,95.83221893972355,1238175
2024-07-10,93.28799438476562,95.58485656808894,93.0759780998111,95.40817745393952,1819475
2024-07-11,95.69086456298828,96.00889234866774,92.75794689273678,93.21731661656493,3054825
2024-07-12,94.03005981445312,95.44351292206142,92.1572302344496,95.26682707118785,2696950
2024-07-15,93.39400482177734,94.2774138621046,91.69786108191927,93.11131419846767,2862125
2024-07-16,91.69786834716797,93.07598440250666,91.55651965437599,92.72261941040334,1655000
2024-07-17,95.58485412597656,95.79687714539027,93.88871040992296,94.70144509804747,2231875
2024-07-18,97.84638977050781,99.04782663618172,94.34809068747249,94.91347194898064,2104550
2024-07-19,100.03724670410156,100.56729082729154,97.31635174109257,98.19976085970143,2504200
2024-07-22,96.92765045166016,98.94182218198456,96.60962262688507,97.84639675213522,2037475
2024-07-23,97.52836608886719,97.74038238592108,95.90288983844985,97.06898958206109,1597600
2024-07-24,104.10092163085938,104.63097246505168,99.96657365126896,100.14325276941551,3451275
2024-07-25,105.90306854248047,106.39778216582414,100.56727737123485,104.10091337286434,4436500
2024-07-26,102.5461196899414,104.1715890362376,100.81463883589186,103.71221931572482,2702475
2024-07-29,102.36944580078125,103.46487795588847,101.02666691177704,101.62738537946024,1994150
2024-07-30,104.0302505493164,105.86773623218443,100.92064695084541,101.52136536828574,2780975
2024-07-31,99.1538314819336,100.7793076648512,97.42235052482927,100.0372405461629,3231500
2024-08-01,103.2175064086914,105.12567312235528,96.82162700673186,98.02306381017742,3692850
2024-08-02,109.0833511352539,111.59222957165511,106.85715658194965,107.49321216860801,4427225
2024-08-05,118.58883666992188,123.18256107058563,114.98452609962347,122.33448244473499,6248425
2024-08-06,115.44389343261719,118.48282285954885,110.2847875811882,117.52873942459917,5456200
2024-08-07,117.9527587890625,118.27078652871162,109.29534896950273,111.30952016069726,3182700
2024-08-08,109.82542419433594,115.76192796332212,109.33071723188965,114.34848142486895,2510025
2024-08-09,108.58863830566406,111.27420261401502,107.56388731714426,110.46146790934827,1758450
2024-08-12,108.4119644165039,109.79008043777043,106.85716253361574,107.84658313906756,1399625
2024-08-13,103.07616424560547,106.53912597039007,102.97015273734132,106.39778403258046,1734750
2024-08-14,102.19276428222656,104.20693593853512,101.4506971383949,102.65213404564501,1509225
2024-08-15,96.9983139038086,99.29517602705772,96.8216280544042,98.97714823800581,2157400
2024-08-16,96.46826171875,98.09373781069287,96.11490350473608,97.98772630256316,1452275
2024-08-19,93.74736785888672,96.75095314235917,93.74736785888672,96.29158341637692,1305050
2024-08-20,94.24208068847656,94.94881064666095,93.1466553191795,94.0300643969718,1267400
2024-08-21,93.28799438476562,94.63077991585543,92.58127118829178,93.78270803616111,1300025
2024-08-22,95.65553283691406,96.18557692991752,92.08655939220547,92.40458719598281,1584000
2024-08-23,92.72262573242188,95.1608369303128,92.1925815780657,93.99473709477837,2455075
2024-08-26,93.42933654785156,94.27740836836166,91.8391976719728,92.22789978382666,1178375
2024-08-27,93.11132049560547,94.66612239889831,92.79329268038929,94.10073437416555,1167900
2024-08-28,94.73678588867188,96.3622620669206,93.07597927904659,93.28799556668729,1438625
2024-08-29,94.80745697021484,95.33750104102351,92.05121836618329,93.74736882859749,2076900
2024-08-30,92.36924743652344,95.58485581584475,92.0158892110055,93.74737012757267,1374900
2024-09-03,97.98773193359375,99.2598431447508,93.71203529145674,93.85337723720959,2530075
2024-09-04,98.69447326660156,99.43653373212388,96.82164340523839,99.08317545704301,3334375
2024-09-05,99.4365234375,100.74397183552166,97.17499835970725,98.76513739245301,2127900
2024-09-06,104.63097381591797,105.12568074501642,98.5177778469269,99.43652410087861,3612675
2024-09-09,101.13267517089844,103.32352593071573,100.42594520586782,102.15742620632872,2347875
2024-09-10,99.89590454101562,102.8994968859817,99.68388150028154,100.10792084187302,2037125
2024-09-11,96.92765045166016,104.8076582435835,96.36226914981039,99.96658000401024,3929175
2024-09-12,94.52477264404297,97.775718365321,94.31275634957689,96.60961863594282,2622625
2024-09-13,93.14664459228516,94.45408610252022,92.61659381475005,94.31274417108631,1985475
2024-09-16,92.75794219970703,94.24206954449737,92.65193069655216,93.32332340344853,1465000
2024-09-17,92.68726348876953,93.8533630089226,91.02645712366524,91.6978497988671,2682475
2024-09-18,93.641357421875,93.88871087253375,90.00170978251845,92.43992059878161,3864575
2024-09-19,88.9416275024414,90.31974352688117,87.91686972230565,88.83561598522431,3670775
2024-09-20,89.50701141357422,90.92046465198925,89.01230446509814,89.64836010735407,2369475
2024-09-23,88.90628051757812,89.57767323943276,88.55291557239802,89.01229202309489,1744100
2024-09-24,88.12889862060547,89.89571691919087,88.12889862060547,88.51759406317794,2159500
2024-09-25,88.7766342163086,89.28043132076296,87.91297909564936,88.27283711185423,1520650
2024-09-26,87.73303985595703,88.84860030610295,86.61748626953134,86.76143221034509,1774850
2024-09-27,88.3088150024414,88.74063908886991,87.04931550020474,87.37318699688618,1826975
2024-09-30,87.1932601928711,89.85619844317104,86.97734813574422,88.81261778062402,1974450
2024-10-01,89.64028930664062,90.82781595511041,87.44516158588225,87.48114807386264,3369975
2024-10-02,89.60430145263672,91.25964555589496,89.06451786860144,90.10810541296088,2403275
2024-10-03,90.10809326171875,91.22364676678663,89.1724653058258,90.35999177605152,2271225
2024-10-04,87.84100341796875,90.07211755884074,87.58910487348912,88.09290196244837,2488775
2024-10-07,90.18006134033203,90.71984486341113,88.30881225123919,88.63267687411073,2163400
2024-10-08,87.69706726074219,89.42437750657757,87.40918221976962,88.99254651325833,1977575
2024-10-09,85.89778900146484,88.02093701147656,85.64588357030436,87.73305195387148,2260500
2024-10-10,86.36558532714844,87.12128090417536,85.753828823199,86.5814973686247,1782825
2024-10-11,85.03411102294922,86.65346845821051,84.71024639961686,86.61748197479137,2252250
2024-10-14,82.91097259521484,84.4583503713245,82.55111458488118,84.31441128542343,2270600
2024-10-15,84.89016723632812,85.42995073018382,82.73102639718581,82.83898584144477,2802225
2024-10-16,83.84659576416016,85.32200746351553,83.59469721018057,84.92616982028511,1097125
2024-10-17,83.9185562133789,83.9545426962498,82.22723270076573,82.33518528565861,2003075
2024-10-18,83.0189208984375,83.8825759603217,82.65906290672234,83.23483294797848,1518675
2024-10-21,83.48674011230469,84.7462328143622,82.94694968145667,83.37878065339099,2049000
2024-10-22,83.63068389892578,84.8901835355641,83.12688678975879,84.60229849265141,1844200
2024-10-23,86.00572967529297,87.51712773394954,84.38637902483822,84.6022910721548,2342800
2024-10-24,85.50193786621094,86.65347800764613,85.10609336869734,85.10609336869734,1915675
2024-10-25,85.68185424804688,86.1136851866215,83.27081476166165,84.56630071366563,2350275
2024-10-28,84.96214294433594,85.03410904578098,84.17045405496285,84.20644053754523,1443425
2024-10-29,84.53031921386719,86.0417172924073,84.06250862790682,85.39397427821578,1701225
2024-10-30,85.42996215820312,85.64587421188419,83.9185640549948,84.81820561967308,1888400
2024-10-31,90.53992462158203,90.53992462158203,87.33720291487614,87.37318940035513,2620950
2024-11-01,89.496337890625,89.67626344202205,87.30121047223793,89.3523919585315,3032550
2024-11-04,90.10809326171875,90.97174825245385,88.81260734375623,89.4603503027375,2444150
2024-11-05,86.869384765625,89.78422829239307,86.869384765625,89.71225532201652,2120575
2024-11-06,80.42794799804688,82.94693997098788,80.03210355875801,81.21963001290497,4241000
2024-11-07,78.55669403076172,79.63626106500779,78.16084958180225,79.60028144575676,2678725
2024-11-08,77.65705108642578,78.52070607031574,77.15325406175323,78.52070607031574,2591375
2024-11-11,77.47713470458984,78.19684384444999,76.93734427004412,77.08129021624845,2010775
2024-11-12,78.23282623291016,79.24042721239752,77.33318470742078,77.5490967516966,3442250
2024-11-13,78.19683837890625,79.06049340460581,77.3691698372425,78.12486541083462,3050525
2024-11-14,79.74421691894531,79.99611542466549,77.94493403383605,78.1608460582077,2726375
2024-11-15,82.87498474121094,83.66666685991373,81.11168806974524,81.29161364008479,2852675
2024-11-18,81.97533416748047,83.12687416423232,81.3275912033776,82.73102971645395,1716250
2024-11-19,81.03971862792969,83.66667050620794,80.7518335846077,83.4147719512663,2435925
2024-11-20,80.96774291992188,83.45075562464125,80.93175643275544,81.03971589425475,2505275
2024-11-21,79.74421691894531,82.33518180256364,79.16844694480791,79.85217636299089,3012050
2024-11-22,79.1324691772461,80.06809720417729,78.88057064378773,79.8881716413414,1703225
2024-11-25,78.37677001953125,79.27641152031858,77.04529757832923,77.58508110605763,2566025
2024-11-26,77.11727142333984,78.19683849108297,76.90135938253522,77.90895348210347,2363450
2024-11-27,77.94495391845703,78.52072403947977,77.18925820851015,77.33319730690522,1282150
2024-11-29,76.61347198486328,77.83697808708908,76.28960050189416,77.76501198487802,1184075
2024-12-02,76.181640625,76.6854376562461,75.96572859214021,76.4695256233863,1776650
2024-12-03,76.14566040039062,76.7574169302047,76.07368742894889,76.32558596527463,1310950
2024-12-04,74.77820587158203,75.78579998468085,74.70623290244066,75.53390145640614,2328050
2024-12-05,75.1740493774414,75.31799532702748,74.49032670806953,74.81419823091754,1377025
2024-12-06,74.8141860961914,75.17403718434808,74.41834166275562,75.03009812182931,1550625
2024-12-09,76.07368469238281,76.28960359894086,74.92214464562025,74.9581311300466,1491600
2024-12-10,76.79341125488281,77.04530981692199,75.71384402793751,75.85778312179373,1352500
2024-12-11,75.03010559082031,75.8217876727816,74.67024760312147,75.7138350810761,1845775
2024-12-12,76.2176284790039,76.2176284790039,75.21002753466406,75.42593957140835,1351775
2024-12-13,76.43354034423828,76.93733738341778,75.31798681588944,75.56988533547919,1723825
2024-12-16,75.46192169189453,76.07367814706714,75.10207060603258,75.74980667881579,1610075
2024-12-17,76.50552368164062,76.97333430090447,76.10967917507219,76.50552368164062,1926000
2024-12-18,83.27082824707031,83.45076069383245,75.67785745045494,76.57749909310253,3641000
2024-12-19,83.48674011230469,83.55870622119336,80.53591000881444,81.21963952116026,3755325
2024-12-20,80.64386749267578,84.99813613680121,78.62867235501754,84.6022916608661,4593700
2024-12-23,79.14337921142578,82.04873189502119,78.95949169057059,80.72477681782213,2041425
2024-12-24,76.60578918457031,78.95949338530173,76.60578918457031,78.7020578651707,992150
2024-12-26,76.64256286621094,77.85619241099505,76.20123984329332,77.34132139641738,1611000
2024-12-27,79.10659790039062,80.79832092329725,78.11362637933256,78.22395888653612,3160300
2024-12-30,81.93841552734375,83.4462582934141,80.5408982714882,82.08551854582765,2880100
2024-12-31,82.85782623291016,83.59335530163085,80.98221553359565,81.27642856400232,2871850
2025-01-02,83.5933609008789,85.32186870806493,80.79833341750312,81.53386955008342,3371325
2025-01-03,80.54090118408203,82.89461269627358,80.24668812188217,82.41651208607837,2888100
2025-01-06,79.14337921142578,79.87890825107155,77.37810109876592,78.77561118430707,2714900
2025-01-07,81.82807922363281,82.63716332441106,78.26074526138379,78.37107076650365,2804125
2025-01-08,81.64419555664062,83.37269621124692,81.12931749910047,81.93840858326705,2586675
2025-01-10,85.3954086303711,86.24127720718838,83.18881447058135,83.18881447058135,3288900
2025-01-13,85.02764892578125,87.78589868268092,84.91731641025218,87.5652336516228,2231275
2025-01-14,84.80697631835938,86.46192883048816,83.5565693124379,83.81401182567335,2274500
2025-01-15,80.20990753173828,81.75452780261296,79.69503644631088,81.23965671718555,2909000
2025-01-16,80.65122985839844,80.94544290653727,79.58470317477492,79.65825819045773,1851175
2025-01-17,78.40784454345703,79.1801581155202,77.67231549080694,78.70205756743543,2492250
2025-01-21,76.27479553222656,78.00329610705893,76.27479553222656,77.23098957828006,2306475
2025-01-22,75.06116485595703,75.42893287042419,74.50951634155201,75.20827486758047,1676225
2025-01-23,73.8475341796875,75.3921542049581,73.8475341796875,75.31859920028062,2238850
2025-01-24,74.6198501586914,74.98761116501562,73.55332359949477,73.92109162041056,1648900
2025-01-27,77.74586486816406,79.51115005801269,77.67231687180565,79.47437255253752,3430550
2025-01-28,75.83348083496094,78.62850100008782,75.5024903127185,77.34132342980242,2675525
2025-01-29,76.82645416259766,77.81942584274715,75.98059251562252,76.12770254879688,3074875
2025-01-30,75.68637084960938,77.30454595739208,75.06116730896095,76.05413887609521,2986150
2025-01-31,76.97355651855469,77.23099203634114,73.92109378055916,74.8037328477949,3618500
2025-02-03,78.51818084716797,81.34998572374138,77.59876422604093,80.50411710121448,4909150
2025-02-04,76.97355651855469,78.73883465302617,76.78966899542739,78.55495414449064,2774850
2025-02-05,76.0909194946289,78.26074322365612,76.01736448340277,77.41487462373951,2247825
2025-02-06,75.28182983398438,76.71612452184068,75.28182983398438,75.46571736555164,3049250
2025-02-07,77.48844146728516,77.78265454252343,74.76696876768278,75.24506238447262,3125575
2025-02-10,75.9805908203125,76.75290444806075,75.72315528259385,76.27480386550414,2503225
2025-02-11,75.83348083496094,76.90000039528195,75.61281581040487,76.86322289118927,2940700
2025-02-12,76.56901550292969,78.4078487552175,76.12769945055223,78.15041322223195,3523300
2025-02-13,74.17852783203125,76.67934198039389,74.10497282423432,76.164463940407,3996075
2025-02-14,74.32563781738281,74.58308036886383,73.88432175831419,74.25208981726622,2920475
2025-02-18,73.81076049804688,74.87728707730354,73.7739829938044,73.9210930107743,2608700
2025-02-19,73.25912475585938,74.47275454941426,73.14879222386605,74.28887401068498,2544250
2025-02-20,74.17852783203125,75.3921574023141,73.7372047998413,73.77398230373976,2313675
2025-02-21,78.07685852050781,78.29752356217014,74.36241449429843,74.36241449429843,3728600
2025-02-24,79.2169418334961,79.51115488055025,76.9367854578821,77.3413310280537,3777950
2025-02-25,80.46733856201172,82.30617178066876,78.95949588388031,79.29048642440594,3358025
2025-02-26,80.4305648803711,81.46030695263758,78.29751871191537,79.8053613302414,3191700
2025-02-27,84.21855163574219,84.43920963595005,78.99626553354727,79.43758854855434,4285525
2025-02-28,80.46733856201172,85.50574466755252,80.20990303373446,84.18178250545,4423975
2025-03-03,84.62310028076172,86.2780458654685,79.18015597687841,79.65824949745816,5077975
2025-03-04,87.7491226196289,89.73505882964703,84.03467871087413,86.46193797566961,5745625
2025-03-05,84.99087524414062,89.47762585862586,84.10823612397594,87.85945063102783,4456575
2025-03-06,89.47762298583984,90.6544751082752,86.24127964914264,88.3007708634045,3879650
2025-03-07,88.1536636352539,92.89785679562712,87.45491204952764,90.4705974625127,4786250
2025-03-10,95.17800903320312,97.53172043977817,91.13258136313105,91.97844300217577,4148400
2025-03-11,97.56848907470703,99.62798023039873,94.11148080242357,95.91353644047777,5068300
2025-03-12,96.13419342041016,98.8556656005474,93.92759928460654,94.40569281013954,4116125
2025-03-13,99.9957504272461,100.91516701848515,96.0606485390776,96.39163205849911,3209875
2025-03-14,93.9643783569336,97.8994874916242,93.4127297725951,97.64204493864673,3870025
2025-03-17,91.86810302734375,94.22181424302045,90.54414792152943,94.11148172812265,2746400
2025-03-18,94.77346801757812,95.83998766206942,92.93463475537254,93.0081897693629,2535100
2025-03-19,91.86810302734375,94.58957526349609,89.88216686132635,94.00114921322486,4075000
2025-03-20,92.53008270263672,94.03792531071261,90.21315604119553,93.67015728114957,2112550
2025-03-21,92.56686401367188,95.61932685976532,92.2726509808409,95.03090079410336,2591300
2025-03-24,87.82266998291016,89.66150317112897,87.2710214293629,89.33051965067416,3274325
2025-03-25,87.19746398925781,87.93300004989216,86.7193704600597,87.2342414937487,2820825
2025-03-26,90.24659729003906,90.99028150258714,86.86281532817564,87.3462097117136,3310525
2025-03-27,91.1390151977539,92.10581097866779,89.27979417885,91.02745938336815,2543175
2025-03-28,96.67949676513672,97.01415712902067,91.62241312632642,91.994258763127,3008400
2025-03-31,94.93183898925781,101.36474277217769,94.18814765692548,99.84018192402596,3886775
2025-04-01,94.0022201538086,97.83221103117303,93.10979488843148,95.86144122976897,4027875
2025-04-02,92.29174041748047,97.23726858924532,90.87873540799028,97.08853457936713,3997275
2025-04-03,105.4178466796875,105.86405580959716,100.47231842026345,101.88532345479908,4643075
2025-04-04,124.6050033569336,124.79093683184324,112.63162801579392,113.93307723176586,7035275
2025-04-07,125.46025085449219,142.23041957484557,111.62764080378518,136.76430479324713,8377625
2025-04-08,131.1494598388672,136.9130424885068,110.25181127654068,112.48287804465997,7366625
2025-04-09,94.41124725341797,134.27295304839237,91.95707591512928,133.97547085721476,9172000
2025-04-10,103.85609436035156,111.73918804842673,99.39396077257503,99.98891097196312,10195000
2025-04-11,98.61308288574219,106.79365097586846,97.12570751411607,105.12035634242602,5388000
2025-04-14,95.82426452636719,98.61309638970243,92.88669155931828,93.03543266303193,4668625
2025-04-15,96.53075408935547,97.01415553697305,93.59318850080557,95.48959483423852,2985950
2025-04-16,103.0752182006836,105.9384204793496,98.01814148578127,99.87736263935153,4200775
2025-04-17,102.92648315429688,104.33948809606261,100.02609563084201,102.18279186345231,5862625
2025-04-21,110.1402587890625,113.41248473622083,105.67812540511744,105.9384152189139,5823900
2025-04-22,101.84812927246094,106.86802764535992,100.39793908851713,106.23589218962648,4679350
2025-04-23,97.16288757324219,97.90657881963251,91.32493469388378,94.15095150085553,5384825
2025-04-24,91.06465148925781,97.01416061473576,90.65562056484416,96.38202513717187,3634825
2025-04-25,89.13105773925781,92.58921014946536,88.90795319122157,91.0274641284802,3970425
2025-04-28,88.9823226928711,91.84552487977479,87.75523705453602,88.75921814745534,2819050
2025-04-29,87.49494934082031,90.1350399534492,86.86281386996518,90.02348413187507,3455375
2025-04-30,87.23464965820312,93.51881889366864,86.3794096636793,90.65561672866396,6235600
2025-05-01,85.56135559082031,85.82164540918312,82.95844322246096,84.63174504388707,4635225
2025-05-02,81.8429183959961,83.8508736118391,81.09922707613362,82.8097142748709,4530350
2025-05-05,83.25592041015625,84.07398225117018,81.91728601167438,83.66495133066321,2932200
2025-05-06,85.30107116699219,86.23068177271504,83.40466468023362,85.784465561327,3000750
2025-05-07,84.33427429199219,86.75126041991179,83.18155914034425,84.78048340575513,3876650
2025-05-08,82.73533630371094,84.18552644576961,80.28116509759683,82.54941703660381,4127425
2025-05-09,83.107177734375,83.73931313993552,81.69416584318557,82.14038199102566,2502450
2025-05-12,74.9266128540039,77.52952536790981,74.88942757896342,75.52156306991965,4912775
2025-05-13,73.47640991210938,75.0009704639014,72.58398474220904,74.74068067589273,4099275
2025-05-14,73.17894744873047,73.95981694713512,72.65836778312736,73.06739162365865,3667500
2025-05-15,72.17495727539062,74.18291932141064,71.98903801588439,73.959807699165,4349375
2025-05-16,70.83631896972656,72.69554001452113,70.79914079011226,71.95185585202256,4521875
2025-05-19,70.61322021484375,73.10457690265484,70.42730093207997,73.0673916276289,4866725
2025-05-20,71.43126678466797,72.5468036302329,70.98505772033415,71.35690333552247,2932800
2025-05-21,75.03816223144531,75.44719312937852,71.54282469400387,73.06738537783532,4303350
2025-05-22,75.07535552978516,75.67030575818723,73.66234341805561,75.2240895407026,3389975
2025-05-23,76.67427825927734,78.08728311888304,75.70748247434067,77.93854203241646,4101875
2025-05-27,72.02623748779297,74.66632837363142,71.9146816546745,73.95982228194747,3054175
2025-05-28,73.25331115722656,73.51360096571814,71.43126831305483,71.84029920775036,3439750
2025-05-29,72.43525695800781,73.88545433099482,71.24535651315311,71.24535651315311,3078400
2025-05-30,72.80709838867188,75.03816513929108,72.13777765424955,72.95583948181714,4086150
2025-06-02,71.58001708984375,74.36884892451299,71.54283181429756,73.40205303741038,3919750
2025-06-03,70.3529281616211,71.8774889277387,70.01826778931569,71.72875492469507,3399850
2025-06-04,70.50166320800781,70.61321903121578,69.75797899705242,70.09263937431041,2648425
2025-06-05,71.54281616210938,72.21213679077412,69.42330556624736,69.86952168281205,3716350
2025-06-06,69.42330932617188,70.24136397642049,68.82835920010652,69.64641385035515,3942025
2025-06-09,69.311767578125,69.68361325543778,68.71681733137112,69.23740411655555,2492725
2025-06-10,68.12186431884766,69.4605058658778,67.97313030938103,69.08866020366209,3332475
2025-06-11,68.71680450439453,69.4233104501727,67.45253369294521,67.75000876079416,3714900
2025-06-12,67.9731216430664,69.42331173921129,67.9359363723492,69.23739247799047,4428150
2025-06-13,70.3529281616211,70.83632253697013,68.67962630009407,69.8323485124197,5429450
2025-06-16,68.30779266357422,69.20021802317638,67.71283533147314,69.16303274664718,3360825
2025-06-17,70.12982177734375,70.39011159513922,68.67962450448016,69.23739650531687,3521700
2025-06-18,70.24137115478516,70.57603152144338,68.90273678051794,69.86953260726773,3924975
2025-06-20,70.87350463867188,71.31972081256264,68.97709831127571,69.31175866860242,3938625
2025-06-23,68.71680450439453,71.69156227524917,68.60525578667934,70.61321072156854,6443225
2025-06-24,66.5229263305664,67.63846320644608,66.15108779763858,67.34098812468457,5831225
2025-06-25,66.44026184082031,66.92879001566946,65.95172649828223,66.13962746375417,4406800
2025-06-26,64.86192321777344,66.064460608281,64.71160246011588,65.8389866394829,4998925
2025-06-27,64.07275390625,65.27529847065443,63.54664558710875,64.59886939307953,5408050
2025-06-30,63.13327407836914,63.99760415066088,62.682326114093044,63.28359484492028,4539625
2025-07-01,63.246009826660156,63.884858700371396,62.870215106649766,63.5842243579007,4941650
2025-07-02,62.41926574707031,63.54664271359074,62.38168555916124,63.35874894173332,4198850
2025-07-03,60.991249084472656,61.893152117950336,60.765775118025275,61.85557192892775,3502525
2025-07-07,62.381683349609375,63.208425951262036,61.44220018822275,61.630093953424996,6252475
2025-07-08,62.56958770751953,62.79506169747135,62.005899148795535,62.19379294580723,5086175
2025-07-09,61.47977828979492,62.3816812340167,61.21672416035783,61.85556580745507,5172800
2025-07-10,60.95366668701172,61.780416480178054,60.61545216575056,61.4046217712559,4088600
2025-07-11,61.66767883300781,62.26894752863771,61.29188410631707,61.89315280194697,4350550
2025-07-14,61.36704635620117,62.23136923656029,61.21673276155494,61.818001475516795,4848625
2025-07-15,62.193782806396484,62.193782806396484,60.465137219104314,60.54029759273121,6461125
2025-07-16,61.5925178527832,63.39633108974988,61.40462407511642,61.70525841999618,6829050
2025-07-17,60.50272750854492,61.59252443735612,60.35240673619086,61.5549442442676,4441275
2025-07-18,60.690616607666016,61.028831151589344,60.16450828053568,60.202088470714756,4950775
2025-07-21,60.389984130859375,60.502724704900615,59.563241424289394,60.42756432220646,5489650
2025-07-22,60.389984130859375,61.14157362242379,60.12692995911841,60.31482374816521,5013450
2025-07-23,58.88681411743164,60.1645119915772,58.88681411743164,59.60081985565418,6781275
2025-07-24,58.811649322509766,58.96196649738232,58.36069779789211,58.73649252699556,5217475
2025-07-25,58.21038055419922,58.811649252978576,58.02248318986964,58.736492457553226,5486050
2025-07-28,58.21038055419922,58.62375547249313,57.94732639444429,58.060063379504385,4249375
2025-07-29,58.69891357421875,58.961967739827756,57.79701050597854,57.8345906964496,5061800
2025-07-30,58.96196365356445,59.78870986741045,58.097640835695806,58.548592338563445,8747025
2025-07-31,59.713558197021484,60.01419255805132,57.496377096543206,57.57153389487853,7566050
2025-08-01,62.64474105834961,63.35875030865033,61.36704331262753,61.36704331262753,10954050
2025-08-04,59.86387252807617,61.59251822979382,59.826292338775154,61.517365018879985,7127350
2025-08-05,60.8033561706543,61.066410329860496,59.48807820693503,59.71355576042901,6907725
2025-08-06,59.45050048828125,60.76577850666656,59.225026509260175,60.54030452764548,5113200
2025-08-07,59.5632438659668,60.50272718509028,58.285545978543745,58.47344335913733,8103075
2025-08-08,58.285545349121094,59.3001854592183,58.17280477167575,59.187448465617365,6451550
2025-08-11,58.69891357421875,59.03712812076988,57.8345906964496,58.24796204009864,6748775
2025-08-12,56.8199462890625,58.43585861904232,56.74478949298009,58.02248369713446,7462300
2025-08-13,56.2938346862793,56.85752678725195,55.918043536141724,56.256258079956474,7811000
2025-08-14,56.2938346862793,56.932683583741785,56.06836071296559,56.81994659708493,6469600
2025-08-15,56.744789123535156,57.0078432838772,56.03077985425796,56.03077985425796,6154050
2025-08-18,56.78236770629883,57.12058225785312,56.63205052603517,56.932684886562484,5093675
2025-08-19,57.75943374633789,58.0976483129785,56.59447644329183,56.89511081722917,7118750
2025-08-20,58.247962951660156,59.63839776625138,57.8721682087569,57.90974839981608,7670275
2025-08-21,58.99954605102539,59.450497570781636,58.323120563313076,58.81164868849926,6686850
2025-08-22,56.36899185180664,58.58617277139274,56.03077732728076,58.47343579116544,8466025
2025-08-25,57.12057876586914,57.12057876586914,56.36899291049797,56.70720744137601,3991875
2025-08-26,56.44416046142578,57.38364379599936,56.33141988090891,57.23332302197686,4213150
2025-08-27,56.068363189697266,56.632051731725774,55.880465814406314,56.632051731725774,3933250
2025-08-28,55.504669189453125,56.44415238967668,55.35434843692712,55.91804050736765,4537225
2025-08-29,56.5568962097168,57.08300457180472,55.88046707692442,55.918047269600535,5490750
2025-09-02,57.87216567993164,59.300180623182435,57.79700888494166,58.511014564645,6158500
2025-09-03,57.007843017578125,57.872165874004025,56.819945653706895,57.23331698714831,6295450
2025-09-04,55.579833984375,57.08300588762499,55.54225379083262,56.78237150697499,6655400
2025-09-05,56.143516540527344,57.158160154460816,54.82824216197863,55.016139525726764,6961025
2025-09-08,55.73014450073242,56.18109601770369,55.46709034512687,55.805304878816344,4886550
2025-09-09,55.39192581176758,56.18109180322831,55.241608650719996,55.73014032008558,4974850
2025-09-10,54.90340042114258,55.31677534917974,54.30213170819131,54.565189457990655,6617475
2025-09-11,53.58812713623047,54.602767214745676,53.40022976351453,54.45245003334178,7616500
2025-09-12,53.66328048706055,53.776021053752935,53.287489349618134,53.70086067595801,6131650
2025-09-15,52.87411880493164,53.249913557245236,52.836542196775774,53.212333365245,5798750
2025-09-16,53.137176513671875,53.28749369768299,52.72380156975804,52.798961953685776,3655125
2025-09-17,53.362648010253906,54.527608819918385,52.723799112025674,53.13717403666994,8024025
2025-09-18,52.61106491088867,53.099596657979674,51.97221597883461,52.68622529529239,7204300
2025-09-19,51.897056579589844,52.68622265709036,51.70915921183368,52.197690934462024,6699575
2025-09-22,51.22062683105469,52.272847059586994,51.07030965555007,52.272847059586994,6584600
2025-09-23,52.009796142578125,52.31043051233972,51.10789303329332,51.25821021817412,7581925
2025-09-24,52.523990631103516,52.90487671623421,51.724132758248174,51.76222209324103,5236775
2025-09-25,53.323848724365234,54.19988163842832,52.98105197281049,53.323848724365234,7864900
2025-09-26,52.447811126708984,53.4000226260401,52.37163246321117,53.01913657334821,6947675
2025-09-29,52.02883529663086,52.48589637650714,51.68603857862401,51.87648160333877,6179100
2025-09-30,51.45751190185547,52.523987797324345,51.34324390304191,52.25736973155681,8933550
2025-10-01,50.92426681518555,52.219274940525224,50.73382380280059,52.181185611568566,8744025
2025-10-02,50.81000900268555,51.381334481002284,50.50530159659678,50.50530159659678,5302525
2025-10-03,50.88618469238281,51.114717066087614,50.086326833014276,50.69574528542747,7157725
2025-10-06,50.35294723510742,50.84809767162649,50.16250420069259,50.35294723510742,4848775
2025-10-07,50.96236038208008,51.26706777427558,50.08632390521902,50.20059190159131,7949900
2025-10-08,50.086326599121094,50.924273788927195,50.010151563174446,50.73383075046233,6642625
2025-10-09,50.50529861450195,50.962359696647844,49.89588383830743,49.97205886913245,7661500
2025-10-10,54.61885452270508,54.733118890448324,49.97206118982757,50.391032959818645,13738275
2025-10-13,52.18119430541992,52.9810521847815,51.76222251428727,52.7525234377633,10561125
2025-10-14,52.37163543701172,54.542676616396584,51.53368825294786,53.59046506299637,15346650
2025-10-15,51.72412872314453,53.20957998039251,50.505299157647904,51.34324266772752,8455775
2025-10-16,52.752525329589844,53.59046894190574,50.88618778921573,51.343248932042336,8617350
2025-10-17,51.95266342163086,53.47620044708681,51.64795601653967,53.13340370825952,7896475
2025-10-20,50.39103317260742,51.30515901560979,50.1244151026144,51.26706968206828,5343700
2025-10-21,50.42911911010742,50.69574079454415,50.010147366561895,50.31485474957656,5721975
2025-10-22,51.19089126586914,52.21928148213735,50.27676905078548,50.27676905078548,9254000
2025-10-23,50.31485366821289,51.228975797610616,50.08632131966423,51.152800769693364,7054325
2025-10-24,49.17219924926758,49.514995956302656,48.867491872436055,49.28646360747979,9349100
2025-10-27,47.382041931152344,48.105724694442436,47.34395623234646,47.95337100202324,5106375
2025-10-28,47.03925323486328,47.53440005710914,46.65836715209074,47.03925323486328,6057925
2025-10-29,47.001163482666016,47.95337504874143,46.544102366837684,46.772631108552424,11079725
2025-10-30,48.52470016479492,48.60087883305055,47.305870531895465,47.801020978360576,10551025
2025-10-31,48.18190383911133,48.79132229323003,47.53439968293428,47.57248901739148,11322775
2025-11-03,47.953372955322266,48.6389664153344,47.382043861179255,47.42013319393519,9373025
2025-11-04,49.6292610168457,49.7816147074175,48.63896384432824,49.4769073262739,11844950
2025-11-05,49.17219924926758,49.89588199354129,48.41043080718877,49.74352830512553,7969475
2025-11-06,50.77191925048828,51.07662665406641,49.210292899050714,49.40073593438674,10951000
2025-11-07,50.61956787109375,52.90487713517702,50.61956787109375,51.381336414988525,13105975
2025-11-10,48.37234878540039,49.781621524268076,48.14382003444833,49.28647105400662,11179650
2025-11-11,48.029544830322266,48.905581264112904,47.877191141715,48.67704891500277,9117450
2025-11-12,47.953372955322266,48.4485233839534,47.6105762253162,47.64866555807214,9392200
2025-11-13,50.31485366821289,50.6957397049945,48.48660577701898,48.56278443733468,7221100
2025-11-14,50.42911911010742,52.409720732101256,49.59117562301637,51.95265965757926,12130475
2025-11-17,51.87648391723633,52.676341750796304,50.048239516184225,50.96236171671028,10479250
2025-11-18,53.17148971557617,54.16179053636851,52.02883520176952,52.75251796788644,13999625
2025-11-19,52.600162506103516,53.552373963522925,51.45750803072053,53.09530926745098,11213700
2025-11-20,54.99974060058594,55.15209431179647,49.56261321828647,50.19107273107977,12501300
2025-11-21,53.428585052490234,55.52345096943284,52.07644290434427,54.45697152987031,20029000
2025-11-24,51.07662582397461,52.857260365770344,50.7814425747799,52.57159763360826,14281900
2025-11-25,49.667354583740234,52.09549332349978,49.41025702789763,51.14328176811182,12585600
2025-11-26,48.686580657958984,49.35312951173433,48.25808470678919,49.134117644826084,8971800
2025-11-28,47.934326171875,48.5818302705335,47.88671632423216,48.53422042289066,2356700
2025-12-01,48.61039733886719,48.96271458397339,48.06763706340134,48.93414940075898,4794300
2025-12-02,48.39139175415039,48.86749753971456,47.896241301275786,48.296172049997104,5793000
2025-12-03,47.905757904052734,48.791314816283275,47.69627022903956,48.60087180558025,4643300
2025-12-04,47.820064544677734,48.467568680350695,47.6296215108212,47.6296215108212,5100100
2025-12-05,47.62009811401367,47.83910996746967,47.0487726358122,47.65818744786679,8599400
2025-12-08,48.05811309814453,48.48660534520974,47.439174201986134,47.44869835064,4890500
2025-12-09,48.20094299316406,48.286642169691156,47.71531674777615,48.17237781178785,3782500
2025-12-10,47.277305603027344,48.5818344285658,46.97259819315557,48.3342573877957,8070000
2025-12-11,46.944026947021484,48.39138888521605,46.93450643013014,47.781974097007534,8496700
2025-12-12,48.52470016479492,49.04841579565648,47.0773381595274,47.21065082897476,6409500
2025-12-15,48.772274017333984,49.07698140564856,47.686753492413466,47.69627400912391,3663200
2025-12-16,49.19124984741211,50.01967290106547,48.70562354213914,49.10555066031701,5780200
2025-12-17,50.85761642456055,50.87666109058126,48.88653889639934,48.981758594104285,5656000
2025-12-18,49.695919036865234,50.04823992250228,48.74370749548702,49.45786615152068,6544500
2025-12-19,48.41995620727539,49.315037395346344,48.29617132022633,49.29599272832368,4439500
2025-12-22,47.52487564086914,47.97241620655261,47.41061127837072,47.71531866663223,2005400
2025-12-23,46.886898040771484,47.74388625122386,46.83928455763626,47.72484158444953,3807400
2025-12-24,46.439205169677734,46.95390032251167,46.34209413483875,46.93448107918269,1491100
2025-12-26,46.497474670410156,46.70141006918313,46.22555710083095,46.4294962041525,1725600
2025-12-29,47.012168884277344,47.37148415648548,46.740255024719666,47.07043772756048,2508500
2025-12-30,47.20639419555664,47.29379560735213,46.88592111745704,47.11899278376115,1550700
2025-12-31,48.28434753417969,48.32318972785274,47.167552039869584,47.20639793809139,2959100
2026-01-02,48.080406188964844,48.7990404545153,47.30350678333502,47.536578457298255,5795200
2026-01-05,47.12870788574219,47.42004842863865,46.779102197905544,47.39091215161967,3262300
2026-01-06,46.30324935913086,47.13841761532298,46.206138321942824,47.10928134052768,4281300
2026-01-07,46.76939010620117,46.827658952614094,45.90508925942728,46.25469492880744,3984400
2026-01-08,46.827659606933594,47.22582080161365,46.5945879225739,46.94419359683907,3493300
2026-01-09,45.94393539428711,46.92477023440312,45.69144076307594,46.643143032109386,4572500
2026-01-12,45.73999786376953,46.63343502151374,45.56519502213585,46.6237216944514,4132300
2026-01-13,46.02162551879883,46.49747852661523,45.574908787901066,45.68173315932202,4340900
2026-01-14,46.71112060546875,47.55600219615211,46.458629683646976,46.59458661882398,4059300
2026-01-15,46.34209442138672,46.54602981853869,45.70115195566014,45.88566440481451,5433900
2026-01-16,46.54603576660156,46.85679556517768,46.03134054481281,46.1478745431416,4928500
2026-01-20,49.40113830566406,49.605077414850506,47.944450493310875,48.61452925790449,8264800
2026-01-21,47.691959381103516,49.28460412360147,46.98303842643302,48.96413102796415,12024800
2026-01-22,46.96361541748047,47.410332121841776,46.53631795717952,46.779099257969186,5040900
2026-01-23,46.983036041259766,47.38119720667093,46.623717066595965,47.206394382388126,3801000
2026-01-26,46.264404296875,46.85679126623288,46.002200046279775,46.74996690067016,6090500
2026-01-27,45.730289459228516,46.13816029753769,45.53606366284603,46.011916678755675,4404900
2026-01-28,45.759422302246094,46.07018209647315,45.30299593828391,45.45837583539743,6285100
2026-01-29,46.079891204833984,47.88618465873983,45.48750424365534,45.61375155617258,7036500
2026-01-30,46.54603576660156,47.48802848984424,46.089605691702694,46.5751683400465,6415800
2026-02-02,45.827396392822266,47.07043915539632,45.55548252501635,47.03159325869587,8890700
2026-02-03,47.03159713745117,48.11925640292407,45.56519590473649,45.710866177102474,9236600
2026-02-04,47.721092224121094,48.64366191448151,46.672278923742475,46.895637277484695,11261000
2026-02-05,49.5565185546875,49.92554717380033,48.29405651562103,48.85731091871687,12871600
2026-02-06,46.72083282470703,48.88644152331884,46.390650116581774,48.76990753943597,13227900
2026-02-09,46.10902404785156,47.225819509583765,45.710862864064616,47.01217078014489,5978000
2026-02-10,46.497474670410156,46.56545313666781,45.604037578161744,45.924510665846626,4930100
2026-02-11,46.516902923583984,47.08015366603319,45.48750878142296,45.62346572944349,5950800
2026-02-12,48.70193099975586,48.886443456914094,45.86624344642395,46.07989217911674,7795900
2026-02-13,48.69221496582031,49.5856520400488,47.701666857339134,48.69221496582031,7900300
2026-02-17,48.45915222167969,49.97410526467986,48.022145111372375,49.051535521708615,7884600
2026-02-18,47.75993728637695,48.47856785462374,47.13841775560721,48.22607693445426,5819200
2026-02-19,48.10954284667969,48.7504853244971,47.789069755496676,48.27463235095074,4308500
2026-02-20,47.15784454345703,48.76019901957863,47.04130684353811,48.66308797419511,10625900
2026-02-23,48.60481262207031,49.032110055512995,47.05101387650171,47.497730552784134,6125500
2026-02-24,47.54629135131836,49.13893616860428,47.36177888745435,48.7407749642828,5324100
2026-02-25,46.38093948364258,47.01217236671562,46.2644054929925,46.99274941751581,4310600
2026-02-26,47.17726135253906,48.15809611961678,46.37122570348888,46.37122570348888,5528200
2026-02-27,47.866764068603516,48.80875303427654,47.74051674986634,48.5077065801594,6040500
2026-03-02,47.85704803466797,49.59536300866266,47.37148544111964,49.449692748778716,9968900
2026-03-03,49.158355712890625,51.36281032225022,48.66308349969596,50.236305258456845,12666100
2026-03-04,48.10954284667969,49.30402638695084,47.68224539176901,48.86701931013246,10135600
2026-03-05,48.90586471557617,50.129480813827165,48.04156389707807,48.76019445658384,10800600
2026-03-06,50.90637969970703,51.479343698937335,50.110057355630815,50.68302135486112,12553700
2026-03-09,49.585655212402344,53.20795184909019,49.226336212672436,52.2950917686992,16143300
2026-03-10,49.867279052734375,50.39168756575322,48.49799262732877,49.74103544017517,11666300
2026-03-11,50.07121658325195,50.721868688257935,49.24575794155124,49.78958938651117,7910400
2026-03-12,52.36307144165039,52.41163066754819,51.12974564028115,51.246279632428475,7089300
2026-03-13,53.31477737426758,53.53813573582852,50.95494273512318,51.692996290518074,10148400
2026-03-16,51.72212600708008,52.168846410089735,50.99378211433109,51.877505889351255,8106100
2026-03-17,51.32396697998047,51.48906019562692,50.48880239308529,50.96465168175997,5173800
2026-03-18,53.470157623291016,53.53813609445845,51.615308543117756,51.906645377342315,6776500
2026-03-19,53.94600296020508,55.043375449904595,53.159393936014396,54.625791326511376,10603600
2026-03-20,56.35439682006836,57.23812064543504,54.31503528600644,54.34416785792055,10180500
2026-03-23,54.548099517822266,54.91712812305887,52.64469505636788,53.858601529930404,13176100
2026-03-24,55.09193420410156,55.927102499946535,54.149941539548685,55.577496822192934,9910600
2026-03-25,54.22569274902344,54.86191251803625,53.17837374008833,53.75586397944439,7908300
2026-03-26,57.14252471923828,57.2012505142419,54.72487992259125,55.42961933333409,7324500
2026-03-27,60.11808395385742,60.37257484802988,57.857051207181755,57.89620422687559,10459500
2026-03-30,60.74452209472656,61.51777371065055,58.385606758923544,58.46390906579795,8192900
2026-03-31,55.537288665771484,59.051191889008486,55.16534244813106,58.777124486297794,18317800
2026-04-01,54.25505828857422,54.83255228988554,53.41328699169626,54.6074280159964,10070700
2026-04-02,54.15717697143555,56.85867186739712,53.67756181259179,56.525878666156295,10270600
2026-04-06,53.46222686767578,54.294211783302046,53.25667910283452,54.206119350678975,4794100
2026-04-07,53.3839225769043,55.370891697660994,53.325193046055254,54.029932480893606,11408400
2026-04-08,49.36103820800781,50.44751019307445,49.077184426824445,49.26315939634881,10106200
2026-04-09,48.509483337402344,49.85044254880258,48.24520605039572,49.595951649979526,7643500
2026-04-10,48.675880432128906,48.88142819848201,48.11796293269179,48.2647848994227,5979300
2026-04-13,47.26639938354492,49.312097872900814,47.227246366084216,49.126122906881115,9262200
2026-04-14,45.57307052612305,46.94339253098217,45.53391750871178,46.94339253098217,7730800
2026-04-15,44.49638748168945,45.61222240452852,44.43766168606895,45.396888264190906,8484000
2026-04-16,44.183170318603516,44.77045440537496,43.96783244673691,44.2810528666508,6241800
2026-04-17,42.63666534423828,43.44906999401204,42.205989580844275,43.38055407416983,16682100
2026-04-20,42.891151428222656,43.370766588824424,42.695390061980355,42.88136504013742,8067600
2026-04-21,43.74271011352539,44.016777526291,42.45069029309673,42.63666527565868,13809700
2026-04-22,42.45069122314453,42.99882232684711,42.40175181281197,42.832423851111216,7624100
2026-04-23,42.969459533691406,44.05592788757695,42.26472007487901,42.78348454659498,15125300
2026-04-24,42.00043869018555,42.91072582461314,41.92213638784799,42.58771902614779,9813200
2026-04-27,41.794891357421875,42.31365578375661,41.72637544201304,42.1570474437025,6154800
2026-04-28,42.431114196777344,42.86178996368227,42.22556643557506,42.41154141995223,7949800
2026-04-29,42.45069122314453,43.03797534864823,42.36259879101086,42.577936677079315,9056000
2026-04-30,41.236976623535156,42.685604797727905,41.00206223109203,41.94171233318934,11108000
2026-05-01,40.92375946044922,40.95312235898375,40.199443514617904,40.81609052070588,7774000
2026-05-04,41.37400436401367,41.93192179022019,40.6986316201419,41.05099757313768,10885800
2026-05-05,40.41477966308594,40.796512263034906,40.1896554050093,40.75735924410748,9515800
2026-05-06,38.74102783203125,39.73940369129182,38.61378238571865,39.68067789594558,9372100
2026-05-07,39.12276077270508,39.3968244435715,38.388658453880765,38.57462969713477,12318200
2026-05-08,38.19289779663086,38.67250922953625,38.10480536738573,38.60399331054977,8463500
2026-05-11,37.93840789794922,38.38866017810095,37.70349723632345,38.36908366732587,8912000
2026-05-12,38.11458969116211,39.10318286957114,38.02649726668841,38.31035104930782,10499700
2026-05-13,37.488155364990234,38.55505081882978,37.253244728345834,38.114588707824964,8022300
2026-05-14,36.636600494384766,37.3217634141946,36.42126261660059,37.302186904047176,9352100
2026-05-15,38.00692367553711,38.17331839939515,37.370700208678954,37.59582445887133,10136900
2026-05-18,38.085227966308594,38.89763632077107,37.66434234018616,37.90904311193932,12169800
2026-05-19,38.87805938720703,39.201062460805055,38.26141240363591,38.69208441304575,8215600
2026-05-20,37.664344787597656,38.8584858261758,37.586042477144076,38.58441840499401,13430500
2026-05-21,37.45879364013672,38.32992776811986,37.14557695892564,38.09501339029287,14230900
2026-05-22,37.077064514160156,37.26303576921433,36.58766293722397,37.008548592096105,9003800
2026-05-26,36.37232208251953,36.695328889199544,36.12762131400586,36.44083799899637,4428200
2026-05-27,36.382110595703125,36.72469393193739,36.27444538769106,36.33317118590898,7361900
2026-05-28,35.78504180908203,36.58766003283725,35.726312280330156,36.440838077876265,10844000
2026-05-29,35.58928298950195,35.83398377602621,35.354368591550084,35.667585299594116,9909400
2026-06-01,35.32500457763672,35.853559155976434,35.06072728846686,35.755676604151915,13264900
2026-06-02,35.18796920776367,35.56970178697806,35.06072377007982,35.5305487701773,9765100
2026-06-03,35.91228485107422,36.02974391292951,35.29564157860294,35.39352039631146,8501400
2026-06-04,35.53055191040039,36.333170156566055,35.36415717504685,36.24507772789726,7343300
2026-06-05,38.33971405029297,38.613781445976095,36.18635030635502,36.254866221816464,12919200
2026-06-08,38.075443267822266,38.24183800775575,37.12600303646316,37.439219739498355,9907700
2026-06-09,38.42780685424805,40.67905690049814,36.910662843741925,37.40985449998734,24299300
2026-06-10,40.25817108154297,40.26795746929786,38.24183542483292,39.02487712953286,17669800
2026-06-11,38.24183654785156,40.444143507277126,37.860103938965125,39.729617697390665,18277600
2026-06-12,37.664344787597656,38.692087348975676,37.24345913412627,37.8013766312697,12828200
2026-06-15,35.68716049194336,36.13740902639036,35.393520305731734,36.127622638179574,6955400
2026-06-16,36.32338333129883,36.391899249012525,35.60885752240066,35.72631284793307,5653000
2026-06-17,37.693702697753906,37.95797996149792,36.088466340645574,36.196135270375045,12521500
2026-06-18,36.626808166503906,37.03790738716593,36.37232101758917,36.45062705346281,9047600
2026-06-22,36.96939468383789,37.1357894237664,36.10804688359809,36.47020299637713,6870100
2026-06-23,38.53547668457031,38.76060094765816,37.6839190400489,38.564843316338276,10246300
2026-06-24,38.62544250488281,39.01100429447762,37.58739066259867,38.33874135882294,10377100
2026-06-25,38.576011657714844,39.22850170151734,37.696139119845455,37.765342323635736,10266700
2026-06-26,39.30759048461914,39.71292516221402,38.19045086788927,39.3965665734225,11390900
2026-06-29,37.488525390625,38.90225443434333,37.38966474935043,38.20033407593541,5762500
2026-06-30,36.64820098876953,37.508300691445804,36.4405913659325,37.45887036762155,5334100
2026-07-01,36.78660583496094,37.29080492182217,36.25274930932851,36.91512768845581,5596200
2026-07-02,36.97444534301758,37.69613858028037,36.04513872606386,36.60865267531415,9689400
2026-07-06,36.035255432128906,36.628426840120326,35.8770761385784,36.48013587376839,7951900
2026-07-07,36.58888244628906,36.934902256672466,36.104459991561065,36.21320896707322,7634600
2026-07-08,36.93490219116211,37.79500189487239,36.82615321584284,37.25126078956801,8696500
2026-07-09,36.00559616088867,36.92501453269448,35.975938720279466,36.65809002462755,9059200
2026-07-10,35.600257873535156,36.57899479915104,35.53105467156442,36.01548085665124,6470500
2026-07-13,36.42081832885742,36.578997627204465,35.7485553680595,35.95616499002276,7976800
2026-07-14,36.025367736816406,36.480136513631116,35.82764644487912,36.17366247706128,8769300
2026-07-15,35.63980484008789,36.292294888744365,35.52117131432084,35.71889637146045,7026500
2026-07-16,36.21320724487305,36.61854191622868,35.67935072027046,35.92650609966516,7240400
2026-07-17,37.36989212036133,37.70602358278365,36.75694784345889,37.51818685457096,8394500
2026-07-20,37.5181884765625,37.62693745017878,36.54933981270493,36.79649519954488,8457800
2026-07-21,36.6185417175293,37.23148599914049,36.49990442073349,36.925011972689006,4465400
2026-07-22,36.75695037841797,36.905245122854815,36.37138856843258,36.86569935483272,5519900
2026-07-23,38.111358642578125,38.56612363429157,37.48852603227124,37.963067678128155,7993600
2026-07-24,38.061927795410156,38.30908317070503,37.32046166952554,38.14101932572455,7762000
2026-07-27,38.05204391479492,38.53646634704296,37.063422396077684,37.15239848361391,6637500
2026-07-28,37.79500198364258,38.546356485090286,37.488527940776805,38.05204570250858,8960900
2026-07-29,39.525089263916016,39.62395368206004,37.53796160037034,37.95318084269943,12225000
2026-07-30,37.5775032043457,38.7440769272325,37.46875800245956,38.52658275216831,10307900
2026-07-31,36.845924377441406,38.24976512083923,36.53945034962034,37.191940399745995,10154900
2026-08-03,35.254241943359375,36.51967623516046,35.13560842132594,36.47024591525417,8891200
2026-08-04,33.3659782409668,34.87856804774385,33.07927707837877,34.8587951636386,11372000
2026-08-05,33.583473205566406,33.623015198965234,32.66405491861608,32.80246132374121,9005400
2026-08-06,33.77131271362305,33.9097191301527,33.33632058005957,33.54393020485405,5332600
2026-08-07,33.197914123535156,33.66256369685463,33.09904970378165,33.47472695626097,6700500
2026-08-10,33.217681884765625,33.375861178643866,32.97052650237513,33.267115978277204,4580000
2026-08-11,33.56370162963867,33.7119925960626,33.02984509941213,33.02984509941213,4485700
2026-08-12,33.30665969848633,33.484611884728345,33.010073978513645,33.029846862684096,4293200
2026-08-13,32.644283294677734,33.10893661947409,32.446558234894695,33.029845087044144,7350600
2026-08-14,32.86178207397461,32.99030016050659,32.55530803494586,32.58496547471602,3970200
2026-08-17,33.37586212158203,33.38575044908045,32.8420093467179,32.90132422654061,14434600
2026-08-18,34.038238525390625,34.09755717301851,33.77131026800275,33.889943791966786,15462300
2026-08-19,33.820743560791016,33.95914997946047,33.37586309271631,33.652679701347274,6572500
2026-08-20,34.690731048583984,34.75993425679346,33.96903775490521,34.24585058774309,6397400
2026-08-21,34.3249397277832,34.53254933792099,34.02835026039581,34.28539396262599,5302900
2026-08-24,34.621524810791016,34.819249861783995,34.394142322101175,34.4534571974949,5041300
2026-08-25,34.3150520324707,34.690729265795724,34.20630306193252,34.30516747664532,4478000
2026-08-26,34.3150520324707,34.601753178200106,34.146988184396655,34.49300420766193,4013600
2026-08-27,33.652679443359375,34.176647673246045,33.474727257493704,33.988810930962075,5893900
2026-08-28,33.89983367919922,34.04812464815675,33.13859463708313,33.59335964261994,6877900
2026-08-31,34.245849609375,34.53255076164749,34.097558640859226,34.19641928653641,5555700
2026-09-01,34.94776916503906,35.25424319339159,34.56220737629054,34.91811172630204,6896100
2026-09-02,34.48311996459961,34.96754240156473,34.315052343709375,34.86868175724707,7575100
2026-09-03,33.4351806640625,34.206304269587854,33.30665880604429,34.127216506317225,6553600
2026-09-04,33.860286712646484,34.01846600337214,33.524155248442995,33.623015890912114,3453300
2026-09-08,34.43368911743164,34.54243431600629,33.949262916560706,34.0184661207863,5990300
2026-09-09,34.918113708496094,35.12572333402423,34.64130087445858,34.70061575529975,6205900
2026-09-10,35.56071853637695,35.728782390488924,35.274017380347416,35.550830208904515,8820700
2026-09-11,34.70061492919922,34.789591019634784,34.39414466203711,34.64130004977013,9592500
2026-09-14,35.17515563964844,35.570601986535266,34.80936296038104,35.42231102068714,7302400
2026-09-15,35.66946792602539,35.84741633838923,35.26412946336002,35.283902347243114,6254200
2026-09-16,36.134117126464844,36.786607202734295,35.08618069047291,35.38276640308776,8915700
2026-09-17,34.95765686035156,35.31356120393076,34.80936212676299,34.86868077445676,9504300
2026-09-18,34.88845443725586,35.36299231554329,34.80936290522871,34.90822732026265,4997100
2026-09-21,33.227569580078125,34.26562141211864,33.04961740643783,34.23596397360918,12325700
2026-09-22,33.277000427246094,33.375861071367794,33.05950248462815,33.197912666207095,6670700
2026-09-23,34.0,34.18000030517578,33.33000183105469,33.369998931884766,7076800
2026-09-24,34.099998474121094,34.630001068115234,33.880001068115234,34.52000045776367,9849400
2026-09-25,33.59000015258789,34.2599983215332,33.47999954223633,33.939998626708984,8285700
2026-09-28,34.369998931884766,34.61000061035156,33.849998474121094,34.0,10593600
2026-09-29,34.540000915527344,34.810001373291016,34.189998626708984,34.209999084472656,6839000
2026-09-30,34.79999923706055,34.849998474121094,33.869998931884766,34.279998779296875,7371000
2026-10-01,34.61000061035156,35.33000183105469,34.40999984741211,34.56999969482422,9419000
2026-10-02,33.90999984741211,34.2400016784668,33.4900016784668,33.779998779296875,7624500
