Date,Close,High,Low,Open,Volume
,SPY,SPY,SPY,SPY,SPY
2009-01-02,67.63864135742188,67.9878966847642,65.37577326386926,65.80506615474368,227566300
2009-01-05,67.55857849121094,68.14794628841393,66.86007364936204,67.39850342409959,240349700
2009-01-06,68.00969696044922,68.72275154033623,67.43488448412722,68.13338930882635,328260900
2009-01-07,65.97239685058594,67.12929962815399,65.6304192650707,66.94011947529421,280899200
2009-01-08,66.2416000366211,66.27797719763325,65.24477256435027,65.6013053803378,263834400
2009-01-09,64.8227767944336,66.44534965108848,62.10879441224305,66.32893492953733,330953600
2009-01-12,63.26565933227539,64.69177918737219,62.87275499091549,64.64084118069894,277858500
2009-01-13,63.382076263427734,63.94233324438818,62.7199488256171,63.105586598322986,356432300
2009-01-14,61.388427734375,62.39252704582746,60.508020730253875,62.23972968655563,435491600
2009-01-15,61.410282135009766,62.02874949480121,59.460287207435115,61.206552233075975,532647300
2009-01-16,61.89049530029297,62.56717271821911,60.42800342221302,62.47258543121415,399237200
2009-01-20,58.62355422973633,61.890522508935696,58.245199364159205,61.28661025529675,419855200
2009-01-21,61.15564727783203,61.293889458511686,58.55080109954989,59.62038911724388,364360700
2009-01-22,60.209712982177734,61.1483303220043,59.06008812708266,59.969600407780206,427940300
2009-01-23,60.471675872802734,61.11197076254937,58.6235455521147,58.863658217478886,386800600
2009-01-26,60.88640594482422,62.10879098539925,60.25338323678977,60.82091815719535,317978800
2009-01-27,61.504859924316406,61.9559800311649,60.6099029147071,61.213814873163265,273789700
2009-01-28,63.58586120605469,63.993321181854725,62.625415869364716,62.86552859134366,330007000
2009-01-29,61.5194206237793,63.658590002178485,61.46121049820056,62.6544903164492,294392500
2009-01-30,60.2679328918457,62.13789022271297,59.81681272888856,61.83229537904361,383383600
2009-02-02,60.08602523803711,60.522590055904026,59.16195758151635,59.35113770470705,288233300
2009-02-03,60.9300422668457,61.381162335134455,59.82407782846387,60.46437244529313,278385800
2009-02-04,60.63174057006836,62.11606558572989,60.42073301109836,61.337523134258866,322989300
2009-02-05,61.53396224975586,62.0578422083038,56.557113745995146,60.173329888039525,417679400
2009-02-06,63.287532806396484,63.549467351269946,61.61402725368221,61.74499730173137,366101700
2009-02-09,63.37483596801758,63.84050596858195,62.80730100178126,63.27297100234564,240075200
2009-02-10,60.471675872802734,63.32390613334392,59.99145054207437,62.77092090283915,536212800
2009-02-11,60.82819747924805,61.1556253239211,59.95506766256789,60.719054864357034,324442500
2009-02-12,60.871849060058594,60.988263761556354,58.97278670952779,59.78770627368169,469302200
2009-02-13,60.21699905395508,61.29385863617665,60.20244374674433,60.79181156186955,293998400
2009-02-17,57.641265869140625,60.36252575166659,57.604883148158194,58.325221054798696,478910100
2009-02-18,57.50300216674805,58.165129755793785,56.95729481142465,58.055987174484656,362964800
2009-02-19,56.884559631347656,58.31795246168122,56.76813934709381,58.09238954874556,316867500
2009-02-20,56.33157730102539,57.000977316479435,55.131019425797476,55.82953006504734,477176600
2009-02-23,54.31605911254883,56.950002377829684,54.2723987606237,56.950002377829684,379641400
2009-02-24,56.37521743774414,56.71718942737232,54.35245725475461,54.781749981958086,426260900
2009-02-25,55.93135070800781,57.05914223222318,55.029110827170825,56.127802853106814,461985800
2009-02-26,55.02185821533203,57.96867474281607,54.956370442958146,56.62259764622046,363353900
2009-02-27,53.79218292236328,55.072777491077645,53.704867763852796,53.85039302803693,470510900
2009-03-02,51.3692741394043,53.784939552324644,51.20192691795674,52.766284258658885,426452600
2009-03-03,50.9836311340332,52.16963340432988,50.67075862023151,52.104151170643384,443761000
2009-03-04,52.19144821166992,53.020922857169445,50.983613399073484,51.82764334781148,462753100
2009-03-05,50.0595588684082,52.191455907003665,49.601161119576545,51.005448323173184,485549400
2009-03-06,50.14685821533203,51.26010014646143,48.822608809164436,50.49611330706937,490470000
2009-03-09,49.55751419067383,50.932696553521026,49.28102440782371,49.441093933964275,379905300
2009-03-10,52.51160430908203,52.657129617483434,50.47429995246851,50.57616489273805,406227900
2009-03-11,52.85358428955078,53.66123174706205,52.264222029127005,53.115524305566495,356648300
2009-03-12,54.934566497802734,55.11646903587493,52.36610354841933,52.839051257652024,409702700
2009-03-13,55.36383056640625,56.01140843704245,54.37428628209785,55.305625997604054,337474700
2009-03-16,55.19649887084961,56.73175652138632,55.16011614783771,55.9968688160942,360644900
2009-03-17,56.884559631347656,57.015529675520895,54.89818155325769,55.34930182790433,356814300
2009-03-18,58.15787124633789,58.8636538797303,56.07690606898003,56.615335949117124,473273200
2009-03-19,57.43755340576172,58.93642870507897,57.25565084802999,58.885496210963105,428520400
2009-03-20,56.21445083618164,57.82665329537796,56.08254341307427,57.716729510962494,371078200
2009-03-23,60.25227355957031,60.30357057609935,57.386953603712485,57.70206544552095,419933300
2009-03-24,59.06511306762695,60.354873950303585,58.99916214983768,59.53411600842644,330271000
2009-03-25,59.688018798828125,60.60404122109962,57.93658437472159,59.52680354891236,441775100
2009-03-26,60.90449905395508,61.04373625077727,59.59275427876932,60.27427518228019,422025200
2009-03-27,59.80527114868164,60.47946229607254,59.58542353537906,60.127712823936875,322332300
2009-03-30,57.738704681396484,58.530149103963375,57.13046467566702,58.4788520908871,324108500
2009-03-31,58.27366256713867,59.4168620108693,57.92924293553872,58.302975946819515,364238300
2009-04-01,59.4022216796875,59.666036590926154,57.40163179224452,57.54819314695164,377018300
2009-04-02,61.138980865478516,62.00370597413856,59.45349792100298,60.88249578895972,476230700
2009-04-03,61.74724578857422,61.76189968844442,60.582062269897925,61.18297280181323,284646300
2009-04-06,61.263572692871094,61.76188906712566,60.303583074172295,61.07303848157936,264866600
2009-04-07,59.83457565307617,60.56739346734298,59.73198160635532,60.27426522344501,258947800
2009-04-08,60.47945785522461,60.77991586527916,59.75396973012807,60.13503256212077,230402800
2009-04-09,62.883121490478516,62.890451237193815,61.798553796875225,62.04770927560945,269653500
2009-04-13,62.897762298583984,63.41806234163042,61.981739914849356,62.230895319565846,224847500
2009-04-14,61.81316375732422,62.84643926225661,61.615305464334305,62.31147995150598,276598800
2009-04-15,62.47272491455078,62.59730261360647,61.270904026227754,61.43944900943092,250726100
2009-04-16,63.38874053955078,63.86507323405078,62.12096326873904,62.97103461165673,335202900
2009-04-17,63.81377029418945,64.23147618335376,63.124919827830325,63.63056585874974,262649000
2009-04-20,61.138980865478516,63.79178294922163,61.073024365256344,62.68522665800585,293690100
2009-04-21,62.3335075378418,62.384804582636164,60.64069946866908,60.691996513463444,114090900
2009-04-22,61.95242691040039,63.27149579655337,61.60800159743518,61.769222432521616,340395200
2009-04-23,62.56065368652344,62.59729121965864,61.28554676877364,62.07699128511025,324903700
2009-04-24,63.50598907470703,63.9823161407629,62.795154960683575,63.04431031271552,287703000
2009-04-27,62.905086517333984,63.76248771852512,62.68524449958408,62.78783855939209,289581600
2009-04-28,62.70722961425781,63.454701437684804,62.11364888415529,62.26753997747976,247926300
2009-04-29,64.04094696044922,64.75178111951179,63.242178243782924,63.403393463041766,311505700
2009-04-30,64.06292724609375,65.23543454406224,63.696518366043854,64.89101489321823,301419800
2009-05-01,64.4073486328125,64.64185007837018,63.54995324664427,64.07758289688795,236110300
2009-05-04,66.5984878540039,66.64246072927008,64.76644312835612,64.89102641882734,287120000
2009-05-05,66.37127685546875,66.63509158725952,65.83631765185035,66.37127685546875,243036300
2009-05-06,67.5218505859375,67.56581787716523,66.40063993196873,67.18475497429024,291941000
2009-05-07,66.58380126953125,68.26195408531657,66.15876576000574,68.15936007832131,317728000
2009-05-08,68.13739776611328,68.31327246299738,67.00885774510843,67.44121753973093,299081700
2009-05-11,66.8622817993164,67.49983517689321,66.71572050355292,67.19937725233649,247923600
2009-05-12,66.66442108154297,67.29464469426743,65.84366331844824,67.14807781284614,282431300
2009-05-13,64.98629760742188,65.96094684641484,64.85439014958104,65.76308286417489,269619100
2009-05-14,65.54324340820312,66.04155986955371,64.85439270225913,65.01561355607221,260098700
2009-05-15,65.00827026367188,65.95360595324989,64.59789406017994,65.49193272432147,271502700
2009-05-18,66.85496520996094,66.93557001807929,64.90566732828795,65.62383117705055,241447400
2009-05-19,66.77433013916016,67.39722387289497,66.54715292072709,66.81829739842621,206102200
2009-05-20,66.32733917236328,68.00549256805748,66.25405851217982,67.38259297910817,285722200
2009-05-21,65.37467193603516,65.80703732330193,64.67849729788993,65.55787637670029,258988400
2009-05-22,65.23543548583984,65.95359936112602,64.98628012746775,65.55787709404457,166811900
2009-05-26,66.9062728881836,67.09680150639112,64.72247320425944,64.75178658958905,236318500
2009-05-27,65.71177673339844,67.2360392372273,65.60918267938656,67.00886748776621,246015800
2009-05-28,66.62779998779297,66.93558215408524,65.29407167623641,66.29070443552666,289095000
2009-05-29,67.8076171875,68.66501250789928,66.45190563464597,66.99418913759658,258641500
2009-06-01,69.44914245605469,69.74227070272995,68.46716925929225,68.6430439709149,276246800
2009-06-02,69.50775909423828,69.88882743667006,69.05341568951138,69.17799335913293,230874500
2009-06-03,68.62837219238281,68.98012152397467,67.97616494872454,68.91417062090926,235310500
2009-06-04,69.27325439453125,69.37584842245289,68.37189177908328,68.88486191869146,210102300
2009-06-05,69.2879409790039,70.10869352339017,68.73832750404921,69.97678606576275,284257900
2009-06-08,69.00214385986328,69.69098896100316,68.18138570738463,68.76763673833437,238565100
2009-06-09,69.35388946533203,69.72029843570718,68.89954032932225,69.39053259875243,225125500
2009-06-10,69.177978515625,69.97674696928902,68.29126994235631,69.96942281920433,296100400
2009-06-11,69.48577117919922,70.43110664350826,69.29523701971429,69.30989650403512,275414200
2009-06-12,69.67634582519531,69.72031312179543,68.88490094064302,69.17802929687998,184361800
2009-06-15,68.07879638671875,68.8995490054998,67.71238737020354,68.85558171262448,224190500
2009-06-16,67.1554183959961,68.36456880588737,67.11145111994921,68.32060152984049,227319000
2009-06-17,67.0894775390625,67.6610745771811,66.56184778358177,67.12611507760852,223445200
2009-06-18,67.58045196533203,67.91021770749947,66.86961787257208,67.19205946292642,211725100
2009-06-19,67.82955932617188,68.31594828326409,67.44633833206167,68.22751699426844,215655600
2009-06-22,65.79552459716797,67.20311526304216,65.7734167852493,67.16626516148698,251913600
2009-06-23,65.8471450805664,66.23773161787891,65.47866636649213,65.93558199605827,188309800
2009-06-24,66.41458892822266,67.12206720855526,66.03136801228985,66.44406789272038,211577700
2009-06-25,67.8590316772461,67.92535513752318,66.00926722149676,66.08296182931736,279411000
2009-06-26,67.68215942382812,67.97694348441003,67.26209396482386,67.63057263491667,167579000
2009-06-29,68.31594848632812,68.40438539812536,67.50529647373902,67.88114632070386,168481300
2009-06-30,67.76322174072266,68.58124479660084,67.26209054993727,68.33068201247715,228888200
2009-07-01,68.04325866699219,68.70652126215731,67.95482178012446,68.05062419066164,173041100
2009-07-02,66.18609619140625,68.06533850139418,66.14925172059434,67.1588790568914,212309900
2009-07-06,66.17876434326172,66.27456676315985,65.33863351480815,65.54498064845812,174499600
2009-07-07,64.89645385742188,66.19350019616206,64.8522382214829,66.1124344485822,197088900
2009-07-08,64.85225677490234,65.44182499459897,64.11529931155118,65.2870589794607,248050500
2009-07-09,64.97753143310547,65.5155127992901,64.78592656079962,65.30179448245174,163777600
2009-07-10,64.82274627685547,65.21333264287408,64.37320199303196,64.63113585525778,173520300
2009-07-13,66.39984130859375,66.45142808669246,64.5500771981337,65.08068727145587,217413500
2009-07-14,66.77571105957031,66.83466900150563,66.12719056589822,66.60620838214096,181487400
2009-07-15,68.7286376953125,68.91287701581702,66.82728655829689,67.66004626286364,220877900
2009-07-16,68.61809539794922,69.64983675366084,68.40437710392382,68.53702964426586,231174500
2009-07-17,69.36980438232422,69.50982810034293,68.93500217537658,69.31821758450774,138561700
2009-07-20,70.10677337646484,70.2246892894552,69.41403706653722,69.77514471062483,164179400
2009-07-21,70.4310073852539,70.67420463830798,69.58350538440774,70.65209681940085,217718300
2009-07-22,70.41629028320312,70.84372135345178,69.92989564191885,69.98148244121813,196068100
2009-07-23,71.97126007080078,72.28078081944838,70.40153726080203,70.46049520031737,258795500
2009-07-24,72.26602935791016,72.32498728994794,71.25640147881799,71.63224564484867,154003100
2009-07-27,72.47974395751953,72.51659406880302,71.73541556538648,72.13337315259017,159259400
2009-07-28,72.14076232910156,72.49450436920397,71.52908631316355,71.97126526892629,186685200
2009-07-29,71.96390533447266,72.28816283067842,71.470145129139,71.80914492485493,194399300
2009-07-30,72.71559143066406,73.57046478545618,72.6640046332224,72.83350732341025,225575400
2009-07-31,72.81873321533203,73.30512762662413,72.50184142018207,72.70082299663312,207358000
2009-08-03,74.0199966430664,74.08632010450238,73.18723125478175,73.58518889101244,175776900
2009-08-04,74.21159362792969,74.3147671942416,73.53359430001213,73.68835464947999,176714600
2009-08-05,73.99787902832031,74.32950753668283,73.38620317085946,74.2631784614878,184726400
2009-08-06,73.61466217041016,74.447421871803,73.26829134957575,74.33688277795189,193203800
2009-08-07,74.58004760742188,75.19172327877556,73.98311422497609,74.38844283190583,220640900
2009-08-10,74.42532348632812,74.5948261559471,73.89471327843738,74.24108414317375,130898700
2009-08-11,73.49676513671875,74.14528563484747,73.29778348695434,74.09369884093427,157301000
2009-08-12,74.2853012084961,74.84538473178846,73.33462557686957,73.371470069894,219052400
2009-08-13,74.85275268554688,74.88223165223152,73.88734042241101,74.62429772191331,176449500
2009-08-14,74.2779312133789,74.87486486149601,73.47464478646269,74.81590692469625,199616100
2009-08-17,72.45026397705078,72.92191615767,72.30287477905884,72.84822155867403,237667500
2009-08-18,73.02507019042969,73.28300965173668,72.47972355666586,72.61237604839609,173461500
2009-08-19,73.6662368774414,73.91680523501144,72.37656185026798,72.45025644159908,192812800
2009-08-20,74.42532348632812,74.5948261559471,73.59993482742122,73.76206072646468,174131300
2009-08-21,75.88451385498047,76.00242412998638,74.88962236523416,75.03701161462641,224605000
2009-08-24,75.87711334228516,76.60669940275346,75.60443715163827,76.19400516613095,191279000
2009-08-25,76.02450561523438,76.83515739115404,75.86237413554302,76.17926594879327,215310600
2009-08-26,76.03192138671875,76.37829239087098,75.53078994672971,75.78872400645771,194620700
2009-08-27,76.20137786865234,76.43720395475786,75.12542099938727,75.98765959959773,196230100
2009-08-28,76.18666076660156,76.90151040781159,75.66342164075097,76.81307911036821,147024400
2009-08-31,75.50865173339844,75.5970886422378,75.01489164309045,75.44232826867284,176051600
2009-09-01,73.84313201904297,76.08348327433545,73.68837163390441,75.13280751773661,321276800
2009-09-02,73.5630874633789,74.02000307561882,73.3788481133281,73.53360849266612,171805000
2009-09-03,74.17474365234375,74.26317491833461,73.39356519335516,73.99050435147977,143572300
2009-09-04,75.21385955810547,75.23596737729932,74.10105809340364,74.32214190788004,142687900
2009-09-08,75.8624038696289,75.94346964124811,75.45707501153285,75.90661951867963,132909100
2009-09-09,76.44458770751953,76.70252165321104,75.7592171532316,75.99504327822646,154612500
2009-09-10,77.22573852539062,77.27732529972141,76.0687160532258,76.49615253913043,162902400
2009-09-11,77.21101379394531,77.60160588560841,76.84990629150447,77.37314529943981,152360100
2009-09-14,77.58686065673828,77.71951319053171,76.01714369229742,76.55511935196019,149593800
2009-09-15,77.91114044189453,78.19855338994888,77.20366198341158,77.71215878706367,196795900
2009-09-16,79.09024047851562,79.10497714748118,77.91848131823495,78.1911518631236,206406300
2009-09-17,78.97237396240234,79.63563126109703,78.5375660830497,78.97973948969279,229170900
2009-09-18,79.02269744873047,79.34850497689983,78.75612868010445,79.34109871962715,153799100
2009-09-21,78.82278442382812,79.23004391865209,78.2378199120922,78.40812431951298,151892000
2009-09-22,79.28184509277344,79.50398757474424,78.93382450736756,79.28925134865726,143126700
2009-09-23,78.62287139892578,79.99273570200529,78.48218070884073,79.46700424079405,225947400
2009-09-24,77.75651550292969,78.96347583172486,77.41590103558848,78.7931714227144,228636800
2009-09-25,77.34185791015625,78.01568630641232,77.07528905551878,77.58621363512741,204059000
2009-09-28,78.72649383544922,78.8968038233512,77.62319898994899,77.63800585226667,118285800
2009-09-29,78.48956298828125,79.24483742944913,78.32665921781071,78.86720303352483,133733900
2009-09-30,78.18597412109375,78.83018299114495,77.4677252674335,78.75613735821622,254383000
2009-10-01,76.2459716796875,78.28966442728547,76.23115915979386,76.26818481020686,281840600
2009-10-02,75.89051818847656,76.34220384931929,75.52028441069197,75.54249753346798,224748800
2009-10-05,77.02344512939453,77.2455876918002,75.97198238589048,76.19412494829615,149875000
2009-10-06,78.12673950195312,78.57101894030157,77.53436315127549,77.57878940031446,202491100
2009-10-07,78.34147644042969,78.42292833055936,77.80093259223462,77.94902385647785,159200300
2009-10-08,78.94122314453125,79.35588304491822,78.37846638735077,78.89679691215191,183305800
2009-10-09,79.42256164550781,79.42256164550781,78.75613963127569,78.96346966918794,135008300
2009-10-12,79.73353576660156,80.03712448545359,79.43734765478905,79.79277451882773,118031000
2009-10-13,79.5706558227539,79.75577274184164,79.05233070903627,79.51882331138215,157692700
2009-10-14,80.94050598144531,81.02195786378893,79.54102276564187,80.50363283916508,191421600
2009-10-15,81.23668670654297,81.23668670654297,80.51103173838875,80.54805172286765,173873600
2009-10-16,80.62950897216797,80.91088460010076,80.14080333951429,80.56286960607294,192069400
2009-10-19,81.29592895507812,81.54768519790218,80.51103519883983,80.7627914416639,159530400
2009-10-20,80.86646270751953,81.44402650869797,80.47401579899159,81.41440712795558,180921100
2009-10-21,80.14080810546875,81.68097636755404,80.08156934364874,80.74058503326833,225379300
2009-10-22,80.95532989501953,81.21449244382303,79.60027273357859,80.11119722216253,238444000
2009-10-23,80.0297622680664,81.27374841495474,79.69654836394284,81.22191589422276,240033200
2009-10-26,79.16340637207031,80.94052437422054,78.94126379714136,80.1186047560319,242028200
2009-10-27,78.80059814453125,79.51885296230512,78.60808054440463,79.25228404747519,253266300
2009-10-28,77.31221008300781,78.84497749671196,77.26777819394444,78.60062187947779,248821400
2009-10-29,78.97085571289062,79.12635320152127,77.70465703462527,77.88977389956439,198110600
2009-10-30,76.68283081054688,78.94866574335612,76.59397830488537,78.71171631272534,325608100
2009-11-02,77.24560546875,78.05271835853712,76.32742692151994,77.10491477022717,254222900
2009-11-03,77.48990631103516,77.60097753910384,76.66798713237118,76.81607833691787,228362600
2009-11-04,77.68983459472656,78.73389629124743,77.48991089183835,78.12671327780477,247996700
2009-11-05,79.11894989013672,79.14116301086531,78.07489367066306,78.23779742176414,180015300
2009-11-06,79.3262939453125,79.52622336594956,78.52659321072302,78.68209073270764,170954100
2009-11-09,81.13301849365234,81.17744473299265,79.87422608491784,79.93345918759881,159495700
2009-11-10,81.14784240722656,81.39960433146297,80.68875610606766,80.94051238098454,171899800
2009-11-11,81.5625,82.05861189194367,81.17005311087085,81.6809718677942,169466200
2009-11-12,80.733154296875,81.8734746942206,80.52582434268808,81.45140853053508,157144500
2009-11-13,81.17002868652344,81.51804357735676,80.52582009203296,80.94047997851845,150963000
2009-11-16,82.34737396240234,82.70280077889387,81.68835846767134,81.73278470123867,210922200
2009-11-17,82.44365692138672,82.48068255978923,81.8216668713232,82.13266189635496,147134100
2009-11-18,82.391845703125,82.51032325716626,81.87352052749624,82.38444509298795,156486800
2009-11-19,81.31816101074219,82.4214562805325,80.80723649986984,81.82908552161453,208734600
2009-11-20,81.02937316894531,81.27372884326125,80.71837811944485,80.89608876925658,134196000
2009-11-23,82.05857849121094,82.73980698937069,81.89567479614738,81.98453289781386,148010200
2009-11-24,82.18448638916016,82.3399838865181,81.45883140148977,82.19189264598255,138420100
2009-11-25,82.47330474853516,82.56216292175816,82.05864457213691,82.31780718238582,109564800
2009-11-27,81.13301849365234,81.68836908267961,80.18522105893672,80.26667293060619,126001800
2009-11-30,81.40701293945312,81.59953045548156,80.05936208065566,81.06639850803394,160874800
2009-12-01,82.41405487060547,82.68062368679111,81.99198851986489,82.13267353723171,159613700
2009-12-02,82.37699890136719,82.939755711626,82.13264330159872,82.39921201965196,132315100
2009-12-03,81.73281860351562,83.06566265656745,81.666179225523,82.59917006265928,167324900
2009-12-04,82.19930267333984,83.21373958111052,81.48104826022636,82.81388643414056,274907800
2009-12-07,82.07341766357422,82.58434206301017,81.81425515999035,82.12525581360987,127973800
2009-12-08,81.16264343261719,82.02158279820638,80.9108815440233,81.48104468478908,169863700
2009-12-09,81.46625518798828,81.58473273358123,80.72578747599329,81.1404532362483,155063400
2009-12-10,81.92533874511719,82.28076569588104,81.7846480865807,81.96976499546777,138014600
2009-12-11,82.2733383178711,82.45845517923803,81.9031045951372,82.2733383178711,124854000
2009-12-14,82.83611297607422,82.93237173093547,82.28816288105621,82.83611297607422,107141500
2009-12-15,82.45105743408203,82.87312369559423,82.1918949312796,82.53250931343692,120408800
2009-12-16,82.57691955566406,83.02860510844549,82.39180271105914,82.7842551670485,155358200
2009-12-17,81.584716796875,82.14006747238939,81.51067117000358,81.98456996116367,183390100
2009-12-18,82.04629516601562,82.11329899622463,81.35395254577432,82.03884903382914,174591200
2009-12-21,82.88008117675781,83.15552557488186,82.45574254206123,82.45574254206123,118039600
2009-12-22,83.1778564453125,83.35652383330167,82.95451795052566,83.05874106683049,91707500
2009-12-23,83.34162139892578,83.46073676286926,83.00661937736778,83.37884637009141,111783100
2009-12-24,83.7362060546875,83.8255369184721,83.37886556034572,83.52031366765061,39677500
2009-12-28,83.91485595703125,84.11585603835168,83.61707322048746,84.0488579044893,87508500
2009-12-29,83.7957763671875,84.14567080603415,83.78833591340383,84.1307842187311,80572500
2009-12-30,83.76598358154297,83.86276626199165,83.5054257490557,83.55009686300693,73138400
2009-12-31,82.96194458007812,83.97440234024538,82.92471961311935,83.9520639522306,90637900
2010-01-04,84.36897277832031,84.41363820059135,83.0140667320107,83.65429762331743,118944600
2010-01-05,84.59234619140625,84.62957118099672,84.01167270410517,84.31690171548628,111579900
2010-01-06,84.65188598632812,84.86033225255088,84.44343972010537,84.51043787150493,116074400
2010-01-07,85.00919342041016,85.11341651296566,84.25729338434614,84.49551840729193,131091100
2010-01-08,85.29208374023438,85.32930870740863,84.61463363957681,84.78585485722027,126402800
2010-01-11,85.41123962402344,85.70901678379992,85.04645294774733,85.67179747869548,106375700
2010-01-12,84.61463165283203,85.02407788347232,84.28707012453386,84.8454105406426,163333500
2010-01-13,85.3293228149414,85.56754787693785,84.39875527905939,84.83053429911118,161822000
2010-01-14,85.56010437011719,85.71643903937152,85.18043121350887,85.23254276992698,115718800
2010-01-15,84.59976196289062,85.49310459508649,84.27220034720965,85.41121987090018,212283100
2010-01-19,85.65690612792969,85.70901769942081,84.56255744688103,84.58489584586464,139172700
2010-01-20,84.78583526611328,85.20272753941916,84.10838532199124,85.07617176784147,216490200
2010-01-21,83.155517578125,85.06876431615093,83.05129446241415,84.80820652687382,344859600
2010-01-22,81.30184173583984,83.18530993536946,81.21250518797547,82.7833039895819,345942400
2010-01-25,81.71871185302734,82.19516763122282,81.45071364240884,82.04627342562011,186937500
2010-01-26,81.37625885009766,82.23982815192912,81.17525878417915,81.39859155967385,211168800
2010-01-27,81.76338958740234,81.94950309970378,80.64670851359374,81.2720471886544,271863600
2010-01-28,80.82539367675781,82.07607698176457,80.33405684964885,82.03141154650055,316104000
2010-01-29,79.94692993164062,81.74106714185302,79.82037409051554,81.17528040306502,310677600
2010-02-01,81.19015502929688,81.19760115995298,80.02880855521958,80.51270481266296,187865000
2010-02-02,82.17284393310547,82.3291786171411,81.05616275022166,81.33905895158212,216327900
2010-02-03,81.76338958740234,82.2472858553328,81.52516451884586,81.80060888202243,172730700
2010-02-04,79.23970794677734,81.16784162481491,79.22481568192265,81.13062232214791,356715700
2010-02-05,79.40347290039062,79.56724802289175,77.85500708983125,79.32902295047751,493585800
2010-02-08,78.83024597167969,79.90226171736087,78.77068827920091,79.46303083499765,224166900
2010-02-09,79.82038116455078,80.51272380582232,79.11314625845391,79.7533773323065,337820500
2010-02-10,79.6640396118164,80.10326483090115,78.99402974566355,79.69381845917147,240511500
2010-02-11,80.49784088134766,80.587177441461,79.09826885131852,79.55983255896749,223591600
2010-02-12,80.4308090209961,80.47547444247044,79.29179533553528,79.64913006679629,304622100
2010-02-16,81.69637298583984,81.77826337281714,80.26702279816253,81.04125556975427,159317500
2010-02-17,82.08349609375,82.19516532488538,81.69637684977845,82.09093654402147,168845100
2010-02-18,82.56739807128906,82.73861931521101,81.91972102928844,81.9494998716517,193708600
2010-02-19,82.7386245727539,83.05874004883354,82.15795130910567,82.35151095689967,222684900
2010-02-22,82.7535400390625,83.06620947181817,82.5078687648679,83.0438767522978,132346900
2010-02-23,81.74848175048828,82.78327222735021,81.53258943578385,82.53016062511696,207497000
2010-02-24,82.50035858154297,82.63436047436632,81.78568371306211,81.99412983973599,176350700
2010-02-25,82.38873291015625,82.44829060058854,81.10083051302833,81.32416333254845,259634700
2010-02-26,82.44082641601562,82.7237225437519,81.97182248596779,82.46315912510372,173589300
2010-03-01,83.29694366455078,83.37883404522378,82.7609359655029,82.78326867300783,147709700
2010-03-02,83.52772521972656,83.9297310068691,83.3788367117771,83.65428669918936,160992400
2010-03-03,83.60220336914062,84.10098628681607,83.39375143603344,83.74364579550961,150785000
2010-03-04,83.85530853271484,83.97442391379836,83.40119108186838,83.71386043761166,135770400
2010-03-05,85.05387115478516,85.12086928981668,84.197747902182,84.39875366674335,176118800
2010-03-08,85.06875610351562,85.25486960356506,84.91986757536938,85.0613156529216,114631200
2010-03-09,85.21023559570312,85.60479545251381,84.7710102999283,84.81567573889242,154556700
2010-03-10,85.5898666381836,85.82064553195144,85.17297426757521,85.24741852236491,186088800
2010-03-11,85.94720458984375,85.96954297888644,85.12830639666159,85.38886413816508,160791100
2010-03-12,85.95465850830078,86.33433164017151,85.71643345452044,86.31943937946026,162074800
2010-03-15,85.97698211669922,86.03653979377188,85.31441857853085,85.80576089478122,146816800
2010-03-16,86.66190338134766,86.74378810592847,85.97700130164813,86.21522638336371,168673000
2010-03-17,87.17558288574219,87.45847910769157,86.6693538188026,86.92247119213971,177468100
2010-03-18,87.13088989257812,87.30211111827201,86.78099563172607,87.18300144123272,196509100
2010-03-19,86.68985748291016,87.67658322419926,86.35347020782733,86.68985748291016,226641100
2010-03-22,87.1533203125,87.3103044704581,86.14416984391708,86.19649599552886,184477800
2010-03-23,87.76631164550781,87.84106249271028,86.99636138026261,87.28042258400569,182941600
2010-03-24,87.34021759033203,87.78125727277795,86.39834667421677,87.43739882200387,196072600
2010-03-25,87.19818115234375,88.33440867827014,87.09352884218434,87.93074732345963,223396300
2010-03-26,87.14583587646484,87.7737495996498,86.80197754665565,87.36261724369449,205808500
2010-03-29,87.69902038574219,87.85599885521081,87.22808497733627,87.5868912780865,134513500
2010-03-30,87.75880432128906,88.08023798525454,87.39252130522861,87.80365367338403,145772500
2010-03-31,87.45979309082031,87.84850077296142,87.168260903434,87.42241482961819,161078700
2010-04-01,88.05783081054688,88.39421242435857,87.53456355191142,88.05783081054688,161215200
2010-04-05,88.77545166015625,88.83524890884969,88.14753207232631,88.3942149712282,105847600
2010-04-06,88.9847412109375,89.14171965551591,88.4241014646764,88.52127696757091,110384200
2010-04-07,88.47647094726562,89.22399097507076,88.06533265072272,88.80538158449995,184576300
2010-04-08,88.78290557861328,88.93241292923632,87.90830896417711,88.16993969886455,158704000
2010-04-09,89.36600494384766,89.403377516395,88.8053650275202,88.96981461235197,133006500
2010-04-12,89.50804138183594,89.73977645524565,89.37348755644881,89.47813989806937,110279000
2010-04-13,89.57527923583984,89.73225767482401,88.9548365700056,89.41830079685568,125043600
2010-04-14,90.59191131591797,90.59191131591797,89.76216401970679,89.90418887995524,161609000
2010-04-15,90.66668701171875,90.87599166580853,90.41252728666396,90.44242876626595,144615300
2010-04-16,89.22394561767578,90.66665876605497,88.76795817626791,90.34522508937602,366786700
2010-04-19,89.56034088134766,89.65004530593316,88.55866713753049,88.9623284934805,217947800
2010-04-20,90.3602066040039,90.43496315910531,89.6052155849747,90.12100045580293,157708000
2010-04-21,90.19572448730469,90.62181046336833,89.69488198309602,90.41250016893362,192910100
2010-04-22,90.46484375,90.57697286070325,89.04456069150382,89.56034547574119,115360300
2010-04-23,91.05535888671875,91.09273714724328,90.17328554768486,90.40502049731771,177335500
2010-04-26,90.7115249633789,91.28711839281058,90.62182623898576,91.08528485667928,143457300
2010-04-27,88.56612396240234,90.70402475330587,88.3941919464943,90.18824011182555,355853300
2010-04-28,89.2389144897461,89.46317271807932,88.40916702928622,88.9922372823279,300674100
2010-04-29,90.34524536132812,90.53212531521088,89.7547040226838,89.77712870464995,193775000
2010-04-30,88.81282043457031,90.4573673205554,88.79039575437758,90.36018610222276,270000900
2010-05-03,89.96400451660156,90.2106874131192,89.1043556276943,89.23890941641999,182747900
2010-05-04,87.84852600097656,88.97728251659376,87.40001525335919,88.9623346296934,360353400
2010-05-05,87.32523345947266,88.05780512664313,86.68984298364039,87.13087677991778,328973200
2010-05-06,84.4249038696289,87.45983300178501,78.48959371955065,86.9066698429221,647356600
2010-05-07,83.16905975341797,85.04533046267235,81.78614917743654,84.20063508889693,637558800
2010-05-10,86.8319091796875,87.198192312123,85.89750936001863,86.5702726676811,396159600
2010-05-11,86.5852279663086,87.72893245564131,85.89751105421787,86.01711126786999,317849800
2010-05-12,87.79618072509766,87.92326340013541,86.77955354352959,86.92906089559686,235607100
2010-05-13,86.7048110961914,87.96812125338558,86.63006026449676,87.55698312438071,234452500
2010-05-14,85.13504028320312,86.21147075571197,84.37257250059216,86.05449226232513,345601400
2010-05-17,85.17987060546875,85.60595662170915,83.55027737257818,85.36675053720792,325739800
2010-05-18,84.0212173461914,86.12922272037697,83.74463299772857,85.87506305092843,360556800
2010-05-19,83.54279327392578,84.29778397435135,82.49626467850652,83.5502643637836,394742700
2010-05-20,80.38826751708984,82.14493763420087,80.33594136732475,81.76370099841373,530418300
2010-05-21,81.56185913085938,81.76368690140654,78.75866079862782,79.16979883527041,500909400
2010-05-24,80.51535034179688,81.77118373048226,80.44059950857859,81.12083950492489,269823000
2010-05-25,80.59757232666016,80.63495059221397,78.02610278149342,78.57179466171686,396505200
2010-05-26,80.11170196533203,81.83099992324847,79.87249583844246,81.090956859297,349719300
2010-05-27,82.7952880859375,82.82518955994355,81.31519648981414,81.62168232103399,300870500
2010-05-28,81.7562484741211,82.76539913626074,81.36753495634393,82.70559617919903,297933500
2010-06-01,80.38080596923828,82.1898025792276,80.26120576271455,80.993771998372,277909400
2010-06-02,82.4738540649414,82.48132515607308,80.36584863183855,80.79193465438732,240243700
2010-06-03,82.75789642333984,83.01952714964435,81.91320130609331,82.71304707115111,226618300
2010-06-04,79.85008239746094,81.72635910564667,79.58097475393132,81.18814381858743,398475600
2010-06-07,78.85586547851562,80.44060957543415,78.79606822633139,80.13412370682366,264609100
2010-06-08,79.70056915283203,79.85754763832152,78.22795412303316,78.91567102226064,357774300
2010-06-09,79.27445983886719,80.94142543675936,78.93807258011569,80.1640043293774,268023300
2010-06-10,81.59178924560547,81.68896476878558,79.26700215622238,80.62748799636188,317890600
2010-06-11,81.98795318603516,82.04027933197166,80.8218243890946,80.8741505350311,214128200
2010-06-14,81.86088562011719,83.06439281801089,81.77865799518362,82.61587642632858,207196100
2010-06-15,83.72220611572266,83.7969569448443,82.29444075607171,82.43647132358872,238268700
2010-06-16,83.69229125976562,84.03614958123511,83.12417478367085,83.28863000331317,216374000
2010-06-17,83.82688903808594,83.96891965748503,83.01209500771685,83.93154137770902,263185800
2010-06-18,83.91775512695312,84.21818105417896,83.64736720824408,83.99286160875958,174006600
2010-06-21,83.67742156982422,85.02184323652803,83.2117521550961,84.96176148160987,213140700
2010-06-22,82.29542541503906,84.04543447261436,82.17525619341217,83.67740871041954,239355400
2010-06-23,82.04003143310547,82.64088877614297,81.47672445073941,82.347969603733,254639900
2010-06-24,80.68060302734375,81.73962320672256,80.47030261079503,81.63447299844819,268523600
2010-06-25,81.01861572265625,81.4317043166962,80.19242707405967,80.92097212040846,238726500
2010-06-28,80.76324462890625,81.35659567440146,80.47032529040659,81.13878283008614,169218600
2010-06-29,78.2696533203125,80.7482071739373,77.77394598774167,79.6290994643136,373649500
2010-06-30,77.5261001586914,78.77288389414315,77.27073122524467,78.05185130070281,284101700
2010-07-01,77.18058776855469,77.72887015614461,75.95632996098573,77.47350701239179,382924800
2010-07-02,76.7599868774414,77.67630077654124,76.32436702775615,77.44346898358388,233385200
2010-07-06,77.2632064819336,78.38982071959823,76.51963695929037,77.841532602622,256935300
2010-07-07,79.69669342041016,79.79433126030794,77.37586505897339,77.45848389667785,253769400
2010-07-08,80.48532104492188,80.57544651338594,79.54647588004694,80.36514611329494,210842100
2010-07-09,81.08619689941406,81.09370926690829,80.31258922497463,80.4628021933145,144999900
2010-07-12,81.1387939453125,81.29651932378393,80.47784868358576,80.81583081884466,131283600
2010-07-13,82.36302947998047,82.68598678664507,81.8147412618543,81.97997896403636,213025900
2010-07-14,82.35552215576172,82.67848521246108,81.76217115716251,82.10015321940844,184426800
2010-07-15,82.37803649902344,82.66344338746704,81.243909851085,82.32546139509286,232337900
2010-07-16,80.10979461669922,82.02503559312171,79.9520635634609,81.93490438130796,282693400
2010-07-19,80.58294677734375,80.83830987331672,79.77929566611223,80.40269013723017,186709000
2010-07-20,81.47676086425781,81.53684261423477,79.47889512339283,79.51645123110376,258162400
2010-07-21,80.41773986816406,81.91989248042472,80.08726445978432,81.897361108082,264527000
2010-07-22,82.21277618408203,82.57329517623674,81.36406238853206,81.3715690225577,274781300
2010-07-23,82.92631530761719,83.04648450440014,81.81472015353128,82.04755191184921,222020800
2010-07-26,83.79007720947266,83.87269606781034,82.83621274992554,83.06904458873655,184445700
2010-07-27,83.78253936767578,84.33833406473643,83.45206405740718,84.24820287186616,204855600
2010-07-28,83.24175262451172,83.86514706606253,82.96385244773178,83.60977825194624,163056200
2010-07-29,82.83618927001953,83.98533486266311,82.17524432092065,83.76000972556363,220149100
2010-07-30,82.8211669921875,83.26430491354563,81.8522837726166,81.99498434876885,220070600
2010-08-02,84.69136047363281,84.82655442931036,83.77504652184687,84.1130285459122,188263200
2010-08-03,84.28578186035156,84.6988703801274,84.00788157121495,84.48106329948155,146657300
2010-08-04,84.84907531738281,84.95422552211248,84.24070545712453,84.51859997094306,158171700
2010-08-05,84.75894927978516,84.80401774902744,84.18062311852927,84.30830469915948,140473800
2010-08-06,84.41343688964844,84.54863080800051,83.30935417814912,83.9252363105851,239728300
2010-08-09,84.86412811279297,85.00683447471967,84.36090825687913,84.8115529894924,120800400
2010-08-10,84.40593719482422,84.85658747714847,83.64735439544158,84.14306168363933,242916300
2010-08-11,82.09263610839844,83.136631633552,81.95744215469655,83.10658789603413,273406900
2010-08-12,81.58941650390625,81.88233580283678,80.81580883082013,80.85336493796812,239542600
2010-08-13,81.34906768798828,81.83726840184586,81.2514298373196,81.33404868413814,158698500
2010-08-16,81.31150817871094,81.57438369348529,80.50034453575884,80.79326378511547,147895300
2010-08-17,82.3104476928711,82.91131101567679,81.77718421575328,82.01002176172558,172270300
2010-08-18,82.46066284179688,82.90379508235607,81.7997177993459,82.27289377777883,182922100
2010-08-19,81.02608489990234,82.23531783895034,80.68810295828885,82.03252982003339,265847600
2010-08-20,80.76324462890625,81.0711887043977,80.17740595190693,80.78577600413573,209714200
2010-08-23,80.45528411865234,81.54434230994077,80.4177280167776,81.14627284319751,163490300
2010-08-24,79.26104736328125,79.90697316540395,78.84044664757529,79.57649790006072,280677800
2010-08-25,79.56903839111328,79.86946437725747,78.32976114236423,78.82546860370883,272234800
2010-08-26,79.03572845458984,80.04967988869588,78.77284727553031,79.94452970917406,224439500
2010-08-27,80.2600326538086,80.34265152455843,78.34478534862032,79.53148755551926,272649000
2010-08-30,79.09587097167969,80.29759805601618,79.08836433184067,80.04974141510232,167238600
2010-08-31,79.09587097167969,79.59909662360585,78.47998841957397,78.802951570694,273933100
2010-09-01,81.46171569824219,81.57437826286136,80.10978211358031,80.16235721303512,256828100
2010-09-02,82.22032928466797,82.23534829041543,81.48427193737051,81.65702201988428,156112200
2010-09-03,83.28682708740234,83.3619335502842,82.58081372975012,83.02395160218795,212197300
2010-09-07,82.34800720214844,83.00144566293149,82.2804130839248,82.8962954366341,141973700
2010-09-08,82.92631530761719,83.25678489646225,82.47566506147733,82.51322115874096,149924400
2010-09-09,83.30935668945312,83.88017610973056,83.08403730557792,83.8576447443686,147017900
2010-09-10,83.72998046875,83.82761831555584,83.27182351097588,83.459592568088,127819000
2010-09-13,84.66132354736328,84.83406789169283,84.2181855396662,84.55617332118246,178503500
2010-09-14,84.60873413085938,85.08942243506893,84.18062093085224,84.49607155606664,209823600
2010-09-15,84.93172454833984,85.02936242188561,84.10554161683241,84.36090485391755,168608400
2010-09-16,84.9091567993164,84.9617318979744,84.38340008248038,84.66881267255752,199962900
2010-09-17,84.94091796875,85.4392850946006,84.70683958227059,85.35622390695883,195836900
2010-09-20,86.23965454101562,86.42842884981593,84.96353837002651,85.23537383557371,214555200
2010-09-21,86.06597900390625,86.71535727783707,85.71108240799924,86.30760987076762,268389100
2010-09-22,85.64311981201172,86.41332215309282,85.40148894756032,85.93006042419003,191322400
2010-09-23,84.94843292236328,85.83189524213162,84.70680205471037,84.94088033748635,202354300
2010-09-24,86.70027160644531,86.76068077296587,85.81680914958925,85.89231772727234,209671800
2010-09-27,86.284912109375,86.8285827479685,86.20185675824753,86.73042223414029,128761800
2010-09-28,86.58699035644531,86.8663783808783,85.46189719588507,86.39821606556917,209207500
2010-09-29,86.43597412109375,86.76821871996714,86.09617693744572,86.36801237999045,179665800
2010-09-30,86.17922973632812,87.43269368448208,85.77147661202262,86.87392344492285,287106700
2010-10-01,86.54167175292969,86.9267728543336,86.02820553803554,86.8286065526608,174638700
2010-10-04,85.89228820800781,86.72289379893157,85.46188312610612,86.36045044624237,166153200
2010-10-05,87.6214599609375,87.83288620736724,86.58697495698273,86.68514125777735,229634100
2010-10-06,87.61392211914062,87.84045357039238,87.2590255339488,87.60636953451647,148626600
2010-10-07,87.50820922851562,87.99147094903023,86.97964352199469,87.96881895602706,164860000
2010-10-08,87.99900817871094,88.24063899680603,87.29676771347629,87.62901224870696,177760100
2010-10-11,88.08209991455078,88.32373081659478,87.78005984676199,88.13495649434368,103098300
2010-10-12,88.35388946533203,88.61061964487371,87.32695722530109,87.7951136140964,182210000
2010-10-13,89.04107666015625,89.51679166980551,88.6333234065721,88.84475550026927,194347200
2010-10-14,88.69368743896484,89.10899306763254,88.13491730661131,88.95797022042039,217764300
2010-10-15,88.87494659423828,89.3657609731381,88.16515907612016,89.31290439454489,243705000
2010-10-18,89.31290435791016,89.60739183294226,88.5804590827511,88.90515113995765,141204800
2010-10-19,88.14248657226562,88.98819163299316,87.60636256435399,88.48983054519782,280604700
2010-10-20,89.0033187866211,89.43372400732673,88.248221503914,88.30107808326609,200051800
2010-10-21,89.19963836669922,89.92453105406315,88.50495026142566,89.40351785557547,221585500
2010-10-22,89.36573028564453,89.5016479783447,89.10144748343113,89.33552571382971,108212400
2010-10-25,89.63001251220703,90.4304192578266,89.5620565467599,89.96225703910319,151145700
2010-10-26,89.64514923095703,89.73575721677791,89.00331770067413,89.17698684745415,158982900
2010-10-27,89.38838958740234,89.48655589406503,88.54268455112981,89.0183936340331,190024000
2010-10-28,89.40350341796875,89.93962170139235,88.97309827432254,89.90186453964299,168576000
2010-10-29,89.47147369384766,89.64514860034095,89.15433422383552,89.31290395884159,144305500
2010-11-01,89.50166320800781,90.42288264184958,88.98819692165014,89.90941635549191,174074800
2010-11-02,90.21146392822266,90.42289022369765,89.93207588866814,90.1737067636302,158345900
2010-11-03,90.57392120361328,90.62677778556069,89.44127522393858,90.37004746208339,226702800
2010-11-04,92.31816101074219,92.36346498733084,90.58898818610217,91.57816341450746,215039400
2010-11-05,92.66552734375,92.81654447617875,92.25777417307118,92.37858672682732,180654100
2010-11-08,92.49185180664062,92.6428746989424,92.07655181491288,92.37858607764787,156107100
2010-11-09,91.8273696899414,92.83919715877686,91.45737368009173,92.74103659806329,186621600
2010-11-10,92.19737243652344,92.24268218864643,91.11003632146324,91.80472440404458,221387400
2010-11-11,91.8499984741211,91.98591616434383,91.12510604657744,91.40449401007223,158017600
2010-11-12,90.7626724243164,91.6310352731587,90.34737246073715,91.23083471731906,239068800
2010-11-15,90.63433074951172,91.40453324502391,90.59657933992646,91.04963658149725,163940800
2010-11-16,89.22229766845703,90.22657267590523,88.79188668691984,90.07555552377417,299566200
2010-11-17,89.26759338378906,89.63758940485359,88.99575792641342,89.26004079860236,172308900
2010-11-18,90.58146667480469,90.90615872724467,90.1208568850425,90.12840947070899,197723700
2010-11-19,90.83064270019531,90.86839410356019,90.04534092243179,90.53615525365079,156852900
2010-11-22,90.75513458251953,90.7928859860716,89.68289217700732,90.37758598139206,181361000
2010-11-23,89.44126892089844,89.8716741324062,89.09392486958821,89.68289981576359,222309000
2010-11-24,90.7626724243164,90.78533017732667,89.99247588905025,90.00757529678987,140046100
2010-11-26,89.70552825927734,90.46817210142618,89.70552825927734,89.97736364728806,76007800
2010-11-29,89.97736358642578,90.21899440216819,88.90512144069407,89.4789967884322,223642300
2010-11-30,89.47147369384766,89.98494006664896,88.95800732104635,89.0863782349479,233930700
2010-12-01,91.37429809570312,91.54796719576011,90.75511872845625,90.76266555128763,221037200
2010-12-02,92.54471588134766,92.61267762862671,91.46492659782173,91.51778317417889,191213600
2010-12-03,92.79387664794922,92.89958977479719,92.20490186667242,92.22755385657793,151288900
2010-12-06,92.6957015991211,92.90712781973177,92.49937478244013,92.5975353103144,103050500
2010-12-07,92.74860382080078,93.63961887560559,92.69574723962317,93.58676229442798,206581000
2010-12-08,93.08837890625,93.1638874716394,92.43144805033457,92.86185321008182,138019200
2010-12-09,93.45079040527344,93.6471114439407,92.99018085290527,93.6093600569348,123705100
2010-12-10,93.9944839477539,94.08509190736287,93.42816115646448,93.73774795335069,117571700
2010-12-13,94.054931640625,94.5381935226358,94.02472705288231,94.4249335197708,133812700
2010-12-14,94.13798522949219,94.56084366287276,93.85105031046675,94.19839440010878,147249600
2010-12-15,93.70758056640625,94.33431275343396,93.54901081323098,93.96431666269166,160823100
2010-12-16,94.25121307373047,94.31917480357197,93.44325946475537,93.76795142505004,185035200
2010-12-17,94.35218048095703,94.47362838268124,93.98782519332276,94.18518454875928,141075300
2010-12-20,94.57992553710938,94.8076483833665,94.10930681531907,94.61028896935916,119085500
2010-12-21,95.17958068847656,95.24030754684773,94.78486769152792,94.8759521878527,94965500
2010-12-22,95.4756088256836,95.50597225230644,95.19475726407727,95.2478918128594,78878100
2010-12-23,95.33899688720703,95.47562944089601,95.10368751911098,95.369360320386,70053700
2010-12-27,95.37691497802734,95.46799945037742,94.91388293947966,94.98219629374222,58126000
2010-12-28,95.51359558105469,95.60468009927743,95.26310157347545,95.56673014709574,55309100
2010-12-29,95.58187866210938,95.79441685888084,95.56669984429635,95.62742669801149,58033100
2010-12-30,95.43006134033203,95.74127631146924,95.28583651960219,95.49078819024261,76616900
2010-12-31,95.45281219482422,95.54390245034993,95.13400498732913,95.28581628864205,91218900
2011-01-03,96.43964385986328,96.85712801085272,95.41489687281559,96.18155758888095,138725200
2011-01-04,96.38645935058594,96.68249541392922,95.78679492218487,96.6521319983005,137409700
2011-01-05,96.88748168945312,96.94820854606938,95.99178082367469,96.08287110859906,133975300
2011-01-06,96.69770812988281,97.03170002767219,96.40926426712105,96.92543093132673,122519000
2011-01-07,96.50796508789062,96.9861761405114,95.75648892199145,96.82677245630447,156034600
2011-01-10,96.38645935058594,96.52309182530048,95.79438143267002,96.08283098552815,122401700
2011-01-11,96.72807312011719,96.96338243851083,96.36371779016206,96.73566542461644,110287000
2011-01-12,97.60101318359375,97.70728229294347,96.75085451756382,97.32016159084039,107929200
2011-01-13,97.44158172607422,97.68448911114764,97.19868592346242,97.63894687206178,129048400
2011-01-14,98.14750671386719,98.170277830054,97.23662731901462,97.30494066757508,117677900
2011-01-18,98.31452178955078,98.40560627205707,97.94257418187979,98.05642978501265,114401300
2011-01-19,97.35050964355469,98.32970265596633,97.09242920089899,98.23103165287039,151958400
2011-01-20,97.22149658203125,97.46439248342642,96.50037801959203,97.13040627558318,175745700
2011-01-21,97.44158172607422,98.04883860629614,97.33531264072,97.82871392322728,151462900
2011-01-24,97.99568939208984,98.10954496602999,97.35806343064743,97.38083454543546,113715500
2011-01-25,98.04885864257812,98.13235662545222,97.24424803440809,97.73763783527794,167552200
2011-01-26,98.42841339111328,98.71686313449477,98.09442138982239,98.29178661738504,141281500
2011-01-27,98.6712875366211,98.83828348084042,98.27656879733338,98.45115125448541,123302700
2011-01-28,96.94821166992188,98.9445651590769,96.78880800959178,98.78515570751482,295637300
2011-01-31,97.67691802978516,97.75282950423004,96.97098996380011,97.21389741605184,149249200
2011-02-01,99.24059295654297,99.41517542112487,98.2082596130997,98.26898646653319,167194300
2011-02-02,99.05081939697266,99.31648633307698,98.92936569805867,98.98249445229465,118323600
2011-02-03,99.27093505859375,99.42274637719126,98.35246905247898,98.87621636427126,145886700
2011-02-04,99.55177307128906,99.58972879140443,98.85343183451299,99.30887731097806,134634800
2011-02-07,100.17420196533203,100.50059563623371,99.76429877110881,99.77189686366067,112439100
2011-02-08,100.62968444824219,100.68281320338244,99.99205830932216,100.26532334529861,99072800
2011-02-09,100.40193176269531,100.6751967173149,99.90094408214958,100.35638953400188,146436700
2011-02-10,100.43991088867188,100.55376648693995,99.66565807306392,99.89338085206175,162708500
2011-02-11,101.0395736694336,101.16861388005684,100.02242500984188,100.04519613039527,137710300
2011-02-14,101.2824478149414,101.3659457665947,100.86496963913451,100.97882521754373,101690700
2011-02-15,100.96365356445312,101.12306297713455,100.43990625412529,100.9712516589615,119575400
2011-02-16,101.60128784179688,101.72272995667079,101.10030002713249,101.30525169357921,130183500
2011-02-17,101.9048843383789,102.04151102595614,101.21412964240307,101.30522568324699,109810500
2011-02-18,102.11744689941406,102.23890059463018,101.76068390875538,101.99599320419794,130002400
2011-02-22,100.06795501708984,102.14020781133864,99.79469002139523,101.04714782856016,233116400
2011-02-23,99.45310974121094,100.2501335950487,98.83826640845226,100.00722623360993,227584000
2011-02-24,99.38478088378906,99.7719130279934,98.45113036284103,99.34683674471495,260431400
2011-02-25,100.4474868774414,100.50821371764273,99.74154749475377,99.8022743349551,141686900
2011-02-28,101.06990814208984,101.19895990560245,100.48543407187144,100.81942587340166,141585500
2011-03-01,99.38478088378906,101.47981625489008,99.35442325603776,101.38873178917613,258565500
2011-03-02,99.59735870361328,100.06039083904405,98.9445594894398,99.24818218244282,200277400
2011-03-03,101.3128433227539,101.42669893071755,100.49304819802772,100.50063471107107,176480100
2011-03-04,100.55375671386719,101.43427852976578,99.89337114317352,101.23691340200129,277202300
2011-03-07,99.76436614990234,101.07756297788326,99.24061862071264,100.84984011423306,216790400
2011-03-08,100.63726806640625,100.9560753354649,99.49107920032905,99.92374207174362,174615000
2011-03-09,100.49303436279297,100.80425509166359,99.89337560597052,100.43990561387858,153806000
2011-03-10,98.63333892822266,99.57457622818305,98.53465634066036,99.43794949075526,301291800
2011-03-11,99.31649780273438,99.6732608454564,98.29176250376854,98.31453362713687,225621800
2011-03-14,98.716796875,99.04319055925036,97.9653153764958,98.67125464765888,234974100
2011-03-15,97.58582305908203,98.17030891871238,96.02214414594695,96.09045751614096,359585400
2011-03-16,95.77923583984375,97.59341435769251,95.0960732293279,97.27459548739947,468670300
2011-03-17,97.046875,97.45677255161925,96.47757381017844,97.16073639621054,254303700
2011-03-18,97.39983367919922,98.253685271351,97.20924227333938,98.22318413205875,230435400
2011-03-21,98.90936279296875,99.11519322439104,98.49767866456169,98.61204053702198,153992600
2011-03-22,98.56625366210938,99.02367772328208,98.47477350298567,98.8940769535978,129538600
2011-03-23,98.84835815429688,99.10755974946683,97.82679071490024,98.2918227124101,148603100
2011-03-24,99.7936782836914,99.93852964652498,98.85597160953056,99.41249538477314,159129800
2011-03-25,100.0986328125,100.53317527356143,99.7860600396792,100.05289272531238,155642800
2011-03-28,99.8546371459961,100.57126262900667,99.82414764221434,100.31206113214864,109762400
2011-03-29,100.52550506591797,100.55599456439467,99.44294756201106,99.77075910992153,129798800
2011-03-30,101.21929168701172,101.51661382837109,100.90671897531226,101.05157031160113,135835000
2011-03-31,101.08208465576172,101.36416792886672,100.97535390271052,101.08971575919513,132537100
2011-04-01,101.50897216796875,101.98164673713009,101.26502123178676,101.70719466344065,153850100
2011-04-04,101.59284210205078,101.90541480971214,101.30315106599231,101.72244286632527,100768900
2011-04-05,101.57763671875,102.02742980794889,101.34892462216025,101.3946647149221,120791500
2011-04-06,101.89781951904297,102.15702110909453,101.48613545693345,102.06554093208324,120411600
2011-04-07,101.63862609863281,102.1417787454173,101.13546181906803,101.71485570800971,170731500
2011-04-08,101.28790283203125,102.14937975694642,100.86859938925055,102.08838910774405,147945400
2011-04-11,100.98299407958984,101.73772888941585,100.73903140339269,101.39466655469668,121385400
2011-04-12,100.2282485961914,100.61705102822329,99.86231621117429,100.41884007650168,161187400
2011-04-13,100.22061157226562,100.76950423726852,99.83942867840497,100.69327463816364,162059000
2011-04-14,100.29682922363281,100.44930003645842,99.31338259304685,99.64119425898305,161220400
2011-04-15,100.6627426147461,100.91432464345665,100.18246022609429,100.4797823267931,170006700
2011-04-18,99.53447723388672,100.65515589329154,98.73399081534342,99.55734727732118,210759300
2011-04-19,100.10624694824219,100.13674809326126,99.44299245380756,99.68694345006806,124258800
2011-04-20,101.47087097167969,101.69195188806184,101.23452785259859,101.30314960086159,156133800
2011-04-21,101.9892578125,102.03499788222173,101.47085484528755,101.99687727986209,135935400
2011-04-25,101.88255310058594,102.0502744875423,101.54711032667319,101.91304261058819,65757100
2011-04-26,102.75929260253906,102.96513464883141,102.0884185334955,102.19514929216926,146600000
2011-04-27,103.4301528930664,103.58262370617187,102.53818642198318,102.95748988260625,143031000
2011-04-28,103.76560974121094,103.90283000179166,103.23195600654324,103.24719494697734,124791100
2011-04-29,104.00957489013672,104.1163172843622,103.66651255926234,103.80374447128041,115094100
2011-05-02,103.84947204589844,104.58133671250428,103.64363001907468,104.49748764048701,126278700
2011-05-03,103.47587585449219,103.8265691361151,102.94984174844555,103.65122831169137,138375000
2011-05-04,102.78977966308594,103.47590421297409,102.33235554130808,103.43016412735203,182678500
2011-05-05,101.85968017578125,102.88124740720662,101.40988721112375,102.21799298024462,226900000
2011-05-06,102.30947875976562,103.39966780399223,101.9130453225216,102.87363358842913,222787200
2011-05-09,102.7059097290039,103.00323189159786,102.14175491389695,102.30185683196028,114104500
2011-05-10,103.58262634277344,103.7655983028238,102.91937189085456,103.04897266693195,114806900
2011-05-11,102.49246978759766,103.44542712847792,102.01980666901066,103.43017655384541,193564200
2011-05-12,102.98037719726562,103.19383869797562,101.69197708976499,102.21801137107867,171550700
2011-05-13,102.1875,103.17857780144334,101.82156769721934,103.03372644771525,157444900
2011-05-16,101.53949737548828,102.62205535811353,101.37177597776538,101.82156898403211,141675400
2011-05-17,101.52427673339844,101.66150865961909,100.7237901233263,101.15834431811297,192686200
2011-05-18,102.43147277832031,102.53820352857791,101.35653417251056,101.57762677625945,135217900
2011-05-19,102.6754379272461,102.9422706560107,102.11129458370401,102.76692974918932,119489500
2011-05-20,101.85968017578125,102.67540541399256,101.6690887535253,102.40858440250057,182594900
2011-05-23,100.67801666259766,101.18118083736405,100.3197038380923,100.617026008131,168700000
2011-05-24,100.59417724609375,101.18882171195989,100.40358577286023,100.96774072143236,147199600
2011-05-25,100.92958068847656,101.34888409241357,100.15959562508372,100.19008513047196,151050100
2011-05-26,101.39462280273438,101.57759473092952,100.46453585843311,100.65512725467885,164850000
2011-05-27,101.78346252441406,102.05791470133036,101.36417060457465,101.6767317685455,120921900
2011-05-31,102.84313201904297,102.85838259077556,102.0350262088828,102.74403238472566,164731200
2011-06-01,100.5331802368164,102.85839839014024,100.44931952857262,102.54582560188793,233094300
2011-06-02,100.42646789550781,100.81528199263927,99.8394544629609,100.60182044757099,200466800
2011-06-03,99.42774963378906,100.19011545981056,99.1685480448088,99.22190760358505,234690200
2011-06-06,98.37567138671875,99.3819997617324,98.24607060498727,99.17615775179267,179951200
2011-06-07,98.31470489501953,99.1609314517701,98.23084418641255,98.8788481776668,161660500
2011-06-08,97.90301513671875,98.49004006287477,97.72004315599014,98.1622167181667,198696400
2011-06-09,98.65010833740234,99.05416119259918,97.9334944133311,98.16982589850927,160964400
2011-06-10,97.27788543701172,98.29182764021031,97.01868382884685,98.23084860646108,238629400
2011-06-13,97.35411834716797,97.76580242741203,96.85858518948963,97.49896972233607,207599800
2011-06-14,98.58912658691406,98.93218878596534,98.20794378068462,98.24605275508671,160570400
2011-06-15,96.83570861816406,98.57390765827276,96.57650701859437,97.76580171092031,300958000
2011-06-16,97.04916381835938,97.55994748290915,96.30204281247124,96.86619184769953,308032800
2011-06-17,97.33878326416016,98.02065225757477,97.0093404817623,98.01298916629314,233284900
2011-06-20,97.83678436279297,98.04364693454777,96.97870508803726,97.00935161145377,159479000
2011-06-21,99.17753601074219,99.3690723922579,97.87509095452599,98.34244019304242,193157300
2011-06-22,98.5799331665039,99.45333850761412,98.51864012794947,98.87107217702457,176703000
2011-06-23,98.29644012451172,98.55692670966431,96.67987314302509,97.42303498748025,334286500
2011-06-24,97.1549072265625,98.35009231446386,97.00934355895028,98.27348478012158,226129300
2011-06-27,98.02064514160156,98.39604890875812,97.02465377543201,97.21619012698572,168904700
2011-06-28,99.3000717163086,99.31539789238028,98.27344003800042,98.41134055130433,165556300
2011-06-29,100.15052795410156,100.31141194198048,99.31543227105092,99.75212907145908,244295500
2011-06-30,101.10818481445312,101.26906876272245,100.1428460534925,100.4722828840571,223322700
2011-07-01,102.60216522216797,102.74007743913788,100.96261493875882,101.20011808362281,202385700
2011-07-05,102.51791381835938,102.72477634911026,102.19613415410858,102.4949303916594,165936000
2011-07-06,102.64051055908203,102.77075388740678,101.98162498079358,102.2727640031973,143331600
2011-07-07,103.70547485351562,103.9659615668018,103.33772821767312,103.55224806278581,170464200
2011-07-08,102.96992492675781,103.7054295677195,102.19612237267857,102.53322817935062,194100500
2011-07-11,101.10818481445312,102.03521397662877,100.87068166861387,101.7057771460642,195918600
2011-07-12,100.6714859008789,101.72877013646759,100.64084523323761,100.89367458046314,214675700
2011-07-13,101.00862121582031,102.06590576038859,100.76346073169668,101.20015759328832,204062600
2011-07-14,100.31138610839844,101.72875941423975,100.11984980709276,101.26141037143596,226111800
2011-07-15,100.89368438720703,101.03158494067056,100.18883205845356,100.87070096162978,220012800
2011-07-18,100.06623840332031,100.57955435301916,99.31541928037494,100.42632763064556,196872100
2011-07-19,101.69046783447266,101.81305389473692,100.60254285314018,100.62552627813346,166554900
2011-07-20,101.62916564941406,102.01223828539445,101.45295551018884,101.95095695123278,137145400
2011-07-21,103.03889465332031,103.291724027375,101.64450447346432,102.20378731824862,245246300
2011-07-22,103.10783386230469,103.21509373459104,102.47958911716374,103.06186701567474,126019400
2011-07-25,102.53323364257812,103.03889237952896,102.01991766068573,102.12717754211921,136653800
2011-07-26,102.15011596679688,102.6327910658379,101.92027012485138,102.46423822777422,131278200
2011-07-27,100.05858612060547,101.61386022619781,99.92833112515672,101.58320786593336,249020100
2011-07-28,99.76747131347656,100.95499921665909,99.60657560924544,100.0586103542505,207939900
2011-07-29,99.08558654785156,100.02028487639853,98.04362833031318,98.76380688087737,307038400
2011-08-01,98.66419219970703,100.33439505645617,97.70651056110881,100.24244966964496,325790900
2011-08-02,96.14356994628906,98.44966888524446,96.14356994628906,97.92102676939656,346653800
2011-08-03,96.66458129882812,96.7718412067211,94.64195754252265,96.27385128231512,370830800
2011-08-04,92.13666534423828,95.47706040494661,91.98343272732751,95.32382778803583,520721800
2011-08-05,91.99872589111328,93.52335334948403,89.53173717396368,93.28585018505115,655619200
2011-08-08,86.00749206542969,92.02939592490688,85.8236129441384,89.57006966859002,702263900
2011-08-09,90.00675201416016,90.12933222209615,84.48283928201795,87.39419374711323,717828700
2011-08-10,86.03045654296875,89.08737465702049,85.76996410113533,88.30590902196977,662607400
2011-08-11,89.89185333251953,91.11002187743026,86.05346272314993,86.77364136694447,487979700
2011-08-12,90.49710845947266,91.33220424779688,89.85354320070033,90.711628263988,313731600
2011-08-15,92.4124755859375,92.50440930824739,91.17131772771563,91.31688724834162,258810600
2011-08-16,91.6233139038086,92.46607841258704,90.64264885202073,91.53138020846897,294095200
2011-08-17,91.68461608886719,92.85681758333226,90.95678031701219,92.12898181147726,238201100
2011-08-18,87.73133850097656,91.71529347398882,86.87325328353403,89.25596668144664,512956300
2011-08-19,86.29862213134766,88.78093172711206,86.1913622370707,86.54378843901296,428281300
2011-08-22,86.3675765991211,88.2829401675417,86.12241029617229,88.2369674671461,275090600
2011-08-23,89.20999145507812,89.30958827424202,86.2526691066924,86.68937184491377,331136600
2011-08-24,90.46646118164062,90.58904142095602,88.81158411168595,89.0184466680434,246869700
2011-08-25,89.0873794555664,91.47775502750571,88.7732629047822,90.96443905108696,312365400
2011-08-26,90.3822021484375,90.79592149575042,87.22568000517634,88.63539102326784,314495900
2011-08-29,92.97940063476562,93.03303057573991,90.45111862832036,91.6003366593909,190977200
2011-08-30,93.2245864868164,93.79919562299125,91.37051574361324,92.57336396819686,241315700
2011-08-31,93.63831329345703,94.62664178855226,92.9334607659436,93.82218659515034,301828400
2011-09-01,92.65763092041016,94.54234799195187,92.53504484491519,93.69192609018934,254585900
2011-09-02,90.29023742675781,92.60399989023547,89.96845775018697,90.72694008645415,255517200
2011-09-06,89.63134002685547,89.7615891746098,87.63170025894016,87.639363348861,285130500
2011-09-07,92.1596450805664,92.19794884933842,90.68098399671379,90.98744337302199,209803200
2011-09-08,91.20195770263672,92.65763526871064,90.9950951518376,91.60801386762434,250568200
2011-09-09,88.8115463256836,91.21724168163028,88.3212138865877,90.1599634558092,380195100
2011-09-12,89.38618469238281,89.45514081965683,87.37888743418847,87.70066710753213,305793500
2011-09-13,90.2059555053711,90.54306134342004,89.04141709836851,89.67731916733342,272514700
2011-09-14,91.45475006103516,92.55033787613051,89.42446421338272,90.66561563445633,319389500
2011-09-15,93.03304290771484,93.06368942736609,91.47776856807634,92.43545038758043,326777200
2011-09-16,93.58366394042969,93.93021659290307,92.65953528476744,93.40654212123667,284528300
2011-09-19,92.65181732177734,93.12928704483457,91.42734676047763,92.05113320676497,241517000
2011-09-20,92.54400634765625,93.94560463239411,92.42079195061227,93.04457842266248,218932200
2011-09-21,89.81782531738281,92.87515948996388,89.67150857865052,92.59022287342925,316251300
2011-09-22,86.9145278930664,87.95417417518625,85.7131593782139,87.21487002177955,513911300
2011-09-23,87.43819427490234,87.91566406677724,86.2676250675531,86.33693794683383,307242500
2011-09-26,89.51747131347656,89.64069157755222,87.00692012532366,88.26219571940011,260673700
2011-09-27,90.51863861083984,92.07425665324776,89.97955863044602,91.28104509508395,311753900
2011-09-28,88.6703872680664,91.25025233339882,88.53947009284364,90.70347541734975,286696800
2011-09-29,89.37117767333984,90.5879457802432,87.73854400552125,90.14128689628816,298108900
2011-09-30,87.13783264160156,88.90907977803667,87.07622251282157,88.13897079468263,288392300
2011-10-03,84.65811920166016,87.7539561347468,84.56570396654267,86.62959721375641,365136800
2011-10-04,86.51406860351562,86.69889905017475,82.732835316489,83.44133440228075,459177500
2011-10-05,88.11589050292969,88.34692560590359,85.92878326343481,86.72969751148648,284108000
2011-10-06,89.71001434326172,89.84093736572876,87.4150923382581,88.06968394872692,257800800
2011-10-07,89.10933685302734,90.29530575304881,88.60876468655243,90.23369560553591,312657900
2011-10-10,92.08967590332031,92.12817784487898,90.61876424982903,90.62646698832795,230666300
2011-10-11,92.18207550048828,92.44391570250848,91.45047405820954,91.54288928400503,209088000
2011-10-12,92.9906997680664,94.06115124566966,92.66725526594193,92.87518219574544,281544900
2011-10-13,92.80583190917969,93.08307160330666,91.73538093064808,92.44387975987698,212538800
2011-10-14,94.39225769042969,94.41536001981567,93.36031447475433,93.88398881754242,211397600
2011-10-17,92.59024047851562,94.37689375686696,92.35920534642734,93.94562856866665,202311600
2011-10-18,94.39999389648438,95.1084930010358,91.79702085405167,92.52092543396618,318857900
2011-10-19,93.28330993652344,94.78502615478409,92.95986553583934,94.24594627817797,226601300
2011-10-20,93.69147491455078,94.030318919575,92.27447113060907,93.5143472382583,262075600
2011-10-21,95.47045135498047,95.58596892567162,94.50781472500037,94.79275140717515,278999400
2011-10-24,96.64097595214844,96.87971373545719,95.53971985639105,95.62443231571588,203215600
2011-10-25,94.76193237304688,96.22513504401407,94.55399961422674,96.1789303755947,268596800
2011-10-26,95.72456359863281,96.0865099406891,94.11503252239883,95.76306552840076,289053800
2011-10-27,99.05915069580078,99.6675317967033,97.50352681306698,98.28903561613961,393220200
2011-10-28,99.0360107421875,99.22853797010706,98.41992126265906,98.57394069480881,225906500
2011-10-31,96.64865112304688,99.05138673728324,96.51003130872834,97.92703450792487,228146700
2011-11-01,93.95332336425781,95.11618991332324,93.58366835925854,93.97642570042021,416565800
2011-11-02,95.48582458496094,95.80157213261701,94.56169602558926,95.36261018559556,244717600
2011-11-03,97.22627258300781,97.41879985544941,95.18548232003363,96.47156308983166,291174800
2011-11-04,96.63330841064453,96.80272750522981,95.50124690662817,96.44078110385175,249401600
2011-11-07,97.2339859008789,97.3340979782758,95.6475570079943,96.56398880469948,196617200
2011-11-08,98.48152923583984,98.58934989298123,96.81039424438993,97.74222535771635,224426300
2011-11-09,94.84663391113281,96.87972134366132,94.61559884474583,96.17891928429574,337982000
2011-11-10,95.73995971679688,96.21742945720695,94.73881557174757,96.10191192116802,231866500
2011-11-11,97.54202270507812,97.79615424605572,96.87202566412611,96.90283073358593,189924400
2011-11-14,96.61791229248047,98.15042815783173,96.20205256447942,97.18009466796364,159258300
2011-11-15,97.09535217285156,97.61132383547957,96.04800337605886,96.39455010457834,184709400
2011-11-16,95.5551528930664,97.29559549019207,95.41653299922332,96.1173293302594,235782500
2011-11-17,94.03801727294922,95.61674318751167,93.36032341901887,95.37800538489901,331219600
2011-11-18,93.93793487548828,94.53091645050154,93.5451774878746,94.3383891257551,215580400
2011-11-21,92.15126037597656,92.68263167493883,91.37344851748054,92.56711413152397,229611600
2011-11-22,91.789306640625,92.49010287502124,91.27332907191033,91.9510288485626,216494900
2011-11-23,89.76390075683594,91.78929113291328,89.76390075683594,90.92676696083585,224329100
2011-11-25,89.59449005126953,90.6418388993817,89.48667524709323,89.6252951203865,99557000
2011-11-28,92.18975830078125,92.55171051253524,91.50436168189367,92.05884116581757,210686000
2011-11-29,92.45159912109375,93.18320041049382,92.11274923945189,92.45159912109375,199241500
2011-11-30,96.25594329833984,96.43307099224985,92.41310019374718,95.100779545918,324439500
2011-12-01,96.24054718017578,96.7565189314694,95.8246875092107,96.14813196147236,176954800
2011-12-02,96.15583801269531,97.41881666783783,96.09422786476956,97.12617727839113,221109700
2011-12-05,97.20318603515625,97.94249017633122,96.60250178766827,97.6806499880482,225263900
2011-12-06,97.2339859008789,97.88857752332545,96.84893131409073,97.1954780920134,178842100
2011-12-07,97.5959701538086,98.00412720956221,96.24057591875597,96.91056735915582,237802500
2011-12-08,95.45500946044922,97.17235513833428,95.22398028267735,96.95672555556101,240862800
2011-12-09,97.07225036621094,97.31868503293865,95.80156922898811,95.8862816965007,209111400
2011-12-12,95.65528106689453,96.24056581440608,94.84666977967596,96.22516033723925,215826100
2011-12-13,94.76193237304688,96.70260482772466,94.29986218698726,96.15582804138502,245159800
2011-12-14,93.75309753417969,94.74653916203279,93.54517062391614,94.38458687799321,238618800
2011-12-15,94.0919418334961,94.87745062847111,93.94561920605817,94.74653347521975,199109200
2011-12-16,94.2314224243164,95.28541367253746,94.0066795945703,94.72742352294603,220481400
2011-12-19,93.22392272949219,94.79715781056123,93.02242286356008,94.59565794462912,183903000
2011-12-20,96.0449447631836,96.2076926887773,93.28596979319866,94.68870613717148,225418100
2011-12-21,96.23089599609375,96.37814658357537,95.13040716525316,96.0448992995627,194230900
2011-12-22,97.08341217041016,97.1841650877924,96.27742430773164,96.58741691057881,119465400
2011-12-23,97.951416015625,97.98241646136236,97.19192578961605,97.39341981781327,92187200
2011-12-27,98.02890014648438,98.28464935267425,97.69565279340566,97.78090252880227,86075700
2011-12-28,96.742431640625,98.05991811136282,96.66493347988701,98.04442084430748,119107100
2011-12-29,97.74214172363281,97.84288870817574,96.76564866393174,97.06014394294628,123507200
2011-12-30,97.26164245605469,97.9048882037034,97.26164245605469,97.66463630128396,95599000
2012-01-03,98.81163787841797,99.49363571223529,98.75738858824879,99.01313777593029,193697900
2012-01-04,98.96661376953125,99.05186348119325,98.19937227730121,98.57911723024142,127186500
2012-01-05,99.23011779785156,99.37736838853606,97.98238426511806,98.43188171151287,173895000
2012-01-06,98.97437286376953,99.36962101939129,98.64887716512969,99.35411784551601,148050000
2012-01-09,99.21464538574219,99.33863532615395,98.74189900063575,99.1991422086435,99530200
2012-01-10,100.07489013671875,100.47787814452329,99.93538519135606,100.27638414062102,115282000
2012-01-11,100.12911987304688,100.26086729904212,99.60213016906593,99.7648721201068,111540700
2012-01-12,100.36936950683594,100.5166201134113,99.61762512360461,100.41587903427417,118983700
2012-01-13,99.85015869140625,100.01291252796261,98.98216976433825,99.69516235806728,179836200
2012-01-17,100.23764038085938,100.99714240342183,99.89664140345752,100.81113973607707,132209200
2012-01-18,101.34587097167969,101.40011435013288,100.03613048247905,100.21437561948039,163395200
2012-01-19,101.8806381225586,101.96588787004173,101.3691396376598,101.69463544837879,126328900
2012-01-20,102.26036071777344,102.26036071777344,101.46211858707387,101.71012211237729,138230200
2012-01-23,101.99687957763672,102.49287486958262,101.50862996235257,101.91937550917682,129295800
2012-01-24,101.8806381225586,101.91163265552478,101.21414332190707,101.3691396376598,103083300
2012-01-25,102.7331314086914,102.97337748978617,101.33039513484505,101.72563754321436,198613200
2012-01-26,102.20609283447266,103.38407382087594,101.80309311519989,103.19032554772929,184880500
2012-01-27,102.15959930419922,102.33784441163027,101.64034350460406,101.7101018731263,135259100
2012-01-30,101.81086730957031,101.865122517469,100.7956279659525,101.14437259022023,147311800
2012-01-31,101.77212524414062,102.4386081258485,101.27611818256584,102.31461818591403,157212000
2012-02-01,102.66334533691406,103.18258933751562,102.39985049937724,102.52384041821637,166234500
2012-02-02,102.82608795166016,103.0895946163779,102.46185204177497,102.8648399751884,113090400
2012-02-03,104.26753234863281,104.32953319539742,103.67079637124668,103.8490414147872,160598500
2012-02-06,104.19780731201172,104.24430500030805,103.71731543234317,103.83355965308401,107694500
2012-02-07,104.46133422851562,104.6395911890902,103.57009672747655,103.98084220104674,135528100
2012-02-08,104.77135467529297,104.79460353015486,104.08935673145021,104.51560544635194,139361400
2012-02-09,104.90306854248047,105.08131364784184,104.28307168525288,104.94182056333028,148602900
2012-02-10,104.1280746459961,104.21332436104343,103.72507491800354,103.97307838921631,167907500
2012-02-13,104.90306854248047,105.02707027901728,104.4225765952209,104.8720740210745,115841900
2012-02-14,104.77135467529297,104.83335556341143,104.04285902172643,104.62410404419417,165329500
2012-02-15,104.28308868408203,105.26733341191458,104.07383719774884,105.11233712870639,195195100
2012-02-16,105.43785858154297,105.53085400905265,104.10486893508492,104.29087161556556,186567800
2012-02-17,105.71684265136719,105.88734212946845,105.3680980190545,105.80209239041783,129869400
2012-02-21,105.76332092285156,106.21281838929089,105.43782520414533,105.9648148938247,134042300
2012-02-22,105.42235565185547,105.82535554778875,105.23635297093365,105.6006008301589,124455300
2012-02-23,105.8873291015625,105.96482132950896,105.0115829650139,105.36808505503403,137704300
2012-02-24,106.11981964111328,106.32907112894274,105.88733112736774,106.11981964111328,105539100
2012-02-27,106.29805755615234,106.58480122203311,105.24406645600857,105.4145658858448,145728900
2012-02-28,106.60808563232422,106.73208740910803,106.11983602715067,106.32908754729081,129355900
2012-02-29,106.18956756591797,107.09630815662885,105.81756232963352,106.76305494397286,185934700
2012-03-01,106.73979949951172,106.9413052797459,106.11980263613745,106.41430380696796,145023500
2012-03-02,106.414306640625,106.80956071209764,106.174060658216,106.67005579703172,120638300
2012-03-05,105.98033905029297,106.32908368756027,105.61609123512537,106.25159144897859,140765000
2012-03-06,104.43032836914062,104.95731804201964,104.12808150958774,104.89532899558682,202129900
2012-03-07,105.1588363647461,105.32933582639917,104.56983392432326,104.67058683133423,143692200
2012-03-08,106.20508575439453,106.42209477646342,105.58510052149018,105.80209771809876,116968900
2012-03-09,106.61578369140625,106.89476979543261,106.2747849081024,106.40653228793276,122836800
2012-03-12,106.62352752685547,106.76302057646569,106.24377673827178,106.60027868525377,104003500
2012-03-13,108.54552459716797,108.59977978683973,107.0187873439503,107.19704425962426,184090500
2012-03-14,108.4292984008789,108.84778951390875,108.09604518501256,108.57654899681118,145163600
2012-03-15,109.05702209472656,109.10351978529242,108.31302356930658,108.59202153815716,165118500
2012-03-16,109.20803833007812,109.34814272500533,108.97451912791944,109.25473979505387,152893500
2012-03-19,109.63618469238281,109.97088653388418,109.0601720874399,109.13801580174791,125291100
2012-03-20,109.31705474853516,109.44937957635264,108.6943405938235,109.01348323123986,121729700
2012-03-21,109.13800811767578,109.48048955558158,108.9122684884461,109.379306986845,122388400
2012-03-22,108.35183715820312,108.62427828725431,107.99378456964364,108.33626603952729,135216700
2012-03-23,108.70211791992188,108.82666312369128,107.84589636789708,108.4452597684135,120521000
2012-03-26,110.22774505615234,110.22774505615234,109.4415758835813,109.48048585939888,120164000
2012-03-27,109.88521575927734,110.39895554643812,109.81516357301308,110.32890336017385,119868500
2012-03-28,109.34042358398438,110.00205970984548,108.69435858082107,109.83081299202935,148562100
2012-03-29,109.15357208251953,109.35596098331827,108.26620839897646,108.69432506149349,164963700
2012-03-30,109.60501098632812,109.79182872065896,109.01343931020023,109.69063429656978,135486800
2012-04-02,110.40678405761719,110.69479630193653,109.25477071218995,109.4727188619388,151741100
2012-04-03,109.95533752441406,110.43794727105286,109.30927257305882,110.25112944551988,155806700
2012-04-04,108.86553192138672,109.23915547329928,108.46076614506894,109.14575255464078,146896000
2012-04-05,108.81106567382812,109.13020822727954,108.39852017879345,108.49193499765818,137439400
2012-04-09,107.58903503417969,108.85002266172269,107.2932431206433,107.44113907741149,127555900
2012-04-10,105.78311920166016,107.68239131868633,105.67414515612326,107.37881991488494,235360300
2012-04-11,106.6393814086914,107.05970659115893,106.44478399736168,106.8651091798292,154133000
2012-04-12,108.03268432617188,108.11830765486025,106.66272294444018,106.74056665316866,154321500
2012-04-13,106.74833679199219,108.05603734333306,106.64714235508949,107.78359626426332,169246700
2012-04-16,106.67828369140625,107.44888169740916,106.31243967505449,107.29320617236785,147825300
2012-04-17,108.25843048095703,108.47637862579589,107.18424899762043,107.29322307003987,147877600
2012-04-18,107.89253997802734,108.25838389456396,107.71351376693858,107.77578633542119,123884200
2012-04-19,107.19979858398438,108.31288982317672,106.69385018022072,107.90813585107807,198666700
2012-04-20,107.37883758544922,108.06382419999318,107.3165649952832,107.67462941941722,143199600
2012-04-23,106.47590637207031,106.56932119905571,105.81428234953738,106.2813089753343,171844900
2012-04-24,106.88066864013672,107.15310973719461,106.48369424014693,106.5693175668838,137484200
2012-04-25,108.3440170288086,108.39071849009139,107.83027720013982,107.92368012270539,150252200
2012-04-26,109.09907531738281,109.22362048809792,108.04824474005603,108.1105173254136,136291600
2012-04-27,109.27808380126953,109.58943480013019,108.8188369209023,109.42597968277609,130725000
2012-04-30,108.87334442138672,109.13800589965129,108.57756446387549,109.06016219240604,115092200
2012-05-01,109.5505599975586,110.26667702662594,108.68654703951198,108.81108035266229,138832200
2012-05-02,109.22366333007812,109.33263742787763,108.55424762151374,108.91230028116104,121081000
2012-05-03,108.39071655273438,109.32478139353198,108.18833959836654,109.23915809028426,143759700
2012-05-04,106.6393814086914,108.42967996838159,106.57710881179189,107.82253699521551,193927300
2012-05-07,106.71720123291016,107.07525373831945,106.21903244652452,106.25794241825281,127765900
2012-05-08,106.28910827636719,106.46035494825034,105.02032935576477,106.07893974682271,213377700
2012-05-09,105.6585922241211,106.33578727056243,104.68560537473716,105.16042343232776,220752500
2012-05-10,105.87655639648438,106.52262118779859,105.63525752158154,106.39028450419121,150600000
2012-05-11,105.5573959350586,106.53816238617183,105.16820120214815,105.21490266973251,153032400
2012-05-14,104.38985443115234,105.55743910741877,104.23417884977393,104.54553001253076,163910000
2012-05-15,103.79049682617188,104.93473082363825,103.62704161355451,104.31980808545782,207629300
2012-05-16,103.39350891113281,104.73234019238294,103.37015816949464,104.25752198359906,207265500
2012-05-17,101.86004638671875,103.54137049027786,101.80555342279492,103.41682532469257,247992900
2012-05-18,100.98827362060547,102.43607878955603,100.84037769237284,102.25704062523073,319615900
2012-05-21,102.7240982055664,102.76302006926146,101.15174755511124,101.31521463171636,177861100
2012-05-22,102.90312957763672,103.70487012451655,102.2337138719881,102.98875293105523,197531200
2012-05-23,102.95759582519531,103.10549174971504,101.18286848552393,102.16363510672673,204958400
2012-05-24,103.15996551513672,103.40126437387708,102.29595264453873,103.23780922059962,167357600
2012-05-25,102.82530212402344,103.4090945012364,102.57621167531515,103.12108218525664,135465600
2012-05-29,104.0706787109375,104.24970497879053,102.10135413270885,103.6503535870039,152883500
2012-05-30,102.56060028076172,104.06289825107542,102.35044365913282,103.18331428072675,162370400
2012-05-31,102.33490753173828,103.0977262069344,101.455323260655,102.52172535878631,196186000
2012-06-01,99.75841522216797,102.35823366782179,99.75841522216797,100.73140223421952,253240900
2012-06-04,99.71171569824219,100.20988458307507,98.96445643235133,99.93744346345328,202545800
2012-06-05,100.46676635742188,100.61465042656087,99.46263697238057,99.5171240149615,164149400
2012-06-06,102.7240982055664,102.77079969108637,101.13617643417618,101.1673186760463,184202800
2012-06-07,102.78633117675781,103.938344258737,102.57616269567545,103.89164279122551,184772700
2012-06-08,103.60366821289062,103.62701895244392,102.19477295523478,102.5217070635481,143915400
2012-06-11,102.28817749023438,104.49880104541455,102.1869830441714,104.43652845378213,169756100
2012-06-12,103.46353912353516,103.53359133354562,102.09357777066349,102.58395511801888,181931800
2012-06-13,102.80191802978516,103.80603536684599,102.45163321526205,103.15997058704183,172223900
2012-06-14,103.89166259765625,104.30420814236507,102.73185779846034,103.01207853423264,230615500
2012-06-15,104.95417022705078,105.04805712143737,104.14045595178297,104.35953333123284,169444500
2012-06-18,105.15760040283203,105.41580131249115,104.28129084676883,104.5160200318064,131360900
2012-06-19,106.17473602294922,106.60507080662998,105.13411261471045,105.68963786979297,137382600
2012-06-20,106.00264739990234,106.48775769914607,105.05592241012978,106.18261325649182,206451800
2012-06-21,103.62407684326172,106.23736611231708,103.53800985828927,106.1278273986089,205272200
2012-06-22,104.42216491699219,104.61777064092428,103.76492061107265,104.1639639287427,130029200
2012-06-25,102.74777221679688,103.35806107176708,102.38003252997831,103.31893754233053,146375700
2012-06-26,103.26416015625,103.57713644668266,102.4426138097483,103.04508272235951,141634000
2012-06-27,104.19523620605469,104.39866182311957,103.25633129362828,103.60841914343521,108088000
2012-06-28,103.89793395996094,104.05442809451927,102.71647965253364,103.50672250121764,169242100
2012-06-29,106.48775482177734,106.62076527381973,105.50972625779639,105.78356709241591,212250900
2012-07-02,106.80855560302734,106.91809434154737,106.03396450164537,106.78508386897498,129524500
2012-07-03,107.51274108886719,107.59097622105435,106.67554279655941,106.78508153268291,80450000
2012-07-05,107.02759552001953,107.81785008520885,106.63638417133504,107.11366249428303,126177500
2012-07-06,106.01046752929688,106.22954495418038,105.50971742401684,105.99481573071256,151192100
2012-07-09,105.87741088867188,106.07301649973832,105.39230085483018,105.92435432511678,103780500
2012-07-10,104.95417022705078,106.58943064466648,104.59425056719928,106.41729671240991,167884800
2012-07-11,104.96983337402344,105.31410127576636,104.35954461686936,105.00895689718932,141733400
2012-07-12,104.46123504638672,105.02458026280573,103.7492395673976,104.35952822871467,143583200
2012-07-13,106.21388244628906,106.32342114768626,104.719452211009,104.73510400801518,129642600
2012-07-16,105.96348571777344,106.27646191731638,105.54880269984764,105.97131758452531,97525200
2012-07-17,106.69120025634766,106.91027774021228,105.27501654321289,106.38605576533423,138860300
2012-07-18,107.48137664794922,107.69263406904888,106.37816997958448,106.44075327437989,113349700
2012-07-19,107.76305389404297,108.11514165190152,107.35620276616315,107.70045865771824,129847300
2012-07-20,106.77722930908203,107.31710289485792,106.65987067687998,107.15278887095182,142904500
2012-07-23,105.69745635986328,106.70678810593637,104.71942820062517,105.21235821330369,145210900
2012-07-24,104.78988647460938,105.82269036630666,104.08571068577956,105.77574690556136,173301200
2012-07-25,104.81333923339844,105.28278564123255,104.25781392114979,105.00894488803475,129122300
2012-07-26,106.54251861572266,106.76942792916572,105.83051095313627,106.3234411716692,156526500
2012-07-27,108.50634765625,108.81150389557378,106.51899973942393,107.10581662030195,236768900
2012-07-30,108.50634765625,109.02274937673945,108.18556350153989,108.38116912849924,106782000
2012-07-31,107.74744415283203,108.65504548614969,107.74744415283203,108.3577329540387,120575900
2012-08-01,107.65352630615234,108.54548762273768,107.50486409691781,108.5220158990503,138293800
2012-08-02,106.91024780273438,107.63790719374396,106.08088156908569,106.83983261810174,199556600
2012-08-03,109.03058624267578,109.25748352727305,106.9415075447858,108.41246574739881,157825000
2012-08-06,109.24183654785156,109.67217135362574,109.19489310337093,109.32008358119998,86326200
2012-08-07,109.78958892822266,110.25903551292117,109.5626795976161,109.68003825908418,109545100
2012-08-08,109.92256164550781,110.04774019514777,109.39050803895516,109.42181163048173,89754700
2012-08-09,110.01648712158203,110.23556458380278,109.65656732574722,109.7661060568576,90291700
2012-08-10,110.19639587402344,110.23551939170086,109.39050155291841,109.57045540764888,99792700
2012-08-13,110.14163970947266,110.19640308674838,109.57046257940391,110.00862929172055,79426900
2012-08-14,110.15731048583984,110.61894905210926,109.82869431348188,110.54852192038392,102379400
2012-08-15,110.28247833251953,110.47026408046298,109.96951402477019,110.03992920319034,71085900
2012-08-16,111.09622192382812,111.22923237226213,110.16513684596516,110.43897767315579,112014200
2012-08-17,111.24488067626953,111.33877954139236,110.99451155986894,111.2840042085019,90813700
2012-08-20,111.25269317626953,111.27616490375722,110.78323474886835,111.088379145032,78255700
2012-08-21,110.91625213623047,111.95687589576227,110.67370297777278,111.52654096680934,105581100
2012-08-22,110.96319580078125,111.14314968338059,110.37637876120566,110.63456775245447,133243500
2012-08-23,110.05561828613281,110.69719891602794,109.88348427690622,110.68937898427295,111466400
2012-08-24,110.72067260742188,110.97105369393297,109.71135220713889,109.78176741065988,99481200
2012-08-27,110.74408721923828,111.16660210008236,110.58760509029725,111.01793989900096,68785900
2012-08-28,110.63459014892578,110.9788581253809,110.29815404209735,110.46245616069824,75689600
2012-08-29,110.72067260742188,111.01799716294697,110.41552812000354,110.72850447814241,65421300
2012-08-30,109.92256164550781,110.27464944783799,109.68783246434701,110.24334585631144,96589900
2012-08-31,110.4468002319336,110.9632021214931,109.82085963296669,110.54850707285368,151970400
2012-09-04,110.3451156616211,110.68156376263704,109.64093973123812,110.35293559370886,120226200
2012-09-05,110.2511978149414,110.68935266558248,110.03212038962087,110.39202818600849,100660300
2012-09-06,112.48897552490234,112.49679545813905,110.90847747654426,110.91629740978097,158272500
2012-09-07,112.92707824707031,112.9740217024018,112.57499039326032,112.67669723353727,107272100
2012-09-10,112.28550720214844,113.01316671460333,112.24639560781871,112.8175609876503,86458500
2012-09-11,112.59848022460938,112.95838806589964,112.3246274393803,112.35593104051686,88760000
2012-09-12,112.97400665283203,113.09919714292158,112.59061525399107,112.97400665283202,87640900
2012-09-13,114.69537353515625,115.04746146310292,112.66108109656084,112.95839368920456,225470200
2012-09-14,115.20391845703125,115.88462236085675,114.82834697873494,114.92224581772027,169777000
2012-09-17,114.81272888183594,115.16481676300063,114.52322432009294,114.9692110580397,119427800
2012-09-18,114.71879577636719,114.86745797796713,114.42930323987541,114.61708895855239,98326600
2012-09-19,114.78141021728516,115.14914984944878,114.55451288239556,114.85182539651058,128318300
2012-09-20,114.78926849365234,114.85185181925735,113.94425033207351,114.25721471540228,154009800
2012-09-21,114.7412109375,115.37049264028366,114.69401691023751,115.34689562665241,108737500
2012-09-24,114.56824493408203,114.82782428316075,114.08841862261396,114.17494507230687,95682000
2012-09-25,113.34900665283203,115.0323293091827,113.317535947541,114.81208238237475,133165200
2012-09-26,112.71183013916016,113.3568474507016,112.44438920622815,113.3253887537617,146502200
2012-09-27,113.77371978759766,114.03329899123597,112.88485875718943,113.18377032547946,111830300
2012-09-28,113.2467269897461,113.71081779780008,112.84556557978415,113.34111508560645,150696100
2012-10-01,113.54566192626953,114.59970255481969,113.27820892886601,113.67938242369235,135911200
2012-10-02,113.66366577148438,114.17495081649133,113.13664537049817,113.99403623168946,113422200
2012-10-03,114.12769317626953,114.3951340661395,113.37256454574806,113.97037571179033,121283100
2012-10-04,114.94580841064453,115.11098761242886,114.40305274252309,114.5603702688846,124311600
2012-10-05,114.95362854003906,115.75596323783182,114.60752290559695,115.55931340031276,124842100
2012-10-08,114.56034851074219,114.9379129028116,114.30076924039584,114.52888981246791,78415400
2012-10-09,113.42764282226562,114.56820966983375,113.38831044768281,114.47382157287946,148872900
2012-10-10,112.7040023803711,113.52207277764288,112.55454651918343,113.41193729882357,124247500
2012-10-11,112.76689910888672,113.65576033984478,112.7433020852821,113.49056917205722,123601500
2012-10-12,112.3971939086914,113.2309873977033,112.1533500018168,112.84556135234213,124181900
2012-10-15,113.33329010009766,113.45127525811729,112.30284637819506,112.6646755311615,107689100
2012-10-16,114.48165893554688,114.56032366800731,113.7894597006176,113.86811243052503,108815500
2012-10-17,115.00086212158203,115.09526223778536,114.38731537777001,114.56036825449213,128834100
2012-10-18,114.70191955566406,115.25253668372362,114.31648156474577,114.70191955566406,148108500
2012-10-19,112.7905044555664,114.49742397007104,112.52306349994215,114.48956229580777,185645200
2012-10-22,112.8062515258789,113.01076310097505,111.91739013698755,112.60172794822539,125578600
2012-10-23,111.24089813232422,111.74432132444998,110.77680731510239,111.58700382738986,192056300
2012-10-24,110.92625427246094,111.77578309175406,110.75320143875929,111.64205062725803,120179400
2012-10-25,111.24876403808594,111.91737842921951,110.57229997525091,111.71286687551748,134457400
2012-10-26,111.185791015625,111.5712169048819,110.43065057521027,111.14645865890182,146023500
2012-10-31,111.185791015625,111.72067265889993,110.65875904012455,111.5790905777566,103438500
2012-11-01,112.3499984741211,112.49158061085801,111.31955513713089,111.42180490170037,100995600
2012-11-02,111.35100555419922,113.05006308404324,111.23302044902418,113.01859238762728,137702200
2012-11-05,111.57917785644531,111.83088353177095,110.85549553380531,111.18587798666942,98378500
2012-11-06,112.4522476196289,112.89274133233145,111.79936872310425,111.91735382380905,107068100
2012-11-07,109.9036636352539,111.44539166076841,109.38450517658825,111.42966831539337,264304500
2012-11-08,108.58222198486328,110.4464715159198,108.49569553403316,109.88798042373271,181517300
2012-11-09,108.67656707763672,109.6834132669127,108.1967410028604,108.25179671501988,201055300
2012-11-12,108.76313781738281,109.18789635058134,108.51929384438382,109.0148434660224,97677500
2012-11-13,108.38550567626953,109.53394586557005,108.04727375905864,108.18885586322541,123018300
2012-11-14,106.92247772216797,108.88897671950842,106.67863376690693,108.71593585009524,191505000
2012-11-15,106.74154663085938,107.36296693913484,106.33251154209437,106.96179352422004,178128400
2012-11-16,107.2685546875,107.48093988294893,105.95493515000867,106.8988520149813,239483900
2012-11-19,109.43960571289062,109.45532906298094,107.30005384999045,108.47207956725687,151495800
2012-11-20,109.48676300048828,109.66767748623084,108.61363726139564,109.26651614761386,119807400
2012-11-21,109.6913070678711,109.78570717752088,109.360936690489,109.58118360874373,81710800
2012-11-23,111.185791015625,111.22511136979807,110.15533608069809,110.22613912381988,65409200
2012-11-26,110.94984436035156,111.19368824644808,110.27336841704158,110.63519740848997,100124400
2012-11-27,110.38349914550781,111.21729261858236,110.31270807761766,110.83972825394676,128646200
2012-11-28,111.27237701416016,111.33529441556544,109.33733685064261,109.9351481844452,177086500
2012-11-29,111.7915267944336,112.09830014593663,111.20157711826951,111.68927701230383,151085900
2012-11-30,111.81515502929688,112.02754033270939,111.42972881493222,111.80729335234095,136568300
2012-12-03,111.26451110839844,112.420813481527,111.177984672227,112.32642537026994,124656300
2012-12-04,111.1072006225586,111.5948885650036,110.80828891457841,111.25665647654867,127512200
2012-12-05,111.30384063720703,111.82299924093421,110.41497927045206,111.20157885092702,147300500
2012-12-06,111.681396484375,111.72859053516412,111.03639111933025,111.20157029709213,103220600
2012-12-07,112.01964569091797,112.23989260647276,111.43755769834792,112.11403379685382,108726400
2012-12-10,112.06681823730469,112.3342591545032,111.81510066637358,111.86230671283896,98840700
2012-12-11,112.82984161376953,113.35686187309011,112.47587421602367,112.530929943312,152570400
2012-12-12,112.88492584228516,113.70299630401357,112.72760829274036,113.27036404084562,145880100
2012-12-13,112.19271850585938,113.13663574075424,111.90954213513503,112.81412698470952,135715000
2012-12-14,111.77578735351562,112.15335173119001,111.60273451321586,111.94884019381539,137701700
2012-12-17,113.08941650390625,113.15234590589802,112.03536402373949,112.06683472601345,143238200
2012-12-18,114.34796142578125,114.45022319797863,113.10513281947594,113.27032398975204,177762800
2012-12-19,113.49842834472656,114.51314834758605,113.45910797462214,114.47381597492665,150895400
2012-12-20,114.15129852294922,114.16703387131096,113.25457570719489,113.56922266165942,168487000
2012-12-21,113.11515045166016,114.14498480771712,112.44180605216073,112.62400370288607,245883800
2012-12-24,112.76654815673828,112.93289877504701,112.63979677005138,112.86952308170356,53874600
2012-12-26,112.2912826538086,113.05177919882739,111.97441614453221,112.99632091147863,106947700
2012-12-27,112.1407470703125,112.5526831299284,110.84157527092115,112.3229446766563,167920600
2012-12-28,110.92874145507812,112.029868958193,110.80199000881144,111.411970767247,148806700
2012-12-31,112.81411743164062,112.93293934454617,110.54055743403215,110.63562705203847,243935200
2013-01-02,115.70558166503906,115.77687482399712,114.6519828833739,114.95301456033074,192059000
2013-01-03,115.44415283203125,115.95114651567286,115.1352037449322,115.65012694855255,144761800
2013-01-04,115.95112609863281,116.14125322940131,115.3966037434923,115.63425963503273,116817700
2013-01-07,115.6343002319336,115.74520474189806,115.2065170594385,115.53924267701692,110002500
2013-01-08,115.30158233642578,115.58676707806302,114.85003479229826,115.4283337966389,121265100
2013-01-09,115.59466552734375,115.9115441258356,115.37285655224075,115.55505419157195,90745600
2013-01-10,116.51361083984375,116.52152827297893,115.63429225447246,116.23634354021839,130735400
2013-01-11,116.5057144165039,116.5690780683802,116.14130693594034,116.48193793744235,113917300
2013-01-14,116.42646026611328,116.50568294108521,115.99867716155785,116.36308454367237,89567200
2013-01-15,116.5057144165039,116.61661893881694,115.8165108035642,115.88780397768979,93172600
2013-01-16,116.48981475830078,116.672012372311,116.14125439224235,116.26800581402375,104849500
2013-01-17,117.24238586425781,117.57509929254003,116.56902948874867,117.00472996186157,133833500
2013-01-18,117.5038833618164,117.63063487140903,116.79091518612482,117.21869850907763,169906000
2013-01-22,118.13760375976562,118.13760375976562,117.22659107648599,117.50385843393778,111797300
2013-01-23,118.32763671875,118.43062373788348,117.92363024686054,118.13752171441534,104596100
2013-01-24,118.359375,118.93766183452543,118.0424963944716,118.15340088448583,146426400
2013-01-25,119.02478790283203,119.02478790283203,118.32766714056771,118.7316858040079,147211600
2013-01-28,118.8822021484375,119.08816415290636,118.43857215101912,119.05647025210718,113357700
2013-01-29,119.34961700439453,119.50013285505516,118.5653559293293,118.64457861526166,105694400
2013-01-30,118.8822021484375,119.57139339480153,118.77128558332181,119.33373748953348,137447700
2013-01-31,118.58906555175781,119.12775297441925,118.50985499009057,118.7395813329085,108975800
2013-02-01,119.8090591430664,119.95164544533263,119.13570270410042,119.34166472549025,131173000
2013-02-04,118.4623794555664,119.83285710118568,118.37523932831712,119.08028986822505,159073600
2013-02-05,119.65860748291016,119.9992385572055,119.05654387224648,119.10408475284278,113912400
2013-02-06,119.74569702148438,119.82490761362165,119.15156318587754,119.23870329860722,138762800
2013-02-07,119.58720397949219,119.89615293608679,118.71580328772389,119.7852484923779,162490000
2013-02-08,120.252685546875,120.32397870302232,119.7932206166757,119.7932206166757,103133700
2013-02-11,120.22889709472656,120.33187204820973,119.92786548989682,120.20513271410115,73775000
2013-02-12,120.42692565917969,120.64873457400259,120.102129716875,120.23679855175466,65392700
2013-02-13,120.52995300292969,120.89436042867804,120.18932205266637,120.67255141741715,82322600
2013-02-14,120.64086151123047,120.7834599304491,120.03089275386749,120.16556165176652,80834300
2013-02-15,120.4982681274414,120.87851041029558,120.05465011616418,120.75175895344944,215226500
2013-02-19,121.4013442993164,121.42510868518251,120.53787271235879,120.70422341342146,95105400
2013-02-20,119.88824462890625,121.35377911859963,119.82486892304966,121.31416779147929,160574800
2013-02-21,119.15947723388672,119.95165565885952,118.77923497445116,119.58726035247479,183257000
2013-02-22,120.32398986816406,120.32398986816406,119.21494482179509,119.7377734364065,106356600
2013-02-25,118.03461456298828,121.09242452443624,118.03461456298828,120.91022682610598,245824800
2013-02-26,118.84259033203125,118.9851766220022,117.82067356984707,118.60493442773158,186596200
2013-02-27,120.33982849121094,120.67254198208757,118.63663761001241,118.73962467421836,150781900
2013-02-28,120.1021728515625,121.1003133267476,119.94373958231331,120.33189927882127,126866000
2013-03-01,120.4982681274414,120.68046579185508,119.1515671395829,119.69024269965261,170634800
2013-03-04,121.13996887207031,121.13996887207031,120.03092349493241,120.22103865233431,99010200
2013-03-05,122.22518920898438,122.54998522530646,121.71027812959147,121.72612508074138,121431900
2013-03-06,122.39154815673828,122.72426159440957,122.12221043400653,122.66088587947003,94469900
2013-03-07,122.6133804321289,122.77181370576558,122.40741838516963,122.55000470513745,86101400
2013-03-08,123.13623809814453,123.30258882771831,122.51833978435644,123.15208505399916,123477800
2013-03-11,123.60359954833984,123.61151698107905,122.89064379593766,123.04115963176744,83746800
2013-03-12,123.32637023925781,123.65909591969965,122.95405738292966,123.51649747269782,105755800
2013-03-13,123.50066375732422,123.67494405141004,122.96990543904052,123.38975921451402,92550900
2013-03-14,124.15815734863281,124.21361565663288,123.50857713642355,123.82544376369339,126329900
2013-03-15,123.99417114257812,124.16126166502876,123.58040294648775,124.01008857281593,138601100
2013-03-18,123.30990600585938,123.84302474229847,122.69721223472077,122.80860999843273,126704300
2013-03-19,123.02342987060547,123.7395564831857,122.21181080595608,123.57246593959054,167567300
2013-03-20,123.88285064697266,124.08972880327246,123.54069246147559,123.74758275922478,113759300
2013-03-21,122.82453155517578,123.84302889798929,122.61765345603885,123.14280742176274,128605000
2013-03-22,123.81116485595703,123.81116485595703,123.11889625787762,123.21438869914768,111163600
2013-03-25,123.29403686523438,124.34436945574723,122.81662289436976,124.1374791410672,151322300
2013-03-26,124.28064727783203,124.31247000278024,123.6679535849432,123.80322141350025,86856600
2013-03-27,124.28064727783203,124.32043479010036,123.3337603364886,123.54063840226218,99950600
2013-03-28,124.66263580322266,124.80586848242925,123.93059139130413,124.20112716803392,102932800
2013-04-01,124.1692123413086,124.85351606647404,123.86684190835814,124.59888577737041,99194100
2013-04-02,124.7820053100586,125.09232863385118,124.42392966291702,124.61490253196251,101504300
2013-04-03,123.51679229736328,124.94905802691227,123.19056377290897,124.85357769209115,154167400
2013-04-04,124.0180435180664,124.26470905484057,123.40534992768274,123.67588553953556,131885000
2013-04-05,123.46104431152344,123.61222953506106,122.35501974212416,122.49824018035494,159666000
2013-04-08,124.29656982421875,124.30452247042193,123.13483998199149,123.54860827200396,86571200
2013-04-09,124.72628021240234,125.17983615016074,124.11358631350785,124.5273547256202,101922200
2013-04-10,126.25395202636719,126.41308989364,125.02857709278132,125.06039980965949,135711100
2013-04-11,126.66773223876953,127.08150044617528,126.1505189441518,126.27783410665235,110142500
2013-04-12,126.35738372802734,126.54834429196396,125.65716261642046,126.26189130461931,116359900
2013-04-15,123.42925262451172,125.82432268290685,123.41334733121695,125.7208775692646,217259000
2013-04-16,125.25143432617188,125.31509193277373,124.05788152064277,124.36023997519284,147507800
2013-04-17,123.4212875366211,124.38409190749205,122.76085368810439,124.36020968706679,226834800
2013-04-18,122.64946746826172,123.66001209208771,122.18000634890888,123.62817722282419,167583200
2013-04-19,123.71571350097656,123.77141845533734,122.63355855825162,122.93592913004781,149687600
2013-04-22,124.26476287841797,124.55916869286729,123.13486765000869,123.9544396265411,106553500
2013-04-23,125.54581451416016,125.66516491377973,124.2647342786506,124.88538063956136,166141300
2013-04-24,125.6253890991211,125.95958235832346,125.354841291862,125.58560158557319,96781200
2013-04-25,126.13459777832031,126.73137386830288,125.80040462490294,125.99136520317536,131060600
2013-04-26,125.9118881225586,126.19834132655951,125.50607233437877,125.9834983881966,95918800
2013-04-29,126.75531005859375,127.0337984276528,126.05508852917086,126.25401399626173,88572800
2013-04-30,127.05762481689453,127.08945967989126,126.20623042409507,126.73139639055611,116010700
2013-05-01,125.94366455078125,126.84281136022827,125.80044407216728,126.77915376702947,138874200
2013-05-02,127.11337280273438,127.22477057806168,126.14261555711917,126.2619659801674,96407600
2013-05-03,128.40234375,128.8081592747144,127.13718131264099,128.21933580947763,144202300
2013-05-06,128.72862243652344,128.91163043130516,128.44216933356546,128.4978742814895,66882100
2013-05-07,129.38113403320312,129.4209094151179,128.64112495129706,129.00715316820336,90359200
2013-05-08,129.97000122070312,130.00978876107112,129.16634632766136,129.23795661545216,97419200
2013-05-09,129.60386657714844,130.2563355055398,129.27762604223196,129.91418968217002,106738600
2013-05-10,130.02566528320312,130.13706307630227,129.30952620632397,129.69147190390572,103203000
2013-05-13,130.12905883789062,130.3439017099707,129.55616474808565,129.8585231568684,81843200
2013-05-14,131.47373962402344,131.5692320487121,130.23244737602948,130.23244737602948,119000900
2013-05-15,132.18197631835938,132.44455936374604,131.219183960054,131.25897147749666,120718500
2013-05-16,131.56130981445312,132.37292890888602,131.36238439905395,131.91142048818668,109913600
2013-05-17,132.8344268798828,132.91398975491722,131.87162260285658,132.04667792595225,129801000
2013-05-20,132.82650756835938,133.34372106965102,132.5718892830572,132.70715714422508,85071200
2013-05-21,133.01747131347656,133.51876734353436,132.48435255296968,132.9458610638815,95804200
2013-05-22,132.03079223632812,134.5293075136532,131.4260632466218,133.15273467459593,244031800
2013-05-23,131.64886474609375,132.0148929284644,130.44735935918234,130.6224147323014,211064400
2013-05-24,131.53746032714844,131.59316528007344,130.4791754945848,130.86907374072268,151573900
2013-05-28,132.32518005371094,133.50281503586052,131.9352818942379,132.91399147406423,143679800
2013-05-29,131.46583557128906,131.92734401330043,130.76561419148638,131.62497348266848,160363400
2013-05-30,131.95115661621094,132.55588527261617,131.46577830599125,131.56922336697812,107793800
2013-05-31,130.05746459960938,132.33317237006253,129.80284632185587,131.58521069047038,176850100
2013-06-03,130.77357482910156,130.86110249879934,129.42883705894656,130.35980655948987,168390700
2013-06-04,130.14498901367188,131.3703766277064,129.48455503961753,130.84521050740588,157631500
2013-06-05,128.3228759765625,130.03363056712365,128.2114781726392,129.77104742756518,211737800
2013-06-06,129.48451232910156,129.49247711527812,127.51117584664809,128.26708990543804,200225500
2013-06-07,131.13162231445312,131.25097269442298,129.81075478272152,130.37570824461142,188337800
2013-06-10,131.13162231445312,131.6090359757751,130.78946432280196,131.53742574779318,105667100
2013-06-11,129.77894592285156,130.92474611726644,129.49249283888688,129.93808382695553,159505400
2013-06-12,128.70474243164062,130.80539431086407,128.5853920402135,130.6701264867654,177361500
2013-06-13,130.66221618652344,130.89296439854533,128.3467207108753,128.63317388457864,163587800
2013-06-14,129.8426055908203,131.02820556790482,129.62777486040287,130.51895693413638,141197500
2013-06-17,130.84524536132812,131.46589198102762,129.87448790150077,130.72588277049385,136295600
2013-06-18,131.87957763671875,132.07850302175828,130.90882078641056,130.91677343089302,114695600
2013-06-19,130.05746459960938,131.99897905094733,130.0017717838135,131.768230857313,206149500
2013-06-20,126.83489227294922,130.0734051981921,126.50069889432457,128.7923245094065,321255900
2013-06-21,127.24199676513672,127.7939257449325,125.96213279283691,127.6979402190006,271956800
2013-06-24,125.63418579101562,126.73006140390876,124.57030128991738,125.91415989340071,222329000
2013-06-25,126.84207153320312,128.06593610812547,125.922165265943,126.77007016562092,162262200
2013-06-26,128.09791564941406,128.3858844766547,127.38599441063712,127.88193597756126,134848000
2013-06-27,128.84982299804688,129.4417622563527,128.74583053499214,128.8658246552141,129483700
2013-06-28,128.32186889648438,129.1057791614374,127.87392017365407,128.48985577038937,160402900
2013-07-01,129.0738067626953,129.9697043382048,128.84983236881794,128.9938106767295,131954800
2013-07-02,128.9538116455078,129.82571274715667,128.38586878691353,128.88181029322982,154863700
2013-07-03,129.0098114013672,129.40177269066032,128.16190660129817,128.3698793353394,75216400
2013-07-05,130.40164184570312,130.4496346069736,129.0257923960771,129.96168785791218,122416900
2013-07-08,131.14564514160156,131.49760857628416,130.4497252084672,131.07365594969707,108092500
2013-07-09,132.08944702148438,132.2494269495298,131.40152234577147,131.9694529211857,119298000
2013-07-10,132.13739013671875,132.58533864923095,131.68944162420658,131.96140862027733,121410100
2013-07-11,133.9373016357422,134.07328524598802,132.12949223975176,133.6733291432562,135592200
2013-07-12,133.99322509765625,134.32918659868653,133.689266904735,133.89723958470069,104212700
2013-07-15,134.50526428222656,134.69724765099843,134.12930448027402,134.3612859099185,69450600
2013-07-16,134.00128173828125,134.6732049896067,133.64132372547763,134.59320889534354,88702100
2013-07-17,134.34527587890625,134.7692284452291,134.1692941865805,134.5132628418331,92873900
2013-07-18,135.08114624023438,135.40111838900734,134.54520662244033,134.6331974376417,103620100
2013-07-19,135.32115173339844,135.3691445147307,134.63322672102137,134.80121366137632,103831700
2013-07-22,135.58514404296875,135.77712740203515,135.19318259534342,135.51315486045405,79428600
2013-07-23,135.29710388183594,135.8490450686075,135.22511473721897,135.82504868706852,80829700
2013-07-24,134.8011932373047,135.87307254362864,134.52921384147677,135.81707283676428,112914000
2013-07-25,135.12913513183594,135.24912926131455,134.337230023447,134.56120441831348,111088600
2013-07-26,135.27308654785156,135.3130845794504,134.00122970053346,134.5611655258604,107814600
2013-07-29,134.857177734375,135.23313739706282,134.4732233447519,134.92916689386246,79695000
2013-07-30,134.857177734375,135.40911903515882,134.53721777730408,135.26514071618388,85209600
2013-07-31,134.9532012939453,135.86510077224435,134.7772196221953,135.13717769415948,142388700
2013-08-01,136.51303100585938,136.63301296415116,135.90508986866746,135.97709124933513,110438400
2013-08-02,136.74501037597656,136.76101204017115,136.02509416123493,136.2090705795456,91116700
2013-08-05,136.54502868652344,136.7530136984787,136.26506670182758,136.441048386239,54072700
2013-08-06,135.76904296875,136.57696179700545,135.4650847475141,136.28098609501177,87495000
2013-08-07,135.32913208007812,135.5291101181719,134.8251957239516,135.33713901324398,84854700
2013-08-08,135.82498168945312,136.1289397742444,135.1290503510383,135.9689599076677,102181300
2013-08-09,135.43312072753906,136.06505814519312,134.9611755003785,135.6491004201529,91757700
2013-08-12,135.27308654785156,135.43306646856132,134.68915434470244,134.75314875412346,68593300
2013-08-13,135.67311096191406,135.90508013322545,134.71321874726308,135.51313096042085,80806000
2013-08-14,134.97720336914062,135.8251084383561,134.94520004255165,135.6091287038054,79829200
2013-08-15,133.0894012451172,133.92929932529407,132.85741986233742,133.91330986873078,152931800
2013-08-16,132.6493682861328,133.28930013363268,132.38539594132592,132.8333445728704,130868200
2013-08-19,131.80149841308594,132.95337360016188,131.7934914817639,132.49741791957433,96437600
2013-08-20,132.44944763183594,132.9453892304458,131.873509940558,132.01748826053245,89294400
2013-08-21,131.63352966308594,132.80940139473992,131.33756609991102,132.08147847406084,159530500
2013-08-22,132.83343505859375,133.0254184053276,131.8975391289408,131.90553385791978,101471400
2013-08-23,133.2813262939453,133.4493131753227,132.60140845429353,133.2253388039447,90888900
2013-08-26,132.785400390625,133.82528849747257,132.69740957683737,133.417325540053,89702100
2013-08-27,130.64962768554688,132.78539124878142,130.55364215191022,131.47353606443062,158619400
2013-08-28,131.1135711669922,131.57752156449044,130.4256463990724,130.59362107404468,108113000
2013-08-29,131.32159423828125,132.01751399854714,130.70565838058698,130.82565254298302,119200500
2013-08-30,130.90560913085938,131.6095356784862,130.52165474383108,131.5935340190338,134928900
2013-09-03,131.49758911132812,132.44948674903424,130.945647643704,132.16951254769938,142375100
2013-09-04,132.58538818359375,132.80936252352743,131.28953490173654,131.52949869046114,97389400
2013-09-05,132.75341796875,133.1053690412489,132.56942939698482,132.66542714920274,63090500
2013-09-06,132.81739807128906,133.56931738890242,131.56953716362852,133.19335773009576,159756500
2013-09-09,134.08924865722656,134.16923253154167,133.1453461770786,133.1453461770786,87559300
2013-09-10,135.08114624023438,135.10514262568117,134.5931993933339,134.89716988324585,105847200
2013-09-11,135.50511169433594,135.50511169433594,134.66521371151273,134.89718286171262,94545900
2013-09-12,135.14512634277344,135.63307313794493,134.96115000528889,135.4570915261986,83209000
2013-09-13,135.44912719726562,135.55311968364086,134.97718195334718,135.28914720678202,72727800
2013-09-16,136.2330780029297,136.97700287704092,136.01709823874327,136.9130084207748,106299200
2013-09-17,136.84097290039062,136.87296401484429,136.3530260165623,136.3530260165623,82523300
2013-09-18,138.42481994628906,138.80077968742182,136.44903567461424,136.79299208994834,203460600
2013-09-19,138.19284057617188,138.86477616515742,138.05685695376923,138.8007817183163,146616900
2013-09-20,137.2266082763672,138.52074441449787,137.1140752324072,138.52074441449787,132867100
2013-09-23,136.5916748046875,137.17042003411206,136.1576220152138,137.04181952272063,104616500
2013-09-24,136.27011108398438,137.07392228002755,136.012897879147,136.56751730166098,106333100
2013-09-25,135.87628173828125,136.63186646163717,135.755714927188,136.35857351303292,117306500
2013-09-26,136.39871215820312,136.78453806506747,135.88427352732253,136.10130596595192,77146900
2013-09-27,135.77174377441406,135.95661690396008,135.41806490732793,135.71547110683912,99141800
2013-09-30,135.0482635498047,135.47428234135134,134.35698569207565,134.62224475825806,143937000
2013-10-01,136.11737060546875,136.24598332688464,135.01615330815758,135.1527997252179,127160000
2013-10-02,135.9887237548828,136.1173364440207,134.90358638638224,135.32157149348984,113350000
2013-10-03,134.73480224609375,135.7958387033951,134.10783061775498,135.6752596886019,176698000
2013-10-04,135.75567626953125,135.89232270492207,134.66249252121887,134.8393319705919,96878000
2013-10-07,134.58212280273438,135.4020137796245,134.43744265308823,134.5740891050387,96295000
2013-10-08,133.01467895507812,134.73483449730347,132.91822553230216,134.55799504542352,178015000
2013-10-09,133.1111297607422,133.59340908588746,132.25104595319695,133.27188953579062,168973000
2013-10-10,135.9807586669922,136.05309874168674,134.42136275368856,134.4695894701516,195955000
2013-10-11,136.8568878173828,136.90512679119433,135.6592170025475,135.77175007773712,105040000
2013-10-14,137.4034881591797,137.516021236301,135.9083988401766,136.01289822078405,112106000
2013-10-15,136.4066925048828,137.572215730627,136.2218194521542,137.05777730094502,155485000
2013-10-16,138.31178283691406,138.3841228927786,137.16232657793526,137.22663293820955,161676000
2013-10-17,139.23614501953125,139.3165310271159,137.72497638625552,137.74908973549438,129389000
2013-10-18,140.17660522460938,140.273058623484,139.4692475923743,139.75058635933587,138316000
2013-10-21,140.1846466064453,140.46598538883404,139.87116077772995,140.2248396132414,104104000
2013-10-22,140.9965362548828,141.41450927972554,140.2087923880611,140.594630624328,126663000
2013-10-23,140.32131958007812,140.57853277245005,139.83099428364727,140.51422640806084,105484000
2013-10-24,140.78749084472656,140.9643302448117,140.27305229861955,140.60261775015843,70350000
2013-10-25,141.43055725097656,141.4707502580639,140.80358558900213,141.076878412902,93625000
2013-10-28,141.65567016601562,141.8485893046522,141.22965113356588,141.38237725183802,84979000
2013-10-29,142.4112091064453,142.4674817699399,141.77620374308313,141.97715651524865,87401000
2013-10-30,141.70391845703125,142.68456943031364,141.19752557194846,142.58008227968463,140002000
2013-10-31,141.30194091796875,142.1861379905255,141.09295445772054,141.5913133903343,133795000
2013-11-01,141.6395721435547,141.96109170657292,140.84379466708467,141.48684605830624,142805000
2013-11-04,142.13795471191406,142.19421512543678,141.45471019573867,142.02542161968145,85677000
2013-11-05,141.68772888183594,142.0735546199625,141.12506379182238,141.5832295561266,85825000
2013-11-06,142.4112091064453,142.67646823752588,141.90480419572935,142.29867604463996,87348000
2013-11-07,140.6106719970703,142.78900550823494,140.47402557979197,142.67647244311254,157000000
2013-11-08,142.5076904296875,142.52377008886225,140.546401291887,140.5624686858755,136713000
2013-11-11,142.53176879882812,142.7005622360526,142.2022033535279,142.37099679075237,62614000
2013-11-12,142.24240112304688,142.5639206196103,141.76814330761934,142.2263214686639,83990000
2013-11-13,143.3838653564453,143.42404610978258,141.54313058863377,141.54313058863377,103844000
2013-11-14,144.09921264648438,144.21977939981767,143.27932192826762,143.51242173977315,103435000
2013-11-15,144.72616577148438,144.7824261607783,144.147420899188,144.33229398569932,102818000
2013-11-18,144.21975708007812,145.08787436527663,143.89823761082604,144.9673076306025,104796000
2013-11-19,143.90634155273438,144.5815401268714,143.65716200264959,144.14748740497976,93891000
2013-11-20,143.4561309814453,144.6296880161229,143.06225922861194,144.19563553080482,124909000
2013-11-21,144.61363220214844,144.7261652455092,143.76962824435174,143.85804794021962,92841000
2013-11-22,145.3371124267578,145.35319208626186,144.5011541103446,144.6699476069844,81296000
2013-11-25,145.1924591064453,145.6265118717401,144.98346028984628,145.59436481198034,79486000
2013-11-26,145.2325897216797,145.6666546022975,145.01556954655533,145.26474903552486,86994000
2013-11-27,145.58619689941406,145.68266252826743,145.20840487144952,145.38524421497243,58800000
2013-11-29,145.48985290527344,146.09271141178698,145.32909308990736,145.7470784220093,55870900
2013-12-02,145.1119842529297,145.83540917409215,144.8869181767822,145.56211640522469,99726000
2013-12-03,144.48507690429688,144.9995156304836,144.01886489225478,144.63780300921252,116563000
2013-12-04,144.468994140625,145.07185258485333,143.35974294357166,143.9626013878,123033000
2013-12-05,143.83392333984375,144.47697450810253,143.69727695968066,144.2117154412515,106934000
2013-12-06,145.44155883789062,145.57820523093463,144.80654130324734,145.22452644179387,127728000
2013-12-09,145.81130981445312,146.02834221769288,145.61840302506886,145.8675824714785,70124000
2013-12-10,145.2888641357422,145.77918942370948,145.2004444193814,145.47373726442947,80976000
2013-12-11,143.65713500976562,145.36925674729733,143.48029556902597,145.34514339312238,130591000
2013-12-12,143.18289184570312,143.7696705827992,142.8854733637349,143.59283113898633,115565000
2013-12-13,143.16680908203125,143.60890768197348,142.89351622577067,143.48029495013844,107808000
2013-12-16,144.05902099609375,144.53326658391256,143.80179556631728,143.8419885728678,96195000
2013-12-17,143.60086059570312,144.21176493454192,143.27934103381907,144.1876515806599,89886000
2013-12-18,146.05250549316406,146.07661885008002,142.53182046637835,143.81791114091482,234906000
2013-12-19,145.88372802734375,146.05252154430596,145.256756148251,145.63453620318145,136531200
2013-12-20,146.73226928710938,147.07979099287832,145.9321838298762,146.02916089577758,197087000
2013-12-23,147.5161895751953,147.60508932317387,147.1444359613013,147.45153409195885,85598000
2013-12-24,147.83946228027344,147.9041177668427,147.5161971792003,147.52427449060653,45368800
2013-12-26,148.59104919433594,148.67187162334656,148.1546401402839,148.170794760669,63365000
2013-12-27,148.58297729492188,148.84966419047174,148.4294220732726,148.78502104303476,61814000
2013-12-30,148.55874633789062,148.7203788845038,148.36477988289113,148.5991452257143,56857000
2013-12-31,149.2618865966797,149.2618865966797,148.64766552380337,148.7608218955652,86119900
2014-01-02,147.8314208984375,148.7608298705132,147.4758218017669,148.68808472308427,119636900
2014-01-03,147.80714416503906,148.3809539144236,147.59702307759707,148.08192074056475,81390600
2014-01-06,147.3788299560547,148.34863772963905,147.15254188661083,148.29207187816553,108028200
2014-01-07,148.28396606445312,148.5344983760346,147.85563424172864,147.96877826411296,86144200
2014-01-08,148.31634521484375,148.56687760284376,147.8071907929229,148.25976702050707,96582300
2014-01-09,148.41323852539062,148.809248666849,147.73437456726515,148.79308171591163,90683400
2014-01-10,148.81739807128906,148.88205357459069,147.90415604334615,148.66384279241976,102026400
2014-01-13,146.83737182617188,148.8497204252995,146.5545055392394,148.43755546287278,149892000
2014-01-14,148.43751525878906,148.51833769938668,147.04745313656696,147.32222970376193,105016100
2014-01-15,149.2375946044922,149.46388261210492,148.46983084067958,148.7850185892667,98525800
2014-01-16,149.0436248779297,149.23759130807258,148.56680461040443,148.93048087662248,72290600
2014-01-17,148.41323852539062,149.0678582229952,148.1546289692444,148.7850044063281,107848700
2014-01-21,148.84967041015625,149.32650304777363,147.9364410161315,149.26992487668747,88621200
2014-01-22,148.94664001464844,149.16485069563993,148.6314522895588,149.1001952223176,61270900
2014-01-23,147.726318359375,148.21930565448994,146.94239987216582,148.1950613884821,132496900
2014-01-24,144.57443237304688,146.8130806861349,144.52594384374365,146.76459215683167,208677100
2014-01-27,143.86325073242188,145.08360307343705,143.14397535859013,144.71183708693155,180843100
2014-01-28,144.71994018554688,144.9058170301941,143.95216387374847,143.96833083077976,110463200
2014-01-29,143.32986450195312,144.29967219338292,142.95002120361227,143.5157413292985,216597300
2014-01-30,144.84921264648438,145.31795566140642,144.06528185122528,144.52594755498018,118938100
2014-01-31,144.00062561035156,144.89770041610345,142.9823294788654,143.05506227430598,194677900
2014-02-03,140.759765625,144.15409640685388,140.48498922643554,143.83083150639752,254837100
2014-02-04,141.74581909179688,142.10949539169636,140.71135603210521,141.39022010282054,165012400
2014-02-05,141.5679473876953,141.88313499774333,140.38801934259914,141.2527597776473,164230500
2014-02-06,143.43492126464844,143.43492126464844,141.60844987660428,141.89939342204065,132877600
2014-02-07,145.21292114257812,145.3664764111973,143.63698189159925,144.1057250104142,170787200
2014-02-10,145.47964477539062,145.5281456565708,144.83311434098565,145.22911238229207,92218800
2014-02-11,147.0716552734375,147.44342112921117,145.50379409643588,145.60078346372484,117814100
2014-02-12,147.14443969726562,147.75864830594787,146.85349618120082,147.28990528941162,94717700
2014-02-13,147.9041290283203,148.0576842791424,146.14231312931213,146.15039044133337,100542200
2014-02-14,148.7204132080078,148.99518983384377,147.6293716859627,147.76675999888067,96498400
2014-02-18,148.898193359375,149.10023714590335,148.4213606510198,148.84969249191798,80460900
2014-02-19,147.9121856689453,149.47195743342897,147.79095202503274,148.51022725120393,126524300
2014-02-20,148.78504943847656,149.12448152027378,147.57278671844043,148.11426258691034,104998100
2014-02-21,148.61534118652344,149.42351640910104,148.54260837611753,149.06791733808285,118116400
2014-02-24,149.43963623046875,150.44176529803906,148.86582657744756,148.9304820546733,114063900
2014-02-25,149.383056640625,149.98918786060005,148.89006942177446,149.56085611835937,117085000
2014-02-26,149.39114379882812,149.99727500872584,148.9708893737365,149.60126484548843,98677200
2014-02-27,150.17510986328125,150.21550875470854,149.00324604931598,149.17296825405145,93880800
2014-02-28,150.55494689941406,151.24997803845153,149.55281758157477,150.15085931466612,150842000
2014-03-03,149.4962158203125,149.87605907660458,148.50216397152187,149.22951657663256,167748500
2014-03-04,151.5974578857422,151.92072293150895,150.9266712005937,150.95899277246195,167545900
2014-03-05,151.73486328125,151.99348521248479,151.49240830366048,151.72678597031359,88376900
2014-03-06,152.08233642578125,152.42985802168093,151.75907142046157,152.10659301636124,82516500
2014-03-07,152.1470489501953,152.71278141931558,151.4762620974227,152.71278141931558,114513500
2014-03-10,152.06619262695312,152.12275845761235,151.19336225236648,151.9126374223818,74939200
2014-03-11,151.31459045410156,152.5106982433134,150.9670811494024,152.29248755677503,99009100
2014-03-12,151.3550567626953,151.41163494829974,150.23977099415453,150.5792154442303,104824400
2014-03-13,149.65785217285156,151.9288344574442,149.23761001917646,151.80760079899065,155014300
2014-03-14,149.2375946044922,150.15891358742164,149.0597951225434,149.391149823609,153919600
2014-03-17,150.58729553222656,150.94289461464928,149.92458590920685,149.9892414088997,98359500
2014-03-18,151.66217041015625,151.86421422270357,150.7327614733731,150.89440638883153,101804600
2014-03-19,150.85394287109375,151.88840584622932,149.8922126836385,151.67827246167994,176267300
2014-03-20,151.73486328125,151.8480072932221,150.25590148290368,150.5226007250749,117241000
2014-03-21,151.1463165283203,153.43543428677563,151.0083219124569,152.37205453979544,163128000
2014-03-24,150.52133178710938,151.85260072300804,149.863822667336,151.66589112178235,121411000
2014-03-25,151.23561096191406,151.74701225336207,150.3914049499682,151.2843134875383,103852000
2014-03-26,150.14788818359375,152.07171236861137,150.1072986146116,151.8281873409161,119843000
2014-03-27,149.831298828125,150.44821812020353,149.27930797841552,149.96929344400323,142383000
2014-03-28,150.57005310058594,151.32496734086126,150.17229499534932,150.2615871256595,101642000
2014-03-31,151.8038330078125,152.0392450714311,150.59434562550007,151.52784376222954,99745000
2014-04-01,152.8104248046875,152.8997169162232,151.7957473491451,152.29902340351032,89193000
2014-04-02,153.3218536376953,153.52478916511234,152.72116001750834,153.00527471037282,78774000
2014-04-03,153.1189422607422,153.59786720829572,152.64813027653236,153.55727761917007,77435000
2014-04-04,151.3086395263672,153.98738946490863,151.0651269388409,153.9549252486367,169381000
2014-04-07,149.63644409179688,151.19498648287473,149.3279907053358,150.94334856779045,140803000
2014-04-08,150.25343322753906,150.49694589276663,149.02769501029996,149.57156060630595,112660000
2014-04-09,151.8687286376953,151.91743115051457,150.22089422761226,150.65924161537245,100254000
2014-04-10,148.67864990234375,151.9337304738207,148.49194034662077,151.86067667525003,172959000
2014-04-11,147.33926391601562,148.88969387672773,147.17691801754586,147.85066526308356,167251000
2014-04-14,148.5000762939453,148.84911939172162,147.28246335271743,148.49195094716953,132382000
2014-04-15,149.5228729248047,149.62840334768433,147.33928497758654,148.80854839218824,157093000
2014-04-16,151.0895538330078,151.0976667945885,149.88816666422193,150.55380109986282,105197000
2014-04-17,151.3006134033203,151.72272277428078,150.6268659566994,150.88662938073716,105255000
2014-04-21,151.82818603515625,151.87690094923428,151.15445121787656,151.34114837015176,68329000
2014-04-22,152.51821899414062,152.93220299612096,151.90129947205597,151.98246624837697,85790000
2014-04-23,152.16099548339844,152.54251511415282,152.03923916983715,152.4613483671775,73869000
2014-04-24,152.46951293945312,152.9240865122249,151.73893765218344,152.9078482028542,88170000
2014-04-25,151.21942138671875,152.06364005690128,150.87849121129145,151.9743479357512,100380000
2014-04-28,151.6983642578125,152.35587336248395,150.1398209466132,151.83635892541753,135121000
2014-04-29,152.40457153320312,152.63997128031673,151.86070584017443,152.18539770920023,84098000
2014-04-30,152.859130859375,153.0133638179596,151.94185845486646,152.15291929764524,101508000
2014-05-01,152.87535095214844,153.28933485518132,152.38830086582885,152.78605884919645,93019000
2014-05-02,152.65614318847656,153.5328257169549,152.42885650178167,152.85907861489667,98122000
2014-05-05,152.9484100341797,153.05394044664166,151.48727211093134,151.90938137458056,75883000
2014-05-06,151.6171417236328,152.7129981754061,151.58467749956588,152.60746777134267,85454000
2014-05-07,152.51011657714844,152.58317039674876,150.99215035919698,152.1285967820774,106500000
2014-05-08,152.34768676757812,153.45978139552375,151.8606491458657,152.37205041555015,93618000
2014-05-09,152.5749969482422,152.63992539356784,151.6577247340042,152.37206149455747,83679000
2014-05-12,154.06045532226562,154.1335214904479,152.60744309590623,153.25683894802157,86940000
2014-05-13,154.19845581054688,154.57185004908223,154.04422290872768,154.2633842454438,66454000
2014-05-14,153.4679412841797,154.13357567279115,153.24876747497834,154.06050947892402,72367000
2014-05-15,152.1204833984375,153.19198904832857,151.37368206042387,153.15951242403932,154956000
2014-05-16,152.64804077148438,152.7129815987667,151.56842274203342,152.20969328387758,97458000
2014-05-19,153.20816040039062,153.3299167227538,152.2178343578446,152.35582898525544,63839000
2014-05-20,152.2422637939453,153.15141116426946,151.85263097612125,153.13517285088398,111644000
2014-05-21,153.52474975585938,153.59780355428848,152.6561799760965,152.6805312422395,89093000
2014-05-22,153.8981170654297,154.21469585588756,153.30554904968983,153.5652999716622,61549000
2014-05-23,154.51512145996094,154.62063951565037,153.89818950576682,154.0361841833623,61092800
2014-05-27,155.46473693847656,155.51343944712133,155.00203833396625,155.0913303952125,72010000
2014-05-28,155.3511199951172,155.7082883007346,155.09135672332468,155.46476332997776,66723000
2014-05-29,156.15481567382812,156.17916694466268,155.31060938376112,155.70836745106047,64377000
2014-05-30,156.4064178466797,156.503835293869,155.8787905847128,156.0086722568332,76316000
2014-06-02,156.58505249023438,156.65811869571277,155.8301382519743,156.62564207412194,64656000
2014-06-03,156.50384521484375,156.58501197541577,156.05738468000192,156.20349228075082,65047000
2014-06-04,156.82037353515625,156.90966561335094,156.07357269307116,156.23591854809925,55529000
2014-06-05,157.8432159423828,158.00556185127792,156.42266756370276,156.99900978440903,92103000
2014-06-06,158.59817504882812,158.63875224476135,158.1111248356151,158.18417865173663,78696000
2014-06-09,158.76046752929688,159.14198717772507,158.42765040854934,158.5737703777886,65119000
2014-06-10,158.7766571044922,158.80912131758342,158.22466639239343,158.565596367722,57129000
2014-06-11,158.22471618652344,158.38706207545764,157.86754779914978,158.20847788177082,68772000
2014-06-12,157.10455322265625,158.12735614789995,156.755510081388,158.03806402563583,106350000
2014-06-13,157.58346557617188,157.73769852538962,156.9097182847569,157.41299432014202,82017000
2014-06-16,157.7133331298828,158.0461502917605,157.20194413984024,157.3886413144209,87424000
2014-06-17,158.15170288085938,158.2653462708255,157.32372253327753,157.49419381132694,84834000
2014-06-18,159.31246948242188,159.4017615917166,157.80262897102006,158.1516844477899,105267000
2014-06-19,159.49102783203125,159.58844527213316,158.93904934497448,159.45043826417188,85929000
2014-06-20,159.81488037109375,159.94538443254282,159.6191242789201,159.88828423857674,100587000
2014-06-23,159.76593017578125,159.90458606159245,159.47230228654837,159.85565015431217,70611000
2014-06-24,158.803466796875,160.2716061360866,158.62402685288524,159.48044250455453,96237000
2014-06-25,159.52120971679688,159.68433352712808,158.4364183320485,158.46903811589516,82782000
2014-06-26,159.40704345703125,159.56201545383763,158.33856804185126,159.5456993369236,84312000
2014-06-27,159.7169647216797,159.7659006199071,158.95842096250846,159.03182480984955,71445100
2014-06-30,159.63540649414062,160.00243819915661,159.4804345097773,159.61909037853667,70201200
2014-07-01,160.7039031982422,161.19328716705465,159.9698396905748,160.02692743445715,90470000
2014-07-02,160.8669891357422,161.07089700044392,160.64677760265914,160.72018144702017,52475000
2014-07-03,161.658203125,161.7316069922817,161.20145135673283,161.32379113553574,52938800
2014-07-07,161.09536743164062,161.47871521883258,160.85883978098215,161.34822364202887,61696000
2014-07-08,160.05955505371094,160.85887056387025,159.66804291173207,160.8017703760834,108143000
2014-07-09,160.77732849121094,160.92414867964607,160.11666875713533,160.45923260274665,72992000
2014-07-10,160.14109802246094,160.56522991978946,159.09709061792145,159.22759465487638,99040000
2014-07-11,160.36135864257812,160.4755465895974,159.6843827975521,160.04326275834208,64243000
2014-07-14,161.16880798339844,161.38086771748075,161.0383039414014,161.1769598189418,58658000
2014-07-15,160.8669891357422,161.57659696787712,160.1573937491556,161.266653030955,111307000
2014-07-16,161.46243286132812,161.70711237859774,161.02198483914242,161.58477261996293,79986400
2014-07-17,159.62725830078125,161.57661723401097,159.39887001376465,160.96489356317883,145398000
2014-07-18,161.2584991455078,161.42162294608454,160.0595199206691,160.14923987781853,124330000
2014-07-21,160.95675659179688,161.0872606506489,160.21452875832216,160.75284866692263,67592000
2014-07-22,161.658203125,161.9518310396792,161.38904316608136,161.50323110814816,67678000
2014-07-23,162.01707458496094,162.18836271186643,161.57663895878505,161.90288664887447,65612000
2014-07-24,162.0252227783203,162.35963474275164,161.86209893694323,162.1720429474456,56888000
2014-07-25,161.2666473388672,161.707082835036,160.94855157898198,161.56842698539865,76837000
2014-07-28,161.33193969726562,161.56846739508748,160.36948789744145,161.29930746239643,69259000
2014-07-29,160.63865661621094,161.8621041341494,160.6141886614963,161.63372825977837,80466000
2014-07-30,160.6630859375,161.4216296879075,159.99427459353782,161.20955753730712,104222000
2014-07-31,157.49029541015625,159.68434630448513,157.392423605236,159.54569043233144,183479000
2014-08-01,157.0091094970703,158.03680100610674,156.25057795492376,157.0580454100407,189261000
2014-08-04,158.14280700683594,158.47721894253746,156.64204788221727,157.31085930807006,91340000
2014-08-05,156.60943603515625,157.90629987854592,156.03849634229232,157.49848403427856,152690000
2014-08-06,156.65835571289062,157.32716710336967,155.8508760086596,155.8753439591924,94818000
2014-08-07,155.81004333496094,157.52287401120714,155.41854380302166,157.36790207581254,135733000
2014-08-08,157.61265563964844,157.71867928519558,155.74485229695298,156.1608323801514,117014000
2014-08-11,158.06936645507812,158.77080995089142,157.9959626166383,158.2080222984247,74544000
2014-08-12,157.84918212890625,158.3548697369735,157.3679624731293,157.91443415019725,73632000
2014-08-13,158.91763305664062,159.09707297616865,158.1998858240771,158.46903325782057,69047000
2014-08-14,159.66810607910156,159.66810607910156,159.03191415363645,159.1787343763508,57371000
2014-08-15,159.63540649414062,160.39393785480368,158.48536303228084,160.24713015101713,139951000
2014-08-18,160.97303771972656,161.04644156979296,160.42656609331675,160.51628605858102,75424000
2014-08-19,161.81317138671875,161.93551116268256,161.0383237659934,161.36457146559817,59135000
2014-08-20,162.24545288085938,162.44120896516833,161.56032525410575,161.59294504538133,72763000
2014-08-21,162.7184600830078,162.930519761115,162.2535442231937,162.384048230743,67791000
2014-08-22,162.4656219482422,162.87343765173372,162.09859030420932,162.58796168107062,76107000
2014-08-25,163.2894744873047,163.60757037320286,162.4330586574087,163.2405385734054,63855000
2014-08-26,163.3954620361328,163.79512595678364,163.35467797148695,163.3954620361328,47298000
2014-08-27,163.33021545410156,163.5912235200768,163.07737166865655,163.47702315705044,47874000
2014-08-28,163.2405548095703,163.3465909306005,162.62883093388055,162.79195481162034,58330000
2014-08-29,163.7053985595703,163.72170222824903,162.97948704581168,163.49332641126082,65907000
2014-09-02,163.62388610839844,163.94198199354886,163.01216229498968,163.91751403665677,72426000
2014-09-03,163.5341796875,164.2764076296231,163.30580377385505,164.2519396707007,57462000
2014-09-04,163.2975616455078,164.41497263697087,162.84896190404734,163.81140094431981,85236000
2014-09-05,164.0316925048828,164.0969445346753,162.6451210970612,163.26499671176148,102177000
2014-09-08,163.6074981689453,164.11319809568263,163.12627863390665,163.87665802215693,64146000
2014-09-09,162.5717010498047,163.57492446121444,162.23728909748448,163.4607365318308,88591000
2014-09-10,163.18344116210938,163.28946482076373,162.12311745670107,162.66142492327884,67251000
2014-09-11,163.3709716796875,163.39543962600933,162.4085201573544,162.53087233451106,66774400
2014-09-12,162.4167938232422,163.22426148678255,161.95187763891397,163.2079578086192,117409300
2014-09-15,162.29437255859375,162.57169676168266,161.8050010650938,162.44119271852912,76401000
2014-09-16,163.51785278320312,163.8114807164625,161.90290537305296,161.99262536503647,116201000
2014-09-17,163.73805236816406,164.49658382245588,162.92242072498516,163.75436848578198,151266000
2014-09-18,164.61082458496094,164.63529254461506,164.02356866215385,164.23562846100754,94990000
2014-09-19,164.4624481201172,165.44577865746382,164.12647299787486,165.13439836460185,121649000
2014-09-22,163.19229125976562,164.2002165285854,162.8481262303119,164.17563420531906,125553000
2014-09-23,162.2581787109375,163.2824841955865,162.209014048271,162.6023438533321,111393000
2014-09-24,163.5283203125,163.63485208429213,161.8566592601284,162.28276133983877,107276000
2014-09-25,160.88967895507812,163.1103783453839,160.83232436026083,163.10217590060518,150300000
2014-09-26,162.1680145263672,162.56954671628225,160.95524051906705,161.1846839122393,103547000
2014-09-29,161.87295532226562,162.15976571146535,160.65199181696553,160.77490341020962,95112000
2014-09-30,161.44683837890625,162.495725555665,161.11086338379968,161.99586428363767,131302000
2014-10-01,159.25901794433594,161.24207181472298,158.89846042176944,161.18470470716522,177798000
2014-10-02,159.28358459472656,159.84080070839985,157.62011369151168,159.11968573425557,157285000
2014-10-03,161.03717041015625,161.3813354581614,159.8571688148669,160.34882781042037,121569000
2014-10-06,160.84864807128906,161.9221301531032,160.26684986660416,161.7090667228898,104778000
2014-10-07,158.3657989501953,160.38163740480442,158.33302668024245,160.0210799166851,147913000
2014-10-08,161.1355743408203,161.36501781242717,157.62835269913677,158.45598718573783,186461000
2014-10-09,157.9396209716797,161.10267490949335,157.80850694746363,160.88142155659392,210705000
2014-10-10,156.13687133789062,158.68534295681224,156.09590913638834,157.89868363284594,221909000
2014-10-13,153.572021484375,156.63673441005386,153.48188213340063,156.07132848527797,230939000
2014-10-14,153.80967712402344,155.54690736765764,153.268840939579,154.39967796092162,215847000
2014-10-15,152.7689971923828,153.8015050286187,149.0733078439919,151.72831191809112,380715000
2014-10-16,152.63787841796875,153.7113483459771,149.86815295213245,150.00745696913776,270391000
2014-10-17,154.44065856933594,155.48954620748617,153.74412595637554,154.39968385615117,214625000
2014-10-20,155.9402313232422,156.06314294983048,154.11287428684895,154.16203893748428,130011000
2014-10-21,159.029541015625,159.13606025850163,156.90717104653953,157.07105738488724,154949000
2014-10-22,157.89871215820312,159.7178793661399,157.8331551187419,159.30815724730238,151822000
2014-10-23,159.7342529296875,160.774950571412,159.18522681260995,159.4802272266529,154944000
2014-10-24,160.96339416503906,161.01257131282466,159.3736831575854,159.99645615523556,117927000
2014-10-27,160.74217224121094,160.97980555013282,159.81619632300422,160.38980474430343,82954000
2014-10-28,162.5859375,162.59412744120144,161.2092646508088,161.2830241365299,106736000
2014-10-29,162.340087890625,163.1677220156245,161.26661800953158,162.70064533239935,142557000
2014-10-30,163.3807830810547,163.8478597573474,161.7582746171517,161.90578107010916,113330000
2014-10-31,165.24911499023438,165.38022905885788,164.51981017613906,165.3474442898391,146903000
2014-11-03,165.33926391601562,165.8964799843175,164.96231407284407,165.46217554763325,93600000
2014-11-04,164.76564025878906,165.19994465539864,163.93799366984507,164.89674181917516,93343000
2014-11-05,165.80638122558594,166.01124233093645,165.07707619068734,165.97026760912044,91709000
2014-11-06,166.47010803222656,166.56024740726474,165.23275161463724,165.84733485251706,107089000
2014-11-07,166.6257781982422,166.8388416895212,166.0275874420052,166.48647418671993,89540000
2014-11-10,167.1502227783203,167.19938742924273,166.45370271737593,166.65856376537008,66319000
2014-11-11,167.31407165527344,167.42060337757084,166.8797673310623,167.21574237544397,54499400
2014-11-12,167.1338348388672,167.36327820126,166.60118863752817,166.63397340571314,90120300
2014-11-13,167.3223419189453,167.84678579681537,166.5192899661473,167.2977595890239,85357900
2014-11-14,167.36328125,167.56814229184863,166.93716678191166,167.2485595667138,80417500
2014-11-17,167.4697723388672,167.64186108673255,166.87977163721956,167.0436704461289,80441000
2014-11-18,168.436767578125,168.73995794851413,167.52718396323064,167.52718396323064,76068100
2014-11-19,168.1663360595703,168.43675414012444,167.41244891244637,168.24008303506892,82373000
2014-11-20,168.4613494873047,168.56788124041037,167.3141200413892,167.37967708147525,72840300
2014-11-21,169.36279296875,170.31335164414637,168.78918428660788,170.14946523549597,142327300
2014-11-24,169.83802795410156,169.94455971858326,169.5512299397921,169.76428096502727,65880800
2014-11-25,169.71514892578125,170.27236517752456,169.46112313432587,170.06750405490178,79108300
2014-11-26,170.14939880371094,170.24772810976395,169.64953732506373,169.86258832275414,62167800
2014-11-28,169.78887939453125,170.33790564924703,169.55124601707166,170.02652527572027,57890100
2014-12-01,168.6088409423828,169.24800644405835,168.2974606362631,169.1332847515455,103968400
2014-12-02,169.69869995117188,169.9035610054865,168.62523002715943,168.64981235337908,74507200
2014-12-03,170.35426330566406,170.56731430766314,169.70690785484538,169.87079420282367,68952000
2014-12-04,170.1657257080078,170.66558699430394,169.37905405112207,170.06738393607097,91316600
2014-12-05,170.44442749023438,170.82956734111156,170.07568002765987,170.33789572185978,91025500
2014-12-08,169.30538940429688,170.54274581116482,168.74816077150885,170.05108672735784,108588200
2014-12-09,169.190673828125,169.29720559348533,167.09289831896595,167.4698357131623,125180100
2014-12-10,166.4783172607422,168.78914382738364,166.28983605742877,168.73178922478323,159856400
2014-12-11,167.3223419189453,168.96123060025533,166.92901213647482,167.06831617393877,159012800
2014-12-12,164.61814880371094,167.01912686949117,164.58537653656094,166.05217618825847,202330200
2014-12-15,163.48731994628906,165.96204511457663,162.8891291370386,165.51134827045897,189965800
2014-12-16,162.1761932373047,165.85548943461473,162.1352185294361,162.72521931231313,259543800
2014-12-17,165.3556365966797,165.80633339919441,162.48758194905534,162.61050607904625,253910100
2014-12-18,169.44467163085938,174.5170332580484,167.10106070549944,167.7730109550758,257633900
2014-12-19,170.16561889648438,170.8330299608426,169.41580612698328,170.0914523327618,245084600
2014-12-22,170.94845581054688,170.94845581054688,170.11625356296958,170.35519849075743,148318900
2014-12-23,171.17910766601562,171.57460822112338,170.8907142485549,171.5251722233269,122167900
2014-12-24,171.1956329345703,171.66528760272422,171.1544320686209,171.4016246915783,42963400
2014-12-26,171.74771118164062,172.08554072356443,171.59115541476174,171.6405914310939,57326700
2014-12-29,171.97837829589844,172.18437002799178,171.5004759687134,171.5663948317118,79643900
2014-12-30,171.0555877685547,171.69003343058083,170.9814211687312,171.55820824001478,73540800
2014-12-31,169.35809326171875,171.54161234473455,169.23450329801702,171.3768215355546,130333800
2015-01-02,169.26751708984375,170.4622791732047,168.23755844745486,170.05029571624917,121465900
2015-01-05,166.2105712890625,168.3940781142746,165.90570761947222,168.22928728132675,169632600
2015-01-06,164.6450958251953,167.0345951519791,163.85408195469216,166.5154919065633,209151400
2015-01-07,166.69677734375,167.0346068627928,165.51851045850196,165.96344714809652,125346700
2015-01-08,169.65478515625,169.869024603716,168.0810178817393,168.09748816790014,147217800
2015-01-09,168.29522705078125,170.08323358464872,167.68548706306586,170.06675072748448,158567300
2015-01-12,166.97686767578125,168.58361300055998,166.3753754296801,168.42705729628014,144396100
2015-01-13,166.50721740722656,169.3086995814917,165.21358345782082,168.18810419723846,214553300
2015-01-14,165.5020294189453,165.69978604579808,163.61515032375922,164.50502371274675,192991100
2015-01-15,163.9858856201172,166.44953844924805,163.87053076429905,166.13643959644816,176613900
2015-01-16,166.13644409179688,166.29299980880108,163.59862462239275,163.77989833968851,211879600
2015-01-20,166.49073791503906,167.0345590476675,164.93344108813844,166.77088362357995,130991100
2015-01-21,167.33123779296875,167.8091402128895,165.56794872699774,166.02936828478605,122942700
2015-01-22,169.81959533691406,169.95142049511813,166.71323638005796,168.08102454992158,174356000
2015-01-23,168.88845825195312,169.81954466137304,168.75662056035247,169.56410441912143,117516800
2015-01-26,169.2839813232422,169.3746181767097,167.96564194967536,168.6742539205843,92009700
2015-01-27,167.0510711669922,168.18813705752373,166.22710418148955,167.24058005329104,134044600
2015-01-28,164.90875244140625,168.32821041180577,164.7192435545721,168.2293383965425,168514300
2015-01-29,166.43312072753906,166.68854851946722,163.70577903803246,165.10653318029964,173585400
2015-01-30,164.34019470214844,166.5813856624894,164.07653183355734,165.26304617405987,197729700
2015-02-02,166.37538146972656,166.4660183242982,163.0300781381961,164.83456751474483,163107000
2015-02-03,168.78140258789062,168.78965030470357,166.8945236303613,167.26530627751242,124212900
2015-02-04,168.138671875,169.2263141420528,167.68548759706135,168.02331701995527,134306700
2015-02-05,169.83604431152344,169.9843648834055,168.72369659972196,168.79785059929478,97953200
2015-02-06,169.3663330078125,170.75883853943807,168.84723003921707,170.19853472730244,125672000
2015-02-09,168.60836791992188,169.4405700473822,168.2046195716701,168.72372279474547,87219000
2015-02-10,170.4045867919922,170.66001451068226,168.64953333130174,169.63830363592191,96164200
2015-02-11,170.50344848632812,170.93191475424672,169.59709252553162,170.23978564104155,91087800
2015-02-12,172.14315795898438,172.20084167512883,170.53642506781642,171.29447308383575,97545900
2015-02-13,172.85174560546875,172.90118159934494,172.011295991369,172.2667362476208,93670400
2015-02-17,173.1237030029297,173.29674160106663,172.29150087771853,172.53868091400219,76968200
2015-02-18,173.1401824951172,173.2143365045599,172.48924155159625,172.7529170154878,80652900
2015-02-19,173.01654052734375,173.37908792130824,172.4068131581628,172.54688600169723,91462500
2015-02-20,174.0548095703125,174.12896358965654,171.98664416406976,172.60461947074984,140896400
2015-02-23,174.030029296875,174.030029296875,173.42852449454887,173.80755474570321,74411100
2015-02-24,174.52442932128906,174.72218590601705,173.65926155061786,173.9558901413412,72472300
2015-02-25,174.3761444091797,174.87876479412583,174.03831491363218,174.40086241395255,73061700
2015-02-26,174.1701202392578,174.4420308138925,173.56861537442805,174.28547509764192,72697900
2015-02-27,173.57684326171875,174.3348911834696,173.52740726702078,174.07121578143355,108076000
2015-03-02,174.6727294921875,174.7304006313667,173.62628811764523,173.6757241148662,87491400
2015-03-03,173.95591735839844,174.72221324296856,173.0989971693117,174.24431085132318,110325800
2015-03-04,173.22256469726562,173.43680414626542,172.25852489497942,173.36263756706063,114497200
2015-03-05,173.41207885742188,173.6922245852403,172.90945854681257,173.54390400580067,76873000
2015-03-06,170.97314453125,172.98362592918326,170.64356277570667,172.5551595887865,188128000
2015-03-09,171.6817169189453,172.03601659558407,171.01430584603222,171.17086154416938,89818900
2015-03-10,168.89671325683594,170.40457402843026,168.85551240177332,170.3221848910408,157121300
2015-03-11,168.50123596191406,169.32520288593318,168.41883424041714,169.15216429988467,110145700
2015-03-12,170.6435089111328,170.70941518324733,169.0779646346296,169.12740062508254,93993500
2015-03-13,169.59710693359375,171.32742986360563,168.5671483183235,170.37163782391494,162410900
2015-03-16,171.86305236816406,171.9536892484566,169.62186093978443,170.32223797593045,136099200
2015-03-17,171.3521270751953,171.73114473108768,170.54463062567154,171.12965253724616,94510400
2015-03-18,173.41207885742188,174.07949003305748,170.2480364143264,170.8824944460516,228808500
2015-03-19,172.62106323242188,173.4203121205103,172.23379778880226,173.00009353333743,117917300
2015-03-20,174.14476013183594,174.64962400770247,173.38332836688056,173.56541124859362,177715100
2015-03-23,173.80543518066406,174.72412155748765,173.80543518066406,174.15304453556226,71784500
2015-03-24,172.8288116455078,174.13647945569306,172.7625985389774,173.68128487019177,77805300
2015-03-25,170.2961883544922,173.2674427644094,170.2548162178568,173.035703232279,159521700
2015-03-26,169.8906707763672,170.8010725816422,168.93887157179836,169.6341028800728,153067200
2015-03-27,170.2797088623047,170.4535072626137,169.58447737448242,169.77484484187508,118939000
2015-03-30,172.35708618164062,172.6550389126073,171.289429595846,171.3059734044997,96180400
2015-03-31,170.8507080078125,172.2328859210729,170.79277943949455,171.53765469925668,126768700
2015-04-01,170.24652099609375,170.84242622096593,169.26162173196178,170.81759788900095,137303600
2015-04-02,170.8590087890625,171.3059314616564,169.99825105308088,170.18033393458242,86900900
2015-04-06,172.00941467285156,172.52255039083195,169.84098940901742,169.9734029747544,114368200
2015-04-07,171.55422973632812,172.7791406227922,171.52112949782202,172.0342652822478,81236300
2015-04-08,172.1335906982422,172.57224150514753,171.38871530546015,171.77770943669464,89351900
2015-04-09,172.89501953125,173.12675909960655,171.47975378370523,171.96806125782373,85548900
2015-04-10,173.83859252929688,173.87997731513576,172.94474682526737,173.14337359111235,72722900
2015-04-13,173.0522918701172,174.32687225591252,173.0026351902037,173.69785396671355,74436600
2015-04-14,173.38331604003906,173.5653989088068,172.23289025765612,172.85362386603953,75099900
2015-04-15,174.16134643554688,174.66621043461103,173.76408033707625,173.8468498958192,99529300
2015-04-16,174.11166381835938,174.61652774222532,173.63162823264585,173.83026756672515,68934900
2015-04-17,172.10874938964844,173.1681338203195,171.33076118581155,172.9281223630453,191113200
2015-04-20,173.68130493164062,174.0123578736731,172.94470140108723,173.02745832216522,92189500
2015-04-21,173.47438049316406,174.51720854723484,173.17642781644966,174.35995399162735,72559800
2015-04-22,174.3268280029297,174.5089108689643,172.8949934083068,173.81367964007876,78264600
2015-04-23,174.76553344726562,175.41109558208242,173.81373405341733,173.92960385636235,102585900
2015-04-24,175.17103576660156,175.43588819302647,174.72411308308304,175.1793202979641,61327400
2015-04-27,174.44271850585938,175.8579842078044,174.25235108673922,175.73384252477726,79358100
2015-04-28,174.9972686767578,175.04692535836938,173.25093714320545,174.41791967652122,86863500
2015-04-29,174.27725219726562,174.87314511030422,173.47443535967182,174.11171305762147,125684900
2015-04-30,172.53085327148438,174.09510155353598,171.8356219903494,173.7061074585782,161304900
2015-05-01,174.4013214111328,174.44270617883703,173.20951082285615,173.30882416225984,103399700
2015-05-04,174.89794921875,175.47729819879763,174.7158663066121,174.82345157006768,70927200
2015-05-05,172.89501953125,175.01380114443174,172.75432140966632,174.6579072601889,113326200
2015-05-06,172.18328857421875,173.74753737644474,171.12390381021717,173.4413127172941,135060200
2015-05-07,172.87020874023438,173.29231577668872,171.75289555700596,172.0839485085861,88244900
2015-05-08,175.1461944580078,175.34483376311425,174.45097583342212,174.53374536776425,155877300
2015-05-11,174.31031799316406,175.36970260739656,174.2358329723651,175.10486276826882,75708100
2015-05-12,173.7888641357422,174.3268408719613,172.66326662118848,173.48263957883145,119727600
2015-05-13,173.8219757080078,174.8151470066639,173.59023615928334,174.19441336639656,94667900
2015-05-14,175.63453674316406,175.72557819092486,174.55859580477068,174.8317201480531,95934000
2015-05-15,175.8249053955078,175.96560352970437,175.34486978120518,175.8249053955078,76510100
2015-05-18,176.37112426757812,176.61940762185802,175.59313608054563,175.6593491846397,74549700
2015-05-19,176.313232421875,176.76016784240818,176.0318361223463,176.487043447385,72114600
2015-05-20,176.1890869140625,176.93396242708732,175.87457774556415,176.412541990653,76857500
2015-05-21,176.7021942138672,176.90910544830965,175.88282117908557,176.04836026972717,64764600
2015-05-22,176.28012084960938,176.73531551654153,176.21390773123392,176.32149299834063,57433500
2015-05-26,174.3848114013672,176.21391253841256,173.97098887187707,175.79180547586134,124308600
2015-05-27,176.0400848388672,176.27182442311454,174.43445155596746,174.84000214283043,93214000
2015-05-28,175.8414764404297,175.9490617114826,175.1545295195559,175.73387854051526,74974600
2015-05-29,174.7489776611328,175.8166342330428,174.4841378086408,175.77526208308507,124919600
2015-06-01,175.10487365722656,175.7421512688393,174.31860073702902,175.41109829212778,93338800
2015-06-02,174.93101501464844,175.61796175173745,174.02888516416186,174.6496187981613,91531000
2015-06-03,175.39454650878906,176.0152803282407,174.90623893508064,175.46075963166066,87820900
2015-06-04,173.91305541992188,175.34487779582446,173.59854626507146,174.69104377421863,151882800
2015-06-05,173.61505126953125,174.28544152933597,172.9612048127622,173.76402126999574,121704700
2015-06-08,172.5474090576172,173.65646284624262,172.47292404588495,173.50748019391892,89063300
2015-06-09,172.52261352539062,173.06059040197962,171.89360781417042,172.52261352539062,105034700
2015-06-10,174.59173583984375,174.97245815240086,173.2261264410295,173.28405503252117,134551300
2015-06-11,175.15455627441406,175.53526599111441,174.79866227433666,175.03040191811866,73876400
2015-06-12,173.81369018554688,175.03032912383966,173.5405658699242,174.33511048163183,135382400
2015-06-15,173.06886291503906,173.35025921087504,171.976365349283,172.67986871773456,124384200
2015-06-16,174.01231384277344,174.09508337176823,172.7460183480668,172.919816678556,85308200
2015-06-17,174.29371643066406,174.89790623101047,173.2757168567306,174.29371643066406,126708600
2015-06-18,176.10629272460938,176.56977187934456,174.32686112078122,174.8896536289997,165867900
2015-06-19,175.3245086669922,175.9399495901097,174.95025936778484,175.86510226832593,130478700
2015-06-22,176.2227325439453,176.80489958980397,176.01481483540366,176.2393695139098,70696000
2015-06-23,176.34750366210938,176.68017965818558,175.95662998844378,176.43067583370134,68476800
2015-06-24,175.06666564941406,176.4555540630857,175.0417165460171,176.08130482184498,92307300
2015-06-25,174.534423828125,175.6904456611954,174.45957650641196,175.565700125007,97107400
2015-06-26,174.50120544433594,175.13327080009117,173.95229956970314,174.8920791171654,104174800
2015-06-29,170.84181213378906,174.50948336281797,170.7669648083695,173.02911037205925,202621300
2015-06-30,171.19944763183594,172.42200478287117,170.72538916130435,172.37209387258633,182925100
2015-07-01,172.57168579101562,173.01247028648763,171.78991323216673,172.7629665159609,135979900
2015-07-02,172.41366577148438,173.2120752966029,171.997830385343,173.0457436802041,104373700
2015-07-06,171.92298889160156,172.69643664471428,170.93329860857745,171.13290416919813,117975400
2015-07-07,173.00416564941406,173.12891119494245,169.75232973288658,172.12259662024158,173820200
2015-07-08,170.10162353515625,171.95624582037016,169.86875673209303,171.67348080097753,164020100
2015-07-09,170.40936279296875,172.44696665569074,170.30125420507525,172.18913801615184,144113100
2015-07-10,172.55506896972656,172.97090440572762,170.45094267878432,172.39704947359968,129456900
2015-07-13,174.4595489501953,174.56765750105313,173.76926081497862,173.81084688390231,106069400
2015-07-14,175.2163848876953,175.52411168997082,174.359765043281,174.41798808624523,81709600
2015-07-15,175.158203125,175.71542108724967,174.68414463590213,175.2579995688983,97914100
2015-07-16,176.56369018554688,176.56369018554688,175.96488627297958,176.20606518957223,106683300
2015-07-17,176.71343994140625,176.77166299925895,176.1479097866224,176.555420430425,89030000
2015-07-20,176.8048858642578,177.29556857265433,176.48885960120506,176.93795623306366,70446800
2015-07-21,176.10630798339844,176.92966671909812,175.80690596044315,176.67183808770818,77965000
2015-07-22,175.7902374267578,176.12291333158248,175.3910390312564,175.42430027659478,88667900
2015-07-23,174.80055236816406,176.02310938745734,174.4429400365433,175.9233129582215,90509100
2015-07-24,172.98756408691406,174.95862025143398,172.65490077055605,174.90040988170279,117755000
2015-07-27,171.9811553955078,172.61323316448957,171.54037099886844,172.10591359794236,132361100
2015-07-28,174.0936279296875,174.2350104248588,171.98950208870576,172.8128479541322,123544800
2015-07-29,175.29122924804688,175.51577119011958,174.07698449596467,174.21836698588396,105791300
2015-07-30,175.3328399658203,175.4991715837956,174.16849325941527,174.78393420524174,91304400
2015-07-31,175.06666564941406,175.85675020098594,174.78390068405764,175.831801097589,103266900
2015-08-03,174.47618103027344,175.09162188312953,173.5280769917199,175.03341153626167,113965700
2015-08-04,174.13526916503906,174.85881883726543,173.65289848679092,174.40139727252222,81820800
2015-08-05,174.70912170410156,175.74038555527554,174.42634393786176,175.02514803415897,85786800
2015-08-06,173.27857971191406,175.00013130589087,172.69640012246344,174.8920100638009,116030800
2015-08-07,172.94593811035156,173.27028921059227,172.0477321350029,173.1205945598454,117858000
2015-08-10,175.12493896484375,175.2080984366142,174.05207644959614,174.05207644959614,80270700
2015-08-11,173.5447235107422,174.21006260904733,172.78790012779152,173.7942272588926,126081400
2015-08-12,173.75265502929688,173.93562361316572,170.7919091307483,172.24733297224856,172123700
2015-08-13,173.5364227294922,174.2766091935983,172.99582912473872,173.59463308337382,89383300
2015-08-14,174.16847229003906,174.2433196055732,173.20373125552976,173.34511374830117,72786500
2015-08-17,175.1415252685547,175.1415252685547,173.1205716096502,173.57799302121936,79072600
2015-08-18,174.63426208496094,175.2164292104266,174.40139523477467,174.8671289351472,71692700
2015-08-19,173.25363159179688,174.65914429551103,172.44691006613112,173.89400883936875,172946000
2015-08-20,169.63589477539062,173.22870604693054,169.57767172781692,171.7483330321831,194327900
2015-08-21,164.52940368652344,169.61091178762499,164.27158781942728,167.77291409561514,346588500
2015-08-24,157.60159301757812,164.23832145522258,151.69672614502622,155.92993952821706,507244300
2015-08-25,155.7469940185547,162.55005506026404,155.45590416290756,162.53341809100982,369833100
2015-08-26,161.72669982910156,162.00114000948767,156.66181531070703,159.74731938075684,339257000
2015-08-27,165.72705078125,165.85179633033704,162.35046922286938,163.85579140320547,274143900
2015-08-28,165.73538208007812,166.20111577089492,164.60430910654108,165.086679769256,160414400
2015-08-31,164.3963623046875,165.61060723271672,163.8474565417309,164.7622994799919,163298800
2015-09-01,159.489501953125,161.9845141823555,158.62455727376357,160.61224984210565,256000400
2015-09-02,162.51678466796875,162.5583707436198,160.030084551383,161.85975766743235,160269300
2015-09-03,162.63320922851562,164.7123859952052,162.142526557246,163.22368832369426,152087800
2015-09-04,160.1714630126953,161.22768839418165,159.35642924972285,160.38770552450615,207081000
2015-09-08,164.19677734375,164.34648470255686,162.31720570517717,162.95759584228583,116025700
2015-09-09,162.0011444091797,165.8933702286587,161.63521992863076,165.76862468873168,149347700
2015-09-10,162.8826904296875,164.022075079209,161.55201240710525,161.80982826003762,158611100
2015-09-11,163.62294006347656,163.68947525938052,161.784941761217,162.4918671136917,119691200
2015-09-14,163.01576232910156,163.8474329933412,162.53339182100814,163.79753478393275,79452000
2015-09-15,165.0533905029297,165.4941750062351,162.97421352873837,163.51479446591247,113806200
2015-09-16,166.48387145996094,166.67516490028117,165.0118231323593,165.35281124045304,99581600
2015-09-17,166.10958862304688,168.73767113237793,165.73533933874756,166.35078023734928,276046600
2015-09-18,163.39511108398438,166.09536955900396,162.98548197154713,163.61247780284123,223657500
2015-09-21,164.23948669433594,165.25938825858097,163.19449355908208,164.222763232418,105726200
2015-09-22,162.1077117919922,162.5675113614586,160.97911400841684,162.08263297513628,153890900
2015-09-23,161.8485565185547,162.7430640899207,161.27171821475747,162.27490916401717,92790600
2015-09-24,161.2633056640625,161.72310510967256,159.30708193866133,160.6363098990292,159378800
2015-09-25,161.22152709960938,163.01890997892332,160.35208576954818,162.71795148101944,155054800
2015-09-28,157.17530822753906,160.43569415903292,156.86599437037327,160.32701080110434,178515900
2015-09-29,157.26727294921875,158.62159264192638,156.2724375057759,157.39267977135148,159045600
2015-09-30,160.20166015625,160.36885653634806,158.37082981695073,159.14829872472652,163452000
2015-10-01,160.61962890625,160.9205874393847,158.6884836337457,160.57782662959664,131079000
2015-10-02,163.01889038085938,163.04396918964787,158.10323975814075,158.64664371316678,211003300
2015-10-05,165.9198455810547,166.1455676897734,164.13081768721608,164.23950106479637,126320800
2015-10-06,165.35134887695312,166.3461843870021,164.6909188253841,165.7860695948451,110274500
2015-10-07,166.7056427001953,167.05675880972396,165.09216691041397,166.27927740156187,124307300
2015-10-08,168.21046447753906,168.49469955536287,166.02015014140514,166.32110868153157,153055200
2015-10-09,168.3107147216797,168.7872247849869,167.68371906830862,168.35251698315628,107069200
2015-10-12,168.4696044921875,168.67023499541276,167.95964736938504,168.38599994500169,56395600
2015-10-13,167.4078369140625,169.00458888196098,167.2406406269482,167.74222948829112,88038700
2015-10-14,166.60533142089844,167.926204207173,166.31274101172406,167.34936598496148,99106200
2015-10-15,169.16351318359375,169.17186853737633,166.89796219451011,167.26580186118926,134142200
2015-10-16,169.9325714111328,169.94928211326217,168.80397396060275,169.56473186410787,114580100
2015-10-19,170.01622009277344,170.01622009277344,168.97959493831587,169.28890886262784,76523900
2015-10-20,169.798828125,170.40910048332756,169.3306732881316,169.5814741668147,78448500
2015-10-21,168.7455291748047,170.36734811869508,168.5783200358582,170.21687520116285,102038000
2015-10-22,171.59620666503906,171.80520526590783,168.74547544394838,169.69014044561686,174911700
2015-10-23,173.4772186279297,173.84505825852705,172.465672400051,173.25986464451492,144442300
2015-10-26,173.05088806152344,173.36020199199555,172.68304838406166,173.30168900127154,69033000
2015-10-27,172.71649169921875,173.05088444104308,172.0393253491865,172.38208620112897,77905800
2015-10-28,174.68104553222656,174.70612434633904,172.39042880152962,173.05085883359754,135906700
2015-10-29,174.5807342529297,174.94857387664396,174.0624217411126,174.17946046172494,90525500
2015-10-30,173.82830810546875,175.0906678035745,173.66947988597488,174.7729858520625,131076900
2015-11-02,175.88485717773438,176.07713231346827,174.02894863279155,174.15435544360557,86270800
2015-11-03,176.39488220214844,176.94664176722318,175.30808653780127,175.53380867919853,95246100
2015-11-04,175.85983276367188,176.81286614184535,175.32479670498265,176.68747204850644,96224500
2015-11-05,175.68426513671875,176.37814220541284,174.79811287625287,175.918342610945,78408700
2015-11-06,175.59231567382812,175.82640591825935,174.27145531472624,175.3415274766989,110471500
2015-11-09,173.95375061035156,175.13250600846715,173.00907266992726,174.98202035351434,131008700
2015-11-10,174.35501098632812,174.3884579098564,173.2097026026275,173.47721420953502,75874600
2015-11-11,173.6695556640625,174.67274682266824,173.6026745526531,174.62258917817812,67846000
2015-11-12,171.24510192871094,173.10101064828578,171.22839122403954,172.6328557922242,121315200
2015-11-13,169.3223114013672,171.10298367355642,169.23871960957644,170.8354720810577,153577100
2015-11-16,171.89718627929688,171.9557120177363,169.02136313702593,169.13841461390479,117645200
2015-11-17,171.7717742919922,173.08427889656232,171.27854064628644,172.20649496162457,121123700
2015-11-18,174.4971466064453,174.63926415551094,172.2065296016327,172.24831912597872,121342500
2015-11-19,174.3466033935547,174.7646005185662,174.05400030354267,174.38003755080126,88220500
2015-11-20,174.9820098876953,175.65916340382003,174.60581490721088,175.09904860954077,94011500
2015-11-23,174.7813720703125,175.54211735241194,174.32157255502375,175.04052831813067,64931200
2015-11-24,175.01544189453125,175.41671565576152,173.3936106327194,173.77816093332171,98874400
2015-11-25,174.9904022216797,175.3415184358229,174.73123317089866,175.14087513219863,51980100
2015-11-27,175.19102478027344,175.39166807474834,174.60583111671977,175.08234140123307,37317800
2015-11-30,174.46368408203125,175.46687487233424,174.35500072135858,175.34983615940328,112822700
2015-12-01,176.12728881835938,176.2443402768816,174.81478428274357,175.0906639572706,97858400
2015-12-02,174.32992553710938,176.3948328952947,174.0791246452473,176.0771509151852,108441300
2015-12-03,171.8888397216797,174.84825481223766,171.1698838993245,174.58074318982835,166224200
2015-12-04,175.2411651611328,175.53376834223343,171.8888317671986,171.8888317671986,192913900
2015-12-07,174.17945861816406,175.33312235019997,173.21805729249317,174.9151251015423,102027100
2015-12-08,173.009033203125,174.12926260313878,172.03092131598504,172.6244829344692,103372400
2015-12-09,171.66307067871094,174.45528864716988,170.69331420560488,172.37367095351095,162401500
2015-12-10,172.106201171875,173.41035068377516,171.49592869643763,171.73000615979072,116128900
2015-12-11,168.7705535888672,170.65989634100308,168.461226986545,169.999466377622,211173300
2015-12-14,169.623291015625,169.74869785330552,167.1571096164172,168.92942675677097,182385200
2015-12-15,171.4039306640625,172.30680614603733,169.59817970011284,171.12805098154834,154069600
2015-12-16,173.9119415283203,174.21290007018928,171.21168276083145,172.5241875432432,197017000
2015-12-17,171.2618408203125,174.2881369527101,171.2451173578712,174.22125585920915,173092500
2015-12-18,168.21080017089844,170.65801278641152,168.05101383942815,170.52346735712578,251393500
2015-12-21,169.59837341308594,169.77498271244173,168.2696396253656,169.3797258906182,99094300
2015-12-22,171.13735961914062,171.43170419116151,169.49747102460722,170.48140418132726,111026200
2015-12-23,173.25662231445312,173.298673375871,172.04562360583907,172.13813080808546,110987200
2015-12-24,172.9706573486328,173.5172954022791,172.75200982648252,173.00430332569002,48539600
2015-12-28,172.5754852294922,172.61752347005012,171.50744957629388,172.28114055247207,65899900
2015-12-29,174.4171600341797,174.745137796761,173.63506415117155,173.66869730253606,92640700
2015-12-30,173.18093872070312,174.2573920814353,173.03797536652527,174.17328995206796,63317700
2015-12-31,171.44850158691406,173.14726410227843,171.44850158691406,172.50813170157173,114877900
2016-01-04,169.0517578125,169.06016289116468,167.0081944650401,168.6060448318298,222353500
2016-01-05,169.33766174316406,169.7917797415429,168.2359934734525,169.3712948854894,110845800
2016-01-06,167.20166015625,168.24445473490096,166.17567573828563,166.7979853204654,152112600
2016-01-07,163.19017028808594,166.04105701301776,162.80331858600363,164.26661046060315,213436100
2016-01-08,161.39894104003906,164.70395940691208,161.11301435487553,164.14891619534833,209817200
2016-01-11,161.55873107910156,162.65199453635876,159.6329156175855,162.31559887064284,187941300
2016-01-12,162.86224365234375,163.61070639481204,160.74299578460875,162.99680192411364,172330500
2016-01-13,158.80032348632812,163.87137018171097,158.4218896556032,163.52656949568546,221168900
2016-01-14,161.40737915039062,162.52587088179183,157.81644619567527,159.40587911246965,240795600
2016-01-15,157.94252014160156,158.74143880451985,156.01670514015936,157.06791728404644,324846400
2016-01-19,158.15274047851562,159.87673072010756,156.5885365136232,159.75059041333304,195244400
2016-01-20,156.12606811523438,157.68186767584265,152.23238592197683,155.60467084575157,286547800
2016-01-21,157.00070190429688,158.83401046805514,155.27671072200022,156.59703987018045,195772900
2016-01-22,160.2216339111328,160.42345853118314,158.84244340131656,159.59931139087715,168319600
2016-01-25,157.7996368408203,159.9104672764391,157.60621730128364,159.71704773690246,130371700
2016-01-26,159.95249938964844,160.2300210433145,158.11919085790737,158.45557374176562,141036800
2016-01-27,158.2117156982422,161.0962371035639,157.31187149380608,159.43111982828253,185681700
2016-01-28,159.0358123779297,159.95246645505898,157.39592370045483,159.75064189917398,143798800
2016-01-29,162.91265869140625,163.0472169292255,159.68333797682342,159.8010732268703,210529300
2016-02-01,162.8538360595703,163.63594483563136,161.3316824062476,161.9119537618643,136061600
2016-02-02,159.9187469482422,161.44089953540774,159.39733718534978,161.43249446084533,182564900
2016-02-03,160.8775177001953,161.28117959209968,157.34544727362672,160.97002488710882,205054900
2016-02-04,161.12979125976562,162.09690123151802,159.75060153689353,160.38132877903953,139531800
2016-02-05,158.06028747558594,161.18869647745353,157.42956006121233,160.61684311453553,180788300
2016-02-08,155.93264770507812,156.5213241078544,153.7293105266084,156.22699232255783,191526700
2016-02-09,155.94102478027344,157.21089739840755,154.06566570815127,154.20022395667345,184513100
2016-02-10,155.8064422607422,158.38821227452095,155.68028912072648,156.7651470968436,148214100
2016-02-11,153.77976989746094,154.82257728439015,152.29124945106454,153.34246191814435,219058900
2016-02-12,156.95021057128906,156.96702072947815,154.70482256358872,155.54579243158952,127632400
2016-02-16,159.59925842285156,159.62448649198512,157.79117836331056,158.749883486931,120250700
2016-02-17,162.20623779296875,162.57626650944246,160.6336157479555,160.75976890066923,136009500
2016-02-18,161.54190063476562,162.53425176261555,161.23074588649382,162.47537771176306,102343000
2016-02-19,161.46624755859375,161.6176160062314,160.16274143113696,160.76824088605645,114793000
2016-02-22,163.80410766601562,163.94707100179681,162.97154288827403,163.03882201667372,103640300
2016-02-23,161.73536682128906,163.4173069280054,161.61761869492165,163.14819035148213,111455300
2016-02-24,162.47537231445312,162.7528939045773,159.2124180251303,160.31408647453802,150812200
2016-02-25,164.44326782226562,164.4516857348463,162.16424631288385,162.92111417848423,110728300
2016-02-26,164.06484985351562,165.40198920120343,163.90506348514066,165.3094948112864,129833700
2016-02-29,162.7781219482422,165.02350990560976,162.5847024759486,164.08162778086034,125918100
2016-03-01,166.6044921875,166.68859428250045,163.52654029384752,163.99748122862272,141799700
2016-03-02,167.35302734375,167.40348348979975,165.88132986710897,166.29340978015458,102415000
2016-03-03,168.00900268554688,168.02582568027182,166.60458418236553,167.17643768116196,95172200
2016-03-04,168.55555725097656,169.32926069685254,167.3782047588692,168.20235150334435,129293600
2016-03-07,168.69012451171875,169.09379924390373,167.56322809010834,167.63891229032535,100219000
2016-03-08,166.848388671875,168.12666624967974,166.6886152028066,167.62209211288447,123974900
2016-03-09,167.67254638671875,168.01733421844816,166.873614889325,167.65572339935795,94801200
2016-03-10,167.80715942382812,169.0938554158522,165.990673854292,168.1603781398722,156838700
2016-03-11,170.51507568359375,170.5571267507958,167.79034104660434,169.2536206606367,137964500
2016-03-14,170.29641723632812,170.7505353694644,169.682512757327,170.0104905290874,73612000
2016-03-15,170.01889038085938,170.32164007103475,169.07700815906168,169.33770678601047,93169100
2016-03-16,171.00277709960938,171.40645179803926,169.49744697060842,169.53949802238395,129303200
2016-03-17,172.08773803710938,172.59231246338229,170.52353293450798,170.91878995945797,134278500
2016-03-18,172.763916015625,173.10203378785332,172.2736362170376,172.5863958012671,138372400
2016-03-21,173.00901794433594,173.23725449310788,172.2736048296266,172.50184137839855,72926700
2016-03-22,172.91604614257812,173.4824004429276,172.07920023384244,172.23979777406544,97471900
2016-03-23,171.77491760253906,172.72165773645887,171.605845808596,172.53568908181504,81052500
2016-03-24,171.6988067626953,171.73262627622688,170.53229151316006,170.7520667576545,84360900
2016-03-28,171.80026245117188,172.32434885627111,171.35225060841947,172.11302202861935,62408200
2016-03-29,173.38943481445312,173.49932889445788,171.09019785277664,171.3945090064799,92922900
2016-03-30,174.1502685546875,174.8687722475735,173.78677959374645,174.38695364156405,86365300
2016-03-31,173.72756958007812,174.47989260303018,173.56695912039737,174.0572389294983,94584100
2016-04-01,174.9109344482422,175.09690303239768,172.42572964031146,172.73850202186136,114423500
2016-04-04,174.3446502685547,175.03780852386896,174.04033909033305,174.8349301055988,63497000
2016-04-05,172.6032257080078,174.35300436225742,172.34963104697388,173.00896942664593,99662200
2016-04-06,174.4883575439453,174.54753525505535,172.42580535820343,172.60332559316583,91839800
2016-04-07,172.40042114257812,173.7613664106227,171.67345634911894,173.4063388926588,113859000
2016-04-08,172.86532592773438,174.0064958303684,172.33277825338988,173.57538089461733,95040600
2016-04-11,172.4595947265625,174.19247722872257,172.36661040990907,173.49931906851236,83757500
2016-04-12,174.065673828125,174.3446267787749,172.18909063165515,172.62865402950032,115350600
2016-04-13,175.82395935058594,175.90849525962125,174.84339955859917,174.97865185370813,96336400
2016-04-14,175.8323211669922,176.33106214723014,175.48575506675132,175.88305042644538,65212900
2016-04-15,175.637939453125,175.96760876484055,175.3167185705019,175.83235650917135,75761600
2016-04-18,176.87205505371094,176.90586166105635,174.97856258331203,175.63790106262655,82531000
2016-04-19,177.42999267578125,177.6835874391158,176.61850491114927,177.29475331391956,88316100
2016-04-20,177.59906005859375,178.2922053029783,176.99888623015522,177.47225623087934,81100300
2016-04-21,176.64385986328125,177.72585212855617,176.37335534777992,177.61595805683808,85695000
2016-04-22,176.64385986328125,176.91435148041737,175.74783622782223,176.28883236045968,99251700
2016-04-25,176.33956909179688,176.38183703951964,175.4350840243229,176.0437063561041,66166500
2016-04-26,176.60159301757812,177.10878253811143,176.1282230108752,176.70302576233865,75864200
2016-04-27,176.96511840820312,177.3539526090219,175.8662161522768,176.2212437306466,77329400
2016-04-28,175.3589630126953,177.31162043566903,174.94477077046653,176.21273147612357,97216200
2016-04-29,174.41224670410156,175.0884950847974,173.31334469776647,174.74191601616556,142424100
2016-05-02,175.7985076904297,175.9760149473119,174.47983076014273,174.91093271093288,62188000
2016-05-03,174.26858520507812,174.80958145160974,173.52471052920916,174.57289639990015,106422100
2016-05-04,173.29644775390625,174.00651570023666,172.79771953438598,173.27955089445425,92243800
2016-05-05,173.2626190185547,174.1163746530698,172.8399654156209,173.76134717440914,67619200
2016-05-06,173.89662170410156,173.93888964948354,172.34125934162606,172.493408466962,89315000
2016-05-09,174.040283203125,174.47138519285198,173.59227145938036,173.76979163065798,74374900
2016-05-10,176.20425415039062,176.22116390313903,174.67425043489416,174.74187654752566,77472200
2016-05-11,174.55593872070312,176.2803597523973,174.55593872070312,175.7478249814253,81727000
2016-05-12,174.60670471191406,175.39284734713166,173.60078678323023,175.2237755385305,89586300
2016-05-13,173.0851287841797,174.86027938305523,172.76392076124944,174.31083476350005,96474600
2016-05-16,174.79266357421875,175.26603365565558,173.1950331001858,173.25421080954908,77486800
2016-05-17,173.16116333007812,174.80950958337084,172.63706416101797,174.52210826707622,114924900
2016-05-18,173.2119140625,174.3868906401381,172.12992179956848,172.81461861769614,120062100
2016-05-19,172.61178588867188,172.8991873380156,171.41145080755814,172.49344335668513,115430500
2016-05-20,173.7022247314453,174.2178627686886,173.16967693441953,173.2203933153996,104990400
2016-05-23,173.46546936035156,173.99800404310588,173.279500773243,173.719051162443,58682600
2016-05-24,175.7140350341797,176.02680752513348,174.2516569275828,174.27701511625924,93537800
2016-05-25,176.9058837890625,177.32008894643684,175.71399758184626,176.3902458986021,76621400
2016-05-26,176.95660400390625,177.26937643499647,176.64384447118013,177.04113988222556,55280700
2016-05-27,177.71737670898438,177.72582513692376,177.06648660348105,177.1172029678438,64211200
2016-05-31,177.37928771972656,178.0978041123605,176.8213817841543,177.987910031557,109879400
2016-06-01,177.7427520751953,177.92025936762633,176.5762239886192,176.77064103692706,69936200
2016-06-02,178.28382873535156,178.3007256004987,176.87216659334342,177.34553678487066,63044700
2016-06-03,177.75120544433594,178.09778450843905,176.5508707110088,177.72584725899813,101757100
2016-06-06,178.65570068359375,179.01072819715816,177.94563275809935,178.10624320674253,64887000
2016-06-07,178.93463134765625,179.4925372247059,178.78248223484178,178.80784042031084,60974800
2016-06-08,179.51792907714844,179.6447329266397,178.94312623423025,179.06991718535417,66170900
2016-06-09,179.27276611328125,179.39110861431743,178.5204431641872,178.79093478154198,73786900
2016-06-10,177.57366943359375,178.24145637011725,177.0326605048946,177.90333868804305,113829200
2016-06-13,176.20425415039062,177.82724215846014,176.11973118337286,176.97348667091651,117751200
2016-06-14,175.85772705078125,176.44945248631808,174.9109869913078,175.82392043367116,125059300
2016-06-15,175.61257934570312,176.97352451986433,175.4266107207843,175.85771277035158,109124500
2016-06-16,176.1366424560547,176.30571420065445,173.78668966778545,175.61255616321228,149533100
2016-06-17,175.48069763183594,176.05848954865775,174.8264225780127,176.03299949147097,117055700
2016-06-20,176.61080932617188,178.1062822399764,176.52583382287239,177.43502243949953,82789600
2016-06-21,177.11219787597656,177.52005192164813,176.55139045977415,176.99323990576207,72461700
2016-06-22,176.82325744628906,178.0128368500405,176.67879647935067,177.29058387712084,95560500
2016-06-23,179.1259307861328,179.17691090402317,177.81739355365994,178.27622758011506,102731400
2016-06-24,172.6937255859375,179.1599690497868,172.25187618274555,173.02510939697018,333444400
2016-06-27,169.60073852539062,171.30014467107415,168.793510233839,171.29163934246415,230775800
2016-06-28,172.6597442626953,172.68523432981826,170.89235947131013,171.19825324223152,159382400
2016-06-29,175.59971618652344,175.82912678041743,173.9512894369087,174.05324970086158,137328600
2016-06-30,177.995849609375,178.04682973460984,175.5147174462101,176.0670323889565,165021900
2016-07-01,178.3696746826172,178.85401167706488,177.83435757621513,177.995803241031,106055300
2016-07-05,177.086669921875,177.6559695836352,176.49188019805416,177.54550400441005,109803700
2016-07-06,178.14878845214844,178.2677463898298,175.93955479184584,176.59382993181467,96021500
2016-07-07,178.03831481933594,178.989978277703,177.27358710678274,178.32721080270562,85593800
2016-07-08,180.68936157226562,180.93578273538094,179.1004209018401,179.32984437239284,133971000
2016-07-11,181.32664489746094,181.895957410873,180.94428107753305,181.14821449870038,73633900
2016-07-12,182.64369201660156,182.94109330937678,181.3521395804779,182.28681824453608,101275600
2016-07-13,182.6182098388672,183.06855149677048,182.1338857578233,183.06005913234583,87324100
2016-07-14,183.6378631591797,184.10520254210473,183.24700692287342,183.87577903313377,91230900
2016-07-15,183.39144897460938,184.3940925587036,182.9495996664013,184.19866444688634,107155400
2016-07-18,183.88429260253906,184.0457383025507,183.25550749866315,183.51042107944764,58725900
2016-07-19,183.69737243652344,183.73135486630622,183.2215406268984,183.4679488977955,54345700
2016-07-20,184.4620819091797,184.6999977903,183.6973541434992,183.6973541434992,58159500
2016-07-21,183.76527404785156,184.5724893162177,183.3234248512591,184.351571200641,67777300
2016-07-22,184.5895233154297,184.6405034317106,183.6208622097674,183.88426812084657,62787500
2016-07-25,184.08816528320312,184.43654665427843,183.5103734179036,184.3855665444508,55873100
2016-07-26,184.17320251464844,184.53007636851208,183.33199152418422,183.9862667389897,70080500
2016-07-27,183.97775268554688,184.61503012777584,183.21301197560646,184.5470523114183,84083900
2016-07-28,184.190185546875,184.47908155336592,183.32348456195902,183.7823186331244,65035700
2016-07-29,184.48757934570312,184.8444531816505,183.64638136291416,183.926785012325,79519400
2016-08-01,184.33462524414062,184.93790729136802,183.88428355859588,184.54705105677277,73311400
2016-08-02,183.1535186767578,184.24113768399988,182.3208132105284,184.0881843732158,92295500
2016-08-03,183.68881225585938,183.74829769702245,182.79663436193724,183.0940226714311,53993600
2016-08-04,183.88429260253906,184.19867867175537,182.04893037942287,183.79931708712982,46585500
2016-08-05,185.3882598876953,185.43074764581084,183.88429438086453,183.88429438086453,71892200
2016-08-08,185.2777862548828,185.67714779806195,185.01438033607144,185.57517459706514,39906500
2016-08-09,185.3882598876953,185.88108935785985,185.06538144999288,185.34578509502322,51251700
2016-08-10,184.929443359375,185.57521326150467,184.5810618613883,185.498743068906,57941100
2016-08-11,185.78759765625,186.0340188424602,185.1928080152213,185.4562139301453,72504300
2016-08-12,185.6261749267578,185.8386007360844,185.22681336798837,185.48171396682633,61313500
2016-08-15,186.1614532470703,186.509834637598,185.98302285271072,185.99151521634286,49813500
2016-08-16,185.20126342773438,185.8130376325855,185.20126342773438,185.74507280516514,53213600
2016-08-17,185.54966735839844,185.6856229701783,184.40257591828794,185.2352813509182,75134300
2016-08-18,185.96604919433594,186.00003161869705,185.41374728173182,185.52419988498724,52989300
2016-08-19,185.6941375732422,185.87258095575433,185.014385363815,185.498709461304,75443000
2016-08-22,185.68565368652344,185.91507719867337,185.0908639933967,185.45623017437353,61368800
2016-08-23,186.0595703125,186.59488764883562,186.00008484604226,186.29748624743894,53399200
2016-08-24,185.1078643798828,186.00854778048802,184.6915051059202,185.9150799012492,71728900
2016-08-25,184.9803924560547,185.3967517105413,184.57253853183752,184.72547889137803,69224800
2016-08-26,184.63206481933594,186.18702375500064,183.74837889844727,185.16738216460718,122506300
2016-08-29,185.54119873046875,185.80460465858852,184.72547792087752,184.7594733108918,70502200
2016-08-30,185.23532104492188,185.73664288466728,184.6830190811947,185.45623923732404,58114500
2016-08-31,184.70848083496094,185.0228668616284,183.93524783189295,184.90390893542113,85269500
2016-09-01,184.7169952392578,185.00589124231146,183.56139826160006,184.69999754335961,97844200
2016-09-02,185.54966735839844,185.97451892112989,184.98036782019116,185.5666650512311,79293900
2016-09-06,186.11048889160156,186.18695906708723,185.11633771396262,185.83008528271236,56702100
2016-09-07,186.09353637695312,186.27197979518363,185.4902542255133,185.94908835526408,76554900
2016-09-08,185.6686553955078,186.0340345407559,185.3627617021031,185.76212327308824,74102900
2016-09-09,181.2246856689453,184.41107246165055,181.19919561183895,184.36009234743784,221589100
2016-09-12,183.8247833251953,184.2241448580641,180.40048053816923,180.46845834859815,168110900
2016-09-13,181.18223571777344,182.81366454014253,180.56195592304442,182.55025858479638,182828800
2016-09-14,181.11427307128906,182.4313159238154,180.56197105189648,181.2332310277172,134185500
2016-09-15,182.924072265625,183.3064360464979,180.77432457814706,180.95276792412224,134427900
2016-09-16,182.21697998046875,182.49026474179965,181.53379413901084,182.31091998830942,155236400
2016-09-19,182.2511749267578,183.50654930012172,181.92665248084597,182.86605270272938,80250500
2016-09-20,182.25970458984375,183.25887768736118,182.22555050597774,183.10516476355983,69665300
2016-09-21,184.3092498779297,184.48858157217842,182.2767371368936,182.9599359014457,110284400
2016-09-22,185.47068786621094,185.76959142531237,185.06932207477823,185.31697497131336,76678700
2016-09-23,184.45445251464844,185.21450782267598,184.3605125088952,185.0778654450468,73630900
2016-09-26,182.95999145507812,183.80543861796872,182.7635631176334,183.62610686926803,89827300
2016-09-27,184.09576416015625,184.18969112891062,182.4304629810589,182.79768771836007,78494800
2016-09-28,185.0095672607422,185.1632932124232,183.36136235505222,184.31783305551744,87411000
2016-09-29,183.3357391357422,185.20599127847757,182.78918256246698,184.8046123697199,128070600
2016-09-30,184.71923828125,185.41950784937663,183.9164803870787,184.1641333605662,117202900
2016-10-03,184.27511596679688,184.49715006712572,183.6431547153356,184.30928307819204,83512100
2016-10-04,183.3357391357422,184.60819706254165,182.74649321420745,184.38616293403305,119948100
2016-10-05,184.14707946777344,184.57407727721062,183.89087817592335,183.95919938914597,72816000
2016-10-06,184.27511596679688,184.49715006712572,183.3869665345465,183.92497474513854,62927400
2016-10-07,183.64315795898438,184.71920046104418,182.91726971570253,184.5484039938564,89788300
2016-10-10,184.59970092773438,185.06085284036536,184.45452323244425,184.59970092773438,51855000
2016-10-11,182.2682342529297,184.24097459765528,181.54234597238792,184.1726534010862,130367400
2016-10-12,182.50735473632812,183.028292428927,181.9095475575587,182.40486643174575,73866100
2016-10-13,181.90956115722656,182.40488006844393,180.3723798138563,181.18367286306528,101357000
2016-10-14,182.00355529785156,183.3443347713794,181.92669881401542,182.88316980648273,93346200
2016-10-17,181.3715362548828,182.23406686559122,181.19219149811556,181.97786565489582,58275700
2016-10-18,182.50735473632812,183.01974413549965,182.13159469170796,182.95997123618378,76869700
2016-10-19,182.99411010742188,183.30154893374586,182.41339956377323,182.77207602266222,66519200
2016-10-20,182.652587890625,183.20767983281488,181.99500761270752,182.64403959459992,73639800
2016-10-21,182.73797607421875,182.82338084717136,181.69610039270302,182.65258433220492,89089100
2016-10-24,183.51507568359375,183.88230049108293,183.16493443320397,183.60901570123647,60146600
2016-10-25,182.9001922607422,183.59192644603485,182.73793105067392,183.33572522123944,66542300
2016-10-26,182.532958984375,183.11366952993558,181.84121184966799,182.08034252064866,75705500
2016-10-27,182.0462188720703,183.2845097388476,181.96936240462156,183.25035565251608,77220200
2016-10-28,181.5081787109375,182.69523180962065,180.79937398784872,182.0205811693207,140623200
2016-10-31,181.51669311523438,182.06324955436304,181.3544319326764,181.84120244941698,61272500
2016-11-01,180.2015838623047,181.8925043167362,178.99746012352333,181.84125364128977,122781800
2016-11-02,179.11700439453125,180.27843868899564,178.68145838977213,179.89413032457617,103330800
2016-11-03,178.29718017578125,179.54401934448634,178.0239083907524,179.3305204686143,88939300
2016-11-04,178.10072326660156,179.24507384660942,177.95554562862452,178.4081620972983,109122100
2016-11-07,182.02914428710938,182.0633114060624,178.1007726184676,178.1007726184676,109794900
2016-11-08,182.8489990234375,183.4126392486698,181.3715902793639,181.6363268312624,106772100
2016-11-09,184.78749084472656,185.40236844883296,181.33734284047043,181.36296165473044,258429000
2016-11-10,185.2487030029297,186.43575623122027,183.7969132535792,185.5732254640675,172113300
2016-11-11,184.82167053222656,185.06078818574503,183.882283473671,184.53131524308765,100552700
2016-11-14,184.96682739257812,185.5475509365364,184.22385569769818,185.34258738615114,94580000
2016-11-15,186.41012573242188,186.41012573242188,185.14621611543055,185.35116668357506,91652600
2016-11-16,186.0600128173828,186.2905952726117,185.6757174126269,185.79527627257184,65617700
2016-11-17,187.0164031982422,187.07617608285213,186.10262212992117,186.2136456696807,69797200
2016-11-18,186.59800720214844,187.2555873521638,186.4186624227128,187.08479086709053,86265800
2016-11-21,188.007080078125,188.03269889737496,187.0249905910485,187.17016824377677,72402600
2016-11-22,188.3743438720703,188.5536756439477,187.64844242720747,188.31455792748568,67429000
2016-11-23,188.47682189941406,188.52805954926382,187.66552870460347,187.8619440393403,56620200
2016-11-25,189.17706298828125,189.21121707036835,188.74151699832356,188.81838648715674,37872300
2016-11-28,188.28892517089844,189.1429206753413,188.1864498802652,188.86964889000694,76572500
2016-11-29,188.65611267089844,189.10872915618629,188.0241514315651,188.32305501132936,69886700
2016-11-30,188.2035369873047,189.4332926218375,188.14375104601663,189.2710313879842,113291800
2016-12-01,187.5117645263672,188.50238922501075,187.153075013537,188.50238922501075,79040500
2016-12-02,187.60568237304688,188.09246595181148,187.24700590861025,187.59714711113205,74840300
2016-12-05,188.7330780029297,189.07467112177983,188.23775885893744,188.43417425072917,67837800
2016-12-06,189.33078002929688,189.36494714306397,188.4426305353899,188.92086588064257,59877400
2016-12-07,191.80740356445312,191.86717647618667,189.0575368822021,189.17709573660701,110738100
2016-12-08,192.2770538330078,192.74675389633438,191.51699846905584,191.78174798179285,99714400
2016-12-09,193.4384765625,193.45556011767826,192.46492241229177,192.4990895226483,88005800
2016-12-12,193.2164764404297,193.82281896198756,192.79801396606234,193.34457054945193,102016100
2016-12-13,194.5059814453125,195.00130032531882,193.85694965302935,193.87403320914964,110477500
2016-12-14,192.90045166015625,194.90733268346847,192.46490574191,194.2070633530282,142501800
2016-12-15,193.69468688964844,194.54868225570195,192.90901271659143,193.1395951140877,124972600
2016-12-16,193.31585693359375,194.2092543255151,192.99802043664093,194.14911601109662,156420200
2016-12-19,193.73681640625,194.15774535043042,193.35025596366214,193.49628932607342,90341100
2016-12-20,194.484130859375,194.63017730203725,194.03744528469852,194.26937364194734,89838800
2016-12-21,193.94293212890625,194.52706540999546,193.94293212890625,194.35526227483624,67909000
2016-12-22,193.6079559326172,193.91720689008744,193.21279683394997,193.7969433570569,56219100
2016-12-23,193.89137268066406,193.89995824883582,193.46185833279898,193.65083258674096,36697800
2016-12-27,194.37246704101562,194.7676129828244,194.1405255748076,194.15770982245942,42672500
2016-12-28,192.76609802246094,194.64737358739828,192.65443316823655,194.63020244535886,64095000
2016-12-29,192.72312927246094,193.1869990877424,192.28501616652497,192.8347941105853,48696100
2016-12-30,192.01876831054688,193.13550873090074,191.331542428195,193.04960058020293,108998300
2017-01-03,193.48770141601562,193.9945253925662,192.3194214231025,193.31588512561513,91366500
2017-01-04,194.6387939453125,194.78482730354813,193.80553476004727,193.81412033132852,78744400
2017-01-05,194.484130859375,194.63876287194785,193.69382587217012,194.37246601957602,78379000
2017-01-06,195.17994689941406,195.6438167017955,194.05460811776294,194.59580047699106,71559900
2017-01-09,194.5357208251953,195.0597290602939,194.50135232349612,194.92228126898283,46939700
2017-01-10,194.5357208251953,195.38615117997924,194.149147273665,194.55289196830208,63771900
2017-01-11,195.08543395996094,195.08543395996094,193.78829216122202,194.44974796750498,74650000
2017-01-12,194.59584045410156,194.7848278847922,193.2471717253465,194.57007063243853,72113200
2017-01-13,195.04249572753906,195.34314794916313,194.73324482878263,194.76760021409356,62717900
2017-01-17,194.3553009033203,194.81058520046346,193.96874049544766,194.40684054333778,61240800
2017-01-18,194.78480529785156,194.8277593648899,194.05462548142256,194.6044034593869,54793300
2017-01-19,194.06326293945312,194.99960149239072,193.633748398721,194.862153693498,66608800
2017-01-20,194.77622985839844,195.26586954642843,194.1147738932784,194.74186135988379,129168600
2017-01-23,194.26937866210938,194.83634087662702,193.51344215049315,194.77621567021853,75061600
2017-01-24,195.5149688720703,195.9272990443544,194.37245894401616,194.48412377975026,95555300
2017-01-25,197.207275390625,197.207275390625,196.29669372522488,196.45991131720925,84437700
2017-01-26,197.00111389160156,197.32754909240646,196.72621833139917,197.06123910305723,59970700
2017-01-27,196.69183349609375,197.22442717958108,196.51143167324878,197.07839385048746,59711100
2017-01-30,195.47206115722656,196.03042479151102,194.4927685735131,196.00465496886667,79737300
2017-01-31,195.45486450195312,195.51500282280193,194.41544676728236,194.98239593722,75880800
2017-02-01,195.53219604492188,196.36545530561506,194.9480625591026,195.45488657316525,79117700
2017-02-02,195.66104125976562,195.94452240596848,194.84496632188961,195.53217904363206,69657600
2017-02-03,197.00970458984375,197.19010644438944,196.25376799509664,196.56301895450204,80563200
2017-02-06,196.65750122070312,197.00112068280168,196.32248043749593,196.6059615783239,57790100
2017-02-07,196.66604614257812,197.28454789755105,196.4770587670176,197.0440208936992,57931200
2017-02-08,196.923828125,197.05267724200968,196.12492427630997,196.6661167832373,51566200
2017-02-09,198.09210205078125,198.3927543504143,196.92382203098825,196.92382203098825,65955200
2017-02-10,198.87380981445312,199.09716575547398,198.10927448746233,198.43570971957402,66015900
2017-02-13,199.9562225341797,200.21393390539228,199.33772048636737,199.36349031271416,55182100
2017-02-14,200.75511169433594,200.76371037487647,199.43221255782208,199.77581897808042,71109000
2017-02-15,201.8030548095703,201.99204220419728,200.4887417245899,200.54028135808088,86785800
2017-02-16,201.63128662109375,202.00926147588143,200.88393559041765,201.82885961964467,84722400
2017-02-17,201.94912719726562,201.94912719726562,200.95265039792142,200.96983464832184,77204100
2017-02-21,203.15171813964844,203.3235212717654,202.30986050911932,202.3184591857554,88946100
2017-02-22,202.9713134765625,203.19465623439987,202.5847531578007,202.74797071872513,62115200
2017-02-23,203.10877990722656,203.50392583111403,202.35283033771688,203.4867546919814,74615900
2017-02-24,203.3665008544922,203.4094418121065,202.22399087630657,202.2669449416613,82381600
2017-02-27,203.6843719482422,203.85617513110842,203.0315146102534,203.28062725924806,56515400
2017-02-28,203.13458251953125,203.54691275686145,202.7480221028003,203.30638569277366,96961900
2017-03-01,205.9779815673828,206.44186458797842,204.76674747862452,204.78393172954287,149158200
2017-03-02,204.68077087402344,205.79751079932308,204.62923124954983,205.78891212341904,70246000
2017-03-03,204.80967712402344,204.9728947189234,204.21694506159358,204.5949198902585,81974300
2017-03-06,204.19973754882812,204.55192938758756,203.59840691520102,204.0193357371922,55391500
2017-03-07,203.58985900878906,204.25131496349996,203.38368734417045,203.89910995184624,65103700
2017-03-08,203.2118682861328,204.13962104275308,203.07442052046898,203.8819097590685,78168800
2017-03-09,203.46963500976562,203.79607026522686,202.5075266034512,203.332187206651,90683900
2017-03-10,204.18264770507812,204.4661289071488,203.23771036484257,204.42317482663898,81991700
2017-03-13,204.2856903076172,204.32864438040932,203.79605057946623,204.12247269565265,57256800
2017-03-14,203.5039520263672,203.79603182983627,202.8940488151561,203.74447908258304,59880800
2017-03-15,205.26495361328125,205.68588249425696,203.83896248939536,204.07090396321794,96081800
2017-03-16,204.8612518310547,205.47975381879226,204.5348296931191,205.40244434726094,78344000
2017-03-17,204.50143432617188,205.31243651377542,204.50143432617188,205.12262693094203,89002100
2017-03-20,204.2771453857422,204.7861742556055,203.88890325050352,204.501459845826,52537000
2017-03-21,201.654296875,205.0018332238527,201.52488723873597,204.88104650841805,131809300
2017-03-22,202.1288604736328,202.41357489403939,201.06766175376634,201.68885445924116,97569200
2017-03-23,201.9131622314453,203.04338378830042,201.5421791038283,202.12885377022735,100410300
2017-03-24,201.76646423339844,202.78452182936317,200.9899800725699,202.2151062549792,112504900
2017-03-27,201.55946350097656,201.81829602997576,199.82530793678976,200.1013863135581,87454500
2017-03-28,203.02609252929688,203.44883942529543,201.14525588615982,201.25741967396212,93483900
2017-03-29,203.21592712402344,203.44887766371772,202.51708866970682,202.74141628747404,61950400
2017-03-30,203.86300659179688,204.06145228376155,202.9829946026055,203.15554519863713,56737900
2017-03-31,203.3884735107422,204.05279389108298,203.33669648930265,203.52650607361866,73733100
2017-04-03,203.0347137451172,203.63864728059067,201.80958766893852,203.44021479709875,85546500
2017-04-04,203.1641387939453,203.25042066188962,202.3703956349636,202.75001479029498,56466200
2017-04-05,202.56024169921875,204.81206194462604,202.35317307771257,203.83713195325583,108800600
2017-04-06,203.12962341308594,203.64727509961673,202.2582213522318,202.69824042526162,69135800
2017-04-07,202.92263793945312,203.61285363557846,202.4394909015962,202.87949699005102,74412300
2017-04-10,203.04339599609375,203.83713932676267,202.5171080832324,203.0606550063687,67615300
2017-04-11,202.80177307128906,202.90530077816507,201.31781450383258,202.66372735227813,88045300
2017-04-12,201.9131622314453,202.71554160139317,201.68884777042805,202.52573199408363,81864400
2017-04-13,200.6017303466797,202.31001661112745,200.6017303466797,201.57666019979496,92880400
2017-04-17,202.37904357910156,202.37904357910156,200.92096681285324,201.1193993230347,68405400
2017-04-18,201.7751007080078,202.31002463439688,201.09352129125438,201.6456910607653,83225800
2017-04-19,201.4041290283203,202.70690115523192,201.17980140736037,202.33591803559278,68699900
2017-04-20,203.04339599609375,203.48341518711555,201.69748281953486,202.01670210339964,92572200
2017-04-21,202.3963165283203,203.01750923577197,201.99945145480618,202.96574537094554,110389800
2017-04-24,204.62220764160156,204.82927621788227,202.37038788801016,204.63083056216,119209900
2017-04-25,205.8128662109375,206.1579674025081,205.17441452528865,205.2606964055646,76698300
2017-04-26,205.68341064453125,206.65834044441524,205.64028287602605,205.77831543181875,84702500
2017-04-27,205.85598754882812,206.15794777150717,205.32106363863426,206.00265619951773,57410300
2017-04-28,205.40736389160156,206.14070721067284,205.2779410719303,206.11482527969187,63532800
2017-05-01,205.9250030517578,206.3477631731403,205.51087901668387,205.9250030517578,66882500
2017-05-02,206.00267028808594,206.1838438011308,205.5971691582496,206.06305707084547,57375700
2017-05-03,205.75245666503906,206.09757100527935,205.07950015752797,206.00266620730903,73137700
2017-05-04,205.9940185546875,206.13206428303263,205.1485115069127,206.05441849762545,61462700
2017-05-05,206.8050079345703,206.822266940735,205.92498292687233,206.36500201310355,62001300
2017-05-08,206.7705078125,206.9948222387099,206.34774772277183,206.84815359486905,48385700
2017-05-09,206.58065795898438,207.22773234876666,206.23554371890987,207.02929988870017,51363200
2017-05-10,206.9517059326172,206.9517059326172,206.33051327021153,206.53758187926883,54293800
2017-05-11,206.5289306640625,206.69285831151325,205.4504731569016,206.5030487370718,62358300
2017-05-12,206.183837890625,206.57208000078649,205.91638250728633,206.27874268775477,53912700
2017-05-15,207.3227081298828,207.44349486408936,206.58935163770735,206.60661064681307,61918900
2017-05-16,207.1328887939453,207.64191763813506,206.74464667828815,207.61603570807566,51241800
2017-05-17,203.45751953125,207.13289858586077,203.39711958174536,207.13289858586077,172174100
2017-05-18,204.2771453857422,205.12265252811457,203.12102873745883,203.37986121587352,107047700
2017-05-19,205.6057891845703,206.27012277416677,204.70851822433954,204.7602820844805,115011400
2017-05-22,206.64974975585938,206.81367742899408,206.0458160901787,206.1148257964566,61010600
2017-05-23,207.1069793701172,207.2709070152425,206.64107836136483,207.0206975048625,48341700
2017-05-24,207.5902099609375,207.69373770919424,207.00352200302027,207.34001351439386,46927700
2017-05-25,208.5823211669922,208.85841262956913,207.89211884008088,208.09917427224806,64071700
2017-05-26,208.5391845703125,208.70309905891992,208.31485697527032,208.39250275904723,46629900
2017-05-30,208.35804748535156,208.60824390308446,208.06471012255628,208.22000172705916,35201900
2017-05-31,208.3062286376953,208.68584779042027,207.616013193174,208.65132977757364,91796000
2017-06-01,209.96275329589844,209.98001230359506,208.47879458836476,208.76350897391356,68962000
2017-06-02,210.6615447998047,210.81684950495756,209.72113314363025,210.01447038532018,88666100
2017-06-05,210.5063018798828,210.77375725994833,210.3078562016436,210.48904287204337,44698800
2017-06-06,209.83335876464844,210.4976792140152,209.75569980680265,209.9455094108407,50375400
2017-06-07,210.22157287597656,210.44588730323053,209.5054754952336,210.16980902082295,54144300
2017-06-08,210.32513427734375,210.79965830020518,209.79884639103685,210.31651135502514,65950700
2017-06-09,210.00582885742188,211.3862462538142,208.74618498301194,210.59250328881728,132256400
2017-06-12,209.96275329589844,210.01451715422266,209.11724622548317,209.76432078406708,86108100
2017-06-13,210.98944091796875,211.04120477479216,210.15255679328286,210.4976579486158,60067000
2017-06-14,210.7219696044922,211.26550322477917,209.90233138425174,211.25688030421608,78602300
2017-06-15,210.3164825439453,210.43726926369385,209.09997926055743,209.37605754936908,66464900
2017-06-16,210.3623809814453,210.527108009417,209.48674279412816,210.47509173299676,84553100
2017-06-19,212.1137237548828,212.17440501626334,211.09068822265215,211.18605582964852,65123800
2017-06-20,210.68324279785156,211.7669597619697,210.6659128512818,211.75829478868482,56906400
2017-06-21,210.63121032714844,211.1860728410138,210.1630504553419,211.07337528109633,55977600
2017-06-22,210.5358123779297,211.1340261266323,210.36242034776063,210.63985817920226,44148100
2017-06-23,210.78724670410156,211.11668759998207,210.21504108588627,210.5965114980298,66986800
2017-06-26,210.9259796142578,211.87099079501016,210.7179144382114,211.45483398498556,56700500
2017-06-27,209.2267608642578,211.0040595632459,209.2094176864569,210.70927845650488,82247700
2017-06-28,211.09933471679688,211.29873487276166,210.00693988637508,210.24102638274587,70042600
2017-06-29,209.24407958984375,211.29880274868893,208.0389868383951,211.24678645033342,106949700
2017-06-30,209.6341552734375,210.42310418408414,209.44342008121606,210.05029877057373,86820700
2017-07-03,209.9896240234375,211.00398127043258,209.9896240234375,210.5704945890348,39153800
2017-07-05,210.4751739501953,210.683239137152,209.54750589512466,210.3537981814817,54427600
2017-07-06,208.5504608154297,209.8335777851548,208.36839057474916,209.712202034356,65400800
2017-07-07,209.90293884277344,210.05032273922362,208.55912737294966,209.1226680429866,57972300
2017-07-10,210.12835693359375,210.50116240696096,209.59950258460685,209.90294859248792,36663300
2017-07-11,209.9722900390625,210.2844009924833,208.81054885703776,210.1283389012908,50354600
2017-07-12,211.55018615722656,211.7149132288822,210.93464241773597,210.93464241773597,59610400
2017-07-13,211.90562438964844,212.01833515829446,211.33341880431792,211.55884034161,39471600
2017-07-14,212.89401245117188,213.24947476430907,211.81029556646038,211.9056631814736,60262700
2017-07-17,212.86798095703125,213.19743508711832,212.6945889202881,212.81596466890477,33531900
2017-07-18,212.98069763183594,213.0327139214029,212.12238916708705,212.46050827823697,42742500
2017-07-19,214.13380432128906,214.14246929446003,213.2841607077344,213.29283890987202,51034300
2017-07-20,214.22909545898438,214.5065200200438,213.68289807798098,214.38514429414994,47135200
2017-07-21,214.03839111328125,214.06439925622144,213.43149916744,213.65692071154007,82340800
2017-07-24,213.9863739013672,214.1250795867933,213.5182008725422,213.96035252957574,46622300
2017-07-25,214.50657653808594,214.83603069330022,214.2811681960246,214.73198488014728,54915600
2017-07-26,214.51522827148438,214.8273392337501,214.2551468270668,214.79266611748264,47575400
2017-07-27,214.3158416748047,215.00942310480684,212.99803828069716,214.9747499863412,70766600
2017-07-28,214.06443786621094,214.19447860436682,213.3881995698679,213.83901628145244,50088400
2017-07-31,213.94300842285156,214.5585520676384,213.7349300650426,214.46318447392966,65838700
2017-08-01,214.41989135742188,214.57594023678143,213.89970196829188,214.5412671176901,55050400
2017-08-02,214.52392578125,214.662644716735,213.59625778278055,214.54993392803271,47211200
2017-08-03,214.10777282714844,214.4372137482906,213.83033496832851,214.41120560264687,40856000
2017-08-04,214.49794006347656,214.82738103349425,214.11646956548717,214.59330768797392,60191800
2017-08-07,214.89675903320312,214.89675903320312,214.4632721988414,214.5673180347867,31995000
2017-08-08,214.36790466308594,215.79841915450763,213.99511233527105,214.58464808036481,61719400
2017-08-09,214.35919189453125,214.41120818644552,213.32749134168043,213.68295364171507,62632600
2017-08-10,211.3334503173828,213.6569461183922,211.28143402531697,213.52689215926216,120479500
2017-08-11,211.64553833007812,212.23508711043007,211.32476241117377,211.55884892903143,74869900
2017-08-14,213.7436065673828,213.96034990759955,212.88531140666132,212.919984520352,73291900
2017-08-15,213.71759033203125,214.14241202519622,213.4141576045961,214.1250688545258,55242700
2017-08-16,214.09043884277344,214.63663638266544,213.66561706408348,214.2378227507355,56715500
2017-08-17,210.7525634765625,213.7956486181864,210.7525634765625,213.4835376608138,128490400
2017-08-18,210.4231414794922,211.70625853997723,209.98097653326255,210.5878553301835,136748000
2017-08-21,210.58782958984375,210.8479242507227,209.66017494843106,210.36242127252945,65469700
2017-08-22,212.7899627685547,212.94601163751298,211.15138349966844,211.16872667254094,63140100
2017-08-23,212.0270538330078,212.45187564407556,211.68026969713355,211.82765361632846,50203800
2017-08-24,211.53286743164062,212.56455477652642,211.32478903078268,212.4085058976072,50741700
2017-08-25,212.0270538330078,212.93737872588625,211.8796699138129,212.3218216713976,64445900
2017-08-28,212.0356903076172,212.58187455268435,211.6195335517056,212.5558664090604,40565600
2017-08-29,212.2784423828125,212.53852381976515,210.61384181253018,210.7265525878525,51135700
2017-08-30,213.28419494628906,213.5529679053352,212.07910203373766,212.26117233128906,62030800
2017-08-31,214.5672607421875,214.81001224629438,213.31881687594364,213.89968749141116,103803900
2017-09-01,214.87066650390625,215.2954881971861,214.72328262557562,214.94002595764354,62007000
2017-09-05,213.32749938964844,214.59328653283174,212.36515826603326,214.36786495407853,91398800
2017-09-06,214.0557403564453,214.38519450201161,213.4748697301334,214.00372406587485,57916900
2017-09-07,214.02975463867188,214.37655199375652,213.62227601455146,214.35920881876066,58034700
2017-09-08,213.77833557128906,214.23783048592747,213.5355840401203,213.7436492217128,63832800
2017-09-11,216.0584716796875,216.13649611970826,215.02677109841616,215.04410104355472,71364800
2017-09-12,216.7866973876953,216.8213705023228,216.24049992232366,216.42257015376887,56896000
2017-09-13,216.89077758789062,216.92546393909893,216.3879313271056,216.5006421250822,59228000
2017-09-14,216.82139587402344,217.02080930059907,216.39658733254828,216.5699793839034,95446300
2017-09-15,217.11326599121094,217.2003856134073,216.5730791318973,216.67762799637953,95432400
2017-09-18,217.5750732421875,217.92357837152673,217.19170962314323,217.47923233742642,46235200
2017-09-19,217.79287719726562,217.8800101208788,217.4705093102084,217.81901441542607,47108100
2017-09-20,217.87130737304688,217.98457752444963,216.87805311466042,217.88002864292014,59574100
2017-09-21,217.28750610351562,217.80155571731015,217.1132535744719,217.71443610009618,48211400
2017-09-22,217.3311004638672,217.49664504082952,216.96516611750616,216.99130333548783,51214000
2017-09-25,216.8866729736328,217.4268729961742,216.1460965393142,217.07835470830665,57064400
2017-09-26,217.0174560546875,217.5576429910503,216.78220778143142,217.31368674271752,54082000
2017-09-27,217.86257934570312,218.24594293551814,216.83446669168862,217.714464012296,81001400
2017-09-28,218.12396240234375,218.20237405540473,217.49664258862123,217.58376221603876,44778800
2017-09-29,218.89068603515625,218.9691109863301,217.93229032314218,218.11525085510596,85578000
2017-10-02,219.84034729003906,219.84034729003906,218.9429208582323,219.11718667853842,59023000
2017-10-03,220.31082153320312,220.33695874626937,219.76191346958166,219.84033840339544,66810200
2017-10-04,220.57223510742188,220.81619132358347,220.0494641901518,220.1627343243042,55953600
2017-10-05,221.879150390625,221.8965663385826,220.60708157503166,220.90331222571203,63522800
2017-10-06,221.6265411376953,221.91406390291792,221.17348704821197,221.43485929421357,80646000
2017-10-09,221.26055908203125,221.91401614564896,220.99917359766056,221.85303373291265,35803100
2017-10-10,221.8442840576172,222.21893963932018,221.28666796651436,221.82686811027568,43057400
2017-10-11,222.1927947998047,222.1927947998047,221.58290429837132,221.74843556013366,47674300
2017-10-12,221.86170959472656,222.22764390203182,221.62646136338174,221.8791388363933,47065100
2017-10-13,222.1318359375,222.41065066702748,221.86174247740652,222.29738052132967,54800400
2017-10-16,222.4280242919922,222.6197060584137,222.01853683967224,222.35833391748938,38221700
2017-10-17,222.58489990234375,222.62846636500922,222.1579698396109,222.3757888583203,31561000
2017-10-18,222.80271911621094,223.00310889110614,222.61103731600934,222.95954242840253,40888300
2017-10-19,222.8636932373047,222.89855172401792,221.60906690259324,222.02727568083037,61903800
2017-10-20,224.0137481689453,224.03991197327463,222.84625487383053,223.6565484256935,89176400
2017-10-23,223.14248657226562,224.3622942599157,223.06407492192818,224.33615704313655,63915300
2017-10-24,223.53460693359375,223.7698419219857,223.17738052135843,223.56946542458297,66935900
2017-10-25,222.4280242919922,223.31672945498144,221.30408420217105,223.20345933083723,103715300
2017-10-26,222.715576171875,223.30803749521493,222.59359805856283,223.03795734568504,69798000
2017-10-27,224.5365447998047,224.6933946976007,222.72430230377432,223.45617099962706,85562500
2017-10-30,223.70013427734375,224.44072426563199,223.40390359987563,223.45617803770907,54285700
2017-10-31,224.04859924316406,224.3012767069032,223.75236861878045,224.074736457397,60304800
2017-11-01,224.3448486328125,225.16385019959108,223.97892760294408,224.82406638614185,54202700
2017-11-02,224.43197631835938,224.57138366575603,223.2121952651795,224.27515302350042,56449500
2017-11-03,225.18133544921875,225.22488862176743,224.1793465882147,224.58884744927838,59589700
2017-11-06,225.52984619140625,225.6605323015323,224.98093793963778,225.05062833529198,49652600
2017-11-07,225.3729705810547,225.96543186902304,224.86761562013888,225.6343427406781,57502200
2017-11-08,225.7563018798828,225.85215606215831,224.9198844008703,225.1986990902852,50469600
2017-11-09,224.9373321533203,225.12901393308397,223.36029816253628,224.553968593793,95085500
2017-11-10,224.86764526367188,225.04191111921565,224.24032540864536,224.55399863077685,59984700
2017-11-13,225.07676696777344,225.3033072862376,224.15321633144313,224.18807482410824,50228600
2017-11-14,224.55398559570312,224.6585344672659,223.49972243256397,224.27517087871254,61315200
2017-11-15,223.43003845214844,224.10963272602055,222.72430695963646,223.5868617639876,80811500
2017-11-16,225.32937622070312,225.69532380968525,224.32741422145776,224.37096738216056,67777000
2017-11-17,224.66725158691406,225.30329273809534,224.5888399254102,224.980924822167,75756800
2017-11-20,225.05055236816406,225.24223412805867,224.66718884837488,224.91117162390447,48075500
2017-11-21,226.52305603027344,226.7060431484956,225.01576545227593,225.81732454351769,69176800
2017-11-22,226.32266235351562,226.66244616724182,226.1571177863148,226.53176008503942,45033400
2017-11-24,226.8453826904297,226.94995813436475,226.67114346233242,226.8105507983486,27856500
2017-11-27,226.7321319580078,227.18518584375184,226.53172893336713,226.888955235085,52274900
2017-11-28,229.0323486328125,229.0584858527543,227.09811458940757,227.19396878868554,98971700
2017-11-29,228.89288330078125,229.6944688247394,228.44855067428892,229.16297670152983,77512100
2017-11-30,230.89686584472656,231.80297375843676,229.7293591722956,229.80777082314165,127894400
2017-12-01,230.41761779785156,231.15820763304018,227.19391291119283,230.67901652221659,164390900
2017-12-04,230.13888549804688,232.45645656258978,230.08658446911275,232.02953977531664,94040600
2017-12-05,229.31114196777344,231.01883555279514,229.1804558802626,229.3111419677734,77994500
2017-12-06,229.35470581054688,229.7816491686028,228.8929305536896,229.40698024798462,75898600
2017-12-07,230.07786560058594,230.39151220579578,229.09331944106495,230.07786560058594,77218600
2017-12-08,231.33255004882812,231.341244730058,230.04305171364373,231.02759806404083,76563900
2017-12-11,232.02952575683594,232.0905214625432,231.30637832522305,232.02952575683594,83077500
2017-12-12,232.43898010253906,232.9094765265687,232.06433785249226,232.81362235258584,85195800
2017-12-13,232.4129180908203,233.1186496606018,232.32578515606883,232.68301157608292,102905400
2017-12-14,231.4632568359375,232.8224456885714,231.41098238693172,232.70917551931166,100666700
2017-12-15,233.39064025878906,233.8547757505301,232.40982765172419,232.46236927530703,144610300
2017-12-18,234.87069702148438,235.22098352780677,234.67803543423494,234.78311871361691,83653600
2017-12-19,233.9686279296875,235.1596070467942,233.89855461389328,235.11583126827747,82382900
2017-12-20,233.8460693359375,234.9845071030803,233.5483244849178,234.93196546614422,76751500
2017-12-21,234.32774353027344,235.03710918095996,234.08254028101567,234.467863490585,67032300
2017-12-22,234.26644897460938,234.38029810598405,233.73223998703938,234.34526143668072,78720900
2017-12-26,233.98614501953125,234.20507737373754,233.72343688454004,233.86353007310808,45244400
2017-12-27,234.10003662109375,234.4590889541957,233.82856259060253,234.15257825763103,57751000
2017-12-28,234.5816192626953,234.6254217657556,234.21382789776843,234.59915095397508,45116100
2017-12-29,233.69717407226562,235.17715914463068,233.50453922807466,235.15965417474374,96007400
2018-01-02,235.36984252929688,235.40487919746303,234.17009721479332,234.55542038917878,86655700
2018-01-03,236.85858154296875,237.00746733124353,235.53622131969905,235.53622131969905,90070400
2018-01-04,237.85684204101562,238.3385092309832,236.91983192352953,237.49781651640686,80636400
2018-01-05,239.4420166015625,239.56460485750245,238.15469292587647,238.6450993999332,83524000
2018-01-08,239.8798828125,240.03750773896382,239.05669478521304,239.34567381706339,57319200
2018-01-09,240.4228057861328,241.04456630336588,240.0199509382166,240.30019081716375,57254000
2018-01-10,240.0549774169922,240.317712314285,239.00411800325506,239.6696542810785,69574300
2018-01-11,241.8064422607422,241.8064422607422,240.44030628272688,240.60669703743412,62361500
2018-01-12,243.38270568847656,243.54906967304854,241.77134021284886,242.06911170137911,90816100
2018-01-16,242.55078125,245.283052795058,241.85894751739193,244.6350215690264,106555100
2018-01-17,244.8626708984375,245.24799395072085,242.55075930987627,243.479030283521,113258800
2018-01-18,244.45115661621094,245.16923452787907,243.9607234866928,244.74890145278448,100728000
2018-01-19,245.56329345703125,245.56329345703122,244.45112669843263,245.02908460595285,140920100
2018-01-22,247.5599365234375,247.5599365234375,245.30053979389277,245.35310814296204,91322400
2018-01-23,248.0854034423828,248.37438240190056,247.2797205890968,247.60373620966402,97084700
2018-01-24,247.98910522460938,249.32023133954712,246.8156307510147,248.7247148920054,134816100
2018-01-25,248.09414672851562,248.94360537851676,247.30599555509468,248.8472879654413,84587300
2018-01-26,250.9665985107422,251.0104010295829,248.67219103819002,248.92616012699008,107743100
2018-01-29,249.30264282226562,250.83516929466805,249.14501794199515,250.39730458826736,90118300
2018-01-30,246.74557495117188,249.35523199482623,246.27267349504925,247.48118459117052,131796400
2018-01-31,246.8680877685547,248.094103460629,245.79969693864612,247.59495806377075,108364800
2018-02-01,246.58790588378906,247.88399519129385,245.7997546627316,246.14130200277143,90102500
2018-02-02,241.2197265625,245.40571293902062,241.18468989581447,245.2743321202365,173174800
2018-02-05,231.13128662109375,241.56999429566028,230.58833859278695,239.4682487852187,294681800
2018-02-06,235.6851348876953,236.18430722321384,226.55128066828357,227.63717692788254,355026800
2018-02-07,234.40655517578125,238.51370243690877,234.32771599318662,235.13339898901052,167376100
2018-02-08,225.6141815185547,234.84437736527985,225.57914485766418,234.70425744685963,246449500
2018-02-09,229.00331115722656,230.8510879526417,221.48954890465834,228.39028969160273,283565300
2018-02-12,232.36610412597656,233.82858441314198,229.14342540024649,231.04374379103615,143736000
2018-02-13,232.94406127929688,233.48700932655623,230.58834664188186,231.16633135432912,81223600
2018-02-14,236.08792114257812,236.44697345743825,231.45530443883456,231.46407028619402,120735700
2018-02-15,239.10037231445312,239.10913815959256,235.36975690377255,237.8218150055646,111200300
2018-02-16,239.1704864501953,241.10586801299468,238.43487682943731,238.4786793423682,160420100
2018-02-20,237.67295837402344,239.6608812542457,236.88480724393318,238.2246721826289,86369700
2018-02-21,236.49072265625,240.58039086681103,236.39440524670226,238.11082745208617,98883700
2018-02-22,236.79722595214844,239.1179035321851,236.13168977692354,237.41024722618403,110511300
2018-02-23,240.57174682617188,240.57174682617188,237.5417289373326,238.01463055355998,92766400
2018-02-26,243.36520385742188,243.46154799203504,241.05329205354371,241.64001580702427,86491400
2018-02-27,240.32643127441406,244.25847475531668,240.26512379767468,243.5491092997396,99099200
2018-02-28,237.89190673828125,241.8677260411564,237.5766569550853,241.42109545648609,121907800
2018-03-01,234.4327850341797,239.22302620651877,232.94403427544523,237.6817338186659,176855100
2018-03-02,235.64126586914062,236.20174553860167,231.9106766292142,232.76887437600675,139083200
2018-03-05,238.3648223876953,238.97784374741312,234.3539661829814,234.4590761754729,97307400
2018-03-06,238.96913146972656,239.4157621812176,237.48038024819,239.33692298788952,79213200
2018-03-07,238.88150024414062,239.23178671128736,236.62212981467155,236.81479138037392,87063500
2018-03-08,240.0374755859375,240.16006382616135,238.5662563523812,239.55580829717485,66901200
2018-03-09,244.2147674560547,244.2147674560547,241.1234423006041,241.43871892878965,113625300
2018-03-12,243.90821838378906,245.12549545473968,243.52289519047727,244.50373487127465,71924800
2018-03-13,242.33187866210938,245.5633227931773,241.72762314328241,245.06415054281683,91968900
2018-03-14,241.0883026123047,243.47028774299733,240.53661551772396,243.28639204480373,105895100
2018-03-15,240.82557678222656,242.2354882400483,240.3264046272263,241.59622290395203,83433000
2018-03-16,241.0867462158203,242.13304017575965,241.03399415331734,241.35050652833516,100343700
2018-03-19,237.8247833251953,241.26260286497254,236.18061459577604,240.33941484185743,109208400
2018-03-20,238.22923278808594,238.8622843868566,237.55220324796042,238.22043183337917,59757300
2018-03-21,237.7720489501953,240.2690787418608,237.56104066228033,238.1852914021509,78709600
2018-03-22,231.8284454345703,236.4004620081749,231.55585726268973,235.55640195080238,148785900
2018-03-23,226.88711547851562,232.5933823161941,226.6936822495742,232.26806889301673,183534800
2018-03-26,233.0945281982422,233.37589050211707,228.0828929673783,230.47441888594253,141956100
2018-03-27,229.129150390625,234.5540272479464,227.58168480032617,234.02650655323708,129941400
2018-03-28,228.45205688476562,230.92273666416384,227.35301102453525,229.26096644405186,146452300
2018-03-29,231.37120056152344,233.22640449908832,228.46092837170607,229.5863506067516,111601600
2018-04-02,226.37713623046875,231.35362053546535,223.91527011290827,230.84364808375824,186286300
2018-04-03,229.2786102294922,229.75340569640937,225.82321544912134,227.60806538774042,119956900
2018-04-04,231.731689453125,232.43506828346253,225.61220776620473,225.7440879428702,123715300
2018-04-05,233.56045532226562,234.43969204280026,232.3998564114378,233.4813004051032,82652600
2018-04-06,228.35536193847656,233.09443390544112,226.84307370714194,231.60854853458864,179521200
2018-04-09,229.48080444335938,232.85707053025092,228.54881558338204,229.80611776570538,105442900
2018-04-10,233.12962341308594,233.91215701519258,231.2216946546374,232.35589076494622,103529000
2018-04-11,231.9075469970703,233.560516759632,231.58223361804787,231.65256076803283,91140200
2018-04-12,233.81546020507812,234.75625011906138,233.05052840233344,233.226386513572,68890500
2018-04-13,233.12962341308594,235.23101216574614,232.12730745139712,235.11670709288322,85079200
2018-04-16,235.04641723632812,235.81137597132638,233.93859685357626,234.75628083022704,63405300
2018-04-17,237.56094360351562,238.1588180631271,236.29484072894306,236.8047861604535,64682000
2018-04-18,237.73687744140625,238.5369594052971,237.27965708240498,238.00063777761414,57303900
2018-04-19,236.4180145263672,237.2884504401643,235.38929558373255,237.0862163007596,77655900
2018-04-20,234.41329956054688,236.5674403540978,233.53406280108553,236.34763116423247,99953100
2018-04-23,234.37820434570312,235.5388035799496,233.30553417444793,234.98487999850548,65558000
2018-04-24,231.22171020507812,235.61789433591494,229.7269968677222,235.3980851293731,112885500
2018-04-25,231.79324340820312,232.23286188697082,229.34896573954205,231.16019172549036,103840900
2018-04-26,234.14955139160156,234.97603613487092,232.37350270509603,232.81312110759345,67731900
2018-04-27,234.36940002441406,235.0552037744062,233.43741100089093,234.75626643027448,57053600
2018-04-30,232.56700134277344,235.53882687336926,232.49664735254967,234.98490323714532,82182300
2018-05-01,232.980224609375,233.0857287538209,230.45679193785602,232.0042576088842,74203400
2018-05-02,231.41517639160156,233.59566685895032,231.02830998632697,232.7867838895088,86368900
2018-05-03,230.9051971435547,231.55582388230098,227.76631487895474,230.588684729737,136311500
2018-05-04,233.89462280273438,234.57165248189582,229.61274280112596,229.93805620593548,91222100
2018-05-07,234.6859130859375,235.65305216045982,233.9737065479549,234.65953705358106,55304900
2018-05-08,234.6859130859375,235.04637658408237,233.1296466803695,234.316621800768,67499200
2018-05-09,236.95433044433594,237.27964378482142,234.83536642161414,235.35411294187196,59666100
2018-05-10,239.1699676513672,239.4953077832375,237.587352256895,237.69285637223638,72063900
2018-05-11,239.89976501464844,240.16352532042305,238.78311711178824,239.29308947918926,59871500
2018-05-14,240.01416015625,240.9812995284599,239.46901059945307,240.33067264195049,54790600
2018-05-15,238.3611297607422,238.80952233537226,237.42033983484427,238.79194725689806,87036100
2018-05-16,239.3634490966797,239.82066946496752,238.3699070898157,238.39630995615346,53942600
2018-05-17,239.1611785888672,240.2338484147851,238.3874460151331,239.0996255813715,56536400
2018-05-18,238.56333923339844,239.17881580391395,238.2116498354672,238.81832545057557,64368000
2018-05-21,240.35699462890625,240.89334310753037,239.65361581962856,240.04048221438578,58025900
2018-05-22,239.68873596191406,241.13069722219612,239.36342263255682,240.87571103208705,52966400
2018-05-23,240.34812927246094,240.37453213211134,238.26434260533662,238.42262560236685,64694200
2018-05-24,239.85580444335938,240.22509573036155,238.0797556474602,239.95253445059927,76043800
2018-05-25,239.28431701660156,239.90856770271625,238.78314554377755,239.28431701660156,56374800
2018-05-29,236.53228759765625,238.4226682898626,235.4244674131459,237.66651064654422,115908600
2018-05-30,239.68873596191406,240.1283543707057,237.76323201701084,237.83355915625907,69678400
2018-05-31,238.22044372558594,239.58325016421844,237.62256908361684,239.2843128432339,93519900
2018-06-01,240.55921936035156,240.85815668419576,239.44257133332516,239.51292531080648,71258400
2018-06-04,241.7022705078125,241.95725677674884,241.13957272333775,241.3769570778868,45385200
2018-06-05,241.87802124023438,242.2560865810495,241.0691116710681,241.8340433059834,51135000
2018-06-06,243.9003448486328,244.00584899825836,241.8693094717872,242.484786120849,62732200
2018-06-07,243.87396240234375,244.67407129222383,242.9683493656107,244.38393488837818,72969400
2018-06-08,244.594970703125,244.64772278248697,243.2497390150209,243.41679621039611,72139700
2018-06-11,244.9202117919922,245.6323914852019,244.7004025821823,244.81470766443206,58892500
2018-06-12,245.2367706298828,245.59723415049666,244.59491802629464,245.33347381049114,72329000
2018-06-13,244.4542236328125,245.72912781539785,244.25198949499742,245.47414161244484,79070600
2018-06-14,245.06971740722656,245.59723809571156,244.4806168621763,245.31590267258005,77097600
2018-06-15,244.7570343017578,245.09264887433613,243.1849662665204,244.28894738544173,120041600
2018-06-18,244.25363159179688,244.37729042408938,242.83171673643022,243.30861721127397,52917600
2018-06-19,243.31747436523438,243.53827062146416,241.57759878803688,241.9926968278556,97531500
2018-06-20,243.73257446289062,244.39496323717256,243.39695983816085,243.9975191915361,53785500
2018-06-21,242.20460510253906,243.74136507228985,241.71002374180586,243.72368412555193,71061400
2018-06-22,242.646240234375,243.57360066346325,242.4254439825922,243.4587823001094,54898500
2018-06-25,239.3431396484375,241.65708008095126,237.66509350638052,241.498113246504,137854200
2018-06-26,239.87307739257812,240.72092753773757,239.15769962124514,239.90841234315522,68547400
2018-06-27,237.88589477539062,241.8778814341139,237.73574146013553,240.45596646380378,105110700
2018-06-28,239.24595642089844,240.00548245292865,237.12629122348952,237.83285527351336,76650500
2018-06-29,239.59042358398438,241.69240817765476,239.47560522258217,240.33229574304445,97592500
2018-07-02,240.10267639160156,240.2616701857131,237.78873585726308,238.0272130720959,63554800
2018-07-03,239.25482177734375,241.0918617527472,238.83091020814945,240.9946973830279,42187100
2018-07-05,241.2066192626953,241.26844867540132,239.30777708547188,240.3764502388254,56925900
2018-07-06,243.2468719482422,243.61779462701128,240.85342072603245,241.2332108340498,66493700
2018-07-09,245.4370880126953,245.49007695257492,244.20063449439598,244.2447829600739,50550400
2018-07-10,246.3203125,246.41747687382474,245.5960942684685,245.88756043727318,51966800
2018-07-11,244.51861572265625,245.5607946326727,244.2183360206754,244.77474695036685,77054700
2018-07-12,246.73545837402344,246.7884473326793,245.17223018832613,245.772789688209,60124700
2018-07-13,246.92971801757812,247.2299977162154,246.10836234606992,246.55879537036097,48216000
2018-07-16,246.70884704589844,247.11510452073574,246.26725463113468,246.97381866635394,48201000
2018-07-17,247.70693969726562,248.09554331884976,245.88758044742715,245.94056940012754,52315500
2018-07-18,248.2279510498047,248.33392892760364,247.34476613126054,247.78635859053261,44593500
2018-07-19,247.29176330566406,247.94531148383393,246.814835929686,247.56554845882513,61412100
2018-07-20,247.00914001464844,247.7157040880866,246.85017320537366,247.08862341928582,82337700
2018-07-23,247.4683837890625,247.6714990368326,246.4615402121385,246.8059952103473,47047600
2018-07-24,248.71377563476562,249.55281237067854,247.84827137316475,248.87276945761016,68026900
2018-07-25,250.83338928222656,251.1513229561097,248.4222844446066,248.46643291508985,78882900
2018-07-26,250.24166870117188,250.92171154070462,250.02087242114126,250.11803679974358,57919500
2018-07-27,248.54595947265625,250.66559829458888,247.62743943383978,250.56843391946245,76768700
2018-07-30,247.24765014648438,248.78438341302518,246.7265472810554,248.62541658255552,63742500
2018-07-31,248.4664764404297,249.07587637479276,247.62746668559606,248.00722984681568,68570500
2018-08-01,248.05125427246094,249.17291614708773,247.40654665901724,248.66949437434937,53853300
2018-08-02,249.40257263183594,249.5703529500938,246.54987597886742,246.75301818910185,63426400
2018-08-03,250.47129821777344,250.52428716723554,249.34963589792847,249.52628369791557,53935400
2018-08-06,251.38978576660156,251.69887894761843,250.1179972385704,250.50660078617253,39400900
2018-08-07,252.21994018554688,252.5997301890738,251.91966054398182,252.05215984547485,43196600
2018-08-08,252.1139373779297,252.51138133778014,251.65469096318049,252.05213492303093,42114600
2018-08-09,251.76953125,252.5643922863209,251.637058902724,252.17578876586805,35717000
2018-08-10,250.0825958251953,250.87745670578855,249.37603185704398,250.3387269481914,77076000
2018-08-13,249.1464385986328,250.9657971386577,248.85497251982284,250.35639746768555,65732900
2018-08-14,250.73622131347656,250.97469851813318,249.48211368094132,249.87071724522013,43842000
2018-08-15,248.86386108398438,249.5350902895857,247.43310573744802,249.39377745931876,102925400
2018-08-16,250.87759399414062,251.74312522152545,250.2593535527694,250.2946885086783,69967900
2018-08-17,251.76075744628906,252.20235002259318,250.2681723821674,250.67443000561906,65618500
2018-08-20,252.29937744140625,252.564322062292,251.76062077539555,252.2110535835586,39807500
2018-08-21,252.89114379882812,253.74783417155695,252.33473303731756,252.8116603975641,67272000
2018-08-22,252.74118041992188,253.2622565770489,252.22007731011516,252.48504910449344,44993300
2018-08-23,252.40541076660156,253.42106797344053,252.087450198996,252.56437757407272,49204900
2018-08-24,253.92446899414062,254.06578179563704,252.92646586352663,252.97945479500518,57487400
2018-08-27,255.9293975830078,256.035375491021,254.95788850509936,255.11685536711917,57072400
2018-08-28,256.052978515625,256.49457096639844,255.59370511711555,256.38856613797486,46943500
2018-08-29,257.4307556152344,257.66036537146607,256.02649479713034,256.26494502760124,61485500
2018-08-30,256.38861083984375,257.32478484249407,255.79689194613198,256.9538622126653,61229500
2018-08-31,256.3974914550781,256.8390840519768,255.4966522603672,255.98239333588646,66140800
2018-09-04,255.95587158203125,256.30914023136916,254.9578681069657,255.98236605691486,57594400
2018-09-05,255.26695251464844,255.8057093653517,254.26013565747596,255.6025671179281,72452400
2018-09-06,254.4985809326172,255.67320506851195,253.47408314620807,255.3729254168747,65909900
2018-09-07,254.0040283203125,254.97553727559858,253.2179806806409,253.4564578962428,73524800
2018-09-10,254.44561767578125,255.27581377697265,254.25131588714777,255.01084209101677,50210900
2018-09-11,255.2845916748047,255.72618413710512,253.45641936490634,253.8008474701149,50530500
2018-09-12,255.34652709960938,255.94708662903082,254.56050620577048,255.29353813834726,59810800
2018-09-13,256.8566589355469,257.04214717503464,256.1236273096607,256.40625295326265,51034200
2018-09-14,256.90081787109375,257.2452459530958,256.1236108773846,257.0597846781716,55079900
2018-09-17,255.54074096679688,256.8831724444053,255.26695577697322,256.8478644508368,68244000
2018-09-18,256.9273376464844,257.5190564708911,255.72619209625736,255.7526865667134,61930400
2018-09-19,257.2011413574219,257.6162393929191,256.8566862640088,256.9803451034907,49080600
2018-09-20,259.2854309082031,259.60339151190027,257.2187813185035,258.45526183517813,100360600
2018-09-21,259.0485534667969,260.1397982950898,258.8888670259763,260.0244601740495,105479700
2018-09-24,258.18804931640625,258.61390700621837,257.61138564196364,258.47195444294766,53409600
2018-09-25,257.9485168457031,258.7469763152417,257.7089871272464,258.6405186625942,44370000
2018-09-26,257.17657470703125,259.27031328454706,256.75959767511273,258.09037198021355,79739700
2018-09-27,257.8951416015625,258.9775055801129,257.37170705676635,257.6467315281903,59249500
2018-09-28,257.921875,258.4186953759681,257.2387537517138,257.27422158236874,70091400
2018-10-01,258.81793212890625,259.8825355901914,258.1525448125983,259.15503895977173,62078900
2018-10-02,258.66705322265625,259.37678873765856,258.2944515534161,258.66705322265625,47258200
2018-10-03,258.8089904785156,260.1308843039914,258.45412274194115,259.7139072679814,64694600
2018-10-04,256.78631591796875,258.38323489998584,255.20713085364216,258.33000607223084,111545900
2018-10-05,255.34901428222656,257.52259635953726,253.92951608550104,257.0080421389958,105951700
2018-10-08,255.34901428222656,255.70388206273893,253.29074325070835,254.66586605319725,87742200
2018-10-09,254.97637939453125,256.2716589459179,254.41744979316786,254.96752597563736,74339000
2018-10-10,246.90304565429688,254.54170621652474,246.53044391448842,254.47071640677487,214731000
2018-10-11,241.46463012695312,247.43535491100366,239.85880384790093,245.8206752119577,274840500
2018-10-12,244.81813049316406,245.8295049137583,241.64200056999678,245.5455998896825,183186500
2018-10-15,243.44297790527344,245.78515371440125,243.35425420195685,244.46323280673184,102263700
2018-10-16,248.7660675048828,249.1386962174045,244.9245776497542,245.39478348063147,118255800
2018-10-17,248.81053161621094,249.43154359229842,246.24655925123366,248.8016511205857,110626000
2018-10-18,245.21734619140625,248.47331932132207,243.9486811524354,247.87889487020155,134557500
2018-10-19,245.0843048095703,247.79020214139808,244.39230314956563,245.86503018489384,139901600
2018-10-22,243.9842071533203,246.069065557759,243.45189193476455,245.74969267143155,82415800
2018-10-23,242.7421417236328,243.86000103241318,238.30622646615907,240.3822586323735,146352700
2018-10-24,235.38742065429688,242.8752479954551,234.83737147811587,242.49373869531894,177806700
2018-10-25,239.61044311523438,241.14527990299237,236.19480922159713,237.2150645563726,138061500
2018-10-26,235.39625549316406,240.42659505910345,232.6992386438329,235.91971729336254,201574600
2018-10-29,234.09213256835938,239.7612458831454,230.53454655364234,238.4748194879425,160749100
2018-10-30,237.56097412109375,237.8714935755172,233.43557872568383,233.92354560397084,157116000
2018-10-31,240.09837341308594,242.40505495266066,239.64590135550912,240.11610732869826,128296300
2018-11-01,242.65341186523438,242.84859319283507,239.8765249621915,240.95888921985446,99495000
2018-11-02,241.2162628173828,244.1794515740257,239.17572513158717,243.75359387423828,122634100
2018-11-05,242.54701232910156,243.09706154551438,240.73715113745226,241.7041775138362,65622500
2018-11-06,244.08184814453125,244.24153462947197,242.4228198211629,242.48492914575667,60085900
2018-11-07,249.3072967529297,249.38713997180966,245.82064708045033,246.2465046558192,102752100
2018-11-08,248.854736328125,249.4935089268202,247.71914360540757,248.5087220946098,65584900
2018-11-09,246.4240264892578,247.73704036243043,245.02226180207452,247.55073946212318,98812600
2018-11-12,241.81942749023438,246.1577373966291,241.3048462933614,245.91820778236334,99673600
2018-11-13,241.36708068847656,244.26816026355593,240.64846439855157,242.2808783827445,98176600
2018-11-14,239.716796875,243.62924909095995,238.16422701719475,243.23003308661183,125335900
2018-11-15,242.2186279296875,242.6799802937069,236.88667794094542,238.4569816827742,135101400
2018-11-16,242.84869384765625,243.753611064503,240.61297460945693,241.12755608399212,126668000
2018-11-19,238.74090576171875,242.53804720375695,237.82710852676735,242.24526170706753,103061700
2018-11-20,234.3227081298828,236.8777988312456,233.46213976275254,235.42280609726478,136021300
2018-11-21,235.1212615966797,237.01096598131056,235.11240817622902,235.86649217131097,75563700
2018-11-23,233.55088806152344,234.94377165063793,233.39120164453092,233.48877876335783,42807900
2018-11-26,237.32147216796875,237.54326793635002,235.40515348019304,235.7955161985184,79981400
2018-11-27,238.11988830566406,238.11988830566406,235.68901578925252,236.292293671845,75502400
2018-11-28,243.6027374267578,243.6027374267578,238.0578427389706,239.18458266732486,127629600
2018-11-29,243.07040405273438,244.4632607628635,241.6952541807513,242.83084731891725,82346400
2018-11-30,244.5518798828125,245.11080925643333,242.60009439477955,242.91946713704033,98204200
2018-12-03,247.79022216796875,248.76612896599661,246.20218395652398,248.65967132888062,103176300
2018-12-04,239.76123046875,247.39101047029547,239.45071097180096,246.96515283950714,177986000
2018-12-06,239.39743041992188,239.51276852883728,232.83228237669715,235.91968861471403,204185400
2018-12-07,233.8348388671875,240.62178366519305,233.00088464890422,239.06033286080262,161018900
2018-12-10,234.2783966064453,235.24542272552435,229.44323893637647,233.65735774205484,151445900
2018-12-11,234.33160400390625,237.6496591069941,232.86775775693638,237.4633582945688,121504400
2018-12-12,235.51156616210938,238.6522012238071,235.4317229496942,237.29481246340214,97976700
2018-12-13,235.4317626953125,237.3125864377424,234.3227838778724,236.45201779242177,96662700
2018-12-14,231.0845489501953,234.24291815292884,230.5344998415258,233.29362587845694,116961100
2018-12-17,226.5511016845703,231.24429483938263,224.9275548098864,230.13531584334234,165492300
2018-12-18,226.30267333984375,228.84889811612692,224.7057410060324,228.18351077181723,134515100
2018-12-19,222.91358947753906,230.13525835424576,221.21908028326692,226.38247815956686,214992800
2018-12-20,219.28500366210938,223.23296500175658,217.04929888317656,221.67152791499083,252053400
2018-12-21,214.79196166992188,222.83216813756005,214.14945865139123,220.18184659021884,255345600
2018-12-24,209.11654663085938,214.91691180258488,209.05408824030314,213.31065410867478,147311600
2018-12-26,219.68211364746094,219.68211364746094,208.59895689050683,210.5710868788151,218485400
2018-12-27,221.36866760253906,221.56497508769397,213.23923382404874,216.46066729671128,186267300
2018-12-28,221.0831298828125,224.3402522831674,219.9230542277577,222.7161572592034,153100200
2018-12-31,223.01951599121094,223.26045798305222,220.83322782867842,222.69826454088533,144299400
2019-01-02,223.25160217285156,224.1707495507205,219.4769065496838,219.5036763783565,126925200
2019-01-03,217.9241485595703,221.81485489677348,217.44226452889308,221.51144088559573,144140700
2019-01-04,225.2237091064453,225.8662121607663,220.56556877081383,220.94035994976915,142628800
2019-01-07,226.99951171875,228.40051582840488,224.59905087670086,225.49141469210105,103139100
2019-01-08,229.13221740722656,229.6141014303248,226.66037976243663,229.17685193188655,102512600
2019-01-09,230.203125,231.04194927606076,228.61471828778016,229.83725251935343,95006600
2019-01-10,231.01515197753906,231.26501275988133,227.998957883904,228.67716310716855,96823900
2019-01-11,231.10435485839844,231.13112467939558,229.36423479524905,229.94426573870612,73858100
2019-01-14,229.69442749023438,230.49754943156907,228.8109960780443,229.2125434323212,70908200
2019-01-15,232.32691955566406,232.63925233057913,230.0603078903963,230.06924024283958,85208300
2019-01-16,232.88917541503906,233.77260709427452,232.55007272484673,232.7552990236975,77636700
2019-01-17,234.6559600830078,235.5126488760363,231.97886887854872,232.02350340495772,96118400
2019-01-18,237.7792205810547,238.24326712760123,234.69164984702843,236.45853975233865,127900300
2019-01-22,234.5666961669922,236.52990709177476,232.9604524887355,236.31574853008118,115531200
2019-01-23,235.05755615234375,236.28902257625495,232.60355565717606,235.59297988875502,86030300
2019-01-24,235.1824951171875,235.76255343882323,233.8707190939541,234.87909465890846,59204100
2019-01-25,237.17242431640625,237.9934109070511,235.2806176199218,237.0207105042033,96883400
2019-01-28,235.36990356445312,235.4323483385695,233.61194564751654,235.03973328909893,85613700
2019-01-29,235.05755615234375,236.07483674202095,234.22766433893665,235.5126704132107,66136300
2019-01-30,238.77867126464844,239.61749533673162,235.8071120713006,236.565626676837,92473700
2019-01-31,240.875732421875,241.35761645588957,238.50204165856266,238.7162274696689,104012100
2019-02-01,240.9918212890625,242.00912932767181,240.20653660651251,241.07213078167035,85782500
2019-02-04,242.68731689453125,242.7497889132525,240.3671649420488,241.03643797260395,60744800
2019-02-05,243.70449829101562,244.00789863921997,242.61581363791757,243.11553506234534,79552800
2019-02-06,243.3833465576172,243.91877039958163,242.65162878081327,243.42798109690716,58347800
2019-02-07,241.06317138671875,242.32138038708896,239.41229290069123,241.77705153770148,95482000
2019-02-08,241.35768127441406,241.4558282382454,239.00182734901912,239.8228141743865,75788900
2019-02-11,241.49151611328125,242.26786835499118,240.96502467617663,242.00910242961137,68021400
2019-02-12,244.59690856933594,244.9716860928263,243.02633965967624,243.09774400981368,72270200
2019-02-13,245.39109802246094,246.2299221230905,245.00738814719733,245.42680019751208,65277200
2019-02-14,244.84674072265625,245.97112762732067,243.49926290724264,244.31131709030282,83234400
2019-02-15,247.51495361328125,247.55065579201292,246.4084311676484,246.61365742159327,97088700
2019-02-19,247.94326782226562,248.59467591617394,246.71180151764466,246.720733869434,59120800
2019-02-20,248.44296264648438,248.89807681438003,247.4078175629586,247.90753901945007,76610800
2019-02-21,247.55963134765625,248.1664323280742,246.60479533762955,247.80949217681587,64214700
2019-02-22,249.0944366455078,249.290730532081,247.54170516233032,248.17527581592702,78114600
2019-02-25,249.4335174560547,251.03085626968215,249.35320798266986,250.51329725249707,69030700
2019-02-26,249.25506591796875,250.12956502269301,248.8802611353853,249.0855146154646,56844100
2019-02-27,249.14805603027344,249.49606385204325,247.61318876031748,248.54122777356352,56921600
2019-02-28,248.68394470214844,249.37108227772507,248.36270679625503,248.93380548432643,69268300
2019-03-01,250.2366180419922,250.6470976815869,248.8088308049251,250.25445551057405,78880500
2019-03-04,249.32652282714844,251.5306632322656,247.04207292137414,251.28973473029404,106494600
2019-03-05,248.98731994628906,249.6476876295679,248.44299113877628,249.4513665182331,59114600
2019-03-06,247.47921752929688,249.11225838094586,247.15797966307184,249.1033260292909,75039800
2019-03-07,245.40899658203125,247.17585961549707,244.57017236568086,247.0330781283753,94885100
2019-03-08,244.91815185546875,245.0877031498142,243.09774937846666,243.56176873348625,85795800
2019-03-11,248.46978759765625,248.63040655157224,245.60530732168948,245.63207714734213,65098900
2019-03-12,249.40679931640625,249.92438567363297,248.8357005319486,249.02308934201264,79667500
2019-03-13,251.05763244628906,251.985698439076,250.12956645350215,250.29021263711815,80639200
2019-03-14,250.8969268798828,251.50372752873818,250.45967747596836,251.08431559116428,67518400
2019-03-15,252.1366424560547,252.94330215979753,251.25826386372844,251.4465054317037,81309000
2019-03-18,253.05075073242188,253.34654316082592,252.1275687228912,252.35164229173583,62199800
2019-03-19,253.11349487304688,254.87022397304105,252.22617230389451,254.1083957302534,90268100
2019-03-20,252.35162353515625,254.0994081833288,251.2491991641283,252.8983772259184,84609200
2019-03-21,255.20191955566406,255.60523563223617,251.4912475347911,251.53607866734464,79550400
2019-03-22,250.2902069091797,254.36833541817302,250.22745973759913,253.84849671028795,122659300
2019-03-25,250.10202026367188,251.13275344885716,248.84721345767517,249.94963816631585,85575200
2019-03-26,251.9662628173828,252.91633263836115,250.56804582225496,251.8497401756667,68125900
2019-03-27,250.64877319335938,252.5399689758073,249.10714542554365,251.95735561808698,72224700
2019-03-28,251.59873962402344,252.0468867282997,250.12883134541607,251.2760868382542,56238500
2019-03-29,253.1852569580078,253.50790981906596,251.98422572062216,253.1045937427433,82186800
2019-04-01,256.18780517578125,256.4835976324492,254.90611080417543,255.17501552412202,77617900
2019-04-02,256.31329345703125,256.54633873826305,255.5245500615383,256.3760406254756,40070400
2019-04-03,256.7166748046875,257.9177061153034,256.1161454730113,257.52333435925203,68243200
2019-04-04,257.39788818359375,257.6488495887163,256.34923877219444,257.03937579809605,48997500
2019-04-05,258.6436767578125,258.6974522325927,257.77427011188774,258.06109087920464,58621700
2019-04-08,258.8409423828125,258.94849336551664,257.5681919310813,258.2224968795213,53566300
2019-04-09,257.5142822265625,258.2044189077186,256.96755589851574,257.8817661277686,66142300
2019-04-10,258.3927307128906,258.4823656270723,257.51435231828697,257.9266401002401,52601500
2019-04-11,258.32110595703125,258.8857760340984,257.7564358799641,258.8768043335908,55093100
2019-04-12,260.0688781738281,260.3467273476722,258.36592368334215,259.92546773688537,69727800
2019-04-15,259.8984375,260.2390336819139,259.10072251049337,260.1404270937514,49596700
2019-04-16,260.0688781738281,260.8307341532609,259.47732037871833,260.7769586585004,52153200
2019-04-17,259.432373046875,261.2070180975958,259.0200580115087,261.18013036509177,58268300
2019-04-18,259.9432678222656,260.21217252885253,258.72432068114665,260.0149866851149,68708500
2019-04-22,260.1673278808594,260.3197099419461,259.0917911686012,259.18142606613867,40160100
2019-04-23,262.5067443847656,262.73978971372134,260.3018675160108,260.5348854922284,52246600
2019-04-24,261.92413330078125,262.7576805629462,261.7807229084622,262.42605599753017,50392900
2019-04-25,261.76275634765625,262.4170610760673,260.57966858301586,261.8255035173805,57770900
2019-04-26,262.9817199707031,263.05341148117117,261.03674925919904,261.80757659857346,50916400
2019-04-29,263.39410400390625,263.91397021762236,262.98181612432387,263.071451059731,57197700
2019-04-30,263.5284423828125,263.8152631258013,261.64624621968596,263.05340749405735,81111700
2019-05-01,261.54766845703125,264.3620460215108,261.53869676009515,264.15588846112246,71671900
2019-05-02,260.98297119140625,262.3453560513314,259.4951193512274,261.4311183473855,65030200
2019-05-03,263.5373840332031,263.8152330485677,261.0904910062815,262.45287570378883,56543700
2019-05-06,262.45281982421875,262.89199513834154,258.9393352530687,259.25304362860896,107198100
2019-05-07,258.0700378417969,260.6513700683735,256.1698981063263,260.0598124870552,144729900
2019-05-08,257.7115478515625,259.41450187392644,257.11999021906496,257.7115478515625,91568300
2019-05-09,256.9317932128906,257.53229523036543,253.92022936912662,255.65009859984357,103471100
2019-05-10,258.2223815917969,258.9752654873306,253.0238584758782,255.99956198160442,112429300
2019-05-13,251.7332305908203,254.09048922555,250.89968336832376,253.13147501120494,127290500
2019-05-14,254.0098114013672,255.53352272595444,252.62056611045082,252.7460330950823,77003200
2019-05-15,255.4977264404297,256.1340879226377,252.1814256097458,252.3875832066253,73956400
2019-05-16,257.8638610839844,259.2172467723307,256.12504808840697,256.1967395916539,76749600
2019-05-17,256.19683837890625,258.6706201620972,255.5515051899321,255.56944858720954,100353000
2019-05-20,254.50279235839844,256.30432540724155,253.75885272822012,254.6013716078713,62877600
2019-05-21,256.79742431640625,257.17385280375044,255.93696163984237,256.18792308232037,46847100
2019-05-22,256.00860595703125,256.95867595197024,255.53357095956173,255.84727950945393,49482500
2019-05-23,252.88047790527344,253.83949198396766,251.47328933984457,253.79468821165935,98733800
2019-05-24,253.4541015625,254.72685150622567,252.83565630605509,254.3145364334415,55268100
2019-05-28,251.0968780517578,254.6820557568773,251.07896201021688,253.73198585323945,70029400
2019-05-29,249.411865234375,250.38882297493316,248.01364797699472,249.9855068541915,104972900
2019-05-30,250.09307861328125,250.9983449029981,248.9995981182362,250.16477014535002,62523800
2019-05-31,246.722900390625,248.38105017017492,246.69601265810164,247.55647480430645,86862800
2019-06-03,246.09555053710938,247.8701958753177,244.76902502898528,246.75879961480473,96428000
2019-06-04,251.4375,251.57193870713078,247.93298515285497,248.3811324117829,77231900
2019-06-05,253.615478515625,253.64236625592756,251.24927531078833,253.0508086165342,71169700
2019-06-06,255.26455688476562,255.93677748121715,253.26583848372783,253.91117135043032,69430400
2019-06-07,257.81915283203125,258.89471736243144,256.10722675339446,256.2775249265868,74272200
2019-06-10,259.00225830078125,260.66040882386903,258.9126233679336,259.36077067943074,60799100
2019-06-11,258.9394226074219,261.18015839902773,258.29408960533016,260.81267444687654,58641300
2019-06-12,258.48236083984375,259.26213260858515,257.97146645593216,258.70643444478026,47096300
2019-06-13,259.5489501953125,259.907489878774,258.6885151310274,259.38762374939733,48945200
2019-06-14,259.2620849609375,259.8625867942744,258.50022937362166,259.2620849609375,52324700
2019-06-17,259.36077880859375,260.12263473256604,259.19048063666787,259.4952175357084,39205700
2019-06-18,262.0764465332031,263.12512289413803,260.81266829422253,261.1712078946069,85434800
2019-06-19,262.66802978515625,263.19684018898215,261.24292499801845,262.21091089679237,78674400
2019-06-20,265.1776428222656,265.5809862354007,262.73077666429657,265.33899659915994,116570000
2019-06-21,264.7922668457031,266.16125098349477,264.57611868862494,264.90935625937976,83309500
2019-06-24,264.4680480957031,265.3146375506765,264.31492482523606,264.9994306460424,47582700
2019-06-25,261.8741455078125,264.5490887796047,261.7660714339262,264.52207026113314,82028700
2019-06-26,261.61285400390625,263.270053340462,261.50477996892147,262.76568952002185,51584900
2019-06-27,262.5405578613281,263.044921742749,261.9911722884758,262.3694314566564,40355200
2019-06-28,263.8914794921875,264.3868279303758,262.999841309143,263.51319292272876,59350900
2019-07-01,266.2872314453125,267.4220637118567,265.0893468337903,267.2058881698985,78705600
2019-07-02,266.9807434082031,267.0347804260212,265.404599588386,266.24220085033335,61504500
2019-07-03,269.11529541015625,269.1333260737654,267.5121330376996,267.6562409177344,40898900
2019-07-05,268.80908203125,268.971220578247,266.60249706914334,267.8904251985188,51677300
2019-07-08,267.33203125,268.6289747449363,266.7916335461484,267.5031576476492,45841800
2019-07-09,267.6652526855469,267.96245628769606,266.1251426846936,266.1791797032662,41101300
2019-07-10,268.9442443847656,269.8899474589201,268.1967137512382,268.7280962470277,58448500
2019-07-11,269.57470703125,269.8178736807302,268.5749944309455,269.5837223653779,50826100
2019-07-12,270.78155517578125,270.85362287067034,269.75482415267635,270.06104314152424,40326000
2019-07-15,270.8715515136719,271.2138042557839,270.3671877313272,271.2138042557839,33900000
2019-07-16,269.9979248046875,270.988649224032,269.6917058906657,270.78148900906183,36650100
2019-07-17,268.1606750488281,270.1331092273333,268.1606750488281,269.9709981269623,36036300
2019-07-18,269.1423645019531,269.52065119386003,267.22399498501346,267.6653065540941,51392600
2019-07-19,267.6473388671875,270.2592297513728,267.4762124226513,270.23221123306587,58678600
2019-07-22,268.30474853515625,268.84514628615204,267.5301994978204,268.04355124978355,43638100
2019-07-23,270.22308349609375,270.22308349609375,268.5929027695212,269.42151612922413,44564500
2019-07-24,271.4931640625,271.4931640625,269.37662150861763,269.466692412443,47213200
2019-07-25,270.1961364746094,271.09679026285806,269.39454140989733,271.04275323442494,55394100
2019-07-26,272.00640869140625,272.2045535873242,270.75448696588677,270.8805916659106,45084100
2019-07-29,271.5110778808594,272.00645394595506,270.9616922741828,271.8893645581002,38126500
2019-07-30,270.8446044921875,271.2499096855078,269.7367904533448,270.11507713282856,45849000
2019-07-31,267.8814697265625,271.2769523537297,265.8730292190799,271.0877952542594,104245200
2019-08-01,265.54864501953125,270.97958391927483,264.756065630222,268.0344571976811,142646600
2019-08-02,263.54931640625,264.9002971362273,262.0001907364451,264.6571304997098,116749700
2019-08-05,255.6236114501953,259.5774680099177,253.73223265238244,259.46939393331877,178745400
2019-08-06,259.20819091796875,259.4243665522127,256.037898968751,257.5059692772363,120711700
2019-08-07,259.36126708984375,260.1268282910362,254.02039683355144,256.14592653629853,140572300
2019-08-08,264.449951171875,264.449951171875,260.2979505540792,260.847336151514,87713900
2019-08-09,262.648681640625,264.10773653712675,260.8743923871046,263.5133016745195,93730000
2019-08-12,259.4512634277344,262.6395570659091,258.5055607500272,261.1534842703851,65527600
2019-08-13,263.4862060546875,264.9272573466739,258.8118115588366,259.1540643328322,94299800
2019-08-14,255.69558715820312,260.0547478910904,255.5695099292407,259.4513252870701,135622100
2019-08-15,256.37109375,257.2627596852036,254.33563489141036,256.57825401490027,99556600
2019-08-16,260.15386962890625,260.5861658852784,256.4251495030518,258.01932440574643,83018300
2019-08-19,263.28814697265625,263.9636374091486,262.4865792806224,263.16206971711466,53571800
2019-08-20,261.2706604003906,263.3151346538664,261.14458315961394,262.78375220434907,51596400
2019-08-21,263.3961486816406,263.7653924594661,262.7386616778172,263.42316718942703,49524700
2019-08-22,263.3150634765625,264.72909617237826,261.5497901824528,264.0986551673647,51666400
2019-08-23,256.5513000488281,263.6754765607559,255.30839311825704,262.0182764819208,149161500
2019-08-26,259.3882751464844,259.3882751464844,257.2086810185283,258.73078802640924,72423800
2019-08-27,258.3705139160156,261.14454261165514,257.61396813150543,260.7752713086617,66668900
2019-08-28,260.1899108886719,260.35202198942807,256.91151759369086,257.71311273483263,59696700
2019-08-29,263.51324462890625,264.03563916134016,261.7389557594857,262.7386956483744,57899400
2019-08-30,263.3961486816406,265.00829878917193,262.46847659995325,264.99029561256964,62901200
2019-09-03,261.8560485839844,262.6125943955452,260.5320865423105,261.70295284664036,69101400
2019-09-04,264.8282775878906,264.84628077081663,263.2701364628627,264.0176945838123,46887300
2019-09-05,268.232666015625,269.14230747577426,264.79216261230954,267.3049938922983,83258100
2019-09-06,268.4397888183594,269.07927265061045,267.87240015038213,268.5478903361211,49584300
2019-09-09,268.5749206542969,269.51158062995825,267.63823319286826,269.42153725651303,51260300
2019-09-10,268.5118713378906,268.5749236886284,266.5664561971447,267.81835045130987,57947100
2019-09-11,270.4213562011719,270.5024117606907,268.1697212619448,268.8181932238733,68821100
2019-09-12,271.35797119140625,272.41172066807127,270.56539150782567,271.3219373460333,72908700
2019-09-13,271.1778869628906,272.15060859386426,270.8086155553707,271.79934036996366,62104800
2019-09-16,270.34033203125,271.222982924793,269.70087533027913,270.05211612897705,58191200
2019-09-17,271.0247802734375,271.11482367368455,269.9710031299481,270.1421295676581,41475500
2019-09-18,271.1869201660156,271.29499424640557,268.61103547834966,270.63750694299574,73375800
2019-09-19,271.16876220703125,272.56479171883785,270.83552478699335,271.5740673040189,76560500
2019-09-20,269.8876037597656,272.0501199494442,269.1004209167277,271.7696025331954,89565000
2019-09-23,269.82421875,270.53902859724644,268.97369250459167,269.2270389853923,43476800
2019-09-24,267.7070007324219,271.29910921668215,266.74790122291455,270.9100462786687,94869400
2019-09-25,269.29046630859375,269.7338158847859,266.31362352330837,267.7884732719116,71854000
2019-09-26,268.72943115234375,269.507556991821,267.3269822031937,269.2994676970623,56179700
2019-09-27,267.28173828125,269.5890278573318,265.7345158777197,269.48042710932464,84746600
2019-09-30,268.52130126953125,269.2270541925325,267.7522324322751,267.7974620299853,51662400
2019-10-01,265.3273620605469,270.05048714568625,265.1102157710653,269.39902066453936,88242400
2019-10-02,260.6403503417969,263.7619652759954,259.355531740397,263.75290831271883,122539500
2019-10-03,262.7758483886719,262.8029916787892,257.7088892026817,260.4142716976358,85278800
2019-10-04,266.3316955566406,266.5850420764219,263.37293955799163,263.42725373830876,65091200
2019-10-07,265.1825256347656,267.1550385419711,264.90203587328466,265.53541588400043,59610500
2019-10-08,261.065673828125,264.06965938553134,261.02947357933596,263.3367631205743,95708100
2019-10-09,263.5448913574219,264.47684770935257,262.45007528092935,263.0743985044532,62359400
2019-10-10,265.3273620605469,266.2050317974711,263.3005897248464,263.4634494419576,55296300
2019-10-11,268.0779724121094,270.3038044768641,267.9513129611668,268.06891544679235,98720400
2019-10-14,267.7793273925781,268.430793635691,267.43549415139466,267.76121346660506,40394800
2019-10-15,270.4305114746094,271.1724647551186,268.7023153463166,268.8199454533121,46754500
2019-10-16,269.9961242675781,270.6837908068591,269.5618318113538,269.9689809890641,48928200
2019-10-17,270.7924499511719,271.66106275227156,270.1047831934205,271.1543696505715,45736600
2019-10-18,269.6071472167969,270.901023258945,268.7566207357212,270.2586137211803,64304000
2019-10-21,271.4348449707031,271.6339049366315,270.48480235900485,270.91912254267635,39048600
2019-10-22,270.548095703125,272.2581776094596,270.45760889672664,271.96863087406336,48594700
2019-10-23,271.3352966308594,271.38958319579564,270.0866504119283,270.29476731931624,34352200
2019-10-24,271.77862548828125,272.4120055147308,270.95524249897534,272.2672321483224,35453100
2019-10-25,272.8916015625,273.43449487557064,271.1543484832142,271.2086350532512,45205400
2019-10-28,274.4297180175781,274.92738163756786,274.0768553754071,274.1039986555741,42147000
2019-10-29,274.3482971191406,275.27122390029245,274.03160709840614,274.1582941517787,44284900
2019-10-30,275.18994140625,275.56089057501396,273.24457064268313,274.5475040562082,49643900
2019-10-31,274.4569091796875,275.1807761315872,273.00923050128966,275.1807761315872,69053800
2019-11-01,276.9994201660156,277.0446497636023,275.7326600812259,275.89554738047116,71141500
2019-11-04,278.1123352050781,278.68237174713806,277.74135860448837,278.5466553353853,60606900
2019-11-05,277.8047180175781,278.6100147945176,277.5151712474853,278.31141105889066,42933200
2019-11-06,277.86798095703125,278.1394137173285,276.9269680335144,277.80463744206463,46487100
2019-11-07,278.8452453613281,280.17532148829997,278.37475257286513,279.19813566220006,54272300
2019-11-08,279.5328369140625,279.5871234668853,277.8046413486891,278.5013371850439,49032100
2019-11-11,278.9990234375,279.17094007299147,278.0218101817913,278.15755418758573,35797300
2019-11-12,279.5872802734375,280.4830365100918,278.8181835268428,279.36107697224537,46484600
2019-11-13,279.67767333984375,280.07579322546786,278.3747405528372,278.6009437781828,53917700
2019-11-14,280.0848693847656,280.16632685867756,278.7638500595382,279.3972302414338,51219900
2019-11-15,282.111572265625,282.15680185760044,280.727209876316,281.4148487828875,62023600
2019-11-18,282.3197021484375,282.554962331027,281.42394624195816,281.8763526775857,49228000
2019-11-19,282.2383117675781,282.92597848194833,281.59590227071726,282.91692151590615,67804700
2019-11-20,281.1886901855469,282.16590356395267,279.64146788455196,281.6501535927217,79406200
2019-11-21,280.7362365722656,281.4058167709472,279.9400245623278,281.2972436610781,54664700
2019-11-22,281.3605651855469,281.6139116511986,280.35623628650774,281.47819526115194,44850200
2019-11-25,283.541259765625,283.541259765625,282.2835839904739,282.2835839904739,48647200
2019-11-26,284.1836242675781,284.3645978931575,283.2607250475997,283.57741508601435,37569000
2019-11-27,285.4503479003906,285.4503479003906,284.4459913485111,284.66313758126563,44444600
2019-11-29,284.391845703125,285.1337991829254,284.1656423943597,284.88948193732534,36592700
2019-12-02,281.97601318359375,284.70853924541575,281.55074985354673,284.6451956911577,75767800
2019-12-03,280.0848693847656,280.16632685867756,277.89523726060673,279.27054315997344,73941700
2019-12-04,281.81304931640625,282.4102292100744,280.78157685476225,281.1254102128774,49080000
2019-12-05,282.3197021484375,282.52781904939724,281.0167694048144,282.5097327325432,40709000
2019-12-06,284.89837646484375,285.2964962702909,284.2107099622181,284.21976692547145,48927000
2019-12-09,284.0027160644531,285.1789619492192,283.9303155595032,284.5094091482941,34838500
2019-12-10,283.68597412109375,284.6088732952171,283.03450775915456,283.94837758133656,52649800
2019-12-11,284.49127197265625,284.7446184692884,283.60454542809504,284.1383817026879,53429100
2019-12-12,286.94329833984375,287.72142412265157,284.26506008392175,284.5002926440261,96389600
2019-12-13,287.11517333984375,288.3366760105679,285.9389002591607,286.7079965787049,81503900
2019-12-16,289.0877380371094,289.67586093311127,287.051908896003,288.8343915151686,82749700
2019-12-17,289.1510009765625,289.7662669851132,289.06957114713896,289.46769094389344,61097700
2019-12-18,289.169189453125,289.7663693592397,289.11490288099657,289.5401661044706,48133000
2019-12-19,290.3544921875,290.42689269211144,289.10584580362206,289.35919234435806,85310500
2019-12-20,291.62738037109375,292.75485547897176,290.4089735855106,291.38186206644457,147142100
2019-12-23,292.07293701171875,292.46391273935615,291.92745186338635,292.4093592772884,52990000
2019-12-24,292.0820617675781,292.3457276057537,291.7819899538515,292.3002756332288,20270000
2019-12-26,293.63690185546875,293.6460033496912,292.4548730417836,292.46394678754814,30911200
2019-12-27,293.564208984375,294.4189171726763,293.0368494259481,294.3643636924412,42528800
2019-12-30,291.9456481933594,293.7823740438549,291.4637407446412,293.64599037883215,49729100
2019-12-31,292.6549072265625,292.900425602452,291.10007775592334,291.4456015823898,57077300
2020-01-02,295.3917541503906,295.40995713786896,293.26408574966416,294.18244866671154,59151200
2020-01-03,293.15496826171875,294.2733697615571,291.96383805995566,292.0183915235131,77709700
2020-01-06,294.2733459472656,294.3551761359796,291.29094218905,291.40915060001015,55653900
2020-01-07,293.4459533691406,294.18245291277395,293.00039639633826,293.7096192068169,40496400
2020-01-08,295.0098876953125,296.21919321098,293.3914034289501,293.6368940302927,68296000
2020-01-09,297.0103454589844,297.08310193821654,295.98287524044565,296.56481608043686,48473300
2020-01-10,296.1555480957031,297.74675568148257,295.69184361108466,297.59219676942917,53029300
2020-01-13,298.19232177734375,298.20139552344506,296.34652203143133,296.77387604888196,47086800
2020-01-14,297.7376708984375,298.80149124864306,297.18300698847196,297.75584613787055,62832800
2020-01-15,298.41058349609375,299.1652584571871,297.56497682019716,297.64680703898097,72056600
2020-01-16,300.892822265625,300.892822265625,299.5562067752238,299.7835221460508,54050300
2020-01-17,301.829345703125,302.0384580750324,300.8291525707732,301.6020303434294,95846000
2020-01-21,301.23834228515625,302.03849689387584,300.80191449746235,300.87464321259114,77742400
2020-01-22,301.2746887207031,302.7386140999866,301.1201298116937,302.093018484724,48914900
2020-01-23,301.6202087402344,302.02938749135257,299.51981701453644,300.62911709140155,51963000
2020-01-24,298.93780517578125,302.3566362866972,297.65574350918774,302.274806105653,87578400
2020-01-27,294.14605712890625,295.6190561282533,293.3822808977061,293.71870316935264,84062500
2020-01-28,297.2284851074219,298.1013683192747,294.23700720360983,295.5645211349526,63834000
2020-01-29,296.9830017089844,298.81062629591605,296.78296305892985,298.5833109094205,53888900
2020-01-30,297.94683837890625,298.1559785391256,294.18250973419447,294.9280831672491,75491800
2020-01-31,292.5367126464844,297.4830974307918,291.6274511456699,297.3285107663314,113845600
2020-02-03,294.7097473144531,296.5646480050936,293.89141775190467,294.0096261523135,69083000
2020-02-04,299.2016296386719,300.0654392862416,297.9832223847323,298.30146950480867,62573200
2020-02-05,302.6568298339844,302.8659700100723,300.66557228107905,302.1203687719825,65951100
2020-02-06,303.6751403808594,303.866077510334,302.6021908116986,303.611485421549,50359700
2020-02-07,302.0566711425781,303.6842291934215,301.5111087114118,302.6204088136821,64139400
2020-02-10,304.3116455078125,304.3753004752346,301.1383316131343,301.1747098442984,42070000
2020-02-11,304.8390197753906,306.4393011485693,304.31163256555146,305.6573495767884,54864500
2020-02-12,306.8030700683594,307.0121824833329,305.9028821896233,306.2665812903475,43992700
2020-02-13,306.4757080078125,307.4395230692545,305.11181562858764,305.384583005048,54501900
2020-02-14,306.9667053222656,307.084913763709,305.69374469991504,306.88487511244955,64582200
2020-02-18,306.1755676269531,307.0302754690764,304.7934726915438,305.9755290309572,57226200
2020-02-19,307.6395263671875,308.31237098409207,306.8575748122398,307.13944365167055,48814700
2020-02-20,306.375732421875,307.91238687215724,303.4024289862752,307.09402916606956,74163400
2020-02-21,303.2205505371094,305.33911773127744,302.40219294643487,305.02997213526146,113788200
2020-02-24,293.16400146484375,303.2931565670272,292.09105218508665,293.8186706234883,161088400
2020-02-25,284.2805480957031,295.155305787831,283.4076649920906,294.5461162383918,218913200
2020-02-26,283.2349853515625,289.2451911436134,282.5075871787762,285.67179975370436,194773800
2020-02-27,270.514404296875,283.28951758192875,270.514404296875,277.7430167478903,284353500
2020-02-28,269.3777160644531,270.8598161725754,259.6304354668265,262.50370401875745,384975800
2020-03-02,281.0435485839844,281.107203529335,267.7410524282309,271.1507820205074,238703600
2020-03-03,272.9967346191406,285.3626997730892,270.5690213242109,281.4165071703707,300139100
2020-03-04,284.4715270996094,284.6897687189938,275.8062664944297,278.3431137377837,176613400
2020-03-05,275.0152282714844,280.4798988206558,272.78755422327566,277.3065850334191,186366800
2020-03-06,270.4688720703125,271.66910370603455,263.89493030117706,266.54995789097586,228667200
2020-03-09,249.34683227539062,258.4030705400549,248.63760929831085,250.31972115208356,309417300
2020-03-10,262.2492980957031,262.34020207607267,248.68309995813118,258.81228963400844,276444100
2020-03-11,249.4649658203125,256.35718336366966,246.30075363543554,255.22970801029587,255316300
2020-03-12,225.59686279296875,242.46366575529143,225.2058731481479,232.7709352018375,392220700
2020-03-13,244.88229370117188,246.84630170947224,225.96965328165044,239.21758503257703,329566100
2020-03-16,218.08639526367188,233.58929408558546,215.82232893733405,219.29570095436807,297240000
2020-03-17,229.86131286621094,232.92553359423098,215.55863317608555,222.8054346579501,262070500
2020-03-18,218.2227325439453,225.83324590166254,207.3297850292438,214.81300234794617,327597100
2020-03-19,218.68646240234375,224.93309788570622,211.14869122239375,217.54079799071988,289322000
2020-03-20,209.26239013671875,223.5943010918498,208.98800484466545,221.8199586864963,347158800
2020-03-23,203.9119110107422,210.06722076037724,199.62239599139812,208.7044633697625,326025200
2020-03-24,222.38697814941406,223.25586710368103,213.83539985668068,214.4024524745698,235494500
2020-03-25,225.7161102294922,234.45977474421133,219.27727582041112,223.96006448156098,299430300
2020-03-26,238.89564514160156,240.35899576162524,227.78314843419415,228.2130153545227,257632800
2020-03-27,231.7799835205078,238.53893683565772,229.6123667847552,231.64279788754072,224341200
2020-03-30,239.30726623535156,240.02065962306284,231.8806509910672,233.86534941132197,171369500
2020-03-31,235.740234375,240.84373521827933,234.3408851186473,238.31028086600318,194881100
2020-04-01,225.13079833984375,235.6579474427776,223.07292993104878,226.8045329870279,189554600
2020-04-02,230.32577514648438,231.1031837108158,223.70400702849605,224.25277750810542,177660400
2020-04-03,226.9966278076172,231.688572678805,224.28024014069945,229.34716379458789,135561200
2020-04-06,242.2430877685547,244.20036249851938,226.97829031503124,235.82254896003673,188061200
2020-04-07,242.489990234375,251.54460260968858,242.2704932762104,250.79461745380323,201427200
2020-04-08,250.63009643554688,252.43187579591768,242.5998371553158,245.0784176857371,153774500
2020-04-09,254.44395446777344,257.18777844300485,251.94706460212936,253.87687406713079,189999200
2020-04-13,252.1209259033203,253.8129568310891,248.23384065027605,253.47455622786137,114839100
2020-04-14,259.5566711425781,260.5718728557948,251.98371629741587,256.98662431123626,134143400
2020-04-15,254.04165649414062,259.6939301162573,251.9380402749764,253.86787865263815,121775000
2020-04-16,255.2671661376953,256.1177451046748,252.21237795625973,255.3128853851821,131798300
2020-04-17,262.1632995605469,262.76691639123914,258.2853419351938,261.0108843332455,146684800
2020-04-20,257.5445556640625,262.3005301330581,257.32505859712245,258.4774461101888,100109300
2020-04-21,249.72463989257812,254.29768106012358,248.79172163095677,253.09954650715693,126385700
2020-04-22,255.2671661376953,257.0049162166208,253.26417185311237,254.58120995562248,92951600
2020-04-23,255.24874877929688,259.69375748408424,254.9469404672094,256.5383492087223,104709700
2020-04-24,258.80670166015625,259.47437574126815,254.7184016023535,256.7579880798874,85063200
2020-04-27,262.53826904296875,263.6540921481232,260.31577784625483,260.77308193998005,77896600
2020-04-28,261.3309326171875,266.5167439245813,261.0290963712476,266.16918844701115,105270000
2020-04-29,268.17230224609375,269.69971044755005,265.61141007125656,266.63576694119143,118745600
2020-04-30,265.6754150390625,268.27289912485736,263.94679204552654,266.80036532536803,122901700
2020-05-01,258.64202880859375,265.839989989389,257.4804586743474,260.9468311402784,125180000
2020-05-04,259.35540771484375,259.657216085898,255.2945457981982,256.7670513399849,80873200
2020-05-05,261.75177001953125,264.55046938143977,259.48353122781396,262.16335494813103,79569900
2020-05-06,259.97747802734375,263.82797217336974,259.547610896198,263.44385221630023,73632600
2020-05-07,263.11444091796875,265.0351234329796,262.6114176478668,263.1784701811811,75250400
2020-05-08,267.4680480957031,267.9345072510261,265.10834309873604,266.2333213332557,76452400
2020-05-11,267.52288818359375,268.89480043068914,265.12661925786074,265.5473311983813,79514200
2020-05-12,262.1907043457031,269.1142661339823,262.05349080766416,268.70270925473403,95870800
2020-05-13,257.5536804199219,262.6663370220257,255.13910132073806,261.6328252672218,144721100
2020-05-14,260.635986328125,260.7640170045489,249.67896640929797,255.13005318589342,121977900
2020-05-15,261.8340759277344,261.8797951803383,257.31590846985506,258.25795394887507,111146300
2020-05-18,269.8094177246094,271.40998206704353,267.70583003920393,268.0259205783891,119703800
2020-05-19,267.03814697265625,270.9160766593907,267.0198648575471,269.2149188705736,95189300
2020-05-20,271.5746154785156,272.4343494490496,270.33076168126627,270.5594137391396,85861700
2020-05-21,269.69964599609375,272.25141045767714,268.6112601039771,271.4465508488892,78293900
2020-05-22,270.2117614746094,270.38553920935277,268.18133081063405,269.41605706374116,63958200
2020-05-26,273.54095458984375,276.38540004867997,270.230078020285,276.14759303154426,88951400
2020-05-27,277.611083984375,277.647676135296,271.5197887469561,276.32148280283,104817400
2020-05-28,277.09881591796875,280.6383447830718,276.4311419598092,278.6353508202171,90405200
2020-05-29,278.3335876464844,278.91892240887853,273.89773207862925,276.63240179778086,119090800
2020-06-01,279.4585266113281,280.06217137761803,277.1811611065829,277.6933394698057,55758300
2020-06-02,281.7724914550781,281.8182386135936,279.04697679082,280.3731419784623,74267200
2020-06-03,285.52239990234375,286.473600307981,283.47368633170566,283.7480576450486,92567600
2020-06-04,284.77239990234375,286.27237076977303,282.6870942924348,284.54374784901324,75794400
2020-06-05,292.07098388671875,293.83617104202,290.0771446777787,290.14117395158814,150524700
2020-06-08,295.6012878417969,295.793347687751,292.3361309024843,292.87574622029155,73641200
2020-06-09,293.3970947265625,295.67445961076476,292.089184133504,292.9489178471425,77479200
2020-06-10,291.760009765625,294.86054489707874,291.04661650084495,293.9733738449627,95000800
2020-06-11,274.9403991699219,285.49498720882065,274.3916564962647,284.8639052224834,209243600
2020-06-12,278.2328796386719,282.68701593708937,273.101942381713,281.918748600243,194678900
2020-06-15,280.83050537109375,281.9554837805879,271.4008947543793,272.5715924204111,135782700
2020-06-16,286.2357482910156,288.68691925578287,281.3974914516678,288.5405786077651,137627500
2020-06-17,285.0467529296875,287.5436429956931,284.3150497306048,287.2509617160601,83398900
2020-06-18,285.1565246582031,285.63211084262696,283.08037422942215,283.53767829923845,80828700
2020-06-19,283.5268859863281,288.7998301267632,281.58855589183077,288.606925057698,135549600
2020-06-22,285.3457336425781,285.7407390429402,281.79062897041933,282.9297247424216,74649400
2020-06-23,286.659423828125,288.91008594994315,286.25522305494576,287.9822576249924,68471200
2020-06-24,279.3470458984375,285.24468083304134,277.5189755901933,284.62918451943716,132813500
2020-06-25,282.3417663574219,282.60817769044917,276.76565913214597,278.7774669907912,89468000
2020-06-26,275.6358337402344,281.45999191166675,275.05711847124337,281.24869621906464,127961000
2020-06-29,279.68695068359375,279.82474000470745,274.6069121259045,276.8851316946332,79773300
2020-06-30,283.2696533203125,284.95996268018115,279.09907976025323,279.25523166814565,113394800
2020-07-01,285.2538757324219,286.5124263442875,283.921874858754,284.3811913050776,72396500
2020-07-02,286.8247985839844,290.012456292064,286.1633816866912,288.6712318949843,69344200
2020-07-06,291.2525939941406,291.83133729460695,289.8838397361495,290.6279302554761,61713800
2020-07-07,288.24871826171875,291.68439738583083,287.87207529357096,289.71853695744034,82910000
2020-07-08,290.4533386230469,290.5635700836482,287.2565141278047,289.01107826646074,54638600
2020-07-09,288.7998962402344,291.298579547416,285.400942347233,291.0597259556873,83354200
2020-07-10,291.7486267089844,292.0150381063535,287.31164202517806,288.7355118423281,57550400
2020-07-13,289.2224426269531,296.45208065811465,288.5702209738263,294.08201958882603,102997500
2020-07-14,292.97052001953125,293.7421685632564,286.61356577675565,287.8077777537077,93657000
2020-07-15,295.6620178222656,296.7551932653832,293.2919291339535,296.1764500267383,87196500
2020-07-16,294.688232421875,295.13835353607965,293.1265454022012,293.76959959487846,54622500
2020-07-17,295.5426330566406,296.3234767747621,293.723729481606,295.6896177123011,62774900
2020-07-20,297.9310302734375,298.6751206832208,294.5320773134892,295.27616772327247,56308800
2020-07-21,298.56494140625,300.3287011916338,297.5819972984977,299.887775262516,57292200
2020-07-22,300.264404296875,300.57676422399317,298.09644361801094,298.20667510548435,57792900
2020-07-23,296.6816711425781,300.604251536004,295.32211240358737,299.9060815666081,75738000
2020-07-24,294.7708740234375,295.790542894213,293.27349819241743,294.83518504261593,73766600
2020-07-27,296.920654296875,297.0951968654267,294.66999151363245,295.4600307240975,48293000
2020-07-28,295.0373840332031,297.3064087498554,294.7434147338862,296.19484259327356,57495000
2020-07-29,298.66595458984375,299.2263352942239,295.8733024378187,295.910055607234,48454200
2020-07-30,297.60028076171875,298.0136767448375,293.631808282244,295.7078993937221,61861700
2020-07-31,299.9519958496094,300.0530600436379,295.1842889920088,299.38244795338665,84986800
2020-08-03,302.0373840332031,302.7998371691096,301.06363519242745,301.605625355919,53077900
2020-08-04,303.2039489746094,303.2039489746094,301.18294553917855,301.18294553917855,41917900
2020-08-05,305.08721923828125,305.344463414178,304.2328972007619,304.49930864404297,42697700
2020-08-06,307.1265563964844,307.2459831711578,304.1869476378153,304.50847479244663,43679400
2020-08-07,307.34698486328125,307.6317587906,305.2616704500429,306.16194069300275,57308300
2020-08-10,308.2657470703125,308.44945688809753,305.8680998604752,307.7972351712093,44282100
2020-08-11,305.7210998535156,310.07544003010565,304.99539985279966,309.44158091644624,69601100
2020-08-12,309.98345947265625,310.7551076734617,308.11863597876425,308.1461938418484,53774400
2020-08-13,309.4231262207031,310.72759735332505,308.50449326474353,309.22102584901387,41816100
2020-08-14,309.43231201171875,309.9651348090941,308.31157871851264,309.0373065810643,47260400
2020-08-17,310.41534423828125,310.8103497812543,309.4415953007634,310.442902112571,35481000
2020-08-18,311.0859375,311.5085008913745,309.22108532762326,310.81033073952744,38733900
2020-08-19,309.79058837890625,311.9769111702149,309.23020772218825,311.4624789799715,68054200
2020-08-20,310.7552490234375,311.2329282123229,307.94423357244034,308.07282764717576,42207800
2020-08-21,311.8575744628906,312.0780374355691,310.0845912760767,310.4245090715658,55106600
2020-08-24,315.0177307128906,315.09120903872747,311.8300721706247,314.28280728221034,48588700
2020-08-25,316.1199951171875,316.20266872609784,314.4205183977049,315.5780049913605,38463400
2020-08-26,319.2893371582031,319.5557205923027,316.16598999166297,316.70798019703517,50790200
2020-08-27,319.98736572265625,321.4296260137834,318.3338378197821,320.1527409405033,58034100
2020-08-28,322.0544128417969,322.1830349455076,319.82214090847793,321.00718557847676,48588900
2020-08-31,320.88775634765625,322.71582741898374,320.65809805087804,321.8431427119025,66099200
2020-09-01,323.9100341796875,324.01107036337214,320.82341240947085,321.7144876310069,54908700
2020-09-02,328.59503173828125,329.55958516400403,324.6724509289128,325.8115748999467,69540000
2020-09-03,317.2866516113281,327.38241887389745,314.71446250184243,326.91390709312424,148011100
2020-09-04,314.69610595703125,319.52809635719643,307.62262081365446,317.96643711549046,139156300
2020-09-08,306.0977478027344,314.7604798192922,305.7946111946916,309.3129638670282,114465300
2020-09-09,312.1423034667969,314.5950377875089,309.2210293277964,310.0845465588693,91462300
2020-09-10,306.7223815917969,314.6593560242993,305.76699543534016,314.0071344529514,90569500
2020-09-11,306.8785705566406,309.5517962366656,304.0675555187705,308.4953737805765,84680200
2020-09-14,310.9205017089844,312.6842893155275,307.02550695570335,310.0294266223759,65605700
2020-09-15,312.4913330078125,314.1907812662179,310.9296460285526,313.36401735020615,52920900
2020-09-16,311.2512512207031,315.1462463127431,310.9756444899073,313.72237632422525,82096000
2020-09-17,308.5137023925781,310.2223743451593,305.89559274386187,306.419220280496,91523300
2020-09-18,304.96185302734375,309.42583088639304,302.49006851927624,309.3151581691173,105877900
2020-09-21,301.5677185058594,301.7152914916219,296.734822845481,300.3963948738727,99450800
2020-09-22,304.6390380859375,305.19242981762375,300.54397867680115,303.043459504694,63612100
2020-09-23,297.57415771484375,305.4691302783531,297.07610235711314,305.19242034775965,93112200
2020-09-24,298.3673400878906,301.41095239116913,294.95478119915913,296.26447402550286,76681300
2020-09-25,303.1911315917969,303.9750729756473,296.65195372295256,297.51889967168074,71069400
2020-09-28,308.226806640625,308.9369752665523,306.3452862039653,307.3321647407757,64584600
2020-09-29,306.5481872558594,308.7617257497087,305.8564547173646,308.02388896731526,51304000
2020-09-30,308.87249755859375,312.0083468241908,307.0186449225947,307.2123221968008,104081100
2020-10-01,310.85540771484375,312.4233180156539,308.9831193152461,311.4549036577027,88698700
2020-10-02,307.904052734375,310.82778863279594,305.45993618333404,305.9303234212104,89431100
2020-10-05,313.3641357421875,313.54858090194296,309.9054723466813,309.95157659995147,45713100
2020-10-06,308.90936279296875,315.58690808900525,308.4021034182183,313.5024779338328,90128900
2020-10-07,314.286376953125,315.0887821811793,311.82379677185315,311.85146494707334,56999600
2020-10-08,317.0718078613281,317.1363763322467,315.30095984570346,316.21406610772175,45242500
2020-10-09,319.9033203125,320.3644754439447,318.09560007830606,318.7135321923036,59528600
2020-10-12,325.0498046875,326.5162746526731,321.9416235525097,322.43044687423406,80388500
2020-10-13,322.928466796875,325.08666923359056,321.96925633166603,324.91142804821567,73255500
2020-10-14,320.8994445800781,324.5886861095269,320.170839643621,323.50036661354255,57727900
2020-10-15,320.50286865234375,320.9824599345007,316.4723766493068,317.0073043045326,60357700
2020-10-16,320.3091735839844,323.5003595562706,320.13393236342415,321.849416126788,89501900
2020-10-19,315.4393005371094,322.19058938218416,314.54465857388607,321.5634252410943,68425600
2020-10-20,316.7029724121094,319.93105904406303,316.0204716740059,316.7767448648712,60051900
2020-10-21,316.1034240722656,318.8150186473506,315.79904590648505,316.65678774336294,63575000
2020-10-22,317.8372802734375,318.4183401585938,314.1849400410323,316.3154741888246,55399300
2020-10-23,318.9164123535156,319.1100896099065,316.47229601014976,319.05475325093767,49143900
2020-10-26,313.0228576660156,316.33394775174224,309.54573036057326,315.54997848902946,91473000
2020-10-27,311.94384765625,313.6962319163576,311.731706115775,313.3642136582386,65994100
2020-10-28,301.2818908691406,311.9714640421637,300.79306752806804,306.2992612343689,127094300
2020-10-29,304.3438415527344,307.4981257586488,299.83373247398697,301.5123433057497,90597700
2020-10-30,301.17120361328125,304.07647533605143,297.5372988957393,302.77601447703177,120287300
2020-11-02,304.54693603515625,306.53910193087637,301.81687671037344,304.54693603515625,86068300
2020-11-03,309.9239196777344,311.9714496081248,304.62986772162367,307.76571701813515,93294200
2020-11-04,316.85052490234375,320.9086850612525,313.2073875383157,314.3787116216634,126959700
2020-11-05,323.0299377441406,324.8284540169857,321.757145076795,322.10762748046125,82039700
2020-11-06,322.95611572265625,324.201240016789,320.64110830931844,322.74397426177785,74973000
2020-11-09,327.014404296875,336.0715000421153,326.5532490529831,335.6933493645221,172304200
2020-11-10,326.5347595214844,327.58617866916313,323.27900515845005,326.02747194823814,85552000
2020-11-11,328.9604187011719,329.7812602109788,327.4754845197472,328.71137691264624,58649000
2020-11-12,325.7692565917969,329.00657518311715,323.9707681551481,327.9551277906034,67546200
2020-11-13,330.279296875,331.01713379560016,327.15265170494035,327.6691431786953,62892200
2020-11-16,334.4020080566406,334.5956853129893,331.6535135928725,332.9355382509408,74541100
2020-11-17,332.603515625,333.8025358299785,330.5006493949441,332.0040195958482,66111000
2020-11-18,328.6007385253906,333.4151997977144,328.5638382294052,332.8710400553141,70591300
2020-11-19,329.984130859375,330.3530492973279,326.63614044527395,327.9735014478599,59940900
2020-11-20,327.7245178222656,329.92885302572876,327.6507453802579,329.7259436268605,70417300
2020-11-23,329.68902587890625,330.94338250005325,327.3002456235461,329.5230167831691,63230600
2020-11-24,335.0015869140625,335.54574667619727,331.3769137723778,332.22542358406326,62415900
2020-11-25,334.4850769042969,334.94623208204837,333.3967574400062,334.9185638972504,45330900
2020-11-27,335.4165344238281,335.8868934462718,334.4111916218627,335.573311382419,28514100
2020-11-30,333.93157958984375,334.90922600615437,331.2661181405952,334.64174820647105,83872700
2020-12-01,337.5839538574219,339.1149920971169,336.57863916292445,337.1689311743756,74231400
2020-12-02,338.294189453125,338.45096643579234,335.90540924809943,336.4772371080401,45927000
2020-12-03,338.2020263671875,339.58549206347914,337.1044746630616,338.1927942556074,62882000
2020-12-04,341.11639404296875,341.11639404296875,338.69071399123095,338.78295063000496,50749900
2020-12-07,340.41546630859375,340.90428958580924,339.1519058456032,340.3508978397775,48944300
2020-12-08,341.41162109375,341.9742168745156,339.10584531026393,339.1519495672629,42458900
2020-12-09,338.3494873046875,342.22317308272335,337.51941379129926,342.0663961179011,74098300
2020-12-10,338.2388916015625,339.28107867484596,336.11756086582494,336.984534864023,57735400
2020-12-11,337.8422546386719,338.24807342601844,335.03845156732064,336.5510258365132,57698600
2020-12-14,336.3295593261719,341.0702179679605,336.1543181789462,340.0003631645478,69216200
2020-12-15,340.87664794921875,340.87664794921875,337.49178503398645,338.8567862142581,63865300
2020-12-16,341.41162109375,342.32469929707383,340.21260079833104,341.08880685472656,58420500
2020-12-17,343.3207702636719,343.52367965151916,342.2232187766809,343.04408843782375,64119500
2020-12-18,341.9498596191406,343.77455666186626,339.94917441493516,343.6078399615116,136542300
2020-12-21,340.7272644042969,350.5454322565791,335.3272876322013,338.05044054116735,96386700
2020-12-22,340.1529846191406,341.1625846556748,339.03224010396457,341.0514401770329,47949000
2020-12-23,340.4587097167969,342.35749412526934,340.13451942917413,341.11633348883834,46201400
2020-12-24,341.783203125,341.8109892466204,340.3475397301883,340.9310482842166,26457900
2020-12-28,344.71942138671875,345.10842711140884,343.7005497585794,344.3211159320895,39000400
2020-12-29,344.0617370605469,346.4143989143609,343.4782002616362,346.23841072844647,53680500
2020-12-30,344.5526123046875,345.5807552049066,344.16360665234055,344.87680252607737,49455300
2020-12-31,346.30328369140625,347.02575115427703,343.8487486102848,344.3581702862446,78520700
2021-01-04,341.5886535644531,347.757426120549,337.9114732173505,347.62773872628424,110210800
2021-01-05,343.9412841796875,345.02499929937693,340.90321283330127,340.9495418737346,66426200
2021-01-06,345.9976806640625,349.17471214126346,341.8944354726088,342.4409148493491,107997700
2021-01-07,351.13824462890625,351.879226704414,348.18353125617296,348.35951944577056,68766800
2021-01-08,353.1390380859375,353.352055657759,349.28586792897727,352.5184435013645,71677200
2021-01-11,350.7584533691406,352.509035392322,349.8599978362601,349.9804137736542,51034700
2021-01-12,350.83258056640625,351.8421806908139,348.60033453721564,350.94375332137713,52547700
2021-01-13,351.7773742675781,352.768431491567,349.98046294933357,350.75850265414215,45303600
2021-01-14,350.54541015625,353.0184878217367,350.2119767271878,352.5183094114912,49989100
2021-01-15,347.9890441894531,349.73035497253096,346.1365606500185,348.9338006185688,107160000
2021-01-19,350.7214660644531,351.25870215945235,348.96161222679353,350.43433335620296,51233300
2021-01-20,355.5749816894531,356.40859366437286,352.6109965934532,353.00000232397593,61836100
2021-01-21,355.8990478515625,356.5566997109328,354.982077752793,356.130608241486,47840100
2021-01-22,354.63946533203125,355.79726758341997,353.676165944212,354.0559284746663,52860500
2021-01-25,356.0380859375,356.3900340645269,350.5454507834374,355.3711907354322,70402000
2021-01-26,355.4823303222656,357.3903860722406,355.25076988400014,356.98283743956097,42665300
2021-01-27,346.79412841796875,352.26821978545763,344.5711541827748,352.1755899701056,123351100
2021-01-28,349.7767333984375,353.75956226380936,348.16508153694485,348.60038809417415,94198100
2021-01-29,342.7742614746094,348.88746214768764,341.1070095092321,347.92416289657984,126765100
2021-02-01,348.4798583984375,349.50797292104767,343.0613398351823,346.15498313021897,75817600
2021-02-02,353.4075012207031,354.9543372615442,348.5632753314943,351.6476476844072,64450700
2021-02-03,353.6853942871094,355.3989470635839,352.4164476969592,354.2318734911407,52427100
2021-02-04,357.705322265625,357.7516230488669,353.79658074701985,354.7135510817987,47142600
2021-02-05,359.1131896972656,359.8171424896875,357.6590115971153,359.56706738711136,48669800
2021-02-08,361.7066650390625,361.7529658186462,359.7059795212632,360.558106078852,38365200
2021-02-09,361.4658203125,362.0586285633891,360.46549172244113,360.8730120616109,35551100
2021-02-10,361.3084411621094,363.34618472348745,358.9187494098211,363.19798262205444,59154400
2021-02-11,361.8919677734375,362.79969501880703,359.47448996280053,362.382874853758,42913300
2021-02-12,363.6796569824219,363.92046067085107,361.0213188114719,361.0954339976511,50593300
2021-02-16,363.3646545410156,365.09675048774824,362.6514585158837,364.90221935362916,50972400
2021-02-17,363.4480285644531,363.69810367108147,360.6137026893847,361.62333111241526,52290600
2021-02-18,361.9012145996094,362.6421967685174,359.1410037271101,360.8545567926999,59712800
2021-02-19,361.26202392578125,363.4386974223099,360.817417764793,363.1515647766669,83241000
2021-02-22,358.4833984375,360.8823615464996,358.2147803740749,358.51118456360194,67414200
2021-02-23,358.9186706542969,360.2617324705037,352.157117326697,356.2881475310484,107284100
2021-02-24,362.8737487792969,363.2998403698214,356.85317693048404,357.83499100141944,72433900
2021-02-25,354.1300048828125,362.9756307811768,352.6943414403151,361.614054243243,146670500
2021-02-26,352.3052978515625,357.1402809088511,350.33242667147107,356.00102164898425,152701600
2021-03-01,360.8452453613281,362.0864341700933,352.49982648838284,357.1495498565867,105348800
2021-03-02,358.02947998046875,361.29911209964035,357.5293015403347,361.0675516711816,79595300
2021-03-03,353.28717041015625,358.29811382408514,353.18526911043256,357.33484267513,119940200
2021-03-04,348.9153137207031,355.6768678709619,344.45082125144995,353.10191667693744,183433000
2021-03-05,355.33416748046875,356.38082529964976,345.15477853579273,352.3979683617633,152039600
2021-03-08,353.5650329589844,359.08542635862597,353.28717171626954,356.2881862042194,123149200
2021-03-09,358.6130676269531,361.1509612373541,356.8902430962981,357.3904216073474,113633600
2021-03-10,360.8452453613281,362.53101211553303,359.53926937994413,360.94714665159455,109899400
2021-03-11,364.50396728515625,366.46759555552194,362.8459863990173,363.29986414326305,86245000
2021-03-12,364.994873046875,365.1338036755719,362.345834837524,363.15166075062507,64653600
2021-03-15,367.1714172363281,367.43076374037474,363.11447471351755,365.2448189777113,73427200
2021-03-16,366.7083435058594,368.48671168557286,365.9395470892931,367.78278723665204,73722500
2021-03-17,367.9588317871094,368.7553861785309,364.2908938545459,365.4301814608711,97959300
2021-03-18,362.6051330566406,367.458630815987,361.92896639831395,365.3838583264933,115349100
2021-03-19,361.9341735839844,363.87635566268045,359.7689461369749,362.30587805219596,113624500
2021-03-22,364.82427978515625,366.1996177896849,362.3895824149107,362.44533667840955,73778600
2021-03-23,361.9527282714844,365.6326505079344,361.1721404249181,364.1922851409189,90686600
2021-03-24,360.11279296875,364.9729135223698,360.0663405424219,363.3466815716018,97588600
2021-03-25,362.138671875,362.9285333586431,356.74885698652554,358.6817658979914,116128600
2021-03-26,367.97454833984375,368.37413002646963,362.68696810766545,363.28168972230213,114409100
2021-03-29,367.7886047363281,368.69000297943103,365.02865575356833,366.50620018848747,108107600
2021-03-30,366.8128662109375,367.48194559201005,365.2237849563697,366.5247931234567,76262200
2021-03-31,368.2997741699219,369.85167684984475,367.35192329787424,367.3798004306039,112734200
2021-04-01,372.27703857421875,372.3328211938381,370.0189059510316,370.22334769217844,99682900
2021-04-05,377.62030029296875,378.15929585241673,374.85107802689595,374.9254075734241,91684800
2021-04-06,377.39727783203125,378.4380616237521,376.7281984860348,377.0627523386487,62021000
2021-04-07,377.8341064453125,378.17793382855064,376.7747471661256,377.2300830672533,55836300
2021-04-08,379.6275939941406,379.6833482520154,378.1500494419872,379.07932488554803,57863100
2021-04-09,382.38751220703125,382.55480332633414,379.38597091748704,379.5067812528372,61104600
2021-04-12,382.52691650390625,382.79638593522094,381.1887577388025,381.7927810410096,56704900
2021-04-13,383.66064453125,384.2832715540899,382.04371434066746,382.42472067416116,56551000
2021-04-14,382.3503723144531,384.68283426978144,381.81137670460754,383.6327485367833,61659900
2021-04-15,386.457763671875,386.7272614837685,384.43195006619254,384.47840249341357,60229800
2021-04-16,387.7494812011719,388.35350456848977,386.3276909048911,387.7401793717676,82037300
2021-04-19,385.8444519042969,387.2662422093501,384.52489664561284,386.82020814297175,78498500
2021-04-20,383.0195007324219,385.73296934964173,381.55122954047414,384.6364310503438,81851800
2021-04-21,386.64361572265625,386.8480574414504,382.26670824654997,382.4061222414996,66793000
2021-04-22,383.11236572265625,387.303406925715,382.05300649472724,386.47636655189376,97582800
2021-04-23,387.26617431640625,388.66938907577,383.59555394557486,383.6698834905282,73209200
2021-04-26,388.07464599609375,388.6415186781956,387.33123709676823,387.9166850756221,52182400
2021-04-27,387.9910583496094,388.56723292463965,386.8573412168641,388.37206467020457,51303100
2021-04-28,387.8794860839844,389.3756339925639,387.41484845610245,388.26049234195517,51238900
2021-04-29,390.3514404296875,390.96476562535156,386.9874678625414,390.59306111989224,78544300
2021-04-30,387.7865905761719,388.93891128959154,386.89449418451875,388.09326732154926,85527000
2021-05-03,388.6229553222656,390.1469521204787,388.13044053050237,389.7659458311173,68128300
2021-05-04,386.22540283203125,387.136102852293,382.5547823442994,386.64358806850186,101591200
2021-05-05,386.3462829589844,388.0933254085799,385.78871199603554,387.86100653728766,60162200
2021-05-06,389.43145751953125,389.56154133168053,384.4226493874601,386.42058587094186,74321400
2021-05-07,392.2657470703125,392.9162512267745,389.5150996883385,390.1934809738354,67733800
2021-05-10,388.3813781738281,392.84188892503846,388.2605678296134,392.6188718952487,81852400
2021-05-11,384.9151611328125,385.90019080250545,381.058673838158,383.8836790361329,116888000
2021-05-12,376.737548828125,383.4097394915113,375.42726709184967,382.14593854145664,134811000
2021-05-13,381.2631530761719,383.18676017783554,378.2337058547637,378.28018664555873,106394000
2021-05-14,387.1175231933594,387.9631671876168,383.95799259058225,383.9858697174596,82201600
2021-05-17,386.1324768066406,386.9409701694624,384.1252386808852,386.0116948349033,65129200
2021-05-18,382.8056945800781,386.6343045309309,382.6477052906037,386.3926838620524,59810200
2021-05-19,381.80206298828125,381.97862757643315,376.66317135235914,378.14074413936413,106467100
2021-05-20,385.9095764160156,387.16410416861186,382.55490505696974,382.6756870652051,78022200
2021-05-21,385.593505859375,388.6229524956767,385.1381700248017,387.38700043150294,76578700
2021-05-24,389.5244445800781,390.5931057902049,387.5822337254024,387.8238544432402,51376700
2021-05-25,388.6601257324219,390.95543705465997,388.08397953448286,390.60230787289504,57451400
2021-05-26,389.43145751953125,389.93324582826676,388.2141089866511,389.2455910916205,43088600
2021-05-27,389.63592529296875,390.9647824277328,389.35712563246545,390.45369225566577,56707700
2021-05-28,390.33282470703125,391.4572399363522,390.10050587027376,391.19704397355315,58520200
2021-06-01,389.9890441894531,392.8233229944938,389.5522835895408,392.68393734755085,54216600
2021-06-02,390.6023254394531,391.43869600618797,389.6358994197464,390.6395043968989,49097100
2021-06-03,389.15264892578125,390.2863660477926,386.8387622554671,388.2977314392226,58138800
2021-06-04,392.7118225097656,393.00919746881766,389.2177376389968,390.99265720434005,55938800
2021-06-07,392.33074951171875,392.8790185472602,391.4014741919741,392.70245396777017,51555000
2021-06-08,392.41448974609375,393.27870922698145,390.5931175547171,393.1857759973802,47134300
2021-06-09,391.8290100097656,393.3251583157947,391.6059929640918,393.25080039441156,48436300
2021-06-10,393.65032958984375,394.5982086261025,391.7360245783089,393.0463062654877,51020100
2021-06-11,394.3009338378906,394.41244237418545,392.916322246828,394.1987271327008,45570800
2021-06-14,395.1836853027344,395.2858919893771,393.1764469359521,394.41237080126155,42358500
2021-06-15,394.4588317871094,395.3695035287047,393.585310642845,395.3323529313738,51508500
2021-06-16,392.2564392089844,394.82124847769757,390.22135210226025,394.59823144884797,80386100
2021-06-17,392.1263427734375,393.1020706024834,389.66376862836967,391.84757149634856,90949700
2021-06-18,386.8363952636719,389.5494085797688,386.6312846967765,388.85950415112694,118676300
2021-06-21,392.37432861328125,392.5608031135424,387.7780195471861,388.58912956449535,72822000
2021-06-22,394.4720153808594,395.30178987033617,391.64710042623443,392.36500160297555,57700300
2021-06-23,393.9966125488281,395.3484532153009,393.9127075517657,394.54667538647084,49445400
2021-06-24,396.3273620605469,396.74688700384473,395.879840335682,396.13158375367453,45110300
2021-06-25,397.7351989746094,398.18272076667404,396.7469465793157,397.0732627744451,58129500
2021-06-28,398.5370178222656,398.70482783005764,397.0639714449484,398.2573344759455,53159600
2021-06-29,398.75140380859375,399.553181588353,398.2199770743729,398.91921379244826,35970500
2021-06-30,399.0870056152344,399.75827397212026,398.26656335103905,398.29453168040874,64827900
2021-07-01,401.296630859375,401.4551370436827,399.77695175037366,399.8422206763837,53441000
2021-07-02,404.36395263671875,404.7182371428583,401.38053111850644,402.45271689824966,57697700
2021-07-06,403.62738037109375,404.63429713848,400.9050347893744,404.4198543106815,68710400
2021-07-07,405.0538635253906,405.333575301401,402.3035493327299,404.30802236006286,63549500
2021-07-08,401.75341796875,402.50859126674294,398.5835224267415,399.75824909118023,97595200
2021-07-09,406.0421142578125,406.3404621035636,401.55767811817753,403.25449948236826,76238600
2021-07-12,407.49652099609375,407.74826443657537,405.529348587086,405.95820582921755,52889600
2021-07-13,406.1073303222656,408.20504032687353,405.84628310421715,406.7133297443053,52911300
2021-07-14,406.7133483886719,408.2796602207777,405.47338115910287,407.7948378993106,64130400
2021-07-15,405.32421875,406.05142380082106,403.43161916568266,405.3801554114466,55126400
2021-07-16,402.14495849609375,406.545488730054,401.75340192492536,406.4988843365375,75874700
2021-07-19,396.20623779296875,402.2103536866974,393.4092904555928,397.3436641815824,147987000
2021-07-20,401.88397216796875,403.1519362165868,396.07563556513816,396.8681095390226,99608200
2021-07-21,405.1376953125,405.27756540123846,401.8373188776991,403.07728599269296,64724400
2021-07-22,405.9861755371094,406.2285867170565,404.33598703643406,405.31490711357736,47878500
2021-07-23,410.1629333496094,410.49855331355985,407.2261448569842,407.9067170456665,63766600
2021-07-26,411.1697998046875,411.17913206497195,409.52894375936796,409.5755481567641,43719200
2021-07-27,409.29583740234375,410.16288399022255,406.4802263786354,410.13491566325905,67397100
2021-07-28,409.1280212402344,410.49852624000596,407.7109118436593,409.9204951499821,52472400
2021-07-29,410.8249206542969,411.897078053185,410.04177885549115,410.05111111743514,47435300
2021-07-30,408.8297119140625,410.27478967456426,408.1397790411661,408.2703168786377,68951200
2021-08-02,407.97198486328125,411.08591559023773,407.6177003787268,410.53585279390853,58783300
2021-08-03,411.291015625,411.4122212036647,406.5828332901923,408.76444835011597,58053900
2021-08-04,409.2679748535156,411.2631157472607,409.0348959179088,410.0138160666502,46732200
2021-08-05,411.8597412109375,411.9436461991985,410.10698336189347,410.4239672459952,38969700
2021-08-06,412.5404052734375,412.9599587602143,411.89710510145704,412.1768169099816,46930000
2021-08-09,412.2047119140625,412.8293474498061,411.44020627292963,412.51236355148603,41222600
2021-08-10,412.71746826171875,413.42603723143196,411.9716271529787,412.6521993404,43339300
2021-08-11,413.7430419921875,413.83627924848605,412.66155241355983,413.78034258511013,44034300
2021-08-12,414.98297119140625,415.1228412890176,412.69881510793675,413.59383009177725,38909400
2021-08-13,415.7381286621094,415.75676472886465,414.94565481885087,415.4304486225805,39470300
2021-08-16,416.7170715332031,416.84758091171517,412.89457218859576,414.4422193750275,73740000
2021-08-17,413.9854431152344,414.8431575675143,411.0113539592329,414.17188917128794,92673900
2021-08-18,409.454345703125,414.53547694662274,409.2119630019986,412.97849742393936,89351900
2021-08-19,410.0883483886719,411.28173973529556,406.6014969603048,406.74133861748237,92812200
2021-08-20,413.3514099121094,413.67772604605483,409.948463834136,410.4332861309736,72008700
2021-08-23,416.98748779296875,417.89183507049324,413.42603534317016,415.02961932645024,54973000
2021-08-24,417.6493835449219,418.18081021842085,417.1366213910618,417.6493835449219,38744700
2021-08-25,418.52581787109375,419.03858009290565,417.46296438324526,417.8359134013071,40529700
2021-08-26,416.05523681640625,418.4792350112977,415.96199955075224,418.2461560731721,57829600
2021-08-27,419.775146484375,420.1480670762453,416.80105710708057,416.8569937732602,77235100
2021-08-30,421.6211853027344,422.4043271620262,420.2040470746651,420.44645828778647,48357400
2021-08-31,420.9964904785156,421.86353728246513,420.3998232039332,421.5279172752659,59300200
2021-09-01,421.22021484375,422.4415461141893,420.987135922643,421.9287838685606,48721400
2021-09-02,422.5161437988281,423.31792162382027,421.3227808707356,422.6373493891215,42501000
2021-09-03,422.4135437011719,422.92633435744506,420.98710195716393,421.3880192926544,47170500
2021-09-07,420.9031982421875,422.161830008836,420.23192986344264,422.0685927572297,51671500
2021-09-08,420.3904113769531,421.0989803051799,418.47914741318687,420.3717753085308,56181900
2021-09-09,418.5911560058594,421.93816629665866,418.3487447944411,420.19474031181534,57970400
2021-09-10,415.2906188964844,420.93111629475897,415.169413329075,420.51159139066226,89948200
2021-09-13,416.3534851074219,418.535128633361,414.0506644540541,418.2740814053361,83738600
2021-09-14,414.10662841796875,417.9943684978522,413.2209172260456,417.7892579298286,78197100
2021-09-15,417.5655517578125,418.05967793066094,413.426067858019,414.5261935331129,78792200
2021-09-16,416.90362548828125,418.013054999152,413.9668082618026,417.04346715334754,77786700
2021-09-17,412.8424987792969,416.55565067502687,412.4870792787578,416.13478169530885,118425000
2021-09-20,405.9587097167969,408.3156617681073,401.11382101879656,406.744360400567,166445500
2021-09-21,405.5752258300781,409.5783193704684,405.0514587158713,408.2875973593277,92526100
2021-09-22,409.5315246582031,411.5611435713708,405.68744521806696,407.83862947573203,102350100
2021-09-23,414.50732421875,416.1067119256756,411.1589540771979,411.39277968477785,76396000
2021-09-24,415.1900939941406,415.9009329556939,412.6647660835853,412.8798959122565,62094800
2021-09-27,414.0022888183594,415.32104015057223,413.31014559826434,414.16127425016805,61371100
2021-09-28,405.65936279296875,411.57048088015347,404.9298280542011,411.24311932770905,130436300
2021-09-29,406.3421325683594,408.7645623202573,405.78094542874345,407.0342471994263,82329200
2021-09-30,401.375732421875,408.5120665894425,401.03900867618046,407.81058970767697,140506000
2021-10-01,406.145751953125,407.8199514345855,399.5893007811886,403.09668518630104,129240100
2021-10-04,400.9081115722656,405.8838996048128,398.77559428852743,404.9860171201443,128570000
2021-10-05,405.07952880859375,407.3148869982612,401.60956443702145,402.40454874779994,90682500
2021-10-06,406.7630615234375,406.96882922021376,399.8792486552272,401.4973037523077,113032200
2021-10-07,410.2797546386719,413.1043576140897,409.84952352630745,410.0272332659466,72437500
2021-10-08,409.5315246582031,411.4302160683865,408.90488798924395,411.04673863158837,74557400
2021-10-11,406.56658935546875,411.7762304048919,406.5011113392327,408.8767873502811,65233300
2021-10-12,405.5658874511719,407.8854480523545,404.780236733796,407.48327480593025,71181200
2021-10-13,407.02490234375,407.83861088635894,403.62041636017756,406.5853090624002,72974000
2021-10-14,413.8713684082031,414.02102023777945,410.20496994150267,410.6726212052408,70236800
2021-10-15,417.023193359375,417.38797492334993,415.35835656109913,415.9756594471778,66260200
2021-10-18,418.2579040527344,418.59459923333367,414.5915058971594,415.24622902810097,62213200
2021-10-19,421.484619140625,421.55006860524617,419.26792883450116,419.8758981308074,46996800
2021-10-20,423.14019775390625,423.4395013974078,421.830779992545,421.9430117230665,49571600
2021-10-21,424.24383544921875,424.468298903712,422.1113470020355,422.5415781375362,41305400
2021-10-22,423.8042297363281,425.2539656192229,421.86814686856104,423.8135918943795,58845100
2021-10-25,426.0769958496094,426.40435739743305,423.1214653908989,424.8891720800844,45214500
2021-10-26,426.46051025390625,428.82682438361206,426.0863949710087,427.62030473700503,56075100
2021-10-27,424.57122802734375,427.58290328215884,424.4963878416024,426.918846485335,72438000
2021-10-28,428.66778564453125,428.7425972745419,425.9834724309799,425.9928060452543,51437900
2021-10-29,429.53759765625,429.8275390968546,426.08632975417635,426.37627119478094,70162400
2021-11-01,430.2764892578125,430.8937922170224,428.55553640630086,430.5196484527775,48433600
2021-11-02,432.0162048339844,432.3248706330071,430.3139474896051,430.4449035360186,48908400
2021-11-03,434.65374755859375,435.05592075419565,431.0154073955712,431.45500068055804,52509800
2021-11-04,436.70208740234375,436.7862612009498,434.906294069248,435.25235142235067,52847100
2021-11-05,438.2172546386719,440.20009126070624,436.71143139873345,438.91873147438207,66390600
2021-11-08,438.5914001464844,439.8073105381087,437.908647580282,439.3116013484249,50405200
2021-11-09,437.1416931152344,439.19000790226266,435.7387393456625,438.9561822740007,51149100
2021-11-10,433.62493896484375,437.14168548634404,432.1471735790114,435.45812386633844,69429700
2021-11-11,433.76513671875,435.1868144801551,433.7464409483171,435.1119743121017,34848500
2021-11-12,437.0387268066406,437.59055177805936,434.0831679013753,435.0278324259744,53466700
2021-11-15,437.18841552734375,438.4791374698599,436.06606971793025,438.32015203819657,46980500
2021-11-16,438.9187316894531,440.0504396595338,436.8517212713006,436.92653290815355,48857500
2021-11-17,437.8525390625,438.8345952994172,437.23523596897536,438.65688553568276,47858300
2021-11-18,439.339599609375,439.601483135465,436.1689108233059,438.88128203134477,50625600
2021-11-19,438.5539855957031,440.4713442276694,438.1892039343977,439.2273759676528,57315600
2021-11-22,437.31927490234375,442.9030304129782,437.1135072679608,440.4244851873376,72762000
2021-11-23,437.8992614746094,438.7503901392518,434.4012394044777,436.99201694576334,73206500
2021-11-24,439.0683288574219,439.18992272744345,435.0932939478714,435.9070024095088,61858800
2021-11-26,429.2757263183594,433.88676011362156,428.15335206646023,432.42769071205043,112669600
2021-11-29,434.5414733886719,436.3746579851634,431.85716023659006,434.0457642896097,86268800
2021-11-30,426.08636474609375,434.0083773215289,425.8431769850362,432.10971456592034,148559600
2021-12-01,421.353759765625,434.6070082311195,421.15735424039565,431.77304290871774,131939200
2021-12-02,427.8073425292969,429.369310207567,421.1760514660489,421.56889106102784,127637800
2021-12-03,424.0848388671875,430.5196955865321,419.8759779470982,429.4628278206349,137331600
2021-12-06,429.1073303222656,430.97793483557314,424.2156892444289,426.6194228943874,98977500
2021-12-07,437.98345947265625,438.5446466888678,428.9764917091224,434.3638433156849,95484700
2021-12-08,439.1431884765625,439.592143920361,436.6272226459906,438.376262173592,72238800
2021-12-09,436.17828369140625,439.24607444800387,435.98187817780683,437.8618166085867,61272600
2021-12-10,440.2842102050781,440.4338620032325,436.32789961217685,438.8719230944773,77159800
2021-12-13,436.3840637207031,440.1159113005939,436.10345586445044,439.7698539667308,87724700
2021-12-14,433.3817443847656,435.60776885896564,430.4729673662913,433.1292229901505,97264100
2021-12-15,440.1533203125,440.39647953000116,430.9312236978613,433.4378558520737,116899300
2021-12-16,436.2718200683594,442.2764455495963,434.72854825907325,441.9958662441794,116568600
2021-12-17,431.6285400390625,436.199459874555,429.92969773148593,433.20536130077363,135511600
2021-12-20,427.0389709472656,427.4331620445399,423.4347948406732,426.56967673583256,107134800
2021-12-21,434.62274169921875,434.76352423036354,428.2872700067012,430.4460118667737,69806300
2021-12-22,438.9683532714844,439.0809792816994,434.1721522845949,434.3692764459122,58890200
2021-12-23,441.6996765136719,443.19202853023717,439.8600513958449,439.96328236392037,56439700
2021-12-27,447.95062255859375,447.9975405121673,443.0230344089235,443.069952362497,56808600
2021-12-28,447.58465576171875,449.4055195900255,446.8244014321464,448.3824616482978,47274600
2021-12-29,448.15716552734375,449.1708283192884,446.6929700259556,447.6878713629644,54503000
2021-12-30,446.918212890625,449.5838002524032,446.4583137848695,448.57950388680786,55329000
2021-12-31,445.7918701171875,447.5751820751698,445.51970014618337,446.430131900379,65237400
2022-01-03,448.3730773925781,448.5044935235423,444.7501397489699,447.0496642498278,72668200
2022-01-04,448.2228698730469,450.50366140781244,446.3738496168056,449.79032507237594,71178700
2022-01-05,439.6159973144531,448.6264508210621,439.52213275474475,447.85680153227196,104538900
2022-01-06,439.2030029296875,441.90614176454653,436.8471371761855,439.15608497296836,86858900
2022-01-07,437.4666748046875,440.3856996959157,436.11510518357954,439.21246416672096,85111600
2022-01-10,436.9223327636719,437.1381897824005,428.5595059644335,434.2849014246999,119362000
2022-01-11,440.9018859863281,440.9957505518421,433.674744093411,436.6594768734693,74303100
2022-01-12,442.0938720703125,444.140016431985,440.1416209152974,442.62887430153415,67605400
2022-01-13,436.0025329589844,443.8397529898171,434.9794748884934,443.1921246063078,91173100
2022-01-14,436.1807861328125,436.52805924491486,431.6567833390416,432.86757035006775,95890900
2022-01-18,428.4562072753906,431.71311015183727,427.34867984369737,431.50661955919577,109709100
2022-01-19,424.0073547363281,431.3846465950604,423.73515605125175,429.99555394732135,109357600
2022-01-20,419.3143310546875,430.56799582128895,417.202507339247,425.8844492805024,122379700
2022-01-21,411.08294677734375,420.5439049938418,411.05479027183264,418.19743405643766,202271200
2022-01-24,412.8287658691406,413.3356116835618,394.92050974188936,405.4983919140663,251783900
2022-01-25,407.78851318359375,412.7161024030997,400.9180390545414,406.4651000702844,167997300
2022-01-26,406.7654113769531,416.7707663219055,402.52297383173703,413.6546462199283,186391100
2022-01-27,404.7568359375,414.4712312098772,403.0767833933203,411.34574456850135,149878300
2022-01-28,414.80914306640625,414.8560610276969,401.54688476779603,406.1084105135008,164457400
2022-01-31,422.2803039550781,422.62757707476004,412.800555532894,414.1427300497246,152251400
2022-02-01,425.1335754394531,425.7718085992646,419.49265067683643,423.0029616992407,123155400
2022-02-02,429.263427734375,429.98613051980317,425.2274802659756,427.52703339584536,117361000
2022-02-03,419.1736145019531,425.15241844539145,418.3382570186423,423.2564800563561,118024400
2022-02-04,421.1446228027344,424.9740508376599,416.57367327477516,418.9389343536051,118454400
2022-02-07,419.7930908203125,423.2940075029743,418.4696776323214,421.904914890702,84472900
2022-02-08,423.2470703125,424.16689728857614,417.87834332944396,419.295621029324,81012000
2022-02-09,429.44171142578125,429.7608280199488,427.0670841027158,427.26417963134577,92589900
2022-02-10,421.7265319824219,429.6012734878491,419.7367292271085,423.6224701723359,140103700
2022-02-11,413.41064453125,423.87589961159756,411.98400045457316,421.81102228825836,153214600
2022-02-14,412.0589904785156,414.48056412906124,408.6049926996046,412.90374279218094,123006300
2022-02-15,418.7042236328125,418.87316264321703,415.9635333424537,416.47977406549893,88482700
2022-02-16,419.1736145019531,420.5439456416827,414.7997888146647,416.6675706954675,84863600
2022-02-17,410.219482421875,419.14546811188006,409.6188006839309,416.0011909472556,102259100
2022-02-18,407.563232421875,411.72117196742954,405.3012310451236,410.4728334127503,132642900
2022-02-22,403.1894836425781,408.7553067777766,399.7072995562741,405.36701591706196,124391800
2022-02-23,396.037353515625,406.65278513498924,395.47419479431903,406.0896264136833,132578000
2022-02-24,401.9974060058594,402.42917729930826,385.4219598312815,385.7785993678831,213942900
2022-02-25,410.86712646484375,410.9515959948071,401.5844722117341,403.2270021290693,121804500
2022-02-28,409.8158264160156,411.2894169660434,404.2500045029786,405.49831437664733,145615000
2022-03-01,403.57427978515625,410.32273316160007,400.8805068214816,408.3235351417943,137785900
2022-03-02,410.9985046386719,412.71610887615117,405.0666188393467,405.8174781319554,117726500
2022-03-03,408.952392578125,414.0207648146663,407.1596850828388,413.4200830615283,105501700
2022-03-04,405.6297302246094,406.7560190318932,401.6031782782215,405.2355105238223,113978200
2022-03-07,393.6721496582031,405.75177851724425,393.6064415917838,405.04783717447077,137896600
2022-03-08,390.6873474121094,400.9742663051877,389.62673813828656,393.8503851373364,164772700
2022-03-09,401.1620178222656,403.1330589273105,396.8539010797275,399.03143275089025,116990800
2022-03-10,399.3505859375,400.2422276939095,394.620092580412,396.57234376713836,93972700
2022-03-11,394.27276611328125,402.4384665585123,393.7659204470378,401.82838993543686,95636300
2022-03-14,391.3913879394531,398.4777193572372,390.2557039226716,395.04251079882187,95729200
2022-03-15,399.9981994628906,400.627037600933,392.7241399369661,393.9912112622118,106219100
2022-03-16,408.86785888671875,408.92417189713063,398.7123259052682,403.48976588827804,144954800
2022-03-17,413.9831848144531,413.9831848144531,406.587103776138,406.96253340051334,102676900
2022-03-18,418.5174255371094,418.83753350872564,411.6444565524196,412.3788286596397,106345500
2022-03-21,418.3951110839844,420.34400315492985,414.90210943181734,418.34801862936644,88349800
2022-03-22,423.2909240722656,424.223004155329,419.77910261257296,419.77910261257296,74650400
2022-03-23,417.8395690917969,422.25522626407883,417.754837158317,420.76766221116077,79426100
2022-03-24,424.13824462890625,424.14766886587796,418.74344361122075,419.8544117415458,64736900
2022-03-25,426.2095947265625,426.4826390256011,422.19877711197813,424.7690942601519,77101300
2022-03-28,429.2412109375,429.2412109375,423.73340526599765,425.6164137873708,68529800
2022-03-29,434.5511779785156,435.04077846785174,430.43680992270714,433.1106779472441,86581500
2022-03-30,431.86798095703125,434.221741418466,429.7684162817575,433.41203287887015,79666900
2022-03-31,425.2209167480469,431.92442120464113,424.7689844456922,431.10531725171796,121699900
2022-04-01,426.42608642578125,426.9344779963225,422.86720176985517,426.79325811561665,89048800
2022-04-04,430.0790710449219,430.18265143910884,425.8046630222813,426.6237670104872,59601000
2022-04-05,424.6466369628906,431.0488540116193,423.5074249292268,428.59154184820875,74214500
2022-04-06,420.4004821777344,422.66951094806757,417.52890560703577,420.7488628977492,106898000
2022-04-07,422.5188293457031,424.3265300513527,417.58535653376873,419.52485288651064,78097200
2022-04-08,421.3890380859375,424.2700386147041,419.85438165587385,421.76563401623116,79272700
2022-04-11,414.1864929199219,418.96932106645863,413.68749690030825,418.13136863276185,89770500
2022-04-12,412.65185546875,419.67546827237953,411.1077748954318,417.16163958908623,84363600
2022-04-13,417.37823486328125,418.1314267488248,412.22820561338756,412.4070937143792,74070400
2022-04-14,412.18115234375,418.7151941165963,412.0775719357156,417.6041972684777,97869500
2022-04-18,412.3505859375,414.0264622248378,410.1286211368297,411.25843764326237,66002500
2022-04-19,419.007080078125,419.72260380527314,412.0775935163657,412.2470573939194,77821000
2022-04-20,418.6962890625,421.3890057859334,417.5382573839223,420.77703385456124,65224400
2022-04-21,412.435302734375,423.68628874029804,411.5314668018448,422.3022765002863,85417300
2022-04-22,401.1185302734375,412.45422221313805,400.5536219043403,411.35267818921,132471800
2022-04-25,403.4439392089844,403.6134030546147,394.33958173639525,398.8870627211197,119647700
2022-04-26,391.75994873046875,401.11850386074025,391.73170475049534,400.9207672684951,103996300
2022-04-27,392.86138916015625,398.1809100903439,390.73360952050496,392.83314518762535,122030000
2022-04-28,402.7849426269531,404.5079115448034,393.1721919995158,397.58784935923745,105449100
2022-04-29,387.8997802734375,400.95844060924014,387.1559838147255,398.81181190653876,145491100
2022-05-02,390.2346496582031,391.5904179300961,381.3279997296009,387.96562121333255,158312500
2022-05-03,392.0235900878906,394.4244147133701,389.1802285313976,390.7337337116367,100028200
2022-05-04,403.9617919921875,404.52670026180385,389.5096966956075,392.6825612700032,144247900
2022-05-05,389.6039123535156,400.13934831721525,385.4895429456549,399.7156598672005,172929100
2022-05-06,387.27838134765625,390.53597823132685,381.9965559339357,387.052429506514,151770800
2022-05-09,374.87872314453125,382.63670821024124,373.3063985587751,381.40334006214687,155586100
2022-05-10,375.74493408203125,382.32603970720356,371.72472120975783,380.8290513721074,132497200
2022-05-11,369.77581787109375,380.4054095794836,369.03202142087446,374.7846276976837,142361000
2022-05-12,369.38970947265625,372.6473055635439,362.6202927990337,366.5934411893071,125090800
2022-05-13,378.2210998535156,379.59568805484594,372.4684937718504,373.50415422453636,104174400
2022-05-16,376.6863708496094,380.33941134440613,374.3420348416539,376.5828191904679,78622400
2022-05-17,384.4349060058594,384.6702819971836,379.03065370700836,382.7496058628999,83029700
2022-05-18,368.9378356933594,380.17939855656863,367.7044674442447,379.8969587790726,117674500
2022-05-19,366.6781921386719,371.08445332431154,364.4656516763447,365.8873321136663,98510700
2022-05-20,366.8383483886719,373.80547490627424,358.2800772040546,370.2465895747261,131432200
2022-05-23,373.7018737792969,374.46448991142154,367.5444280343373,369.851096171746,76414900
2022-05-24,370.84912109375,372.035396905163,364.32447483504643,369.5969043569321,91448800
2022-05-25,374.1255798339844,376.08392497670934,368.96615437272027,369.3615701104793,91472900
2022-05-26,381.6010437011719,383.22985621992024,375.1423390412836,375.34947110301795,82168300
2022-05-27,390.9690856933594,391.082061612425,383.8513154679152,384.04902332628,84768700
2022-05-31,388.7753601074219,392.0988691063854,386.04500340916127,389.359088170834,95937000
2022-06-01,385.6307067871094,391.89170405110434,383.1263021350257,390.8843163808003,86585800
2022-06-02,392.9744873046875,393.0215510259649,383.2299122085265,385.47069700399817,79609600
2022-06-03,386.525146484375,389.8204112199368,385.5553982972068,388.276330523708,71874300
2022-06-06,387.7020263671875,392.2400548190691,386.5345416096812,390.517114758432,57508900
2022-06-07,391.4209899902344,391.87292239964444,383.76655540466106,384.22791205148525,59272400
2022-06-08,387.16534423828125,391.4962691477678,386.37448418684187,389.7168124827089,64350000
2022-06-09,377.95745849609375,387.6549405235344,377.95745849609375,385.39533612934156,86289800
2022-06-10,366.9983215332031,372.6285269294592,366.9512578167044,371.78117890548924,132893900
2022-06-13,353.06414794921875,359.4757905773819,351.4635789855421,357.6304500091821,170004900
2022-06-14,352.0002746582031,355.83220478016125,348.9121411190856,354.8059683468426,104011800
2022-06-15,357.0183410644531,361.44339278329574,350.35247641584135,355.2859483579496,125666800
2022-06-16,345.2025146484375,349.24157577546,342.7828419203488,348.83673585883366,134473300
2022-06-17,345.9466552734375,349.27508426837926,342.4575241953979,345.61572844834046,111113900
2022-06-21,354.6553955078125,356.035921374524,351.57282417390246,351.6484860292675,76811900
2022-06-22,354.0124206542969,358.1067313139649,350.0315450667165,350.44759870939254,90059400
2022-06-23,357.48260498046875,358.21068433345846,352.59401859110676,356.1399101885615,79292100
2022-06-24,368.84844970703125,368.8579146543749,360.6125315472774,360.6408975327615,98050300
2022-06-27,367.43951416015625,370.05873603154885,366.3521130366236,369.7656112640716,66009600
2022-06-28,359.931640625,371.76074455610546,359.8181767077826,368.99022810339807,86548900
2022-06-29,359.63848876953125,361.4634339657698,357.8230085178606,360.48006085300585,65676000
2022-06-30,356.7167053222656,359.9411063069827,352.2819744571846,355.76166925616343,112508300
2022-07-01,360.4896240234375,360.9246076353703,353.45457064095484,356.06435688635764,74839700
2022-07-05,361.17047119140625,361.18940108902996,352.6035959677347,355.42140934129657,81438000
2022-07-06,362.3901062011719,364.8674977439354,358.9387776277065,361.31214134920015,70426200
2022-07-07,367.8177795410156,368.61205598920736,362.4091104215268,364.15842313963157,64525900
2022-07-08,367.5151062011719,369.37788229099175,364.66892815691193,366.1912836693519,72397800
2022-07-11,363.31689453125,365.81318791961246,362.6266170491616,364.84871551946867,58366900
2022-07-12,360.1018371582031,365.1417473906216,358.36198975909855,362.7683546438425,62219200
2022-07-13,358.2107238769531,361.1325642695577,354.2677081449695,354.68376178018957,84224600
2022-07-14,357.3408508300781,358.4187870987838,350.84478066367626,353.27487695591316,89704800
2022-07-15,364.1678466796875,364.2813106084498,359.82767826526884,361.7282567851243,79060400
2022-07-18,361.1609802246094,367.912344500235,359.94118513181706,367.24099693727663,63203600
2022-07-19,370.91925048828125,371.4865990503367,364.41374406055814,365.06616172189337,78506000
2022-07-20,373.2831115722656,374.6920322047229,369.74668471412105,371.1083094752707,71843800
2022-07-21,377.0843811035156,377.1316481251823,370.3140872351293,372.70638143368456,64903900
2022-07-22,373.5857238769531,378.3986778470548,371.37309072029717,377.2072777513435,72197300
2022-07-25,374.03961181640625,374.89062013717165,371.8080487473427,374.20980770925064,53631500
2022-07-26,369.6143798828125,372.6118247488071,368.7255405509069,372.40379790822186,52946400
2022-07-27,379.21197509765625,380.9518230694224,372.60241116676775,372.8955360021085,82342100
2022-07-28,383.9681091308594,384.6583576476985,376.47917243204495,380.0156283887417,73966600
2022-07-29,389.5658874511719,390.5492896244354,384.630004404881,385.3959148037413,87003700
2022-08-01,388.4122619628906,390.9085837211499,386.1712628905919,386.8804412732961,69997500
2022-08-02,385.8498229980469,390.5209475361801,384.6773238182315,386.85212626915603,63435400
2022-08-03,391.8919982910156,393.0550324074595,387.6841948771705,387.9678546966585,67820600
2022-08-04,391.6272277832031,392.49713710795265,389.9913792556796,391.8163247050197,45656600
2022-08-05,390.96533203125,391.6083135328843,387.3059760405287,387.36270800499386,56814900
2022-08-08,390.5114440917969,394.8894434033857,389.4145780273554,392.64844425670384,53886100
2022-08-09,388.9607238769531,390.28451780261275,387.8922237902104,389.7833662144508,44931800
2022-08-10,397.1304931640625,397.2723519486255,394.0384853071231,395.9863599360031,68665700
2022-08-11,397.1304931640625,401.82054773180664,396.3929486818317,399.9672071505728,59489700
2022-08-12,403.85345458984375,403.9574535679473,398.1138306323642,399.0594018073081,61694500
2022-08-15,405.5177001953125,406.03778173235645,401.59358501038247,401.65031698074415,54048300
2022-08-16,406.31201171875,408.23152036285336,403.64549364471077,404.4492350458775,59289000
2022-08-17,403.4279479980469,406.1228316979683,401.43280661081104,402.7282345419043,63563400
2022-08-18,404.60052490234375,405.28130854866936,402.34059560234215,403.6265587430193,49023200
2022-08-19,399.1634216308594,402.11359902042835,398.2934834704918,401.8488402510194,68016900
2022-08-22,390.8518981933594,394.52071941279587,389.95359392592934,394.3504946497515,77695600
2022-08-23,389.9063415527344,392.80925244544267,389.35789402468396,390.42639423875585,49105200
2022-08-24,391.1544494628906,392.51604543751745,388.9985482896292,389.67933184867115,49177800
2022-08-25,396.6766052246094,396.7238722445992,391.551596341063,392.6389975097295,50942300
2022-08-26,383.2494812011719,397.102094248587,383.1927492346699,396.5631405668187,103087000
2022-08-29,380.7153625488281,383.7506382256978,379.36320256720757,380.3087738309777,65370800
2022-08-30,376.5358581542969,382.10528576229547,374.4461541114354,381.86889298823525,85652400
2022-08-31,373.6708679199219,379.40102781992005,373.53850294031076,378.16233169722864,76029700
2022-09-01,374.84332275390625,375.1837145120207,368.8105742839667,371.5054577952036,78740100
2022-09-02,370.8908996582031,379.70363162679985,369.08485490441115,378.4933014446806,99632100
2022-09-06,369.4914245605469,372.6685300550319,367.2787913361997,371.7324237676469,76637400
2022-09-07,376.12933349609375,376.89524390582346,368.96191606413413,369.17937898507915,70964200
2022-09-08,378.58782958984375,379.04168533112323,372.6685442072661,373.8694381880067,80821700
2022-09-09,384.4692687988281,385.329742082949,380.5545900462263,380.81934883699086,76706900
2022-09-12,388.60150146484375,389.32014500372145,386.22810788206135,386.53069767280465,69256300
2022-09-13,371.70404052734375,381.1597524265052,370.58827344881297,379.9588585471244,122947100
2022-09-14,373.1223449707031,374.63526443364555,369.83174730304387,372.99941611621165,85023700
2022-09-15,368.8862609863281,374.40839376655435,367.6191989412992,371.57167994308946,87633800
2022-09-16,366.0720520019531,366.72717860017747,362.79641901083147,364.7238414484203,103084800
2022-09-19,368.910888671875,368.910888671875,362.8628623346067,362.9388349935968,73278500
2022-09-20,364.6763610839844,366.6037545982577,361.9324497442443,365.5973340819425,77274900
2022-09-21,358.31494140625,369.6324320981936,358.3054375814423,366.5941636174288,106746600
2022-09-22,355.3052062988281,359.1789716401422,354.5646322346763,357.54590716854085,89472600
2022-09-23,349.3521423339844,351.8871721443201,344.9276764863623,351.849185813524,122346900
2022-09-26,345.89617919921875,351.4979616366179,344.68087714847763,347.8900418227232,92581200
2022-09-27,345.01312255859375,351.6782893189801,342.62998013123286,349.41858073488055,108294100
2022-09-28,351.80169677734375,353.4822223497359,344.2725226538918,345.96255205200066,110802200
2022-09-29,344.4529724121094,348.5545981921768,341.5191583646997,348.2697731293536,112952300
2022-09-30,339.1264953613281,347.4152519853497,338.9935866635343,343.51297496490554,153711200
2022-10-03,348.0798034667969,349.9217491188833,341.0538398431555,342.8293166683443,89756500
2022-10-04,358.86572265625,358.8942051643231,348.04193496218414,353.5772481816866,103602800
2022-10-05,358.03021240234375,360.28041756142954,352.20057002554404,354.51724403133267,88065700
2022-10-06,354.3367614746094,359.5777447717773,353.8430261300766,356.63442728157884,82333500
2022-10-07,344.4529724121094,354.4222552620788,342.69647392447916,350.32060050692866,107789500
2022-10-10,341.822998046875,345.8012193680551,339.59180054497295,345.5638554657178,76042800
2022-10-11,339.65826416015625,344.68089279774125,337.7308702974475,340.1329919980164,92482800
2022-10-12,338.5378723144531,341.6331067135325,338.2910045967103,340.0665108338142,76991800
2022-10-13,347.47222900390625,348.934398580659,330.5149387795829,331.55934562012055,147254500
2022-10-14,339.5537414550781,351.5453678678568,338.91759358407694,349.9217782616768,123737000
2022-10-17,348.27923583984375,349.38060757787383,339.221423235325,345.61126849106756,93168200
2022-10-18,352.3714294433594,356.4730842166548,348.94387997178285,356.16925149824414,97162900
2022-10-19,349.8743591308594,353.0550409179747,347.07345375673924,350.33958306364724,79746900
2022-10-20,346.94049072265625,353.83354599069514,346.18090904052775,349.4280591595853,88283100
2022-10-21,355.3717041015625,355.8559066992739,345.1650575657833,346.6651844936338,131038400
2022-10-24,359.72021484375,360.85006925134127,354.2513416759188,356.8908558861546,85436900
2022-10-25,365.4644470214844,365.77775460734784,359.5303497695806,359.6442798008037,78846300
2022-10-26,362.7109680175781,367.9899381098493,362.07484907907593,362.33119162480466,104087300
2022-10-27,360.77410888671875,365.54036503352893,360.15693963581714,363.70792288491305,81971800
2022-10-28,369.3571472167969,369.8318749398546,360.4892368270884,360.6696356798568,100302000
2022-10-31,366.6891784667969,368.76848820462624,365.78721318114583,366.90756364967945,96631300
2022-11-01,365.0846252441406,370.65795347224923,363.9168135013934,370.42058959281826,85407600
2022-11-02,355.9223327636719,368.986848031428,355.817906580174,364.49591366436715,126990400
2022-11-03,352.2574462890625,355.28621123903116,350.1496542075025,352.69418764648026,87100100
2022-11-04,357.32757568359375,359.7201930621012,351.29852759073634,357.9447159505611,103505200
2022-11-07,360.74560546875,361.33426320464076,356.5489996813044,358.61880558333354,68286900
2022-11-08,362.6919860839844,365.65428248614427,358.62831787010947,361.8469568156974,84641100
2022-11-09,355.21978759765625,361.87547986372505,354.7260521981255,360.7266178571878,78495500
2022-11-10,374.74053955078125,375.07285472285605,366.14798010542626,368.43614203225036,141455800
2022-11-11,378.3675537109375,379.1650929237687,373.7151981734616,375.59513065911824,93839900
2022-11-14,375.1488342285156,379.953076506213,374.873484033921,376.6110037402308,71903500
2022-11-15,378.3485412597656,381.9754684954277,374.55071897532395,380.8740965559295,93194500
2022-11-16,375.462158203125,377.6743765872507,374.8355141476234,376.72492116529327,68508500
2022-11-17,374.3133544921875,374.98748880867356,370.420609836842,370.7244135980539,74496300
2022-11-18,376.0128479003906,377.7028774747301,373.1739853225882,377.63640863793864,92922500
2022-11-21,374.64556884765625,375.81340931482094,372.8131270457847,374.6930589983989,51243200
2022-11-22,379.6871643066406,379.84858445481706,375.1772516835277,376.5824559423881,60429000
2022-11-23,382.0798645019531,382.5640670651727,379.12704306606406,379.35490309581445,68261600
2022-11-25,381.9944152832031,382.54511569451665,381.2443663067082,381.5196875372828,30545400
2022-11-28,375.8989562988281,380.5512827733344,375.13937446161043,378.9182180421719,67881600
2022-11-29,375.2532653808594,377.21861602317534,373.420794451434,376.0317967820062,52310000
2022-11-30,387.0739440917969,387.0739440917969,373.59169571730007,375.50008123795743,144566700
2022-12-01,386.7891845703125,389.27675333365096,384.29211197998836,388.1089126426204,76398200
2022-12-02,386.3429870605469,387.2449525080735,381.8140942164224,381.91852042583764,85342700
2022-12-05,379.3929443359375,384.46303355724604,378.044733664679,383.5325856510467,77289800
2022-12-06,373.92401123046875,379.77266003087607,371.84473054042496,379.23149246844036,77972200
2022-12-07,373.28790283203125,375.642562745206,372.1580485447694,373.07902147703123,65927900
2022-12-08,376.21221923828125,377.2756047091014,373.39233538526526,375.16784142056355,60737900
2022-12-09,373.40185546875,377.52248883512004,373.2784216185342,374.977955065578,81447700
2022-12-12,378.78521728515625,378.78521728515625,373.5252266190553,374.18982796815243,75405800
2022-12-13,381.652587890625,389.741937458983,378.89917302857265,389.4855949322845,123782500
2022-12-14,379.2124938964844,385.00417782900206,376.2786800874481,381.3107822890158,108111300
2022-12-15,369.9363708496094,375.2723064084485,368.28432746344345,374.37031204526374,117705900
2022-12-16,365.5688171386719,368.72594377762675,363.4418274301868,367.39060804195844,119858000
2022-12-19,362.4688720703125,366.09338759762835,360.8092427984308,365.7595464281459,79878100
2022-12-20,362.9649658203125,364.57691637638356,360.3991997450581,361.71546981883347,74427200
2022-12-21,368.39208984375,369.51758489971746,365.01557556771496,365.5497098013311,78167400
2022-12-22,363.1366271972656,368.37306481720873,357.4614135029072,365.35900443658744,100120900
2022-12-23,365.2254943847656,365.36856088727086,360.5708701156697,362.1160465590039,59857300
2022-12-27,363.78515625,365.45433305552007,362.11597944447993,365.11097351314567,51638200
2022-12-28,359.26416015625,365.6833491365976,359.0352537442069,363.7184623700481,70911500
2022-12-29,365.73095703125,366.5989324853657,361.57230700428545,362.0969229072174,66970900
2022-12-30,364.7676086425781,364.91067512789425,360.9523471240934,363.0603000709137,84022200
2023-01-03,363.2319641113281,368.5828541871979,360.3800364563273,366.61799691898324,74850700
2023-01-04,366.03619384765625,368.05827776448973,362.4498387600588,365.48296463530903,85934100
2023-01-05,361.8585205078125,364.2048984321615,361.26715956907026,364.0904452321647,76970500
2023-01-06,370.15667724609375,371.27265410068173,361.8871138136949,364.93930570815047,104189600
2023-01-09,369.94683837890625,375.51714610031314,369.76564022685335,372.34092442068106,73978100
2023-01-10,372.5411682128906,372.607942270048,368.4302265858901,369.3649760616946,65358100
2023-01-11,377.2530822753906,377.3294038131555,373.3043013861297,374.1150503530879,68881100
2023-01-12,378.6265869140625,380.0859234423217,374.2962855684355,378.35000138117096,90157700
2023-01-13,380.095458984375,380.6677540792538,375.1737677414377,375.44083490462947,63903900
2023-01-17,379.399169921875,381.74557694149377,378.7219690868492,380.07639986503904,62677300
2023-01-18,373.4091796875,381.6406112039505,373.20888660482075,380.5818900873673,99632300
2023-01-19,370.6908264160156,373.01810918357603,369.37455652309,371.3775455516614,86958900
2023-01-20,377.596435546875,377.749049499946,370.44282022993093,372.08338384027553,91806400
2023-01-23,382.1270751953125,384.05377185885095,377.443838004556,378.3976534216192,84178800
2023-01-24,381.7168884277344,382.622995482958,379.2751236285282,380.45784526648146,59524900
2023-01-25,381.8599548339844,382.1937960050659,375.3835409042795,377.66317340531896,84800300
2023-01-26,386.0568542480469,386.21901570349115,381.55484356661,384.5116776727817,72287400
2023-01-27,386.94390869140625,389.3093818771011,384.80737104506403,385.0172116430542,68346200
2023-01-30,382.08892822265625,386.41925852273624,381.79324776134285,384.1968522201886,74202000
2023-01-31,387.7069091796875,387.7545883082666,382.260602078399,382.60399077183433,86811800
2023-02-01,391.8273620605469,394.5648367609675,383.7676392435468,386.49553736704746,101459200
2023-02-02,397.5312194824219,398.9905560204561,393.8113448862697,395.699880930703,101654500
2023-02-03,393.3058166503906,397.71243948436745,392.10399983816484,392.58090757531625,94736800
2023-02-06,390.90216064453125,392.294752115139,389.2520785976726,390.8640289856019,60295300
2023-02-07,396.0146179199219,397.25456629561944,388.74654923536696,389.98649761106446,90990700
2023-02-08,391.684326171875,395.3851349400619,390.9975778529523,394.0497990721952,76227500
2023-02-09,388.2886962890625,395.42324575045114,387.067813777245,395.2706317979571,78694900
2023-02-10,389.19488525390625,389.57640563275254,386.30482544964053,387.1155453391367,70769700
2023-02-13,393.7636413574219,393.8971894997695,389.38563169094465,389.84347361138623,64913500
2023-02-14,393.5823669433594,395.88103624546926,389.6431050211973,392.2470022111371,88389300
2023-02-15,394.86053466796875,394.9368270971994,390.5588176281302,391.39817989035606,61555700
2023-02-16,389.42376708984375,393.8399372390062,389.2902480643342,389.91022227936105,76431500
2023-02-17,388.450927734375,388.6893816203568,385.3891588805078,387.3063374384063,89257800
2023-02-21,380.658203125,385.49405442565177,380.4006834333242,384.44485161266954,82655900
2023-02-22,380.13360595703125,382.60398440393413,378.68378788820354,381.06832644021057,83742300
2023-02-23,382.1556396484375,383.6245233532482,377.94931070384274,383.0140675924474,96242400
2023-02-24,378.0733337402344,378.9031484388594,375.4598889913447,377.15767915293793,108194400
2023-02-27,379.3609619140625,382.7565419832926,378.4262124604374,381.4021114776833,80444700
2023-02-28,377.9588928222656,380.8394047987781,377.8539579939496,378.8840949077096,96438600
2023-03-01,376.5090637207031,378.36901530523187,375.21188881048784,377.1481328157973,99706800
2023-03-02,379.4373474121094,380.2767097219892,374.2104279148554,374.5442691664858,85127800
2023-03-03,385.52264404296875,385.770645358477,380.6009531474197,381.2495406253721,90120000
2023-03-06,385.7897644042969,388.63214513183675,385.3510174155289,386.34296459812265,72795900
2023-03-07,379.87603759765625,385.9804792628776,379.2656108960152,385.74202541995913,108310600
2023-03-08,380.4960021972656,381.2494953064361,378.27359630662346,379.99048126599143,74746600
2023-03-09,373.4759826660156,382.93784492488635,372.4935538973947,381.2781862155012,111945300
2023-03-10,368.0868835449219,375.00204480111273,366.57032063826443,372.9322526934048,189253000
2023-03-13,367.562255859375,372.3599748381927,363.06979387547824,364.17622313398334,157790000
2023-03-14,373.6380920410156,375.2786555832206,369.17421414646356,372.4648886988362,149752400
2023-03-15,371.30126953125,371.5015626213284,365.98851059869224,368.06785035886526,172996900
2023-03-16,377.81585693359375,378.1592456618237,368.4494105185253,368.9549315868622,143254200
2023-03-17,373.3981018066406,377.620484528316,372.01936339877824,376.4906939277479,140553400
2023-03-20,376.9886169433594,377.4003451216976,373.4747707102602,374.17369470613346,93055800
2023-03-21,381.93865966796875,382.4173875215719,378.7503158002034,380.33969578047333,91524200
2023-03-22,375.42791748046875,385.36631171212144,375.3896402926609,381.7662983699507,111746600
2023-03-23,376.44281005859375,382.3024333278602,373.7427784049594,378.2811083450335,119351300
2023-03-24,378.9131164550781,378.99928396704195,372.83326654429635,375.1694609327518,107682400
2023-03-27,379.6215515136719,381.9481907671168,378.73112484169525,381.18220877571866,74010400
2023-03-28,378.76947021484375,379.62159057011246,376.9407263724681,378.9322213165427,62871700
2023-03-29,384.27484130859375,384.5142052275328,381.7184217978642,382.9152413925595,77497900
2023-03-30,386.5248107910156,387.14715104431514,384.66734471738545,386.8982032553057,69840000
2023-03-31,391.9728088378906,392.2696177717363,387.33869746852054,387.44403279107553,112062600
2023-04-03,393.4664306640625,393.8685456943349,391.0632075126421,391.45576785501316,67391100
2023-04-04,391.283447265625,394.3951783979073,389.91426336080593,394.1079241464662,66601500
2023-04-05,390.25897216796875,391.31217934389673,388.6121470981262,390.55578111492605,65200200
2023-04-06,391.7812805175781,392.05895083799805,388.4206018294357,389.4642249836437,63743300
2023-04-10,392.1833801269531,392.2599929388598,388.69825688508763,389.3110132842087,63681000
2023-04-11,392.2887268066406,393.6866038625685,391.5227739807362,392.80576103470116,59297900
2023-04-12,390.68975830078125,394.63450004221784,390.1057243914606,394.3472458215589,86420400
2023-04-13,395.8791809082031,396.2334348165877,390.6323135315357,391.7716880699347,85814800
2023-04-14,394.9122009277344,397.43031429203455,392.6143129106926,395.2473162929602,78161500
2023-04-17,396.3291931152344,396.348331709265,393.600438675659,394.82598073584927,66436400
2023-04-18,396.58770751953125,398.0334749409728,395.21855291496564,397.89941712105417,63560000
2023-04-19,396.5206604003906,397.4206417468214,394.6248878690516,394.6823328652232,55227300
2023-04-20,394.3568115234375,396.0993877029547,392.81529283564134,393.7153034242172,75840400
2023-04-21,394.6632385253906,395.122798546293,392.719604685716,394.6536546185458,73457400
2023-04-24,395.0749206542969,395.4962034683657,393.1312868972539,394.46213502684145,64332100
2023-04-25,388.8035888671875,393.667480074213,388.74614386404556,393.11213941820307,97766700
2023-04-26,387.15673828125,390.48869433886614,386.6014268812606,389.4163487256269,80447000
2023-04-27,394.8642883300781,395.1323747434497,389.4355019352683,389.6844497545518,92968400
2023-04-28,398.23455810546875,398.2441420130027,393.9260072843417,393.983452291085,89433100
2023-05-01,397.8323669433594,399.85258413885225,397.60255774112403,397.7940605397827,62122300
2023-05-02,393.361083984375,397.1717680701673,390.4695783796922,397.12387775512695,103998500
2023-05-03,390.66107177734375,396.26219357490066,390.421707847698,393.8589703711037,91531800
2023-05-04,387.89404296875,389.94298302849234,386.56316548431346,389.6174515879438,94901900
2023-05-05,395.0749206542969,396.11854378303155,391.25468204681897,391.51318454758655,87891800
2023-05-08,395.1802673339844,395.6589951973901,393.7823901542241,395.4004926700738,50046800
2023-05-09,393.4472351074219,394.55788714476665,393.21745510632536,393.6387379211536,49220100
2023-05-10,395.28558349609375,396.9036859335044,391.4748993691881,396.2717616781344,96142900
2023-05-11,394.5962219238281,394.88344694585095,392.5281141075764,394.42388691061444,70157100
2023-05-12,394.0791931152344,396.0419948569671,391.6664152391856,395.83135343149405,70481500
2023-05-15,395.4387512207031,395.8408662145273,392.7770257910844,394.68235310668433,54289400
2023-05-16,392.7961730957031,395.25684108298174,392.78658918922883,394.3376626382598,57705500
2023-05-17,397.5643310546875,398.16750358670436,393.16961300605146,394.80685403141115,87287000
2023-05-18,401.3940734863281,401.8153562372563,397.0280788123654,397.2482748736079,97177200
2023-05-19,400.81011962890625,402.82078253891825,399.59416135067175,402.29419356642416,103793300
2023-05-22,400.9728698730469,402.5048047952054,399.59413136502695,400.8292573658007,60745400
2023-05-23,396.4727783203125,400.90580233866484,396.080218025508,399.33556115944674,86383500
2023-05-24,393.60040283203125,395.256811470501,392.44188978529047,394.87383509017286,89213700
2023-05-25,397.0090026855469,398.4547701518932,394.8643112540631,397.0951701927873,90961600
2023-05-26,402.1505126953125,402.8686044347789,397.5834597512282,397.6600433469777,93830000
2023-05-30,402.3036804199219,404.60156797851874,400.9249420409186,404.074979094816,72216000
2023-05-31,400.0728759765625,401.38458562978974,398.5122184875182,400.4845749210063,110811800
2023-06-01,403.87396240234375,404.9271694953685,399.0579614953215,400.3026421930234,88865000
2023-06-02,409.7144470214844,410.4995384716648,405.9133468070171,406.4399357427851,91426200
2023-06-05,408.9292907714844,411.34206835375164,408.23033766769487,410.05908136180767,65460200
2023-06-06,409.81976318359375,410.3463521322916,407.86654536905576,408.5176374533879,64022200
2023-06-07,408.40264892578125,411.34204444638556,407.981366150616,410.2122539217262,85373300
2023-06-08,410.8729248046875,411.32293010381545,407.7037491177831,408.46970190729934,61952800
2023-06-09,411.6101989746094,413.6112778783288,410.6240207738437,411.66764397898567,85742800
2023-06-12,415.34423828125,415.4208510939883,411.86869890795646,412.58679062643665,76104300
2023-06-13,418.08258056640625,418.72405947829276,416.13894679853814,416.7995935234062,95899700
2023-06-14,418.5804138183594,420.3804349424088,415.1431518715733,418.41766273627127,100612100
2023-06-15,423.7698974609375,425.0145781797127,417.6709093443267,417.7666315386717,110303100
2023-06-16,422.326416015625,426.31461080665895,421.8555294193706,425.74761712421093,114165800
2023-06-20,420.1352844238281,421.278891227802,418.0691141682308,420.39477647392715,76160400
2023-06-21,417.9826354980469,419.9526987151209,417.39640282400495,419.15507151836675,76982300
2023-06-22,419.49139404296875,419.5970912948508,416.69484536005575,417.03120545490475,70637200
2023-06-23,416.3200988769531,418.0979773634387,415.60895921346514,416.051016626355,92074500
2023-06-26,414.619140625,417.6655331304873,414.37888755488666,415.75312807727073,72823600
2023-06-27,419.16473388671875,419.7797664878717,415.0419830447426,415.49365998386605,72813700
2023-06-28,419.3761291503906,420.3851802319676,417.47331443133595,418.0883469905335,75636000
2023-06-29,421.029052734375,421.1924377171977,418.559273599848,418.96288231167824,67882300
2023-06-30,425.9975280761719,426.97775005705444,423.9121184961037,424.2292689763498,104964000
2023-07-03,426.4875793457031,426.76625174608176,425.37280176090064,425.6515034890419,32793400
2023-07-05,425.8533630371094,426.5837417319984,424.6713074116075,424.6809269189928,58418400
2023-07-06,422.51861572265625,422.9414634252197,420.0199782059898,422.2879821858995,80658300
2023-07-07,421.4518737792969,425.38243934770526,421.21162073773354,421.5287711761449,86134200
2023-07-10,422.51861572265625,422.6915908752238,420.52931348483696,421.0963071478734,62443500
2023-07-11,425.20947265625,425.6995982894802,422.3072262142427,423.27785797330125,64463800
2023-07-12,428.630615234375,430.03371404566207,427.5639058584264,428.9862143541203,91924500
2023-07-13,432.0326843261719,432.8207214455181,430.00496246418476,430.4374003996056,72425200
2023-07-14,431.76361083984375,433.7625035467968,431.00440290074886,432.9168373466267,69815800
2023-07-17,433.26275634765625,434.3102561737573,431.57136541418197,431.6194336230175,52680200
2023-07-18,436.4821472167969,437.12600898753516,432.5035425061128,432.93600974084484,80668200
2023-07-19,437.4527587890625,438.6347850080483,436.4052296979119,437.2701641275052,65891700
2023-07-20,434.5505065917969,437.35667523001575,433.8393669208048,436.4629408876448,70591600
2023-07-21,434.5505065917969,436.4629408876448,434.54091641230104,436.26110720174216,71275600
2023-07-24,436.49169921875,437.2989458480087,434.6657528013967,435.6940427674301,54023400
2023-07-25,437.68341064453125,438.93271480747865,436.1746144107411,436.2226826187103,55191200
2023-07-26,437.7507019042969,439.1729812727202,435.70374110756154,436.7512409467643,71052900
2023-07-27,434.848388671875,441.5274350037331,433.94503488324995,441.12379698695344,92194400
2023-07-28,439.10577392578125,439.9322304657997,434.84846694498975,438.1063128744225,80011800
2023-07-31,439.9418029785156,440.2973728160184,438.26962173264826,439.5766136336967,62040400
2023-08-01,438.68292236328125,439.42289130513115,437.7315002063095,438.4810886564202,55291500
2023-08-02,432.58038330078125,435.8381990846735,431.83079503236485,435.578736374447,93933400
2023-08-03,431.3407287597656,433.21471435225743,429.92803959884134,430.5719307015857,64276100
2023-08-04,429.3898620605469,435.2424228845315,428.87090725675444,433.14742331097347,100128900
2023-08-07,433.1378173828125,433.2915828601554,430.523862923515,431.2157929076751,58357500
2023-08-08,431.2543029785156,433.1282888395582,427.90996935786603,430.6104117834987,71361300
2023-08-09,428.3712158203125,431.6867198555809,427.6120079214979,431.52333486681067,78789600
2023-08-10,428.5249328613281,434.08920144153984,427.36211636743525,430.7160393980688,93005500
2023-08-11,428.27508544921875,429.28416586620887,426.06476909769503,426.6605919753528,68690900
2023-08-14,430.63922119140625,430.63922119140625,427.05466396967535,427.3621949539916,47867400
2023-08-15,425.62274169921875,429.2265377401817,425.0557186470054,428.87093856214887,75707500
2023-08-16,422.4994201660156,426.8623944636419,422.3936935729571,425.20945229682616,80107200
2023-08-17,419.280029296875,424.2196168527754,418.76107448676936,423.96015411160533,95711300
2023-08-18,419.4817810058594,420.51007098994324,416.12785816689336,416.4738084450364,98852000
2023-08-21,422.21112060546875,422.95108948384575,418.34786189824484,420.4909004571907,68719000
2023-08-22,421.0675048828125,423.9793707816351,420.5101306907519,423.9793707816351,64994200
2023-08-23,425.7572021484375,426.37226398805007,421.98043152181,422.12457747554333,68441000
2023-08-24,419.85662841796875,427.86184703074184,419.8277698977074,427.3525117447883,88517300
2023-08-25,422.8165588378906,424.09469222022517,418.0403268045078,421.5768448293855,102325100
2023-08-28,425.4977722167969,426.1128047760357,422.8165399597136,424.99802710166506,61595400
2023-08-29,431.64825439453125,431.92695615148733,425.2094607575032,425.3920554264297,83081900
2023-08-30,433.4261169433594,434.0603885077203,431.2830492029172,431.9845986592022,69053900
2023-08-31,432.7918395996094,435.17513102782067,432.6092449398333,434.0411436980902,66084600
2023-09-01,433.5990905761719,435.9824113556043,432.1479527903315,435.5019052625726,58944100
2023-09-05,431.72509765625,433.4741468434639,431.65784909348326,433.1570257317341,55166200
2023-09-06,428.82293701171875,431.0236635307652,426.506893701765,430.91793692058695,70758500
2023-09-07,427.50628662109375,428.17897757007677,425.4881551186145,425.83410543618885,70355400
2023-09-08,428.150146484375,429.67815236910445,427.19875378748577,427.5543236104539,61659700
2023-09-11,430.9659118652344,431.2734134651807,429.0630972437641,430.7640781970579,60180100
2023-09-12,428.601806640625,431.042785754672,428.02522280308654,429.5243994362143,67565400
2023-09-13,429.1015930175781,430.2547901313596,427.72732319853264,428.8228912507801,60199300
2023-09-14,432.8013916015625,433.4933214807943,430.2643349295537,431.56170711908345,83430800
2023-09-15,427.5869445800781,431.5506524245771,427.15298130374185,431.22275924982887,111848900
2023-09-18,427.8376770019531,429.12997218957395,426.80575976702727,427.2783073434339,55752200
2023-09-19,426.950439453125,427.50980914474906,424.2790562688864,426.92150856778005,66514600
2023-09-20,423.0252990722656,428.61881878957314,422.8227534657827,428.20413300123477,82562600
2023-09-21,416.0333557128906,420.45030352827405,415.8790478749404,420.18992560678913,104095800
2023-09-22,415.09796142578125,418.64695406116914,414.68324615845955,417.055696495469,100829700
2023-09-25,416.843505859375,416.8820607506406,413.458445268684,413.8924379607471,70874500
2023-09-26,410.71954345703125,414.5192898301892,409.8901424025337,413.8152657492611,96168400
2023-09-27,410.88348388671875,412.44583993852024,407.257352172029,411.8864702649676,104705800
2023-09-28,413.2655944824219,414.9340207800413,409.7455325572833,410.3338331669803,92258300
2023-09-29,412.2625732421875,416.47700522910236,410.7484550545368,416.30341993440965,115111300
2023-10-02,412.0986022949219,413.34268907348576,409.350050801858,411.4331625829839,83798600
2023-10-03,406.582275390625,412.15651831824437,405.22246490596143,409.928751834983,103760600
2023-10-04,409.54296875,410.28554771633696,405.5889145488821,407.0451710291783,87453000
2023-10-05,409.38861083984375,410.227635792642,406.1771654289247,409.2535804454479,70142700
2023-10-06,414.2492370605469,415.78263268562836,405.627480956343,406.9487069673823,113273300
2023-10-09,416.9013977050781,417.47039142005065,411.8093557252524,412.3590425619845,80374400
2023-10-10,419.07135009765625,421.65594099102935,417.1328922120163,417.5283006550743,78607300
2023-10-11,420.7878723144531,421.03859681205853,417.7596360182193,420.1320860419277,62451700
2023-10-12,418.22259521484375,421.7715876841516,415.8791053042313,421.39548619007036,81154200
2023-10-13,416.1394958496094,420.9132978989336,414.5771691952751,419.7174193113071,95143100
2023-10-16,420.5178527832031,421.5787008605216,418.1357786859934,418.3768791839652,75433200
2023-10-17,420.49853515625,422.54309204899533,417.0556425009614,417.4028130821822,75324700
2023-10-18,414.8953857421875,419.68846496991176,413.8152601862858,418.733716385894,93559800
2023-10-19,411.2499694824219,417.4125128642148,410.5749056891377,415.60908569425885,121323000
2023-10-20,406.196533203125,411.3560904558305,406.0904336651891,410.81602762056735,123919900
2023-10-23,405.4924621582031,409.3404462034215,402.9271492717955,404.6727145608842,92035100
2023-10-24,408.54962158203125,409.6972623098232,405.76248569133276,407.6044970323164,78564200
2023-10-25,402.68603515625,406.9004965329498,402.1749032838704,406.8715656507854,94223200
2023-10-26,397.86407470703125,402.4739155692253,396.9479103704744,401.62526644318154,115156800
2023-10-27,396.06060791015625,399.8410767152927,394.64293578713176,399.4456683619361,107367700
2023-10-30,400.7958068847656,401.84700148905324,397.54577698969393,398.83807208389743,86562700
2023-10-31,403.3129577636719,403.63119749728736,399.4649734881191,401.36484674476185,79665200
2023-11-01,407.6141357421875,408.4242298564383,403.7468744665271,404.27731320299,98068100
2023-11-02,415.4259033203125,415.5802112048873,411.3754022860785,411.394679734943,94938900
2023-11-03,419.2159118652344,420.75896096668146,417.59572355276106,417.72110052299064,100167800
2023-11-06,420.1802673339844,420.62388396847916,418.2418100916064,419.96809773814596,67831700
2023-11-07,421.37615966796875,422.0126685210308,419.04232330462156,420.18031060348386,64256100
2023-11-08,421.6847229003906,422.49481694951754,419.3894417122594,421.9740316925039,61746000
2023-11-09,418.39617919921875,422.86136537152765,417.9718399454001,422.822781049031,83174400
2023-11-10,424.9252014160156,425.2338171560556,418.3865562589062,420.4600443494357,89462200
2023-11-13,424.5201110839844,425.61951403994044,422.81313016998365,423.5942934214088,52236100
2023-11-14,432.75616455078125,434.03880639292726,430.21012888201807,430.43195196006246,97176900
2023-11-15,433.67230224609375,435.3117974864374,432.82362374197305,434.08698805976627,77327600
2023-11-16,434.20269775390625,434.52093744562825,432.1677943482507,433.2286423726769,66665800
2023-11-17,434.7427978515625,435.3503758373704,433.29619481153003,434.2123590781554,83133200
2023-11-20,438.08929443359375,438.9283195268349,434.48241067282527,434.4920641115296,69936200
2023-11-21,437.13446044921875,437.96386142887025,435.87109625162043,437.0476678056294,49244600
2023-11-22,438.8221740722656,440.1337760565273,437.7324245676935,438.7836191839142,59394900
2023-11-24,439.09228515625,439.2851773578734,438.5425983009372,438.8704914987227,29737400
2023-11-27,438.3013916015625,439.2754175195494,437.91560729175825,438.4653234451397,50506000
2023-11-28,438.7353820800781,440.02767719087626,437.3562943235412,437.91563451759527,62115000
2023-11-29,438.42681884765625,442.0047717825631,438.0314398912728,440.87640839051414,63146000
2023-11-30,440.1530456542969,440.500245661758,437.201978031331,439.26581233862987,79752700
2023-12-01,442.7569580078125,443.2873673280454,438.9572118254806,439.54548291042204,89183400
2023-12-04,440.43280029296875,442.77629034785133,438.16644945685704,439.38160552881834,72430900
2023-12-05,440.34600830078125,441.3007569694989,438.6775820590756,439.05371300809566,69793500
2023-12-06,438.57147216796875,442.50621946104377,438.1374794863498,442.47728857768345,69124700
2023-12-07,441.9179382324219,442.56407108973934,440.04699600140833,440.6449205313009,66995400
2023-12-08,443.8178405761719,444.3482499376319,440.93425839840177,441.1753589138319,83194400
2023-12-11,445.5440979003906,445.7177126387657,443.11381530650647,443.32598493677364,65002200
2023-12-12,447.5789794921875,447.67542557959507,444.20357245141867,445.1969053461678,68327600
2023-12-13,453.75115966796875,454.0019136162734,447.59826994583597,447.95509399152206,93278000
2023-12-14,455.2074279785156,456.8662007070536,452.54566886194607,455.6799755722313,119026000
2023-12-15,454.4579162597656,455.7845286924067,452.6181291338484,454.61284974570634,141553700
2023-12-18,457.0142822265625,457.9922869448393,455.00020597615196,456.0556626634462,70375300
2023-12-19,459.79327392578125,459.8707554353277,457.4790235748556,457.55647553386444,55761800
2023-12-20,453.421875,460.81976475641625,452.9958152728692,458.94123674603316,102921000
2023-12-21,457.7210998535156,457.99222603483094,453.9834001212354,456.39448757473747,86667500
2023-12-22,458.6409912109375,460.31618167604864,456.7528004658334,458.8443284649097,67160400
2023-12-26,460.57763671875,461.4781598644946,458.97023511368405,459.0477166286851,55387000
2023-12-27,461.4104309082031,461.5556718202345,459.84176995718065,460.374329818143,68000300
2023-12-28,461.58465576171875,462.4173899084977,461.16828868832926,461.7686374082001,77158100
2023-12-29,460.2483825683594,461.913880420099,458.3020659574586,461.39098365661835,122283100
2024-01-02,457.6727294921875,458.66042679258095,455.58117171261154,457.19826599724024,123623700
2024-01-03,453.9350280761719,456.25897115713644,453.3346793148978,455.5230445204575,103585900
2024-01-04,452.4728698730469,456.03625125353045,452.2501474553143,453.4605375615008,84232200
2024-01-05,453.09259033203125,455.53272607542186,451.6497852739501,452.6761936894624,86118900
2024-01-08,459.5609436035156,459.7061845131588,453.4605594436324,453.58644474883687,74879100
2024-01-09,458.8637390136719,459.88045489034096,456.4139106022468,456.91742225203353,65931400
2024-01-10,461.4588317871094,462.32064377730035,458.85406976244286,459.1348885576282,67310600
2024-01-11,461.2555236816406,462.9694256422812,457.2951303185307,462.4562213568548,77940700
2024-01-12,461.5749816894531,463.4341538308624,460.1709469448806,462.6982272154343,58026400
2024-01-16,459.8804626464844,461.507219896807,458.0697237314841,460.2000221906259,85014900
2024-01-17,457.32415771484375,457.8083137942025,454.9808292885089,456.8690498182248,68843900
2024-01-18,461.3909912109375,461.94293616195193,457.4499836944988,458.9895962811143,91856200
2024-01-19,467.1428527832031,467.4236715984988,461.4395092276407,462.5143215974117,110834500
2024-01-22,468.1305236816406,469.8444255597238,467.4817415348223,468.6727761250073,75844900
2024-01-23,469.4958190917969,469.7378971314764,467.5882725076425,468.6727773973201,49945300
2024-01-24,470.009033203125,473.2819033399484,469.51518456670595,472.3523319806955,81765000
2024-01-25,472.5653991699219,472.8365254024004,470.009070342345,472.129646862115,72525000
2024-01-26,471.96502685546875,473.6208323517754,471.12260001612924,472.1393159497028,76641600
2024-01-29,475.7027282714844,475.8479987432674,471.73267185506717,472.2749243280571,61322800
2024-01-30,475.3347473144531,476.0415962445669,474.5794354978266,475.0151877688741,58618400
2024-01-31,467.57855224609375,473.58206954437225,467.55916709172027,473.13665425188526,126011100
2024-02-01,473.69830322265625,473.72735140437555,468.4693941088524,469.27310972065493,91891600
2024-02-02,478.68505859375,480.3311713166732,473.795065105255,474.13398022632504,99228200
2024-02-05,476.94207763671875,478.71410519650345,474.6956161898589,478.0556601095021,75757100
2024-02-06,478.32684326171875,478.6560658444282,476.45797836644056,477.88139839933996,55918600
2024-02-07,482.3162841796875,482.73265130891053,479.66308881437243,480.5636415654776,70556500
2024-02-08,482.52935791015625,482.90698431385846,481.50294930962457,482.3163280373736,52343600
2024-02-09,485.31805419921875,485.7537769299286,482.693907035265,483.0328221928446,63979400
2024-02-12,485.1050109863281,487.5451468627196,484.38843993132826,485.2889926510743,56502300
2024-02-13,478.42364501953125,481.3382739920692,475.1701304413372,478.8593972990049,113099200
2024-02-14,482.7713317871094,483.2554877979955,478.73345765408254,481.04773757037634,68387800
2024-02-15,486.10235595703125,486.2863376159792,482.99405290883,483.46854592163555,61683000
2024-02-16,483.6815490722656,486.93506329206355,482.9456224770808,485.8021547710952,75532900
2024-02-20,481.0187072753906,482.616416260608,478.78190878597854,481.9482785767016,71736700
2024-02-21,481.4544677734375,481.6094012609107,477.92013439516916,479.7212103303219,59293400
2024-02-22,491.4184265136719,492.3770461062639,487.08037735176976,488.0390264949041,76402500
2024-02-23,491.75732421875,493.9650747069926,491.03109011668937,493.1323109036816,61321800
2024-02-26,489.95623779296875,492.62878868752523,489.83035248988597,492.19303641539864,50386700
2024-02-27,490.866455078125,491.089177503547,488.75554175218684,490.6437622032437,48854500
2024-02-28,490.2176513671875,490.7986149371762,488.95882801429093,489.3170987326298,56506600
2024-02-29,491.97998046875,493.5873820410347,489.33650744640795,491.9703174424767,83924800
2024-03-01,496.59881591796875,497.02487558805785,492.4447784604082,492.8514825275074,76844800
2024-03-04,496.0662841796875,497.90610083671146,495.7758023657051,495.80488009764395,49799300
2024-03-05,491.1085510253906,494.5170287187888,488.910493074669,494.0715838516931,72855600
2024-03-06,493.5971374511719,495.8436288177244,492.309295244367,494.37177538075554,68382400
2024-03-07,498.49676513671875,499.54255878511856,493.65520448812254,496.8797004283906,58652100
2024-03-08,495.5046691894531,501.7986682913954,494.9333685962926,499.12617653924883,86532500
2024-03-11,495.0785827636719,495.6595759026315,492.38667645201275,494.30394494541804,62557200
2024-03-12,500.4043273925781,500.9852909796221,494.6718775287178,497.1798317317913,73114400
2024-03-13,499.6200256347656,500.8982048517955,498.1869424676809,500.72391574507606,55104100
2024-03-14,498.63226318359375,500.7431761962755,495.6014419747479,500.58821318372543,110171800
2024-03-15,495.2083435058594,497.024737835922,493.5473936633997,495.57745005803946,107646300
2024-03-18,498.1514892578125,500.6963445921207,497.7435511886848,499.2588090158661,88893300
2024-03-19,500.9197692871094,501.2014309193572,496.46138163610317,497.461870313395,60755300
2024-03-20,505.55303955078125,505.68903869341005,500.30794271303097,500.9781564477384,69594600
2024-03-21,507.2237243652344,509.0789209741204,506.9420033961542,508.37959846754006,60256100
2024-03-22,506.2620849609375,507.621898374332,506.02891819305677,507.13623802282444,79070800
2024-03-25,504.8632507324219,506.00940175258387,504.7078062605414,504.8923595179647,48512100
2024-03-26,503.9308776855469,506.62145492992863,503.5326622935472,506.28145712240774,65463700
2024-03-27,508.16583251953125,508.2047232896313,504.5913794682458,506.7477422439313,82999800
2024-03-28,508.0686950683594,509.5645075137889,507.7870334248163,508.2046941865004,96294900
2024-04-01,507.1846923828125,509.3410547471651,506.0288186023219,508.80684032258694,62477500
2024-04-02,503.9600830078125,504.0960228561583,501.6677209860127,503.3772549881494,74230300
2024-04-03,504.513671875,506.00954373427334,502.8235832984241,502.8721374777498,59155800
2024-04-04,498.3555603027344,508.8458128822942,498.05445323196415,508.50587432277524,96858100
2024-04-05,503.56182861328125,505.51419288118285,499.2686073334128,499.70571354461276,74546500
2024-04-08,503.84344482421875,505.26159438808656,503.03729132856745,504.26116489557916,48401800
2024-04-09,504.4262390136719,505.81522040681716,499.5987446322458,505.57239024819654,68049200
2024-04-10,499.3753662109375,501.3568389879978,497.4036161258989,498.75370676862974,82652800
2024-04-11,503.1441345214844,504.5816702204379,497.3939324409582,500.8906633299254,70099000
2024-04-12,496.1991882324219,501.0266533234711,494.47993161292834,499.61822644383983,92561100
2024-04-15,489.9827880859375,500.52159502342283,489.13771409265206,500.35648708759203,92101400
2024-04-16,489.089111328125,491.97393499543114,487.80696088879887,490.45867707344763,73484000
2024-04-17,486.194580078125,491.7019816659058,484.8055985468662,491.5368440989878,75910300
2024-04-18,485.19403076171875,489.67183391398186,484.26157133300626,487.5835006586738,74548100
2024-04-19,480.95916748046875,486.10715539894034,479.6964327690104,485.11641894359934,102212600
2024-04-22,485.38836669921875,487.9720832401042,481.22139272247443,483.5525564034497,67961000
2024-04-23,491.1483459472656,491.575729461392,485.2038675228729,487.3893392755089,64633600
2024-04-24,490.91522216796875,492.81900253172324,488.7006120510912,492.03223509825074,55928100
2024-04-25,489.05023193359375,489.8078608662871,483.2223079459974,484.8638422405587,69122400
2024-04-26,493.6834716796875,495.2570064811488,491.1968930428971,491.82824557353393,64306100
2024-04-29,495.4318542480469,496.1020679300017,492.70244534017297,495.4609926845512,46415400
2024-04-30,487.58355712890625,494.94615471248864,487.58355712890625,493.9748340493992,77483600
2024-05-01,486.0003356933594,493.6154866987963,485.5340910693037,487.00079486473084,80242800
2024-05-02,490.5460510253906,491.38140217174987,485.2232033620505,489.6912841378985,62550200
2024-05-03,496.6265563964844,497.8504002906167,493.97484028154764,496.5002799659129,72756700
2024-05-06,501.7551574707031,501.79398895747323,498.5789197070483,499.0160258932404,47264700
2024-05-07,502.308837890625,503.6978194793967,501.6386241870498,502.71677601484447,52561300
2024-05-08,502.3573303222656,502.89154482386346,500.36613484283316,500.4826885782833,42047200
2024-05-09,505.2518310546875,505.2907218217569,501.8910996467172,502.54186786336425,43643700
2024-05-10,505.9027099609375,507.65107540024,504.68855906076743,506.8448626028078,52233200
2024-05-13,505.97064208984375,507.6801760152973,504.8342134653113,507.57334496613424,36716400
2024-05-14,508.2922058105469,508.80703433479175,505.63079607881036,506.1650107070888,57535900
2024-05-15,514.5863037109375,514.8776880610556,510.11819296519036,510.7495751277046,59504900
2024-05-16,513.5275268554688,516.2763809484062,513.381805041238,514.6834008229457,50244800
2024-05-17,514.265625,514.3336245457812,512.1967076951415,513.6439656825966,59187600
2024-05-20,514.8582153320312,516.3151962899514,513.9937257353356,514.3822777046638,37764200
2024-05-21,516.1209716796875,516.2764161967744,513.8966685383514,514.1006672352606,33437000
2024-05-22,514.6348266601562,516.1403617816678,512.4687413388463,515.4313166919542,48390000
2024-05-23,510.8758239746094,517.7818994806975,509.6713365846429,517.6750684388743,57211200
2024-05-24,514.256103515625,515.0623164056714,511.7695245578183,512.7116773079188,41291100
2024-05-28,514.6154174804688,515.2953538271266,511.992839734623,515.0622463447778,36269600
2024-05-29,511.0118103027344,512.1871297238472,510.30276514376794,510.6038721974795,45190300
2024-05-30,507.6219482421875,510.1376951954115,506.37868844824237,509.4772041666412,46377600
2024-05-31,512.2454223632812,512.3716988043419,503.49381286592205,508.57386073354985,90785800
2024-06-03,512.6630859375,514.1297897725609,507.61220612199116,513.848128094292,46835700
2024-06-04,513.2362060546875,513.9744193400643,509.90458286176136,511.36156404562087,34632700
2024-06-05,519.3359985351562,519.3554439193825,513.566351467224,515.5478835476441,47610400
2024-06-06,519.3263549804688,520.0645682770622,517.4031587596616,519.6371847519142,30808500
2024-06-07,518.6949462890625,521.4923544849469,517.2670741151577,518.3549484930342,43224500
2024-06-10,520.2975463867188,520.6180987720378,517.2961990482391,517.8886903629937,35686100
2024-06-11,521.5506591796875,521.608936050015,516.791164059003,518.7532508345464,36383400
2024-06-12,525.8341674804688,528.5150221365492,524.8045698950608,526.0964430443454,63251300
2024-06-13,526.8927612304688,527.747527922638,524.1147991232648,527.5726973653342,44760900
2024-06-14,527.2135009765625,527.2426097707814,524.3674790309985,525.3679678522572,40089900
2024-06-17,531.4094848632812,532.7985255135613,526.0769441713737,526.5334956885656,55839500
2024-06-18,532.7597045898438,532.8859810291509,531.0501705974204,531.4678314025467,41376400
2024-06-20,531.3124389648438,534.3429548976981,529.5446281232266,533.6824639158926,70328200
2024-06-21,530.60009765625,531.7109897848462,529.148170327666,530.4929219620788,64338600
2024-06-24,528.875244140625,532.9777175877437,528.75831439887,530.4246524328222,45528700
2024-06-25,530.9119873046875,531.272530660959,528.5830271026286,530.0934194702492,37936200
2024-06-26,531.5745239257812,532.2858564645144,529.1578965249615,529.8010101320955,38550600
2024-06-27,532.4125366210938,532.9874907686532,530.6974877125363,531.4380824208646,35041500
2024-06-28,530.3175048828125,536.2227551968151,529.0799883321372,533.1824029810238,76144500
2024-07-01,531.4088745117188,531.9350583633359,528.6609065569018,531.6914448156673,40297800
2024-07-02,534.9852294921875,534.9852294921875,529.7621680864318,529.8108789121317,40434800
2024-07-03,537.37255859375,537.7331019058091,534.6343445482383,534.6733013066347,32789900
2024-07-05,540.4713134765625,540.8708135451888,537.0412155224441,537.6746345682784,41488400
2024-07-08,541.0950317382812,542.0402238948535,540.0328503436032,541.250918262468,36110500
2024-07-09,541.6211547851562,542.9463982576794,541.3288304126829,542.0499170234392,27289700
2024-07-10,546.9806518554688,547.3216870432971,542.546897033872,542.83922140572,38701200
2024-07-11,542.2642822265625,547.9648752769439,541.6309226493873,547.0975967198616,53054200
2024-07-12,545.6846923828125,549.2706773223186,542.9172752823991,543.3849943470381,53084400
2024-07-15,547.1853637695312,550.4108051950651,545.3338767680585,547.6725909303428,40584300
2024-07-16,550.43017578125,550.7225001410881,547.7406727188134,548.4910214723672,36475300
2024-07-17,542.712646484375,546.191455897242,542.3910598728387,544.5251174294385,57119000
2024-07-18,538.5418701171875,545.2266716040288,536.3688561297039,544.2424632762184,56270400
2024-07-19,534.9656982421875,539.9256971843263,533.9132708630742,538.3080696139889,65509100
2024-07-22,540.4811401367188,541.0852970880696,536.9438660153718,538.8732666357521,43346700
2024-07-23,539.6333618164062,542.517708645555,539.1461346384042,540.3738971671513,34439600
2024-07-24,527.4038696289062,535.1410389720269,526.4878802289309,534.8389605250121,74515300
2024-07-25,524.656005859375,533.4748664077136,523.7205676313121,527.5209043847798,61158300
2024-07-26,530.5317993164062,533.2115481254169,527.6571477897303,528.4270046031144,53763800
2024-07-29,530.84375,533.0752290029756,528.8558251034021,532.0715719711993,39515800
2024-07-30,528.1541748046875,533.3577863863941,524.7630932312389,532.305359200303,46853600
2024-07-31,536.7391967773438,539.3604813512061,533.5917282671721,534.9559286681133,65663400
2024-08-01,529.1384887695312,540.6955035812163,525.6499253938641,538.4542703754322,76428700
2024-08-02,519.2867431640625,523.272228120303,515.096541908473,522.0639142511643,82789100
2024-08-05,504.1632080078125,510.2048370125756,497.23482195550594,498.5698494257554,146267400
2024-08-06,508.8114013671875,516.2172312004363,504.6407078832997,505.9561975655288,84826300
2024-08-07,505.4104309082031,518.0101770927619,504.8160280713854,514.9698250199898,70698300
2024-08-08,517.0941772460938,517.7177827712244,508.5092375881122,510.52630556896884,63276600
2024-08-09,519.3743896484375,520.8555792219031,515.05756422153,516.2756321007693,45619600
2024-08-12,519.6472778320312,522.044397411093,517.3865366569688,520.5632672781688,42542100
2024-08-13,528.1932373046875,528.4271563186212,522.5804299657759,522.8240435638112,52333100
2024-08-14,529.8594360351562,531.0385469501389,526.3221627661688,528.9824035230587,42446900
2024-08-15,538.9414672851562,539.2240376315274,534.8585012342127,535.4626581650564,60846800
2024-08-16,540.1497192382812,540.8416031495808,537.1776457463574,537.3335322529779,44430700
2024-08-19,545.3142700195312,545.3142700195312,539.7111586836203,540.5589290320204,39121800
2024-08-20,544.4276123046875,546.5129587158026,543.0926147134523,544.8661286211883,33732300
2024-08-21,546.2985229492188,547.7504502285475,540.5589732888145,545.4702606482219,41514600
2024-08-22,542.010986328125,548.7932102196837,540.8026724138992,548.1890532625708,56121500
2024-08-23,547.7699584960938,548.7054559638492,543.053573875613,545.2364013003757,50639400
2024-08-26,546.4641723632812,549.504464836925,544.7686315002069,548.7931322733509,35788600
2024-08-27,547.2145385742188,547.7017657101911,544.057316249273,545.197411094177,32693900
2024-08-28,544.037841796875,547.3022994954773,540.8611111576025,546.8735372102509,41066000
2024-08-29,544.0866088867188,549.2804676679931,542.9465138533585,545.9965609867917,38715200
2024-08-30,549.2803344726562,549.7870696872616,542.9074254374239,546.4446989296116,62700100
2024-09-03,537.9767456054688,546.4837125964749,535.4723909219692,546.1523719656589,60600100
2024-09-04,536.8755493164062,540.2666308743978,535.4236220855641,536.144708671945,47224900
2024-09-05,535.56982421875,539.6527901961324,533.1239343608661,536.817154296066,44264300
2024-09-06,526.5562133789062,537.5090723186329,525.6597319023402,535.8915040363953,68493800
2024-09-09,532.4515991210938,533.7184374137535,528.8169032647078,530.7366093479087,40445800
2024-09-10,534.770751953125,535.1216007015946,529.4989803786028,534.3517437427556,36394600
2024-09-11,540.2569580078125,541.1729474655668,526.1663863296421,534.683107736862,75248600
2024-09-12,544.8077392578125,545.1098177442108,538.6199181027828,540.8319486336209,51819600
2024-09-13,547.6530151367188,548.646977454259,545.1584147606665,545.4117823691347,39310500
2024-09-16,548.4618530273438,548.7249152296453,545.5969551700833,547.389917673041,36656100
2024-09-17,548.6858520507812,552.1061953010116,546.4640682562552,550.6639628555286,49321000
2024-09-18,547.0587158203125,554.1624668793891,546.5032696834501,549.3389057758787,59044900
2024-09-19,556.3938598632812,558.2453466994866,553.5679782684008,556.4231220387844,75315500
2024-09-20,555.43212890625,556.4682163688195,552.4215869805491,555.0314034219361,77503100
2024-09-23,556.820068359375,557.4652143001452,555.2854753286341,556.4975550473902,44116900
2024-09-24,558.413330078125,558.4719742881841,554.796778035406,557.6118194350487,46805700
2024-09-25,557.1817016601562,558.9900073797687,556.0771860686909,558.2569249779147,38428600
2024-09-26,559.3907470703125,561.7464186568862,557.0449191197562,561.4238456875147,48336000
2024-09-27,558.5794067382812,561.2673753932927,557.5531033653197,560.4561405350975,42100900
2024-09-30,560.8177490234375,561.423758958094,555.2658795088603,557.5530628987858,63557400
2024-10-01,555.7936401367188,561.1109325028423,553.2327442205948,560.4658463652788,72668800
2024-10-02,556.0283813476562,557.0449605610858,552.5193933091881,554.904357347643,38097800
2024-10-03,555.01171875,556.9470368946191,552.7342597435006,554.5620734708386,40846500
2024-10-04,560.055419921875,560.4268531332793,555.2854920412735,559.4396258955153,42939100
2024-10-07,554.9921875,559.0583842578297,553.8485957624074,558.4132383947003,49964700
2024-10-08,560.2410888671875,560.8373745453375,556.683241044493,557.553120131347,37398700
2024-10-09,564.12158203125,564.6787318135322,559.6350914993983,560.2313175326061,37912200
2024-10-10,563.1343994140625,564.5517040960426,561.5313781232933,562.7825341526946,44138100
2024-10-11,566.5065307617188,567.2396131412746,562.9192713637127,563.0561277259117,42268000
2024-10-14,571.1395874023438,572.0681703246292,567.6305402513053,568.1094778484854,36217200
2024-10-15,566.7019653320312,571.7064690209895,565.4898858259329,571.4034640590625,54203600
2024-10-16,569.1651000976562,569.6831735720418,565.9004735816125,566.7019840754366,30725400
2024-10-17,569.2140502929688,572.8990304200946,569.0283336899422,572.6937458614649,34393700
2024-10-18,571.403564453125,572.1855071059618,569.4388940141822,570.8952748825009,37416800
2024-10-21,570.4651489257812,571.6576009296549,567.5034675529424,570.6801577821931,36439000
2024-10-22,570.162109375,571.3154850600835,567.2884243093201,567.9432944740728,34183800
2024-10-23,564.952392578125,568.5885123492586,561.4629131521561,568.1486509721636,49314600
2024-10-24,566.1742553710938,566.975766047179,563.5644984283806,566.8975538777448,34979900
2024-10-25,565.9786987304688,571.2764839191195,565.0403914237966,568.393014498126,47268200
2024-10-28,567.7284545898438,569.5660529152336,567.4254495286576,569.4389805032773,30174700
2024-10-29,568.6471557617188,569.7613956814984,565.382469188388,566.7704218431865,42899700
2024-10-30,566.9268188476562,570.1621533327376,566.2230287475197,568.1779150746601,41435800
2024-10-31,555.8133544921875,562.6456733933426,555.617853906816,562.5772452055423,60182500
2024-11-01,558.1591186523438,562.5673968338307,557.748609230934,558.4328313722141,45667500
2024-11-04,556.9569091796875,559.5862337823984,555.0802349340614,558.2960015952809,38217000
2024-11-05,563.6914672851562,563.7305435334926,557.6508758763042,557.8658847297456,39478300
2024-11-06,577.7080078125,578.57794657906,572.1854895240832,575.9095457320777,68182000
2024-11-07,582.1749267578125,583.1915058614667,579.6238143381844,579.7020264980958,47233200
2024-11-08,584.6967163085938,586.1140207981344,582.7222620683345,582.7222620683345,46444900
2024-11-11,585.25390625,586.6320749270757,583.5335966542183,586.2802096893201,37586800
2024-11-12,583.4359130859375,585.7719571662951,580.9629529710414,585.1757310882224,43006100
2024-11-13,583.7192993164062,585.7132619411553,581.5396200997641,583.8952319310844,47388600
2024-11-14,579.9658813476562,584.3252993650702,579.2817188550297,583.846361756873,38904100
2024-11-15,572.5372924804688,576.8869261817384,570.6899107142463,576.4177129287726,75988800
2024-11-18,574.8832397460938,576.1929802203847,572.1366267509276,572.9967218779136,37001700
2024-11-19,576.9847412109375,577.7080396739373,570.856212572816,571.5208668268807,49412000
2024-11-20,577.1802368164062,577.463673880748,571.4426497345274,577.0629483995475,50032600
2024-11-21,580.2787475585938,581.6960522761343,574.1990788649406,580.0148784351488,46750300
2024-11-22,582.0772705078125,582.7028485393122,579.7705186323628,580.2689646034843,38226400
2024-11-25,584.0516357421875,587.3064784870423,581.7741764917598,585.9967380709614,42441400
2024-11-26,587.1012573242188,587.7659115133398,584.5794372696156,585.2929516850081,45621300
2024-11-27,585.3223266601562,587.2967213513849,583.807301635719,586.9155638447446,34000200
2024-11-29,588.9583740234375,589.7403166328984,585.8598958585202,586.1335489255529,30177400
2024-12-02,590.0139770507812,590.6884151690585,588.8801096579482,589.3688312028335,31746000
2024-12-03,590.2877807617188,590.5321415965333,588.7532472184814,589.7795507930211,26906600
2024-12-04,593.953125,594.1974858067216,591.3042920365143,591.9689462717889,42787600
2024-12-05,592.9756469726562,594.7546007001943,592.6237817496434,593.9530901421784,28762200
2024-12-06,594.0997924804688,595.3313805479372,593.3276337729875,593.738143242676,31241500
2024-12-09,591.0404052734375,594.1486677967985,590.4539631589937,593.9825191407734,34742700
2024-12-10,589.2027587890625,592.1350884376395,588.5478885385655,591.7147950136848,37234500
2024-12-11,593.7576293945312,594.7057206012569,591.8418193692619,592.1155320836123,28677700
2024-12-12,590.6983032226562,593.4644247000379,590.6983032226562,592.8975505621333,31543800
2024-12-13,590.5808715820312,593.4349885105365,589.2124274837462,592.7214741930072,35904700
2024-12-16,593.102783203125,594.0705021581772,591.5584657830842,592.3306244931046,43695200
2024-12-17,590.6591796875,591.5193345487469,589.2907948870824,590.5614592226143,55773500
2024-12-18,573.055419921875,592.7312963771194,572.674202761188,590.3561165933274,108248700
2024-12-19,572.8794555664062,579.6238377441589,572.6350947579137,578.020816522432,85919500
2024-12-20,579.7603759765625,584.2717241370053,569.7176190978377,570.561095027684,125716700
2024-12-23,583.2320556640625,583.8302883719545,576.3374745859168,579.5052825841503,57635800
2024-12-24,589.7147216796875,589.7539893082886,583.997031715741,584.5756905048978,33160100
2024-12-26,589.75390625,590.8718961830699,586.5567076471659,587.9493315050056,41219100
2024-12-27,583.5458984375,586.2625477535164,579.3777835694219,586.0271215733671,64969300
2024-12-30,576.88671875,580.338917958557,573.150128529516,576.5631199685903,56578800
2024-12-31,574.7879638671875,579.2601035674252,573.1599137063401,578.5441278348751,57052700
2025-01-02,573.3756713867188,579.7406180456738,569.3154229960469,578.0341524534392,50204000
2025-01-03,580.544921875,581.1823624210723,575.1312564616488,576.2100986967752,37888500
2025-01-06,583.88916015625,588.145567536734,582.1630605707853,584.7816606701658,47679400
2025-01-07,577.2888793945312,586.2331597023842,575.4745472605013,585.909501046868,60393100
2025-01-08,578.1322631835938,579.2012884483527,573.92494033326,577.3575056942733,47304700
2025-01-10,569.3056640625,574.6604875516765,567.4030397334539,574.5918290616524,73105000
2025-01-13,570.1883544921875,570.5414039943755,564.2646890570356,564.6766400021115,47910100
2025-01-14,570.972900390625,573.7287574980859,567.2068596443902,573.101074063849,48420600
2025-01-15,581.35888671875,582.4965105633459,577.847846118657,578.956079102548,56900200
2025-01-16,580.2408447265625,582.8985926554029,579.5445027973688,582.7220679112103,43319700
2025-01-17,586.0664672851562,587.8121409710091,584.1343920679883,585.4584175885924,58070600
2025-01-21,591.4309692382812,591.4407861448484,587.1353543049476,589.0968201243991,42532900
2025-01-22,594.7557373046875,596.1091536661693,593.6965288784859,594.2457369774064,48196000
2025-01-23,598.0018920898438,598.0018920898438,593.8534110339756,594.1279851220985,41152100
2025-01-24,596.2562866210938,599.0122041549142,595.1088456305246,598.060861901113,34604700
2025-01-27,587.8218994140625,588.1357411390088,583.1830517473746,583.3497595871564,70361100
2025-01-28,592.8726196289062,593.7062185767892,585.7426729191386,589.0477377122166,44433300
2025-01-29,590.21484375,592.4901511824414,587.6747192887742,592.0880171861997,37177400
2025-01-30,593.382568359375,594.9125091757996,589.1457953617726,592.3234200043604,39281300
2025-01-31,590.2246704101562,598.2078504382997,589.4694869358445,595.7952259985301,66566900
2025-02-03,586.2527465820312,588.7241528776601,579.1129820721995,581.2509726905776,65857200
2025-02-04,590.185546875,590.6954873423298,585.7722482747779,586.3116394651887,33457800
2025-02-05,592.5784912109375,592.7256251112395,587.0472023348536,589.0675100114589,30653100
2025-02-06,594.637939453125,594.7654395103566,591.0190328991121,594.3142808571387,35771500
2025-02-07,589.1949462890625,596.4131263461926,588.4887874469584,595.1970270806008,50788500
2025-02-10,593.1962890625,593.8337894109928,591.1269569453736,592.3921407355843,26048700
2025-02-11,593.6474609375,594.1868520894046,590.8229452462591,590.940628411795,30056700
2025-02-12,591.7349243164062,592.9019987358204,586.9783942084163,587.6551022307518,45076100
2025-02-13,597.9822998046875,598.1882752794738,591.5781445820884,592.8334516677448,40921300
2025-02-14,597.9529418945312,599.2180659571623,597.335075295313,598.1883082448632,26910400
2025-02-18,599.7083740234375,599.7083740234375,596.6583089558027,599.1101412981178,26749000
2025-02-19,601.1206665039062,601.4148744301086,597.8156011046507,598.3256014161959,31011100
2025-02-20,598.6198120117188,599.8947529370754,595.3245635051746,599.7574359511714,36554000
2025-02-21,588.3809204101562,598.5412992676794,587.9199448031515,598.4039822903428,76519800
2025-02-24,585.7035522460938,591.4114252530362,584.997393388531,590.420875386549,50737200
2025-02-25,582.7907104492188,586.3704094872951,578.200887648266,585.6446767168586,58266500
2025-02-26,583.0849609375,588.0278934374002,580.4566037497201,584.4481941378576,43321600
2025-02-27,573.77783203125,586.4979702201956,573.3855747451564,585.3504695068715,74196700
2025-02-28,582.73193359375,583.2615078706541,571.2181376161361,574.2780198233005,88744100
2025-03-03,572.5223999023438,585.8309510440972,568.726968794248,584.6932674866979,74249200
2025-03-04,565.7455444335938,574.1112244792533,561.2243803057662,568.5406690059347,109648200
2025-03-05,571.8261108398438,573.611051865237,562.038415848593,565.5788471805596,71230500
2025-03-06,561.675537109375,568.991765926103,559.1354126670572,564.3921264239905,80094900
2025-03-07,564.82373046875,566.2654391000913,554.7320094861279,559.9004915315724,81158800
2025-03-10,549.7792358398438,558.56656383442,544.885388513382,556.6541826711317,99326600
2025-03-11,545.2090454101562,553.1530182295099,541.3842228164132,548.6220367842027,88102100
2025-03-12,548.1022338867188,552.2605321303586,543.022044250635,551.3386407379146,69588200
2025-03-13,540.7957763671875,548.337615563181,539.0893105175023,547.7295658893665,74079400
2025-03-14,551.9663696289062,552.966736502375,540.8644642362766,545.3954461726303,62660300
2025-03-17,556.22265625,558.7333299355132,551.5150907128783,551.9466155584751,49008700
2025-03-18,550.2108154296875,554.1337472059147,548.2885573100283,553.9179548314441,66041400
2025-03-19,556.2030639648438,559.9494708906026,550.8090329217521,551.9859243939003,66556000
2025-03-20,554.5946655273438,559.5768056668136,551.7603329396793,552.4763086964069,62958200
2025-03-21,554.7776489257812,555.6728342872004,548.9247817378139,550.1543857754978,83763000
2025-03-24,564.712890625,565.7654388953832,560.8961948547495,561.4863807824129,58766800
2025-03-25,566.0703125,567.0047634369732,564.329174156886,565.9128895780813,38355700
2025-03-26,559.3125,566.9261989456277,557.9353193986783,565.8047856022024,51848300
2025-03-27,557.8270263671875,561.5847029950913,555.7219301343026,557.9253706609946,42164200
2025-03-28,546.5933837890625,557.0303082338021,546.0130443195492,556.3023922676962,71662700
2025-03-31,550.2625732421875,551.5610423029548,537.9468400615768,540.8585640195936,95328200
2025-04-01,551.8167114257812,553.7545984642982,544.6456828297712,548.3541875419536,54609600
2025-04-02,555.308837890625,558.1614830372098,545.7572527723408,545.9933271249679,76014500
2025-04-03,527.9427490234375,539.0288170958798,527.9427490234375,536.2154977474014,125986000
2025-04-04,497.03546142578125,517.2894955361414,496.81904991432106,515.1253804215398,217965100
2025-04-07,496.1501159667969,514.6335008889374,473.9385334512268,481.20796639726615,256611400
2025-04-08,488.3790283203125,516.413968489066,481.1784603514281,513.344881818952,165816600
2025-04-09,539.668212890625,539.668212890625,485.00493628771113,485.3885871028413,241867300
2025-04-10,516.0205688476562,524.7950065034121,501.0095530572283,523.4866909882965,162331200
2025-04-11,525.2278442382812,527.6772059586904,511.5841621734685,514.4761933704091,97866300
2025-04-14,530.3232421875,535.3990807406135,525.149059337469,535.172792794898,68034000
2025-04-15,528.837890625,534.3661851955569,528.0509561027874,530.8642755383438,56892900
2025-04-16,517.0828247070312,529.1133096787019,511.80045133694625,523.0046160988867,83484800
2025-04-17,517.8206176757812,522.5029590498531,515.3614098145464,519.0305887702018,79868100
2025-04-21,505.4951171875,513.1875268574667,500.16354114488826,512.6562995153043,69368100
2025-04-22,518.64697265625,520.6635112296127,510.71848838241135,511.6529994400941,75948100
2025-04-23,526.68359375,536.5302712837308,525.1687433752924,531.6118557355538,90590700
2025-04-24,537.769775390625,538.4976913582739,526.7131857388315,527.9624225863133,64150400
2025-04-25,541.6553344726562,542.0586181694788,534.8187241892716,537.7304480905381,61119600
2025-04-28,541.8619384765625,544.5178954762085,536.1271078892217,542.3931659000511,47613800
2025-04-29,545.2752685546875,546.3868353532918,539.5993973829874,539.9535089190233,47775100
2025-04-30,545.49169921875,547.4394329210733,532.6841838633078,538.6354556420874,93101500
2025-05-01,549.3575439453125,554.8662060499098,548.7575115851928,551.2265660956555,63186100
2025-05-02,557.5122680664062,559.105829955879,553.203731094349,555.5153624660799,60717300
2025-05-05,554.3153076171875,557.4040871519024,552.5348434974896,553.390643044351,38659200
2025-05-06,549.6821899414062,554.1579367361115,547.8722463773032,548.8263903141681,48264700
2025-05-07,551.9938354492188,554.6202527049248,546.9671688153295,551.0101522781708,55588000
2025-05-08,555.840087890625,561.0044252601681,552.5349263835409,556.0171436814404,65130800
2025-05-09,555.1317138671875,558.2401258599933,553.5774778511606,557.2367499454477,37603400
2025-05-12,573.4773559570312,573.4872023935405,567.6244299624897,571.9821385495525,78993600
2025-05-13,577.2646484375,579.4680890959,573.3299158219985,573.890562385163,67947200
2025-05-14,578.00244140625,579.3697154326957,575.9858428026291,578.2188228927168,66283500
2025-05-15,580.8256225585938,581.3272505737436,575.553034807254,576.0055507079343,71268100
2025-05-16,584.5045776367188,584.7996705930015,579.664873035907,581.6027001482121,76052100
2025-05-19,585.1439208984375,585.8226647003453,578.5040593733968,578.5040593733968,68168500
2025-05-20,583.176513671875,584.3569454237166,579.9795435318993,583.4126480536456,60614500
2025-05-21,573.3495483398438,582.910979810613,572.3265394745135,578.8385171464103,95197700
2025-05-22,573.575927734375,577.0482985987975,571.9232869387653,573.1528910764564,70860400
2025-05-23,569.6607055664062,572.3166619439528,566.207968279521,566.5817726606184,76029000
2025-05-27,581.50439453125,581.6617574386509,568.9919119990551,576.507266661779,72588500
2025-05-28,578.14013671875,583.0979387188073,577.4122207207761,581.9076603733905,68445500
2025-05-29,580.4222412109375,583.5208672055215,576.5072014152614,583.3831371525944,69973300
2025-05-30,579.7730102539062,581.4846092815853,573.7233350319688,579.3204944032111,90601200
2025-06-02,583.0388793945312,583.1175308206884,575.51367904973,578.1696356443219,61630500
2025-06-03,586.3637084960938,587.3375451970118,582.1928415555221,582.6748967264019,63606200
2025-06-04,586.2063598632812,588.1934192676081,585.7735368258813,587.2195824432733,57314200
2025-06-05,583.3732299804688,589.2261562279789,581.4058638494905,587.8785152313988,92278700
2025-06-06,589.364013671875,591.0264408134955,587.1211869788787,588.8918048716712,66588700
2025-06-09,589.8950805664062,591.4394702547755,588.7244952632093,589.9344062766999,53016400
2025-06-10,593.2396240234375,593.623214804717,589.3147380391201,590.4262447121249,66247000
2025-06-11,591.5476684570312,595.1873080200999,589.4918043518763,594.3315085062023,73658200
2025-06-12,593.898681640625,593.898681640625,589.7377212700143,590.2197163908625,64129000
2025-06-13,587.2588500976562,592.0296894370186,585.7636324727854,588.7343748466453,89506000
2025-06-16,592.8462524414062,594.587391119647,590.4263698749754,590.6034857060379,79984100
2025-06-17,587.7801513671875,591.9312649464777,587.0226962194246,590.4164146901995,82209400
2025-06-18,587.691650390625,591.4099413940326,586.7374465360585,588.6753335186196,76605000
2025-06-20,586.3114624023438,591.421997724495,584.9104595060545,590.3564623402502,94051400
2025-06-23,592.1026611328125,592.4873858895392,583.9534091720473,587.0611349460189,87426000
2025-06-24,598.6439208984375,599.6995206392156,595.3190526903905,596.2267600772981,67735300
2025-06-25,598.979248046875,600.4492593088346,597.4204170810242,599.7586334214261,62114800
2025-06-26,603.6655883789062,604.0996909412141,600.2125189749694,600.8242007377552,78548400
2025-06-27,606.664794921875,608.1249909093486,602.6395460052738,604.6620460106875,86258400
2025-06-30,609.5653686523438,610.9169938229498,606.7930496988761,609.1016996773074,92502500
2025-07-01,609.3681030273438,610.5322734636828,607.2666588703396,608.0953617899536,70030100
2025-07-02,612.1305541992188,612.1699961712587,608.3420172970813,608.9635746030316,66510400
2025-07-03,616.9550170898438,617.8824153010514,614.0840027457131,614.1037538406599,51065800
2025-07-07,612.357421875,615.6625385416997,609.5851029977032,615.0014790783108,74814500
2025-07-08,612.0220336914062,613.7682592313246,611.2130216520668,613.0184402574613,59024600
2025-07-09,615.6920776367188,616.3432013077288,612.5842913923066,614.4193967168262,66113300
2025-07-10,617.4285278320312,618.4644365752275,614.6562088976586,615.8302548644143,57529000
2025-07-11,615.258056640625,616.4814202079069,613.196114561925,614.389851486408,63670200
2025-07-14,616.4320678710938,616.7773507170579,613.4624186155016,614.804168244691,51898500
2025-07-15,613.7978515625,619.4411242116038,613.7189074073614,619.1057169315715,74317300
2025-07-16,615.8499755859375,616.3531467698953,609.7627242916457,615.3764310442137,88987500
2025-07-17,619.6187133789062,619.9739319743786,615.8104858123922,616.0275671883336,68885700
2025-07-18,619.1649780273438,621.0295897988693,618.0600006009754,620.861886140426,65621600
2025-07-21,620.3389892578125,623.0718060276608,619.9147622533486,620.3389892578125,63375000
2025-07-22,620.4276733398438,621.2860027914654,617.7934919268233,620.6644455724645,60046300
2025-07-23,625.7061157226562,625.7061157226562,621.2861455699198,623.0817490356008,70511000
2025-07-24,625.9132080078125,627.6200518287297,625.488980993582,626.0907872079496,71307100
2025-07-25,628.5572509765625,629.0308557161836,626.3276053702117,626.5742531786653,56865400
2025-07-28,628.3994140625,629.4846403177779,627.0181622678288,628.9321516432593,54917100
2025-07-29,626.741943359375,630.1061928990167,625.8342963044605,629.7904764849706,60556300
2025-07-30,625.9526977539062,629.129492632239,623.0718079865017,627.3930824208583,80418900
2025-07-31,623.6045532226562,631.2703255386737,622.3121212201215,630.8856007534994,103385200
2025-08-01,613.3834838867188,617.9415908673775,610.9860743719428,617.9020886786027,140103600
2025-08-04,622.7067260742188,622.7560435889075,617.1917152069655,617.280474690056,73218000
2025-08-05,619.5496215820312,624.1274190145356,618.6320990296246,623.3184070376644,68051400
2025-08-06,624.2952270507812,624.9463507668227,619.7075537473198,620.615200817688,64357500
2025-08-07,623.7723388671875,628.4388963678413,620.674427785601,627.7088284528788,74205800
2025-08-08,628.63623046875,629.099959687417,625.2423540250035,625.5580704635792,64051600
2025-08-11,627.3930053710938,630.3824053553956,626.14989093076,628.9123942278318,58742300
2025-08-12,634.072265625,634.2300937128912,628.251353780633,629.7312404986845,64730800
2025-08-13,636.2428588867188,637.5254154950222,634.0624705008762,636.2625497647373,60092800
2025-08-14,636.3020629882812,636.9630622902898,633.7270741796365,634.1709920856589,59327500
2025-08-15,634.812255859375,637.4267466743545,633.9046087993034,637.3280514224831,68592500
2025-08-18,634.6741333007812,635.3647592128409,633.5691559281859,634.2400307460651,43804900
2025-08-19,631.2308959960938,635.4732259966958,629.9187128752989,634.4965103700933,69750700
2025-08-20,629.5537719726562,631.0829764734092,624.4629872631401,630.8265133126017,88890300
2025-08-21,627.028076171875,629.4156102095885,625.3114169787772,627.7483287539096,54805800
2025-08-22,636.6571044921875,637.8311503175282,628.7051825829001,629.2083536818665,84083200
2025-08-25,633.855224609375,636.6374190424261,633.7368384817344,635.4041800322128,51274300
2025-08-26,636.5092163085938,636.8545593934813,632.9673872646679,633.5889446007113,51581600
2025-08-27,637.95947265625,638.6895405097797,635.7790844255956,635.9270971923372,48341100
2025-08-28,640.2188110351562,640.7712997557803,636.6868575289449,638.5613448732837,61519500
2025-08-29,636.400634765625,639.1532627231435,634.5162720889837,638.7881685836082,74522200
2025-09-02,631.6847534179688,631.9017745733,626.406454480519,628.9518765829083,81983500
2025-09-03,635.1082153320312,635.5719445130327,631.8722274787872,634.05255551225,70820900
2025-09-04,640.4161376953125,640.4457643382553,634.8813749728572,635.7791465574808,65219200
2025-09-05,638.5612182617188,643.4646073746923,634.7036735299132,642.7443549194211,85178900
2025-09-08,640.1300048828125,641.1264716601992,638.5514227841185,639.922799046398,63133100
2025-09-09,641.60986328125,642.1327252974712,638.5415189260096,640.2680535026645,66133900
2025-09-10,643.4646606445312,645.7732503039375,641.9058297062181,644.8557277247635,78034500
2025-09-11,648.8119506835938,649.5025765403432,644.8261440671411,645.4081991313436,69934400
2025-09-12,648.5948486328125,650.2720655980789,648.091737738302,648.7823033562848,72780100
2025-09-15,652.0479736328125,652.1762353081463,650.499078415473,650.7950437367242,63772400
2025-09-16,651.1502685546875,652.9064300011956,650.3708830930857,652.6005288851532,61169000
2025-09-17,650.3412475585938,652.8471677889224,645.5266771850337,651.1601352003632,101952200
2025-09-18,653.3798828125,655.9746224265324,651.4165760040546,653.0148488941834,90459200
2025-09-19,656.6160278320312,657.4569312262267,653.3215535907623,655.2606553211801,97945600
2025-09-22,659.7225341796875,660.1676828141602,655.1023357778903,655.1320445581616,69452200
2025-09-23,656.1312866210938,660.2172101260659,654.914373896894,659.6037721086419,81708900
2025-09-24,654.043701171875,657.5162467217733,652.6289715744526,657.4173382288552,68082200
2025-09-25,651.0263061523438,652.3717757310584,647.4251431178142,650.91749472694,89622100
2025-09-26,654.756103515625,655.3002210405111,650.8581544995363,652.4707616041429,69179200
2025-09-29,656.5962524414062,658.1792111877495,654.7956708332731,657.2689872647139,73499000
2025-09-30,659.0695190429688,659.5345338964465,654.5482897020846,655.8542079251938,86288000
2025-10-01,661.3153076171875,662.2254710850941,655.9828233173913,656.0916347397471,72545400
2025-10-02,662.0769653320312,663.4125921637317,659.6630669539827,663.2938778298502,56896000
2025-10-03,662.0672607421875,665.5001949823258,661.0284195287326,662.8389040732001,70494400
2025-10-06,664.4415893554688,665.3320074034157,662.314573504463,664.4514922823549,54623300
2025-10-07,661.9781494140625,665.8068381763353,660.5436138980969,665.3616291701808,72020100
2025-10-08,665.925537109375,666.0245059882836,662.2749199573431,663.0960778489103,60702200
2025-10-09,663.996337890625,666.7466945063586,662.0671995495462,666.3410972158545,66501900
2025-10-10,646.0499877929688,666.7565834688588,645.8719162752307,664.9560020556908,159422600
2025-10-13,655.9630126953125,658.030731623523,652.7279561413051,653.5985682812151,79560500
2025-10-14,655.16162109375,658.7232324647772,646.1983260713891,650.1556317834018,88779600
2025-10-15,658.0702514648438,663.0762408380068,651.8968641380318,659.7026642450096,81702600
2025-10-16,653.588623046875,661.572494532197,650.0962717870328,659.702653099313,110563300
2025-10-17,657.2986450195312,658.6540174880462,651.1153544209424,652.4608239631079,96500900
2025-10-20,664.1348876953125,665.0352086527322,660.1479331778372,660.197387427611,60493400
2025-10-21,664.125,665.8068672167763,662.8289846309673,664.2734231364246,56249000
2025-10-22,660.6722412109375,664.8274246920023,656.2202718491607,664.8274246920023,80564000
2025-10-23,664.5899658203125,665.5298380529869,660.6722112216523,660.988802941274,65604500
2025-10-24,670.0213623046875,671.2283116328227,668.4384640813665,669.2398161192735,74356500
2025-10-27,677.9260864257812,678.2228723013301,674.8393925526769,675.4428672302427,63339800
2025-10-28,679.7266235351562,681.5568533012904,677.520444889974,679.7167206093349,61738100
2025-10-29,680.05322265625,682.338564675443,675.5814471238866,681.368983551386,85657100
2025-10-30,672.5738525390625,678.6186229721906,672.5738525390625,676.600418646911,76335800
2025-10-31,674.7799682617188,677.7677533403644,671.9900605416568,677.7281416384325,87164100
2025-11-03,676.04638671875,678.4800912258883,672.6826525168186,678.3514739521635,57315000
2025-11-04,668.0328369140625,672.7024895383894,667.3799079726423,668.8935461650569,78427000
2025-11-05,670.3478393554688,673.5927987432043,666.9742023136038,667.7755543304748,74402400
2025-11-06,663.1554565429688,670.150002278421,661.5824008089137,669.2496813312496,85035300
2025-11-07,663.808349609375,663.9172214121945,654.1525740278607,660.781013040124,100592400
2025-11-10,674.1666259765625,674.8987178962867,667.8250699305912,670.011442763763,75842900
2025-11-11,675.7099609375,676.2738842563608,671.485517700804,672.6925273614432,58953400
2025-11-12,676.0859985351562,677.6491514285055,673.6819422079296,677.4809224347684,62312500
2025-11-13,664.8670043945312,673.5928719621189,663.3632690735044,673.2367288900627,103457800
2025-11-14,664.7581176757812,668.4482860302248,656.1905771441307,658.2780414721369,96846700
2025-11-17,658.56494140625,666.5191649555097,655.1022987242936,662.5519561070769,90456100
2025-11-18,653.0346069335938,658.0207904035176,648.8596179987588,655.0330052616243,114467500
2025-11-19,655.5574340820312,660.2171837101976,651.7188423695233,653.7272041810384,94703000
2025-11-20,645.5652465820312,668.3494043558474,644.9320631333248,665.7276649913678,165293500
2025-11-21,651.995849609375,657.4568906385811,643.9031059831046,648.0582892153691,123956200
2025-11-24,661.59228515625,662.9081062970187,654.5285399004904,655.6167748873626,80437900
2025-11-25,667.815185546875,668.9924864834618,657.3876457131933,661.4933747936815,81077100
2025-11-26,672.4254760742188,674.4239350690651,669.4970476879164,670.3973686817876,71879600
2025-11-28,676.0958251953125,676.3728052050843,673.2366572287348,673.5928002628821,49212000
2025-12-01,673.0090942382812,675.7000330812516,671.4953958513415,671.5646559458772,61201200
2025-12-02,674.2556762695312,676.5212120744054,672.0791460292079,674.6414676887413,62953800
2025-12-03,676.5905151367188,677.5995871066391,672.4353317565424,673.3059439079583,57238500
2025-12-04,677.0851440429688,678.05466464181,674.0677104452674,677.9854045442221,61970300
2025-12-05,678.371337890625,681.0425317051524,677.273199890512,678.153654645799,79241000
2025-12-08,676.3333129882812,679.3111955598065,674.2953027143022,679.2617413091358,55231500
2025-12-09,675.74951171875,678.0744650894321,675.3043631264671,675.8583835190601,58310100
2025-12-10,680.2312622070312,681.616283144729,674.0380683519487,675.2747265375898,85671300
2025-12-11,681.8140869140625,681.8932499368323,674.8888018222121,677.8271327535609,86173700
2025-12-12,674.4832763671875,681.5272765513724,671.9208940415416,680.8248329648462,113160300
2025-12-15,673.4642333984375,678.4405748577324,672.0000494482242,678.4207690042323,90811000
2025-12-16,671.6240844726562,673.8105178026394,667.7755898483048,671.9802275249427,122030600
2025-12-17,664.2337646484375,673.1772535061897,664.0358872930294,672.6331360665856,110625200
2025-12-18,669.2496948242188,673.47413846835,667.6965052957117,670.3676386439364,108650100
2025-12-19,675.3153686523438,675.8114935895343,671.2272434527378,671.3463691548195,103599500
2025-12-22,679.5225219726562,680.0483829319917,675.3153920494597,678.6394050189502,69556700
2025-12-23,682.6282348632812,682.8663651395233,678.5699062922599,678.6195066727895,64840000
2025-12-24,685.0294799804688,685.4760045408373,682.4694583215327,682.6183200290311,39445600
2025-12-26,684.9599609375,686.2994739503212,683.9280429419551,685.287420330769,41613300
2025-12-29,682.51904296875,683.8586166189733,680.7528697076866,682.2114479341877,62559500
2025-12-30,681.6856079101562,683.2235831301442,681.2589477241032,682.1222002850684,47160700
2025-12-31,676.635009765625,682.0328514439952,676.4266760541103,681.8145855439083,74144800
2026-01-02,677.8753662109375,681.5467030561866,674.5513531776926,680.395719787287,89377200
2026-01-05,682.3900756835938,684.0868448237256,681.0604947255163,681.2192280630002,71927200
2026-01-06,686.4483642578125,686.9544213697425,682.4496288665487,682.5984300063299,69273800
2026-01-07,684.2356567382812,688.5817158514149,683.9776620917838,686.8254142672773,75588300
2026-01-08,684.1661987304688,685.2675815209567,682.1618346683338,683.4815439165204,64019200
2026-01-09,688.6908569335938,689.9212370510019,683.8387406584166,685.2775150455628,80125500
2026-01-12,689.7723388671875,690.6951844685583,685.277478801028,685.3270791782115,63976000
2026-01-13,688.3932495117188,690.6952766040527,685.9919610896558,690.0998903120652,78309700
2026-01-14,685.0095825195312,686.3590277621203,680.7230559588451,685.6446369497345,94676700
2026-01-15,686.8750610351562,690.0602050162862,685.8927433241695,689.1870202593807,77862000
2026-01-16,686.2994995117188,688.869453251486,684.7515921796883,688.2839991969948,79289200
2026-01-20,672.3286743164062,679.4629532027941,671.3264922720098,676.2083446056304,111623300
2026-01-21,680.0880126953125,683.4020929933814,672.8743375287692,674.382576550426,127844500
2026-01-22,683.6403198242188,685.7736813437502,681.5962874434288,684.5035723961656,77112200
2026-01-23,683.8883056640625,685.6049389887335,681.8343413244536,682.8167194920136,63059600
2026-01-26,687.3612060546875,688.7503800429489,684.5729864520383,685.138576123168,60473800
2026-01-27,690.099853515625,691.1318321418594,688.1947507195304,688.8000086063018,55506100
2026-01-28,690.0303344726562,692.4316225777728,688.5618241580821,691.6477064811113,61172200
2026-01-29,688.6610717773438,691.657685737667,679.5224893166136,690.9928952881424,97486200
2026-01-30,686.6071166992188,688.8298072906449,681.7947290319643,686.4285189892349,101835100
2026-02-02,690.0204467773438,691.5286859406688,684.0768798206813,684.2356737126761,79286500
2026-02-03,684.18603515625,691.5584439188771,678.7286612443456,690.8142565672537,107904600
2026-02-04,680.8719482421875,686.0911923060062,676.4762885369656,684.9996810996682,105204600
2026-02-05,672.3683471679688,678.3913111024622,670.5525129616972,675.6626239798336,113610800
2026-02-06,685.267578125,686.9444827733389,675.5732778299765,676.1785962582386,89127600
2026-02-09,688.57177734375,690.4768800480663,683.0052703670985,684.0768565720822,73885200
2026-02-10,686.7559814453125,691.1417089533321,686.2995246985826,689.5640655604284,65185700
2026-02-11,686.5972290039062,691.7370759669038,683.8387453470867,690.9928885783248,76353900
2026-02-12,675.9901123046875,689.9609473653614,675.097063165144,688.8595645054852,118829000
2026-02-13,676.46630859375,680.96122930703,672.2691112734435,676.4067760275798,96267500
2026-02-17,677.5578002929688,679.6316291710169,670.5426469985775,674.8688419019007,81354700
2026-02-18,680.9711303710938,683.8090109802145,677.53798463666,678.7187643851827,73570300
2026-02-19,679.1751708984375,680.8620077880265,676.2678860499572,678.5401770095443,58649400
2026-02-20,684.0867919921875,684.7119142291095,676.4464562003476,677.0319102464942,100034000
2026-02-23,677.1013793945312,684.6523861034582,675.0970153480879,682.4992209190492,90558100
2026-02-24,682.0228881835938,683.0151380016027,674.7298762460771,676.6151751251432,73798700
2026-02-25,687.778076171875,688.3039371523823,684.7516653786108,684.831062331904,56369500
2026-02-26,683.9578247070312,687.9268241953206,679.046175727848,687.9070203801248,71671000
2026-02-27,680.6734619140625,681.5367144347911,676.35719931042,677.795973699009,83308900
2026-03-02,681.0604858398438,683.2831159083878,672.765291276125,673.4400139353526,87477200
2026-03-03,675.057373046875,677.3196712649806,664.4700232973693,669.8281968363514,105003100
2026-03-04,679.820068359375,681.7648996497006,674.3527626088865,676.3471942737264,79182200
2026-03-05,676.0297241210938,680.2170498641997,670.3738880206191,676.7937758642711,106606500
2026-03-06,667.1688842773438,670.869956423512,664.569194806431,668.1908700160953,100687000
2026-03-09,673.0133666992188,674.6505427155427,657.2564332632285,661.2254329083217,102667700
2026-03-10,671.9317016601562,678.0637980596332,669.5304741395607,672.4674947413112,81505300
2026-03-11,671.08837890625,674.8093159596237,668.1215614523004,672.3286912573745,68441700
2026-03-12,660.8978881835938,666.444591119081,660.7093583022987,665.958337853126,108882200
2026-03-13,657.1571655273438,667.1293254881115,656.2343803863124,664.0831110227487,97200200
2026-03-16,663.844970703125,666.8613885560293,661.9497395049242,663.1999840519829,82023100
2026-03-17,665.5912475585938,669.2129836950214,664.5097291491037,667.1788836379297,87128000
2026-03-18,656.3038330078125,664.5295627375546,656.0657027257738,663.1801174312507,82062600
2026-03-19,654.6864624023438,657.8418097710767,650.0923405870744,651.8783782687178,111272500
2026-03-20,645.3009643554688,653.3800315656541,641.4703334037762,653.2009461223761,163617500
2026-03-23,652.07666015625,659.2801583045331,650.6439158314106,654.7531040433624,134802700
2026-03-24,649.8877563476562,653.7183875512989,646.604401549905,648.0371459178807,96457500
2026-03-25,653.5094604492188,657.5589538580906,650.9424473291369,655.3501116680137,90653800
2026-03-26,641.838623046875,651.5493793651953,641.5699644768796,648.7734634761676,96494400
2026-03-27,630.89404296875,639.420794428861,629.9189411370072,639.2616275919053,103649400
2026-03-30,628.78466796875,637.1423539459004,626.108284608157,636.8836547011163,99275900
2026-03-31,647.0621337890625,648.2560368761451,634.7643854444117,635.7195686416,152534100
2026-04-01,651.9373779296875,655.2008748639518,649.7086779392242,650.6041659517412,97841500
2026-04-02,652.5244750976562,654.8825248659317,641.858474913505,643.1618697673937,68358700
2026-04-06,655.6087646484375,656.3947609217337,652.2159789115307,652.554231190157,39105800
2026-04-07,655.8972778320312,656.285326673986,647.7784337275787,653.3402849463747,69980400
2026-04-08,672.6027221679688,673.6673363432215,668.0756676404139,672.980811715349,93606100
2026-04-09,676.4830322265625,677.7267318686964,670.3740257373166,671.4386399182858,57134400
2026-04-10,676.0353393554688,678.5923930707559,675.0304203424645,677.885949822129,42253500
2026-04-13,682.6417846679688,682.840788741459,673.1698101905051,673.9955829678383,54185800
2026-04-14,690.959716796875,691.0791070995066,684.193942434314,684.2238203737314,63480500
2026-04-15,696.412109375,696.7504224001667,690.7010502942645,691.7557051691649,58240400
2026-04-16,698.1234130859375,699.2378238459212,695.0092450197437,697.5264615426626,49972400
2026-04-17,706.5607299804688,708.7993894133457,702.2028014262665,702.5808909886877,70661900
2026-04-20,705.1477661132812,706.3317705126415,702.5808139687996,705.20752199003,43546800
2026-04-21,700.53125,707.6949720613851,699.098505587723,706.7000123508461,58941400
2026-04-22,707.6253051757812,707.8640857857167,704.6503246823615,705.5756906371417,42518500
2026-04-23,704.8792114257812,708.7694771316526,698.7403270820959,705.9239069650033,56174000
2026-04-24,710.3414916992188,710.8687887329964,705.4363479344694,707.1675680011435,45182000
2026-04-27,711.5653686523438,712.0230720129201,708.7098389427747,709.5754490929214,33135900
2026-04-28,708.1029052734375,709.2869098023077,705.6752010599358,708.2322548988411,43117400
2026-04-29,707.993408203125,708.6102783309316,704.7995658491443,707.4163145996059,41859200
2026-04-30,715.0377197265625,716.1620290590424,706.8691393587039,711.0280636665188,67240900
2026-05-01,717.0177001953125,721.216400793299,716.8385540170647,717.6146516977453,43049800
2026-05-04,714.3909912109375,718.4802608161392,711.3861936216806,716.4406056700121,51950600
2026-05-05,720.1220092773438,721.3855668152729,717.8534719876392,718.1320898558575,36933200
2026-05-06,730.1312866210938,730.8874657022126,724.1515691652952,724.489821452625,53288900
2026-05-07,727.8926391601562,732.4196936796947,726.0718458933673,731.3451201928577,51724600
2026-05-08,733.9021606445312,734.359863963193,730.8675457398152,731.2257166531052,47227100
2026-05-11,735.5736694335938,737.0561496205491,732.7380586745534,732.7380586745534,44024000
2026-05-12,734.4593505859375,735.1160580011854,728.1413807257971,733.1758744234386,54185300
2026-05-13,738.5685424804688,740.1604537310201,731.7629913201908,734.7478704606156,44200200
2026-05-14,744.3989868164062,745.7521781705404,739.8122371427646,739.9018102364839,45307600
2026-05-15,735.4443969726562,739.712813256131,734.2405345152865,738.0511867146383,60410800
2026-05-18,734.927001953125,737.682999009625,729.6935042484962,736.1010471042457,47843900
2026-05-19,730.03173828125,733.9320239063612,727.8428755921286,731.0764945153984,54255900
2026-05-20,737.5138549804688,738.1307251173267,730.1909663879147,732.0018002736176,45768000
2026-05-21,738.9764404296875,741.1156280791548,733.3151780259534,734.9170485709385,43332200
2026-05-22,741.8817749023438,745.1651298094138,740.7275876279662,742.4787264390759,41762000
2026-05-26,746.8068237304688,748.3390397979183,744.5979816306177,746.2297301040182,41123600
2026-05-27,746.6774291992188,747.5927750592914,744.4486686067338,747.0952952420212,42106300
2026-05-28,750.7965698242188,751.3438462445121,745.4536410614309,746.4685193943138,41562600
2026-05-29,752.6671142578125,754.2590862562773,750.8861582097875,752.0900813404212,55075700
2026-06-01,754.7166748046875,756.4479556154175,750.886104424133,751.5527103892452,43634900
2026-06-02,755.7415771484375,756.5674107365072,752.9357833937803,753.2144012702464,31581900
2026-06-03,750.4384155273438,754.9754294579049,749.7718095132926,754.3287420712209,51402500
2026-06-04,753.2740478515625,754.4878695071194,747.6823186029123,748.3091480570178,49923000
2026-06-05,733.83251953125,749.0255736853693,731.82274221843,748.5181345185488,93989400
2026-06-08,735.4940795898438,741.5832888174093,734.4693026781229,739.6132273185567,49319100
2026-06-09,733.3350830078125,743.1354731343894,718.9480036644643,739.881935268434,87683500
2026-06-10,721.7736206054688,734.6583610930755,721.6741489247238,729.69352181897,60341300
2026-06-11,734.04150390625,736.2702039965386,720.7587550057447,725.0868662900759,86330500
2026-06-12,738.0113525390625,740.6877965432628,731.3252525489901,736.9766163198905,57079500
2026-06-15,751.0254516601562,752.8661028247,747.9709180763429,748.0604304424444,60176400
2026-06-16,746.5481567382812,751.6323864215939,746.100412710964,750.7468576807364,67093100
2026-06-17,737.225341796875,748.3589429763433,735.4940609532621,747.5032315039188,85945200
2026-06-18,744.8902587890625,746.3765582049119,742.0173878962117,745.907751654771,80875700
2026-06-22,742.546142578125,748.321778689857,741.2892538871644,745.8479411927095,46628100
2026-06-23,731.7628784179688,737.7978798883457,730.4860198600484,731.9922892059834,66846800
2026-06-24,731.4237060546875,738.1171068570358,729.0296875445486,733.3489180103626,57439500
2026-06-25,732.4810791015625,737.5385276888334,727.7927091295785,737.0796452204372,53934400
2026-06-26,727.1842651367188,734.7056273477464,714.8050317832251,727.144386135875,71034000
2026-06-29,739.1644897460938,739.7231001504891,730.27658724538,734.7055914816465,58035200
2026-06-30,744.9202270507812,746.1671307285668,739.0547872797607,739.4537599262709,55626000
2026-07-01,743.9127197265625,747.5835968507926,740.541087308444,743.1545925484338,47100900
2026-07-02,742.9351806640625,749.4489739445169,738.1969465958291,745.5486859530862,57447800
2026-07-06,749.4190673828125,750.5462122974698,745.5585975722108,746.885320136641,50673300
2026-07-07,745.85791015625,749.0998597580657,743.364102770238,748.3616416292718,43721500
2026-07-08,743.5536499023438,744.3017921335774,737.6782249675691,741.3191472958572,43767400
2026-07-09,749.8480224609375,750.1073272936331,743.7431866839036,745.4987759890873,41441700
2026-07-10,753.0799560546875,753.5487626123848,746.2468873823584,750.187115173852,42191300
2026-07-13,747.3142700195312,752.0425191788765,746.1471851864706,750.6060836597362,44013600
2026-07-14,749.9677124023438,751.4739818301254,746.8055207475287,749.0499474324819,35143100
2026-07-15,752.9403076171875,753.7084197839658,748.3417413555546,752.3717122204262,43844800
2026-07-16,748.8604125976562,752.7009125511715,746.0274814662645,750.8953984161742,46409800
2026-07-17,741.4487915039062,745.438883195828,738.9649691671198,740.241827732839,62651000
2026-07-20,740.2518310546875,746.8753371556621,739.6732506975046,745.2094908804986,50422300
2026-07-21,746.426513671875,747.1845799829406,742.3366329839115,744.4413918284653,34324300
2026-07-22,745.55859375,748.1621748950539,744.5211918106933,744.7705725456777,32836200
2026-07-23,736.3515014648438,740.7206569606348,733.3888874570794,737.5385562389782,55437300
2026-07-24,737.099609375,741.8777222786117,735.4636571620507,736.6806667930385,44782000
2026-07-27,737.25927734375,743.6833276942111,734.0472217265344,743.0648074406847,41461200
2026-07-28,739.0248413085938,740.9500533043114,734.156924420905,737.3589950224286,47322200
2026-07-29,727.6531372070312,740.8403618199718,727.2939826612791,738.1370526174048,70697200
2026-07-30,739.852783203125,740.6109103701467,732.7703947650456,734.2267392747757,66811300
2026-07-31,745.1796264648438,747.0449895804718,735.8527500027326,742.835410914187,62445900
2026-08-03,755.793212890625,756.7009928898597,746.9451890027125,747.5836183167282,59927500
2026-08-04,769.4193725585938,771.494176400126,758.6361522059436,758.7458651152236,69154800
2026-08-05,767.8831787109375,774.9256883846499,767.6039039413469,773.928165423025,44689100
2026-08-06,766.65625,769.9081846177485,765.5589990885744,768.3021872511085,38416900
2026-08-07,771.3446044921875,772.0029428489042,767.703621378493,769.1101628301597,43586300
2026-08-10,771.1151733398438,773.1301282404592,769.7086319253093,770.6861849056471,39249500
2026-08-11,768.6513061523438,772.6912620504304,767.2946895097219,772.6115040483734,36740600
2026-08-12,770.5764770507812,772.9805414027246,769.369513273419,772.7910096110111,33179100
2026-08-13,775.9531860351562,777.4394855444215,772.1925048911166,772.9506321027081,35634500
2026-08-14,774.4169921875,776.8708596736758,773.509212209858,776.6114939657781,31367900
2026-08-17,770.7560424804688,774.8559080861019,770.5964655970525,774.2573577843602,34356600
2026-08-18,765.5490112304688,767.5939211307613,765.0202948350139,766.7959149360092,43920900
2026-08-19,767.1549682617188,770.5564946026684,766.1973243479778,768.4517358705159,40306000
2026-08-20,760.7109985351562,766.2472997692572,760.1523881029335,764.0627220124634,45520300
2026-08-21,763.8232421875,765.9479709365374,762.2770937955632,764.1524418077088,39188700
2026-08-24,761.5787963867188,763.3244615010249,760.1922857963137,762.8856098637509,32430900
2026-08-25,764.0127563476562,764.8806573052586,761.159855395616,764.262137078792,27422300
2026-08-26,764.182373046875,765.449185749943,762.0376744224566,762.8356805789958,28751600
2026-08-27,769.18994140625,770.4468300957561,765.2596984507333,766.5964060257239,34557100
2026-08-28,767.4442749023438,773.3795487683207,766.4068729286823,769.8483393622295,36744300
2026-08-31,765.1499633789062,766.097622354185,762.8257178677422,765.4292990280279,38810800
2026-09-01,759.89306640625,762.7758614763637,757.5987149009983,760.1224772031874,41126300
2026-09-02,763.2646484375,764.5315220914426,759.8431519587122,760.5614001563074,29566200
2026-09-03,771.2548217773438,772.112737807933,765.5490195828438,765.99791709853,43531600
2026-09-04,768.2822265625,770.9555808433835,767.0951717806925,770.0977256925568,34054200
2026-09-08,764.0626831054688,767.7934091111229,763.2447069992287,767.1649647963771,44746100
2026-09-09,760.5115356445312,762.5763546117217,759.055130192088,762.1873669257697,32812400
2026-09-10,755.9528198242188,758.2271404471661,754.7657651010062,756.1523365872063,42740400
2026-09-11,762.3967895507812,764.4816392943262,761.7084962835214,762.8257171109622,45512700
2026-09-14,758.9952392578125,761.6287143614769,756.0525344863368,757.119891309806,43992400
2026-09-15,755.513916015625,758.4665449596201,754.2769973083872,758.2371341657202,46195000
2026-09-16,752.1821899414062,759.7833101686804,747.7432005092232,757.6187023523285,59217700
2026-09-17,760.7109985351562,761.6786274833105,758.0775841455181,761.2596848801362,49652800
2026-09-18,761.6900024414062,762.0,757.969970703125,761.3099975585938,65395100
2026-09-21,773.5,774.8900146484375,766.030029296875,766.25,50484700
2026-09-22,773.3800048828125,775.1400146484375,772.5700073242188,774.030029296875,34802300
2026-09-23,767.8099975585938,773.0499877929688,766.5,772.7899780273438,54931700
2026-09-24,767.1799926757812,768.9500122070312,763.25,764.0700073242188,43983700
2026-09-25,771.3499755859375,772.280029296875,766.2899780273438,768.780029296875,36666700
2026-09-28,765.6099853515625,769.5399780273438,763.719970703125,768.3499755859375,42694500
2026-09-29,764.2000122070312,766.97998046875,762.3499755859375,766.8300170898438,36832600
