Date,Close,High,Low,Open,Volume
,SQQQ,SQQQ,SQQQ,SQQQ,SQQQ
2010-02-11,9257640.0,9771151.597817615,9177065.580670305,9677348.542478567,0
2010-02-12,9180678.0,9540256.559339795,9133776.448781766,9533040.93607545,0
2010-02-16,8854773.0,9131371.912128208,8827113.108787179,8981046.416406356,0
2010-02-17,8718878.0,8868000.878896553,8693623.318896553,8736917.057931036,0
2010-02-18,8509624.0,8748942.142453363,8484369.32165065,8708053.615602035,0
2010-02-19,8532474.0,8656342.191966174,8418226.6384778,8586591.171247358,0
2010-02-22,8585388.0,8680393.694354951,8433859.930522481,8439872.949152542,0
2010-02-23,8930536.0,9024339.098303258,8602225.155938594,8603427.759762995,0
2010-02-24,8651531.0,8816287.706561023,8545701.874617737,8776601.784542674,0
2010-02-25,8591399.0,9091682.032474805,8591399.0,8924520.153835386,0
2010-02-26,8544502.0,8741729.069387754,8515639.502040816,8658749.387755102,0
2010-03-01,8168086.5,8450698.444567138,8141629.2115724385,8444685.424469965,0
2010-03-02,8105549.5,8154856.255118694,7958831.8384273,8093523.4621661715,0
2010-03-03,8105549.5,8166882.292952522,7967250.064910979,8076687.009198813,0
2010-03-04,8004532.0,8172896.555288462,7975669.504807693,8061054.38641827,0
2010-03-05,7649764.5,7857815.0044018235,7610078.565634334,7804900.425247603,0
2010-03-08,7587228.5,7613685.787525756,7540326.944840703,7599254.539784434,0
2010-03-09,7456141.5,7653368.468709677,7335881.153225807,7653368.468709677,1
2010-03-10,7276956.0,7403229.4060485875,7228851.845314824,7390000.763510164,0
2010-03-11,7206001.5,7359934.776368491,7201191.085113485,7321451.4572763685,0
2010-03-12,7195178.5,7262524.312468661,7114604.045796423,7114604.045796423,0
2010-03-15,7238472.0,7382784.4505731845,7189165.246054161,7244485.018773883,0
2010-03-16,7098969.5,7233661.111722853,7073714.822801965,7174733.531594105,0
2010-03-17,7065298.5,7095363.6,6947443.308,7074919.332,0
2010-03-18,6981116.0,7071311.297157622,6952253.50490956,7024409.742635659,0
2010-03-19,7107388.0,7168720.789847716,6900540.159729273,7107388.0,1
2010-03-22,6907757.0,7203597.567896936,6819966.912778552,7173532.469533427,1
2010-03-23,6770658.0,6954656.343516874,6746605.928952043,6871676.698401421,1
2010-03-24,6842816.5,6901744.093760984,6795914.945782074,6804333.173462214,1
2010-03-25,6899337.5,6907755.725989194,6614320.420080181,6696097.472546628,1
2010-03-26,6857245.5,6971492.838214662,6726161.711943178,6807938.754033673,1
2010-03-29,6768253.5,6817560.250799573,6708123.316098081,6763443.085287846,0
2010-03-30,6702110.0,6818762.551588014,6644385.026018302,6709325.621747712,0
2010-03-31,6775468.5,6827180.453407881,6680462.818157614,6774265.896432375,1
2010-04-01,6789900.5,6942631.1701204395,6580647.45589798,6712933.863088912,1
2010-04-05,6602294.0,6797115.790163935,6560202.872495446,6757429.869945356,1
2010-04-06,6549381.5,6680465.338321704,6490453.902956299,6652805.445831804,1
2010-04-07,6583054.0,6694896.166971137,6506087.3474607235,6596282.643405189,1
2010-04-08,6560203.0,6742998.757286893,6522922.286342805,6651600.878643447,0
2010-04-09,6436335.0,6586660.462443946,6425511.566704036,6536151.10706278,0
2010-04-12,6415891.5,6453172.219119025,6366584.7424554825,6418296.707685099,0
2010-04-13,6314873.0,6472414.108931633,6306454.77280518,6437538.596267378,1
2010-04-14,6094796.0,6241513.66219416,6091188.18863457,6217461.5864246255,1
2010-04-15,6020234.5,6094795.934079105,5997385.028266081,6094795.934079105,1
2010-04-16,6210248.0,6337724.043377227,6014223.518202944,6076758.935708753,2
2010-04-19,6236703.5,6459185.209892017,6186194.138835326,6294428.484188199,2
2010-04-20,6152522.0,6258351.15089914,6098404.820562939,6133280.336200156,1
2010-04-21,6029856.5,6136888.256781013,5979347.131631432,6019033.063921021,1
2010-04-22,5936052.5,6304049.271677472,5918013.44256483,6209043.5691855755,2
2010-04-23,5863896.0,5996182.41509434,5845856.9433962265,5942065.245283019,1
2010-04-26,5903582.0,5926431.471990222,5812184.112039112,5848262.225707883,1
2010-04-27,6265565.5,6317277.460940499,5892758.339731286,5964914.564299424,2
2010-04-28,6255945.0,6401460.060553634,6163344.506920415,6163344.506920415,3
2010-04-29,5932444.0,6169356.926819379,5899973.700385162,6169356.926819379,2
2010-04-30,6283603.5,6295629.5354066985,5913201.609473685,5942064.094449761,2
2010-05-03,6016626.5,6210245.7017789325,5928836.427143713,6206637.890565661,1
2010-05-04,6561406.5,6679261.675403225,6239108.673387096,6241513.881048387,3
2010-05-05,6649196.5,6872880.809820944,6530138.722192078,6742999.5976668475,3
2010-05-06,7326262.0,9068834.82304662,5718380.796126068,6786292.919566645,5
2010-05-07,7806101.5,8303979.488137421,7214420.412648282,7492221.89878293,5
2010-05-10,6672045.5,6888514.171593366,6644385.614185291,6845220.4372746935,4
2010-05-11,6664832.0,6890921.573439192,6399056.490797546,6841614.8047636235,3
2010-05-12,6301643.5,6592673.60057252,6277591.425572519,6572229.33730916,2
2010-05-13,6593875.5,6628751.004194784,6228284.007751231,6376204.249680831,2
2010-05-14,6970292.5,7198787.250690131,6740595.145358868,6744202.957211871,3
2010-05-17,6917377.5,7349112.2918115435,6827182.209231571,6919782.707753825,2
2010-05-18,7186759.0,7274549.061412316,6691286.3246318605,6734580.053547523,2
2010-05-19,7358732.0,7596847.531295964,7098969.602222585,7266131.515607125,4
2010-05-20,8077890.5,8221000.365937174,7733945.780184606,7766416.085901444,4
2010-05-21,7988893.0,8655135.167996386,7725522.9010989005,8564939.928646695,5
2010-05-24,7932372.5,8004528.708308065,7655773.701485749,7929967.293056398,3
2010-05-25,7993705.5,8757358.72589138,7943196.152775688,8528864.059876636,5
2010-05-26,8230620.0,8281129.357101111,7518678.585622444,7859015.444184688,3
2010-05-27,7305816.5,7745969.395308642,7305816.5,7667800.16526749,3
2010-05-28,7440509.0,7624507.36382738,7256510.636172621,7286575.728301277,3
2010-06-01,7654574.0,7665397.435349568,7121820.46001571,7507856.320816968,2
2010-06-02,7110995.5,7662990.584474886,7082133.011922882,7510259.918400136,2
2010-06-03,6898134.0,7166314.593096234,6860853.289748954,7043649.030334728,3
2010-06-04,7590836.0,7666600.047528517,7067703.290874525,7331073.551330799,5
2010-06-07,8009343.0,8027382.060810811,7421269.617567567,7470576.383783784,3
2010-06-08,8047826.5,8379745.225941423,7905919.218619247,7960036.402196653,5
2010-06-09,8263090.0,8325625.392228206,7671408.98122544,7901106.287294426,4
2010-06-10,7540324.0,8021365.403508772,7524690.154385965,7945601.382456141,4
2010-06-11,7341897.0,7779644.830958231,7316642.3174447175,7772429.207371008,4
2010-06-14,7359937.5,7371963.541666666,6981117.1875,7132645.3125,2
2010-06-15,6759836.0,7244485.334282156,6723757.885785447,7230054.088596336,3
2010-06-16,6652802.5,6835598.230296457,6566215.048806941,6799520.125632683,3
2010-06-17,6568622.0,6771862.043573782,6542164.716221164,6561406.377151227,2
2010-06-18,6565013.5,6633561.909873603,6439942.717072723,6550582.255816083,1
2010-06-21,6735783.5,6854841.269416176,6304048.760399928,6332911.249955365,4
2010-06-22,6899337.5,6939023.422520481,6519314.726773575,6666032.379728081,4
2010-06-23,6982315.5,7151882.583275922,6811545.81329659,6877689.001808475,3
2010-06-24,7337084.5,7365946.986149812,7020799.755941649,7079727.331830848,3
2010-06-25,7329871.0,7492222.5315832645,7161506.4487284655,7244486.120426578,2
2010-06-28,7414052.0,7564377.466342255,7215622.384428224,7329869.738848337,2
2010-06-29,8234227.5,8429049.298597926,7737552.173944794,7759199.040455674,5
2010-06-30,8638300.0,8700835.375191424,8105546.707503828,8354485.60490046,4
2010-07-01,8720081.0,9219161.625430975,8507220.106743898,8581781.549579369,6
2010-07-02,8792239.0,9035165.039939817,8588998.897278074,8684004.625769388,3
2010-07-06,8710460.0,8930536.512494823,8240241.877674996,8417024.650006903,4
2010-07-07,7886676.0,8646721.628545288,7857813.5077767605,8627479.967063129,3
2010-07-08,7768820.0,8032190.213622291,7654572.647058823,7700271.5882352935,3
2010-07-09,7522286.0,8051431.617905675,7522286.0,7767617.1501199035,2
2010-07-12,7457344.5,7616088.166182874,7331071.1291727135,7543931.954281568,2
2010-07-13,7201190.5,7436900.810287241,7094158.777471609,7268536.302939211,2
2010-07-14,7059284.5,7222838.621294719,6953455.362691652,7145871.975979557,2
2010-07-15,7022002.5,7325058.610635382,6982316.580750128,7114602.9782497,2
2010-07-16,7587228.5,7648561.302900618,7095363.472816611,7132644.196148359,4
2010-07-19,7433293.0,7748375.149490373,7383986.251415628,7555958.569648923,4
2010-07-20,7149481.0,7856612.173759461,7149481.0,7791671.555761144,3
2010-07-21,7441712.5,7489816.653199741,6926998.060762766,6936618.891402715,3
2010-07-22,6936619.0,7153087.692787795,6791103.93429265,7150682.485090153,2
2010-07-23,6756230.5,7067704.99261303,6741799.249377002,7024411.240744037,3
2010-07-26,6602294.0,6824775.673952642,6584254.945355192,6734580.400728598,1
2010-07-27,6584255.0,6687678.914155251,6479628.482191781,6495262.3296803655,2
2010-07-28,6732176.0,6825979.095391211,6533746.375133976,6623941.659163987,1
2010-07-29,6904146.5,7104981.278871276,6604698.236892527,6646789.358212855,3
2010-07-30,6852437.0,7198786.922077921,6734581.818181817,7074918.720779221,4
2010-08-02,6482033.5,6682868.304174397,6424308.5263450835,6611914.690723562,3
2010-08-03,6560203.0,6645587.860311641,6478425.950687443,6497667.609349221,2
2010-08-04,6368990.0,6545772.766238671,6338924.903700906,6462793.100453172,1
2010-08-05,6393041.0,6524124.797780286,6372596.737960872,6453171.18246802,1
2010-08-06,6421902.5,6717742.952247191,6381013.982209738,6619129.468164794,2
2010-08-09,6455577.0,6455577.0,6253539.56780924,6335316.623695976,1
2010-08-10,6436335.0,6614320.347533632,6359368.363228699,6456779.262892377,2
2010-08-11,6972697.0,7061689.683339083,6779077.78354605,6789901.218006209,2
2010-08-12,7145871.5,7426078.174436217,7066499.652305621,7381581.835577247,3
2010-08-13,7308223.0,7308223.0,7145871.493500083,7234864.171137075,1
2010-08-16,7264928.5,7511462.24317166,7117008.2540970035,7422469.574904816,2
2010-08-17,6972697.0,7148277.159020352,6794711.633321835,7118212.063297689,2
2010-08-18,6890918.5,7102576.729668412,6776671.1601221645,7032825.722164049,1
2010-08-19,7192775.0,7352721.342584852,6951051.5800033435,7023207.824778465,3
2010-08-20,7199989.0,7365948.325538667,7145871.828628696,7240877.529480541,2
2010-08-23,7400824.0,7403229.2076698085,6988330.884627884,7034029.830354241,2
2010-08-24,7812115.0,7901107.68934729,7578809.841440886,7638940.036945812,3
2010-08-25,7601657.0,8009339.601328904,7487409.663344408,7969653.684385383,3
2010-08-26,7865028.0,7877054.036697248,7456142.752293577,7504246.8990825685,3
2010-08-27,7543932.5,8176502.003427387,7525893.4457197515,7693055.348716723,4
2010-08-30,7782047.5,7810909.984932777,7481396.615283573,7683434.009813012,2
2010-08-31,7861420.5,8032190.227856815,7690650.772143184,7937184.534189995,3
2010-09-01,7192775.0,7554758.827955191,7106187.5062698545,7547543.203477679,3
2010-09-02,6960670.5,7197583.43857982,6930605.406271596,7155492.307360055,2
2010-09-03,6602294.0,6799520.997449909,6578241.927140255,6724959.5715847,3
2010-09-07,6722553.5,6757429.001162791,6585456.702325582,6672044.153488372,1
2010-09-08,6485641.0,6667234.137585759,6397850.940107547,6667234.137585759,2
2010-09-09,6408675.5,6448361.424469882,6295630.7454494275,6313669.802026646,2
2010-09-10,6349746.5,6479627.678409091,6313668.394886364,6387027.208617425,2
2010-09-13,6059920.5,6192206.916947807,6021437.178706093,6192206.916947807,2
2010-09-14,5994980.0,6126063.815446339,5895163.883650953,6089985.70110331,2
2010-09-15,5880732.0,6082769.418404908,5855477.322699387,6039475.68588957,2
2010-09-16,5802563.5,5950483.771606217,5790537.461658031,5905987.429740933,2
2010-09-17,5735216.0,5826613.864541832,5691922.274690711,5697935.292094778,2
2010-09-20,5442985.0,5696734.41117985,5408109.488510827,5682303.1650463985,4
2010-09-21,5469441.0,5517545.142480211,5333546.797493404,5435768.100263853,3
2010-09-22,5477859.5,5574067.789791438,5380448.6065861685,5519950.626783754,3
2010-09-23,5491088.5,5613754.077529566,5331142.207731056,5601728.040516864,4
2010-09-24,5177208.5,5333546.968060395,5154359.031591173,5315507.914053426,4
2010-09-27,5240947.0,5252973.037173015,5129104.8542909585,5150751.721202387,3
2010-09-28,5220503.0,5494696.661368349,5194045.716885511,5204869.150886892,4
2010-09-29,5261391.0,5331142.0121142855,5198855.609828572,5273417.036571428,3
2010-09-30,5339561.0,5444187.533108109,5095432.422747748,5189235.521396397,7
2010-10-01,5350382.5,5439375.151157564,5195246.662171274,5213285.713081591,3
2010-10-04,5545205.5,5623374.738234656,5351586.3099110825,5406906.078507916,4
2010-10-05,5131511.0,5353992.728380595,5100243.297632998,5353992.728380595,6
2010-10-06,5243352.5,5355194.651949542,5117079.102637615,5150752.008600918,5
2010-10-07,5210883.0,5326332.981075467,5156765.8213708745,5156765.8213708745,3
2010-10-08,5083406.5,5305888.213390111,5058151.819020581,5191640.847054648,5
2010-10-11,5091824.0,5137522.940009447,5014857.364194615,5085810.981577704,3
2010-10-12,4969158.5,5240946.936834463,4953524.651863504,5120686.566553727,6
2010-10-13,4859721.0,4931877.213808463,4793577.804008909,4883773.071269488,5
2010-10-14,4889786.0,4960739.608952288,4830858.426463354,4854910.497294638,5
2010-10-15,4575908.0,4828454.827858081,4575908.0,4710599.64152431,6
2010-10-18,4581920.5,4619201.217979003,4525398.121128609,4569894.461942257,4
2010-10-19,4752691.0,4857317.547823886,4651672.26417004,4756298.811993927,8
2010-10-20,4656482.0,4741866.8713842975,4548247.655991736,4714206.983471074,6
2010-10-21,4622810.0,4752691.238293444,4504954.802289282,4565085.005202914,6
2010-10-22,4525397.5,4638442.242226946,4515776.670874302,4615592.773053414,4
2010-10-25,4464065.0,4471280.622306035,4373869.721174569,4471280.622306035,3
2010-10-26,4426785.0,4579515.696821515,4395517.298288508,4533816.748166258,4
2010-10-27,4382288.0,4519384.82546652,4373869.773874863,4488117.128430297,4
2010-10-28,4355831.5,4468876.271120928,4323361.193401435,4331779.4210381005,4
2010-10-29,4383491.5,4389504.519890261,4312537.865294925,4365452.440329218,3
2010-11-01,4371464.5,4436405.100550206,4245191.110041265,4340196.803438789,5
2010-11-02,4237975.0,4284876.539443813,4200694.289160045,4270445.296538025,5
2010-11-03,4175440.5,4332981.601814516,4174237.8961693547,4218734.237903225,5
2010-11-04,4022709.25,4061192.567189836,3975807.707174888,4038343.0976083707,5
2010-11-05,4020304.5,4056382.613969489,3991442.0088244095,4014291.4810050856,3
2010-11-08,4005873.25,4068408.647478235,3989036.796832783,4040748.7601320925,2
2010-11-09,4075624.5,4122526.050752434,3939730.2632044847,3960174.5289170844,3
2010-11-10,4008278.0,4147780.02460246,3997454.5670567057,4052774.335433543,3
2010-11-11,4078029.0,4241583.097316426,4062395.1524624005,4194681.554703628,5
2010-11-12,4282472.0,4373869.8859870825,4098473.6242628475,4150185.5860713283,5
2010-11-15,4324564.5,4335387.937291435,4194683.25250278,4219937.939516129,3
2010-11-16,4544638.5,4595147.845594073,4351019.341889389,4423175.549880921,6
2010-11-17,4502547.0,4569892.788461539,4432796.004807692,4535017.290865385,4
2010-11-18,4288484.0,4360640.208637129,4197086.135726304,4353424.587773415,5
2010-11-19,4275256.5,4355830.95443038,4246394.008860759,4308929.406329114,3
2010-11-22,4173034.5,4345006.815129683,4173034.5000000005,4325765.157492796,4
2010-11-23,4361845.0,4438811.661152467,4277662.714364489,4295701.775572098,5
2010-11-24,4098473.5,4237975.5322769955,4072016.218016432,4237975.5322769955,4
2010-11-26,4185061.25,4200695.099497126,4099676.37966954,4181453.438577586,2
2010-11-29,4186262.75,4340195.99676817,4156197.6627405914,4197086.181413387,4
2010-11-30,4347412.5,4394314.045643154,4269243.25726141,4323360.425311203,4
2010-12-01,4082839.75,4152590.767820324,4002265.2983799702,4152590.767820324,4
2010-12-02,3945743.25,4059990.6162755257,3926501.58831149,4047964.577720207,4
2010-12-03,3912070.25,3993847.3102520746,3898841.6079003992,3992644.7064248384,4
2010-12-06,3916879.0,3951754.4961621123,3896434.7436291063,3912068.5867362604,2
2010-12-07,3914475.75,3922893.977419355,3776176.2995391707,3778581.507373272,3
2010-12-08,3859155.25,3952958.3380336557,3850737.024150826,3883207.3238547835,3
2010-12-09,3850737.0,3888017.714241099,3788201.6083697686,3797822.437851343,2
2010-12-10,3774973.0,3861560.466071998,3764149.5667410004,3820671.940426888,2
2010-12-13,3814659.25,3819469.6651954604,3724463.96508512,3728071.776481715,2
2010-12-14,3800229.5,3830294.606803797,3748517.5162974684,3790608.665822785,2
2010-12-15,3841115.5,3872383.190356919,3732881.1872260487,3803834.79226675,4
2010-12-16,3756934.0,3862763.1267605633,3738894.9443021766,3836305.845070422,3
2010-12-17,3746110.0,3766554.260032103,3712437.1011235956,3744907.3964687,1
2010-12-20,3736490.0,3817064.4544576765,3694398.8670743485,3730476.9810106214,2
2010-12-21,3670346.0,3719652.74508519,3670346.0,3696803.2778505897,2
2010-12-22,3669144.0,3690790.867256637,3655915.3588987216,3673954.4149459195,1
2010-12-23,3698007.0,3724464.2858536583,3677562.7336585363,3694399.1882926826,1
2010-12-27,3690791.25,3805038.616813294,3676360.003665689,3729274.573558162,2
2010-12-28,3710032.5,3728071.555915721,3660725.7471636953,3673954.3881685575,1
2010-12-29,3688386.0,3695601.6230844473,3665536.5268992498,3681170.3769155527,1
2010-12-30,3713640.5,3732882.160621762,3683575.4052784974,3683575.4052784974,1
2010-12-31,3749719.5,3797823.662924952,3718451.7940987814,3728072.6266837716,1
2011-01-03,3578949.25,3645092.4653057796,3503185.203377016,3640282.049647177,3
2011-01-04,3583759.0,3647496.995637584,3532047.041275168,3538060.0597315435,3
2011-01-05,3495968.75,3622242.1310629514,3495968.75,3618634.320175438,3
2011-01-06,3461094.0,3505590.3439888814,3458688.7922168174,3486348.681723419,3
2011-01-07,3464701.25,3568125.167910448,3441851.779763971,3447864.7982471366,4
2011-01-10,3427420.75,3515210.8253508774,3411786.9009649125,3493563.957456141,3
2011-01-11,3419003.0,3450270.702427014,3379317.069996482,3386532.6936334856,2
2011-01-12,3345643.5,3408178.892523364,3340833.0851905104,3363682.5555355856,2
2011-01-13,3334820.5,3364885.5964659215,3311971.0266858996,3339630.9154345472,3
2011-01-14,3261461.25,3355264.339048673,3259056.0425884956,3338427.8871681415,3
2011-01-18,3232599.0,3349251.5680803573,3222978.1696428573,3339630.7377232146,3
2011-01-19,3339630.0,3374505.5023406553,3221774.8541591647,3221774.8541591647,4
2011-01-20,3414192.75,3489956.8018668545,3372101.6100739697,3388938.066044382,6
2011-01-21,3493564.25,3500779.8732358003,3346846.5775387264,3362480.42788296,4
2011-01-24,3350454.25,3495969.3125448674,3350454.25,3477930.2552045947,5
2011-01-25,3336022.75,3419002.4074441236,3333617.5425378513,3400963.35147801,4
2011-01-26,3280703.25,3346846.4606854836,3255448.5695564514,3319186.572580645,4
2011-01-27,3220573.25,3266272.1982823005,3195318.5680545187,3248233.1397498134,4
2011-01-28,3462296.75,3505590.4919242794,3215762.9418200767,3225383.773358805,9
2011-01-31,3415394.25,3536857.2145246477,3387734.3669894366,3453877.565492958,11
2011-02-01,3220573.25,3349251.86753174,3200128.983663182,3340833.6402165797,7
2011-02-02,3233801.25,3254245.51227222,3197723.140107847,3243422.079304574,6
2011-02-03,3221776.0,3333618.1679731244,3203736.940649496,3255448.910787607,7
2011-02-04,3164050.25,3245827.2994108703,3156834.6279931585,3222977.829722539,7
2011-02-07,3119554.25,3155632.363916731,3067842.2867193525,3142403.7221472627,5
2011-02-08,3047398.0,3132782.868981847,3047398.0,3117149.0197316497,5
2011-02-09,3069045.0,3102717.907523511,3044992.923197492,3077463.2268808777,5
2011-02-10,3054614.0,3144809.2952755904,3047398.3763779528,3132783.255905512,6
2011-02-11,2994483.5,3096704.824297189,2987267.8771084337,3085881.389959839,5
2011-02-14,2970431.25,3000496.3436234817,2960810.420040486,2995685.9286437244,2
2011-02-15,2983660.5,3023346.431680774,2975242.272067715,2992078.7279322855,4
2011-02-16,2924732.0,2960810.1085526315,2901882.53125,2960810.1085526315,4
2011-02-17,2924732.0,2971633.5411184207,2910300.756578947,2970430.9375,3
2011-02-18,2941569.25,2980052.5762469335,2912706.7553147995,2925935.398712183,5
2011-02-22,3202533.25,3210951.474840406,3035371.3567405185,3057018.220615847,11
2011-02-23,3278297.0,3349250.6034482755,3167657.4827586203,3204938.189655172,10
2011-02-24,3225383.25,3349251.4359619687,3194115.5525727067,3260258.7586689037,8
2011-02-25,3089488.75,3174873.6084079407,3078665.3172440636,3168860.5902101984,6
2011-02-28,3075057.5,3124364.249120062,3025750.7508799373,3057018.4454438793,12
2011-03-01,3219370.0,3243422.073216287,3030561.225252148,3030561.225252148,13
2011-03-02,3168861.0,3231396.3973434535,3106325.6026565465,3227788.585958254,13
2011-03-03,2983660.5,3078666.215235792,2966824.0441354294,3078666.215235792,5
2011-03-04,3026953.75,3087083.9397099726,2975241.7868494242,2989673.032379817,6
2011-03-07,3148416.75,3230193.8084415584,2983660.029316272,2989673.0483193276,7
2011-03-08,3112338.0,3219369.7163833072,3070246.875579598,3164049.9528593505,6
2011-03-09,3176076.75,3225383.5075728893,3135188.2193297995,3149619.465448694,9
2011-03-10,3321591.25,3362479.7737146993,3262663.671705286,3286715.7444786383,9
2011-03-11,3265069.5,3384127.2828729283,3231396.591712707,3384127.2828729283,6
2011-03-14,3296337.0,3367290.623859905,3243422.4330536304,3316781.2645020066,6
2011-03-15,3431028.25,3616229.214072906,3376911.0851735016,3590974.537153873,10
2011-03-16,3676359.75,3752123.788027478,3463498.881256134,3518818.6550539746,14
2011-03-17,3581353.75,3584961.561030893,3459890.778626595,3504387.114674278,8
2011-03-18,3601798.25,3610216.476293823,3455080.591736227,3455080.591736227,5
2011-03-21,3402166.25,3456283.4225874864,3343238.662071403,3437041.7612230466,8
2011-03-22,3415394.25,3437041.114964789,3378113.538116197,3385329.1597711267,5
2011-03-23,3357670.0,3518818.9183381093,3328807.507163324,3451473.101719198,8
2011-03-24,3177279.0,3336022.689629069,3156834.7369417106,3286715.9375473126,7
2011-03-25,3158038.0,3166456.227722772,3090692.1782178218,3146011.9603960393,5
2011-03-28,3206141.5,3210951.9148537135,3111135.80663916,3114743.617779445,3
2011-03-29,3117148.25,3256650.2550154324,3114743.0430169753,3228990.3747106483,7
2011-03-30,3066639.25,3111135.5842156867,3053410.6100980393,3065436.6463725492,4
2011-03-31,3054614.0,3097907.7417322835,3044993.168503937,3082273.890551181,4
2011-04-01,3051006.0,3076260.681119432,2978849.768230193,3004104.4493496255,5
2011-04-04,3078665.5,3118351.4224609374,3014927.5033203126,3022143.1255859374,4
2011-04-05,3101514.75,3121959.0116324155,3043789.7759790616,3097906.9391236915,4
2011-04-06,3085881.5,3133985.654325799,3005307.0415042867,3034169.534099766,6
2011-04-07,3085881.5,3153227.3160561183,3025751.3070927514,3084678.896141855,7
2011-04-08,3132782.75,3177279.088483685,3035371.8468330135,3047397.8842610363,4
2011-04-11,3160442.25,3194115.150684932,3072652.1875,3096704.259417808,5
2011-04-12,3221776.0,3261461.9305711086,3180887.465472191,3207344.752519597,7
2011-04-13,3144809.0,3219370.43709369,3118351.715869981,3161645.453537285,7
2011-04-14,3160442.25,3247029.70890411,3148416.214041096,3210951.6010273974,8
2011-04-15,3180887.25,3239814.8398865783,3141201.322117202,3194115.892627599,6
2011-04-18,3242220.0,3400963.709198813,3241017.3961424334,3266272.0771513353,6
2011-04-19,3183292.0,3268676.8628636193,3183292.0,3219370.111069135,4
2011-04-20,2966823.0,3025750.574787191,2958404.775030401,3013724.5391163356,10
2011-04-21,2897072.25,2923529.5308219176,2875425.3838729765,2879033.194894147,6
2011-04-25,2874222.75,2905490.4451882844,2869412.3353556483,2889856.5975941424,3
2011-04-26,2826119.0,2869412.7378723403,2796053.904255319,2848968.4727659575,4
2011-04-27,2768394.0,2847765.852302346,2757570.5655951346,2808079.9261511727,5
2011-04-28,2785229.75,2814092.2344559585,2765988.0936960275,2792445.3711139895,4
2011-04-29,2782825.25,2799661.703543647,2757570.5696845287,2790040.8729472775,2
2011-05-02,2800863.75,2821308.0109489053,2747949.1922498927,2763583.038857879,4
2011-05-03,2838144.75,2892261.9168432206,2797256.223940678,2804471.846186441,6
2011-05-04,2854981.5,2924732.52232519,2814092.969671441,2836942.4425021065,6
2011-05-05,2897072.25,2927137.3418430886,2798458.74875467,2895869.6463262765,7
2011-05-06,2870615.0,2894667.073732719,2761178.064516129,2810484.815668203,7
2011-05-09,2839347.5,2888654.2545531555,2804471.990681914,2859791.7640830157,4
2011-05-10,2767190.5,2827320.6716644936,2756367.069100391,2812889.430465015,4
2011-05-11,2826119.0,2883843.983829787,2751557.5625531916,2776812.2429787233,5
2011-05-12,2776811.75,2900679.922477263,2765988.317453443,2856183.588674751,5
2011-05-13,2870615.0,2876628.0184331797,2781622.3271889403,2794850.9677419355,6
2011-05-16,3020940.75,3041385.014629777,2886249.1242038216,2910301.200238853,7
2011-05-17,2995685.75,3084678.4218185465,2993280.5426535527,3070247.1777398633,8
2011-05-18,2919921.75,3016130.044892916,2903085.29839374,3004104.0080313017,3
2011-05-19,2893464.0,2946378.55361596,2876627.5511221946,2887450.982543641,4
2011-05-20,2957202.75,2971633.9956283043,2895869.9560797075,2903085.5788938594,5
2011-05-23,3089488.75,3132782.4810237447,3055815.848092643,3083475.7318022577,9
2011-05-24,3147214.5,3149619.707871609,3066640.036301108,3066640.036301108,5
2011-05-25,3112338.0,3166455.1599690877,3069044.2720247293,3166455.1599690877,3
2011-05-26,3053410.5,3137592.750886176,3028155.824734147,3137592.750886176,3
2011-05-27,3007711.75,3046195.0670731706,2999293.524390244,3040182.048780488,3
2011-05-31,2867007.5,2970431.428271812,2865804.896182886,2918719.464135906,6
2011-06-01,3049803.0,3054613.4148264984,2862196.8217665614,2876628.0662460565,7
2011-06-02,3026953.75,3079868.3169447756,2995686.0513508148,3030561.5613825987,5
2011-06-03,3161645.25,3177279.0987067325,3064234.3465195894,3129174.9488398633,6
2011-06-06,3239814.75,3244625.1653674836,3133985.6119153677,3182089.7655902007,5
2011-06-07,3257853.5,3263866.518641565,3177279.0502030267,3214559.7657807306,4
2011-06-08,3328807.25,3357669.7406069366,3262664.0423591044,3279500.4952131505,6
2011-06-09,3311970.75,3357669.6928104577,3261461.392156863,3326401.9950980395,3
2011-06-10,3464701.25,3471916.872179799,3338427.861853523,3355264.313606387,5
2011-06-13,3465904.0,3499576.904927134,3409381.623872311,3451472.7550312285,5
2011-06-14,3334820.5,3385329.8620627476,3303552.799675442,3380519.4466282004,4
2011-06-15,3516414.0,3534453.059507524,3362480.6922024623,3422610.8905608756,8
2011-06-16,3563314.75,3648699.6123860953,3479132.4913094835,3514007.998481269,6
2011-06-17,3592177.0,3619836.8831603616,3447864.5661198525,3467106.223970539,6
2011-06-20,3536857.5,3623444.966848011,3503184.596225774,3623444.966848011,5
2011-06-21,3307160.0,3540465.1054545455,3296336.5672727274,3492360.96,10
2011-06-22,3375709.25,3380519.6657463484,3290324.370502316,3343238.9437121483,4
2011-06-23,3284311.0,3521223.9502013912,3279500.584767484,3483943.2321493956,13
2011-06-24,3457485.75,3473119.5986086954,3319186.32,3334820.1686086957,6
2011-06-27,3291527.0,3463499.364267446,3237409.8224333213,3447865.5129704056,7
2011-06-28,3143606.0,3280702.818668707,3138795.58530987,3263866.367253252,5
2011-06-29,3102717.25,3170063.050775194,3087083.403391473,3114743.285852713,6
2011-06-30,2984862.5,3075057.7810233682,2974039.0662771957,3069044.7622884773,5
2011-07-01,2844157.5,3000495.967230444,2834536.671247357,2970430.8773784353,9
2011-07-05,2804472.25,2854981.6129931393,2793648.815072899,2835739.9509005146,6
2011-07-06,2774406.75,2840549.953836151,2761178.10923277,2811687.4648894668,7
2011-07-07,2658956.25,2723896.8368385346,2637309.3877204885,2709465.5953188604,7
2011-07-08,2683008.5,2770798.558493949,2680603.2929179743,2728707.434558494,10
2011-07-11,2823713.5,2853778.5926320273,2725099.9961669506,2765988.5221465076,8
2011-07-12,2891059.75,2899477.977225458,2809282.6855241265,2824916.5360856904,7
2011-07-13,2854981.5,2886249.199663016,2765988.816343724,2826119.00800337,8
2011-07-14,2952392.5,2984862.804480652,2793648.789205703,2829726.9052953157,11
2011-07-15,2833334.5,2919921.9719864177,2832131.8962224107,2851373.556663837,8
2011-07-18,2883844.0,2963215.8532110094,2842955.469557965,2880236.188490409,7
2011-07-19,2681806.5,2796053.8621076234,2675793.480941704,2794851.2582959644,8
2011-07-20,2717884.5,2731113.1413716814,2637310.0480088494,2637310.0480088494,5
2011-07-21,2657753.25,2750353.70260181,2615662.1351809953,2707059.9845022624,7
2011-07-22,2578382.75,2670983.249883395,2568761.9188432833,2666172.8343050373,6
2011-07-25,2592813.75,2656551.7503478667,2554330.4290352506,2644525.712546382,6
2011-07-26,2573572.0,2614460.527102804,2549519.925233645,2601231.8859813083,5
2011-07-27,2770799.25,2792446.119140625,2621676.373697917,2626486.7890625,12
2011-07-28,2759975.25,2802066.3758169934,2654146.1336601307,2773203.8895424837,11
2011-07-29,2785229.75,2865804.185772884,2699844.9001511224,2826118.269645941,14
2011-08-01,2822510.75,2924732.0596506177,2667374.8800596506,2684211.3310609288,13
2011-08-02,3035371.75,3043789.975931062,2826118.705427892,2863399.4202654515,11
2011-08-03,2953595.25,3185697.808326547,2937961.3989210096,3025751.4857491856,14
2011-08-04,3355264.5,3356467.103763441,3063031.785483871,3082273.445698925,17
2011-08-05,3421408.25,3707627.99112478,3203736.93427065,3243422.8647627416,34
2011-08-08,4040749.0,4040749.0,3562112.6601190474,3732882.4095238093,34
2011-08-09,3462296.75,4200695.57059743,3451473.3145189304,3867574.2785689477,36
2011-08-10,3850737.0,3885612.5068707056,3535654.834478451,3689588.106183635,16
2011-08-11,3362480.0,3764149.642346209,3232598.7982832617,3719653.30472103,16
2011-08-12,3273487.5,3402166.1048861127,3212154.7070168993,3290323.9529757528,11
2011-08-15,3130378.0,3280703.489819439,3130378.0,3233801.9369957745,8
2011-08-16,3212154.25,3331212.007675028,3133985.01516286,3210951.6463871207,14
2011-08-17,3267474.0,3362479.6849466325,3114743.341921237,3197722.990798675,12
2011-08-18,3737692.25,3830292.733671171,3529641.8126608753,3529641.8126608753,31
2011-08-19,3943338.0,3957769.2461116193,3586164.6587374196,3860358.3348581884,27
2011-08-22,3913272.0,3943337.089121082,3660725.2513829134,3665535.665642286,19
2011-08-23,3427420.75,3872384.1456140354,3425015.5424561407,3819469.579649123,17
2011-08-24,3342035.5,3533249.4778697374,3320388.6345807845,3447864.619827276,10
2011-08-25,3501981.75,3540465.0659340657,3301146.9449690934,3354061.504378434,14
2011-08-26,3243422.0,3642686.4063774566,3204938.683722655,3539262.4938820913,19
2011-08-29,2969229.0,3147214.3754556505,2960810.772782503,3147214.3754556505,13
2011-08-30,2915111.25,3049802.858910891,2857386.2747524753,3006509.1274752477,15
2011-08-31,2899478.0,2968026.4222314395,2787635.8374118623,2857386.863542099,17
2011-09-01,2976444.25,2989672.8911111113,2803269.311818182,2870615.1211111112,14
2011-09-02,3179684.5,3228991.2566187596,3091894.421142209,3130377.7433812404,18
2011-09-06,3179684.5,3426218.2830937975,3165253.254160363,3405774.0181543115,19
2011-09-07,2936758.25,3069044.6576576577,2935555.646294021,3042587.376126126,10
2011-09-08,2977646.5,3006508.9862681744,2853778.329765751,2983659.5179725364,12
2011-09-09,3172469.25,3226586.4282600456,3004104.695413192,3041385.4182145568,13
2011-09-12,3049803.0,3284310.722791798,3047397.792586751,3280702.911671924,19
2011-09-13,2931948.0,3060626.603773585,2911503.735849057,3017332.867924528,10
2011-09-14,2809282.25,2970431.146190068,2705858.3315496575,2887451.490689212,14
2011-09-15,2679401.0,2800863.971723519,2666172.3595152604,2709466.092010772,12
2011-09-16,2608447.25,2678198.259912402,2597623.817427386,2661361.8092438914,12
2011-09-19,2601232.25,2765988.9852057328,2561546.3210818307,2702250.9781553396,19
2011-09-20,2634904.75,2654146.4095162028,2501415.737106344,2565153.7342537655,15
2011-09-21,2773204.25,2774406.8537510843,2555532.971053773,2600029.3098438857,18
2011-09-22,3041385.25,3165253.451166469,2911504.0293594305,2992078.4903123765,34
2011-09-23,2943974.5,3127972.90625,2905491.1732026143,3117149.470588235,17
2011-09-26,2844157.5,3099109.461945032,2828523.6532769552,2894666.850951374,16
2011-09-27,2759975.25,2811687.204575164,2624081.04379085,2701047.6738562095,24
2011-09-28,2882641.0,2895869.640383813,2663767.131831456,2717884.297037964,19
2011-09-29,2975241.0,3124363.8310428457,2734720.304769604,2743138.5291026677,30
2011-09-30,3203736.0,3213356.828828829,3022142.8558558556,3097906.882882883,27
2011-10-03,3459892.25,3459892.25,3143607.34845325,3293932.8720020857,29
2011-10-04,3241016.75,3665535.8270871984,3220572.488497217,3565719.726808905,32
2011-10-05,2996888.75,3340833.4460272873,2966823.654193419,3265069.404594703,27
2011-10-06,2845360.5,3044992.724429417,2844157.8962383773,3004104.196534235,19
2011-10-07,2900680.25,2956000.0225953567,2808079.7610903815,2844157.873652571,22
2011-10-10,2604839.25,2765988.1232686983,2603636.6464681444,2755164.6914819945,17
2011-10-11,2553127.5,2633701.9430051814,2529075.42746114,2622878.510362694,12
2011-10-12,2505024.0,2515847.435429669,2425652.1401824295,2473756.297647624,22
2011-10-13,2438880.25,2530278.1291913213,2429259.4206114397,2525467.7144970414,18
2011-10-14,2301783.25,2388370.7076802505,2301783.25,2348684.7895768024,21
2011-10-17,2408816.0,2444894.1228157766,2313810.2765851226,2336659.7543684477,26
2011-10-18,2316215.0,2486984.745586708,2280136.8847352024,2422044.138110073,29
2011-10-19,2454513.75,2472552.8025477706,2334253.3996815286,2354697.659235669,19
2011-10-20,2482173.75,2591610.6740552327,2447298.2467296515,2458121.67877907,23
2011-10-21,2395586.25,2462932.048192771,2345076.9013554216,2407612.2853915663,18
2011-10-24,2247666.5,2373939.8988764044,2226019.631621188,2370332.087479936,22
2011-10-25,2375142.5,2389573.7455696203,2264502.9506329116,2269313.365822785,28
2011-10-26,2379952.75,2515846.9696816574,2321025.1680141483,2335456.412582112,29
2011-10-27,2187536.25,2288554.9663276523,2145445.1181968115,2216398.7403793293,30
2011-10-28,2176712.5,2228424.4544198895,2168294.2748618782,2227221.850828729,15
2011-10-31,2286149.75,2288554.9575223564,2210385.713045765,2236842.9957916886,14
2011-11-01,2464134.5,2500212.603953148,2401599.1198145435,2453311.0688140555,34
2011-11-02,2401599.75,2470148.1654982474,2370332.051702554,2385965.9008512767,19
2011-11-03,2251273.5,2425650.9879807695,2242855.2764423075,2345076.5625,19
2011-11-04,2287351.75,2353494.939405889,2257286.6639064145,2288554.3534437437,18
2011-11-07,2236843.0,2359508.583870968,2232032.5849462366,2293365.3768817205,22
2011-11-08,2158673.75,2264502.88091922,2149052.9199164347,2192346.6552924793,20
2011-11-09,2381155.75,2405207.8282828284,2276529.209469697,2286150.0407828283,23
2011-11-10,2391978.5,2460526.9034690796,2308998.853695324,2312606.664404223,21
2011-11-11,2256084.5,2335456.342750533,2232032.426439232,2328240.7206823025,15
2011-11-14,2296973.25,2321025.32591623,2236843.060209424,2276528.985471204,12
2011-11-15,2222412.0,2323430.727272727,2192346.902597402,2315012.5,14
2011-11-16,2328241.0,2341469.6420454546,2218804.0521694217,2268110.8088842975,16
2011-11-17,2489389.25,2535088.1830917876,2343874.2262077294,2345076.829710145,26
2011-11-18,2550723.0,2562749.0396039602,2483377.1782178218,2486984.9900990096,24
2011-11-21,2693832.75,2770799.4000000004,2640918.178125,2648133.8015625,23
2011-11-22,2669780.5,2762380.99481982,2645728.4234234234,2719087.256981982,21
2011-11-23,2850171.0,2853778.811392405,2719087.1860759496,2729910.620253165,21
2011-11-25,2916314.25,2916314.25,2787635.64185567,2883843.9470103094,11
2011-11-28,2609650.5,2703453.6055299537,2601232.272580645,2702251.001612903,12
2011-11-29,2661362.25,2681806.5149118844,2557938.3216222324,2625284.135449616,13
2011-11-30,2373939.5,2468945.18414387,2358305.653242148,2443690.508611955,14
2011-12-01,2316215.0,2367926.9652128764,2296973.3385254415,2364319.153686397,8
2011-12-02,2334254.25,2339064.6657650694,2248869.3701700154,2252477.181993818,8
2011-12-05,2259692.25,2298175.5666577965,2212790.7078233105,2229627.1588610965,12
2011-12-06,2276528.75,2299378.2197569995,2233235.017828843,2248868.865557316,9
2011-12-07,2277731.25,2363116.106784583,2245260.952349525,2298175.5114836325,14
2011-12-08,2389573.25,2402801.8890286866,2266907.688097635,2316214.433568193,12
2011-12-09,2276528.75,2376344.854727945,2254881.8839144213,2370331.8363708397,10
2011-12-12,2347482.5,2407612.686987705,2345077.292520492,2347482.5,12
2011-12-13,2429259.5,2458121.9891089112,2278934.035891089,2304188.7138613863,14
2011-12-14,2541101.5,2583192.6275437768,2452108.830336015,2459324.4522006623,17
2011-12-15,2563951.0,2574774.432926829,2470147.9146341463,2473755.725609756,10
2011-12-16,2529075.25,2537493.4747979078,2419638.3276271992,2521859.6287446506,12
2011-12-19,2595219.5,2618068.976598703,2478566.9089434664,2500213.781510658,13
2011-12-20,2369129.25,2474958.3738578684,2359508.420558376,2474958.3738578684,18
2011-12-21,2464134.5,2548316.742557345,2404004.3267447534,2404004.3267447534,15
2011-12-22,2406410.75,2461730.5373563217,2402802.9377811095,2449704.496626687,8
2011-12-23,2342671.25,2406409.2254876797,2341468.6466889116,2390775.382443532,6
2011-12-27,2324632.75,2359508.2542679776,2300580.67809105,2354697.8398861876,8
2011-12-28,2399194.5,2419638.7639097744,2319822.6518796994,2327038.27443609,8
2011-12-29,2349887.75,2411220.541837257,2345077.3349539405,2390776.2778915046,6
2011-12-30,2367926.25,2367926.25,2333050.749111224,2364318.43956323,5
2012-01-03,2235640.75,2251274.601398601,2195954.819526627,2233235.5420925226,11
2012-01-04,2205575.25,2270515.8516902947,2195954.4201199566,2247666.380725191,10
2012-01-05,2149053.0,2241653.4930050364,2146647.7923894795,2218804.020705092,11
2012-01-06,2127406.0,2171902.338044093,2115379.962690786,2145445.0559638212,11
2012-01-09,2146647.75,2169497.22184874,2109367.032773109,2111772.2403361346,7
2012-01-10,2102151.25,2118987.701659039,2061262.7245423342,2078099.176201373,16
2012-01-11,2088922.625,2126203.339666091,2074491.380613126,2104556.47308578,12
2012-01-12,2060060.75,2120190.952860479,2056452.9378283713,2075694.6027437244,13
2012-01-13,2082909.625,2137026.791931293,2082909.6249999998,2093733.0583862585,15
2012-01-17,2032400.375,2051642.0353550296,2001132.6769230769,2029995.1674556213,13
2012-01-18,1949421.0,2026387.6526835286,1947015.7921036398,2019172.0289944478,15
2012-01-19,1909734.5,1930178.7610201512,1900113.6712846349,1920557.9323047858,19
2012-01-20,1916950.25,1938597.1160602258,1915747.6463299873,1936191.9087202006,7
2012-01-23,1916950.25,1949420.5490903386,1876061.7252195734,1916950.25,10
2012-01-24,1926571.125,1953028.4063670414,1910937.2769194758,1943407.5767790263,9
2012-01-25,1854415.125,1910937.505593385,1839983.8788910506,1870048.9749513618,16
2012-01-26,1873656.25,1897708.3199614892,1819539.0925866496,1829159.9205712453,18
2012-01-27,1856820.25,1886885.3447215026,1847199.4196891193,1886885.3447215026,15
2012-01-30,1852009.875,1924166.1038961038,1843591.6482954544,1898911.4237824674,13
2012-01-31,1843591.5,1878467.0078277886,1813526.4070450098,1824349.8405088063,9
2012-02-01,1800297.625,1831565.3192217767,1778650.7597695389,1812323.6612391449,15
2012-02-02,1782259.0,1802703.266531714,1764219.9412955467,1779853.7921727395,11
2012-02-03,1710102.125,1741369.8150492264,1702886.504219409,1730546.3838783402,14
2012-02-06,1711305.5,1741370.600140548,1710102.895994378,1725736.748067463,7
2012-02-07,1699279.0,1737762.3177636235,1692063.3779193205,1714912.847841472,8
2012-02-08,1676429.375,1718520.49991033,1675226.7714311334,1699278.8428084648,10
2012-02-09,1637946.125,1686050.269640235,1631933.1069199706,1657187.782856094,13
2012-02-10,1671619.75,1688456.207913669,1658391.104496403,1674024.9582733812,13
2012-02-13,1624718.0,1657188.3079200592,1618704.9800148038,1634338.8319763138,9
2012-02-14,1612691.625,1653580.1524049216,1611489.0212527965,1640351.5111856824,12
2012-02-15,1648769.875,1653580.290390226,1563385.0018234865,1588639.6826221736,28
2012-02-16,1577816.125,1657187.9727515245,1573005.709984756,1646364.5389672257,21
2012-02-17,1593450.0,1612691.6603773586,1574208.3396226414,1575410.9433962265,9
2012-02-21,1579019.0,1609084.0990099008,1558574.7326732671,1588639.8316831682,14
2012-02-22,1599463.125,1607881.3519736843,1575411.047932331,1589842.2941729324,9
2012-02-23,1569398.0,1617502.153256705,1562182.3770114942,1597057.8881226054,12
2012-02-24,1552562.0,1565790.6460108443,1544143.7707203717,1554967.208365608,10
2012-02-27,1547751.0,1598260.3566433566,1530914.5477855478,1581423.9044289044,13
2012-02-28,1500849.625,1547751.17578125,1499647.021133814,1541738.1564503205,14
2012-02-29,1520091.25,1533319.8922072784,1480405.3233781646,1494836.5694224683,19
2012-03-01,1481607.875,1515280.78125,1479202.6674107143,1499646.931919643,11
2012-03-02,1486418.125,1500849.3689320388,1471986.881067961,1486418.125,11
2012-03-05,1530914.625,1545345.870483111,1484013.0771798901,1492431.3037117047,15
2012-03-06,1576613.625,1600665.701659039,1566992.7943363846,1577816.228832952,21
2012-03-07,1541738.25,1562182.5169656787,1529712.2106084244,1556169.4972698907,12
2012-03-08,1490026.0,1522496.3002421306,1477999.962873285,1512875.4705407587,14
2012-03-09,1473189.625,1486418.2665306123,1464771.3985714284,1484013.0589795918,10
2012-03-12,1470784.625,1491228.8920686836,1464771.6052739166,1473189.8328904333,7
2012-03-13,1386602.125,1452745.3313096273,1386602.125,1445529.7088031224,20
2012-03-14,1370968.125,1397425.4046052631,1357739.4851973683,1382994.1611842103,16
2012-03-15,1361347.375,1380589.0340106008,1351726.5454946996,1360144.7713118375,16
2012-03-16,1363752.5,1372170.725308642,1354131.671075838,1355334.2746913582,11
2012-03-19,1333687.75,1367360.6598286745,1325269.5225428315,1357739.8284490532,13
2012-03-20,1326472.0,1364955.3218495015,1322864.1885766094,1352929.2837715324,15
2012-03-21,1326472.0,1331282.4152311878,1304825.1314596555,1325269.3961922033,20
2012-03-22,1334890.25,1351726.7036036036,1325269.4193693695,1351726.7036036036,20
2012-03-23,1336092.625,1358942.0938343834,1328877.0032628262,1330079.6068856886,11
2012-03-26,1265139.125,1312040.6705085551,1265139.125,1310838.0667775664,18
2012-03-27,1260328.75,1263936.561307252,1244694.9010019084,1261531.353769084,11
2012-03-28,1274760.0,1296406.8679245284,1244694.9056603773,1259126.1509433961,14
2012-03-29,1290394.0,1316851.2861137,1275962.7530288908,1295204.4156570362,13
2012-03-30,1297609.75,1312040.998378128,1271152.4613067657,1272355.0653382763,8
2012-04-02,1256721.0,1308432.9645933015,1251910.5846889953,1301217.3416267943,10
2012-04-03,1257923.5,1278367.7633843212,1239884.4440726577,1253113.085086042,13
2012-04-04,1309635.375,1330079.6370523416,1283178.0946969697,1287988.5092975206,16
2012-04-05,1284380.75,1319256.2572565544,1281975.5426029963,1316851.0498595505,13
2012-04-09,1314446.0,1338498.0768526988,1298812.1500457455,1333687.661482159,18
2012-04-10,1375778.875,1389007.5180288462,1301217.4324737764,1315648.6794143356,26
2012-04-11,1357739.375,1367360.203166519,1328876.890500443,1339700.322187777,16
2012-04-12,1309635.375,1352929.1064049588,1304824.960399449,1348118.6918044076,16
2012-04-13,1369765.625,1370968.2287093943,1322864.080333626,1325269.2877524144,17
2012-04-16,1411856.75,1427490.5981686541,1345713.54620954,1346916.1499148211,21
2012-04-17,1328876.625,1403438.028393665,1316850.59219457,1395019.8054298642,19
2012-04-18,1338498.125,1350524.16385894,1314446.0472821204,1342105.936657682,15
2012-04-19,1380589.25,1398628.3081445992,1304825.205792683,1351726.7569686412,26
2012-04-20,1397425.75,1401033.561746988,1343308.5737951808,1362550.2364457832,18
2012-04-23,1431098.625,1471987.1571428573,1427490.8133403363,1434706.436659664,20
2012-04-24,1456353.5,1474392.5606936417,1423883.190751445,1439517.0433526011,16
2012-04-25,1339700.5,1372170.7993716337,1338497.896319569,1367360.3846499103,20
2012-04-26,1315648.5,1345713.59369287,1307230.2737659963,1339700.574954296,20
2012-04-27,1294001.5,1320458.7797397769,1280772.8601301115,1301217.1217472118,16
2012-04-30,1319256.25,1322864.0610756609,1296406.7798541477,1306027.6093892434,10
2012-05-01,1313243.125,1330079.5753205128,1269949.3956043955,1324066.557348901,17
2012-05-02,1303622.25,1342105.5636531366,1300014.4393450185,1336092.545894834,13
2012-05-03,1342105.875,1354131.9133064516,1296406.9294354839,1298812.137096774,17
2012-05-04,1443124.25,1443124.25,1375778.4516666667,1380588.8658333332,26
2012-05-07,1439516.5,1471986.7969924812,1419072.23893066,1469581.589807853,20
2012-05-08,1456353.5,1526104.5346820808,1441922.2514450867,1468379.5404624278,34
2012-05-09,1463568.75,1523698.9369350863,1445529.6939194743,1506862.4845932622,35
2012-05-10,1479202.625,1494836.4738821138,1447934.9272357724,1449137.530995935,4
2012-05-11,1479503.125,1497241.5286527127,1431699.6304104857,1493934.3686496646,46
2012-05-14,1520692.625,1526705.6444741006,1485215.8101028076,1514378.9545521946,60
2012-05-15,1535123.625,1542639.8981345475,1470183.0251175088,1505058.5324618097,65
2012-05-16,1567594.125,1575110.399093786,1505359.3755034523,1517686.065017261,43
2012-05-17,1666809.0,1666808.9999999998,1557372.0454545454,1566992.8766233765,68
2012-05-18,1726638.5,1734154.7741598466,1637345.1629810203,1649972.503569563,76
2012-05-21,1586534.875,1726938.851999242,1580822.50762744,1721527.1355410272,59
2012-05-22,1592547.875,1625018.1733764394,1552861.9547621293,1573907.5185246365,50
2012-05-23,1581424.0,1672521.2380228138,1569999.263878327,1630730.7558935361,74
2012-05-24,1610587.0,1647567.063655031,1570299.7761806983,1573907.587268994,69
2012-05-25,1620208.375,1632835.7180599368,1599162.8032334384,1609986.2401419557,40
2012-05-29,1557372.0,1602168.9938223937,1534221.8756756757,1573005.8501930502,40
2012-05-30,1595254.125,1624417.2705192235,1579620.2737938184,1599763.889771014,42
2012-05-31,1617201.375,1652678.1852342442,1590142.7909230338,1602469.4792247629,58
2012-06-01,1747984.375,1747984.375,1674625.553620571,1702285.4370915033,61
2012-06-04,1706795.375,1777147.6944909284,1697775.8468601375,1730847.4500396338,66
2012-06-05,1684547.125,1726036.9524585044,1674926.2954444047,1723631.7450696055,39
2012-06-06,1567594.125,1651175.0929228999,1564888.266326237,1645462.7246116225,51
2012-06-07,1586234.625,1590443.7388646703,1518588.1521749431,1520091.407126611,47
2012-06-08,1539332.75,1609685.0670898438,1534822.9860839844,1596155.775341797,37
2012-06-11,1611789.25,1620808.775741466,1503254.2902443572,1505960.1479667972,45
2012-06-12,1559777.125,1627724.2395431765,1557672.5683548574,1597057.8427139553,52
2012-06-13,1592547.875,1607881.0714555408,1537228.1073956955,1573907.5185246365,44
2012-06-14,1572404.5,1616900.8414913956,1555267.3955066921,1592548.1140535371,55
2012-06-15,1511372.5,1561881.865426696,1508666.6411378556,1561581.2144420133,37
2012-06-18,1473490.25,1540535.4093042237,1461464.2124566415,1531816.5320852888,36
2012-06-19,1426287.875,1453045.805201307,1407948.170030565,1450339.9470910626,33
2012-06-20,1421477.375,1453647.019484983,1404640.9255499153,1418470.8661696278,41
2012-06-21,1527607.5,1533319.8681361936,1421477.7130486125,1428092.0340484155,44
2012-06-22,1480104.5,1524901.4877107453,1474091.481515336,1513777.4035141172,30
2012-06-25,1566391.375,1577816.1105566218,1514980.0649952015,1515882.0178023032,66
2012-06-26,1535724.875,1570901.0320820282,1522496.2347298355,1550156.1189310884,33
2012-06-27,1508365.625,1523097.5196830775,1487921.3629908313,1517084.5014450867,23
2012-06-28,1555568.125,1604874.8842771552,1538731.6706126789,1542640.133238307,48
2012-06-29,1410654.0,1481006.3094629156,1410654.0,1467777.6700767265,46
2012-07-02,1396523.5,1429895.7515608182,1395922.1981700754,1404941.7256189452,31
2012-07-03,1363452.125,1402536.750413451,1363452.125,1396824.3820837927,15
2012-07-05,1360445.25,1388105.131325967,1340000.9898895028,1367059.569447514,38
2012-07-06,1410654.0,1439516.4859335038,1375477.8452685422,1378183.7033248083,47
2012-07-09,1418170.5,1438915.4150943398,1401334.0471698113,1416667.2452830188,30
2012-07-10,1457555.625,1475594.6797648515,1384497.4532023515,1394418.9333230199,47
2012-07-11,1483411.5,1519489.607012566,1453346.4108228618,1465372.4464937171,52
2012-07-12,1525803.5,1565489.4235467978,1507463.7929064038,1518587.8775369457,61
2012-07-13,1457255.25,1515581.5381163608,1446131.1641221375,1512875.679389313,35
2012-07-16,1468680.0,1484915.1525076765,1446431.8280450357,1466274.792221085,29
2012-07-17,1445229.375,1507764.7837788642,1430798.126820262,1441320.911951321,37
2012-07-18,1385399.625,1455150.6477864585,1373373.5865885417,1455150.6477864585,49
2012-07-19,1340301.625,1364353.6954351726,1327072.986260655,1358040.02694594,46
2012-07-20,1390811.125,1394418.9359597925,1340001.1206495892,1341203.7243028535,44
2012-07-23,1443124.25,1505058.3323958332,1429294.3092708332,1473790.6403124998,49
2012-07-24,1476797.625,1503856.2134059446,1430497.373727606,1437712.9973025243,46
2012-07-25,1506862.625,1533620.5606793696,1478902.0854698722,1511372.3894403432,40
2012-07-26,1449438.0,1475293.9775980087,1419673.56067206,1441320.4256378345,38
2012-07-27,1341805.125,1428392.5944151916,1336694.05909702,1415765.255125476,44
2012-07-30,1348720.5,1360145.2389656708,1316250.1892554613,1333086.6466785555,52
2012-07-31,1349922.5,1351425.754454343,1324367.1742761694,1341203.6241648106,37
2012-08-01,1357439.0,1376380.0093023255,1318955.6795127352,1319556.9813953487,40
2012-08-02,1373373.625,1404040.0238069177,1333687.6971322242,1393216.588933888,62
2012-08-03,1295204.0,1321661.2776230269,1277766.2488393686,1307831.3370473536,64
2012-08-06,1266041.5,1283479.2599145095,1248904.3911184992,1276864.9371883164,40
2012-08-07,1234172.0,1255518.2148599268,1218538.152496955,1248903.8947624848,44
2012-08-08,1236276.5,1249204.4886916343,1227557.623905642,1243792.7724951361,42
2012-08-09,1226054.75,1242590.554622364,1219440.4281510545,1235976.2327734183,29
2012-08-10,1221244.125,1246198.1531573117,1221244.125,1237178.624907681,29
2012-08-13,1212825.875,1241688.3648363906,1212825.875,1221845.403073872,23
2012-08-14,1211623.25,1221544.730707196,1192080.939516129,1200198.5146401986,33
2012-08-15,1202603.625,1214930.31215625,1196891.2577812502,1214028.3594375001,25
2012-08-16,1159309.875,1192982.7759336098,1150590.9988654044,1189374.9651192946,46
2012-08-17,1143675.875,1159309.7197686646,1143375.224139064,1152094.099106204,34
2012-08-20,1138264.375,1159009.2883320127,1137963.7240821447,1146081.2988642366,29
2012-08-21,1152996.125,1165623.4619621905,1115414.764993481,1128042.1019556713,44
2012-08-22,1138865.625,1168630.0645129357,1131048.7014915524,1160211.8391961458,37
2012-08-23,1164120.5,1173741.3305785125,1142473.631198347,1152695.7636880165,31
2012-08-24,1144878.875,1179153.0850183824,1135258.044117647,1173741.3676470588,27
2012-08-27,1138865.625,1145479.9448917636,1124735.03250396,1127741.5415456707,25
2012-08-28,1137964.0,1152395.2475561427,1129245.121268164,1141271.160898283,27
2012-08-29,1137964.0,1151793.9455746368,1128944.470277411,1136460.7450462352,21
2012-08-30,1172538.5,1177348.9143589744,1151192.2862820514,1152394.889871795,27
2012-08-31,1149989.875,1183362.1301960784,1133454.072875817,1145179.4598366013,54
2012-09-04,1150891.625,1185466.4778931555,1138865.5892110763,1153898.1339472309,38
2012-09-05,1155702.5,1164722.0304370446,1138565.392169615,1154199.244927159,33
2012-09-06,1079336.875,1135257.9498607242,1077833.620299443,1134957.2989206128,56
2012-09-07,1082944.75,1091964.2787340365,1077232.3818017768,1084748.6557468073,29
2012-09-10,1123231.625,1126238.133632227,1084447.663644272,1091362.633498394,32
2012-09-11,1128643.625,1134957.2947189664,1110905.2195990942,1124434.5118540223,33
2012-09-12,1118120.625,1139767.4884041408,1110905.0038652862,1118120.625,41
2012-09-13,1073924.875,1120225.1075727884,1059794.2845394737,1116316.6463815789,64
2012-09-14,1044762.0625,1062801.1196942446,1033337.3262769784,1060696.5630215828,53
2012-09-17,1043860.125,1054683.5594758063,1042657.5211693548,1043258.8230846773,44
2012-09-18,1041454.8125,1052578.8968136546,1039650.9069356235,1052578.8968136546,38
2012-09-19,1034539.9375,1050173.7871803255,1026723.0126598373,1041154.2585185993,41
2012-09-20,1037546.25,1057990.5110837438,1035441.6937119676,1050774.8895247756,42
2012-09-21,1037245.75,1039951.6084782609,1020108.6463043479,1022814.5047826087,33
2012-09-24,1057088.5,1068813.8843856656,1049572.2279579067,1063402.1685153584,47
2012-09-25,1098879.0,1100983.5562243504,1039951.4257181943,1046565.7452804378,50
2012-09-26,1125937.75,1143074.853271028,1102186.3261682242,1104290.8827102804,72
2012-09-27,1079036.5,1123833.5015324603,1071820.875592087,1118121.1322095292,52
2012-09-28,1105794.25,1108500.1086867864,1080539.5689233278,1090461.0507748777,54
2012-10-01,1109702.5,1121427.8853969113,1069715.929287456,1089558.8891899213,41
2012-10-02,1100683.125,1127140.4085290905,1085951.2284894837,1096474.011711281,58
2012-10-03,1081141.125,1105493.8589057284,1074827.4532466629,1091363.2602196885,53
2012-10-04,1068814.125,1084748.6253164557,1060395.8984177215,1074225.8420886076,35
2012-10-05,1085650.5,1093768.075048463,1048069.1340348934,1053480.8507338688,44
2012-10-08,1114813.375,1122930.948118932,1097976.9270496224,1105493.198456041,40
2012-10-09,1169231.625,1176447.2482964771,1124133.9793970173,1124133.9793970173,55
2012-10-10,1186067.875,1192381.544296578,1160512.5468948036,1169832.7253802281,41
2012-10-11,1198996.25,1199597.5520310933,1157506.4098545637,1159610.9669633901,37
2012-10-12,1199597.25,1206211.5706766918,1178251.0332706769,1197492.6934210528,35
2012-10-15,1173741.25,1207414.1547131147,1167728.2313012294,1184564.6836577868,34
2012-10-16,1120526.25,1168029.1068553797,1118722.3440434665,1167427.8048698686,40
2012-10-17,1125035.875,1144578.1870991448,1114212.4406066274,1140669.7246793157,48
2012-10-18,1162316.375,1176146.3163476463,1124434.361743404,1136761.048596741,68
2012-10-19,1247099.75,1251308.8619816778,1165623.3680689489,1167427.2732039536,97
2012-10-22,1227858.5,1256720.9916748286,1217636.3675318314,1250106.6706660136,56
2012-10-23,1263335.5,1273858.2849833411,1230865.192051404,1257322.4800095193,78
2012-10-24,1277766.5,1281374.3112941177,1235374.7172941177,1240786.4342352941,40
2012-10-25,1274459.375,1286786.0639301722,1242590.374351262,1249204.6952406229,47
2012-10-26,1262734.0,1305426.4352380952,1248603.4052380952,1275661.990952381,53
2012-10-31,1286786.0,1300916.5939252337,1262733.925233645,1266943.038317757,29
2012-11-01,1231466.375,1273557.5108642578,1224551.4026794434,1264838.6327209473,39
2012-11-02,1273256.625,1274459.2286599763,1213126.4420011805,1215531.6493211333,30
2012-11-05,1245596.75,1278067.0490586532,1238381.127986966,1270550.7761284094,35
2012-11-06,1237779.75,1253112.9458343454,1213427.027204275,1240184.957189701,46
2012-11-07,1324968.75,1341203.9014635808,1274158.7389380531,1276563.9465622874,74
2012-11-08,1388706.75,1388706.75,1305727.0870859493,1315949.219473912,59
2012-11-09,1370968.125,1388706.5283717103,1326471.791118421,1386301.3211348683,74
2012-11-12,1370667.5,1382693.5364114938,1342406.3144329898,1346314.7762667253,31
2012-11-13,1399530.125,1412458.115413534,1360746.1537593985,1405242.492857143,68
2012-11-14,1449137.875,1455451.5462396264,1375478.3772043567,1380288.7933869294,54
2012-11-15,1464771.375,1479803.9219519703,1431699.771705665,1447634.2714747535,73
2012-11-16,1448235.5,1514679.3541623417,1432601.651961802,1459960.8860286486,70
2012-11-19,1340903.25,1398327.5820067264,1338498.0423766817,1398026.9310538117,47
2012-11-20,1340602.5,1378484.5172684458,1334589.481385961,1341203.801861404,38
2012-11-21,1331282.25,1351726.512195122,1326171.1844512194,1336393.3155487804,25
2012-11-23,1270851.625,1310236.9012893303,1270250.3230719185,1306027.7877927606,32
2012-11-26,1254014.875,1291896.887526972,1252812.2714277152,1278066.9464456965,37
2012-11-27,1266943.125,1272655.4931478405,1241688.4447674418,1257322.2944352159,46
2012-11-28,1235675.25,1308132.119890511,1231466.1372262773,1286184.6032846714,69
2012-11-29,1212825.875,1230564.2802119483,1199296.5828891918,1215531.7334221615,58
2012-11-30,1216734.375,1228459.7618606375,1208316.1485359524,1212224.6108228317,40
2012-12-03,1223649.25,1226355.1082923834,1186368.5357493858,1189675.695884521,53
2012-12-04,1230263.5,1251008.4123900293,1219740.7183528836,1222446.5764907135,55
2012-12-05,1267544.125,1287988.385080645,1232668.6225094877,1232969.2733930266,59
2012-12-06,1244694.625,1289792.2563405798,1233570.542602657,1278668.1739432367,43
2012-12-07,1265439.875,1278067.2151639345,1220642.8825136612,1224250.693989071,35
2012-12-10,1253413.75,1275962.57016071,1234773.3920004796,1275661.9192252338,28
2012-12-11,1205009.0,1231165.63248503,1183963.4336327345,1228159.123003992,63
2012-12-12,1214028.5,1222446.726349678,1185466.6605993065,1186669.2643635462,61
2012-12-13,1240786.375,1257021.5250484613,1194486.1322692027,1219139.5082687181,47
2012-12-14,1275962.5,1289191.1404335534,1254616.2847549482,1264537.7650801132,36
2012-12-17,1224851.75,1278367.6094747176,1224551.0991040745,1273256.5442439863,37
2012-12-18,1168630.25,1217636.3551582196,1163819.8347697454,1205009.015178801,70
2012-12-19,1185466.375,1186067.6767372559,1158407.7968234846,1160512.3529038804,52
2012-12-20,1184564.625,1202603.6802030457,1175845.748318528,1178852.2575190356,54
2012-12-21,1221544.625,1254616.2244954465,1217636.1632414472,1239283.0283657396,44
2012-12-24,1231165.75,1237178.7695360195,1225453.3814407815,1231767.051953602,10
2012-12-26,1260929.875,1273557.2128040057,1223348.5124880783,1228760.2286897951,21
2012-12-27,1266341.75,1314145.2491096866,1253113.108736942,1258825.4765550806,59
2012-12-28,1303020.875,1304223.4784840792,1265138.8652514997,1292798.7453853253,33
2012-12-31,1219139.625,1314145.326972873,1212224.653020962,1309034.260727497,50
2013-01-02,1103088.0,1143675.8659035158,1103088.0,1131048.5298446442,68
2013-01-03,1119624.25,1130447.6852846402,1097075.426490333,1104291.0500134265,54
2013-01-04,1130748.25,1139467.1277585747,1119323.513626695,1119323.513626695,34
2013-01-07,1128643.625,1150891.7944858817,1125336.4646710176,1142172.917254928,31
2013-01-08,1134957.5,1154800.4655629138,1122630.809271523,1131650.3390728475,32
2013-01-09,1124735.125,1134656.6056535686,1114813.6443464316,1131950.7472935044,28
2013-01-10,1104290.875,1135558.5719779471,1098879.1582153554,1101885.667540158,30
2013-01-11,1099781.25,1112408.5907599782,1097977.344177146,1104892.3164980863,22
2013-01-14,1113911.875,1128042.4709851553,1105794.298582996,1116918.3847840757,28
2013-01-15,1130146.875,1144878.7709497206,1125937.7618715083,1130146.875,31
2013-01-16,1116617.5,1131650.0457727518,1105794.0670436188,1124434.423801831,26
2013-01-17,1100081.625,1108800.5009565456,1088055.5891978682,1103088.1339505329,43
2013-01-18,1108199.25,1122931.1445333695,1104892.090002713,1111506.4099972872,40
2013-01-22,1101885.75,1124735.2225784448,1100683.1461800819,1104892.2595497954,34
2013-01-23,1082944.75,1088957.7691560243,1072722.6174347585,1083546.0519156023,34
2013-01-24,1126539.0,1131950.7165732586,1097676.5116092875,1125637.0472377902,42
2013-01-25,1110003.5,1122330.1910888408,1100082.016928494,1116617.8220476706,34
2013-01-28,1103990.125,1113310.3030705338,1091062.136063453,1108199.2376770151,36
2013-01-29,1102486.875,1127741.551165803,1094669.9514248704,1106395.3367875647,59
2013-01-30,1106395.625,1115715.8055366848,1085650.70703125,1096474.1424932065,52
2013-01-31,1115414.875,1118722.0350067385,1092264.7549528303,1107898.6022574124,41
2013-02-01,1076630.875,1105794.0123568836,1070918.5078888577,1091362.769128735,53
2013-02-04,1132852.75,1133153.4009421444,1085951.2030254777,1095872.684116242,43
2013-02-05,1083245.25,1125637.0291423814,1072421.817027477,1118120.756244796,41
2013-02-06,1093166.75,1102486.9285616062,1078735.5057755776,1093166.75,44
2013-02-07,1090160.375,1125937.8390444017,1086552.5634997243,1088356.469249862,39
2013-02-08,1056787.75,1075728.753769559,1049572.1295163585,1072421.5943812232,47
2013-02-11,1056787.75,1066107.926458037,1053179.9397581792,1054382.5431721194,23
2013-02-12,1069115.125,1071520.3333802025,1053180.6194811587,1059794.9425267153,26
2013-02-13,1057088.5,1067009.9790955633,1045062.4647326508,1058892.4052901024,28
2013-02-14,1058892.75,1073323.9970187393,1053481.0323679727,1070618.1382027257,23
2013-02-15,1067611.375,1076029.6004294564,1050774.924141087,1057990.545937764,26
2013-02-19,1043860.125,1061598.5315020161,1043258.8230846773,1059794.6257560484,30
2013-02-20,1090461.25,1091964.5051006342,1043559.690860215,1044160.9929004686,42
2013-02-21,1127741.625,1139166.3602039458,1100683.041622234,1104591.5036656891,55
2013-02-22,1094068.75,1120826.683154713,1093467.4481313548,1107898.6929788403,34
2013-02-25,1134656.75,1137061.957737149,1060696.612082671,1070317.4430312666,53
2013-02-26,1121427.75,1151492.8371313673,1114212.1290884719,1128342.7200402145,71
2013-02-27,1086252.0,1125336.6277331857,1065507.0822031554,1121127.513977304,55
2013-02-28,1091964.25,1093166.8537995594,1062500.456910793,1086853.183851872,35
2013-03-01,1077232.375,1120526.112650014,1074225.8654409712,1104591.6119871615,49
2013-03-04,1062801.0,1094369.3465346536,1062801.0,1089258.2809052335,43
2013-03-05,1017402.875,1046265.3679078014,1013795.0633865248,1045363.4150044326,54
2013-03-06,1025219.625,1029128.0869134897,1007180.5700146627,1008383.1736803519,35
2013-03-07,1016801.625,1027324.4094101123,1012291.8602528089,1022513.9936797752,25
2013-03-08,1012892.9375,1025219.625074206,1002370.1554244583,1006278.617338231,26
2013-03-11,1004474.5625,1026422.076137384,1003873.2607565101,1016199.9464980545,23
2013-03-12,1016801.625,1029428.9662921347,1006880.1425561797,1012893.1622191011,31
2013-03-13,1019507.25,1030030.0319964612,1007781.8643468004,1011690.3262312002,42
2013-03-14,1009285.3125,1015598.9829088472,1002670.9911193029,1009285.3125,26
2013-03-15,1017402.875,1025219.8001625296,1005677.4872562056,1006579.4401595744,31
2013-03-18,1024919.0,1052278.2340862423,1011991.0102669405,1044761.9609856263,46
2013-03-19,1028226.1875,1057088.6769736842,1008984.5278508771,1015598.8483552631,63
2013-03-20,1008984.625,1022513.9182434445,1001468.3509758641,1008082.6721171037,39
2013-03-21,1041454.8125,1049572.3875396939,1027925.5207671766,1034239.1902424942,41
2013-03-22,1012892.9375,1033337.1998181953,1010187.0792520036,1029729.3888208667,47
2013-03-25,1023115.1875,1037546.4331655891,996357.2528283866,1002670.922807082,55
2013-03-26,1006579.25,1018003.9846176822,1005977.9481780167,1011690.3154868578,32
2013-03-27,1001468.3125,1030932.1055426298,1000867.0106011708,1025821.0394025819,44
2013-03-28,995154.9375,1009886.8383874623,992148.4271148037,1002671.213462991,33
2013-04-01,1014997.375,1022814.2979117299,990344.0027399289,992749.209789692,48
2013-04-02,990945.3125,1003271.9987295207,981625.1351069479,1001768.7443112865,64
2013-04-03,1015599.125,1025219.9574452338,985534.0236086441,988239.8827338661,45
2013-04-04,1015899.5,1033637.9050014798,1010187.1322876591,1019206.6602545131,31
2013-04-05,1042356.75,1072121.1913758293,1038147.6370781655,1065807.5219930776,54
2013-04-08,1025821.0,1050173.7259671746,1025219.6981242673,1041454.8487690504,39
2013-04-09,1005076.125,1031834.0595273707,993050.0870101706,1016500.8610903381,66
2013-04-10,946449.1875,996056.5940875158,942540.7251628017,995154.6412404701,89
2013-04-11,946148.625,956671.4091992374,941338.209366063,953965.5504051478,53
2013-04-12,948253.0,971102.469879518,947651.6981610653,954266.0183893469,48
2013-04-15,1005978.3125,1008383.5206589958,955468.941161088,962083.2635983264,85
2013-04-16,963886.9375,994252.6831916719,962383.6827627885,987037.0604530567,47
2013-04-17,1021311.1875,1038448.2901457169,989742.8405210479,991246.0951390933,91
2013-04-18,1064604.875,1077232.2132519062,1012892.9183493364,1013193.5692600961,92
2013-04-19,1018003.9375,1062800.9211643534,1013794.8249409334,1057088.5541199055,61
2013-04-22,989141.5625,1020409.2593085106,978017.4780585106,1008082.571143617,54
2013-04-23,960880.375,987638.3078457447,950357.5924202127,971403.1575797872,89
2013-04-24,962083.0,974409.6884374999,951560.2171875,968096.0187499999,57
2013-04-25,946148.625,954566.8523593899,935926.4917778837,953063.5974737846,53
2013-04-26,954867.25,967193.9367915617,947050.3266687657,953965.2973079345,45
2013-04-29,928710.8125,946449.2190838458,917887.3779742635,946449.2190838458,57
2013-04-30,908266.625,935625.8646143661,907965.9740152267,925704.3821168487,49
2013-05-01,919691.0625,926305.3820080091,904057.2163901601,908867.6305778032,43
2013-05-02,886619.5,918789.1461512377,880606.482027806,916985.2407595795,53
2013-05-03,855352.0625,862567.6862258348,846633.1838312829,861064.4312829525,51
2013-05-06,845430.3125,852345.28305032,840920.5490976173,850842.0285828591,34
2013-05-07,847234.3125,855351.8875310504,838816.0865418736,841521.944885557,53
2013-05-08,833404.5,851744.2094155843,831600.5941558441,848437.0487012987,38
2013-05-09,836110.3125,842123.3316477885,820777.1136731391,837914.2182443365,41
2013-05-10,821378.4375,836410.9857704978,820777.13556918,832502.5232201683,37
2013-05-13,818371.875,828594.00716385,812960.1579720794,825888.1486498897,37
2013-05-14,806646.5,818371.8870667164,798528.9243384271,818371.8870667164,40
2013-05-15,801535.375,816868.5723462116,799130.1675731434,810855.5537790698,31
2013-05-16,804241.25,805143.2028037383,787404.7976635514,797626.9294392524,51
2013-05-17,780189.1875,798829.5457369942,779287.2346820809,792816.526950867,49
2013-05-20,785300.1875,793117.1112653139,776581.3109925344,786502.7911562021,42
2013-05-21,780790.5625,793117.2521659607,772973.6373459761,784999.6760444744,42
2013-05-22,801234.9375,813862.2798545967,759745.0983348968,777784.1588414634,143
2013-05-23,807247.8125,827692.0773975791,799731.5386405959,822881.6621275605,94
2013-05-24,808450.3125,830397.8293510599,808450.3125,823482.8582883972,63
2013-05-28,792215.25,800032.1746679316,771169.6835863377,780189.2120493358,71
2013-05-29,804241.25,817169.2401869158,795522.3728971962,801836.0425233645,82
2013-05-30,791313.3125,803940.6525930851,780489.8781344985,803940.6525930851,60
2013-05-31,815365.3125,815365.3125,782293.7105918142,800934.0680309735,56
2013-06-03,807849.125,840018.7775400074,807849.125,812058.2384164495,141
2013-06-04,821077.75,830698.5804650311,794019.1643171,803940.6457341632,107
2013-06-05,852345.5625,854750.7704365079,819574.6043650793,828293.4831349206,126
2013-06-06,840920.5625,873992.1613112263,840319.2607034323,849639.4385502324,116
2013-06-07,806345.8125,836110.2552432886,803339.3031319911,829796.5855704698,94
2013-06-10,805143.3125,809953.7281086632,793718.575429425,800332.8968913369,74
2013-06-11,829195.25,836711.5231145758,807548.3834300218,829195.25,104
2013-06-12,857456.6875,861064.4996493688,813260.9886702314,814463.592720021,115
2013-06-13,825587.4375,868279.8687181355,819574.4190185725,861064.2465404224,74
2013-06-14,840620.0,844829.113018598,822280.2932761087,824986.1516452074,70
2013-06-17,817770.5,830397.8386029411,802437.303125,820175.7073529412,97
2013-06-18,797627.0625,814162.8666603845,792215.3447747832,813561.564690916,77
2013-06-19,823783.4375,825887.9937271898,794018.9994297446,796123.5556569344,133
2013-06-20,884214.375,889926.7426045564,843626.4999149949,852044.7258585516,138
2013-06-21,894436.5,917887.2721008403,875194.8408403362,882711.1139495798,114
2013-06-24,921494.9375,944645.0550163132,901651.9796288745,917586.4761011419,164
2013-06-25,903456.125,918789.3237936773,890828.7848169717,896240.5020382697,61
2013-06-26,878802.6875,888423.5174692097,873090.3197057816,879704.6403096134,67
2013-06-27,866175.3125,868580.5198932663,850541.4644437695,864672.0578792086,85
2013-06-28,865273.5,880907.3505906881,847835.743571925,876096.9350243225,113
2013-07-01,847534.875,849639.431269954,826489.3123004612,845129.6678343385,84
2013-07-02,847835.5625,859861.5988475176,830999.1116134751,849038.1661347518,95
2013-07-03,835809.875,857456.7494604316,823783.8336330935,855352.192221223,41
2013-07-05,817469.9375,841822.6645825672,815666.0317901802,822280.3527261862,86
2013-07-08,814463.375,823182.2520302694,803639.9414451827,803639.9414451827,53
2013-07-09,799731.5625,814162.8087406015,794319.8451597744,803339.3740601505,74
2013-07-10,785600.8125,802437.2631314582,782293.6525545351,802437.2631314582,73
2013-07-11,738398.8125,762150.2401007736,736895.5575885586,760045.6832247557,80
2013-07-12,729379.25,742908.5435902721,727575.3441879638,737196.1751854905,54
2013-07-15,723967.375,732686.2511939369,722764.7713870432,726973.8840323921,33
2013-07-16,726673.375,732385.7432767894,720660.3557612743,722464.261532892,32
2013-07-17,721863.0,727575.3685964182,716451.2823823408,720660.3960849646,33
2013-07-18,726072.0,730281.1130434782,716150.5192546584,722163.5378881987,43
2013-07-19,748620.875,755235.1959839357,744712.4126004016,744712.4126004016,54
2013-07-22,742607.8125,749222.133097166,737496.7465840081,741104.5578188258,30
2013-07-23,758842.9375,760646.8430566561,738098.0235984548,738398.6745245642,48
2013-07-24,751326.75,756738.4672869148,735692.900060024,736594.8529411765,51
2013-07-25,736895.375,752829.8731130151,734790.8186454508,740803.8368013055,66
2013-07-26,725470.75,749522.8262536261,725470.75,745614.3638624119,48
2013-07-29,728176.75,735392.3742774567,720359.823699422,729379.3540462428,41
2013-07-30,718255.0625,725771.3356529928,708934.8837902888,721862.8736134366,70
2013-07-31,714647.3125,717954.4729701304,701719.3215713083,714346.6615481699,68
2013-08-01,692098.5,701719.3305821025,689091.9904430929,699013.4719808862,51
2013-08-02,680072.375,696307.5245358091,680072.375,691797.7607758621,41
2013-08-05,679170.4375,684882.8050575476,677366.5319555113,683379.5504371404,29
2013-08-06,691196.4375,699013.3611080905,679771.7029958678,681274.9575358852,40
2013-08-07,693301.0625,709536.2131396357,691196.5059356028,695706.2700021683,51
2013-08-08,683680.125,697810.716853562,679771.6634234828,683078.8232189973,43
2013-08-09,692098.5,698412.1700695048,680673.7636837532,686085.4808861859,36
2013-08-12,688490.5625,701117.9003275109,684281.4498908297,701117.9003275109,31
2013-08-13,676163.8125,699915.2314361939,671654.0494108493,685183.3386783015,61
2013-08-14,683980.9375,686686.7961538462,674360.1067307693,677667.2673076923,66
2013-08-15,717954.4375,723967.4562395309,706229.0509579146,706229.0509579146,78
2013-08-16,719758.25,723366.0607769424,708634.1667710944,718254.9955096074,43
2013-08-19,723065.5625,723366.2134615385,701118.0423076923,719157.1000000001,66
2013-08-20,713143.9375,720960.8609295953,703823.7595647133,719457.606423904,55
2013-08-21,720660.25,728477.1738631623,702019.8930955362,720058.9481643721,90
2013-08-22,700215.9375,712843.2751449121,698412.0321221554,711640.6715596823,35
2013-08-23,686085.375,693000.3459136722,683078.8659070991,684281.4695442595,38
2013-08-26,685183.625,688791.4369789382,668948.4710947785,684882.9740017552,59
2013-08-27,726673.375,731183.1394290443,699013.4865018618,708634.3172838229,115
2013-08-28,717653.75,728176.5322580646,708634.2223502304,728176.5322580646,71
2013-08-29,703222.5,721562.2060709705,691797.7650705429,717954.3950406156,72
2013-08-30,715849.875,723666.799296514,701117.9792104157,701418.6301448971,77
2013-09-03,704124.625,713745.4567677199,688791.4243701964,697810.9541524338,72
2013-09-04,680673.6875,702921.8557310071,678268.480123675,698111.440978357,65
2013-09-05,678268.625,680673.8328900709,672556.2562610816,679771.8799312944,27
2013-09-06,674360.25,698412.3320329915,665040.0682122158,671654.3907712884,83
2013-09-09,650909.25,667745.7017321016,648504.0426096998,667745.7017321016,48
2013-09-10,641889.75,649105.3724824357,639484.5425058549,639785.193442623,47
2013-09-11,645798.125,657523.5099511173,644896.1723114526,654817.6518854749,53
2013-09-12,647902.875,651210.0358468677,641589.2042923433,646399.6200696055,24
2013-09-13,645798.125,656020.2554702049,643994.219622905,645196.8232076351,24
2013-09-16,651209.8125,655418.9248614958,629262.2980436288,630464.9015754848,49
2013-09-17,637680.75,647602.2326732673,635576.1930693069,647602.2326732673,33
2013-09-18,614831.25,639183.9792176039,610922.7872860635,635576.1674816626,91
2013-09-19,610622.0625,613628.5719165435,606112.2983751846,610020.7606166913,49
2013-09-20,616635.1875,617837.7914736714,604308.4967698684,606112.4027303754,54
2013-09-23,620242.9375,629262.4664020843,607014.2951102763,608818.2008906931,59
2013-09-24,620242.9375,626556.6077314591,610321.4557077072,616935.7769025691,51
2013-09-25,625955.1875,630464.9510987032,616635.0093960135,619942.1693683958,60
2013-09-26,611523.9375,619942.1627949853,607916.126659292,619641.511891593,56
2013-09-27,613327.9375,625654.626439951,611524.0318014706,621445.5131433824,53
2013-09-30,620844.3125,639184.0234261501,614229.9905266344,634072.9564467312,68
2013-10-01,600399.9375,619641.5979907361,599197.333719329,619641.5979907361,67
2013-10-02,600399.9375,613929.2300325488,597994.729938658,612125.3243615422,64
2013-10-03,621445.4375,631066.2667210933,598896.6190130624,603406.38271045,97
2013-10-04,605511.0,623249.4056603773,603105.7924528302,622046.8018867924,56
2013-10-07,620242.9375,621746.1923170141,606713.6441468735,621445.5413536113,74
2013-10-08,655118.375,656621.6296466269,619641.5653396053,620844.1690569068,137
2013-10-09,662634.625,678268.4727767695,650608.5882486388,652111.842842559,154
2013-10-10,620543.4375,641288.3489280523,616033.6741460756,641288.3489280523,131
2013-10-11,606112.25,625053.2578125,604308.3444940476,624451.9559771825,79
2013-10-14,592582.9375,618438.9154934044,592582.9375,617236.3118658041,72
2013-10-15,599798.625,601903.1815789473,585968.6817669173,593785.6062030075,82
2013-10-16,579053.75,592883.694184839,578452.44807892,590478.4865005192,91
2013-10-17,569733.5625,588373.9218007916,568831.6096306068,586870.6670184697,58
2013-10-18,542073.625,558609.4260953966,541171.6722129784,553498.360302274,73
2013-10-21,538766.5,542975.61328125,533956.0848214285,538165.1981026785,52
2013-10-22,536060.5,545681.3278182838,526740.3230510376,532753.340437465,92
2013-10-23,545380.75,553197.6736493936,540269.684536935,544178.1463616318,58
2013-10-24,538165.25,546884.1283519553,534557.4382681565,545080.2224860336,47
2013-10-25,527341.8125,533956.1339794755,519224.23613882554,523433.3498075826,51
2013-10-28,526439.875,533354.8476584809,524034.6671187893,526139.2240148487,46
2013-10-29,524034.5625,530348.2319277108,519524.79862306366,521930.0060240964,41
2013-10-30,525838.5,532152.1698113207,515616.3679245283,517720.9245283019,73
2013-10-31,528243.8125,534256.8325626068,518923.63140295964,528544.4635031304,78
2013-11-01,528544.25,536060.5220420933,521629.2797212742,524034.48677474406,52
2013-11-04,526139.1875,531851.5558214285,522832.02689285716,522832.02689285716,30
2013-11-05,523734.0,536661.9919632607,520426.8392652124,531550.9253731343,52
2013-11-06,524635.875,529746.9408309456,516818.9507879656,517720.9035816619,43
2013-11-07,554099.625,555302.2286353771,521929.97775366256,524034.53411557246,99
2013-11-08,531851.5,552295.7634256643,531550.8490672697,548387.3013001697,78
2013-11-11,533956.0625,539067.1284135699,529446.2984586149,534858.015308277,35
2013-11-12,531550.9375,539668.5140342194,529145.729638009,538465.910103224,47
2013-11-13,511106.59375,542374.29125,511106.59374999994,542374.29125,74
2013-11-14,508400.8125,519224.2478932584,506296.25561797747,516217.73806179775,56
2013-11-15,504492.3125,511106.63364123955,504492.3125,506296.2182657926,41
2013-11-18,518923.6875,521930.1978563152,502087.229504635,505093.73986095015,49
2013-11-19,523433.28125,526139.1396826536,512609.8475193854,519524.81906950026,81
2013-11-20,527341.8125,532152.2281214367,513812.51856470923,519524.8871151653,65
2013-11-21,511407.3125,522230.74768518517,509904.05761316867,521629.44573045266,59
2013-11-22,502989.15625,509904.12970711297,502688.50523012556,508100.2235878661,41
2013-11-25,499681.875,503289.6863718411,496074.0636281588,497276.66741877253,36
2013-11-26,491865.0,502087.13325183373,487956.53728606354,499080.6234718826,50
2013-11-27,481041.5,489760.37718749995,480740.8490625,488557.77343749994,47
2013-11-29,473825.9375,476832.4472557106,470518.77676871826,475930.49432899745,29
2013-12-02,477133.0625,478636.3172652804,468714.8358144298,471120.04343887843,56
2013-12-03,477133.0625,483446.73251417774,474126.55296943925,478035.0153591683,64
2013-12-04,476231.15625,488257.1955492424,471721.39151278406,483747.4308120265,63
2013-12-05,478034.9375,481943.3992531447,473825.8248427673,475028.4284591195,58
2013-12-06,467812.84375,474727.81509077764,464806.33447140106,466610.2400385604,50
2013-12-09,462701.75,464505.6554580897,459093.9390838207,462701.75000000006,26
2013-12-10,463002.46875,465708.32733360387,460597.26112012984,464505.7235186688,29
2013-12-11,481041.5,482845.40562499996,461499.18906249997,463603.745625,66
2013-12-12,484048.09375,485551.34869953414,476832.469992236,480740.9328610248,48
2013-12-13,486453.21875,489159.07719792955,477133.039651576,477433.6905902349,35
2013-12-16,478034.9375,480139.4938286164,469917.36308962264,478936.8902122642,44
2013-12-17,480440.1875,484047.99867021275,475329.1216755319,477734.3291223404,39
2013-12-18,463904.28125,499982.38478208036,463002.32866169803,480440.0787022035,101
2013-12-19,468113.5625,474126.581928388,466610.30764290306,467211.6095857418,39
2013-12-20,453982.90625,466309.594432947,450976.3969370861,466309.594432947,57
2013-12-23,439852.34375,447067.96661397815,439852.34375,442858.8532766576,52
2013-12-24,438649.75,441656.25959561346,438349.09904043865,439251.0519191227,20
2013-12-26,435041.90625,439251.0193719765,433839.30250086385,437146.46281098825,21
2013-12-27,438048.40625,439551.6609042553,432336.0385638298,432937.3404255319,46
2013-12-30,439551.75,443460.21289329685,438048.49504103966,439852.4009917921,25
2013-12-31,431434.15625,438048.4778092335,431434.15625,437146.52486933797,33
2014-01-02,441355.53125,444963.3421321526,436845.7676473093,436845.7676473093,58
2014-01-03,450976.375,451277.02591666667,440152.942,441054.89475,39
2014-01-06,455786.8125,460897.87833937997,449172.4920019789,450976.39759234834,35
2014-01-07,443159.40625,452178.9328358209,441355.5009328358,449473.0748600746,53
2014-01-08,439852.34375,445865.3628033151,436845.8342233425,443760.80613465485,59
2014-01-09,445264.0,449473.1127616475,435342.5199189737,435342.5199189737,58
2014-01-10,440152.90625,451577.6401553962,438950.3026810109,441956.81160348357,46
2014-01-13,459695.28125,465106.99809924787,437747.76291693916,442858.8288301177,60
2014-01-14,434140.0,455185.567867036,432636.74515235453,455185.567867036,93
2014-01-15,423015.84375,429329.5130597015,420309.9854744136,428427.56030117266,72
2014-01-16,422113.84375,425721.6543803419,420911.2402065527,424218.39995103277,46
2014-01-17,430231.46875,432937.3270440252,422715.1957110413,426022.3558481831,50
2014-01-21,420009.34375,430832.77708929847,419408.0418978167,421813.2493065497,54
2014-01-22,416401.5,420610.6126353791,413996.2927797834,417303.4527075812,49
2014-01-23,421512.59375,429630.1686652996,420309.9900588445,420309.9900588445,76
2014-01-24,446466.6875,446466.6875,425421.1197390572,425721.7707070707,252
2014-01-27,458567.78125,468639.58631269465,443384.9109316096,445564.62993771513,288
2014-01-28,459169.0625,468038.2635762809,458116.78440620395,465407.5683417908,147
2014-01-29,474577.40625,476982.61325031676,461423.93046701775,471044.7584682848,217
2014-01-30,449247.6875,458342.3788480843,443234.6684268864,456538.47312615026,162
2014-01-31,451728.0625,464129.91446547426,445188.9041909318,462927.3106385192,183
2014-02-03,482845.40625,486227.7293012531,447969.8974548568,453982.91621264006,366
2014-02-04,470819.40625,479688.60962444125,466384.8045627794,475178.84519675927,169
2014-02-05,475855.28125,491489.13032597536,470593.88973404677,476531.7458734797,219
2014-02-06,457290.21875,471721.46825690335,455862.1263508794,471420.81722550956,141
2014-02-07,432862.125,453607.03670342074,432035.3350408057,449623.4123545754,355
2014-02-10,425345.90625,434064.78328216117,424970.09258482064,433613.80688394594,175
2014-02-11,410914.71875,424068.19886363635,408434.3482142857,423166.2459415584,278
2014-02-12,408584.59375,412192.40473233996,405728.41005564755,408359.10556360375,365
2014-02-13,399264.375,417453.753529744,398512.74778802716,417378.5908085467,455
2014-02-14,397009.59375,403248.1011868137,394228.5723625047,400091.2660983056,279
2014-02-18,391372.34375,397836.3386727002,388967.1363369023,394980.15486964665,301
2014-02-19,398963.78125,401519.31413668045,390620.7180023078,393476.90181683307,534
2014-02-20,393401.8125,403473.6204623615,391222.0928663546,398287.3909892052,458
2014-02-21,395656.65625,396483.4463751425,388215.5451237177,389944.28811265196,291
2014-02-24,387990.0,393627.2045718713,383329.910887253,392950.7400232468,469
2014-02-25,390019.375,393702.3484775487,384682.82159375603,387313.51693486224,591
2014-02-26,390996.5625,395656.65224913496,383179.63775951555,386411.6354887543,659
2014-02-27,383405.125,392499.81626151735,382352.84667222115,390921.39876984904,416
2014-02-28,384532.625,394829.9216428851,376790.8618305317,383630.67200938234,808
2014-03-03,392875.625,403323.2454084561,390094.6037401951,395806.9717333078,730
2014-03-04,378143.6875,381300.522100477,375813.6429139336,380323.4066289008,530
2014-03-05,374686.25,378519.54964894685,372957.5070210632,376114.34202607826,406
2014-03-06,375888.8125,379872.4371875625,371529.3741626675,372431.3269221156,511
2014-03-07,381375.75,387012.95560701616,371153.617165944,372205.89554592036,607
2014-03-10,380398.59375,387764.54162344395,379722.1291493776,382052.17388485477,368
2014-03-11,385209.0625,388516.2232317073,374686.2783536585,377617.62536585366,595
2014-03-12,380774.40625,394754.67462001584,380323.42985096725,390395.2360960324,432
2014-03-13,397159.875,402120.6153009084,376264.63555071916,376490.12374621496,696
2014-03-14,405277.5,405578.1509643917,395656.66913946584,401143.5492396142,471
2014-03-17,394303.6875,397686.0104007816,388065.18081633624,397535.6849385246,296
2014-03-18,379872.46875,393251.43579343095,378895.35317941237,393025.94758483383,461
2014-03-19,386186.09375,393702.36649717786,376565.2646336123,379646.93645995524,472
2014-03-20,382954.09375,392123.94643645734,379571.77103778213,389793.90190137393,328
2014-03-21,396934.4375,398888.6687772202,375888.8698991668,376865.9855377769,518
2014-03-24,406855.875,417829.63405228156,391748.1656198042,392349.46748568263,335
2014-03-25,403172.90625,413244.71263282996,393025.9371329698,400842.86148979305,618
2014-03-26,418806.78125,418881.9439889178,394529.21657954954,397009.5869638371,647
2014-03-27,425947.15625,432711.80139955,414823.0731151844,420535.44013035996,670
2014-03-28,423015.84375,426773.9802438699,409261.064182436,421888.402801839,660
2014-03-31,414221.71875,414823.02046475234,405728.33202912356,413470.0916065596,546
2014-04-01,392274.3125,408434.3004646484,391748.17335696495,408058.4867910519,643
2014-04-02,389192.625,394679.50441772887,386261.2784617613,387539.04490150634,460
2014-04-03,398437.71875,405127.20318100357,386336.5165770609,388140.42249103944,318
2014-04-04,430983.09375,433463.4638395972,389493.2667967388,391071.6841264824,763
2014-04-07,442182.40625,451502.58615396055,426623.7188296787,438273.9437096294,663
2014-04-08,430381.875,445865.40036674816,428728.29462102684,441205.31020782393,499
2014-04-09,408208.84375,429028.9228733198,407532.3790853434,425496.274069002,563
2014-04-10,445790.0625,449473.0355336368,407457.0778641881,407682.56600910466,848
2014-04-11,461875.09375,464806.44096826686,440829.52397782746,457966.6307923108,1079
2014-04-14,450675.65625,463829.1318743746,443460.0353360574,449999.1917893179,927
2014-04-15,446541.8125,474727.8383689615,438724.88799234136,446165.9988217472,1142
2014-04-16,428953.78125,445715.0732105309,428653.1302731295,435868.75371802173,464
2014-04-17,428126.90625,436620.29466401855,421963.5624451369,432711.83273898344,514
2014-04-21,418881.875,431133.399425803,418731.5495469227,425045.2185761708,400
2014-04-22,408509.53125,416476.7824574517,405803.672349356,414146.73729300825,394
2014-04-23,419408.0625,420009.3643817204,408434.30315860215,408434.30315860215,547
2014-04-24,407382.03125,421136.81200991693,398587.9910920203,398587.9910920203,685
2014-04-25,426774.09375,429780.60374471644,413244.798773776,414748.05377113423,723
2014-04-28,422339.28125,442933.8644609806,413394.91846858873,421136.67785081867,1227
2014-04-29,412643.375,425045.225068306,410463.6558970856,418581.23048724956,646
2014-04-30,409035.71875,421437.5735081312,408284.09118890116,417829.7612148567,666
2014-05-01,405427.75,410463.6527159807,398888.5927419355,407231.65545050055,594
2014-05-02,407682.65625,410689.16551438055,399264.43030973454,401744.8004528485,548
2014-05-05,401594.46875,417979.9439862905,401368.9805586749,415048.5974990642,424
2014-05-06,416777.34375,417453.80832957616,402646.7503099639,403323.2148895401,508
2014-05-07,420685.84375,435267.41489302303,413019.2444892353,413846.03460559226,767
2014-05-08,422038.6875,427901.37986420305,406705.49208593054,424669.3827916295,676
2014-05-09,417002.84375,431058.27485693037,416251.2164180786,422865.536938987,561
2014-05-12,396633.71875,410689.14899564144,396182.7423784821,409561.7080668467,483
2014-05-13,395731.8125,398061.857359924,391222.0482549857,395205.67333808163,352
2014-05-14,401819.96875,404525.8271254209,394754.6718808455,399038.94764192856,322
2014-05-15,410989.75,418806.6728237015,400015.99295903434,402120.5491038771,577
2014-05-16,403248.0625,418280.60909832246,402421.27243709227,410087.87120223674,326
2014-05-19,394604.375,408885.2952380952,392950.79476190475,406480.0876190476,284
2014-05-20,398963.78125,403774.1960955162,390996.5316621138,395355.97011586284,390
2014-05-21,387764.5625,397385.3928934871,387088.0978629579,396784.09099389415,380
2014-05-22,382578.34375,387990.06098968565,379196.0204751965,386486.8062008841,263
2014-05-23,373934.59375,383780.91169597994,373859.43101758795,381375.704258794,236
2014-05-27,359503.375,369875.83281936025,359503.375,368898.71722768137,296
2014-05-28,363186.28125,364163.39665899216,358902.0059951883,360630.7486418667,285
2014-05-29,356421.59375,361532.65835881484,356196.1056054935,359352.939628585,245
2014-05-30,356196.25,361758.2931525638,354542.66960329184,356045.92450939014,293
2014-06-02,357098.125,363937.9333298253,354692.9176752263,354843.2431330246,186
2014-06-03,357549.15625,361983.75793567376,355895.5759604267,360781.15408871137,175
2014-06-04,353565.4375,361908.49948182394,351987.0203683035,360480.4077912415,279
2014-06-05,344696.28125,356271.34171936323,342817.2129919865,352813.8561246184,397
2014-06-06,338758.46875,342892.4194447526,338758.46875,340787.862727424,252
2014-06-09,339660.4375,342291.13351958396,336954.57873699936,338382.6708619163,204
2014-06-10,338006.8125,341539.46097398264,337255.18516511004,340487.1827051368,158
2014-06-11,338081.90625,342065.53031208314,336578.6518869498,341163.577694253,283
2014-06-12,346876.0625,350709.362432286,338983.974404117,340036.25281690137,396
2014-06-13,344094.96875,348529.5697015618,341464.27327025996,342516.55146215594,323
2014-06-16,343117.90625,347928.3215840635,340111.3966662103,345598.27665662655,327
2014-06-17,342441.40625,345598.2409871598,339810.7106357002,343568.8472275571,323
2014-06-18,336428.375,347326.9707048704,335376.0967940125,341464.2778429401,390
2014-06-19,337255.1875,341915.27700858033,334624.4918096724,335451.2818837754,244
2014-06-20,336353.21875,338908.75158519554,335225.7777932961,337029.68332402234,187
2014-06-23,335827.09375,338833.60309422563,335751.93101639434,336653.88381966203,191
2014-06-24,337405.4375,339810.644450323,327634.28426431277,336052.5085904433,518
2014-06-25,330340.1875,339359.7148037543,328761.77022184303,339359.7148037543,436
2014-06-26,329964.4375,337555.8744447608,329738.949273918,329964.4375,350
2014-06-27,325454.625,331542.8062066975,325454.625,331542.8062066975,211
2014-06-30,324026.5625,326431.7701084435,321395.86667826487,325905.6309440965,187
2014-07-01,312977.59375,320869.68004773057,310647.5492240034,320869.68004773057,291
2014-07-02,311699.875,313503.7807149747,310271.78297564504,312526.6651193634,186
2014-07-03,305912.3125,311098.54089373467,305912.3125,308618.1707923833,139
2014-07-07,308618.21875,310121.47359047737,305611.7090690453,306964.6384254749,238
2014-07-08,319366.5,323350.1254412803,309595.343257237,310121.4824664627,468
2014-07-09,312451.4375,319817.3843065913,311474.32210728887,316886.038128458,379
2014-07-10,315382.8125,325529.7809669924,311624.6760307436,324252.01456744515,376
2014-07-11,309520.125,315833.794378339,309369.79953861097,313278.2615347256,260
2014-07-14,303507.125,306739.12261639425,301703.2193536404,305311.03064635955,290
2014-07-15,306814.21875,313353.3752985669,301026.68939092354,302229.2928941083,323
2014-07-16,303131.28125,304183.55943931313,299297.98213178775,300350.2603211009,247
2014-07-17,315307.625,318088.64576877235,302379.63656138256,305536.4709475566,362
2014-07-18,300350.21875,311474.3009259259,299748.91701076075,309895.8838604229,492
2014-07-21,301402.5,305386.1240648379,299899.2456359102,302154.1271820449,394
2014-07-22,295239.1875,297945.04563391034,294186.9093368126,296892.767470723,373
2014-07-23,289827.46875,294036.5813667012,288850.35332112294,292533.3268607365,382
2014-07-24,290654.3125,292082.4045448668,287347.1519750453,288173.9421062839,241
2014-07-25,294262.0625,298621.50046296295,292984.2962005109,295013.6897349936,262
2014-07-28,293811.125,300650.9337426452,291631.40573036583,293360.14859938604,237
2014-07-29,295314.40625,296141.1963922118,289977.8516957241,292232.7339017562,294
2014-07-30,291781.78125,295389.5930738022,288775.27139683155,290579.17730873264,317
2014-07-31,309520.125,310797.8914218067,297719.5762809616,298922.1799720738,468
2014-08-01,312977.59375,319065.7746082493,306363.27380523534,311549.501943744,518
2014-08-04,306513.6875,314405.7760697646,302830.71283410984,310572.4759073075,559
2014-08-05,313428.53125,317787.96885491605,307565.83929856116,310121.37168764987,524
2014-08-06,314029.90625,320268.4132434777,308467.8638702728,319441.6231600048,478
2014-08-07,317261.9375,320569.0981846719,308167.24561715237,310196.63967365556,339
2014-08-08,310346.90625,319742.24732077983,309219.46532150643,315457.97179250425,365
2014-08-11,304559.34375,307265.2016905232,301928.6485300469,306814.22536710266,324
2014-08-12,305160.6875,309745.6140855911,302830.6428417488,305611.663885468,301
2014-08-13,295389.5625,301928.72075381683,295088.91154580156,301327.4188454199,469
2014-08-14,290804.53125,295464.61937031534,290729.368538382,294487.5041192815,332
2014-08-15,286670.625,294863.3617920818,284641.2314826953,286144.485939958,600
2014-08-18,279981.15625,283288.31621644297,279229.52898489934,282311.20077181206,229
2014-08-19,274945.3125,278402.79866047023,274794.9870147622,277801.49671951885,273
2014-08-20,275020.40625,276523.6607252665,273517.15177473356,275997.5216589232,255
2014-08-21,273742.59375,276072.6377934514,273291.61748352554,274569.38357186987,179
2014-08-22,272389.6875,275020.3826055463,270660.9450020695,273441.96554221853,361
2014-08-25,269458.34375,271262.2489801255,267053.13677649933,268406.06569909345,201
2014-08-26,268330.96875,270285.199894958,267579.34138655465,268105.4805409664,151
2014-08-27,268330.96875,270059.7116859244,267429.0159138655,268556.4569590336,178
2014-08-28,269383.25,271938.7830636161,268406.13441685267,270811.3420061384,172
2014-08-29,266151.21875,270435.4942283254,266151.21875,267504.14784841856,153
2014-09-02,263896.34375,267203.503853959,263746.01829072915,264422.48285744805,230
2014-09-03,268406.125,269984.54242509103,261791.8043615234,261791.8043615234,255
2014-09-04,269232.90625,271262.3000157035,262543.4230963847,266451.8851636655,393
2014-09-05,265023.875,272089.1739931934,264723.22397901304,268030.38520986954,327
2014-09-08,263520.53125,267278.66774814605,261716.6257308899,265174.1113091842,286
2014-09-09,270059.625,271638.0419565822,260664.28597272473,263896.2825981074,385
2014-09-10,263445.34375,271412.5923769615,263295.0183042083,269308.0361358773,417
2014-09-11,263971.53125,269909.38744839124,263746.0430399345,266827.7152441628,323
2014-09-12,268030.25,270585.7823892316,264647.9277201346,264948.578589456,302
2014-09-15,275922.375,278252.4195723236,267203.49853582133,267278.66126396076,442
2014-09-16,268781.9375,279906.0221616331,267203.5200817953,278853.74388282996,425
2014-09-17,267429.0,272239.4148397976,263670.86340640805,268706.76644182124,341
2014-09-18,261491.109375,265775.38452141423,261415.94665313308,265023.75730274507,232
2014-09-19,262017.28125,264948.6277700086,258108.81922332186,258183.98195460413,305
2014-09-22,269082.625,272464.94849860336,263670.9074022346,264046.72112430166,388
2014-09-23,271262.3125,272915.8926814907,267729.6639304517,272314.59079731227,378
2014-09-24,262994.375,273291.6683338097,262317.9104744213,270736.13568162336,502
2014-09-25,279079.25,279379.9009561002,264272.1904120657,265023.81780231616,701
2014-09-26,269984.59375,277801.5196269488,268781.989768931,276598.91564587975,429
2014-09-29,271036.8125,278703.4111896839,269082.58146145317,278327.59752842487,447
2014-09-30,269909.40625,273893.0315719855,265925.7809280145,268706.80237921193,483
2014-10-01,282987.59375,285543.1258051129,271638.02491699863,272389.65199203184,693
2014-10-02,283213.1875,293735.97047505307,280507.32902070065,283438.6757066083,733
2014-10-03,274719.75,281033.41867305065,271187.1020519836,277876.5843365253,550
2014-10-06,276223.03125,278928.8895153061,270059.6874234694,272464.89477040817,488
2014-10-07,288023.65625,288249.14449862996,277876.68506165186,280206.7302974948,551
2014-10-08,271337.5,292758.88157894736,268706.8040166205,287572.65235457063,778
2014-10-09,284340.65625,285543.26013580494,270285.22333465505,272089.12916336244,800
2014-10-10,305611.625,305686.78772134776,284415.73757993116,289376.4771888834,910
2014-10-13,319591.9375,320719.37848365476,300199.9525811383,307265.2494120414,740
2014-10-14,319892.625,322523.32092927635,307415.61002114665,313503.7920289004,937
2014-10-15,326055.90625,348003.4223000231,321997.1190352697,334474.13158425543,967
2014-10-16,332144.125,346876.0210171985,323801.06143923965,346425.04460850876,740
2014-10-17,319216.15625,324853.3617406405,309520.1628060984,319140.9935101248,1072
2014-10-20,304860.03125,320944.855383999,303882.9157652244,319291.2753328402,548
2014-10-21,280732.8125,295615.0338855421,280657.64976572955,293435.3145917001,867
2014-10-22,285242.5625,285543.2134222662,276899.49940711464,278252.4285573123,564
2014-10-23,271788.375,277801.3921460177,267353.77485481196,276598.78871681413,777
2014-10-24,265550.0,273592.414378715,264873.5352391735,270435.5788281913,502
2014-10-27,264723.1875,270134.9051320273,263370.25809199316,266902.9071017888,399
2014-10-28,252997.78125,261641.49629567735,252697.13029188948,261491.1708166221,434
2014-10-29,255703.65625,260965.04835390946,253373.6111754115,255478.16801697528,500
2014-10-30,253824.671875,260739.64664920786,252246.25372001776,259161.22849422565,489
2014-10-31,243527.296875,246007.66749131944,240896.60076678242,241497.902734375,465
2014-11-03,241197.203125,243226.59685649737,239393.29758589127,242324.64408694298,373
2014-11-04,243677.625,248638.36628624305,241873.7190777298,243827.9504935225,405
2014-11-05,243452.125,246233.14649583204,238867.19766903366,239092.68589842544,404
2014-11-06,241347.484375,246834.3627180006,241197.15894094517,243903.0167539318,460
2014-11-07,242024.046875,245707.0215013587,239618.83895574533,239994.65269312885,293
2014-11-10,239393.296875,243527.2470565149,238491.344108124,241723.34152276293,387
2014-11-11,237063.25,241197.20014267598,237063.25,239318.13189600507,284
2014-11-12,235860.65625,240069.7692997132,235109.02891969407,240069.7692997132,370
2014-11-13,232929.296875,236161.29421789286,230223.43863443853,234582.8769108987,658
2014-11-14,230674.453125,235334.5430871212,230674.453125,233154.82358870967,390
2014-11-17,232854.140625,236010.97532682374,230749.58415711747,232403.16423902515,293
2014-11-18,227517.625,232102.55236207467,226615.67207631317,232102.55236207467,425
2014-11-19,230448.9375,233605.77226027398,228194.05552837573,228194.05552837573,475
2014-11-20,227442.4375,234056.758220423,226916.29835178453,233455.45633674818,377
2014-11-21,226014.359375,228194.07883688062,220752.9675704606,221429.43223104422,360
2014-11-24,220527.515625,224811.79251342025,220527.515625,224210.49049399284,436
2014-11-25,219700.671875,221429.41476009236,217896.76625577317,219700.671875,331
2014-11-26,215341.203125,219700.6410940227,215040.55223058464,219099.33930519197,470
2014-11-28,212259.546875,214063.45237252125,210981.78048092246,213612.47599814093,261
2014-12-01,219625.515625,221955.5604519593,213011.1948258898,214063.47313483915,415
2014-12-02,216919.609375,220377.09448631323,215867.3312976438,219024.1655297124,319
2014-12-03,215717.078125,219851.0290995209,214965.4506750871,216092.89184995645,284
2014-12-04,216243.265625,218798.7995253302,213612.56896289537,216468.75391032326,401
2014-12-05,216017.625,217445.71646659708,214063.39457202508,215115.6724947808,266
2014-12-08,220903.265625,223984.93758506296,214890.2471663406,217746.43093420382,467
2014-12-09,218347.765625,230674.45531949223,218122.27739888124,228494.73580034424,666
2014-12-10,228945.6875,229997.96577478663,218122.25381648063,219700.67122866056,476
2014-12-11,225638.515625,226991.44476598935,217370.61531895402,226916.28203593436,700
2014-12-12,232929.296875,232929.296875,224360.74577988868,232177.66958595515,564
2014-12-15,240144.953125,242174.34709507044,226690.82273082942,229396.68135759,925
2014-12-16,251795.109375,251795.10937499997,234131.8703591418,244804.97648787312,933
2014-12-17,238716.8125,252246.10288098236,235785.46625078714,251193.8247402393,913
2014-12-18,220752.96875,229697.334865509,220527.4805286006,227667.94087291454,819
2014-12-19,217971.921875,221504.5702640086,215115.73807112066,219700.6647036638,428
2014-12-22,216318.375,219174.55924252956,215942.5612838777,218798.74552640723,308
2014-12-23,218422.9375,219249.72769700622,213462.19631796284,213762.8472986924,243
2014-12-24,217896.78125,217971.94398930666,215341.24811357365,217295.47933554673,91
2014-12-26,213311.78125,216092.80165389358,211808.52697762506,215942.4762266561,150
2014-12-29,213462.140625,214288.93060629402,212034.04883912852,213913.1169784331,185
2014-12-30,217520.953125,218498.06867117313,213762.81640894955,215341.23382969073,227
2014-12-31,224285.59375,225262.7092723693,213988.29939887734,216769.32050100536,317
2015-01-02,225713.734375,229547.0345591908,218122.296755328,221128.80670371294,426
2015-01-05,236837.765625,238115.5320533164,228494.70247540463,229321.4925172564,375
2015-01-06,245556.703125,248863.8641098485,233981.6396780303,235259.4064221763,553
2015-01-07,236462.0,242625.3452002543,234582.93134138588,240896.6020343293,297
2015-01-08,222632.0,230975.0627954085,221354.2336259284,229997.94733288317,463
2015-01-09,226991.453125,230824.75249896522,220377.13263658938,220752.94630070362,473
2015-01-12,234131.875,236010.9430176565,225187.51123595505,225563.32483948636,450
2015-01-13,234282.265625,239994.6339880093,220076.50745909527,227367.293396094,755
2015-01-14,238265.859375,244429.2033714511,234733.21098679022,241497.8568365536,652
2015-01-15,247586.15625,248412.94669285064,233756.20702413478,235109.13683970858,624
2015-01-16,238867.15625,249840.91484424166,237814.87802863435,248638.31116268094,504
2015-01-20,233079.65625,242474.9987302483,231200.58775395036,234282.2600874718,359
2015-01-21,229396.625,237589.36160714287,226314.95343217562,235108.99180865008,518
2015-01-22,216844.484375,232929.30921252165,216092.85704614382,226841.12784878683,651
2015-01-23,215566.6875,218648.35911349373,213462.1312761506,216769.29105648535,407
2015-01-26,216017.625,219324.78418580376,214890.184368476,216017.625,301
2015-01-27,232703.8125,234883.5316739341,225788.8413275194,226014.32951792635,547
2015-01-28,236386.8125,236537.13797694753,220978.45111287758,221654.9157591415,601
2015-01-29,229697.34375,243226.6375572644,228419.57711264724,236988.12985724804,590
2015-01-30,235109.046875,235860.6742627078,224962.0771409447,230223.46885489929,503
2015-02-02,229020.796875,244429.15373728258,228194.00699458484,233530.5598590827,449
2015-02-03,222105.875,230824.75198815568,221805.22406937394,226690.8016920474,495
2015-02-04,222857.53125,226540.5056281619,218498.09219013492,225037.25077993257,464
2015-02-05,217295.46875,222782.34845209273,216619.00412919407,221203.9310035455,309
2015-02-06,221053.59375,223308.47569916697,214589.59882905477,215867.36526691602,432
2015-02-09,223233.34375,224586.2731060606,220001.3458438552,223533.99471801345,286
2015-02-10,212560.265625,220452.35469523515,211808.6380945014,219324.91339948727,398
2015-02-11,210305.359375,213161.54366958543,208877.2672277073,212034.10250067012,535
2015-02-12,203014.5625,207148.5132358386,202789.07427804518,206396.88582932248,519
2015-02-13,197678.0,202338.08973384032,197602.8372623574,201436.13688212927,477
2015-02-17,197151.84375,199181.23749046895,196776.03009435761,197828.30833015632,220
2015-02-18,196475.375,198730.25688599847,196099.56135233358,197978.62959066563,215
2015-02-19,193468.875,196926.36072261073,193017.8986013986,196776.03525641025,376
2015-02-20,189635.59375,195573.45023285772,189184.617308264,193995.0326867816,285
2015-02-23,188883.9375,191063.65663549543,188808.7747711898,189785.89024572226,236
2015-02-24,188433.015625,191214.03739529318,187831.71362061228,189635.6196337754,294
2015-02-25,189936.234375,191138.8381541848,187230.3758718342,189485.2579578057,298
2015-02-26,187004.890625,190913.35296925242,186779.4024128316,189334.93548407356,315
2015-02-27,189410.09375,190387.20931299604,186929.7234747024,187305.53715277778,233
2015-03-02,184299.03125,188432.98178782625,184148.70577589722,188432.98178782625,295
2015-03-03,186854.546875,190387.19518679605,185501.61773431214,185952.59411454143,262
2015-03-04,188883.9375,192115.93483883806,187981.98475427777,188733.61204237962,272
2015-03-05,188132.328125,190387.21020400518,186478.74793372952,187531.02623726527,275
2015-03-06,194746.640625,195874.0816166538,187756.50647674644,188808.7847356233,350
2015-03-09,192942.71875,195723.73962797038,191364.30149493573,193393.6951085898,305
2015-03-10,203465.484375,203465.484375,196776.00225110824,196926.32769209458,572
2015-03-11,207148.5,207223.66273584907,201887.10849056605,202563.57311320756,354
2015-03-12,202864.203125,207824.94317918672,202187.73857215635,207524.29226681177,421
2015-03-13,205494.875,209253.01097293344,201060.27455193855,203465.48157461593,563
2015-03-16,197678.0,203841.34448669202,197302.18631178708,203164.87984790874,366
2015-03-17,196625.6875,200458.98645355503,195723.73480504585,199256.38286028287,243
2015-03-18,190537.5,201210.60650887573,188132.2928994083,198279.26035502958,548
2015-03-19,189861.03125,191063.63477335707,188432.93956601346,190161.68213083927,427
2015-03-20,185727.140625,186253.27983356942,183472.2583025597,185276.16416051195,530
2015-03-23,187305.546875,187380.70961451644,184975.50194998996,186478.75674031902,358
2015-03-24,189259.765625,189410.09109412233,184750.0015513304,187305.53452640984,278
2015-03-25,202413.234375,202563.55983684552,188057.15276875233,188432.96642336613,499
2015-03-26,204517.859375,209328.27576603272,200985.20983783537,207223.71859495592,596
2015-03-27,201962.28125,205419.767270655,200459.02645841087,204367.4889165426,274
2015-03-30,194821.765625,198128.92522665896,194521.1147521219,198128.92522665896,290
2015-03-31,201135.46875,201285.79421244393,195498.263908352,196625.70487668162,294
2015-04-01,204217.125,208200.7494479205,201135.45325726905,201210.6159827015,450
2015-04-02,203766.15625,205870.71264063075,202037.4135005533,203766.15625,306
2015-04-06,199030.9375,208501.44283421448,197227.03172205438,207524.32720449395,355
2015-04-07,199932.890625,199932.890625,194821.8242481203,199331.58869830827,322
2015-04-08,195197.640625,199782.56787880245,194295.68772261264,199707.40513693684,475
2015-04-09,191514.671875,197452.52865605376,191289.1836428081,195197.64633413462,326
2015-04-10,189109.46875,192942.7687922297,189034.3060040739,191740.16485741254,261
2015-04-13,190612.6875,191138.82662164824,185877.4354051656,188658.456476735,506
2015-04-14,192266.3125,195347.9852179437,189485.29077892884,190763.05751563722,390
2015-04-15,188658.453125,191364.31141683267,187380.68670941234,190537.52138321713,393
2015-04-16,189334.9375,190913.35500198492,188357.82190353316,190011.40214370782,314
2015-04-17,197978.640625,200609.33630528665,193243.38840048408,194821.80580865606,549
2015-04-20,189259.765625,195423.1098590151,188282.65007570494,195272.78438989277,360
2015-04-21,186779.390625,187531.01795145875,185125.81050679076,186027.76329854125,475
2015-04-22,183923.21875,188959.1221648958,182946.10316203514,185426.47350071516,617
2015-04-23,181743.46875,185727.09316842433,179263.0988290943,185651.9304435484,736
2015-04-24,174452.71875,176857.92641910815,173625.9286137441,176106.29902251187,759
2015-04-27,175580.140625,176707.58159647902,171371.02766481164,172348.1431734268,455
2015-04-28,176707.609375,181067.04848335814,174302.40159107826,175279.51725329648,595
2015-04-29,179939.5625,182870.90875626568,176557.23989661655,179638.91160192149,816
2015-04-30,188508.140625,191213.99910287082,180841.54160436604,183021.26093376195,798
2015-05-01,180916.703125,186328.42004440175,180691.21492002494,186102.9318394267,675
2015-05-04,180165.0625,180390.55068836047,176782.73967459323,179187.9470171047,586
2015-05-05,188733.65625,189109.46998207885,181217.38160842293,182269.66005824372,725
2015-05-06,192717.28125,196550.58130606473,186328.44782322543,188057.19098576444,770
2015-05-07,189184.609375,193243.39718042314,187681.3546322507,192867.5834947358,473
2015-05-08,182344.8125,184374.20653854084,180991.88314097282,183321.92814818633,578
2015-05-11,184374.1875,184674.8384376274,180841.5389828781,181968.97999898082,477
2015-05-12,187004.890625,191815.30581792607,184073.5438668107,187756.5179988947,664
2015-05-13,185727.140625,186553.93080989478,181518.02695644478,184449.37397561717,505
2015-05-14,177609.546875,183246.752129179,177083.40771794328,181142.19550095216,714
2015-05-15,177308.890625,178812.14531448708,175429.82226314116,175955.96140446165,360
2015-05-18,175354.6875,178737.01109087013,174152.0835565795,178361.19735855123,322
2015-05-19,175880.796875,176632.42421207266,173776.2403311966,174678.19313568377,381
2015-05-20,175429.8125,178210.83352077976,172348.14055805485,175504.97523029134,384
2015-05-21,172498.453125,177158.54205473856,171972.3140522876,176406.91480800655,316
2015-05-22,173174.953125,173550.7668253581,171371.04736328125,173400.44134521484,337
2015-05-26,179263.125,181142.19339622642,173625.91981132075,174302.38443396226,798
2015-05-27,170393.921875,178661.8228040913,169942.94546068594,177609.54450402514,981
2015-05-28,171521.34375,173174.92375109554,170243.5773855171,171521.34375,448
2015-05-29,174603.03125,175805.63499515713,171220.7082167456,172122.66102561343,856
2015-06-01,173024.625,177233.73837966984,171446.2074826238,171897.18391615985,696
2015-06-02,174678.21875,177308.91481551205,171972.35993975904,174978.86972891566,687
2015-06-03,173174.953125,174227.23148600262,170995.2336629232,172047.51202392578,627
2015-06-04,176857.90625,178511.4863339354,172648.79330907352,175880.79074585636,692
2015-06-05,178060.515625,181442.8386318067,176256.6100213698,177684.70195757705,508
2015-06-08,183622.53125,184599.64664347115,178060.48977947197,178511.4661149202,429
2015-06-09,184449.328125,188658.4407472494,182570.25999006725,184900.30447738388,462
2015-06-10,177083.40625,183321.91334624364,175354.66331971562,182720.61145744906,389
2015-06-11,176106.296875,177158.57521740292,173776.251973965,175054.0185325971,443
2015-06-12,180390.53125,181217.32118489582,177910.1614453125,178962.43954427083,445
2015-06-15,182946.09375,187606.1832374692,182344.79188064914,184524.511157046,1027
2015-06-16,180390.53125,183998.34187499998,179338.25315104166,183923.17915364582,471
2015-06-17,178661.828125,182044.1513330879,177008.24788993478,179338.29276661758,556
2015-06-18,171371.015625,177083.3828125,170093.2492804276,177008.22008634868,977
2015-06-19,173776.265625,173776.265625,170318.7793712154,170619.43034980536,494
2015-06-22,169792.609375,170844.8876092851,168063.86656153164,169567.1211819389,441
2015-06-23,169116.171875,171295.89142361112,168740.35815972224,169041.00913194445,413
2015-06-24,171746.890625,171897.2161310175,167688.10196252735,169717.4962937637,426
2015-06-25,172874.3125,173625.93994565218,169266.50076086956,169792.6399728261,550
2015-06-26,176031.15625,178135.71319918873,171822.04235162254,172874.32082621692,909
2015-06-29,188433.015625,188959.15487883924,179112.83455699042,182194.50732947746,953
2015-06-30,186328.40625,188508.12540338846,183321.89707291246,184449.3380143203,869
2015-07-01,182419.953125,184900.323315822,180089.9084002884,181217.3493961166,598
2015-07-02,181893.828125,183772.8965973657,180315.4106082128,180691.22430268597,555
2015-07-06,183171.59375,186704.2424599918,180315.4096866024,185877.4523363767,689
2015-07-07,181893.828125,192942.75074251034,181518.01443052688,182645.45551394628,1036
2015-07-08,191664.953125,192566.90584558825,185276.12135416668,186102.91134803923,895
2015-07-09,192040.828125,192040.828125,183321.9490398728,183772.92554427593,759
2015-07-10,183171.59375,186328.42876743947,180916.7115946861,184223.8720891465,683
2015-07-13,173475.5625,178285.97671143847,172949.42344562392,178210.81398938474,759
2015-07-14,170018.09375,172949.44019396554,168590.00189268347,172874.27746463308,453
2015-07-15,169491.953125,170920.04496951218,167462.5594512195,169040.97675304877,592
2015-07-16,162426.671875,166259.9713963443,162201.18366786212,165282.85583208007,816
2015-07-17,155286.203125,159044.339696273,155135.87766214908,158443.0378448693,795
2015-07-20,153482.3125,155511.70644588638,151753.56950905974,154309.10262610184,836
2015-07-21,153933.296875,155060.7380142212,152580.36750793457,153331.99493408203,599
2015-07-22,158743.671875,160923.39085434424,156714.2783425071,160923.39085434424,646
2015-07-23,160697.953125,161900.55707729186,156939.81577408794,158367.90796743453,505
2015-07-24,165433.15625,166109.62076896866,157841.72109268515,158142.37199000455,685
2015-07-27,169416.8125,170469.09083850932,166109.65200754214,168439.69689995563,832
2015-07-28,164982.21875,171295.88908029613,164080.26584567197,167086.77552676538,1003
2015-07-29,162952.78125,165959.29012915128,162125.99130823338,164080.22207968173,550
2015-07-30,160923.390625,167161.89666043903,160096.60066849602,164380.87589765296,720
2015-07-31,161449.53125,162501.80938663875,159119.48680458567,159420.13770076816,537
2015-08-03,162727.3125,166184.79812355657,160021.45418591224,161374.3833429561,556
2015-08-04,164005.125,165884.1938015582,162351.54445462878,163178.3347273144,608
2015-08-05,160171.78125,161675.03588397466,156864.62105525573,161073.7340303848,1017
2015-08-06,167612.90625,169867.788396861,159044.35409192825,159795.98147421525,763
2015-08-07,168590.0625,172573.6885867142,167237.1328856442,169116.20179447168,713
2015-08-10,162577.015625,165057.38618238558,161449.574462552,165057.38618238558,440
2015-08-11,168740.3125,171596.49596325168,163328.59646436526,165207.664532294,548
2015-08-12,167161.921875,177684.7047268435,166109.64358981565,172348.15056626574,771
2015-08-13,168063.875,169040.99055232556,164230.57552549193,166560.62030411448,556
2015-08-14,167086.734375,170168.40603913632,166485.43258687586,169191.29063343455,696
2015-08-17,163103.15625,169567.15230414746,162877.668015553,168289.3856422811,577
2015-08-18,165358.015625,166109.64296874998,163178.296328125,163704.43546875,408
2015-08-19,168514.859375,171596.53164724575,164380.90876588982,167011.60460805084,781
2015-08-20,182870.90625,182870.90625,171821.9858970407,173400.4030903206,922
2015-08-21,206096.234375,206096.234375,185952.61992842815,190763.03531865426,1908
2015-08-24,230824.75,338232.294041029,206096.2111690003,269007.4178606317,2464
2015-08-25,233756.140625,234282.2798482717,200985.183289791,205419.78531450965,1535
2015-08-26,198279.328125,227517.63693494126,196700.91042574868,212936.06390376232,1781
2015-08-27,183096.421875,196625.7141317734,182720.60820120072,189109.44065578817,1520
2015-08-28,183397.09375,187080.06817366803,181142.21144979508,185952.62702356555,1182
2015-08-31,190161.734375,191289.17548789526,183246.76221590908,186253.27185029644,1024
2015-09-01,207824.9375,210004.6565551537,195498.2504294756,204141.96392405062,1601
2015-09-02,190687.875,203766.1920082775,190236.8985514387,196475.4060898699,1266
2015-09-03,193393.71875,194671.48525553828,184148.70226875241,187906.83904974736,1023
2015-09-04,199782.53125,203240.0167419112,196174.7203019187,200759.64671510534,1167
2015-09-08,182946.09375,190913.34351889894,182344.79188064914,188508.13604149548,1157
2015-09-09,189334.9375,190612.70404922587,176406.94653136164,176482.1092695514,1302
2015-09-10,183321.90625,190462.36590303402,179263.1186577491,189861.06403751537,1422
2015-09-11,179939.5625,187080.0213293651,179939.5625,185576.76683897243,920
2015-09-14,181743.46875,183622.53687189825,177835.0070564516,177835.0070564516,545
2015-09-15,175053.984375,182194.44316230144,173475.56716938602,180014.72416407257,944
2015-09-16,172423.3125,176857.91382410636,171671.68515693114,175129.17093504797,1031
2015-09-17,171822.015625,174227.22319280403,164230.57923911855,172723.9684629265,1253
2015-09-18,179037.65625,180165.09741026448,173250.1249606423,179789.28369017632,984
2015-09-21,177684.671875,182419.92328283627,173174.9086294416,176406.90562209178,1059
2015-09-22,185426.4375,190387.17721422782,183923.1830411431,185952.5765605999,767
2015-09-23,185576.8125,188057.1830194411,182645.46552247874,184223.88312575943,693
2015-09-24,186854.546875,195272.77263927998,185125.80408412107,190537.5206468725,1001
2015-09-25,191965.609375,195347.93217134886,180540.8745962216,180841.5255114526,1036
2015-09-28,208726.875,209929.4785289881,194070.1444904573,194445.95809326612,1156
2015-09-29,211207.3125,216092.8909030249,200383.87726868328,206847.87330960855,1392
2015-09-30,197452.484375,205043.919822992,196325.04346688237,202488.38709792538,1264
2015-10-01,194671.5,203766.1916988417,194295.68629343627,195798.94111969112,941
2015-10-02,183998.40625,204066.8598728554,183998.40625,202488.44217218139,1239
2015-10-05,176106.296875,181142.20037078531,174678.2048388818,180390.57298335468,1153
2015-10-06,178285.984375,182720.58516678965,175655.28899004005,177384.03167158517,930
2015-10-07,175580.140625,182269.6237224422,174227.21145922516,175279.48969927224,1139
2015-10-08,173400.421875,182495.11240247075,172423.30636378413,177609.5348463914,1184
2015-10-09,170920.03125,174452.6792133905,169942.9158558707,172874.26203825857,756
2015-10-12,169867.78125,171822.01236172565,168740.3402240044,170168.43219026548,604
2015-10-13,173174.953125,173475.60408528647,167462.5848795573,172573.6512044271,966
2015-10-14,173776.265625,175955.98521977727,170393.94211586288,172949.4754338776,754
2015-10-15,165282.890625,172573.6775238745,165207.72787346522,171746.88725699182,1264
2015-10-16,162877.609375,166485.4198272381,162802.44665724505,164080.21285907936,612
2015-10-19,160246.9375,164831.86394817074,159946.28658536586,163854.74847560975,501
2015-10-20,162802.453125,164380.87026056094,160171.7578990651,161224.03598943906,493
2015-10-21,165508.3125,165959.28882833789,159795.94567438692,160171.75928133517,632
2015-10-22,155662.0625,162727.36132906808,155286.24873249637,161224.1062590536,998
2015-10-23,142658.90625,145590.25363869863,140629.51190397787,143109.88277133825,1213
2015-10-26,142283.046875,144537.9287589144,141456.25685089803,143034.67416963814,556
2015-10-27,141155.609375,143485.65404519436,140779.79571851704,143410.49131389777,490
2015-10-28,137998.765625,144162.10918777232,137998.765625,140629.46104813452,753
2015-10-29,138675.21875,140178.47315379404,137848.42882791327,139802.65955284552,493
2015-10-30,140178.46875,140403.95690348526,137622.93634383378,138374.56352211797,457
2015-11-02,135668.75,140178.5145429363,135142.6108033241,139351.7243767313,576
2015-11-03,134165.484375,137096.83109243697,132737.3923844538,136420.36646533615,581
2015-11-04,134015.125,135743.86749859786,132511.87065339315,132812.52152271452,525
2015-11-05,135292.9375,137322.3315625,132812.56697916667,133564.19440972223,568
2015-11-06,134917.109375,138524.92065633705,134466.13296483288,136044.55040041782,549
2015-11-09,139126.171875,141681.70393537276,135969.33815336303,136420.31439931117,619
2015-11-10,140403.953125,142733.99731497592,139952.97683016595,141756.88200950215,512
2015-11-11,140779.78125,141531.4084857181,137096.80779498132,138975.87588427655,523
2015-11-12,145064.09375,145214.4192357513,140479.1664345855,142809.21146373058,708
2015-11-13,153407.109375,153707.76025079616,146266.65107484075,146717.62738853504,1001
2015-11-16,147018.265625,154985.5131486452,146717.61477505113,153933.23517382413,842
2015-11-17,146717.65625,147694.77178855022,143410.49596567624,146041.19164638832,614
2015-11-18,137923.59375,145289.5404461853,137698.10558583107,144763.40139645778,691
2015-11-19,137998.765625,138675.23016237744,135969.37201286765,137923.60289862473,595
2015-11-20,135067.4375,136270.04128408458,134766.78655397886,135894.22760155814,463
2015-11-23,136194.84375,137848.42353062914,133413.823209851,134841.91483857617,436
2015-11-24,136420.375,140930.13946280992,135593.58484848487,138975.9081955923,584
2015-11-25,136270.046875,137096.83701047988,135443.25673952012,135894.23317705462,226
2015-11-27,135368.09375,136946.5112784564,134766.79183439756,135292.93101054968,168
2015-11-30,136570.671875,137923.60093044853,134390.9528412218,134541.27829182718,362
2015-12-01,132511.9375,135518.44770986954,132511.9375,134992.30842314236,501
2015-12-02,134917.109375,135593.5739902507,130482.50800835654,132286.41364902508,500
2015-12-03,141832.09375,144162.13874536302,133188.3784446211,133789.68037890832,960
2015-12-04,131910.625,141381.1314102564,131158.9975071225,140554.34116809117,1075
2015-12-07,133639.390625,135518.45967203318,131384.50776856017,131609.99605420415,579
2015-12-08,133413.84375,137923.60748239438,132286.40281690142,137698.11929577464,787
2015-12-09,139577.1875,142057.55755250403,133113.19281771674,135443.23741249327,928
2015-12-10,137698.140625,139877.86009995907,134992.28196643014,138675.25625170578,462
2015-12-11,147093.46875,147469.28241568728,141456.26376469084,142433.37929547776,921
2015-12-14,143936.640625,152881.00628263707,143786.3151517624,146792.82461651435,1017
2015-12-15,141381.109375,141832.0858004386,137547.80975877194,140028.1800986842,657
2015-12-16,135142.640625,142734.0792807981,134315.8502763487,138374.63926063682,802
2015-12-17,139426.859375,140930.11392351752,133188.3529986523,133188.3529986523,710
2015-12-18,148822.234375,148822.234375,141381.12265625,142283.07559185606,723
2015-12-21,144011.828125,148145.77934988256,144011.828125,144913.78111951984,443
2015-12-22,141456.265625,144162.12405353348,140704.6382837407,141907.24202975558,376
2015-12-23,138224.28125,139877.86155859163,137923.63028480153,139201.39688689506,378
2015-12-24,138073.9375,138449.75115677735,137171.98472373435,138299.42569406642,148
2015-12-28,138374.609375,142207.90925448126,138374.609375,139201.3995450842,351
2015-12-29,132136.0625,136345.17484357225,131083.78441410695,136044.5239618885,514
2015-12-30,135593.578125,135593.578125,132211.25494560698,132361.58042024667,411
2015-12-31,140178.46875,140704.60777479893,136194.84470509386,137021.63460120643,562
2016-01-04,148972.546875,154684.9149690969,148972.546875,150099.98794620333,918
2016-01-05,150475.796875,152354.86526754496,146717.6600899101,147093.4737684191,607
2016-01-06,154684.9375,158217.5867043246,152129.4040330418,158217.5867043246,636
2016-01-07,169116.171875,169266.4973611111,158668.5505902778,164531.2445486111,1259
2016-01-08,173024.625,173851.41512814944,162201.19059513466,165508.3511077324,1124
2016-01-11,171822.015625,179714.10295685698,168063.87880030624,169491.97079368986,1028
2016-01-12,165282.890625,172949.49128154843,163028.00807895634,166710.98290416098,1035
2016-01-13,182795.75,183622.53998766447,162576.97666529604,163629.25483141447,1203
2016-01-14,170995.234375,189560.43125000002,166259.98173076924,180766.390625,1717
2016-01-15,186929.734375,193544.0554948231,181593.17983514274,188057.17547496984,1498
2016-01-19,186102.90625,192491.73784581988,178586.63378432955,179563.7492048667,1485
2016-01-20,187606.203125,206923.02772561097,181668.34653570713,194746.66358047878,2087
2016-01-21,186854.546875,192867.56527805713,178736.9720308729,185276.1295441975,1535
2016-01-22,170769.71875,177684.68975572183,170694.55602167692,175880.7842759683,1344
2016-01-25,178361.15625,178962.45808312262,169792.60512800253,172723.95156447534,985
2016-01-26,173625.890625,180841.5120535714,171371.00892857142,176256.5859375,780
2016-01-27,186629.0625,188808.78171566656,174452.6999848973,176632.41920056383,1244
2016-01-28,178962.46875,188357.81045254096,177083.40040949182,177609.53954483412,1230
2016-01-29,167462.5625,179112.78565417413,167312.23703994614,178511.4838139587,1068
2016-02-01,166335.140625,171822.02054620426,164155.42120424763,169942.9520800384,764
2016-02-02,176632.4375,178436.34324468084,168289.37343085106,168289.37343085106,922
2016-02-03,179413.4375,188658.45334101384,173250.09360599078,173250.09360599078,1810
2016-02-04,179488.609375,185877.44178575167,175279.4962573283,180991.86405988273,1252
2016-02-05,198129.0,200383.88239757207,181292.54476479514,181367.70751138087,1478
2016-02-08,207298.8125,218197.4085161349,204818.44237219,209253.0435097897,2019
2016-02-09,209403.390625,216619.01356110914,199857.722782439,215641.8979551777,1772
2016-02-10,206847.8125,207373.95155795786,193919.82421875,201661.58464298694,1583
2016-02-11,207223.6875,216468.70511425464,202789.08555495105,214890.2874727965,1581
2016-02-12,198354.4375,206622.3375094733,197753.1356811292,200684.48204812428,986
2016-02-16,185501.640625,193168.24003494735,185426.4778856868,189334.94032997367,947
2016-02-17,172498.453125,182344.77005718954,171596.50042892157,180691.1901143791,1136
2016-02-18,178210.796875,178962.42402335512,170694.52539144875,170920.0135359553,960
2016-02-19,176482.09375,182119.2986185051,175129.16458155878,180465.71852374362,736
2016-02-22,168063.875,172197.82541368515,167537.73585644006,171446.19806574238,704
2016-02-23,176181.453125,176632.42954084897,169642.29509518985,171145.54981468644,757
2016-02-24,171220.703125,185802.27310140475,170619.40127030291,182419.95016873354,1260
2016-02-25,166410.28125,174903.66958841463,166410.28125,170469.06859756098,802
2016-02-26,166936.40625,168063.84708464655,162351.48018910398,162952.78196758215,791
2016-02-29,171521.34375,171521.34375,163629.257381135,167537.71920190623,670
2016-03-01,154910.359375,168138.99753608686,154910.359375,166560.58048277537,1183
2016-03-02,154760.0625,158367.87357333658,154684.89976930548,155586.85253763964,676
2016-03-03,155662.0625,158894.06090053116,155060.7604719942,155286.24873249637,688
2016-03-04,155511.703125,158443.0498731271,152430.03090260996,155060.72670221122,900
2016-03-07,158292.71875,161599.8790657645,155060.72116868471,157766.57960885565,910
2016-03-08,162201.21875,163028.0090216636,157390.80262395737,161900.56774212234,1123
2016-03-09,159194.640625,163103.10205677524,158969.1524654745,160472.40686231115,718
2016-03-10,159720.8125,166034.48226470588,154384.25829411764,156639.14035294118,1175
2016-03-11,151528.0625,156188.15172371033,151452.89977058533,154760.05986483136,881
2016-03-14,150701.25,153256.7824189526,149573.80922693267,152805.80610972567,704
2016-03-15,150776.421875,153707.7680629985,150325.44553838484,152430.00177592222,638
2016-03-16,146717.65625,151979.04761142418,145590.21524398052,151979.04761142418,1003
2016-03-17,147168.640625,149724.1737104188,146041.19955790348,148296.08169209654,612
2016-03-18,146191.53125,148747.06444408742,145214.41561696658,146191.53125,757
2016-03-21,144688.265625,147394.12409902597,144237.28921266235,147318.96136363636,588
2016-03-22,143410.484375,147093.4580303328,142358.20618776206,146867.96984735323,652
2016-03-23,146867.984375,147845.0999312308,143861.47497121288,143936.63770630758,694
2016-03-24,146642.484375,149799.31899506663,146567.32164595078,149498.6680788698,614
2016-03-28,147394.140625,148145.7680631693,145515.07202957672,145590.23477339366,395
2016-03-29,140328.84375,148897.39660886448,139953.03002811997,148220.93190948045,749
2016-03-30,138224.28125,139126.23414559543,135593.58530451334,137848.4675435019,1076
2016-03-31,138975.890625,139426.86701426446,136946.4968733099,138524.91423573552,547
2016-04-01,134315.8125,141907.2490207051,134240.64976217123,141230.78438024622,744
2016-04-04,136044.53125,136871.32121892265,134090.30041436464,134841.92765883976,582
2016-04-05,139727.546875,140404.01159897793,137547.82720884884,139126.2448981307,689
2016-04-06,132962.875,139502.03278688525,132887.71226681743,139502.03278688525,880
2016-04-07,138825.5625,140328.8171020574,134616.4496142393,135142.58872495938,870
2016-04-08,139126.171875,140479.1006128444,135142.5483691248,136119.6635686791,967
2016-04-11,140554.296875,140554.296875,135142.58063168448,137171.9742229278,832
2016-04-12,136946.5,142809.193194292,136194.87266739848,140403.98572996707,1247
2016-04-13,131760.265625,134390.9611737022,131158.96378529663,133864.82206396176,879
2016-04-14,131760.265625,132812.54384448088,130257.01102574158,131685.10289503707,637
2016-04-15,132737.359375,133714.47470448754,131158.94230428935,132286.38306908266,564
2016-04-18,130632.8203125,134090.30577531646,130407.3321301424,133789.6548655063,502
2016-04-19,133038.046875,134992.2780720339,129655.7236493644,129881.21186440678,672
2016-04-20,132662.1875,134315.76717422096,130783.11968838527,133038.00106232293,589
2016-04-21,132662.1875,134390.92988668554,131158.9332507082,132737.35021246457,671
2016-04-22,138600.0625,141681.73417163774,135969.36717055313,137547.78436822124,884
2016-04-25,138675.21875,140629.44947493225,138600.05602981028,140028.14771341463,423
2016-04-26,140178.46875,141907.21126005362,137021.63460120643,137923.58721514748,473
2016-04-27,143936.640625,147394.12650946475,143034.6877855744,144913.7562010444,1004
2016-04-28,149047.703125,150024.81867750883,140930.1277656959,143485.66074918053,784
2016-04-29,151452.90625,155135.88014888339,148296.07147952853,149573.83793424317,1194
2016-05-02,147318.953125,152279.6933832908,146642.48854432398,150550.95056600764,630
2016-05-03,151377.75,152580.3537735849,148446.4033018868,150626.12264150943,829
2016-05-04,154233.921875,155436.52555433725,152505.17908595272,154008.43368512427,713
2016-05-05,154459.40625,155361.35898722627,151678.385310219,152580.33804744526,599
2016-05-06,151979.046875,157165.27547755933,151979.046875,156789.4618107072,754
2016-05-09,150851.5625,152204.4913116592,148596.6811472347,151979.00317638266,648
2016-05-10,144462.8125,149874.53076222684,144312.48699271592,149047.7404721644,550
2016-05-11,148371.21875,148596.70692439209,143786.29253736068,145064.0588589159,561
2016-05-12,150400.671875,153482.34481196903,146792.85965610945,147018.3479197901,944
2016-05-13,151979.046875,152880.99967544508,148070.58473973788,150701.28040770275,882
2016-05-16,146416.953125,151753.5053179543,144688.21086531057,151452.85449018222,595
2016-05-17,151903.921875,153031.36315561604,145439.9251994681,146567.36648008414,934
2016-05-18,150175.109375,153707.75709303052,147769.90241804303,152805.80448417165,1056
2016-05-19,152580.34375,155812.34117918718,150851.6009390394,152054.20463362068,981
2016-05-20,147544.4375,150926.7603158431,145665.36926897606,150550.9466696383,991
2016-05-23,148296.078125,148446.40359699694,145439.89415705777,147093.47434902433,377
2016-05-24,139201.390625,145740.5488239066,138675.25145957075,145665.38608598814,788
2016-05-25,136194.84375,138299.3998344371,134917.07755587748,137547.77266142383,656
2016-05-26,134992.296875,136721.04009778675,134466.1576332823,135743.92436316816,464
2016-05-27,132812.546875,134766.77789862762,132812.546875,134766.77789862762,423
2016-05-31,132060.953125,134090.34739612977,131459.65111873933,132286.44137734777,526
2016-06-01,132136.0625,133639.31690841867,131158.94713452787,133338.66602673492,525
2016-06-02,131309.28125,134917.09206854607,131234.11852461364,132962.86120850028,440
2016-06-03,133038.046875,135518.4172404661,131835.4430614407,132136.0940148305,712
2016-06-06,131609.96875,132962.89818318104,130482.52755568246,132286.43346659053,359
2016-06-07,132511.9375,132812.58852098696,131008.68239506522,131234.17066080545,305
2016-06-08,132136.0625,133413.82874715587,131158.94713452787,131910.5743387372,430
2016-06-09,132511.9375,134315.84362592173,132136.1237237663,133564.21607345433,543
2016-06-10,136871.296875,138449.71380766062,135443.20536449752,135969.34434205107,768
2016-06-13,140479.15625,141005.29541198502,137096.83306581058,139502.0406634564,821
2016-06-14,140403.953125,143560.78718883832,139051.02424049785,141531.39386208513,880
2016-06-15,141606.59375,142433.38384089703,138750.40979962845,139351.7116839172,704
2016-06-16,140554.296875,146567.31492312835,140028.15779578875,143936.61952707218,933
2016-06-17,145214.421875,146341.86303862577,141080.47094170548,141080.47094170548,683
2016-06-20,142734.0,142959.48815165876,138224.23696682465,140103.30489731437,861
2016-06-21,141456.265625,142884.35757339268,140479.15008136292,141982.40476388152,460
2016-06-22,142132.734375,142658.87352921732,138600.0857681121,141080.4560665653,649
2016-06-23,136345.1875,140779.78841648292,136194.86204520398,138675.2320493385,633
2016-06-24,152956.15625,153858.10901412775,144688.25591216216,151603.22710380834,2228
2016-06-27,161900.5,164230.54433611885,156188.13324048283,156263.2959610028,1717
2016-06-28,151603.234375,157014.95121932324,151452.90890710213,156864.62575142537,1229
2016-06-29,143635.96875,148220.8950156986,142658.85331632654,147995.40683869703,1208
2016-06-30,138750.4375,144312.48104008668,138449.78649783315,142884.38877979416,886
2016-07-01,136570.671875,138900.7163593836,134917.09191834068,138750.3909087782,700
2016-07-05,139051.0625,141155.61912162162,138073.94692567567,138675.24881756757,908
2016-07-06,135668.75,142283.07132963988,135368.0990304709,141080.46745152352,1023
2016-07-07,134390.96875,136270.03710500558,133413.85320539708,135217.75882620245,633
2016-07-08,128152.453125,132887.70505865102,127926.96493768328,132436.72868401758,944
2016-07-11,125972.71875,126874.6713902148,124544.62706965991,126874.6713902148,648
2016-07-12,124018.5078125,124544.64693655304,122966.22956439394,123717.8568844697,607
2016-07-13,124920.46875,124995.63148691335,122966.2375902527,123266.88853790612,542
2016-07-14,122364.9140625,123342.02946963298,121613.28682624386,122515.23950975122,516
2016-07-15,123116.5703125,123793.0349845467,121312.66452037546,121613.31548572954,395
2016-07-18,120561.015625,122815.89746337282,119884.55107348815,122815.89746337282,554
2016-07-19,121838.8125,122440.11447409006,120711.37129858111,121763.64975323874,380
2016-07-20,117629.703125,120335.56211062301,116878.07562899361,119959.74836261981,580
2016-07-21,118306.1484375,119358.42675905336,116652.56821791614,117329.03285320044,458
2016-07-22,116953.2109375,119208.09289644923,116502.23454571016,118080.65191697462,357
2016-07-25,116802.8828125,118005.48649654118,116727.72008224743,117329.02192426802,300
2016-07-26,116502.2109375,118230.95342237904,115149.28203629033,117028.3499546371,427
2016-07-27,114097.0390625,115449.96837944664,113119.9234447052,113570.89988368742,547
2016-07-28,112894.421875,114548.00195572569,112443.44548934753,113495.72372253661,459
2016-07-29,112142.796875,113195.07512985925,111240.84408512064,111992.47141002011,549
2016-08-01,110414.0546875,112293.12301097685,109436.93915929203,111917.30934628147,580
2016-08-02,112894.421875,114923.81561043608,110564.3772157956,110865.0281395639,802
2016-08-03,111691.859375,113345.44006561238,111691.859375,113345.44006561238,398
2016-08-04,110865.046875,112668.95272245763,110414.07041313559,111766.99979872881,379
2016-08-05,107557.8671875,109436.9354472397,106806.23988360412,109061.12179529177,445
2016-08-08,107933.703125,108985.98156772285,107257.23841182103,107633.05214136491,301
2016-08-09,107106.8984375,107933.68853070177,106129.78287280703,107708.20032346492,632
2016-08-10,107933.703125,108835.6560759053,106956.58742818594,107106.91292000348,329
2016-08-11,106655.890625,107557.84318842494,105829.10077519379,106956.54147947498,279
2016-08-12,106355.2734375,107482.7144986749,106355.2734375,107182.06354902826,301
2016-08-15,105077.5,106054.61552217453,104325.87267525036,105904.2900572246,386
2016-08-16,106655.890625,106806.21605223749,105603.61263433755,105678.7753479563,345
2016-08-17,106204.9375,108459.8194002123,106054.61203998585,106731.07661004954,522
2016-08-18,106129.7734375,107031.72618626062,105678.7970631197,106505.58708281693,291
2016-08-19,106204.9375,107557.86664012738,105453.31019992923,106655.91388004246,530
2016-08-22,106054.6328125,107257.23672816265,105378.16810993977,106731.09751506025,400
2016-08-23,105378.1484375,105528.47389889444,104175.54474634452,104776.84659192225,370
2016-08-24,107557.8671875,108534.98268256465,105227.8225454228,105678.79892776032,515
2016-08-25,107933.703125,108685.33058408774,106956.58742818594,108384.67960045265,519
2016-08-26,107482.6953125,109436.92613636363,105378.13904064686,107783.34620847902,1044
2016-08-29,107031.7265625,107482.70293846558,106129.77381056882,107407.54020913798,405
2016-08-30,108008.8125,109136.25313152402,106580.72103340292,107557.8362473904,589
2016-08-31,108384.671875,109812.76394547505,108084.02091279473,108610.16009665396,545
2016-09-01,107633.046875,109887.92914193436,107182.07042161313,108234.34881284916,697
2016-09-02,106580.7578125,107708.19883308357,105302.9913225053,105979.45593485543,554
2016-09-06,104551.359375,106731.07858554996,104551.359375,105979.45127156722,615
2016-09-07,104401.046875,105528.48798596112,103799.74494915406,104250.72139353852,371
2016-09-08,106204.9375,107031.72753007784,105152.65927990092,105152.65927990092,433
2016-09-09,114172.1953125,114172.1953125,108159.17646786537,108910.8038234447,1303
2016-09-12,108084.0234375,116201.59960665855,107557.88424135084,116201.59960665855,1503
2016-09-13,110940.1796875,112443.4341548103,108685.29798653456,109737.57611365177,1459
2016-09-14,109286.609375,110714.70124441196,107482.70385574277,110714.70124441196,890
2016-09-15,104325.890625,109286.63182186599,103799.75140715057,109136.30633105186,1021
2016-09-16,104551.359375,105979.45127156722,104100.38298661035,104551.359375,698
2016-09-19,105678.7890625,106355.25357285739,102597.11740420519,103724.55825480085,632
2016-09-20,105152.6796875,105753.98164425483,103874.913029396,104626.54047533954,439
2016-09-21,102070.9921875,105678.8033988402,101620.01578608247,103874.8977931701,1085
2016-09-22,99665.7734375,100567.72613829185,99289.95981217005,100267.0752380279,627
2016-09-23,101544.875,101920.68874907476,100041.62000370097,100191.94550333088,549
2016-09-26,104100.375,104551.35135379061,102897.7713898917,103423.91046931408,673
2016-09-27,101018.71875,104626.53013392858,100868.39327566964,104250.71644810268,563
2016-09-28,100417.4140625,102070.99423418786,100342.25132742328,100642.90226773015,490
2016-09-29,102597.140625,103950.06995192308,100417.42115384617,101093.8858173077,945
2016-09-30,100492.578125,102221.32105459984,99440.29982002618,101920.67011032162,652
2016-10-03,100718.0703125,101995.83687616604,100417.41935634328,100868.39579057836,622
2016-10-04,101244.2109375,102371.65203925391,99214.81695434298,99966.44435551226,799
2016-10-05,100116.75,100492.56362612612,99214.7972972973,100492.56362612612,502
2016-10-06,100342.2265625,101770.31817649813,99665.76211376405,100642.87742860487,539
2016-10-07,100943.5703125,102446.82526875465,99590.64085187082,100116.78008655994,620
2016-10-10,98989.3203125,99515.45944855733,98388.0184427202,99515.45944855733,460
2016-10-11,103198.4296875,104626.52157683905,99289.96767457211,99515.45586762564,801
2016-10-12,103499.0859375,104551.3642258987,102446.8076491013,103198.43499795752,642
2016-10-13,104551.359375,107482.70589953271,103799.73206101725,105753.96307737239,913
2016-10-14,104401.046875,104551.37235646148,101845.51369015478,103123.2802825774,605
2016-10-17,105227.8359375,105603.64963727677,103950.06935825892,104551.37127790178,572
2016-10-18,102296.484375,102521.97258449669,100868.39238152093,101394.53153701322,639
2016-10-19,102521.9765625,102972.95299899192,101920.67464717741,102521.9765625,423
2016-10-20,102747.4375,104551.34276700804,102070.97302487197,102897.76293891734,485
2016-10-21,101695.171875,103499.07736280488,101394.52096036584,102597.12461890244,415
2016-10-24,98012.2109375,99665.79118337807,97786.72272215299,99590.62844492905,764
2016-10-25,98989.3203125,99365.13398111238,97711.55383921793,97786.71657294041,489
2016-10-26,100793.2265625,101770.3421071029,99214.8091442953,100943.55203090045,574
2016-10-27,102221.3125,102672.28887867647,99365.12876838235,99440.29149816177,575
2016-10-28,104100.375,105077.490433213,101620.00505415162,103198.42229241878,959
2016-10-31,104551.359375,104626.52210639828,103048.10474703451,103048.10474703451,425
2016-11-01,106806.25,109587.27128782547,103950.06597466572,104025.22871217452,875
2016-11-02,109361.7578125,110188.54773410653,106355.24900665808,106956.55076782647,982
2016-11-03,112593.7734375,113044.74983311082,108910.79954001169,110038.24052903873,824
2016-11-04,113871.5625,114472.86448019801,111165.7035891089,113495.74876237623,889
2016-11-07,105603.65625,108835.65427046263,105378.16801601424,108309.51505782918,997
2016-11-08,103724.5859375,106806.2584182518,102221.33106884058,106129.79372735506,740
2016-11-09,102146.1484375,107633.02763980869,101695.1720647075,107407.53945341244,2194
2016-11-10,107182.0859375,111240.87460553997,100267.11265120968,100718.08916988078,2622
2016-11-11,106881.3828125,109662.403321686,106280.0810807841,108760.45072411216,1218
2016-11-14,110188.5390625,111917.2814898107,106580.72877941678,106881.37963634038,1054
2016-11-15,105678.7890625,108159.15893381045,104551.34821190433,107783.34531694523,1112
2016-11-16,103724.5859375,107182.07213541666,103574.26045063406,107106.90939198369,612
2016-11-17,101544.875,104551.38499259808,101469.71225018505,103874.92024426351,759
2016-11-18,102672.3046875,102972.95565290995,100642.91067098279,101319.37534315519,470
2016-11-21,99515.46875,102146.1646761707,99214.81778700906,102146.1646761707,695
2016-11-22,98538.3515625,99289.97895809497,97861.88690646454,98463.18882294052,466
2016-11-23,99665.7734375,101018.70248868778,99214.79708710407,99515.44798736802,627
2016-11-25,98839.0,99740.95285171103,98688.67452471484,99440.30190114069,231
2016-11-28,99440.296875,99740.94781037414,98087.36766581632,99214.80867346938,536
2016-11-29,98388.0234375,100041.60366334034,97035.09416181245,99214.81355042018,871
2016-11-30,102070.9921875,102070.9921875,97937.04184117267,98087.36730831185,774
2016-12-01,107106.8984375,107783.36305921053,102070.99514254386,102070.99514254386,908
2016-12-02,106655.890625,108008.81947013742,105378.12449348131,107106.86690671247,665
2016-12-05,104025.2265625,106505.59684903361,102897.78552316655,104927.17939396677,564
2016-12-06,103499.0859375,104701.68969566993,102897.78405841504,103348.76046772876,301
2016-12-07,99440.296875,105002.33917942176,99139.64593962584,104100.38637329932,904
2016-12-08,98989.3203125,99966.43585089219,98237.69297527525,99365.13398111238,1025
2016-12-09,96809.625,97937.06628493789,96584.13674301242,97937.06628493789,887
2016-12-12,97937.046875,99214.8134113584,97410.90771297006,97937.046875,713
2016-12-13,94178.9140625,97110.26094872307,92675.65924905227,97035.09820805068,1399
2016-12-14,94780.1953125,95682.14800381642,92976.28992986717,93953.40534545995,1393
2016-12-15,94178.9140625,95156.02969124103,92750.82198972466,94479.56502518954,1080
2016-12-16,95381.515625,95982.81753595351,93276.95893666273,93878.26084761624,748
2016-12-19,94254.0703125,95606.99955143541,92525.32739608253,95156.02313845693,627
2016-12-20,93126.625,93727.92685633575,92675.64860774818,93577.60139225182,397
2016-12-21,93427.2734375,94103.73800784393,92976.29705727071,93126.62251734715,347
2016-12-22,94329.2265625,95306.3420567729,93352.1110682271,93352.1110682271,441
2016-12-23,93953.4140625,95005.69230000001,93953.4140625,94705.041375,310
2016-12-27,92675.65625,93652.77184712085,90946.91327047852,93577.60910888079,661
2016-12-28,94780.1953125,94930.52076105274,91773.68634144528,92074.33723855075,831
2016-12-29,95231.1875,96057.97760457774,94178.90918508287,94855.37381610103,566
2016-12-30,97937.046875,98914.16246162701,94705.04916538757,94780.2119028204,1196
2017-01-03,95531.84375,97110.26130999213,94329.23989476789,96057.98293666403,860
2017-01-04,93878.25,95156.0164131305,93352.11088871097,95156.0164131305,827
2017-01-05,92450.1640625,94103.74423272358,92149.51312245935,94028.58149771341,589
2017-01-06,89894.6328125,92750.81679818145,89143.005447847,91999.18943352843,888
2017-01-09,89067.84375,89894.6338607595,88541.7045886076,89669.14564873418,663
2017-01-10,88466.546875,89518.82525754035,87639.75671728971,89067.8488078802,773
2017-01-11,87865.234375,89744.30268926434,87714.90890985886,88316.21077042344,732
2017-01-12,88147.109375,90589.89859238434,87996.78388469941,88692.03927733959,1715
2017-01-13,87207.5703125,87996.7790936086,86812.9659219457,87996.7790936086,1291
2017-01-17,88034.34375,88785.97101787619,87526.99534418355,88015.5530683031,1405
2017-01-18,87526.9921875,88334.99147132621,87263.922653231,87677.31763565372,995
2017-01-19,87602.171875,88184.68309939404,86230.45189497534,87207.56749718469,1129
2017-01-20,87019.6640625,87752.5007928903,85817.0601972441,86549.89692763441,1533
2017-01-23,86906.8984375,88504.10630067567,86493.50346114865,87301.50273310811,1092
2017-01-24,85103.0078125,86775.3786880382,84708.40344860897,86343.19295615754,981
2017-01-25,82509.90625,83731.30089956729,82491.11556308357,83599.76609115236,1181
2017-01-26,82265.625,82716.60147327547,81777.06715395158,82228.04362722705,1004
2017-01-27,81795.828125,82622.61802564323,81589.1306498392,81814.61880456007,702
2017-01-30,83693.703125,85084.2136843287,82641.4248638864,82697.79691358891,1015
2017-01-31,84201.0625,85704.31735382727,84201.0625,84576.87621345682,1130
2017-02-01,82472.296875,83656.10974880382,82021.32054212235,82528.6689166097,998
2017-02-02,82735.375,83656.11844197138,82021.32906540995,82942.07250738134,943
2017-02-03,82040.125,82735.38029661016,81777.05542830967,82434.7293575355,805
2017-02-06,81739.4453125,82678.97916666666,81701.86395833333,82547.44442708333,648
2017-02-07,80837.53125,81457.62388859833,80348.9734135286,81288.50771443515,894
2017-02-08,80461.6953125,81645.50820476704,80142.25373839619,81175.74118402615,847
2017-02-09,79559.75,80348.9586679263,79052.4015706188,80179.84252479924,1110
2017-02-10,78789.34375,79465.80842326496,78451.11141336751,79127.57608663247,1030
2017-02-13,77436.3984375,78150.4443342787,77154.53821508735,78075.28160830199,952
2017-02-14,76647.1875,78094.06993135573,76647.1875,77380.0240561412,1190
2017-02-15,75331.84375,76966.63307557994,75219.09965858069,76797.51693845098,1142
2017-02-16,75388.2109375,75989.51271965355,74749.32779396187,75200.30413057702,1229
2017-02-17,74448.6796875,75764.027385159,74429.88900610487,75726.44602236875,1276
2017-02-21,73321.2421875,74129.24152477896,73170.9167294016,74035.28811346745,911
2017-02-22,73227.296875,73903.76151125866,73114.5527689569,73565.52919312933,712
2017-02-23,74072.8671875,74974.81990820015,72945.42628662482,72945.42628662482,1079
2017-02-24,73659.4765625,75143.94050342793,73659.4765625,74993.61504105548,1093
2017-02-27,73377.609375,74448.67819302177,73377.609375,74054.07389164533,675
2017-02-28,73997.6953125,74674.15976939436,73340.02153496382,73452.76561111287,863
2017-03-01,71611.3046875,73058.18751639989,71235.49096570782,72701.16448069732,1662
2017-03-02,72701.1328125,72945.41162525846,71630.06417194365,71667.64552775264,783
2017-03-03,72306.546875,73452.77851724921,72250.17482702053,72926.63940277416,641
2017-03-06,72757.53125,73659.48411673553,72438.08960969782,73076.97289030218,711
2017-03-07,73170.90625,73546.7198414227,72212.5815918721,73264.85964785567,702
2017-03-08,72776.3046875,73246.07169426155,72099.84019776336,73114.53693236831,936
2017-03-09,72607.2109375,73791.02415930707,72306.55996053312,72832.69917022515,820
2017-03-10,71724.046875,72663.58115421142,71367.02384889965,71648.88413266308,936
2017-03-13,71310.640625,71911.94246953228,71310.640625,71799.19837368248,587
2017-03-14,71893.15625,72738.73702136696,71761.62146334292,71817.99351476738,626
2017-03-15,70577.8046875,72118.64067908014,70070.456251248,71460.96678023496,1264
2017-03-16,70671.765625,71179.1141152619,70164.41713473809,70164.41713473809,875
2017-03-17,70878.453125,70897.24380716463,70220.7792492378,70521.43016387195,616
2017-03-20,70596.59375,71141.52353939312,70126.82669017834,70840.87262110726,644
2017-03-21,73772.21875,73941.33489079215,69600.68727712684,69807.38478253948,2101
2017-03-22,72344.1328125,74072.87572646105,72118.64460633117,73715.85273336039,1940
2017-03-23,72870.2578125,73246.07141648402,72024.67720353598,72607.1882897112,1108
2017-03-24,72419.296875,73283.66834782045,71348.22787607032,72212.59934889077,1313
2017-03-27,72081.0703125,74486.27808100886,71724.04728436196,74016.51093872197,1218
2017-03-28,70728.1328125,72569.61979858528,70126.83093949256,72212.59681148712,975
2017-03-29,69807.3828125,70840.87031039703,69732.22008538022,70634.17281081763,751
2017-03-30,69450.375,70089.25831980519,69224.88676948051,69844.97940340909,703
2017-03-31,69619.4921875,69995.30591050944,69036.98091683537,69751.0269905533,640
2017-04-03,69732.2109375,70897.23305502224,68943.00240627526,69450.35074777689,1191
2017-04-04,69412.78125,70389.8967413373,69375.19988494855,70371.10605881158,665
2017-04-05,70258.3828125,70652.98726263706,67909.54679977935,69130.94152639409,1823
2017-04-06,70145.625,70709.34553308331,69619.4858357889,70051.67157781945,1156
2017-04-07,70258.3828125,71028.80102467237,69638.29010514174,70277.17350060176,1065
2017-04-10,70183.203125,70765.71431559572,69337.62236445783,70089.24970716197,903
2017-04-11,71047.578125,72625.9956236776,70108.04389959667,70446.27622074187,1365
2017-04-12,71968.3203125,72212.59920651109,70991.2047364556,71141.53020969321,989
2017-04-13,72832.6796875,72870.26104956785,71047.56498927696,72268.9592564822,1120
2017-04-17,71047.578125,72325.34467154853,71028.78744049193,72268.97261802433,755
2017-04-18,71329.453125,71911.9644650619,70765.73247332718,71799.22033472735,854
2017-04-19,71028.7890625,71348.23070643189,69769.81317170965,70502.64988425927,1022
2017-04-20,69337.609375,70521.4222179878,68811.47033367208,70201.98065718157,1368
2017-04-21,69318.8359375,69844.97510970115,69018.1849819565,69112.13840556383,783
2017-04-24,66838.46875,67383.39863297723,66650.56189380096,67063.95697743885,1141
2017-04-25,65391.58203125,66368.6976248204,65034.559025906965,66218.3721488865,1218
2017-04-26,65635.8671875,65767.40199148297,64865.44904988549,65354.006893250786,916
2017-04-27,64508.41796875,65335.208062144986,64508.41796875,65166.09190667783,806
2017-04-28,64151.40625,64470.84793314295,63644.05769442004,63775.592505125955,815
2017-05-01,62516.6015625,63606.46116292831,62215.95063824391,63568.8797973963,1002
2017-05-02,62159.578125,62685.71723851269,62065.624711872726,62234.74085550181,780
2017-05-03,62760.87109375,63249.4287729229,62535.38293413174,62554.17361409993,1007
2017-05-04,62666.953125,63324.627295727136,62422.67414730135,62723.32519677661,973
2017-05-05,62009.25390625,62911.206690340914,62009.25390625,62215.95141927084,628
2017-05-08,61595.83984375,62291.09489994852,61595.83984375,61934.07203325198,476
2017-05-09,60956.9765625,61464.325011078145,60543.58153032522,61332.790228113445,1278
2017-05-10,60863.03125,61501.91456661007,60787.8685068694,60881.82193578265,733
2017-05-11,61013.359375,62178.381943909764,60956.98731521404,61351.59173371574,907
2017-05-12,60581.171875,61069.729712701606,60562.38118893455,60919.40422417803,682
2017-05-15,60036.23828125,60675.12156812402,59942.2848567097,60562.37745867567,603
2017-05-16,59303.40625,60092.61507842206,59284.615563609004,59604.057232256026,744
2017-05-17,63794.37109375,63831.952461110086,60355.67598030191,60693.908286542704,2811
2017-05-18,62140.80078125,64113.822880443,61520.70812150362,63831.962580558284,2159
2017-05-19,61370.37109375,61595.85929127756,60581.16240240355,61558.277925022965,1211
2017-05-22,59810.7421875,61032.1365457116,59735.5794577639,60994.55518084354,865
2017-05-23,59660.4140625,60092.59973917323,59284.60043061024,59284.60043061024,819
2017-05-24,58833.625,59622.83363941233,58758.462272436926,59115.48522836155,710
2017-05-25,57349.15625,58570.55046895478,56898.17992300131,58138.364822247706,1354
2017-05-26,57048.51953125,57555.86802510499,56973.35679141963,57292.7984356987,623
2017-05-30,56916.9765625,57236.41816090294,56710.279057651045,57142.464749607956,583
2017-05-31,57010.94140625,57837.73159144282,56315.686023246955,56353.26739530117,1204
2017-06-01,56278.09765625,57330.37594297788,56259.30697255843,56616.32996269825,957
2017-06-02,54380.23828125,55996.23706915169,54361.44759766975,55733.16749902816,1678
2017-06-05,54417.8203125,54662.09920202434,54135.960055356525,54399.029628690434,594
2017-06-06,55075.50390625,55319.78283862163,54098.388176763474,54568.15535440123,1119
2017-06-07,54436.6171875,55376.15148483345,54305.08238587331,54624.52404696669,1017
2017-06-08,54248.6953125,55150.647988288016,54004.416462807414,54041.99782429858,1200
2017-06-09,58251.10546875,60449.61493321573,53891.667898185486,54060.784010836695,5265
2017-06-12,59247.02734375,61483.11876585791,58983.95776467848,59754.375817673645,5889
2017-06-13,57856.51171875,59209.440865794495,57612.232844978076,58251.11605330464,2702
2017-06-14,58589.3671875,60017.45952433451,57161.27485066549,57180.06553930805,3829
2017-06-15,59397.33984375,61483.10533652325,59209.43304259925,60430.827250079084,3693
2017-06-16,60111.40625,60844.24302516412,59528.89496717724,59528.89496717724,1757
2017-06-19,57217.61328125,58720.86748896757,57029.7065052853,58495.37935780993,2125
2017-06-20,58514.1953125,58589.35805535485,57161.265941112724,57386.75416967727,1803
2017-06-21,56841.8203125,58251.121642561986,56747.86689049587,58175.95890495868,1924
2017-06-22,56860.609375,57311.585787756114,56240.51680746034,56597.53980089227,1524
2017-06-23,56240.51171875,57537.068788109755,56015.02353277439,57086.092416158535,1230
2017-06-26,56992.1484375,57367.962142989614,54981.54511313056,55282.196077522254,1857
2017-06-27,60055.0234375,60111.39548703458,57461.90915890958,57687.39735704787,2929
2017-06-28,57574.65234375,60505.99887300098,57386.745514951865,59472.51131461121,2750
2017-06-29,60506.01171875,62197.173536975926,58269.91998131793,58288.71066818711,4432
2017-06-30,60656.32421875,61050.928558463056,59547.67393098474,60055.02236775868,2631
2017-07-03,62347.48828125,62516.60443391162,59434.93231874435,59660.42052229317,1950
2017-07-05,60618.734375,62460.22103611284,60073.80464875233,61877.70994943429,2387
2017-07-06,62178.375,62854.839641885774,61201.25940616501,61971.67747053491,3340
2017-07-07,60299.30078125,61614.64857018347,59716.78961757947,61614.64857018347,2230
2017-07-10,59059.12109375,60581.16653078269,58626.93535237035,60092.60873617961,1430
2017-07-11,58589.3671875,59979.87814704939,58326.29754650417,59340.99473320237,1627
2017-07-12,56484.8046875,57424.339030272786,56278.10713208999,57048.52529316367,2232
2017-07-13,56127.765625,56597.532662370264,55714.37063211416,56296.881758453295,2154
2017-07-14,54812.41796875,55902.27749641112,54586.92979061321,55451.301140137555,2336
2017-07-17,54737.2734375,55037.92444161946,54154.76211701854,54662.11068647013,1525
2017-07-18,53666.19140625,55357.352900144426,53609.81935645352,54850.0044519761,1906
2017-07-19,52689.07421875,53234.00401630483,52463.58602665835,53177.63196828192,1666
2017-07-20,52463.59375,53215.22116762178,52181.73346839184,52332.058951916195,2051
2017-07-21,52519.94921875,53384.32047601744,52519.94921875,53046.08824491279,1558
2017-07-24,51862.29296875,52783.0365758039,51730.7581677423,52595.12971722147,1435
2017-07-25,52219.3046875,52651.49036861281,51881.07241532476,52332.04877822508,1267
2017-07-26,51749.54296875,52087.775275735294,51655.58955014298,51862.287071078434,1331
2017-07-27,52651.5,54492.987152034264,50584.524625267666,50716.05942184154,5522
2017-07-28,52858.18359375,53929.252369023285,52595.114069998664,53609.81080446809,3015
2017-07-31,53572.23046875,53891.67203941599,52219.301463576376,52425.99895047791,2076
2017-08-01,53196.42578125,53684.98355953064,52952.146892109675,53027.30962722978,1593
2017-08-02,52783.05078125,54248.72467264818,52125.37659921235,52181.748671958434,3531
2017-08-03,53365.53515625,53666.18605853873,52576.326537742076,52576.326537742076,2563
2017-08-04,53121.26953125,53741.362171692606,52726.66512369562,53102.47884517598,2123
2017-08-07,52144.140625,53027.3026463964,52087.76858108108,52801.81447072072,1491
2017-08-08,52407.21875,52820.613806471854,51110.66152742919,52388.42806561492,2679
2017-08-09,52557.53515625,54023.208285383895,52519.953793964516,53684.97602481453,2681
2017-08-10,55977.4375,56127.76294478013,53384.323577542804,53497.0676611279,4834
2017-08-11,54718.46484375,56127.7659643823,54342.65121158139,55733.16165060525,3721
2017-08-14,52613.91796875,53459.49879324777,52332.057693917406,53459.49879324777,2422
2017-08-15,52482.37890625,52914.56462585034,52181.72797087585,52294.472071641154,2002
2017-08-16,52238.1171875,52745.46580766636,51467.69891243255,52106.582360049455,2432
2017-08-17,55432.5234375,55432.5234375,52613.920550847455,52839.40878177966,4422
2017-08-18,55601.625,56240.50815309226,54417.812098681985,55357.346147347074,4360
2017-08-21,55770.76171875,56823.040241745286,55207.0410814311,55564.06415173307,2836
2017-08-22,53271.59765625,54925.178112599206,53064.90009920635,54906.38742559524,2400
2017-08-23,53835.30078125,54192.323718368236,53459.487163230806,54060.78895206152,1990
2017-08-24,54323.8671875,55207.02933132999,53271.58888846853,53459.49572758129,3032
2017-08-25,54662.1015625,54868.79909333104,53290.381585166724,53703.7766468288,2411
2017-08-28,54211.12109375,54680.88817428509,53760.144696436306,54173.53972730719,1694
2017-08-29,53497.07421875,55695.584118150684,53252.795341038815,55526.46797204294,2707
2017-08-30,51674.375,53497.07113636364,51392.51477272727,53421.90840909091,3435
2017-08-31,50189.91015625,51298.56036187289,50002.00334173764,51204.60695461671,2761
2017-09-01,50189.91015625,50603.305148177176,49607.399031261695,49795.305845774055,2158
2017-09-05,51542.83984375,52689.07142613015,50340.23621633476,50678.468486545295,4867
2017-09-06,51129.46484375,52219.32480734335,50734.8603741731,51091.88346569506,2675
2017-09-07,50772.4375,51317.367436158405,50359.042376017765,50791.22818745374,2695
2017-09-08,52031.39453125,52219.301337068886,50885.163015754784,50960.32573808234,2103
2017-09-11,50377.828125,50885.176636516226,50020.805098377474,50885.176636516226,2418
2017-09-12,49926.83203125,50640.877803620155,49720.13457082706,49870.4599965892,2053
2017-09-13,49757.734375,50434.199041729604,49701.3623194392,50171.12944911254,1621
2017-09-14,50603.30859375,50697.26200740346,49870.47196725306,50265.07630459757,1689
2017-09-15,50133.546875,50885.17426443029,49532.24496345577,50659.6860476012,2070
2017-09-18,50302.65625,50753.63262280538,49457.07555098992,49926.842605995516,2125
2017-09-19,50039.58203125,50546.93040332801,49832.88454632933,50039.58203125,1205
2017-09-20,50490.5703125,51655.592775981575,49926.84976565407,50133.54729949758,2996
2017-09-21,51448.89453125,51975.033701036344,50622.10440730004,50622.10440730004,2806
2017-09-22,51599.21484375,52106.563278120455,51373.72665069647,51975.02849883922,1908
2017-09-25,53196.42578125,54004.42518379106,52144.14748956861,52238.10090846873,4205
2017-09-26,52839.39453125,53384.32427570457,52106.55797836282,52407.20887185499,2709
2017-09-27,51392.53125,52388.43770566728,50810.01992687386,52012.623948811706,3139
2017-09-28,51505.265625,52125.35820640277,51298.56809786575,51768.33520498906,1850
2017-09-29,50377.828125,51561.64131853786,50265.08401132973,51148.246235080194,2353
2017-10-02,50227.49609375,50922.751370767866,49626.194232545364,50133.54267793678,2115
2017-10-03,49926.83203125,50359.01763031614,49738.92524904732,50058.36677879187,1662
2017-10-04,49776.51953125,50340.24002424264,49457.07791855417,50208.705242544354,2051
2017-10-05,48348.4296875,49419.49867008356,48273.2669518801,49250.382514938785,2797
2017-10-06,48160.51953125,48818.193422624856,48141.728848639286,48799.40274001414,2581
2017-10-09,48292.046875,48479.95367217899,47784.69852261674,47935.023960359926,1507
2017-10-10,48198.09765625,48855.771503411306,47671.95857852096,47803.49334795322,1717
2017-10-11,47765.921875,48461.17722880605,47747.131189761996,48254.47969118804,1427
2017-10-12,48066.578125,48198.11293613174,47484.06681855942,47972.62468847732,1532
2017-10-13,47521.64453125,47653.17933224595,47314.9469868278,47446.481787823745,1494
2017-10-16,47033.08203125,47465.267763059324,46976.70997927487,47145.82613520026,1400
2017-10-17,46882.75,47277.354308617236,46826.37795591182,47089.44749498998,1344
2017-10-18,47014.2890625,47220.98657636391,46676.05676708633,46676.05676708633,1637
2017-10-19,47559.21875,48536.33426758199,47521.63738393915,47803.4976293955,2074
2017-10-20,47183.4140625,47333.739555331544,46826.39101702509,46957.92582325269,1394
2017-10-23,48104.1484375,48292.055267333984,46863.963360595706,46882.7540435791,2529
2017-10-24,47841.08203125,48386.01187371121,47540.431083685195,47841.08203125,1860
2017-10-25,48423.5859375,49457.073413853315,47671.95868197031,48141.72571667637,3252
2017-10-26,48855.78125,48912.15330528846,48141.735216346155,48461.17686298077,2069
2017-10-27,44627.87109375,46638.474128289476,44346.01085526316,46506.93935032895,5566
2017-10-30,44308.42578125,44853.355530044,43782.2867134489,44778.19280607241,3501
2017-10-31,43838.671875,44270.85766716674,43631.9743222246,43913.83462146378,2024
2017-11-01,43895.03515625,44364.80222769959,43218.57057336258,43293.733304794514,2404
2017-11-02,44139.31640625,45022.478548052364,43970.200251436785,44026.57230304119,2294
2017-11-03,42880.3359375,44101.73025649102,42842.75457383874,43594.38184706398,2370
2017-11-06,42448.15234375,43011.87282640272,42391.78029548473,42955.50077813745,1557
2017-11-07,42391.7890625,42805.18416860594,42203.882196088205,42542.11455562943,2373
2017-11-08,41846.8515625,42598.478891866864,41828.06087926583,42410.57205952515,1789
2017-11-09,42542.10546875,43801.08120479517,42448.15205561231,42880.337756045716,4587
2017-11-10,42523.3203125,43049.45949444874,42429.36688715201,42823.97127361356,1784
2017-11-13,42372.98828125,43011.87147484756,42203.87214176829,42993.08079268292,1651
2017-11-14,42823.9765625,43444.06924637999,42692.44175076788,42842.767249890305,2632
2017-11-15,43481.64453125,44120.527813040186,43105.830836079294,43406.481792215855,2867
2017-11-16,41790.48046875,42786.386702942335,41489.8295301259,42767.596019278324,3081
2017-11-17,42297.828125,42391.7815415371,41677.73557585518,41771.68899239227,2059
2017-11-20,42391.7890625,42560.90524227061,42072.347389599956,42185.091509447026,1036
2017-11-21,41020.0625,41828.06189876317,40963.6904489235,41790.48053137884,2184
2017-11-22,40869.72265625,41132.79213541666,40756.97859375,40907.304010416665,1054
2017-11-24,40418.765625,40813.37003138076,40399.97493898187,40738.20728730823,746
2017-11-27,40475.125,40756.98520194986,40193.264798050135,40493.91568012999,1433
2017-11-28,40174.48828125,40869.74369116873,40118.11622098632,40212.06965475912,2616
2017-11-29,42260.23828125,42823.95866739385,40306.00760928469,40306.00760928469,5438
2017-11-30,41245.5546875,42034.76347878701,41001.27577591116,41752.90319618451,3526
2017-12-01,41752.89453125,43538.009283936204,41170.38340142608,41997.1733921439,5360
2017-12-04,43218.578125,43312.53155570652,40832.16098505435,40963.69578804348,4092
2017-12-05,43124.61328125,43707.12439746732,41640.14946895425,43274.938730596405,3761
2017-12-06,42579.69140625,43763.5045389039,42354.2031905064,43613.1790617415,2816
2017-12-07,42128.71484375,42692.43538135593,41771.69183659957,42560.90058924788,2562
2017-12-08,41602.5703125,41771.6864519817,40888.5243902439,41189.175304878045,2014
2017-12-11,40606.66796875,41546.20216515791,40569.08660089369,41546.20216515791,1933
2017-12-12,40794.5703125,41038.849176646705,40418.75667535122,40681.82622135537,1809
2017-12-13,40569.078125,40738.194245020844,40155.68316494905,40306.00860496758,1847
2017-12-14,40663.0390625,40775.78316341266,40061.7371909658,40362.388126732905,1810
2017-12-15,39310.109375,40381.17832068595,39122.20254242352,40174.48080485182,2711
2017-12-18,38295.41796875,38708.81305967861,38182.6738530422,38539.69688611691,2126
2017-12-19,38934.29296875,39272.52524357505,38389.36319264298,38502.10728425133,2654
2017-12-20,39103.4140625,39554.390486094424,38539.69353300697,38558.4842173234,2051
2017-12-21,39122.19921875,39234.94330871758,38596.060132234634,38953.08308379863,1520
2017-12-22,39253.73828125,39554.389220694706,39197.36623010412,39272.52896496529,1619
2017-12-26,39874.72265625,40307.529933783626,39742.99870221803,39874.72265625,1153
2017-12-27,39874.72265625,40006.44661028197,39554.82162502949,39893.54036396885,1059
2017-12-28,39780.6328125,39893.5390551088,39498.367205978,39517.184913079465,868
2017-12-29,40476.890625,40552.161458333336,39648.911458333336,39648.911458333336,1863
2018-01-02,38406.94140625,40194.62363731014,38350.48828316389,39912.3580218796,2717
2018-01-03,37277.87890625,38275.217413080514,37183.79036786976,38275.217413080514,2606
2018-01-04,37089.703125,37221.427083333336,36732.166666666664,36863.890625,1808
2018-01-05,35979.45703125,36769.80075264775,35885.36849298836,36562.80596847215,2720
2018-01-08,35565.46875,35998.276041666664,35490.197916666664,35960.640625,1370
2018-01-09,35546.64453125,35866.54551432636,35226.74354817364,35339.649777494706,2237
2018-01-10,35810.1015625,36487.53911176432,35772.466143096426,36035.91407892144,2614
2018-01-11,35076.203125,35772.458229949036,35076.203125,35603.098880096564,1964
2018-01-12,34342.31640625,35283.20178724315,34191.7747452911,35189.11324914383,2170
2018-01-16,34605.76171875,34906.845018097476,33100.34522201264,33627.24099587072,4346
2018-01-17,33514.33203125,34624.57660724312,33326.154984471505,34172.951694974734,3276
2018-01-18,33476.703125,33890.692708333336,33250.890625,33646.0625,2776
2018-01-19,33175.625,33664.88549347703,33025.083309699374,33194.44271128758,2261
2018-01-22,32121.8359375,33307.3518508348,32121.8359375,33194.44557337434,2320
2018-01-23,31331.482421875,31858.37822236299,31237.393886073573,31820.742808042418,2441
2018-01-24,31933.65234375,32460.54819856733,30917.49605231659,31162.126270624634,4987
2018-01-25,31990.111328125,32291.194728860297,31256.220538832724,31293.855963924634,3561
2018-01-26,30578.7734375,31651.38272115385,30559.955730769234,31444.387947115385,3285
2018-01-29,30992.771484375,31162.13089139344,30522.328687101548,30729.323517901867,3334
2018-01-30,31707.833984375,32215.91203635015,31331.479871800817,31839.557923775967,4591
2018-01-31,31387.9296875,31952.460796987412,31011.575614508394,31218.570354653777,3741
2018-02-01,32159.46875,32460.552132094792,31180.947758191927,32065.380193095378,3605
2018-02-02,34060.0546875,34135.3255265884,32328.825388466852,32535.820195959943,6662
2018-02-05,38011.76953125,38162.3111927599,33363.7957321318,35019.75400874072,11642
2018-02-06,35076.203125,40251.07214826985,34944.47918622586,39724.176393173286,11705
2018-02-07,36393.44921875,36449.90234576978,34304.683519018225,35414.92835040719,6136
2018-02-08,40966.15234375,41060.24088840721,36054.73031264354,36092.365730506426,10847
2018-02-09,39009.10546875,43769.985200343704,38068.22014630065,39329.00647838278,14134
2018-02-12,36845.078125,38708.0315133427,36111.18739625894,37823.599096654754,9880
2018-02-13,36374.62109375,37691.860347015645,36111.17324309687,37541.318718071,4152
2018-02-14,34229.41015625,37033.24859125893,34135.32161816245,36957.9777607889,6739
2018-02-15,32498.18359375,34474.04304791546,32460.548175575423,33401.43362993993,6133
2018-02-16,32780.44921875,33025.07943680038,31801.92834654851,32742.813800588407,6737
2018-02-20,32705.166015625,33250.87937261759,31839.55172522296,33213.24396868707,5700
2018-02-21,32968.625,32968.625,31237.395833333332,32234.734375,6140
2018-02-22,32912.17578125,33213.25915031804,32008.925674045884,32498.186148781446,6797
2018-02-23,30973.94921875,32592.272203447756,30973.94921875,32197.10031183551,5841
2018-02-26,29769.6171875,30597.596426596083,29750.799477520544,30522.325586678257,4722
2018-02-27,30861.041015625,30861.041015625,29562.619168016387,29731.978539443597,7224
2018-02-28,31444.39453125,31463.212241921006,29995.430809582584,30315.331890989677,6539
2018-03-01,32949.8046875,33815.419202420046,30955.127761814678,31369.117312428614,11716
2018-03-02,32084.1953125,34511.67988453079,31914.835923753668,34116.507977456014,8692
2018-03-05,31068.0390625,32893.356923834035,30766.955703929434,32535.820435531496,5877
2018-03-06,30654.048828125,31237.39782362646,30315.33005654351,30616.41340906039,5892
2018-03-07,30428.234375,31500.84375,30334.145833333332,31331.484375,6102
2018-03-08,29957.796875,30428.239665122488,29863.708316975502,30089.520856234296,4301
2018-03-09,28264.203125,29449.71896845872,28245.38541319907,29317.994985852198,4745
2018-03-12,27850.2109375,28151.294298986486,27549.12757601351,27963.11719805743,4816
2018-03-13,28866.36328125,29110.993478548728,27549.123757333768,27963.113321993154,8403
2018-03-14,28922.82421875,29280.360757563438,28377.110554245286,28433.56369195267,6715
2018-03-15,29035.720703125,29317.98629648007,28490.007222638527,28828.725934664613,4784
2018-03-16,29242.71875,29299.171875,28659.369791666664,28885.182291666664,3693
2018-03-19,31086.8515625,31877.195246292373,30070.69539762409,30070.69539762409,9407
2018-03-20,30861.041015625,31406.754545779342,30616.410812452363,31086.853510861278,5138
2018-03-21,31266.484375,31643.64341450543,30229.297016360073,31096.762807222556,5782
2018-03-22,33567.15625,33661.44601474719,31888.7984375,32473.394978932585,11013
2018-03-23,36226.1328125,36282.70667946382,33397.439464308954,33642.59288781884,10318
2018-03-26,32190.52734375,35811.254496649824,32058.521666300527,34076.322735885326,10549
2018-03-27,35320.94140625,36131.8332804992,31473.91949120729,31492.77744177122,10440
2018-03-28,36509.0,37357.607954545456,34849.5,35886.6875,14041
2018-03-29,34566.625,36999.30073649754,33472.86381614839,35924.39750409165,9968
2018-04-02,37451.890625,38583.3676831571,34811.777489300104,35264.36831256294,11862
2018-04-03,36282.70703125,38319.36626169439,35811.2581353138,36546.718412974275,10437
2018-04-04,34566.625,38526.79480360066,34246.039825422806,38413.647094926346,10431
2018-04-05,34038.609375,34774.06963296399,33397.43889369806,33567.16049168975,6833
2018-04-06,36565.56640625,37037.015173736465,34132.89076601985,35094.64625169224,10437
2018-04-09,35848.97265625,35980.97834199106,33623.73395375789,35584.96128476789,8372
2018-04-10,33548.30859375,34906.081622839374,33114.575542790895,34151.76327334528,9303
2018-04-11,34000.890625,34132.89630130338,32963.70316833056,34057.464486272875,6509
2018-04-12,32869.41796875,33472.872572880806,32473.400884789156,33397.44074736445,6300
2018-04-13,33303.13671875,33755.727478234716,32190.517768350088,32341.38135484499,7630
2018-04-16,32586.5390625,33265.42529296875,32209.380045572914,32680.82881673177,5071
2018-04-17,30512.16796875,31794.508773369904,30267.01457963149,31624.787196287856,6110
2018-04-18,30342.447265625,30927.043825745804,30003.004101683888,30455.594986938704,4611
2018-04-19,31096.76171875,31455.062793738627,30568.73908192465,30757.31859507656,6182
2018-04-20,32567.685546875,32944.84461516539,31323.06062151672,31379.63448176028,6704
2018-04-23,32888.28125,33416.30411410551,31794.519602924312,32190.53675100344,5386
2018-04-24,34943.78515625,35641.529382251756,32265.95596456759,32435.677533054506,10208
2018-04-25,34811.78125,36301.559537513545,34415.764236863484,34830.639203006496,9769
2018-04-26,32699.689453125,33887.74045401708,32322.53040522275,33529.439358509946,7332
2018-04-27,32605.408203125,33190.00487998843,31247.63527621638,31285.351190852733,7579
2018-04-30,33303.13671875,33586.00594342795,31794.500853800964,32397.95519978058,5808
2018-05-01,32228.25,33831.17641895846,32171.676126389702,33567.16500877706,5766
2018-05-02,32756.267578125,32869.415307237694,31737.93801611075,32039.6652937446,6519
2018-05-03,32793.98046875,34359.19057737924,32435.679359545713,33246.57134353436,10137
2018-05-04,30945.896484375,33303.14027507998,30700.743130141684,33208.85052345179,8497
2018-05-07,30191.583984375,30587.6010135267,29870.99877029981,30549.885105988444,5453
2018-05-08,30304.7265625,30927.038931238334,30078.431155686063,30399.016315339144,5883
2018-05-09,29267.541015625,30436.734020115175,29229.825112254348,30078.43293809399,5178
2018-05-10,28400.080078125,29078.966454494523,28324.64825852839,29003.534634897907,6830
2018-05-11,28475.515625,28852.674772350994,28286.936051324505,28532.08949710265,6002
2018-05-14,28324.650390625,28475.51404117427,27796.627613702563,28286.934477987685,6652
2018-05-15,29267.541015625,29720.131856072807,28965.813788659794,29022.38764371577,7286
2018-05-16,28701.80859375,29210.973397975526,28494.37108091738,29192.115442263468,4350
2018-05-17,29060.103515625,29493.83640391791,28400.07520735318,29022.387612295184,6015
2018-05-18,29493.83984375,29644.703474664322,29097.8228125999,29361.834166699966,4680
2018-05-21,29003.533203125,29399.550236457657,28437.794584078347,28814.953663442782,6112
2018-05-22,29135.53515625,29286.39876870955,28475.506851739483,28626.37046419903,6069
2018-05-23,28400.080078125,29814.426695561506,28400.080078125,29795.56874066235,11526
2018-05-24,28456.650390625,29305.25825515656,28286.92881771869,28437.792438079854,5015
2018-05-25,28381.22265625,28626.37607454319,28060.637416943522,28456.654477263288,4382
2018-05-29,28739.525390625,29248.690210537647,28268.076483298475,28758.38334691806,6929
2018-05-30,28117.205078125,28626.36975760815,27985.19942048122,28437.790246688466,4257
2018-05-31,28192.646484375,28418.941974550584,27645.765716450667,28173.788526860368,5664
2018-06-01,26872.583984375,27815.481668037282,26816.010123355263,27777.76576069079,5650
2018-06-04,26174.837890625,26702.860557006486,26137.121985883467,26665.14465226495,4719
2018-06-05,25948.544921875,26269.13014256677,25797.681288608288,26005.11878435002,5406
2018-06-06,25458.240234375,26231.416419270834,25458.240234375,25854.2573046875,6010
2018-06-07,26061.6875,26476.562409551374,25458.23308610709,25477.091036541246,8934
2018-06-08,26080.5546875,26665.151358007955,25986.264901934202,26514.287701102676,4252
2018-06-11,25891.966796875,26193.69401373589,25703.387286336943,26193.69401373589,4329
2018-06-12,25495.95703125,25873.116158931214,25420.52520571376,25778.826377010908,6100
2018-06-13,25533.669921875,25665.675600939347,24949.073343161464,25382.806288658605,8914
2018-06-14,24741.63671875,25213.08558915301,24628.488989853275,25194.22763433689,8714
2018-06-15,24986.7890625,25363.948142688678,24854.783384433962,25024.504970518865,7571
2018-06-18,25043.361328125,25722.24762918863,24986.78746970303,25458.236289886107,5731
2018-06-19,25269.66015625,26231.415878614738,25269.66015625,26005.12041452892,6428
2018-06-20,24722.990234375,24987.811858920715,24420.336949179895,24949.980198271325,5707
2018-06-21,25385.04296875,25536.369603437033,24495.99898996367,24552.74647797131,6384
2018-06-22,25630.9453125,25839.019407287826,25101.302162130996,25139.133815728783,4393
2018-06-25,27276.626953125,27995.428495579057,26160.592979314755,26236.256299573077,13135
2018-06-26,26992.88671875,27314.45579668886,26501.07518778469,27011.80254686405,6162
2018-06-27,28052.17578125,28127.839100956677,26274.087768143123,26633.488536749832,10494
2018-06-28,27352.2890625,28373.743840767635,27068.551624092324,28203.50137772303,8890
2018-06-29,27219.880859375,27257.712521445013,26557.826773149758,26955.059224884903,6053
2018-07-02,26595.662109375,28127.844634879533,26595.662109375,27938.686298397493,5997
2018-07-03,27541.44921875,27598.19671027215,26311.92023577009,26349.751896784855,4074
2018-07-05,26519.98828125,27446.863763262303,26463.24080275945,27011.79976150143,6730
2018-07-06,25347.21484375,26519.99642607276,25252.635683885263,26387.585602262126,6697
2018-07-09,24609.494140625,25214.80068366881,24609.494140625,24931.063241617027,4941
2018-07-10,24571.662109375,24836.48371794409,24401.419646723443,24552.746280191495,4763
2018-07-11,24968.8984375,25214.804255445077,24685.16095525568,25158.056758996212,7319
2018-07-12,23701.53515625,24685.15832314944,23682.619326117318,24609.495002618714,7113
2018-07-13,23625.869140625,23890.690732273317,23512.37417277572,23682.61662454964,4760
2018-07-16,23815.029296875,23928.5242736671,23493.46019596406,23625.871002221505,3772
2018-07-17,23342.1328125,24533.83003064222,23209.722010484198,24533.83003064222,6893
2018-07-18,23493.462890625,23720.452870244564,23285.388742640396,23379.967900815216,3334
2018-07-19,23871.77734375,23947.440663381538,23531.292405408083,23777.198194210578,5138
2018-07-20,23909.60546875,23985.26877719541,23417.793963854827,23663.699716302413,4468
2018-07-23,23682.623046875,24401.424704847246,23644.791380665934,24079.85554207019,3807
2018-07-24,23379.970703125,23682.624045560275,22680.084848743427,22944.90652337429,7836
2018-07-25,22396.341796875,23379.96491633235,22358.510138434332,23361.049087112016,7289
2018-07-26,23379.970703125,23512.381540440434,23115.149028494136,23323.223201418386,5510
2018-07-27,24363.5859375,24779.734144506987,22963.814695749224,23001.646350931678,8916
2018-07-30,25403.9609375,25763.36172514892,24344.67440548213,24363.59023641102,9763
2018-07-31,24931.064453125,25555.28685597259,24552.74784533858,25158.05441779685,7571
2018-08-01,24571.662109375,24987.810351412143,24344.672159172922,24685.15708447604,7278
2018-08-02,23588.041015625,25139.13914175271,23493.461861592823,25101.307480139836,7719
2018-08-03,23379.970703125,23777.2032150713,23361.054869222797,23455.63403873382,4529
2018-08-06,22944.90234375,23512.377257445383,22944.90234375,23436.713935619333,4539
2018-08-07,22717.91015625,22925.984270920068,22585.499356005414,22774.65764206911,4488
2018-08-08,22680.076171875,23001.645225187654,22509.833731885945,22812.48695853315,4355
2018-08-09,22698.99609375,22793.575244140626,22434.17447265625,22698.99609375,4727
2018-08-10,23209.720703125,23474.54229223971,22944.899114010288,23134.05739194937,6993
2018-08-13,23285.388671875,23323.220335029953,22661.166229818235,23115.1461876777,7110
2018-08-14,22888.15625,23417.799535123966,22774.661260330577,23039.48290289256,4827
2018-08-15,23682.623046875,24117.687208279254,23190.811386157147,23379.969717202475,9910
2018-08-16,23512.375,23625.869971842316,23020.56345534996,23190.805913113436,4625
2018-08-17,23474.54296875,24098.76530393836,23304.300513698632,23682.617080479453,5367
2018-08-20,23531.287109375,23833.940319784968,23304.297201567526,23323.21302721815,4176
2018-08-21,23285.388671875,23379.967829762387,22869.240377170492,23342.136166607434,4601
2018-08-22,23020.56640625,23531.29384500822,22944.903081989523,23455.63052074774,4004
2018-08-23,23134.060546875,23247.555529116416,22661.164787535774,23134.060546875,5495
2018-08-24,22490.923828125,22925.987956002944,22453.092164831265,22925.987956002944,5231
2018-08-27,21828.869140625,22263.933256945948,21828.869140625,22150.438270079612,5830
2018-08-28,21734.2890625,21866.69987489121,21564.046589425587,21658.625741133594,4416
2018-08-29,20958.73828125,21639.708117102888,20939.822452476306,21620.792288329194,8649
2018-08-30,21091.154296875,21318.144298276344,20731.75346132287,21110.07013032511,7878
2018-08-31,21015.486328125,21242.476279463885,20845.243864620836,21166.812962350923,5467
2018-09-04,21299.2265625,21639.71153419183,21110.068244893428,21223.563235457368,5849
2018-09-05,22150.44140625,22339.599744475876,21412.723887169086,21431.639720991676,9419
2018-09-06,22717.91015625,23171.890042802872,22018.02449781432,22093.6878122398,11345
2018-09-07,22944.90234375,23266.471461510715,22415.25909096764,23228.63980059769,7964
2018-09-10,22755.74609375,23152.978569201994,22566.58777210619,22623.335268599334,4979
2018-09-11,22245.01171875,23228.634685905614,22131.516761001276,23077.30807557398,5411
2018-09-12,22453.087890625,23020.56273200558,22301.761266256843,22358.508750394903,7646
2018-09-13,21791.03515625,22074.772593180336,21620.792694091797,22055.85676405165,5667
2018-09-14,21942.36328125,22207.184907058192,21601.87833378233,21715.373316271554,4592
2018-09-17,22907.072265625,22963.819760915565,22018.02817273947,22074.775668030037,6215
2018-09-18,22320.68359375,22869.242766816737,21999.114423331568,22831.411099708686,8984
2018-09-19,22396.341796875,22831.405868942675,22169.351846231,22320.67847999367,6530
2018-09-20,21658.626953125,22112.60690672762,21564.047796124454,21942.364424126637,7989
2018-09-21,22036.935546875,22112.598844890024,21393.79751374732,21469.46081176234,6335
2018-09-24,21847.78515625,22774.660890151514,21809.953493641777,22509.83925189394,5800
2018-09-25,21753.205078125,22093.69002717391,21696.457586616845,21885.61589164402,3911
2018-09-26,21747.494140625,21842.627535815835,21119.613732365488,21728.467461586835,8134
2018-09-27,21176.697265625,21500.15086267408,20948.37707947271,21424.04413395665,7081
2018-09-28,21195.720703125,21481.120892125786,21043.507268991245,21366.96081652547,7688
2018-10-01,21081.564453125,21233.777914880415,20605.897385139328,20815.190895053023,7326
2018-10-02,21195.720703125,21366.96081652547,20739.080400723742,21157.667344591562,5660
2018-10-03,21176.697265625,21252.80399434243,20796.16362203785,20929.350397293354,6917
2018-10-04,22356.3515625,22832.018617021276,21385.990771276596,21385.990771276596,13724
2018-10-05,23212.552734375,23840.433259157275,22166.08519307121,22394.40538390113,15703
2018-10-08,23612.115234375,24449.289344215857,23022.28802062349,23516.981812802176,13956
2018-10-09,23440.869140625,23764.32269207843,22870.068755707183,23612.109256100342,10152
2018-10-10,26504.166015625,26618.326098965812,23802.377376559136,23840.43073767274,23227
2018-10-11,27474.52734375,28349.754669104917,25743.099374026144,26808.593509240825,38094
2018-10-12,25191.328125,26884.70290077417,24963.007930513595,25381.594953738673,35887
2018-10-15,26161.69140625,26428.064991477273,25362.57065056818,25495.757443181818,15825
2018-10-16,23954.59375,25476.728380659253,23669.19350675139,25343.54160047657,16990
2018-10-17,23840.431640625,24582.472210444932,23459.898015076316,23478.924696353748,17395
2018-10-18,25457.697265625,25800.17749789798,24106.803016103793,24144.856375245236,18762
2018-10-19,25609.908203125,25876.281691121843,24259.014085426727,24982.027838561015,15805
2018-10-22,25191.328125,25800.181976963748,24601.500955910124,25153.27475925227,14417
2018-10-23,25457.697265625,27436.471940980005,25115.217033352015,26580.271360297553,20002
2018-10-24,28977.6328125,29110.81956869665,25457.69711301707,25571.85718975706,21122
2018-10-25,26047.529296875,28045.33103257396,25495.755484158144,27645.770685434167,18728
2018-10-26,27950.1875,29148.86810755616,26523.18677671886,28673.20119979578,22789
2018-10-29,29586.490234375,31336.94496206793,26428.061051798635,26808.59468825362,25929
2018-10-30,28311.703125,30442.691532258064,28254.62307837702,29986.051159274197,30835
2018-10-31,26409.03515625,26998.862310316104,25590.88781351315,26998.862310316104,25068
2018-11-01,25248.404296875,26808.592052974287,25210.350936970142,26180.711614544085,15416
2018-11-02,26428.060546875,26979.834309192764,25077.166163269438,25533.806518291036,23777
2018-11-05,26675.40234375,27569.65620263463,26390.002176020866,26390.002176020866,11861
2018-11-06,26066.5546875,26808.595295392337,25628.940995666057,26713.461884124088,10904
2018-11-07,23669.19140625,25343.539351386655,23650.164725055263,25172.299220634042,18071
2018-11-08,24106.806640625,24468.31360682222,23764.326356859216,23992.646546036405,11777
2018-11-09,25305.48828125,25914.342134633458,24620.527696193607,24810.79452537594,16584
2018-11-12,27588.689453125,27721.87622979526,25724.07457974138,25876.288038793104,17767
2018-11-13,27550.634765625,27817.008306176624,26085.580292591076,27265.234543605406,17068
2018-11-14,28235.59765625,28692.238049612533,26504.169498083727,26770.543060878535,17097
2018-11-15,26751.51953125,29129.855193701103,26523.199307654693,28444.894522915187,18638
2018-11-16,27036.919921875,27874.094078498856,26656.386214318703,27550.640427076003,16836
2018-11-19,29700.646484375,29947.99331608344,27341.338243463728,27493.55167836123,17981
2018-11-20,31260.841796875,32440.496204304247,30081.187389445757,31717.482212654064,22697
2018-11-21,30594.916015625,30766.156217204993,29681.634940531716,30062.168721820584,11363
2018-11-23,31298.890625,31374.99734992401,30347.55656344985,31355.97066869301,5773
2018-11-26,29129.849609375,30385.610598414027,29072.769564418682,29967.023602067686,10344
2018-11-27,28806.39453125,30043.128774665623,28597.10104390274,29567.461757967307,8201
2018-11-28,26104.611328125,28692.24043936771,26066.55795884202,28197.546638688957,12885
2018-11-29,26351.953125,26941.780234657042,25800.179377256318,26409.03316787004,10406
2018-11-30,25743.095703125,26637.349581947525,25705.04234657936,26237.789338218314,8321
2018-12-03,24468.310546875,25001.057588331063,23973.616865522938,24049.723585730946,10822
2018-12-04,27189.12890625,27322.31568185794,24620.52680523968,24848.84699199615,20412
2018-12-06,26675.40234375,29224.977175463624,26675.40234375,28844.44361849144,22842
2018-12-07,29358.166015625,29586.486166102964,26580.270851476424,27055.93783163885,20396
2018-12-10,28425.865234375,30423.66700787525,28045.331563232092,29491.35951357513,19766
2018-12-11,28140.4609375,28882.50148960446,27017.88676893171,27055.940130578092,14539
2018-12-12,27398.419921875,27436.473282877607,26085.578967285157,26903.726228841148,14266
2018-12-13,27379.3984375,27931.17227675469,26542.22433656185,26922.758018806464,13653
2018-12-14,29396.228515625,29605.5220519822,28045.333871864885,28349.760833838995,16046
2018-12-17,31451.10546875,32098.012659274806,29091.796891541897,29776.757446215215,20615
2018-12-18,30823.228515625,31660.40262345679,29909.947670717593,30671.015041473765,16709
2018-12-19,33087.40625,33810.42030261645,29510.389358108107,30994.470834531337,25217
2018-12-20,34438.28515625,35789.17921486533,32307.29734547652,33391.81792774516,30105
2018-12-21,37863.1015625,38338.768667556535,33372.80409076633,34095.81809045226,30294
2018-12-24,40621.96875,40660.02211651054,37197.165764051526,38643.19369145199,18068
2018-12-26,33152.20703125,40149.73169874568,33075.73135182382,39308.49922505767,28013
2018-12-27,32655.109375,36574.487256659835,32635.990458504097,34375.81185963115,18906
2018-12-28,32750.703125,33572.81651342673,31087.3574321366,32119.778896672502,22643
2018-12-31,32043.3046875,32941.89378076522,31488.856098038486,31775.639851208234,15337
2019-01-02,31546.21484375,34089.03094933712,31030.004055397727,34012.555276988634,17901
2019-01-03,34662.6015625,34872.909680088254,32578.639306398236,32961.01770201324,23647
2019-01-04,30112.296875,33362.51304563492,29691.68066468254,33037.491428571426,24928
2019-01-07,29156.349609375,30265.24684042008,28678.376664959014,29959.34415599385,12661
2019-01-08,28334.236328125,29634.322745339912,28028.333641721492,28334.236328125,17966
2019-01-09,27703.3125,28391.59355590062,27282.696299171843,28047.45302795031,18703
2019-01-10,27416.5234375,28773.966369203277,27397.404522968965,28334.231334989538,17150
2019-01-11,27722.43359375,28219.525506465518,27645.95791487069,27913.622790948277,9581
2019-01-14,28506.306640625,28850.447163449448,28123.92828193117,28487.18772269031,10344
2019-01-15,26842.96484375,28162.170380942844,26709.13239794783,28143.05146011396,16027
2019-01-16,26804.71875,26881.194409771753,26135.556726997147,26709.124175285306,12122
2019-01-17,26212.03515625,27263.575589214077,25867.8946509163,27110.62425351021,12651
2019-01-18,25466.392578125,26154.673458614867,25103.13322453313,25657.58171159441,15910
2019-01-22,26938.5546875,27550.36004591022,25982.608814984033,26020.84664988467,14900
2019-01-23,26881.203125,27818.03026093528,26212.040885046234,26556.181465593883,14261
2019-01-24,26384.1015625,26957.66898777174,26288.506991621376,26670.88527513587,9600
2019-01-25,25428.162109375,26039.96751351034,25217.85400170348,25753.1837303219,11597
2019-01-28,26384.1015625,27015.025730298916,26384.1015625,26441.458305027176,13100
2019-01-29,27148.859375,27435.643100792255,26326.746027728874,26364.983857834508,9459
2019-01-30,25084.01953125,26498.81941334794,24797.235771365282,26212.035653463223,14498
2019-01-31,23956.00390625,24739.87953287111,23611.86338724561,24663.403861981245,14705
2019-02-01,24300.14453125,24472.214791502753,23783.93375049174,24319.263449055863,10842
2019-02-04,23420.673828125,24338.381863839288,23401.554910714287,24242.787276785715,7660
2019-02-05,22789.75390625,23325.083695994126,22694.159300938547,23305.964774931836,9642
2019-02-06,22961.822265625,23286.843896362407,22636.800634887593,22770.633071073582,9436
2019-02-07,23898.6484375,24433.9781625,23420.67546875,23611.86465625,17880
2019-02-08,23764.81640625,24625.167764481095,23764.81640625,24567.81100726569,13192
2019-02-11,23841.291015625,24032.480197787187,23344.19914200331,23535.388324165495,7015
2019-02-12,22808.8671875,23458.91034288558,22694.15368949078,23344.196844876362,11323
2019-02-13,22789.75390625,22827.991748374578,22292.66195863045,22502.970090315644,8961
2019-02-14,22675.037109375,23248.60465851602,22445.610089718593,23038.296557164314,12100
2019-02-15,22426.490234375,22732.39291446878,22177.944306798807,22177.944306798807,8711
2019-02-19,22292.65625,22636.796740994854,22082.34817216981,22617.677824828475,5136
2019-02-20,22292.65625,22675.034573327615,21986.753591337907,22254.41841766724,8530
2019-02-21,22560.326171875,22923.585661083158,22311.780205574683,22502.969410421083,11007
2019-02-22,22063.232421875,22445.610800070408,22005.87566514569,22407.372962250865,8833
2019-02-25,21814.68359375,21872.040342900964,21394.067433309596,21547.018764378834,8827
2019-02-26,21757.326171875,22101.466656140157,21547.0180981574,22024.99099297012,7843
2019-02-27,21833.8046875,22502.966827659806,21738.2100960486,22063.231706983363,8773
2019-02-28,21986.755859375,22158.826122622282,21738.20992357337,22024.993695652174,6364
2019-03-01,21508.783203125,21986.756163194445,21432.307529513888,21508.783203125,9245
2019-03-04,21508.783203125,22235.302102430553,21011.691324652777,21164.642671874997,16324
2019-03-05,21470.541015625,21814.681477139915,21279.351870338938,21489.659930153608,10667
2019-03-06,21814.68359375,21948.51600843558,21413.18634969325,21432.305266076906,13182
2019-03-07,22675.037109375,22904.464129031407,21986.756050405776,22024.99388701518,16902
2019-03-08,22751.509765625,23516.266396402312,22732.39084985557,23439.79073332458,17008
2019-03-11,21355.83203125,22522.086063395254,21317.59419413048,22502.967144835497,18193
2019-03-12,20992.568359375,21355.827738999888,20839.61704163821,21183.757506545993,11574
2019-03-13,20571.95703125,20782.265142164266,20208.69756694354,20686.670546294143,12178
2019-03-14,20629.314453125,20686.671212494206,20438.125255227642,20514.600934386584,7786
2019-03-15,20151.33984375,20476.361454133064,19902.793906398245,20399.885781101755,12339
2019-03-18,19941.03125,20246.933934563756,19768.960989932886,20113.101510067114,7509
2019-03-19,19768.9609375,20017.50686804884,19424.82041827853,19730.72310203095,11910
2019-03-20,19517.80078125,20035.463473876473,19172.69231949902,19767.04578140349,17193
2019-03-21,18616.6796875,19728.69556996653,18539.988936985068,19728.69556996653,17877
2019-03-22,19862.90625,19920.424318291505,18731.717573600385,18865.926399613898,23386
2019-03-25,19958.775390625,20399.747373318925,19767.04844162764,20112.156949822886,26005
2019-03-26,19690.353515625,19997.116569422466,19153.51817147943,19517.799297863923,15887
2019-03-27,20073.80859375,20514.780511282235,19479.45513968481,19613.663984151146,21056
2019-03-28,19939.6015625,20323.055438701922,19728.70193058894,19958.774256310095,13209
2019-03-29,19498.625,19862.90609636185,19460.279621435595,19536.970378564405,12927
2019-04-01,18750.888671875,19153.51511574962,18674.197920660787,18923.44286210698,13927
2019-04-02,18520.818359375,18827.58139638328,18482.472979748964,18693.37256769216,8782
2019-04-03,18214.056640625,18405.78355263158,17868.94819901316,18214.056640625,12519
2019-04-04,18252.40234375,18578.338099888395,18022.33004529937,18233.22965221245,9014
2019-04-05,17964.810546875,18156.537447055096,17945.63785685699,18079.84668698306,6194
2019-04-08,17830.6015625,18290.746118951614,17792.2561827957,18079.846530577957,8370
2019-04-09,18022.330078125,18156.538919132316,17849.77585397274,18022.330078125,9065
2019-04-10,17734.736328125,18022.32664695946,17734.736328125,17964.808583192567,7025
2019-04-11,17888.123046875,17983.98651443596,17658.0507247287,17696.39611175308,5840
2019-04-12,17638.87109375,17868.943325407607,17619.69840777853,17638.87109375,6768
2019-04-15,17658.046875,18003.155282980457,17581.35611767101,17677.21956433225,6192
2019-04-16,17466.3203125,17638.87451975851,17351.284174327662,17466.3203125,6162
2019-04-17,17293.765625,17466.31982746674,17082.86604420732,17159.5568008592,7112
2019-04-18,17255.41796875,17562.18095486111,17217.072595486112,17236.245282118056,5524
2019-04-22,17102.0390625,17504.665542670966,17082.86637296805,17466.320163607063,4501
2019-04-23,16450.169921875,17044.523380590763,16392.65184522509,16967.832611724214,8713
2019-04-24,16603.55078125,16641.896164116628,16354.305792616917,16411.82386691686,6651
2019-04-25,16450.169921875,16699.414920691288,16220.09761527535,16239.270307491988,9739
2019-04-26,16392.6484375,16929.483707967836,16373.475749269006,16507.684566885964,7489
2019-04-29,16296.7861328125,16469.34033892463,16220.09537454044,16373.47689108456,5507
2019-04-30,16680.240234375,17025.34865301724,16584.376784752156,16680.240234375,8038
2019-05-01,16871.96484375,16891.137531072443,16200.920787464489,16335.12959872159,10995
2019-05-02,17063.693359375,17408.801764396067,16603.54881934691,16871.966467696628,13331
2019-05-03,16258.439453125,16756.929342017986,16220.09407705631,16661.065901846257,9152
2019-05-06,16546.03125,17370.45690903824,16488.513180764774,17274.593460312863,14417
2019-05-07,17523.837890625,17983.98243042259,16891.13914840331,17102.038729143875,22953
2019-05-08,17658.046875,17888.119146986974,17255.4203990228,17677.21956433225,16229
2019-05-09,17945.63671875,18731.716959635418,17773.08251953125,18252.399739583336,21793
2019-05-10,17926.46484375,19076.826224097596,17638.874498663103,18175.70980949198,23244
2019-05-13,19786.220703125,19939.60225896318,19000.140229454337,19268.557952171148,27461
2019-05-14,19134.345703125,19690.35374459857,18770.064572504383,19460.281451575025,19387
2019-05-15,18348.263671875,19536.970409237852,18175.709468064262,19517.797719925547,19304
2019-05-16,17792.25390625,18386.607215618264,17427.97284566945,18309.91646602236,14721
2019-05-17,18348.263671875,18386.60905049961,17600.52878869514,18309.918293250394,19831
2019-05-20,19268.5546875,19460.281599813432,18885.100862873132,19096.00046641791,17064
2019-05-21,18712.544921875,18961.789884973747,18501.645337714523,18770.062990282404,11813
2019-05-22,18923.44140625,19019.304837892603,18597.505738665146,19019.304837892603,11007
2019-05-23,19786.220703125,20169.674592720447,19556.148369367733,19575.321063847507,17398
2019-05-24,19901.25390625,19915.63342496839,19287.727774265415,19465.075171792207,24703
2019-05-28,20092.982421875,20092.982421875,19350.040562287544,19675.976345848492,21163
2019-05-29,20581.880859375,20903.023387921374,20255.945158760773,20447.672041475023,28918
2019-05-30,20327.845703125,20682.54048785295,20160.08465629421,20418.915985690284,18206
2019-05-31,21300.857421875,21334.40962753502,20850.299231583314,21051.61246554343,23288
2019-06-03,22666.912109375,23045.572726131315,21324.823847453874,21487.791707830012,33086
2019-06-04,20840.71484375,22230.734923024953,20797.576289565604,21986.283115980048,24734
2019-06-05,20366.189453125,21022.854069523713,20212.807936885885,20236.773798798247,22670
2019-06-06,19891.6640625,20543.53546310241,19747.86890060241,20289.49734375,20544
2019-06-07,18760.4765625,19656.79979121423,18501.645255812466,19594.488550715378,24393
2019-06-10,18103.814453125,18381.818487618315,17562.185903163885,18367.4389685928,21039
2019-06-11,18012.74609375,18214.059381652474,17427.978924128525,17538.221915122736,22612
2019-06-12,18329.09375,18434.54355713912,18070.262405203976,18180.505385394874,17539
2019-06-13,18017.537109375,18228.436719061752,17892.91461274192,18122.986914218378,17136
2019-06-14,18271.57421875,18472.887470897822,18127.779038644414,18324.29911812205,14086
2019-06-17,17926.46484375,18204.46884400067,17782.669671206553,18161.330292237635,14011
2019-06-18,17169.142578125,17442.3533896697,16776.102463271218,17303.35139783117,26618
2019-06-19,16963.0390625,17394.424627807995,16852.796084699065,17073.282040300932,17804
2019-06-20,16512.4765625,16886.343956367924,16258.438461538462,16268.024804970972,19866
2019-06-21,16570.0,16689.82933179057,16272.823257159387,16579.586346543245,18232
2019-06-24,16593.96484375,16613.13753565497,16440.583308510253,16502.8945572014,10016
2019-06-25,17431.0,17517.889504292438,16600.72251453891,16624.858487953476,32525
2019-06-26,17208.947265625,17286.182372567495,16769.67259488955,17083.440216843443,19654
2019-06-27,17025.513671875,17155.847913196412,16895.179430553588,17025.513671875,16961
2019-06-28,16967.5859375,17141.36491153983,16842.078900693457,16895.178031650074,15813
2019-07-01,16286.955078125,16513.833231258337,15924.915472061166,15992.496198526414,21716
2019-07-02,16093.865234375,16436.596017710523,16089.038040243515,16306.261776160394,14457
2019-07-03,15741.4814453125,16026.28592408387,15736.654250757054,15982.841173084847,12470
2019-07-05,15833.1982421875,16243.509782000285,15751.135934224943,16055.249193145008,20570
2019-07-08,16175.9306640625,16364.191271612019,16127.658713408779,16142.140298604894,15840
2019-07-09,15920.0869140625,16446.251096486034,15871.814970720892,16407.633541812746,13707
2019-07-10,15456.6767578125,15731.826843757319,15326.34250657548,15649.7645374229,22839
2019-07-11,15495.2939453125,15649.764165328077,15282.897392791083,15389.095669051792,18279
2019-07-12,15239.4521484375,15500.120636247328,15234.6249542188,15456.675888279024,12359
2019-07-15,15099.4619140625,15263.586500084919,15084.980332942876,15128.42507630175,10397
2019-07-16,15331.1708984375,15471.15954958822,15113.947129410519,15162.21907808318,13979
2019-07-17,15553.2177734375,15558.044967035712,15253.931770348387,15321.512480723348,16537
2019-07-18,15495.2939453125,15939.395827857283,15427.713224055686,15789.752802217194,23852
2019-07-19,15862.162109375,15910.434057364577,15181.527642721963,15186.354837520921,21921
2019-07-22,15480.810546875,15751.133400203656,15384.266670686195,15741.479012584776,19474
2019-07-23,15191.1787109375,15543.563854216318,15186.351517193954,15229.796260885863,18087
2019-07-24,14867.7626953125,15364.963850383014,14867.7626953125,15360.136654702717,19101
2019-07-25,15292.5537109375,15379.443220658735,15017.403596820252,15017.403596820252,23495
2019-07-26,14833.9658203125,15027.053562848296,14766.385110424972,15012.571982158111,18363
2019-07-29,14973.953125,15258.757520349774,14858.100489603481,14862.927682745003,19225
2019-07-30,15171.8701171875,15355.303481633293,15002.918334145323,15321.513125024858,15124
2019-07-31,15804.234375,16233.854674137143,15031.883275427612,15060.846441661577,36553
2019-08-01,16045.5947265625,16291.781649262466,14862.932058690114,15731.827079984112,65494
2019-08-02,16788.984375,17059.3072976567,16354.536820730305,16412.463161299598,51937
2019-08-05,18560.55859375,18966.04283871099,17817.17081132152,17817.17081132152,63370
2019-08-06,17768.90234375,18459.1911335235,17609.60493072535,18044.052420792585,41719
2019-08-07,17537.197265625,18763.30464395386,17421.34459995613,18352.99311970995,51662
2019-08-08,16364.1884765625,17416.516821073008,16344.879699599003,17242.737828401547,30183
2019-08-09,16827.6015625,17208.94996279762,16431.771577380954,16605.550595238095,37486
2019-08-12,17402.03125,17638.563713592233,16982.065447295423,17136.535627600555,36573
2019-08-13,16257.9912109375,17508.234596814225,15905.606009512785,17435.826678713256,42666
2019-08-14,17730.28125,17812.34353729921,16895.17679689627,17049.646984753606,51883
2019-08-15,17788.208984375,18193.693259731175,17488.92297161211,17628.911590485077,30695
2019-08-16,16948.27734375,17348.9344270685,16813.115918052194,17348.9344270685,22404
2019-08-19,16185.5849609375,16397.981542590125,16035.94191477315,16214.548131162857,18792
2019-08-20,16509.001953125,16523.48353378564,16093.863307520103,16267.642275447735,18198
2019-08-21,16079.3837890625,16253.162779277525,15929.740769710672,16074.55659488986,18918
2019-08-22,16243.51171875,16620.03294135401,15886.299276792346,16006.979155832094,24707
2019-08-23,17730.28125,17923.36898482167,16142.13463109175,16581.409227811055,53835
2019-08-26,17001.380859375,17503.40914142355,16982.07207929621,17194.468660162904,27721
2019-08-27,17093.095703125,17300.665066365433,16552.449919801078,16644.166615186386,29713
2019-08-28,16943.44921875,17522.712439903844,16842.078155048075,17271.698377403845,22446
2019-08-29,16151.794921875,16494.525776463503,16011.806262958571,16296.61077592648,25421
2019-08-30,16262.8193359375,16547.623830096098,15891.12533508645,15900.779724718945,25833
2019-09-03,16735.884765625,16919.318172343705,16354.536367446639,16600.723308042798,25184
2019-09-04,16035.9384765625,16407.63241476097,15992.493730539303,16286.952564696532,20838
2019-09-05,15152.5634765625,15538.73903506043,15022.229225569448,15514.603062654309,31049
2019-09-06,15191.1787109375,15302.204167039046,15070.498867348864,15084.980448579501,20041
2019-09-09,15297.380859375,15533.91341289642,15046.366720944108,15060.848305853582,18712
2019-09-10,15427.71484375,15852.507993390176,15422.887648867725,15548.394715806868,24149
2019-09-11,15012.5771484375,15456.679109098674,14983.613977090032,15360.135204607115,20307
2019-09-12,14814.6552734375,14887.063168224584,14481.57895741691,14732.592992678803,24390
2019-09-13,14978.7841796875,15046.364901091181,14790.523598634385,14877.413097581977,16807
2019-09-16,15191.1787109375,15321.512942013227,15099.462029810136,15273.241004577772,23637
2019-09-17,14983.609375,15282.895387000644,14969.127793774162,15191.178705903672,17061
2019-09-18,14998.0927734375,15562.874509675732,14978.783996130209,15070.500688339836,21468
2019-09-19,14935.3388671875,15017.401168655562,14655.361603355284,14920.857284575488,18657
2019-09-20,15384.2705078125,15558.049528296104,14829.143081267648,14867.760641375116,20224
2019-09-23,15393.923828125,15582.184420566793,15253.935182463156,15442.195774904947,15789
2019-09-24,16002.150390625,16204.892567519797,15089.810594598415,15186.354488357843,37734
2019-09-25,15470.6083984375,16456.028387418613,15344.396971277358,16057.976963298164,23692
2019-09-26,15640.501953125,15994.864660318706,15499.727726979554,15533.707712600868,20103
2019-09-27,16208.45703125,16557.9655386624,15548.27429502658,15577.400003977613,32193
2019-09-30,15781.2822265625,16145.35364058655,15698.759372717048,16057.976501220777,16416
2019-10-01,16159.9150390625,16247.292170544364,15339.540860149446,15611.380824759688,30992
2019-10-02,16994.84765625,17276.396117850258,16494.85642271851,16494.85642271851,34641
2019-10-03,16422.046875,17630.763892994382,16417.19258978717,17009.41538575229,32862
2019-10-04,15727.8857421875,16242.440028814623,15659.925742066936,16208.46002875434,22908
2019-10-07,15888.07421875,15960.888491063246,15504.585717900245,15878.365649108235,21771
2019-10-08,16596.80078125,16625.926491892733,15970.598002431267,16179.332262037511,34975
2019-10-09,16096.8095703125,16320.106687391624,15878.36673838727,16159.915277313123,23209
2019-10-10,15737.595703125,16140.501453698527,15548.278543216957,16091.958592183644,24303
2019-10-11,15150.2265625,15227.895138276994,14757.029397628965,15208.477994332747,39682
2019-10-14,15135.6572265625,15247.305756456964,14994.882993217307,15203.61720128087,15892
2019-10-15,14567.70703125,15024.00975065603,14460.912777771993,15004.59261366003,28692
2019-10-16,14669.6474609375,14815.275992978573,14567.70748850875,14708.481736148453,21315
2019-10-17,14562.85546875,14732.75544921875,14349.266921875002,14412.37262890625,15444
2019-10-18,14975.466796875,15203.618154882495,14543.435501924636,14625.958333544368,24616
2019-10-21,14587.1279296875,14888.093630732634,14562.85650218386,14766.736493214434,13427
2019-10-22,14931.7783203125,14951.195457269992,14368.681348545188,14441.495612135788,18308
2019-10-23,14854.11328125,15106.53612132353,14849.258995863971,15048.284696691177,14076
2019-10-24,14426.93359375,14742.46208755678,14407.516455669582,14538.582137712398,23225
2019-10-25,14101.6982421875,14664.795314853163,14067.718246423192,14650.232459525603,22163
2019-10-28,13664.80859375,13892.959927286856,13616.265756827264,13883.25135990231,16159
2019-10-29,13985.1953125,13999.758167736896,13684.22963760413,13737.626773472752,17062
2019-10-30,13791.021484375,14155.092801280358,13723.061505219333,13917.232874235524,18652
2019-10-31,13781.31640625,14019.176393536456,13659.959269879359,13684.230697153487,21382
2019-11-01,13407.5341796875,13669.665550325852,13407.5341796875,13601.705565345537,18276
2019-11-04,13164.8193359375,13232.779317760187,13072.587932035283,13135.693629442063,18833
2019-11-05,13155.1123046875,13271.615144286208,13067.735174988467,13106.569454854704,17041
2019-11-06,13232.7802734375,13426.95166409689,13184.237425772651,13189.091710539136,17663
2019-11-07,13106.5703125,13218.218874421296,12844.43890625,13028.901747685184,19125
2019-11-08,12946.37890625,13281.32459223847,12946.37890625,13184.238886154857,14983
2019-11-11,13004.62890625,13198.800297160788,12990.066051931692,13140.548879887552,9713
2019-11-12,12892.9775390625,13033.751766710397,12761.911878838597,12970.646078454443,16549
2019-11-13,12912.3974609375,13058.026003730027,12849.291759060738,13028.900295171521,17266
2019-11-14,12917.2529296875,13155.112904717447,12892.981503664036,13033.755774600128,15067
2019-11-15,12679.390625,12815.31058575804,12655.119203436065,12698.807762251148,15357
2019-11-18,12601.72265625,12854.145452137904,12548.325526350634,12693.95406243981,19688
2019-11-19,12562.88671875,12703.660951688078,12470.655324756084,12475.509608650502,17837
2019-11-20,12791.04296875,13067.737256878558,12543.474395161289,12655.12296756404,26541
2019-11-21,12883.2724609375,12994.921016552255,12800.749615483115,12829.875325643485,20692
2019-11-22,12849.2900390625,13062.878539900712,12757.058640973271,12771.62149330315,16481
2019-11-25,12392.990234375,12689.101634412946,12388.135949128477,12689.101634412946,15472
2019-11-26,12329.8828125,12431.822788508858,12281.339966781496,12383.279942790354,12929
2019-11-27,12082.314453125,12281.340123104157,12072.605883857723,12247.360130668692,14708
2019-11-29,12247.3583984375,12261.921250278685,12111.438447919762,12159.981287390383,9817
2019-12-02,12645.4111328125,12825.019659458974,12227.94266547205,12237.651234479967,28780
2019-12-03,12917.2529296875,13329.867172086388,12902.690074073422,13125.98719348929,32668
2019-12-04,12723.080078125,12781.331493972959,12630.848669699066,12718.225793471003,18382
2019-12-05,12659.9755859375,12844.438420395178,12596.869879412505,12596.869879412505,15633
2019-12-06,12266.7783203125,12407.552586750593,12223.089754866194,12392.989731601825,18370
2019-12-09,12417.259765625,12431.822619142153,12145.419833304828,12320.174075510653,13313
2019-12-10,12446.3857421875,12538.617149793414,12276.485780808185,12402.697180689962,16813
2019-12-11,12252.21484375,12426.96909667195,12223.089134929676,12378.426248638076,12629
2019-12-12,11980.3759765625,12349.301654933144,11844.455989794367,12295.904517274235,36426
2019-12-13,11868.7265625,12082.315097776074,11737.660870398773,12009.500824386503,29818
2019-12-16,11528.9287109375,11650.285855263157,11470.677281661185,11645.43156949013,16028
2019-12-17,11509.509765625,11553.198330741248,11441.549775444168,11475.529770534584,13073
2019-12-18,11485.2373046875,11504.654442987901,11373.58875946019,11470.674450962199,12332
2019-12-19,11252.2333984375,11460.967667692381,11247.379113105992,11460.967667692381,13441
2019-12-20,11130.8740234375,11193.979720037887,11067.768326837113,11096.894032960368,14908
2019-12-23,11038.6435546875,11067.769263275066,10985.246422276963,11009.517846099934,9418
2019-12-24,11027.9140625,11101.075809929236,10998.649363528306,11013.281713014154,5627
2019-12-26,10735.265625,10979.138083541573,10735.265625,10974.260634370741,11307
2019-12-27,10774.2880859375,10852.327293440896,10618.20967093071,10627.964571868633,17743
2019-12-30,10984.015625,11140.093999777975,10769.407859680283,10788.91765652753,25318
2019-12-31,10920.6083984375,11135.21615615579,10901.098602281292,11086.44166576527,18533
2020-01-02,10388.9658203125,10715.75488602186,10388.9658203125,10652.348052376761,25799
2020-01-03,10666.9814453125,10798.672574266975,10481.638374932127,10793.79512504644,29139
2020-01-06,10462.130859375,10959.630788352273,10462.130859375,10920.611186079544,25101
2020-01-07,10467.0068359375,10569.433277482089,10379.212743184995,10452.374487145415,17691
2020-01-08,10232.8896484375,10525.536635523415,10091.443604679307,10476.762137675762,29224
2020-01-09,9974.384765625,10159.727856624388,9920.732818230439,9993.894564677566,27716
2020-01-10,10057.30078125,10106.075275824442,9857.325353494785,9867.080252409674,30932
2020-01-13,9706.1240234375,9984.138631144002,9706.1240234375,9940.241587821922,25107
2020-01-14,9823.18359375,9871.958090243297,9676.86010427011,9735.389500062067,37181
2020-01-15,9818.3056640625,9910.977202868853,9676.859631147541,9813.42821465164,30865
2020-01-16,9540.291015625,9735.388991404652,9535.413566230509,9676.859598670757,25390
2020-01-17,9393.96875,9559.802050882658,9374.458949896158,9418.356000129803,22365
2020-01-21,9413.478515625,9486.640265746439,9340.316765503563,9481.762815738342,19694
2020-01-22,9340.31640625,9374.458554993473,9174.483112353133,9272.032108763055,21796
2020-01-23,9252.5205078125,9486.638053608494,9242.765610071001,9359.824382968996,28432
2020-01-24,9491.5166015625,9618.330286886563,9091.56574784815,9130.585343332477,39371
2020-01-27,10076.8115234375,10203.625221215514,9925.610576086792,10120.70857266835,46922
2020-01-28,9613.4521484375,9945.118686283138,9545.167861233987,9871.956949993659,33681
2020-01-29,9574.43359375,9696.369834118696,9423.232655692816,9452.497353381304,30482
2020-01-30,9467.1298828125,9847.570960019802,9457.374983396929,9754.89941557187,48260
2020-01-31,9930.4873046875,10023.158846332422,9350.07080701667,9350.07080701667,58542
2020-02-03,9481.7626953125,9803.674391758293,9403.723496174125,9784.1645919737,49271
2020-02-04,8833.0615234375,9184.237906478636,8774.532126263977,9091.566360953891,56163
2020-02-05,8730.6357421875,8896.46904678771,8506.273035963686,8506.273035963686,44422
2020-02-06,8516.0263671875,8769.6537274932,8506.271468714205,8676.982191996885,27849
2020-02-07,8623.3310546875,8701.370249752546,8486.762463323672,8628.208504379065,35358
2020-02-10,8311.17578125,8720.881629621479,8311.17578125,8716.004179045627,30571
2020-02-11,8311.17578125,8379.460089311913,8096.567955912558,8179.484615702025,39584
2020-02-12,8072.17822265625,8228.256593124528,8057.545875424849,8169.727204198924,25595
2020-02-13,8106.3203125,8272.153580024067,8003.893882558665,8247.76633479994,33578
2020-02-14,8042.91650390625,8150.220423303423,8013.6517986161125,8072.181209196388,25823
2020-02-18,8023.40625,8184.36212006079,7979.509194528876,8159.974867021277,30925
2020-02-19,7799.0419921875,7916.10078381508,7750.267495676008,7886.836085908185,25670
2020-02-20,8023.40625,8301.420934650456,7803.920972644377,7847.818028115502,49529
2020-02-21,8481.884765625,8579.433756604012,8101.443700806858,8130.708398100561,61292
2020-02-24,9467.1298828125,9589.066125507148,9150.095651806414,9413.477936026855,112160
2020-02-25,10228.01171875,10320.683260312351,9135.463018225442,9233.012009343705,141867
2020-02-26,10081.6875,10310.927612481857,9540.290638606675,10067.055152394774,120406
2020-02-27,11588.8212890625,11622.963439324889,10384.091129803897,10852.326333402383,169664
2020-02-28,11413.2333984375,12876.46844951923,11349.826546223958,12744.777294921874,201670
2020-03-02,9789.041015625,11559.555160454036,9774.408667320628,11076.687666409753,121467
2020-03-03,10769.408203125,11008.403222125511,9374.457684060802,9720.756589143173,138580
2020-03-04,9428.1103515625,10462.129696896825,9418.355452078215,10164.605262626099,102389
2020-03-05,10262.1533203125,10471.88364007174,9657.349607518418,10154.849435784517,90529
2020-03-06,10774.2880859375,11544.925260033528,10637.719472806559,11301.052736585418,128673
2020-03-09,13003.2783203125,13183.743923407608,11866.832765686539,13047.175358903201,104632
2020-03-10,10974.26171875,13042.30037152778,10974.26171875,11554.678227430557,116631
2020-03-11,12330.19140625,12759.406929885285,11476.637808111649,11730.265162987045,95815
2020-03-12,15739.5283203125,15817.567506282443,13217.887123658778,14778.670843057602,137302
2020-03-13,11276.662109375,15510.28784939987,11218.132721264057,13183.74467198989,154005
2020-03-16,14968.8935546875,15344.457192260306,12759.408777798144,14632.349515823558,135212
2020-03-17,12232.6435546875,15407.863233356386,11574.187860954322,13944.628358393766,167090
2020-03-18,13139.8486328125,15120.093081558556,12735.020334177223,14271.416889238817,136188
2020-03-19,12974.0166015625,14300.682960820019,11618.085543203713,13330.070440627936,166209
2020-03-20,14300.6826171875,14515.290405439973,11827.815602551053,12057.055740002557,166549
2020-03-23,14378.7216796875,15729.77524321309,13461.761138377713,14247.030538116413,161576
2020-03-24,11140.0947265625,12530.167842617804,11125.462377972444,12174.114026926445,174516
2020-03-25,11328.412109375,11753.961268924062,10056.656000377807,10971.342124925788,168613
2020-03-26,9523.498046875,11074.062443823832,9396.322418103171,11025.148740450051,179134
2020-03-27,10443.07421875,10545.792981557377,9704.477400468384,10218.07121450527,132630
2020-03-30,9313.169921875,10281.661331817884,9249.582102030266,10154.485692128415,139439
2020-03-31,9518.60546875,9714.260257419064,8843.596447841726,9371.864377248201,147727
2020-04-01,10736.5556640625,10971.341391568196,9949.045203053816,10369.702964834853,142936
2020-04-02,10100.6787109375,10995.79939088983,10081.11323159428,10888.189254502118,163036
2020-04-03,10496.87890625,10868.622986806851,9934.371415933714,10193.613998427307,126740
2020-04-06,8290.8720703125,9528.388668418142,8095.217272193031,9337.62524025166,144559
2020-04-07,8266.4140625,8305.545016642012,7493.577718195267,7542.491410872782,166134
2020-04-08,7743.03857421875,8266.415155040864,7654.993915762693,8026.738029243821,134014
2020-04-09,7703.9072265625,7914.2361222718255,7425.099155505952,7542.492027529762,159118
2020-04-13,7444.6650390625,7938.6934023642825,7400.642709659371,7796.843674287533,114197
2020-04-14,6471.283203125,7072.921777565192,6417.478127362056,6994.659849182729,131333
2020-04-15,6686.50244140625,6911.505449675956,6529.978609566455,6784.329836306122,105140
2020-04-16,6324.541015625,6676.719633664443,6226.713621725155,6471.282106474768,143971
2020-04-17,6168.01806640625,6437.043438057593,6040.8424361710695,6079.973399320355,114859
2020-04-20,6368.56298828125,6378.345727126536,6099.537670035883,6319.64929405482,86157
2020-04-21,7068.029296875,7185.422171009948,6510.413144733997,6554.435472534602,146575
2020-04-22,6432.1513671875,6725.633558846245,6304.975750802044,6627.806161626664,84050
2020-04-23,6481.064453125,6525.086777712264,6123.994487028302,6358.780218160377,104801
2020-04-24,6163.12548828125,6574.000520833333,6138.668641105531,6441.9335460844495,96153
2020-04-27,6040.841796875,6114.212345015182,5928.340289726721,5972.36261861083,73637
2020-04-28,6358.78173828125,6388.129961688702,5874.5360520582935,5879.427422626202,104528
2020-04-29,5703.33740234375,6035.9505613140545,5600.618632661744,5943.014531601764,108957
2020-04-30,5664.2060546875,5815.838513837166,5605.50961888763,5610.400988537619,89451
2020-05-01,6172.9091796875,6256.062472916255,5864.752857722118,6031.059444179626,103522
2020-05-04,5952.79736328125,6314.758747737135,5933.231883040391,6270.736417195203,70241
2020-05-05,5752.24951171875,5820.728672572545,5546.812029157366,5771.814986248406,81538
2020-05-06,5644.64013671875,5718.010675757555,5483.224950833378,5620.183290372482,91895
2020-05-07,5424.5283203125,5537.029809372182,5356.049153058781,5429.4196894020515,94721
2020-05-08,5204.4169921875,5380.506288915649,5189.742884126821,5297.353009905134,83798
2020-05-11,5072.35009765625,5316.918569095799,4989.196817366803,5297.353091380635,89125
2020-05-12,5375.6142578125,5380.505626563922,4979.413388947339,5023.435707710134,105176
2020-05-13,5576.162109375,5771.816920230263,5199.526598478618,5341.376336348684,175337
2020-05-14,5390.2900390625,5840.296104029605,5390.2900390625,5678.880885074013,127786
2020-05-15,5282.6796875,5649.532443576389,5282.6796875,5615.2928530092595,119261
2020-05-18,4989.19677734375,5131.046489640778,4915.826236500459,5077.241426355698,93447
2020-05-19,5033.2197265625,5038.11109655916,4832.673556699466,4979.414656599247,92159
2020-05-20,4725.0634765625,4852.239098084886,4700.606626269733,4852.239098084886,91258
2020-05-21,4871.8046875,4910.935648845381,4681.041250941265,4720.172212286647,105987
2020-05-22,4827.7822265625,4969.631957636779,4813.108116451368,4910.93551719225,69979
2020-05-26,4852.23876953125,4886.478357622701,4583.213434526998,4597.887543709047,80486
2020-05-27,4783.75927734375,5194.634307299654,4778.867907939512,4896.2607736412,131899
2020-05-28,4808.21630859375,4866.912743693572,4588.104676969418,4857.130004510268,118955
2020-05-29,4612.56201171875,4881.587367651445,4578.32242096368,4778.868595386234,135543
2020-06-01,4548.9736328125,4676.149239751344,4529.408154821908,4656.583761760753,63071
2020-06-02,4465.81982421875,4671.257318870653,4456.037086378184,4534.298989102718,86448
2020-06-03,4387.5595703125,4475.604243964256,4353.319975003484,4426.690536379947,77562
2020-06-04,4490.27685546875,4568.538761446419,4338.644412637016,4421.79768773829,84338
2020-06-05,4226.142578125,4456.03690818504,4187.011628327546,4436.471433286313,117280
2020-06-08,4123.4248046875,4314.188229815391,4118.533434812426,4235.926311814205,71238
2020-06-09,4030.489501953125,4182.121995351847,3986.467165159948,4172.339253842252,89423
2020-06-10,3878.8564453125,3976.683846203105,3810.377264689076,3947.3356259359234,118114
2020-06-11,4460.92919921875,4470.711938690721,4010.9231835080864,4074.5109900758976,189568
2020-06-12,4358.2109375,4597.888082210999,4098.968311588103,4172.33886609147,211308
2020-06-15,4196.79443359375,4602.778044302702,4157.663483163971,4548.972987461757,145018
2020-06-16,3986.466796875,4182.121608991564,3898.422131422546,3927.7703532400305,152103
2020-06-17,3942.443603515625,3991.357295866935,3849.507588048135,3908.2040188697074,99174
2020-06-18,3908.203857421875,4001.1398690501796,3898.4211193557376,3962.0089167856304,72259
2020-06-19,3913.095703125,4001.1403564453126,3776.1373535156254,3790.8114624023438,112185
2020-06-22,3776.1376953125,3932.6615376052464,3766.3549551692035,3917.9874273903015,88704
2020-06-23,3678.31005859375,3722.3323864226645,3570.699923900848,3692.984167870055,121056
2020-06-24,3893.5302734375,3971.79218848147,3653.8531586153426,3717.440964588568,199872
2020-06-25,3785.919189453125,4025.5962440825865,3776.1364525294734,3898.420664075117,134489
2020-06-26,4059.83837890625,4084.2952366105046,3795.7043157003013,3805.487058782003,158603
2020-06-29,3937.552001953125,4206.577294012034,3927.769264060074,4069.618963509317,128589
2020-06-30,3697.875732421875,3942.4442332434273,3668.5275123232886,3932.6614932105654,113478
2020-07-01,3565.80908203125,3717.4415670010285,3516.8953772022887,3692.9847145865483,134571
2020-07-02,3492.437744140625,3512.0032216988357,3404.3930951286766,3463.0895278033086,122537
2020-07-06,3238.086669921875,3360.37090972255,3208.738452369713,3360.37090972255,142119
2020-07-07,3301.674072265625,3311.456810257523,3140.2588953993054,3252.760382306134,151924
2020-07-08,3169.607666015625,3306.566021954572,3169.607666015625,3247.8695836950233,125769
2020-07-09,3091.345703125,3257.6522757614716,3061.997484424446,3106.019812475277,184147
2020-07-10,3022.866455078125,3194.0643934725176,3017.975085409714,3096.237000104293,132420
2020-07-13,3208.738525390625,3242.978113314001,2827.2116885301543,2925.0390825969416,269991
2020-07-14,3140.259521484375,3428.8503497827833,3125.5854115708967,3301.6747305326376,334667
2020-07-15,3120.69384765625,3247.869459002743,3057.1060419830033,3096.236999320386,168723
2020-07-16,3189.173095703125,3311.457340170269,3164.7162468096963,3228.304053932611,156566
2020-07-17,3184.281494140625,3262.543404902914,3140.2591693368377,3164.716016450053,114773
2020-07-20,2905.473388671875,3198.9555491437814,2881.016541965883,3150.041855731797,158403
2020-07-21,2993.517822265625,3022.866036209406,2851.668121537352,2851.668121537352,161275
2020-07-22,2959.27880859375,3047.3234673618285,2929.9305890043906,2978.84428831999,119008
2020-07-23,3194.064697265625,3247.8697687356434,2954.3875607173622,2978.8444113855526,220467
2020-07-24,3287.000732421875,3443.5245768229165,3233.1956609090166,3345.6971740722656,271052
2020-07-27,3106.019775390625,3252.760867141363,3096.237035940576,3223.412648791216,131230
2020-07-28,3223.412841796875,3238.0869518505788,3115.802701403049,3140.259551492555,111384
2020-07-29,3110.911376953125,3189.1732983859083,3081.5631564158316,3169.6078180277123,102637
2020-07-30,3061.997802734375,3233.1957629511535,3047.3236918586513,3194.06480061589,169909
2020-07-31,2900.58203125,3076.6713282567453,2895.6906618887015,2900.58203125,182106
2020-08-03,2788.0810546875,2836.994757401316,2758.7328330592104,2832.103387129934,134528
2020-08-04,2748.9501953125,2827.2121225811834,2748.9501953125,2807.6466407640123,108742
2020-08-05,2734.27587890625,2768.5154695186716,2719.6017686437835,2739.1672489937387,87859
2020-08-06,2621.774169921875,2758.732522081973,2611.991430481868,2744.0584129219624,150306
2020-08-07,2709.8193359375,2778.2985249323106,2616.8832937302573,2641.34014694269,187796
2020-08-10,2748.9501953125,2861.451715761232,2700.036490769573,2704.9278612238654,165835
2020-08-11,2905.473388671875,2925.038866036669,2744.058200412326,2788.080524483112,166501
2020-08-12,2680.470703125,2836.994539803832,2651.122483747719,2832.103169907619,169947
2020-08-13,2665.796630859375,2695.144850648652,2597.3174513510608,2665.796630859375,159062
2020-08-14,2680.470703125,2719.601662294708,2641.339743955292,2651.122483747719,111889
2020-08-17,2582.643310546875,2631.557009610263,2572.8605707341976,2621.7742697975855,85846
2020-08-18,2509.273193359375,2594.383044362208,2494.5990811175075,2552.3172559355203,185515
2020-08-19,2559.164794921875,2570.904082971975,2478.9463265795225,2509.2728207089485,262116
2020-08-20,2451.5546875,2592.426145999601,2437.858851256983,2581.665131808659,267351
2020-08-21,2400.6845703125,2464.2723849295794,2388.945281460116,2448.6199997930676,264829
2020-08-24,2354.705810546875,2416.3370802038976,2295.0310891329327,2317.5313939283537,297816
2020-08-25,2299.921875,2386.988249680987,2298.94360112718,2375.248963207146,233814
2020-08-26,2152.20263671875,2273.508603515625,2148.289541015625,2270.5737817382815,387394
2020-08-27,2173.72509765625,2224.5953519668374,2110.1372797680156,2127.74621395245,507615
2020-08-28,2137.5283203125,2174.702725883152,2124.810760512014,2145.354510958953,287270
2020-08-31,2088.614990234375,2136.550416239754,2046.5492082296546,2126.7676762386563,390970
2020-09-01,1980.0264892578125,2067.0928714435563,1978.0699413435261,2030.8967350292583,387730
2020-09-02,1923.2869873046875,2040.6798858176899,1912.5259716076623,1914.4825199162124,626356
2020-09-03,2218.725341796875,2273.5086835696375,2002.5267965865094,2009.3747143081046,1382832
2020-09-04,2306.769775390625,2576.7733623320214,2178.6158989800347,2252.9647127754915,1662614
2020-09-08,2634.49169921875,2642.3178906757685,2432.9672692005315,2579.7083590196225,965803
2020-09-09,2406.55419921875,2545.4691164094256,2340.0315628175813,2473.0768356199187,605925
2020-09-10,2544.490478515625,2592.425900832913,2291.1175319813897,2323.4005715011954,805107
2020-09-11,2598.295654296875,2700.036146784403,2465.2503948901076,2488.7289700795372,964651
2020-09-14,2465.25048828125,2525.903476484995,2403.6192260742187,2486.7725163535465,576442
2020-09-15,2357.640380859375,2406.55408170708,2320.465968215119,2362.5317509441456,510386
2020-09-16,2473.07666015625,2478.9463041281397,2325.3572868636893,2340.031396793414,577282
2020-09-17,2584.599609375,2685.36181973292,2530.7945455916447,2660.904972558668,879757
2020-09-18,2688.296875,2807.646299581514,2536.6644093431587,2549.3819709788936,945849
2020-09-21,2652.100341796875,2878.0815955611974,2650.143794145236,2805.6893324505486,909666
2020-09-22,2506.338134765625,2683.4057391343126,2488.729201734485,2577.7521409474716,591027
2020-09-23,2739.167236328125,2759.710990600586,2510.2511172921318,2516.1207613699776,800870
2020-09-24,2697.101318359375,2826.233481588768,2593.4042781903163,2814.49419402246,1027052
2020-09-25,2507.316162109375,2729.384351262254,2482.8593130837276,2682.427201133011,744181
2020-09-28,2353.72705078125,2444.706525312695,2351.770502941864,2369.3794334963372,588761
2020-09-29,2384.053466796875,2398.72757512759,2339.0528679160147,2365.4662629113022,409170
2020-09-30,2333.18359375,2386.010392099057,2251.008574095912,2379.1624737945494,662069
2020-10-01,2223.616943359375,2283.2916611530054,2207.9645583643246,2235.356232105663,558626
2020-10-02,2407.531982421875,2431.9888290535478,2282.31292766771,2369.3793016764653,882478
2020-10-05,2255.89990234375,2359.59694902564,2247.0954361160425,2357.640400975038,371702
2020-10-06,2377.20556640625,2398.7275921103396,2230.464482060185,2276.4433551552856,689499
2020-10-07,2251.987060546875,2321.444524186679,2231.4433036956652,2306.7704121501006,408995
2020-10-08,2214.812255859375,2242.2039268682365,2191.333680708922,2194.268502602729,305810
2020-10-09,2115.0283203125,2185.4640460583373,2112.0934984064234,2175.6813063714153,343889
2020-10-12,1919.3734130859375,2030.896638922735,1853.8290610590475,2006.4397911515075,689594
2020-10-13,1917.4166259765625,1945.7865658507055,1868.5029365383848,1883.1770433698382,464068
2020-10-14,1965.3524169921875,2001.5485540896047,1882.1991290656888,1901.7646085778063,562226
2020-10-15,2007.418212890625,2077.853939658717,1992.7441031472724,2063.1798299153643,547510
2020-10-16,2038.722900390625,2045.5708180023018,1939.9172319935747,1970.2437242738574,392511
2020-10-19,2137.5283203125,2160.0286184210527,1976.1131382294052,1997.635162507151,581219
2020-10-20,2121.87646484375,2157.0943314801607,2050.4624574976947,2117.9633685508156,594054
2020-10-21,2128.72412109375,2139.4851345735437,2058.288396498736,2116.9848336612476,506086
2020-10-22,2127.745849609375,2205.029491963003,2088.6148914556393,2109.1586444863506,584590
2020-10-23,2113.0712890625,2182.52872495298,2112.0930153175636,2113.0712890625,389883
2020-10-26,2208.943115234375,2294.0529695414566,2104.267777178539,2167.8555993619907,676716
2020-10-27,2158.072509765625,2217.7472255841667,2139.485303199194,2187.4207306599897,474227
2020-10-28,2411.445068359375,2417.314711527795,2250.0298812278143,2264.7039891488653,802102
2020-10-29,2285.248046875,2387.9668161052546,2202.094757498127,2373.292706215218,614706
2020-10-30,2448.61962890625,2515.142255660395,2312.639553629395,2334.161579932206,1016035
2020-11-02,2440.7939453125,2521.990697801854,2342.9665326747245,2391.8802389936122,684757
2020-11-03,2316.552734375,2416.3366781698687,2254.9214749722864,2388.9450073242188,696548
2020-11-04,2003.5048828125,2131.6587595939636,1957.5260109901428,2088.614709377289,960473
2020-11-05,1848.9378662109375,1897.851566375248,1826.4375641353547,1867.5250722733754,706246
2020-11-06,1842.090087890625,1933.0695770960567,1829.3725248834141,1863.6121175951357,722407
2020-11-09,1954.59130859375,1963.3957739477758,1758.9365229487298,1789.263014723708,925018
2020-11-10,2058.2880859375,2117.962788048806,1993.7220148006775,2023.0702289537787,1034930
2020-11-11,1921.3302001953125,2014.2662333004828,1911.5474598684523,2006.4400410389947,532778
2020-11-12,1946.76513671875,1972.2002591080404,1875.3511392411276,1902.742809506517,564468
2020-11-13,1896.8731689453125,1959.482701081723,1885.1338816697355,1914.4820998586779,419057
2020-11-16,1853.8294677734375,1915.4607376783065,1846.0032747696446,1901.764899921669,341597
2020-11-17,1868.50341796875,1883.17752858107,1842.090018866574,1847.9596631115019,317346
2020-11-18,1912.5257568359375,1912.5257568359375,1848.937943948809,1881.220987414582,351990
2020-11-19,1865.568359375,1936.9823553028316,1859.6987158740824,1923.2865204673571,332208
2020-11-20,1904.6995849609375,1905.6778590158738,1853.829334104251,1868.5034449282953,279570
2020-11-23,1903.7213134765625,1950.6784681769093,1858.72070688873,1884.155832351418,311571
2020-11-24,1824.481201171875,1920.3520632173675,1814.6984601468246,1882.1993732196715,362866
2020-11-25,1789.26318359375,1822.524500292595,1778.502169367653,1805.8938419431724,277269
2020-11-27,1741.3275146484375,1760.8929923411165,1719.8054891864906,1755.0233490333128,187304
2020-11-30,1731.5447998046875,1815.676355049435,1723.7186086191296,1735.4578953974662,430302
2020-12-01,1662.087646484375,1710.0230759592039,1633.7176984278435,1691.4358686118214,413717
2020-12-02,1655.2396240234375,1713.9360645916445,1650.3482539760869,1682.6312962886007,316513
2020-12-03,1648.3916015625,1661.1091628801928,1622.9564789271142,1652.3046973525593,277110
2020-12-04,1627.8480224609375,1660.1310661756074,1626.8697484089778,1649.3700516040508,246060
2020-12-07,1600.456298828125,1628.8262454454941,1595.5649287216822,1625.8914233816283,249346
2020-12-08,1584.8038330078125,1637.6306274414064,1579.9124631528503,1608.282408311632,272060
2020-12-09,1691.435546875,1710.022750686813,1583.82541954345,1587.738515082779,645486
2020-12-10,1672.848388671875,1748.1754798576846,1653.2829104417947,1729.5882755391083,506970
2020-12-11,1682.63134765625,1740.3495159770166,1681.653073616915,1700.2402803642806,433547
2020-12-14,1645.45654296875,1664.043745297172,1613.1735073457007,1663.065471490413,338122
2020-12-15,1594.5865478515625,1646.4350675056317,1594.5865478515625,1609.2606571876197,305902
2020-12-16,1568.1732177734375,1604.369355675881,1555.455655807714,1587.7386977207043,318155
2020-12-17,1535.89013671875,1561.3252600019905,1532.9553148014531,1542.7380545257763,243999
2020-12-18,1550.564208984375,1586.7603450931585,1523.172538415566,1527.0856342111101,379437
2020-12-21,1560.346923828125,1638.6088385028897,1550.5641844937793,1595.5647854317692,552857
2020-12-22,1546.6512451171875,1590.673576572136,1531.9771346322048,1545.6729710848554,369183
2020-12-23,1569.151611328125,1572.086433543826,1540.7816632430156,1546.6513076744175,260759
2020-12-24,1548.6080322265625,1567.1952417100147,1541.7601129431855,1565.2386933433356,157865
2020-12-28,1501.6505126953125,1536.8683748823034,1494.802595047842,1508.498430342783,310148
2020-12-29,1497.7374267578125,1512.411536099006,1473.2805778558234,1483.0633174166192,391314
2020-12-30,1497.7374267578125,1507.5201663186083,1476.215399724062,1481.1067695044599,225566
2020-12-31,1485.0196533203125,1515.3461416292255,1481.1065580546465,1498.7154867501442,286943
2021-01-04,1549.586181640625,1609.260902019462,1465.4546086475102,1467.4111568566523,716122
2021-01-05,1511.4332275390625,1565.238293891586,1509.476679671698,1565.238293891586,404773
2021-01-06,1574.0428466796875,1597.5214223915038,1510.455037460185,1580.890764595634,822835
2021-01-07,1456.650146484375,1531.9772527834327,1446.8674054065752,1531.9772527834327,480905
2021-01-08,1402.8447265625,1458.6063370325576,1397.9533572230212,1427.3015732598938,697530
2021-01-11,1463.497802734375,1472.3022681251566,1426.3233933066301,1442.9540501558845,539513
2021-01-12,1469.367431640625,1508.49838854184,1446.8671314224264,1462.5195141829124,446461
2021-01-13,1441.9757080078125,1475.237020132823,1429.2581474894262,1467.4108290445854,335724
2021-01-14,1463.497802734375,1470.3457202605384,1420.4537497127758,1434.1495847651026,283622
2021-01-15,1498.7158203125,1516.3247529271375,1452.7369407076126,1468.3893252539572,492682
2021-01-19,1432.193115234375,1480.1285405393505,1425.3451973336641,1463.4978827804814,358135
2021-01-20,1333.387451171875,1388.1707947269924,1320.6698892751513,1382.3011507746585,524582
2021-01-21,1299.1478271484375,1333.3874159663558,1291.3216354186277,1317.735032506736,372114
2021-01-22,1310.8870849609375,1320.6698244009444,1299.147797632929,1313.8219067929397,296681
2021-01-25,1274.69091796875,1360.7790229428483,1253.1688917252254,1269.799548367949,811772
2021-01-26,1272.734375,1290.3433056302842,1260.016813989239,1270.7778271521906,361330
2021-01-27,1376.431640625,1403.8233150652984,1300.1262618270255,1300.1262618270255,863249
2021-01-28,1354.90966796875,1372.5186022817013,1289.3653013594314,1364.692409253723,657142
2021-01-29,1439.041259765625,1464.476387402543,1362.7358768548713,1376.4317148132116,889578
2021-02-01,1331.430908203125,1420.4538418155307,1319.6916202542363,1392.0838959390499,672315
2021-02-02,1268.8214111328125,1297.1913578736387,1253.1690267240808,1295.234809822547,464027
2021-02-03,1281.5386962890625,1283.4952439169847,1239.4729222887345,1243.3860175445789,425677
2021-02-04,1236.538330078125,1282.5172078579287,1236.538330078125,1264.9082759422593,376750
2021-02-05,1223.82080078125,1246.3211032736313,1213.0597865457635,1226.7556228454737,374802
2021-02-08,1199.364013671875,1224.7991395735623,1198.3857395987332,1205.2336581107259,353012
2021-02-09,1200.34228515625,1211.1032999376018,1187.624722232834,1211.1032999376018,375858
2021-02-10,1208.16845703125,1244.3645970394737,1179.7985094572368,1184.6898797286183,756834
2021-02-11,1188.602783203125,1216.9727261766975,1184.6896876205633,1191.5376048900464,556934
2021-02-12,1170.0157470703125,1210.124982546803,1167.0809249622766,1197.4074200786476,385786
2021-02-16,1177.841796875,1191.5376317223838,1150.4501271802326,1160.2328663569353,447960
2021-02-17,1195.4508056640625,1235.560038914657,1192.5159837188971,1211.1031893716117,639890
2021-02-18,1211.1031494140625,1255.1254771391293,1203.276957818495,1235.5599981502107,700362
2021-02-19,1226.7557373046875,1238.4950266568856,1194.4726915861431,1195.4509656988262,526438
2021-02-22,1322.626220703125,1324.582768366887,1261.9732431265022,1276.6473506047175,824762
2021-02-23,1333.387451171875,1463.4978921152788,1312.843697338706,1390.1273427111037,1549617
2021-02-24,1300.1259765625,1402.84473317579,1296.2128810724698,1369.5834215105342,926164
2021-02-25,1438.0623779296875,1456.6495787328604,1302.082329948581,1334.3653629225128,1519481
2021-02-26,1416.5406494140625,1463.4977980134236,1350.0180222316342,1395.0186229726885,1732058
2021-03-01,1290.343017578125,1367.6266403140398,1285.4516490505353,1348.0611662036818,765638
2021-03-02,1351.974609375,1355.8877052053185,1281.5388844292693,1283.4954323444285,614727
2021-03-03,1469.367431640625,1471.3239794856859,1354.909382704571,1367.626943697466,1314785
2021-03-04,1541.759765625,1600.4562034026014,1429.258259884597,1476.2154101066783,2590718
2021-03-05,1471.3240966796875,1641.5437727583214,1457.6282606733605,1500.672316693245,2426704
2021-03-08,1596.543212890625,1602.412857055664,1451.7586568196614,1480.12860361735,1477632
2021-03-09,1407.7364501953125,1485.0201052095097,1376.4316785439921,1477.1939122966794,1269245
2021-03-10,1418.4974365234375,1429.2584515591327,1343.1703312735722,1348.0617017443428,1063167
2021-03-11,1319.6915283203125,1364.6921289895001,1296.2129540581275,1351.9745679308166,895859
2021-03-12,1351.974609375,1403.8231291267186,1350.9963354174204,1372.5183624841716,785867
2021-03-15,1308.9306640625,1370.5619285138732,1306.9741159846785,1349.039899657838,499196
2021-03-16,1287.40869140625,1305.9958989569482,1243.386357733544,1280.5607728349403,743275
2021-03-17,1271.756103515625,1347.0831958007814,1248.2775292968752,1325.561169433594,957026
2021-03-18,1388.170654296875,1394.040297655424,1318.7132078873765,1331.4307684975663,810626
2021-03-19,1370.5618896484375,1420.4538642180808,1351.9746834362174,1391.1056438829964,956178
2021-03-22,1296.2130126953125,1341.2136154002064,1268.821341483638,1341.2136154002064,662738
2021-03-23,1313.82177734375,1323.6045158198763,1265.8863588107315,1283.4952880677588,811640
2021-03-24,1379.3662109375,1382.301032662899,1295.2346548093972,1295.2346548093972,753206
2021-03-25,1386.21435546875,1440.0194292519407,1365.6706000242589,1405.7798368444555,1114960
2021-03-26,1323.6046142578125,1409.6927192501905,1320.6697924967086,1390.127240842832,868062
2021-03-29,1325.5611572265625,1369.5834834813193,1311.8653223917493,1331.4308007271968,751013
2021-03-30,1345.126953125,1381.323096590909,1338.2790340909091,1350.9965980113636,520023
2021-03-31,1283.4954833984375,1326.5395392441167,1262.9517294720904,1322.6264432581459,645236
2021-04-01,1216.9727783203125,1239.4730788841125,1215.994504382756,1236.538257071443,583808
2021-04-05,1145.5587158203125,1191.5375882742449,1135.775977000327,1188.6027666282491,554821
2021-04-06,1148.49365234375,1155.3415702026991,1125.993350807203,1148.49365234375,447970
2021-04-07,1138.7108154296875,1162.1893889437017,1129.9063503619323,1151.4283760831117,440629
2021-04-08,1102.5146484375,1117.188756446872,1101.5363745702084,1108.3842916412489,420758
2021-04-09,1082.9493408203125,1124.0368496861238,1080.9927927790834,1117.188931541822,589418
2021-04-12,1087.8408203125,1106.428028573235,1082.9494497175697,1092.7321909074303,387774
2021-04-13,1048.709716796875,1074.1448405251574,1044.7966208386777,1071.2100185565093,466623
2021-04-14,1086.862548828125,1094.6887417989844,1045.7750357311122,1046.7533098524696,541399
2021-04-15,1035.991943359375,1059.4705143136953,1033.057121990085,1057.5139667341684,605792
2021-04-16,1033.0572509765625,1050.6661813909357,1031.1007031527433,1034.035524888472,399960
2021-04-19,1062.4053955078125,1080.0143247151243,1036.9702755416954,1048.7095616799033,639063
2021-04-20,1084.9058837890625,1104.4713641098751,1055.5576633078435,1067.296951500331,575549
2021-04-21,1056.53564453125,1108.3841530128761,1054.5790970413773,1097.6231418185764,510230
2021-04-22,1094.6885986328125,1106.4278865538079,1050.6662689290802,1060.4490088632429,864813
2021-04-23,1053.6009521484375,1088.8188112731764,1039.9051180443723,1087.8405374086003,486552
2021-04-26,1032.0789794921875,1058.4923751758738,1030.1224316637663,1050.666183862189,496975
2021-04-27,1045.775146484375,1055.557888733995,1028.166210435059,1029.1444846600211,485086
2021-04-28,1057.51416015625,1063.383803968403,1039.9052287197908,1048.7096944380203,365026
2021-04-29,1044.7965087890625,1077.079546981983,1021.3179355578476,1025.2310310963835,534448
2021-04-30,1065.3402099609375,1075.1229483444172,1044.79645935563,1069.2533053143293,431578
2021-05-03,1081.970947265625,1087.8405907408455,1046.7530864143027,1054.5792777145966,363408
2021-05-04,1140.66748046875,1179.7984403476094,1104.4713425808052,1108.3844385686912,1035810
2021-05-05,1152.40673828125,1161.2112040236366,1110.3409575120702,1119.1454232544568,496106
2021-05-06,1126.9715576171875,1179.7983493804932,1125.015009774102,1156.3197752634685,646254
2021-05-07,1098.601806640625,1110.3410957587794,1074.1449543111364,1096.645258454266,606258
2021-05-10,1181.755126953125,1183.7116751765573,1111.3193909095612,1112.2976650212775,542145
2021-05-11,1185.668212890625,1256.10394830987,1177.8420200662645,1248.2777554855095,1037047
2021-05-12,1277.6259765625,1288.3869916790295,1215.9947081678313,1242.4081089084036,1294955
2021-05-13,1249.2557373046875,1278.603953529543,1212.081330086537,1242.4078201855546,939587
2021-05-14,1167.080810546875,1216.9727814922987,1155.3415232655987,1210.1248639115543,699000
2021-05-17,1187.624755859375,1218.9295270187654,1177.8420148720654,1185.6682076619131,551846
2021-05-18,1211.1031494140625,1215.0162452118464,1163.1677258912118,1175.885287234009,466590
2021-05-19,1207.190185546875,1278.6041916610743,1203.2770893214395,1273.7128213792798,890112
2021-05-20,1136.7542724609375,1192.5158847933587,1126.9715334552495,1190.5593369922212,665770
2021-05-21,1155.3414306640625,1160.2327999725471,1115.2322023344889,1120.1235716429733,484174
2021-05-24,1096.6451416015625,1134.7978271702164,1084.9058537342844,1130.884731214457,458792
2021-05-25,1091.7535400390625,1105.4493729786207,1074.1446119739162,1080.9925284436954,440627
2021-05-26,1080.9927978515625,1093.710360179228,1076.1014277255374,1086.8624420027927,351830
2021-05-27,1093.71044921875,1095.6669974284437,1077.0797894363538,1084.9059822751285,354521
2021-05-28,1082.9493408203125,1085.8841628821563,1067.2969564904797,1080.9927927790834,359710
2021-06-01,1093.71044921875,1107.4062866866054,1064.3622260733453,1070.2318707024262,473457
2021-06-02,1087.8408203125,1104.4714803352629,1079.0363532416254,1089.7973685504721,399905
2021-06-03,1122.0804443359375,1138.7111048012478,1103.4932355805906,1116.210799465828,508244
2021-06-04,1063.3837890625,1103.4930212166514,1059.470693242583,1102.514747261672,629577
2021-06-07,1054.5792236328125,1076.1012486049106,1053.6009497704445,1070.231605430702,412586
2021-06-08,1053.6009521484375,1069.2533339816548,1028.1658316694595,1036.9702964506441,523978
2021-06-09,1051.6446533203125,1053.6012015125364,1032.079171398074,1038.9270900708575,334262
2021-06-10,1018.3831787109375,1053.6010407989238,1017.404904764049,1048.7096710644812,777025
2021-06-11,1010.5570678710938,1025.231178246763,1010.5570678710936,1018.3832600714506,315215
2021-06-14,982.1871948242188,1018.3833364661472,982.1871948242188,1007.6223213834116,373570
2021-06-15,1000.7743530273438,1007.6222713765044,982.1871460796218,984.143694179382,452394
2021-06-16,1012.513671875,1043.818442406401,987.0785458182368,996.8612866092996,812466
2021-06-17,973.382568359375,1022.2962652618562,964.5781029169284,1021.3179913238066,822594
2021-06-18,995.8829345703125,1002.7308525879866,977.2957285223401,987.0784685475887,652547
2021-06-21,978.27392578125,1014.4700610351563,974.3608300781251,994.9045825195313,488807
2021-06-22,950.88232421875,982.1870920942644,945.9909542382009,979.2522701059349,591276
2021-06-23,948.92578125,955.7736992590206,939.1430412371134,949.9040552512887,417638
2021-06-24,931.3168334960938,937.1864774046826,918.5992716941513,932.2951074808585,562975
2021-06-25,933.2733154296875,940.1212328385006,924.4688501897848,926.4253980208742,473511
2021-06-28,900.0120239257812,924.4688724020252,899.0337499867314,924.4688724020252,479222
2021-06-29,890.2293701171875,908.816576746008,890.2293701171875,901.9686585143372,413761
2021-06-30,894.1425170898438,899.0338875334425,889.251146646245,892.1859689124043,361911
2021-07-01,894.1425170898438,907.8383543319201,890.2294207349647,898.0556134447227,374674
2021-07-02,862.8377685546875,881.4249767208315,860.8812203266723,879.4684284928164,452681
2021-07-06,853.0549926757812,878.4901186041875,849.1418963791033,857.9463630466286,752240
2021-07-07,846.2070922851562,860.8812037120665,833.4895290485008,835.4460772387555,795751
2021-07-08,861.8592529296875,892.1857419658058,855.011336050564,882.403003567058,882074
2021-07-09,845.228759765625,870.6638844807942,842.2939376831055,866.7507883707682,516157
2021-07-12,836.4241943359375,847.1852073624817,832.5110986899215,834.4676465129295,418965
2021-07-13,836.4241943359375,841.3155638934577,813.9238943713451,838.3807421589456,832274
2021-07-14,831.532958984375,837.4026034007353,813.9240257352941,818.815396082261,776626
2021-07-15,848.1635131835938,862.8376224082234,830.5545821140382,831.5328560623468,900884
2021-07-16,868.7072143554688,871.6420360255885,835.4459020941107,841.3155454343503,660944
2021-07-19,890.2293701171875,909.7948507791037,886.3162739848043,895.1207402826666,1068910
2021-07-20,859.90283203125,897.0772434273678,848.1635442219497,882.4031336657423,739705
2021-07-21,839.3590698242188,863.8159191780712,839.3590698242188,862.8376452039171,455142
2021-07-22,821.7501831054688,838.3808415730794,821.7501831054688,838.3808415730794,494978
2021-07-23,794.3583984375,821.750067349138,791.423576768396,812.9456023418257,686675
2021-07-26,792.4019165039062,804.141204155816,789.4670945909288,798.2715603298611,470524
2021-07-27,817.837158203125,846.2071074709368,793.3803053860458,793.3803053860458,1006849
2021-07-28,808.0543212890625,825.6632532299864,797.2933073251646,810.9891432792165,836006
2021-07-29,803.1629638671875,811.967429975354,796.315045783058,811.967429975354,515245
2021-07-30,815.8804321289062,831.5328145198685,812.9456104306008,830.5545406204333,640469
2021-08-02,815.8804321289062,820.7718016260819,801.2063236373791,805.1194192351197,576138
2021-08-03,801.2063598632812,834.4676739479595,801.2063598632812,811.9673732436183,657346
2021-08-04,797.2932739257812,809.0325613946271,791.4236301913583,802.184643704467,558566
2021-08-05,782.6192016601562,797.2933116912842,781.6409276580811,793.3802156829835,434928
2021-08-06,792.4019165039062,800.228108271846,784.5757247359664,790.4453685619213,538201
2021-08-09,789.467041015625,797.2932322524589,785.5539453972079,789.467041015625,532328
2021-08-10,801.2063598632812,809.0325514126173,783.597428877275,785.553976764609,625858
2021-08-11,804.1412963867188,813.9240372186739,788.4889110555904,792.4020073883725,626026
2021-08-12,795.3367309570312,817.8370320788168,793.3801830333977,808.0542924606492,457466
2021-08-13,787.5106201171875,797.2933607397612,785.5540719926727,794.3585385529891,367321
2021-08-16,786.5322875976562,820.7718772318825,786.5322875976562,795.3367535036001,734373
2021-08-17,808.0543212890625,823.7067052365504,798.2715813218825,804.1412253021905,1162784
2021-08-18,831.532958984375,833.4895071231618,801.2064628331801,811.9674775965074,930999
2021-08-19,817.837158203125,846.2071074709368,807.0761429636102,845.2288333582536,1053963
2021-08-20,792.4019165039062,813.9239438657407,790.4453685619213,811.9673959237558,721627
2021-08-23,757.18408203125,786.5323022650194,753.2709860000808,785.5540282572271,732145
2021-08-24,750.3359985351562,757.1839150798056,746.4229033667851,753.2708199114345,483904
2021-08-25,749.35791015625,754.2492803269827,744.4665399855172,749.35791015625,496667
2021-08-26,762.075439453125,765.0102614279124,748.379603570784,753.2709735287629,771065
2021-08-27,740.5534057617188,761.0971594222156,736.640309826386,758.162337470716,592823
2021-08-30,714.1400756835938,735.6621053617295,712.1835275310359,735.6621053617295,645950
2021-08-31,716.0965576171875,725.8792974753458,713.16173565974,714.1400096455558,624342
2021-09-01,713.1616821289062,714.1399560412916,701.4223951802823,710.2268603917503,627782
2021-09-02,715.1182250976562,720.9878685321104,703.3789382287481,706.3137599459751,685212
2021-09-03,707.2920532226562,720.9878882781434,705.3355053575867,720.0096143456086,570295
2021-09-07,703.3790283203125,714.1400426617915,700.4442062271818,706.3138504134431,523952
2021-09-08,712.1834106445312,724.9009715488978,705.3354932344877,706.3137671502082,700440
2021-09-09,719.0311889648438,720.9877364178094,704.357083067602,711.2049991529815,727511
2021-09-10,736.64013671875,737.6184104726925,704.3571028386453,709.2484716083582,778042
2021-09-13,737.6185913085938,749.3578792339295,719.0313854268122,721.9662074081461,1081866
2021-09-14,743.48828125,749.3579255756579,722.9445261101973,727.8358963815789,896416
2021-09-15,725.8793334960938,754.2492804925719,723.9227854273712,740.5534440115134,713430
2021-09-16,725.8793334960938,746.4230882176813,721.9662373586485,733.7055257709843,664802
2021-09-17,751.3143920898438,757.1840357780457,727.8358173370361,727.8358173370361,929447
2021-09-20,797.2932739257812,826.6414925978959,775.7712468995638,785.5539864569354,1277145
2021-09-21,795.3367309570312,802.1846486897485,776.7495256825126,784.5757173770468,932269
2021-09-22,771.8580932617188,795.3366664407824,762.0753544371089,787.5104753810945,892691
2021-09-23,750.3359985351562,768.9232005849188,743.4880819905068,764.031831624455,683782
2021-09-24,747.4013061523438,766.9667853709915,745.4447582304789,765.0102374491266,580513
2021-09-27,765.9884643554688,781.6408467688627,761.0970948512831,767.945012157143,651476
2021-09-28,830.5545654296875,834.467661144315,791.4236082834125,796.3149779266969,1282712
2021-09-29,835.4459838867188,840.3373538157979,807.0760382980596,821.750148085297,988428
2021-09-30,844.2505493164062,847.1853716199396,811.9675039775402,824.6850672928512,1102799
2021-10-01,828.5980224609375,869.6855277069344,820.7718309855096,840.3373096740795,912870
2021-10-04,880.446533203125,897.0771899414063,837.40248046875,840.3373022460938,1093242
2021-10-05,844.2505493164062,874.5770464529169,827.6198895963844,872.6204982505614,937071
2021-10-06,828.5980224609375,875.5551713135054,826.6414745920805,868.707253772506,1166859
2021-10-07,805.1195068359375,810.9891508711935,787.5105747301698,806.0977808418136,832074
2021-10-08,818.8153686523438,821.7501907622088,796.3150658100452,798.2716138832885,715582
2021-10-11,836.4241943359375,837.4024682474416,804.1411552563048,828.5980030439054,835242
2021-10-12,844.2505493164062,850.1201939234728,822.7285190904956,826.6416154952066,847504
2021-10-13,824.6849365234375,843.2721414984616,819.793566793168,828.598032307653,716126
2021-10-14,778.7060546875,804.1411770767902,777.7277807494504,799.2498073865421,725419
2021-10-15,764.0320434570312,778.7061544069103,764.0320434570312,770.8799619003081,499992
2021-10-18,740.5534057617188,776.7495431635465,740.5534057617188,772.8364472282137,595456
2021-10-19,725.8793334960938,739.5751699771521,723.9227854273712,734.6837998053455,562785
2021-10-20,726.8576049804688,736.6403452897617,718.0531387021051,721.9662348258223,593636
2021-10-21,714.1400756835938,734.6838312854505,713.1618016073148,731.7490090566139,534139
2021-10-22,731.7489013671875,742.5099146225873,715.1182445179332,721.9661620440968,744554
2021-10-25,709.2487182617188,735.6621188038794,703.3790736967942,723.9228296740303,661824
2021-10-26,703.3790283203125,710.2269465376173,682.8352736683979,696.5311101030077,1045786
2021-10-27,697.5093383789062,702.4007082132604,679.9004069752311,700.4441602795188,907050
2021-10-28,675.0089111328125,691.6395654650702,673.0523635643116,687.7264703280683,790056
2021-10-29,664.248046875,693.5962669136599,663.2697728737113,691.6397189110825,817806
2021-11-01,658.3782958984375,674.0306773759635,657.4000220560921,662.291391267819,738097
2021-11-02,648.5955200195312,661.3130792356005,646.6389724478283,660.3348054497491,628822
2021-11-03,628.0518798828125,652.5087287879064,626.0953319704049,646.6390850506839,964349
2021-11-04,605.5515747070312,625.1170536959498,599.6819310103557,622.1822318476121,1189771
2021-11-05,603.5950927734375,609.4647371115909,591.8558040971308,595.7689003225664,1189386
2021-11-08,605.5515747070312,608.4863965553691,597.7253831114638,603.5950268081394,805918
2021-11-09,617.2908935546875,624.1388115497475,598.7036875680964,600.6602355666848,1288020
2021-11-10,645.6608276367188,654.4652934681286,617.2908821799539,630.9867179177024,1627902
2021-11-11,638.81298828125,641.7478105857581,628.0519731647205,630.0085213677258,766002
2021-11-12,618.2691650390625,641.7477409266219,616.3126170484326,632.9432749687871,923637
2021-11-15,619.247314453125,631.9648738336789,611.4211240650918,614.3559454606043,1015658
2021-11-16,605.5515747070312,624.1387797465039,603.5950268081394,623.160505797058,749792
2021-11-17,605.5515747070312,610.4429444542609,595.768835212572,605.5515747070312,755726
2021-11-18,585.9861450195312,606.5298996863261,584.0295969560269,595.7688853370526,1138758
2021-11-19,576.203369140625,583.0512869402589,571.3119992837436,579.1381910547539,984478
2021-11-22,597.7254028320312,597.7254028320312,556.6378955997149,570.3337313438203,1264390
2021-11-23,605.5515747070312,626.0953276453959,592.8340133642341,602.6167528586934,1646844
2021-11-24,598.7037353515625,628.0519576727175,597.7254612741907,616.3126687442556,1152980
2021-11-26,631.9649658203125,639.791157347499,604.5732954751596,611.4212130614478,1170100
2021-11-29,591.8557739257812,614.3560760750258,585.986129886848,609.4647060425814,1169657
2021-11-30,617.2908935546875,627.0736335476303,585.0078515779765,595.7688655702135,1543781
2021-12-01,650.5521240234375,651.5303978941495,585.9860485564498,596.747061134281,1656606
2021-12-02,634.8997802734375,663.269724230186,625.117040978007,656.4218067233845,1980022
2021-12-03,667.1828002929688,688.704826108871,623.1604747604415,628.0518442640556,2050901
2021-12-06,651.5303955078125,687.7265285915798,644.6824784379105,666.2045035147452,1403894
2021-12-07,591.8557739257812,618.2691721009815,589.8992259128034,617.2908980944925,1571655
2021-12-08,585.0078735351562,600.6602581113477,584.0295994991443,590.8775177512281,1344246
2021-12-09,609.4646606445312,611.4212085117689,582.072990503204,590.8774559057734,1580057
2021-12-10,589.8992309570312,612.3995332986759,588.9209569421771,596.7471490610101,1551425
2021-12-13,616.3126220703125,618.2691700768848,589.8992239815848,589.8992239815848,1289205
2021-12-14,634.8997802734375,656.4218067233845,626.0953149075501,638.8128759916098,1465780
2021-12-15,592.8341064453125,656.421923143242,589.8992841361772,636.8564410823407,1930296
2021-12-16,635.8780517578125,644.6825170898438,585.0078076171875,586.96435546875,1826062
2021-12-17,645.6608276367188,662.2914853182706,625.1170740300959,655.4435674493964,1646915
2021-12-20,665.226318359375,681.8569763183593,661.3132223690258,672.0742363424862,1523595
2021-12-21,620.2257080078125,668.1611333901197,619.2474340204185,647.6173796548452,1281175
2021-12-22,598.7037353515625,626.0954095179738,596.7471871968188,622.1823132084866,1045811
2021-12-23,585.0078735351562,597.7254360033119,577.1816812470605,596.7471619672998,959705
2021-12-27,556.637939453125,579.1382428053603,555.6596653943321,579.1382428053603,813840
2021-12-28,562.5075073242188,567.3988769531251,550.7682202148438,552.7247680664062,1000894
2021-12-29,563.4857788085938,574.2467919455635,556.6378613577949,561.5292309655083,1008058
2021-12-30,568.3771362304688,571.3119579321751,554.6813016225057,564.4640406281936,609786
2021-12-31,581.0946655273438,581.0946655273438,565.4422839643177,571.3119270504525,746444
2022-01-03,561.529296875,583.0513256750871,561.529296875,574.2468593477787,1061733
2022-01-04,584.0294799804688,597.7253136818533,559.5726340851393,559.5726340851393,1511388
2022-01-05,638.81298828125,638.81298828125,585.9861868001053,590.8775573076186,1884943
2022-01-06,639.7911987304688,658.3784048097942,622.1822666553182,647.6173907638689,1697661
2022-01-07,659.3565673828125,669.1393057712816,630.0083522174054,639.7910906058745,1818413
2022-01-10,656.4218139648438,715.118250384949,655.4435400245086,685.7700321748963,2175641
2022-01-11,629.0302124023438,674.030818577317,628.0519383550617,663.2698040572146,1981070
2022-01-12,620.2257080078125,632.9432698439349,607.5081461716902,616.3126120582364,1872105
2022-01-13,666.4002075195312,672.6611607316936,611.2255573373504,614.7473435191918,2463012
2022-01-14,655.4435424804688,682.6395581236882,653.4869945924673,682.0525937572878,2530424
2022-01-18,702.4006958007812,708.0746847083642,674.8133704225334,685.9656934477825,2285648
2022-01-19,726.8576049804688,728.6184982361416,680.0961063020484,694.7702167659878,2142972
2022-01-20,755.4232177734375,758.7493495274257,683.0309384219297,707.4877895541958,2490764
2022-01-21,817.6414794921875,819.9893372940315,752.292770674195,769.5103945543847,3688784
2022-01-24,807.4673461914062,940.708262778842,802.184666679129,858.9245577369211,5002264
2022-01-25,862.4464111328125,886.3162981922959,822.5328294923647,852.4680157227006,3724080
2022-01-26,863.81591796875,895.3163398924122,774.206022061686,803.945550834336,4137808
2022-01-27,892.1858520507812,900.5990081117864,816.8587570859675,830.5545925341154,3241740
2022-01-28,808.4456176757812,917.620993925318,807.0760341027584,877.5117607153627,3215804
2022-01-31,731.357666015625,810.4022077679825,726.8576054703176,798.6629193889196,2649408
2022-02-01,715.7052001953125,754.2491926607244,711.5964497294564,722.3574628543176,2300808
2022-02-02,698.6832885742188,723.140138496307,689.0962034047601,690.6614417997738,3114968
2022-02-03,781.8366088867188,789.2714915538096,735.6620744279435,754.4449359026995,3094864
2022-02-04,754.2492065429688,793.3801640808659,730.3793224448514,779.2930193672229,3131544
2022-02-07,770.0973510742188,779.0974725552691,733.5099007056011,748.5753214456201,2208932
2022-02-08,745.053466796875,786.1409741569968,737.6185845126624,778.9017466697372,2746608
2022-02-09,697.7050170898438,726.2706179017107,697.1180526896,716.096568297484,2558792
2022-02-10,744.0751953125,755.4231735739055,698.8789370644886,738.5968609794078,4892468
2022-02-11,814.3153076171875,823.3154287489488,734.2924914673965,744.6621962496433,4719456
2022-02-14,812.358642578125,837.9894186324926,788.0974499770442,820.1848337397639,4409604
2022-02-15,752.2926025390625,782.4234375952434,750.5317095812337,774.7929014446521,3257272
2022-02-16,752.879638671875,786.532262853674,746.0317209604624,765.9885097194361,3210900
2022-02-17,819.5978393554688,822.5326609334902,769.118908213499,773.8146227383335,3125896
2022-02-18,846.9895629882812,864.7941483964432,810.2064634637265,812.9456304495977,4715736
2022-02-22,872.6203002929688,901.3815523429836,828.9892852783203,870.4680977586139,4512972
2022-02-23,939.3386840820312,942.8604704418472,841.7069399960213,848.5548579178857,4204740
2022-02-24,847.5765380859375,1034.4268598477267,841.1199301088286,1031.1007284655796,5934020
2022-02-25,805.5108032226562,868.7073029654102,804.7281840307955,839.3590832706328,3413828
2022-02-28,796.9019775390625,837.0112103884384,786.5322734365409,828.5980542297888,4508668
2022-03-01,834.4677124023438,852.6636085930631,790.0540733131686,805.9021119308919,4522300
2022-03-02,793.9671630859375,844.6417553085245,783.7931136821749,824.098001704773,3278888
2022-03-03,827.032958984375,840.1418324766752,773.8148457022008,774.5974650151741,3580056
2022-03-04,863.0333862304688,880.4466647102946,834.2721285165991,844.8374884931227,3857536
2022-03-07,958.904052734375,960.4692909351248,854.2287480592289,863.0332129384468,4043464
2022-03-08,971.8173828125,1002.1438765382776,884.3596880033219,965.7520840673445,5300648
2022-03-09,867.9246215820312,920.1644488954672,854.6200962737404,896.0989104701765,3536828
2022-03-10,895.511962890625,931.3167890232413,886.1205330853487,899.4250586428235,3202840
2022-03-11,949.7083740234375,955.3823630730212,868.5116341759453,871.4464560981438,2969092
2022-03-14,1005.4700317382812,1012.5136046401255,932.0994806774025,963.0129395243861,3304364
2022-03-15,912.5340576171875,996.078663664044,903.9252457528744,980.8175880863981,3607456
2022-03-16,809.6195068359375,909.0121384146364,809.0325424762208,878.4899917093667,4563808
2022-03-17,781.0538940429688,833.2937211245,780.662584476815,823.902291536809,2937548
2022-03-18,733.5098266601562,800.2281117738167,730.3793499392806,792.2062651765731,3971724
2022-03-21,738.4012451171875,766.5755374587019,723.5314797147216,737.814280693406,4147072
2022-03-22,695.1614990234375,737.6185902950632,689.2918550688349,735.0750779147354,3432396
2022-03-23,724.5096435546875,724.9009531110228,690.6613669316897,712.1833925301277,4010948
2022-03-24,676.7699584960938,726.2706232834635,676.3786488930316,712.574787176286,3301944
2022-03-25,677.94384765625,703.1833155776516,670.9002752130682,677.3568832859848,3864572
2022-03-28,646.8347778320312,685.5744287729697,646.0521586211032,678.3352010718852,3197116
2022-03-29,613.7691040039062,640.3781566480029,609.8560080268333,625.704046733979,3530992
2022-03-30,632.3562622070312,641.356382275572,614.35602206995,622.7691777861945,3498752
2022-03-31,658.7697143554688,661.508881566926,630.9867326392595,632.9432806474432,3417516
2022-04-01,660.921875,678.922115526939,651.1391355831853,655.63919571492,3609204
2022-04-04,620.4213256835938,657.7913897660808,620.2256708978216,656.2261514799033,2318032
2022-04-05,660.726318359375,667.1829273335708,623.9432126881986,627.4649994013964,3201616
2022-04-06,703.9660034179688,719.4227333429325,685.1831417370001,691.4440956306563,4899032
2022-04-07,699.2702026367188,731.9445517806281,685.9656772368036,710.4225253984124,4100540
2022-04-08,727.8357543945312,732.5314689390121,705.5311103082472,710.0311700800414,3449684
2022-04-11,779.4885864257812,782.6190626764871,750.1403715754129,756.4013240768248,3374824
2022-04-12,790.2496337890625,800.4236820577011,733.9010587627564,746.8142738729516,4413968
2022-04-13,742.7055053710938,793.3800906954123,735.0749693570071,788.2930666860212,3171028
2022-04-14,793.1845092773438,794.7497475788283,738.00985915001,741.727300116036,3253840
2022-04-18,790.053955078125,811.9672891466614,774.7928831375372,800.8149673439241,3508836
2022-04-19,738.98828125,803.358719304342,734.4882202310034,796.119490708565,2987948
2022-04-20,771.6626586914062,778.9018874874463,730.1838342384199,732.7273470586501,3576816
2022-04-21,817.837158203125,825.272041459517,725.8793916109075,743.8796352842778,4630692
2022-04-22,883.1856689453125,886.316145397046,808.4455436601753,817.8369730153757,4940836
2022-04-25,848.7506103515625,907.2514016136919,846.4027525082663,896.8816961391337,5421316
2022-04-26,943.0560913085938,947.1648419138802,863.8159010637845,865.1854845988801,5077216
2022-04-27,948.1431884765625,964.1868825448823,893.3598428774214,944.2300923623382,5829940
2022-04-28,848.1635131835938,941.2951930625766,830.5545821140382,902.3598899198926,5723740
2022-04-29,959.2953491210938,966.7302304726339,853.4461172478505,881.2290949299218,5015468
2022-05-02,912.5340576171875,995.296044403652,911.7514383567953,965.7521673238502,6428780
2022-05-03,910.381591796875,935.0340913813166,890.6204611776005,913.7077226931885,4766172
2022-05-04,817.6414794921875,953.0346127318605,812.5544542548588,906.4687663286204,6580312
2022-05-05,938.1647338867188,966.7303337089213,850.7070412803865,851.6853152469002,7009468
2022-05-06,974.556640625,1013.2962942776301,922.9037690881601,960.6651486586529,8025804
2022-05-09,1088.036376953125,1103.2974518321655,1006.6439775982428,1030.5138639475113,6604632
2022-05-10,1049.6878662109375,1096.0580478124273,995.4914936218546,1008.7960183007631,7557852
2022-05-11,1143.2110595703125,1152.7981453000652,1015.6441229213575,1074.5362209755529,6981532
2022-05-12,1149.6676025390625,1224.994700390924,1097.4277710417973,1195.6464804486402,7027452
2022-05-13,1026.0135498046875,1117.3843216885145,1011.1437882133152,1097.818845910393,5057648
2022-05-16,1057.51416015625,1072.1882696866328,1020.7310589334239,1041.8617766571751,4404012
2022-05-17,977.295654296875,1036.774709132961,972.9912490126845,995.2958945762168,4784056
2022-05-18,1119.3409423828125,1133.232431092685,1014.2743305912429,1021.3179023314598,5215416
2022-05-19,1139.884765625,1162.1894108843974,1082.753568995666,1142.8195873696575,6404000
2022-05-20,1149.0806884765625,1249.4516050759967,1088.6233527470788,1096.44954507452,6868708
2022-05-23,1091.94921875,1165.906718246058,1087.8404687779969,1136.7541589208922,4436192
2022-05-24,1161.0155029296875,1217.5597362203312,1143.7978817200799,1152.015382751938,5539212
2022-05-25,1113.27587890625,1182.9289918923,1086.8624793188433,1180.1898245276802,4375324
2022-05-26,1020.5352783203125,1125.4062348348232,1002.1437299763498,1121.6887942121073,3963396
2022-05-27,919.773193359375,988.4480265585115,918.9905741776186,987.4697525813159,3916116
2022-05-31,925.642822265625,962.8172327983809,900.4033540618063,919.9688332895727,4911328
2022-06-01,948.92578125,968.4912612757732,888.0771383698454,907.6426183956186,5011744
2022-06-02,870.6637573242188,972.4042413261499,868.7072095549509,958.9040617182013,4431472
2022-06-03,938.3602905273438,948.925648260554,902.5554670981311,914.6860630140392,4994408
2022-06-06,928.3822021484375,943.4476246069053,881.4250412389274,896.2948088602723,3984216
2022-06-07,904.9035034179688,969.8609008525127,897.4686205790752,959.8825054634713,3843756
2022-06-08,923.4905395507812,931.7080401145806,887.8813704409841,911.9469078063966,3043312
2022-06-09,998.426513671875,999.9917521804729,911.7514312582672,939.925724413029,4475016
2022-06-10,1105.8409423828125,1108.9714192189988,1044.014024868133,1055.9489678060934,5553064
2022-06-13,1256.2994384765625,1268.6256905594194,1179.015794465,1209.3422876847271,6229200
2022-06-14,1248.8643798828125,1286.6257499779688,1213.6465217629775,1226.1684268722522,4823148
2022-06-15,1157.6893310546875,1242.0165410740506,1103.101647538673,1203.6682042671011,5680904
2022-06-16,1293.0823974609375,1324.3871612063983,1241.0382277341091,1247.299180483201,5204240
2022-06-17,1251.407958984375,1311.6696305552298,1214.8205155306416,1287.017128548971,4915264
2022-06-21,1157.8848876953125,1190.1679235975982,1125.0148875038944,1188.798340256289,3276112
2022-06-22,1161.99365234375,1196.2332363074065,1106.6233537053797,1189.385319514675,4059560
2022-06-23,1112.29736328125,1166.8850439066623,1099.9711128174472,1130.8845663615875,4031316
2022-06-24,998.0349731445312,1079.8186662977196,997.8393183762222,1077.470809078011,3468036
2022-06-27,1017.4049072265625,1029.9268137770432,976.5130561476487,981.7957354736328,3372432
2022-06-28,1110.7320556640625,1113.4712222624942,984.9260468932342,1013.1003319056748,4694136
2022-06-29,1108.384521484375,1143.2110783818541,1089.9929689654816,1113.667201463206,4475008
2022-06-30,1151.232666015625,1202.689870495929,1107.7973071006913,1144.1890942996897,5637276
2022-07-01,1127.36279296875,1190.3636293686002,1122.4714236830473,1166.4937472543713,4207444
2022-07-05,1069.4490966796875,1192.3203064701822,1068.6664775090474,1173.5374463748199,4491676
2022-07-06,1049.6878662109375,1084.9057256551068,1025.2310193747087,1065.5359029608137,3674336
2022-07-07,983.7521362304688,1039.7093977582958,974.5563624828889,1039.7093977582958,3161456
2022-07-08,979.056396484375,1021.1221689152584,964.7735993334239,1011.7307406516193,4071456
2022-07-11,1041.666015625,1050.4704804452713,1000.9698226779676,1003.9046442847248,3558416
2022-07-12,1071.7969970703125,1089.405929114184,1006.6439485079878,1028.361631362096,4128664
2022-07-13,1078.4490966796875,1141.841242420656,1051.2530835377288,1135.7759445256868,5483800
2022-07-14,1066.905517578125,1144.7761201814799,1057.3184333380134,1109.3626049271904,4586740
2022-07-15,1010.3614501953125,1051.8402703814872,1008.2092472611241,1032.2747891615934,3976528
2022-07-18,1034.8182373046875,1046.9488349059147,964.9694736976212,979.8392384991255,4408460
2022-07-19,942.0777587890625,1012.9047886294863,936.403770210686,995.100203780098,4049228
2022-07-20,895.316162109375,943.0559225015706,883.381222011326,935.6210417847533,4766424
2022-07-21,856.9680786132812,915.0775579165105,856.5767689883436,891.2076707953187,4779216
2022-07-22,901.577392578125,917.621087498135,846.9896988868713,864.7942871517605,4856300
2022-07-25,916.25146484375,936.0126004297458,897.4686032966647,901.9686638756539,3781684
2022-07-26,970.8391723632812,979.2523292378521,931.5125553449379,933.6647582663397,3663640
2022-07-27,850.5113525390625,931.3167789477658,830.9458739897398,925.2514805974756,5163596
2022-07-28,824.2937622070312,882.4032441380751,819.2067368527984,850.7071630847785,4502604
2022-07-29,779.2931518554688,823.1198317489221,771.8582686592579,811.3805424917472,4732772
2022-08-01,780.467041015625,801.0107961689567,754.444951154738,792.7932941076241,5015672
2022-08-02,788.0975341796875,806.2934305746008,756.4014565885482,798.4672385767886,5759928
2022-08-03,725.0966796875,775.5756174531165,717.270487785854,774.792998262952,4973152
2022-08-04,714.1400756835938,738.4012727753103,711.7922179005244,723.7271616311269,4754776
2022-08-05,731.357666015625,753.8579687421625,717.8574843797026,748.7709437779018,5466936
2022-08-08,738.5968627929688,748.966567091784,699.6615579728891,724.9010269266091,4836804
2022-08-09,763.445068359375,775.5756665752339,750.3361960938502,752.4883990031154,4435956
2022-08-10,701.0311279296875,728.227144335556,698.0963060153852,710.0312484668814,4358428
2022-08-11,711.009521484375,717.2704748931532,671.8785626795112,685.1830886731649,4939204
2022-08-12,670.9003295898438,707.2921234958545,669.726400754166,698.6833120342176,3620808
2022-08-15,654.46533203125,677.3569445417601,651.5305099145179,676.9656349261958,3557064
2022-08-16,659.1609497070312,677.9438084698318,646.6390438651642,660.7261879372646,4357188
2022-08-17,682.44384765625,694.7700983449953,664.4436085552251,678.5307521995054,5090932
2022-08-18,677.748291015625,693.2050216710045,669.9220982787241,683.0309711130332,3609368
2022-08-19,717.2704467773438,722.357471222573,693.0092532693267,697.1180037827811,4293620
2022-08-22,773.6190795898438,779.8800331929988,745.2491335755476,747.2056815765335,4219628
2022-08-23,776.3582763671875,782.227920593754,754.8362475364439,776.5539311747398,4155740
2022-08-24,769.7059326171875,784.5756964399902,755.8144427300954,780.075636335721,3216120
2022-08-25,729.7922973632812,764.8145014458623,729.4009878204591,756.7926558180085,3464412
2022-08-26,819.0109252929688,819.9891992123344,723.1400811951296,731.5532369016746,6655140
2022-08-29,843.6633911132812,852.8591655525958,821.75005627917,842.880772012063,5322840
2022-08-30,871.2506713867188,893.9466242007451,824.8804919304752,829.9675158370674,6238408
2022-08-31,888.0770263671875,888.6639906939338,838.380713369332,846.0112496170343,5426308
2022-09-01,886.7073974609375,944.6212080629758,883.5769212121787,911.3598979199132,6678800
2022-09-02,924.0777587890625,939.9257999624509,848.7506495081416,861.0769037541105,7107096
2022-09-06,944.8169555664062,966.1433271043516,911.9469517281051,921.1427266114393,5886724
2022-09-07,888.6641235351562,943.2518140825601,878.2944188791978,941.2952660342661,4884604
2022-09-08,874.3812255859375,919.5774804774908,862.8375933841988,907.4468839265112,6072296
2022-09-09,818.6198120117188,855.2072653688391,813.3371315804768,855.2072653688391,5438180
2022-09-12,788.6843872070312,809.0324835279271,785.945220394603,806.2933167154988,4783456
2022-09-13,918.7948608398438,925.6427782438886,847.5765198377775,857.1636042034403,7228956
2022-09-14,896.8815307617188,924.4688553335778,888.0770654728275,907.6425438925858,5823460
2022-09-15,941.882080078125,956.7518428712154,892.5770771326145,915.2730308694368,6650340
2022-09-16,961.0562744140625,995.6871702958396,955.5779406022559,975.7303828385443,7079368
2022-09-19,937.577880859375,987.2742042605189,935.8169875105156,986.2959301778192,4849824
2022-09-20,960.2739868164062,982.7742941684614,937.5780246178115,962.0348804352627,4766140
2022-09-21,1013.1006469726562,1013.2963017905344,908.0340097721316,951.4693793410637,7228240
2022-09-22,1050.27490234375,1063.3837731442402,1018.187517100759,1029.731149596713,6076316
2022-09-23,1100.7537841796875,1140.8630137845287,1075.3186629668614,1078.644794202385,6951228
2022-09-26,1114.6453857421875,1125.0150900504789,1053.7967434803268,1107.9931226010194,6526216
2022-09-27,1113.86279296875,1143.4066682082162,1044.014028329747,1072.9709391604822,6013168
2022-09-28,1050.27490234375,1133.6238420602995,1032.4703166296513,1114.6453276177988,5414920
2022-09-29,1137.7327880859375,1174.3202397406358,1090.5799760603638,1094.8843821373873,6441620
2022-09-30,1199.7552490234375,1200.342213430983,1098.7973709255748,1151.0372031971433,6364628
2022-10-03,1114.6453857421875,1195.2551626292827,1092.5363935377172,1173.928789617891,5052244
2022-10-04,1010.7525634765625,1047.7313157988758,1000.9698247669559,1047.3400062504916,5518428
2022-10-05,1009.7744140625,1080.601451049639,991.5785178199477,1051.05757650528,5536968
2022-10-06,1036.3834228515625,1039.9052090723155,988.8393088713983,1022.8832423386764,5368284
2022-10-07,1155.7330322265625,1170.4071438597082,1088.0364638923165,1089.797357288294,6214216
2022-10-10,1192.1248779296875,1225.3861989945235,1147.7112315666416,1152.4069474816772,5670232
2022-10-11,1236.538330078125,1261.9734539563142,1173.7331395789038,1213.0597541905656,6293884
2022-10-12,1239.4730224609375,1251.0166543986163,1202.6899240832493,1230.4729026451203,5144324
2022-10-13,1156.515380859375,1360.7789669898414,1134.6020459488268,1347.67009699871,9026712
2022-10-14,1259.62548828125,1266.669060443121,1116.210532874267,1124.4280337297832,6790660
2022-10-17,1134.7978515625,1170.7983351293103,1121.1020154229527,1169.8200611193427,5615660
2022-10-18,1107.210693359375,1141.2546340988222,1034.4270959164191,1043.0359085171988,6607288
2022-10-19,1118.3626708984375,1148.6891603997071,1080.2099905581304,1125.993206966499,5785016
2022-10-20,1138.5152587890625,1151.8197849271714,1066.3186390102064,1131.6673409238595,5846476
2022-10-21,1058.1011962890625,1166.6896141774555,1051.0576232368423,1151.6241940379848,6654412
2022-10-24,1022.100341796875,1097.2317604894477,1011.5349860432319,1054.774682738697,5843900
2022-10-25,960.8606567382812,1012.3178656004617,955.5779775014795,1012.3178656004617,4835340
2022-10-26,1023.6658935546875,1028.3616086627364,962.2302875577127,1018.3832140581322,6466312
2022-10-27,1080.0145263671875,1085.8841705322266,1020.3398106892903,1036.970469156901,5478464
2022-10-28,981.7958374023438,1089.6016378026409,975.3392286669357,1088.4277089416578,5894564
2022-10-31,1015.4480590820312,1035.796151210072,996.6652048099937,1005.2740130180109,4618724
2022-11-01,1046.5574951171875,1050.8619005934593,970.4477801049261,977.10004311371,4752660
2022-11-02,1155.1458740234375,1155.5371836013587,1011.5352589263503,1047.5357400951025,7705636
2022-11-03,1221.8642578125,1228.9078307958866,1171.1896632931346,1190.559488997448,5577608
2022-11-04,1165.1243896484375,1243.7776230050574,1125.210808542093,1151.6242078036444,6925812
2022-11-07,1128.1455078125,1180.3853362179696,1119.5366971389394,1151.2327728006849,3916028
2022-11-08,1103.492919921875,1153.9718513651096,1060.6445246270362,1107.7973249286624,4982892
2022-11-09,1181.1678466796875,1184.4939777702216,1116.6017725693187,1126.7758206109525,4922032
2022-11-10,921.1427001953125,1039.1225320172694,915.6643663793675,1010.1656247044176,7252696
2022-11-11,868.120361328125,934.0560299708065,861.2724432198346,920.7515033604138,5596412
2022-11-14,890.6205444335938,900.0119737246334,856.576613253575,887.098758449454,5073992
2022-11-15,854.42431640625,886.1203867652637,817.64122240937,827.2283054191952,7460240
2022-11-16,889.2510375976562,897.0772293476906,869.0985938413177,872.0334157475805,5197948
2022-11-17,895.9034423828125,934.2517880275016,882.2076046525664,932.6865494297592,5314072
2022-11-18,896.6858520507812,920.164425528,866.7506708673272,867.7289447622114,4449128
2022-11-21,924.2732543945312,932.6864106051504,899.0337857626738,910.7730734984214,3922452
2022-11-22,886.7073974609375,939.1428746276479,883.5769212121787,917.8165051829784,3201348
2022-11-23,859.7071533203125,887.6857884875416,853.4461999961773,885.7292405737494,3996692
2022-11-25,877.120361328125,881.4247664026775,868.120241626788,874.3811944625007,1491808
2022-11-28,916.25146484375,924.6646215783819,876.9248484795403,896.2946744499719,3394352
2022-11-29,937.577880859375,951.0780632006306,910.1862065437839,914.0993028745827,3754160
2022-11-30,809.6195068359375,943.6430356379233,808.4455781165041,935.0342250287447,6031996
2022-12-01,807.0759887695312,830.358908203125,791.8149155273438,807.2716435546876,3732664
2022-12-02,817.6414794921875,851.6854176189261,809.4239771857334,849.7288694507228,4835984
2022-12-05,857.9462890625,871.0551605259408,824.489318611032,835.250332498931,3837856
2022-12-06,911.3599853515625,925.2514750381148,858.9245031544352,860.4897414289763,4323328
2022-12-07,924.2732543945312,940.9039120201737,903.9251556525686,924.8602187813186,5289168
2022-12-08,892.1858520507812,932.2950844346431,882.4031124449613,911.1643668860719,4458776
2022-12-09,909.59912109375,914.2948360660558,875.7508423350451,902.3598938447784,4945192
2022-12-12,875.946533203125,918.5992792916398,875.1639140088403,908.0339201687967,3560496
2022-12-13,847.9677734375,873.4028935452237,772.4450321945661,774.0102703550415,7182212
2022-12-14,869.2941284179688,896.2944862216328,823.7065677784489,853.0547827824316,6285132
2022-12-15,954.4041137695312,966.534711361518,899.6207698057206,906.2730330013262,5325876
2022-12-16,982.9696655273438,1000.1872870572812,946.5778745663393,962.8172221457122,4727296
2022-12-19,1023.4702758789062,1038.7313505335717,980.0349095540894,981.4044931769439,4041028
2022-12-20,1027.774658203125,1057.5141876238133,1007.6222139246324,1039.3182913335238,3907416
2022-12-21,984.1436157226562,1026.2093965139825,968.4912321723954,1016.035347206313,3752872
2022-12-22,1054.8109130859375,1104.0681296784157,1017.1320860510539,1018.898281068314,4599324
2022-12-23,1049.9049072265625,1096.6109573050526,1042.840126542421,1074.2391518052716,4367988
2022-12-27,1095.2373046875,1102.3020857247245,1056.9697407358674,1058.7359359951733,3660576
2022-12-28,1139.5885009765625,1143.9058674345415,1072.473076947979,1101.9096664341998,4204552
2022-12-29,1056.9696044921875,1113.4878455047665,1045.391214840305,1103.675650884527,3311864
2022-12-30,1059.9134521484375,1107.9932143732788,1058.932232511196,1092.2937001774121,3435280
2023-01-03,1082.2852783203125,1110.151916492839,1014.1886343353355,1032.0468320374475,3427468
2023-01-04,1067.76318359375,1106.6194802950113,1046.1763520930492,1056.5772799979325,4712432
2023-01-05,1117.216796875,1122.3191395271606,1086.7989849101969,1088.957668339957,4053192
2023-01-06,1028.318115234375,1135.0748050602338,1011.2448946188424,1097.3959733569895,5119524
2023-01-09,1006.3388061523438,1013.9923189136429,952.3717289893378,1003.5913913149544,4145676
2023-01-10,981.8081665039062,1024.7855777500297,980.6307031820946,1019.0945050279403,3882072
2023-01-11,931.3734741210938,978.8644940825992,930.1960108162631,970.2297631805072,3468504
2023-01-12,917.244140625,971.2112220695603,907.2357000661906,927.6450690488607,6435924
2023-01-13,898.9934692382812,946.6807456025908,896.6385420104141,942.9521108251345,3974484
2023-01-17,895.2646484375,912.9265989766002,881.5275757959777,901.9369408633823,3384780
2023-01-18,929.0187377929688,931.3736648849662,864.4544866873738,879.1727810123574,4911464
2023-01-19,958.0628051757812,970.4261719775171,935.4947546646762,947.0731457964605,4484904
2023-01-20,878.9764404296875,952.371660059226,876.6215135966542,941.1857576023177,4341696
2023-01-23,821.0845947265625,878.9765534847689,809.7024469029151,872.1080160049818,4821448
2023-01-24,826.7755737304688,840.3164032076589,816.5708906462094,835.9990372873954,3832608
2023-01-25,832.466796875,888.7888078846947,827.1682104733911,866.6132425742574,5441508
2023-01-26,784.7794189453125,826.7756169083774,783.4057115353056,802.8338591911161,4899540
2023-01-27,762.4075927734375,796.9465210432251,745.726860370415,796.1615454007299,5048092
2023-01-30,808.5250244140625,810.8799516696374,776.5372625258362,788.1156548657464,4807064
2023-01-31,772.416015625,809.1136261234439,771.2385521865473,807.9361626849911,3964236
2023-02-01,722.962646484375,790.4705591854133,703.1420093250586,774.1823128069651,7747832
2023-02-02,647.8011474609375,681.9475878299781,631.9053907374185,676.0602705249711,8653668
2023-02-03,680.3775634765625,690.7784895983559,642.1100051039263,688.2273190401802,8500320
2023-02-06,698.23583984375,707.263059808003,682.7325707747067,698.6283276682827,5101212
2023-02-07,655.0620727539062,707.2629449386094,647.2123175381614,699.4131897228646,7799436
2023-02-08,689.9935302734375,694.7033837224029,657.6132878118001,663.8930924104206,5787380
2023-02-09,709.0291748046875,719.6263448681951,659.3794706182535,660.7531778487082,6190860
2023-02-10,723.5513305664062,741.0170393866965,710.5992318906855,725.5137697596973,6376936
2023-02-13,688.8162231445312,722.5701805179954,684.8913443801749,713.542959359976,4350812
2023-02-14,674.2941284179688,714.131645318099,667.6218349470109,700.7870583761834,8257436
2023-02-15,658.987060546875,691.5635501391267,658.2020848940497,687.2461840485873,4850708
2023-02-16,696.6658935546875,698.2358448641065,664.2856477979203,690.5823322306888,6364144
2023-02-17,712.1690673828125,733.5596511096592,707.0667263103536,712.9540429324215,6006872
2023-02-21,762.800048828125,764.3700000477352,730.0273171187612,740.2320000462278,5021060
2023-02-22,762.2113647460938,775.1634631171654,745.5306319954713,758.8752181959693,5649232
2023-02-23,742.783203125,776.1446679945509,732.5785197531374,733.9522271301189,5422028
2023-02-24,780.8544921875,794.1990776282514,772.2197604317196,781.6394678016618,6220072
2023-02-27,763.9776000976562,768.8836982231228,743.5682318957153,754.754135621779,4452324
2023-02-28,767.902587890625,772.2199548555097,747.6894607368467,769.6687834671687,4363412
2023-03-01,786.3494262695312,794.3954273868386,764.9588379332749,770.2574240349164,5418444
2023-03-02,767.902587890625,810.4875256806239,761.0340495373994,808.1325982452322,5034180
2023-03-03,720.8038330078125,758.286417299806,718.6451501428286,754.1652954666548,4408480
2023-03-06,718.2528076171875,719.8227591092469,689.7974368236104,711.7767577124423,4675792
2023-03-07,744.94189453125,749.651748448202,711.580429286173,718.4489662483946,6331552
2023-03-08,734.1484985351562,756.324061308338,729.6348884131812,742.1944991873726,5304512
2023-03-09,774.1823120117188,779.6771421096473,711.9729855458849,731.2048908886347,6516728
2023-03-10,806.1699829101562,815.1972027772125,760.4451518444147,772.6122742739253,10842384
2023-03-13,788.7042236328125,835.4102712129592,757.5014439469162,822.2619300874558,10088412
2023-03-14,735.129638671875,766.9211500079251,730.4197851406083,760.0526136081612,7020860
2023-03-15,724.728759765625,765.9399808733373,721.3926132950007,754.9503219112806,8710532
2023-03-16,667.621826171875,737.2884188500102,664.8744112493571,732.3823207740851,6957672
2023-03-17,676.84521484375,690.3860440186467,652.3147272080676,668.2104831959898,6605268
2023-03-20,670.5653686523438,696.862049775965,668.406685873539,681.9475142133142,4655900
2023-03-21,642.5026245117188,668.0143353200643,638.9702337844093,657.8096509967261,4210552
2023-03-22,668.6482543945312,669.4381519189194,611.7756326385877,642.9765848519179,7187404
2023-03-23,645.5437622070312,663.5139311763918,616.5150277180641,644.3589159013591,7594720
2023-03-24,638.632080078125,663.3163750718683,638.0396569982752,648.7032724355722,5935720
2023-03-27,651.86279296875,657.3920744601542,627.7709236133463,634.4850511386228,4385224
2023-03-28,662.5264282226562,677.7319528048156,656.0097748303023,656.0097748303023,4401256
2023-03-29,627.1785888671875,644.1613844095609,622.8341527982083,638.632102139951,4805216
2023-03-30,609.8009033203125,620.2670457671961,605.8514156045073,612.5655447213761,4613668
2023-03-31,579.7847290039062,610.3932552285675,578.402408464728,608.8134603266495,5593012
2023-04-03,583.734130859375,598.9396545657931,582.5492848562775,591.4356298795088,4441924
2023-04-04,589.8558349609375,597.162385310303,576.2301059310397,581.9568616102721,4498220
2023-04-05,609.0108032226562,619.0819935483228,595.780023775212,596.7673953757676,4743816
2023-04-06,596.5699462890625,626.9809928724837,594.0027800190335,618.884545405469,4624152
2023-04-10,598.14990234375,624.0190463539948,597.7549535802349,613.9478528843575,3517568
2023-04-11,609.8009033203125,612.7630191071663,598.1499145586873,598.5448633302678,3527628
2023-04-12,625.7962646484375,629.1533288639704,595.1877379774032,598.7422765585555,5824552
2023-04-13,590.4482421875,617.50222519074,587.486127260138,616.5148535482859,4942576
2023-04-14,593.8053588867188,610.3932039637006,584.129115925146,599.3346405790461,5664140
2023-04-17,593.0155029296875,608.0235542858834,590.6458106102881,596.5700414087866,3868196
2023-04-18,592.8179931640625,599.7295953495196,578.5998400968365,580.9695322747075,3657644
2023-04-19,593.8053588867188,607.4310887713824,587.8811285020824,606.8386657329188,4077172
2023-04-20,608.4185791015625,615.7251313335514,591.6332564064528,611.578169255936,5667280
2023-04-21,606.8387451171875,621.4518486442529,602.296834561478,610.9857069289222,4649812
2023-04-24,610.7882690429688,623.6241039889089,600.5196010862165,608.4185764375644,4355652
2023-04-25,645.5437622070312,646.333659744146,616.9099764866214,620.6619897879166,5243488
2023-04-26,634.8800659179688,637.6447069515151,615.1326299640662,624.4139248624004,5260796
2023-04-27,583.734130859375,615.9224472768575,580.1795928500825,611.7754862660162,5679260
2023-04-28,571.8856811523438,591.2381662189631,571.0957838026858,584.9189874216996,5532520
2023-05-01,573.6630249023438,579.5872557963438,566.3564734664103,574.2554479917437,3607908
2023-05-02,588.6710205078125,598.3472633809702,572.67559861545,574.4528677146013,5502348
2023-05-03,600.717041015625,601.3094641329974,572.2807313817492,587.288783688517,6105412
2023-05-04,607.8260498046875,613.9477546597705,596.1750631450135,602.8891910505884,5574884
2023-05-05,569.5160522460938,597.3599369086107,564.7766676226865,595.1877189562158,4472920
2023-05-08,565.566650390625,578.2050112932088,563.7893808886992,572.4782540092255,3052220
2023-05-09,576.6251220703125,578.402391282173,570.1084682934904,574.8478528584519,2848116
2023-05-10,558.2599487304688,577.0200106793172,553.3230903228771,563.5917558106678,5554704
2023-05-11,553.7181396484375,564.1842813750307,550.5585496932396,556.0878321148359,4395468
2023-05-12,559.642333984375,570.5034237405996,548.9787185873544,551.1509365385994,4059448
2023-05-15,550.9534301757812,565.5665319080421,549.7685840893818,557.4700836509786,3469860
2023-05-16,549.1761474609375,555.1003777463844,540.4872763756152,555.1003777463844,3988940
2023-05-17,529.4286499023438,550.1634534233233,526.4665351136324,544.2392238459006,4496976
2023-05-18,501.18988037109375,528.441339587489,499.8075599760592,528.2438652453411,5854316
2023-05-19,504.74444580078125,509.286355915577,496.84547168809297,500.20253568598554,4632768
2023-05-22,499.6101379394531,505.92931754975456,494.8707532317271,505.7318431869326,3196428
2023-05-23,518.7650756835938,520.5423446905037,502.5721802873034,507.509038639831,4457556
2023-05-24,526.6641235351562,536.9327903607386,521.1348413983042,528.2439184313997,5237636
2023-05-25,489.736328125,504.1519539125504,483.41714969758067,492.10602003528226,5959152
2023-05-26,452.4137878417969,485.7869568270713,448.66177476061216,485.39200808168346,6572940
2023-05-30,446.09454345703125,451.821299437666,430.88901895672524,435.43092887240107,5525312
2023-05-31,455.3758850097656,459.720321033276,444.7122693156948,452.6112439038954,5157368
2023-06-01,438.7879943847656,459.9177492898826,433.45618707225947,455.5733137019146,4708000
2023-06-02,429.30926513671875,439.1829832861373,424.7673547879862,432.27138058154435,4745508
2023-06-05,428.5193786621094,432.2713916550034,419.04060899585073,429.90169923843877,4960560
2023-06-06,428.9143371582031,436.0234145696651,425.35979845247215,430.8890808836092,3736132
2023-06-07,451.0314636230469,453.40115607640786,420.8178848426939,428.12443657389036,5633896
2023-06-08,435.4309387207031,451.4263609594228,432.86377218856296,450.438989216292,4272080
2023-06-09,430.2966613769531,435.62846948029306,418.44819892508656,429.7042382543598,4737572
2023-06-12,408.574462890625,427.72947637558906,407.98203979315184,424.17493779075033,4162816
2023-06-13,399.2931213378906,410.351684540127,396.33100619443445,399.09564699499356,5653356
2023-06-14,390.60430908203125,408.7719513649164,389.814411591471,399.29318147819373,6593188
2023-06-15,377.7684326171875,397.51586767297357,372.43662515212526,395.54112416739497,6684256
2023-06-16,384.87744140625,386.2597616165341,369.86939340887955,370.2643420403893,5104900
2023-06-20,386.4573059082031,396.1335491322716,382.1128701749479,389.8143698839003,4453452
2023-06-21,402.19268798828125,405.5960108831547,389.1799828020004,390.5813510528306,5002348
2023-06-22,388.77960205078125,408.7991490152911,388.57940658113614,407.3977807277754,4757784
2023-06-23,400.79132080078125,406.396793818974,393.18389313323394,401.992493590394,5032568
2023-06-26,416.6067810058594,417.2073674272998,393.38410604349525,402.5930978389155,4387884
2023-06-27,395.9866638183594,414.404648182004,393.18392706737,411.80210691322816,4737736
2023-06-28,393.3840637207031,402.1926636208105,387.17800470017295,401.7922727162602,5290088
2023-06-29,396.3869323730469,401.99240414397883,392.78341480601915,394.98556443031384,4559068
2023-06-30,378.569580078125,385.7766159759634,374.9660621292058,384.5754433263237,4832580
2023-07-03,376.1672668457031,380.1711760191539,374.1653122589777,376.7678532217207,1696276
2023-07-05,376.1672668457031,381.1721533125166,370.96218492021706,381.1721533125166,3506028
2023-07-06,385.17608642578125,394.3850780970837,383.97491359908963,388.1790184925103,4195368
2023-07-07,389.38018798828125,390.1809698658921,376.16728700770204,386.37725594724054,3901896
2023-07-10,388.9797668457031,398.78934408473526,386.97781230712513,390.58133047656554,3850956
2023-07-11,383.5745544433594,394.98569724256157,382.17318602942225,387.978855172876,3546824
2023-07-12,369.16046142578125,377.1682805456463,364.95635638785205,370.76202524975423,5316744
2023-07-13,351.142822265625,361.953376656927,348.5402813936449,360.15161759171,4635896
2023-07-14,351.3429870605469,353.9455277054398,340.9328244809751,349.94161902098915,4834096
2023-07-17,341.9338684082031,350.9426647070141,339.33132725521324,349.7414918671726,3431656
2023-07-18,333.5256652832031,348.9407170399898,329.72195121334664,343.7356346286073,4733296
2023-07-19,333.5256652832031,337.5295748304204,327.92019191709886,330.92312407751183,4794844
2023-07-20,357.348876953125,360.3518086922269,338.3303092721464,342.33421825761553,5896832
2023-07-21,360.95245361328125,362.1536265038412,348.54033374416116,350.7424840435212,5313512
2023-07-24,359.1506652832031,364.95633378555146,355.346951436837,358.3498834208103,3344628
2023-07-25,351.943603515625,357.5490761540991,347.3391081340213,357.34888070272507,3348664
2023-07-26,355.5471496582031,362.35379554129935,350.9426539137557,355.3469541910532,4885540
2023-07-27,358.9504699707031,362.7541838186916,335.92799141708855,340.53248712781146,6634616
2023-07-28,339.5314636230469,348.7404537920682,336.5285320461921,347.3390857228693,6250140
2023-07-31,338.530517578125,342.73462217253103,335.9279766387308,338.930908491878,3447784
2023-08-01,341.5334777832031,347.3391465145706,339.53152304824886,342.93484609767114,4246888
2023-08-02,363.9553527832031,367.7590665911684,351.14284311426746,351.3430385778446,7029852
2023-08-03,366.7580871582031,372.3635601060359,360.1516368982573,371.9631691811907,5601388
2023-08-04,371.762939453125,373.36450300488855,354.1457403837254,360.9523854787207,6433044
2023-08-07,362.55401611328125,373.7649630499702,362.35382063226893,366.7581212145396,4325984
2023-08-08,372.1634216308594,381.3724143124191,370.3616621931629,370.3616621931629,4794004
2023-08-09,384.3752746582031,386.97781558036803,370.96217913627623,371.36257004737854,5700880
2023-08-10,382.97393798828125,387.77862931693716,364.55595456176695,375.36651005124276,7100172
2023-08-11,390.5813293457031,395.38602022437914,385.1760521071926,391.582306612094,5373132
2023-08-14,377.568603515625,395.7863887329749,377.3684080736761,393.3840434295881,5337292
2023-08-15,389.58038330078125,391.9827289326463,378.3694370187444,380.9719781199315,4671800
2023-08-16,402.39288330078125,402.79327422943874,386.777637083139,391.78252369135765,5471764
2023-08-17,416.0061340332031,417.6076975905976,397.1877622338186,398.1887394571901,5853648
2023-08-18,418.0081787109375,430.0199079842403,413.4036824895048,428.0179531053565,6577236
2023-08-21,397.78839111328125,414.8050057306083,395.58624098633305,413.0032465358325,5363764
2023-08-22,399.99053955078125,402.1926896684282,389.3801798930278,389.78057082350904,4775908
2023-08-23,380.9719543457031,396.98759089202804,377.56863157960913,396.1868090647118,5294912
2023-08-24,406.59698486328125,406.7971803260401,370.3616061039243,370.76199702944206,6098644
2023-08-25,396.78741455078125,415.405592932831,390.9817460230453,403.59406041088545,8560912
2023-08-28,387.9788818359375,396.38709289739745,384.9759493139875,387.3782953315475,4426144
2023-08-29,363.154541015625,389.98073092526874,361.7531728860167,388.9797536898343,5470616
2023-08-30,356.9485168457031,365.75711737358364,355.3469531133612,362.5539899088998,4774432
2023-08-31,354.54620361328125,357.5491358855564,349.3411210080044,357.5491358855564,4150988
2023-09-01,355.7473449707031,360.15164524608605,346.53835348581157,347.7395262881887,4537972
2023-09-05,354.74639892578125,360.9524589521352,351.1428802008015,358.349917650761,3550896
2023-09-06,363.9553527832031,369.9612166905167,356.14772970369546,356.94851155800393,4842496
2023-09-07,372.5638122558594,381.17221844984215,370.3616618341428,377.969090563709,4738668
2023-09-08,371.162353515625,374.36548062255594,364.3557084133967,372.9641125132736,3959012
2023-09-11,358.149658203125,368.1594306515075,356.74829006035145,362.15356718247796,3849316
2023-09-12,370.161376953125,371.36254962036065,359.350822948004,363.1545363942503,3827668
2023-09-13,366.3576965332031,373.36453772372886,361.35280996854186,369.9612148597592,4831100
2023-09-14,357.9494934082031,367.7590712476897,354.94656141652354,361.75320726433057,4881308
2023-09-15,376.76788330078125,379.1702289966417,360.75224532837825,361.95341817630845,4945300
2023-09-18,375.36651611328125,380.5715984700521,371.96319303385417,379.57062109375,3554688
2023-09-19,378.16925048828125,387.57843776882606,375.7669047996315,379.7708142807144,4287928
2023-09-20,394.3421630859375,394.7495413535883,373.769560569574,375.19538450635173,4712956
2023-09-21,417.1553649902344,417.56274327635765,404.73032726347446,407.37828612327576,5696684
2023-09-22,416.95159912109375,418.1737337545703,403.50811815285135,411.04461505929027,5355428
2023-09-25,411.044677734375,424.28447161580925,410.8409885977376,420.61806715633514,4596396
2023-09-26,429.78411865234375,433.45052345601306,418.5812150855765,420.4144174874112,4773460
2023-09-27,426.72869873046875,440.57955864152933,420.0069578912776,426.11763138145136,6124236
2023-09-28,417.1553649902344,434.26525300741196,409.2114884108305,431.00622671842575,5660976
2023-09-29,416.3405456542969,421.0253952384695,400.0454166658704,405.1376444747537,6512004
2023-10-02,406.35980224609375,417.97008231026786,401.26757414777177,415.7295019470062,5088156
2023-10-03,427.95086669921875,433.4504732679379,407.3782643495657,414.91476224003264,5473292
2023-10-04,410.84100341796875,426.7287566488074,407.37828797022183,424.8955543529414,5957664
2023-10-05,414.9147644042969,426.9324232652952,409.8225360733654,411.24836000602625,4812180
2023-10-06,394.3421630859375,428.7656267024269,390.2683804094299,425.7102896950462,7245880
2023-10-09,388.2314758300781,406.9708755028836,386.3982736881732,402.0823364578039,4558560
2023-10-10,382.1208190917969,389.0462497149957,373.36218624481006,387.41673662718426,4635412
2023-10-11,374.1769104003906,383.5466098442763,373.3621539270093,378.0470036489521,4737760
2023-10-12,378.65814208984375,385.7872625702873,367.4552384777182,372.95484570548894,5959600
2023-10-13,393.1200256347656,397.3974974162838,374.9916928464267,376.62120590605264,6339748
2023-10-16,379.676513671875,389.4535912771593,376.4174878034469,388.6388348100523,4412612
2023-10-17,383.546630859375,397.80486992477927,378.45440262173065,391.0831286510887,5526200
2023-10-18,399.434326171875,403.3044190822603,384.76871093252004,391.8978294516509,5799804
2023-10-19,410.63720703125,413.48885430230035,390.8793652246869,394.9531470404731,7961992
2023-10-20,429.376708984375,430.1914655479127,410.840997163892,412.87788857273625,6484864
2023-10-23,425.7102966308594,442.4128058766634,412.67419185364645,434.6726186651932,6426012
2023-10-24,413.692626953125,425.7102857370907,410.8409791060823,419.39592264721045,5183556
2023-10-25,444.0423278808594,446.2829084343867,421.6365223455867,422.2475897692759,5990064
2023-10-26,470.3181457519531,475.41037340193094,445.8754530320595,449.33816783404444,7594776
2023-10-27,463.39276123046875,468.89236762748965,449.338211549193,459.3189787141569,7367244
2023-10-30,448.7271728515625,459.52269720977074,443.02387696420715,453.81940132241544,5633796
2023-10-31,442.0054626464844,458.7079732165359,440.7833277267245,448.52351555187033,4687572
2023-11-01,418.988525390625,439.56112678316424,417.15532328633935,439.1537485377674,6128848
2023-11-02,397.1938171386719,408.19303053635815,396.3790605906951,403.91555865948015,5158204
2023-11-03,383.34295654296875,393.93479168655773,379.06548465805787,393.3237242744276,5714536
2023-11-06,379.06549072265625,386.1946106448986,377.0285993163013,381.10238212901123,4081128
2023-11-07,368.67730712890625,379.67651960678523,365.62197032949547,375.80642632753154,5111616
2023-11-08,367.862548828125,374.78797887250835,365.4182794006956,367.4551705902201,4712664
2023-11-09,377.028564453125,378.45438830573,362.7703259270749,366.4367301194878,6771760
2023-11-10,351.974853515625,373.56590355767145,351.16009691026477,371.7327011956109,6286256
2023-11-13,355.2338562011719,360.7334629198827,352.17851913522145,356.25230188982204,4228352
2023-11-14,332.8280334472656,338.5313290020535,329.77269654291496,337.10550511335657,6150408
2023-11-15,332.0132751464844,335.4759902860489,326.3099796224957,327.5321143776361,5873028
2023-11-16,331.4021911621094,337.92024286290075,330.9948129308099,334.4575278968553,5122412
2023-11-17,331.60589599609375,336.0870567527977,328.75424824182755,333.642787249141,4428888
2023-11-20,319.7919921875,331.80965304040603,317.7551005175159,331.80965304040603,4548816
2023-11-21,325.6989440917969,329.97641615303996,323.66205263406204,324.069430925609,4377612
2023-11-22,322.03253173828125,324.6804905697788,314.29234438467296,320.81039689297467,4568364
2023-11-24,323.86566162109375,326.1062416700447,321.82877066750194,323.2545943350162,1988336
2023-11-27,324.4767761230469,326.92104562303217,319.5882371230763,325.0878434980432,3652748
2023-11-28,322.23614501953125,327.73575052871416,320.81032136900234,326.71730506405066,4301564
2023-11-29,323.6619873046875,324.2730546186674,312.66277565304927,316.3291795369287,4604456
2023-11-30,326.3099365234375,333.84643318471535,322.0324654454149,323.25460003913565,5414796
2023-12-01,323.86566162109375,333.6427381983343,322.2361488582203,329.36526719579155,4946896
2023-12-04,333.03173828125,342.1977494266055,332.2169817349962,333.43911655437694,5010672
2023-12-05,330.58746337890625,338.7350287117197,327.53212637910116,338.32765044507903,4548004
2023-12-06,336.49444580078125,337.5128914599846,322.8472739674566,323.2546522311379,4329592
2023-12-07,322.8472900390625,332.2169905701646,320.8103986192577,329.3653425824379,4478652
2023-12-08,318.9771728515625,327.9394944387073,317.75503808967915,327.3284270577656,5131384
2023-12-11,310.8296203613281,320.6066988523791,310.01486382040724,319.9956314466884,3959120
2023-12-12,303.496826171875,313.68128342596475,303.2931370267932,310.82963539481966,3964464
2023-12-13,292.0902099609375,303.293112016622,290.66438606294133,301.66359899034063,5832948
2023-12-14,293.51605224609375,300.0341047595393,286.9979997326482,289.84964770728067,5253672
2023-12-15,290.257080078125,293.1087285841557,286.59067485608557,291.8865935101426,4657500
2023-12-18,283.7389831542969,289.2385901501088,281.90578082235953,288.42383355813666,3882944
2023-12-19,279.8688659667969,283.5352703244405,279.46148770483643,283.1278920624801,3307452
2023-12-20,292.40960693359375,292.6175796270031,277.22760031470875,281.8029995697152,5255116
2023-12-21,282.8428649902344,289.91393661499023,281.80300151600557,284.2986738541547,4735512
2023-12-22,281.3870544433594,285.5465083153972,278.267464039331,280.3471909753499,3522512
2023-12-26,276.3957214355469,280.13923007801475,275.1478852213909,279.93125737565543,2327420
2023-12-27,274.9399108886719,277.85152870443693,274.31599278529364,276.18774709542834,3599104
2023-12-28,275.97979736328125,276.8116882370214,272.6522338683208,273.0681793051909,2501872
2023-12-29,279.7232666015625,283.6747476911013,275.5638128231006,276.39570357879296,4782888
2024-01-02,294.0733642578125,299.0647084884967,286.79432058806464,287.2102659406217,5075128
2024-01-03,303.43212890625,304.6799649401345,297.8168667537697,300.10456614922464,5269900
2024-01-04,308.6315002441406,309.2554183713188,301.14448271800245,308.6315002441406,4509448
2024-01-05,307.7995910644531,311.1271542110959,301.35243746783283,308.63148185111385,5839924
2024-01-08,288.8741149902344,305.511932988232,288.25019681530944,305.0959875382821,4619584
2024-01-09,287.41827392578125,296.1531274025416,285.33854690750496,295.52920929705874,4429984
2024-01-10,281.5950622558594,288.8741074397258,279.515335060469,286.79438024433534,3905648
2024-01-11,280.55517578125,291.16178361286137,276.6036944322183,279.7232849709275,6202276
2024-01-12,280.13922119140625,283.25881162783617,276.8116580592144,278.4754396253103,4530920
2024-01-16,280.55517578125,285.96246604834596,277.22761253996015,282.84287550963677,5353348
2024-01-17,285.3385314941406,294.2813571896567,284.50664073176705,287.626231090668,5654356
2024-01-18,273.48406982421875,281.8029768911152,272.4442064408567,279.09933209437384,6503188
2024-01-19,257.47027587890625,270.57255970796206,257.2623031197149,269.53269591200524,6489116
2024-01-22,256.6383056640625,257.8861418342281,251.2310155933448,253.72668793367606,4553524
2024-01-23,253.5187225341797,258.92601276050345,253.31074983316725,255.59844954430423,3717964
2024-01-24,249.35923767089844,250.3991010473409,242.28816671108981,246.6555928921481,6939512
2024-01-25,248.9433135986328,253.3107401529948,244.15994165814112,245.40777781653028,5785252
2024-01-26,253.5187225341797,254.7665587402544,249.35926851393063,252.47885902911742,4522420
2024-01-29,246.03172302246094,254.14265894627832,245.6157775904703,252.89482265030642,3664364
2024-01-30,251.02301025390625,252.6867915977598,246.86355689427234,247.9034202341808,3813832
2024-01-31,265.78912353515625,266.2050689553991,255.390488029086,259.1339968112713,7089064
2024-02-01,256.6383056640625,264.749240770139,256.01438757897967,262.8774865148906,6455040
2024-02-02,243.74400329589844,255.39047444314272,241.872249004377,253.72669285067926,7590612
2024-02-05,244.99185180664062,251.02306038252564,243.12009742102111,244.1599609685875,6225876
2024-02-06,246.65562438964844,250.81507842657336,242.28819765087727,243.3280611601085,4929656
2024-02-07,239.37655639648438,244.36790075227555,237.71277494455398,242.08020125587126,4975468
2024-02-08,238.1287384033203,240.62441077086604,236.88090221954747,239.3765745870932,3199788
2024-02-09,231.2656707763672,237.92079799295328,230.01783442325728,236.46498891432506,4144340
2024-02-12,234.17730712890625,235.42514357897147,228.14609762025768,231.6816342287758,4120708
2024-02-13,245.40782165527344,250.60713991068178,240.8324215905141,247.27957622722045,6691260
2024-02-14,237.29684448242188,244.7838614862494,236.6729263987696,240.62440759523412,4850200
2024-02-15,235.633056640625,241.04034655470818,235.0091385736154,236.67292008564098,3951288
2024-02-16,242.2882080078125,243.5360442722304,235.0091631320413,235.21713584277762,5586220
2024-02-20,247.90347290039062,254.3506269774981,243.32807323276597,246.03171849090782,5896380
2024-02-21,251.02301025390625,257.8861082973022,250.81503758592453,252.8947642657415,5679520
2024-02-22,229.18589782714844,237.08885982118804,227.52211635471906,235.63305103281232,6436968
2024-02-23,231.2656707763672,232.9294525805137,225.44243446185433,226.89824354048255,4837344
2024-02-26,231.8895721435547,232.30551756443998,228.56200877647228,230.22579046001349,3702576
2024-02-27,230.2257537841797,234.5931800077278,229.80980842955606,230.4337264614915,4140568
2024-02-28,233.96929931640625,235.8410537109375,231.88957221137153,233.76132660590278,4012484
2024-02-29,228.56199645996094,235.00915013626556,226.69024216684025,229.80983265537475,5096740
2024-03-01,218.16336059570312,227.3141593242169,216.91552440545124,227.3141593242169,6761764
2024-03-04,220.86700439453125,221.28294978887124,217.74741393698136,218.37133202849134,4068872
2024-03-05,232.72142028808594,236.46492838923476,225.65034943036036,225.65034943036036,6359156
2024-03-06,228.35403442382812,231.68159776698047,223.36268940909966,226.27430733435793,7672280
2024-03-07,218.57928466796875,225.65035572287925,216.4995578871127,223.36265626393762,6590816
2024-03-08,227.9381103515625,229.18594672210025,213.79596481880134,218.16339211568345,9022692
2024-03-11,230.6417236328125,233.76131412378834,228.769969338227,230.43375093341413,5447056
2024-03-12,220.6590118408203,232.30548183430378,220.2430664839102,227.10616487292722,6324836
2024-03-13,226.2742919921875,227.7301008561078,222.32281079011804,222.5307834849638,4726212
2024-03-14,227.9381103515625,232.5135103768676,223.5706830546804,224.40257396837222,7494612
2024-03-15,236.25694274902344,238.33666935772962,231.88951687074044,232.9293801750935,6267592
2024-03-18,229.80984497070312,230.22579039146459,223.98660908004277,227.73011786689585,5718436
2024-03-19,228.14602661132812,236.4649336892252,227.52210858048582,233.13737085806636,5878152
2024-03-20,220.2075958251953,229.07501579131056,219.5742086847585,226.54146722956335,6683928
2024-03-21,217.46292114257812,217.67405019223114,212.18469490125344,213.02921109986536,5581220
2024-03-22,217.0406494140625,219.57419785080253,215.14048808650747,218.30742363243252,4094560
2024-03-25,219.36305236816406,222.52998767665537,217.0406331419371,221.05208453269276,3383136
2024-03-26,221.2632293701172,221.89661647709272,215.77387444299595,217.25177769260551,3532452
2024-03-27,219.57420349121094,224.21904241121732,217.04065498938928,217.46291307302621,4122496
2024-03-28,221.2632293701172,221.68548744143422,218.72968094221508,219.78532612050762,3004408
2024-04-01,219.7853240966797,222.74113056868114,215.98500148982066,219.9964531303941,4319456
2024-04-02,225.48582458496094,230.13066366817174,225.06356648648722,227.38598602809262,4541312
2024-04-03,224.2190399169922,229.07500782479897,221.26323336441413,229.07500782479897,4511304
2024-04-04,234.7755126953125,235.19777081167098,217.04067180825652,218.0963170991527,6195008
2024-04-05,226.75259399414062,234.1421105581955,222.3188840557077,232.66420724538452,7645468
2024-04-08,226.75259399414062,228.86388444101345,223.5856583238314,225.27469068132964,3626504
2024-04-09,224.00791931152344,231.60856501860624,222.53001597959067,223.16340312184758,5191524
2024-04-10,230.1306610107422,233.29759671272487,228.8638867299491,232.4530805255295,7154020
2024-04-11,219.57420349121094,231.1863007912269,218.09630019848163,227.59710708031287,6407184
2024-04-12,229.91954040527344,232.24196000532672,224.21905593241542,225.9080883688178,7043116
2024-04-15,241.5316619873047,243.00956551345078,224.00794874871525,224.219077823879,8041672
2024-04-16,241.5316619873047,244.06521088926942,237.09795140886638,242.16504921279585,7289840
2024-04-17,250.39903259277344,252.29919388563596,238.36467773797742,238.36467773797742,6754464
2024-04-18,254.832763671875,256.31066702374176,246.80985976174142,249.97679551574151,6906236
2024-04-19,271.0896911621094,274.2566268065265,256.73291624075154,257.5774324125961,8796476
2024-04-22,263.2779541015625,272.9898914621655,258.6331144943176,266.2337611243547,6286748
2024-04-23,251.45468139648438,260.5332299271719,249.34339104051054,259.68871378478235,5566380
2024-04-24,249.34339904785156,253.35485085302443,243.43178586128099,246.38759245456626,5929000
2024-04-25,253.35484313964844,264.3335530090332,251.66581085205078,262.43339168548584,6699312
2024-04-26,241.3205108642578,248.9211568757305,238.7869621937669,247.65438254048505,5491560
2024-04-29,238.78697204589844,243.43181146677355,237.09793952921657,238.15358485214273,3907340
2024-04-30,252.2991943359375,252.51032336885459,239.20919429507714,241.74274269008237,5173264
2024-05-01,257.99969482421875,259.68872719622675,242.58727442964596,255.04388817320478,8435264
2024-05-02,248.7100372314453,260.11100668008544,246.80987565667195,251.45471506167348,5650068
2024-05-03,233.93096923828125,238.36467894406096,232.03080793580423,235.6200015071497,6184152
2024-05-06,225.9080810546875,232.24195248612733,225.9080810546875,230.97517819983935,3788384
2024-05-07,226.33033752441406,227.38598275540483,223.58565992383816,225.69695038581963,4122372
2024-05-08,226.75259399414062,230.5529167985117,224.4301745025805,230.3417877538244,4028448
2024-05-09,225.48582458496094,229.49727652046116,224.6413083880135,226.75259888038207,3888184
2024-05-10,224.00791931152344,226.54146788055104,220.62985455281998,223.37453216926653,3994584
2024-05-13,222.74118041992188,224.85247122958938,221.05214777218788,221.26327685315462,2760444
2024-05-14,218.3074493408203,223.79680493352953,217.67406215704617,223.37454681101343,5089216
2024-05-15,208.38436889648438,217.25178884952626,207.96211080348237,214.9293693380153,6223648
2024-05-16,209.8623046875,210.28456284582495,206.27311034173792,209.0177883708501,4111464
2024-05-17,210.49566650390625,213.66260230887977,209.01776312825194,210.07340839657644,3520760
2024-05-20,206.06199645996094,210.49570744936582,205.21748008102668,210.28457835463226,3815760
2024-05-21,205.00631713867188,209.22889833617282,204.79518807879683,208.80664021642272,2383348
2024-05-22,205.42855834960938,208.80662302956185,203.73952600963312,204.79517122211828,3533856
2024-05-23,208.59548950195312,210.91790891948497,199.0946827938682,199.30581183182565,6326832
2024-05-24,202.6838836669922,207.53985171318055,200.9948513031006,206.4842064857483,4488848
2024-05-28,200.36146545410156,204.58404639096355,200.36146545410156,201.20598164147395,3868600
2024-05-29,204.5840606689453,206.27309316156817,202.47277005316673,206.27309316156817,4166120
2024-05-30,211.5513153076172,213.45147682235626,206.0619598205932,206.0619598205932,4520708
2024-05-31,211.5513153076172,224.0079296820178,210.49567002165102,211.5513153076172,6475404
2024-06-03,209.65113830566406,217.25178380315037,206.48420268171142,207.75097693129248,5362144
2024-06-04,208.1732635498047,212.8181031016259,206.48423098550606,210.28455425517797,5024584
2024-06-05,195.50550842285156,205.00631606759057,195.50550842285156,203.31728359741476,6097072
2024-06-06,196.1388702392578,197.61677345957514,194.44983798746657,195.0832250818883,3899340
2024-06-07,196.7722625732422,198.25016583291247,193.39419797971013,196.7722625732422,4813924
2024-06-10,194.66099548339844,198.8835767303268,194.02760829635918,198.46131860563398,3743656
2024-06-11,190.6495361328125,198.25018209159575,190.43840707840187,196.35002060189993,3991824
2024-06-12,183.260009765625,186.84920350527435,180.304203156502,186.00468733123918,7361124
2024-06-13,180.30419921875,183.04887672442183,178.4040378686695,179.2485540242608,4718972
2024-06-14,177.9817657470703,181.5709591251251,177.7706367248318,180.93757205840956,4498792
2024-06-17,171.64791870117188,179.24856454771825,169.3254991369494,177.77066118866756,5655244
2024-06-18,171.436767578125,173.33692879512392,170.80338050579203,171.647896602236,3353420
2024-06-20,175.65936279296875,177.559524169335,169.74774962205154,170.38113674750696,6679220
2024-06-21,177.34840393066406,178.82630729675293,174.60372625078472,176.08162961687358,5039988
2024-06-24,183.47116088867188,183.47116088867188,176.71503068333527,178.82632137250297,5401480
2024-06-25,177.13726806640625,182.2043651267087,176.7150099780477,181.14871990581236,4593312
2024-06-26,176.06109619140625,178.64389955851735,175.63062896355441,178.2134323306655,4388628
2024-06-27,174.9849395751953,177.56774311136056,173.26307055108515,176.49157497129173,4518920
2024-06-28,178.21343994140625,178.64390718764153,169.17362777046537,174.33923472528872,6229376
2024-07-01,174.76971435546875,181.22672350653286,174.12401344036235,177.1372843775256,5603052
2024-07-02,169.60409545898438,176.70680504038856,169.38886183530548,176.70680504038856,4583768
2024-07-03,165.5146484375,170.46502153771132,165.29941482444735,170.46502153771132,3112272
2024-07-05,160.34906005859375,165.29943372483223,160.1338264209312,164.86896644950713,4724408
2024-07-08,159.27288818359375,161.20999087771852,158.84242091823268,160.13382271431587,3199376
2024-07-09,159.05763244628906,160.77950126844104,156.9052964185991,158.19669803521307,3865592
2024-07-10,154.322509765625,158.6271822834946,153.67680888794456,157.5510141540272,4338136
2024-07-11,164.22325134277344,165.72988667619336,153.89203762789384,154.32250486601382,7329392
2024-07-12,161.6404571533203,164.65372799239685,156.90531726334288,164.22326072967164,5974888
2024-07-15,160.5642852783203,162.71662154210478,155.82914549799452,160.34905165194186,6205448
2024-07-16,160.5642852783203,163.57755604761854,158.41194901453585,159.27288352004965,5207884
2024-07-17,174.55445861816406,174.76969222928386,167.88221667345002,168.52791750680944,7021176
2024-07-18,177.13726806640625,180.79623958175122,170.46502589136543,170.89549312846484,8367456
2024-07-19,182.08766174316406,183.8095308849434,174.98495153332433,177.99822253143816,7530860
2024-07-22,174.12400817871094,179.50484897533366,173.0478400193864,175.6306436017653,7346144
2024-07-23,176.06109619140625,176.70679703318405,171.9716575268137,175.20016173570255,5137612
2024-07-24,195.0016632080078,196.2930649511072,183.37904752011332,183.8095147678131,8158012
2024-07-25,201.6739044189453,205.1176423812752,189.405587928145,194.78642849428547,9951096
2024-07-26,195.8626251220703,200.16729820167623,191.98841935042495,196.2930924300309,7059576
2024-07-29,194.78643798828125,197.79970885218836,189.62083079301192,192.4188680237828,6081312
2024-07-30,202.96530151367188,207.2699738681506,191.55791977430326,192.418854245199,8119168
2024-07-31,184.88568115234375,191.3426898072568,182.7333449340394,189.4055872107829,9773996
2024-08-01,198.44541931152344,202.96532582512648,179.7200923265966,184.23999884019963,11691856
2024-08-02,212.8660430908203,218.67735063728355,206.8395019315251,210.28323973683666,11471684
2024-08-05,232.23712158203125,249.45581456309012,222.33637311792242,247.518711602721,15314836
2024-08-06,225.78005981445312,233.74370348760354,213.7269774983336,229.43903123184657,10877348
2024-08-07,233.09799194335938,233.74369275206672,211.35939805021135,215.0183692995531,10324380
2024-08-08,211.78988647460938,229.6542773052929,210.49848472781298,223.1972685713109,8952152
2024-08-09,208.77659606933594,215.87930500777728,206.62426002738403,214.15743617421575,6623968
2024-08-12,207.70045471191406,211.57466008477877,193.7102686432359,207.70045471191406,5128696
2024-08-13,192.41885375976562,201.88913291572723,191.98838652540374,201.6738992985463,6375460
2024-08-14,192.20364379882812,197.79971853429234,189.19037278742434,191.34270922414132,6356972
2024-08-15,177.78298950195312,185.3161670232223,177.35252221502344,184.88569973629265,6445940
2024-08-16,177.13726806640625,181.22670681885063,175.84586635510803,179.9353051075524,4833428
2024-08-19,170.68023681640625,179.50481400363532,170.46500322647384,177.35247810431116,5167436
2024-08-20,171.9716796875,173.47831517913016,168.74317506257822,171.5412124041771,5628868
2024-08-21,169.17361450195312,172.83258580797502,167.2365120458239,170.89548335184577,5185076
2024-08-22,177.35252380371094,178.64392567606805,166.37560788867543,167.021308824854,7801676
2024-08-23,171.75640869140625,177.35248215754228,168.74313836348682,173.04781026051455,7452056
2024-08-26,177.13726806640625,179.28960425190328,171.54119398411396,172.61736207686246,5300188
2024-08-27,175.41539001464844,181.22669741390675,174.33922197774876,179.07436134010737,4513636
2024-08-28,181.65716552734375,185.5313704793487,175.41539088244687,176.27632531622575,6256956
2024-08-29,182.30287170410156,184.02474062220406,174.12399434311473,179.72006832694782,7909652
2024-08-30,176.49154663085938,183.16378802787966,175.6306122570503,177.99818178502525,6081716
2024-09-03,192.6341094970703,195.21691319982432,179.72009098330022,179.93532462519642,6674312
2024-09-04,193.92550659179688,197.79971205090047,189.19036658622582,196.50831023119926,8113300
2024-09-05,193.71026611328125,197.58447143554687,188.1141917588976,196.29306966145833,7247848
2024-09-06,209.20709228515625,210.28326045534737,193.71027063440394,195.0016724386333,9432920
2024-09-09,201.45864868164062,208.13089025122486,200.16724708752753,203.39575107281024,6760180
2024-09-10,196.29307556152344,204.68718734540437,195.43214101958694,199.30634645830122,6410852
2024-09-11,183.5942840576172,205.76334766598129,182.51811592128885,194.5711990481664,10655912
2024-09-12,178.21343994140625,185.74661675052369,177.13727182581806,183.59428051934728,7212616
2024-09-13,175.84588623046875,179.5048581593769,174.55448437320706,179.074390873623,5131296
2024-09-16,178.64390563964844,182.30287720094245,177.7829711546381,178.42867201839587,4696512
2024-09-17,178.21343994140625,181.22671066505322,173.6935338559358,174.98493559464166,5454516
2024-09-18,180.79624938964844,181.44195028032576,172.40213781084333,177.1372776758103,8029252
2024-09-19,167.0212860107422,170.46502386663377,163.79278177084382,168.0974540907083,8902316
2024-09-20,168.52792358398438,172.6173623427273,167.02128825181592,168.31268996510317,5948552
2024-09-23,167.23654174804688,168.52794361482714,165.94513988126658,167.23654174804688,4117700
2024-09-24,164.6537322998047,170.0345732246349,163.57756411483865,165.72990048477072,5435220
2024-09-25,163.97325134277344,165.7293236463105,162.4366880771785,165.50981460836837,4966140
2024-09-26,160.68060302734375,164.41225637633943,156.2904226167606,156.7294406578189,6425780
2024-09-27,163.5342254638672,164.85127962867685,159.80257199690647,160.02208102437473,5348304
2024-09-30,162.21717834472656,167.70490426978498,161.9976693077242,164.63177775175225,6270580
2024-10-01,169.4609832763672,173.19263705317837,162.43669381413434,162.8757119055239,8646944
2024-10-02,168.36341857910156,172.97310800564802,166.38783739629594,170.3389997619072,6120124
2024-10-03,169.241455078125,171.8755633283682,165.94881976532102,170.9975272449538,6043440
2024-10-04,163.09519958496094,168.58292500841185,162.65618155108487,163.31470860189899,7359188
2024-10-07,168.5829315185547,169.8999856710434,163.9732419848442,165.29029613733292,4889672
2024-10-08,161.11961364746094,166.82684791835192,160.24157760578538,166.16832088709526,5556376
2024-10-09,157.38796997070312,162.43667751509108,156.729442899696,161.33913239674587,5377868
2024-10-10,158.0465087890625,160.90012630886503,156.07092742919923,159.58307206895617,5315084
2024-10-11,157.38796997070312,160.68060532573875,156.50993387602696,160.02207825473164,4075100
2024-10-14,153.4368133544922,155.63190367429894,152.11975916260812,155.41239464231825,4557220
2024-10-15,159.80258178710938,161.7781631553566,152.7782924777859,153.43681960053496,7321924
2024-10-16,159.5830535888672,163.09519782190966,158.92452654517172,159.5830535888672,4384900
2024-10-17,159.36355590820312,159.58306493837972,154.3148482141416,154.5343572443182,5221472
2024-10-18,156.50994873046875,157.8270029974853,155.6319125524577,157.16847586397702,4231272
2024-10-21,155.8513946533203,159.80255677129182,154.97335862710443,157.82697571230605,5346832
2024-10-22,155.19288635253906,159.14404894708744,153.87583215435626,158.48552184799604,4969380
2024-10-23,162.65618896484375,165.72931534204727,156.9489542643229,157.60748134515225,7554816
2024-10-24,158.92453002929688,161.55863826182667,158.04649395178694,158.92453002929688,5352760
2024-10-25,156.0709228515625,156.9489589857485,151.24172411353948,156.290431885109,9008968
2024-10-28,156.0709228515625,156.290431885109,152.99779638191148,153.217305415458,5482468
2024-10-29,151.90025329589844,157.60748824632236,150.3636900400151,155.85141595388424,6662068
2024-10-30,154.97335815429688,155.6318851719497,151.4612140601485,152.33925008368558,6501968
2024-10-31,166.82687377929688,167.04638282374333,158.92454817922493,159.14405722367135,8501396
2024-11-01,163.31471252441406,165.94882079093688,160.02207719126056,165.5098027465164,8646200
2024-11-04,165.07080078125,166.8268731299867,161.55865608377658,164.19276460688164,6692164
2024-11-05,158.70501708984375,163.53421539686528,158.0464900479772,163.53421539686528,6430704
2024-11-06,145.9735107421875,151.90025478735902,145.09547458734727,150.80270959380874,8845932
2024-11-07,139.12481689453125,143.55890186407612,138.378494250718,143.5149973796712,8425860
2024-11-08,138.8614044189453,140.26626754374877,138.2467818260067,139.7833450072371,7559100
2024-11-11,139.12481689453125,141.4955116769533,137.71996717794704,137.8955717177991,8666060
2024-11-12,139.8711395263672,142.4613430847179,138.51018102689827,139.25651699692628,7396920
2024-11-13,140.52969360351562,142.41746603563905,138.2906986599437,140.3979801375591,9273940
2024-11-14,143.47108459472656,144.30522955685765,140.13455833726948,140.92478541976894,8360580
2024-11-15,154.0514373779297,155.76360516353475,148.30029800771482,148.4759159531251,10371340
2024-11-18,150.84661865234375,153.91974528741224,148.87103724408544,152.60269101524003,6648440
2024-11-19,147.90518188476562,153.612416670566,147.33446376529275,153.30511206691446,8651960
2024-11-20,148.03689575195312,153.9636395844069,147.90518229479335,148.1685958113449,10737820
2024-11-21,146.58811950683594,153.17339004530805,144.87595184638664,145.49057441709058,12374960
2024-11-22,146.10520935058594,148.73931778886165,145.49058672787527,147.29056350691735,6527800
2024-11-25,145.53448486328125,147.51006610576923,141.23211329430342,142.54916745596208,6506840
2024-11-26,143.2076873779297,145.00765059066995,142.5052558472723,144.26132797503223,4983380
2024-11-27,146.67593383789062,149.57345566035056,144.2613345521353,144.2613345521353,5682100
2024-11-29,143.03208923339844,146.93936097639354,142.50527556085353,146.3686294172587,3421780
2024-12-02,138.42239379882812,142.3735564769804,137.63216662230502,142.06625186289628,6202120
2024-12-03,137.1931610107422,140.04677875976563,137.01755644420237,139.56385615345388,4946540
2024-12-04,132.1883544921875,135.1297677658628,132.05664102163018,134.55904958675592,7749340
2024-12-05,133.37367248535156,133.63708598355763,131.66150484366275,132.23223632273707,6549420
2024-12-06,129.9054412841797,133.15417224886951,129.77374122527698,133.0224721899668,7673900
2024-12-09,133.06637573242188,133.9005073610189,130.12494939194153,130.6956809046,6830660
2024-12-10,134.51513671875,135.56877742873914,130.82738753490372,132.1883462592836,6085380
2024-12-11,127.27132415771484,131.44199544075744,126.78840164538808,131.17858194332766,9712160
2024-12-12,129.8176727294922,130.16888189150768,128.0616001238732,128.98352752360657,7339740
2024-12-13,127.00789642333984,129.42249531654224,125.07621998833103,127.0957053785625,8046100
2024-12-16,121.60800170898438,125.29575070580434,120.905570138693,125.25184622057965,8711540
2024-12-17,123.23239135742188,124.3738277485599,122.09094156851411,122.83726433212207,7085380
2024-12-18,136.5346221923828,137.67607187418793,122.52994819046701,123.75919344916886,16992140
2024-12-19,138.5102081298828,138.77362166483417,132.49565490586434,132.9346729981936,14122260
2024-12-20,134.99806213378906,142.68087867798843,130.12495867477168,141.75893801313075,16181980
2024-12-23,131.1510009765625,136.4728176131979,130.88041156129327,133.8119161766049,7316360
2024-12-24,125.9645004272461,130.33921308460066,125.9645004272461,129.8882123472837,4584520
2024-12-26,126.32530975341797,128.62541627513235,125.10760225267204,127.18220840487423,5621180
2024-12-27,131.46673583984375,134.89434474136036,128.71562815191126,129.03133422363146,10221440
2024-12-30,136.8336181640625,139.6749310093953,133.94721625667597,136.87872098956618,9885860
2024-12-31,140.44163513183594,141.1632391067973,135.30022917584407,135.93162749264113,9700940
2025-01-02,141.34365844726562,145.04187078685123,135.97675128202556,137.91604936043439,12196260
2025-01-03,134.57862854003906,139.58473989644682,133.6766269898197,138.9082387337823,9790320
2025-01-06,129.93333435058594,131.91773513496852,127.31752143000921,130.3392323213877,9559100
2025-01-07,136.96893310546875,138.41212724555538,128.98621433528254,129.25681753762711,12434400
2025-01-08,136.8787384033203,140.757347911426,135.6610307770534,137.104238796077,12668320
2025-01-10,143.5535430908203,146.21445870955387,140.12594816588842,140.1710372332284,14137620
2025-01-13,144.99676513671875,150.09306895029536,144.68105905405702,148.74006647623577,9685600
2025-01-14,145.49285888671875,148.51455594823216,141.20835134402418,142.33585332894378,10532540
2025-01-15,135.6610107421875,140.08082604555705,134.5786117694979,138.72782388883263,13107900
2025-01-16,138.41212463378906,138.50233028735198,133.76682250775593,133.8119253345374,9035220
2025-01-17,131.64712524414062,133.99233481112975,130.29412290090494,130.7451236819835,11154500
2025-01-21,129.4372100830078,133.04521593898016,128.53520861901472,129.70781327489576,8584980
2025-01-22,124.52130889892578,126.23510623076287,122.80749780363817,126.05470868479851,9526980
2025-01-23,123.75459289550781,126.73120035402171,123.70949007151755,126.32530246500833,6938440
2025-01-24,125.9645004272461,127.09200227053849,123.12320128752935,123.70949674066131,6684980
2025-01-27,137.10423278808594,139.99063493619752,134.353125364319,139.44944227536786,16994760
2025-01-28,130.97061157226562,139.08862485687033,130.06861009619843,136.29242853913217,10805520
2025-01-29,131.82752990722656,134.7590351421973,130.4745274910862,130.56473315754317,11526220
2025-01-30,130.1137237548828,133.85702468681777,127.90382270723019,129.66272297930263,9590200
2025-01-31,130.92550659179688,131.73731616497167,124.07030374453761,127.45280922414088,14643120
2025-02-03,134.03741455078125,139.4494229913762,132.0530004451371,137.5552145317883,17833660
2025-02-04,129.21170043945312,134.1276053125575,128.76069973983897,133.81191308089706,9443660
2025-02-05,127.58811950683594,132.1432301945606,127.45282477652252,131.2412286232667,7320820
2025-02-06,125.55860137939453,128.3999142568329,125.42330666480466,127.2273095977369,7532540
2025-02-07,130.47451782226562,131.06082708388269,123.98010945875089,125.37821460451305,12007940
2025-02-10,125.87431335449219,127.67831637279103,125.01741467349038,127.3175075110608,8818200
2025-02-11,126.73119354248047,128.30969595315193,125.37819147619065,128.21949031001978,8298760
2025-02-12,126.55081939697266,131.196121843966,125.96451013520421,130.9255186280307,12786500
2025-02-13,121.18389892578125,126.00959836997528,121.0034876270864,125.4684057642398,12631720
2025-02-14,119.92108917236328,121.58979734838138,119.4249856256998,121.2740913377456,8149820
2025-02-18,119.10928344726562,121.36428686821557,118.65828276307565,118.88378310517064,6892020
2025-02-19,119.06420135498047,121.09370478716764,118.20730265852498,119.69559967008183,7446780
2025-02-20,120.68779754638672,123.79969981640414,119.42498725011663,119.74069326504663,10758900
2025-02-21,128.26458740234375,128.5802933757558,120.05638349156028,120.1014725476636,14456060
2025-02-24,132.90994262695312,133.18053209896343,126.19001962735035,127.04693216689056,14006360
2025-02-25,137.96112060546875,141.027933828676,133.45111330379635,133.49621612950307,14833580
2025-02-26,137.0591278076172,139.62983763742582,132.90992908590877,136.29243477594596,17710080
2025-02-27,148.46945190429688,148.74004134262313,133.49622154945118,134.3080173913311,20492780
2025-02-28,141.61422729492188,151.80684640705527,141.1632265710527,148.96553358860953,19880060
2025-03-03,150.76954650878906,153.9716546138591,137.69052464695565,138.99843784389958,22767900
2025-03-04,152.48336791992188,159.6091748062663,145.0418549791963,153.74616461054313,24871640
2025-03-05,146.62034606933594,156.54236253493485,145.08694627734258,152.0323550505717,19655320
2025-03-06,158.61697387695312,160.51116882377477,149.64204768110758,153.92655493026865,19368860
2025-03-07,155.45999145507812,166.41930610803064,154.06188613074823,160.01508882288238,20646440
2025-03-10,173.04898071289062,177.5138850609418,162.94655363580765,163.44265717746882,17911020
2025-03-11,174.98829650878906,180.03951057318608,167.09578313532563,174.2666925333822,21106840
2025-03-12,169.08018493652344,174.85300301700528,164.57017726276473,166.6898863748118,20691540
2025-03-13,178.32569885253906,180.40030511404072,169.89199284652827,169.98218474101466,16604760
2025-03-14,165.65255737304688,173.0940691821785,164.66036405656573,172.41756810862105,18403500
2025-03-17,162.4504852294922,167.59189132981376,159.29347979343228,165.69768256279724,15124840
2025-03-18,170.65869140625,173.0039009539839,165.87808041337797,165.87808041337797,13736700
2025-03-19,164.16427612304688,170.61358146535764,159.24837060721723,168.49388615810312,16553380
2025-03-20,165.7427978515625,168.99000919240265,160.42099379327428,168.313507976682,14904100
2025-03-21,164.16427612304688,172.64308487896673,163.62306970737075,171.4253910888718,13698320
2025-03-24,153.92657470703125,157.39928653422768,152.84417548928585,156.72278530270523,13410540
2025-03-25,151.17544555664062,153.97164173865983,150.9950342594236,153.1147431306773,9796880
2025-03-26,159.51258850097656,160.9768379373028,151.45916772630477,152.23706027615827,16307280
2025-03-27,162.30381774902344,163.7223062046504,157.40770054745798,161.5259252710833,15522100
2025-03-28,175.2533416748047,176.30577130020686,163.67655993838292,164.40867760948905,17357760
2025-03-31,175.43637084960938,188.5231766841242,174.4297020711079,183.3067614813454,20047460
2025-04-01,171.3181610107422,180.6528017584724,170.31149214472018,177.4039909132984,21250840
2025-04-02,167.47447204589844,178.86822431846622,163.95109641988878,178.54792632971498,25597740
2025-04-03,194.60899353027344,195.11233490536546,184.67950442277422,188.52317807613682,26980160
2025-04-04,230.4375457763672,230.57481434256408,208.19913037629155,211.21916451086335,45621840
2025-04-07,229.56814575195312,264.4815328205991,197.76630054255585,254.68929880774533,45279700
2025-04-08,242.38038635253906,252.4013821285616,198.40689933901112,206.36879691494198,42987740
2025-04-09,156.8585968017578,243.5701054144276,151.7794641969006,243.24979346445943,54654860
2025-04-10,174.84152221679688,188.4316554945969,165.46112141022553,167.47447293683484,47232500
2025-04-11,165.73568725585938,180.83584599444373,163.9053649845158,176.8548894685712,29853540
2025-04-14,162.21229553222656,167.47447155090248,154.02160695687658,154.5706952063627,22798880
2025-04-15,161.70896911621094,163.67657392715796,157.0416557248903,161.159880815953,17659220
2025-04-16,176.35153198242188,183.2152398745575,167.47447256810966,171.31814619485573,21602400
2025-04-17,176.80911254882812,180.1036979235033,172.50785839496018,173.33149775650423,20267260
2025-04-21,189.85015869140625,196.21052525172857,182.89494302907698,183.99313350583955,14677340
2025-04-22,175.16183471679688,184.22193828340747,171.13513133002593,182.57464545636458,21852880
2025-04-23,163.63079833984375,165.32383790179713,152.96916374136973,159.10075394053692,27405040
2025-04-24,149.72035217285156,161.98350455944913,149.3085185322332,161.29713377741754,24455900
2025-04-25,144.82423400878906,151.73370262638682,144.32089264592446,150.17793165737288,21898940
2025-04-28,145.00726318359375,150.91004906570802,142.81088228558585,144.54968266615467,20488100
2025-04-29,142.21603393554688,147.70700071242902,141.39239450471482,147.15791241329117,18400320
2025-04-30,142.12452697753906,154.02162172577445,140.79754612539372,149.8118749214678,27368860
2025-05-01,137.31991577148438,137.68597459892337,131.92045729913985,135.39807201680682,27094140
2025-05-02,130.91378784179688,134.34564169662772,129.17497351013313,132.88137846620026,21943440
2025-05-05,133.33897399902344,134.7574765449786,130.82228088867578,134.29989597946084,15240580
2025-05-06,136.95387268066406,139.7451172290268,134.0711203877211,138.64692654429862,19211460
2025-05-07,135.44384765625,141.0720830373466,133.38473510742188,136.54203822277486,23742840
2025-05-08,131.4171142578125,134.84896772243943,127.71070972316593,131.18832402683736,22583860
2025-05-09,131.78318786621094,133.29319797481165,128.94618309728037,130.04438750089807,15255340
2025-05-12,115.85938262939453,120.93852205262618,115.76786792469318,116.45423868313998,27343220
2025-05-13,110.55146026611328,115.44757060381048,109.31598723348534,114.94422922147133,23985740
2025-05-14,108.6296157836914,110.45993791640481,108.26355694284858,109.81932796280506,19373120
2025-05-15,108.2177963256836,110.87176482015916,106.6162644561703,110.0023576160056,22766680
2025-05-16,106.98233032226562,109.81932823867304,106.93656947598289,107.53142556703402,16879200
2025-05-19,106.7992935180664,111.60388911045982,106.43323467767915,111.512374400363,24765780
2025-05-20,107.94325256347656,110.13964067338348,107.48567199816785,108.40083312878528,16974640
2025-05-21,112.38177490234375,113.57148002693182,106.25019194162276,110.41417733299205,30509600
2025-05-22,111.83267974853516,112.97663108386028,109.40750850334575,112.10723086186313,28093940
2025-05-23,115.12726593017578,117.55243719116835,113.47997320372339,117.18637834717883,33243940
2025-05-27,107.07383728027344,111.60388144928142,106.75353232585988,110.50569103925656,22006040
2025-05-28,108.53810119628906,108.85840617345136,105.60958857348398,106.47898879465663,16484940
2025-05-29,107.8974838256836,109.59053028756347,103.82501316643271,103.91653485258111,22330460
2025-05-30,108.5838623046875,113.11390680636684,107.62294038875558,108.40082590149221,25959760
2025-06-02,106.06716918945312,110.64297452996341,105.92989363281285,109.81932817224659,18383780
2025-06-03,103.59623718261719,106.47899614019704,102.77259775084465,105.92990085830691,16610880
2025-06-04,102.86410522460938,104.51139095429117,102.22348828907354,103.3216857576529,14752500
2025-06-05,105.19776916503906,106.43324227699553,100.39317322959828,102.04046605745668,28965460
2025-06-06,102.26925659179688,103.32169329095632,101.12530517578125,102.22349574230611,18940740
2025-06-09,101.90318298339844,102.81834404653111,100.89650721037745,102.17773409518816,14402980
2025-06-10,99.7983169555664,102.95561983774051,99.47800499703801,101.67439295000145,15235820
2025-06-11,100.94227600097656,102.2234960045,98.47133674676988,99.15770759813972,21144160
2025-06-12,100.30165100097656,101.90318285951172,99.70679491423854,101.76590730378373,17800180
2025-06-13,104.14532470703125,104.87744931855933,101.44559556479676,103.8250127709806,30116300
2025-06-16,99.84407043457031,102.17773393474414,99.24921434804318,102.13197308880943,18301660
2025-06-17,102.81834411621094,103.5047149140256,100.43892674687842,101.3540878106313,17891240
2025-06-18,102.95562744140625,103.91654942370951,100.94227574206889,102.40653215814382,19887920
2025-06-20,104.46563720703125,105.51807383063272,100.48468796152773,101.21681262594082,19692980
2025-06-23,101.21681213378906,105.9756538488968,100.9422680042659,104.14533172357646,25653380
2025-06-24,96.59525299072266,98.65436538243476,96.09191161323199,98.28829956081654,16451180
2025-06-25,95.88652038574219,96.90560276364651,94.7747954404238,95.42330048049706,13692440
2025-06-26,93.29248046875,95.79387204728377,93.06087053008063,94.77478973077345,13589540
2025-06-27,92.36605072021484,94.26525525031684,91.48593568519694,92.92192028777895,18066800
2025-06-30,90.65213012695312,91.99547203504079,90.09626767830542,90.88374006957088,11948680
2025-07-01,92.96824645996094,94.17262120786579,91.16169140627947,91.67122913179628,17809940
2025-07-02,91.06903839111328,93.5240982934826,91.02271357220349,93.43145572383798,15493180
2025-07-03,88.61396789550781,90.09627015538041,88.10442318046971,90.09627015538041,12419720
2025-07-07,90.60581970214844,91.76386950883143,89.54041246636505,89.91098981813863,17744180
2025-07-08,90.46685791015625,91.11536301476075,89.67938540651492,90.00363795881718,14744720
2025-07-09,88.61396789550781,90.18891272133969,87.96545579744344,89.54040769145003,16401480
2025-07-10,88.98455047607422,90.32788543215415,88.15075319691161,88.38236315955817,12744380
2025-07-11,89.72570037841797,90.79110764709547,88.9845527201632,90.23524513636056,15072060
2025-07-14,88.8455810546875,91.06903805892235,88.47500370928586,89.91098827215158,13871540
2025-07-15,88.61396789550781,88.66028564440009,86.6684457376641,86.99269825260893,17153880
2025-07-16,88.33604431152344,91.11536405117185,88.1044343332194,88.42868688920993,22175600
2025-07-17,86.25154113769531,88.4749979984107,86.06625601104174,88.10442067692905,16407060
2025-07-18,86.62212371826172,87.22431101870815,85.69568389239797,85.78832646134934,16246760
2025-07-21,85.32511138916016,86.29787608877487,84.49131408494402,86.29787608877487,15911720
2025-07-22,86.66844177246094,87.91913402612705,85.32509988889969,85.37142470384725,18302120
2025-07-23,85.55671691894531,87.54856396782716,85.55671691894531,86.25154679170585,17298860
2025-07-24,85.0008544921875,85.88096950434615,84.49130975787988,85.04717931100637,15184840
2025-07-25,84.53764343261719,85.51040818431758,83.98178088943511,85.2324733786387,13551100
2025-07-28,83.75016021728516,84.39866525685765,83.37958287974024,83.98177016972888,12938160
2025-07-29,84.16705322265625,84.58395536764833,82.08256370221976,82.68475097731412,18188820
2025-07-30,83.84280395507812,85.27878850754556,82.77739674532889,83.84280395507812,20937520
2025-07-31,85.32511138916016,85.78833132837185,81.01716454085627,81.06348936204758,25819980
2025-08-01,90.42052459716797,91.57857436677354,88.10442505795682,88.1970676258903,36714800
2025-08-04,85.46407318115234,88.05810749793153,85.37143061301913,87.96545786162343,23359080
2025-08-05,87.2706298828125,87.54856466138851,84.39866779961889,84.95453028859588,22758980
2025-08-06,83.98177337646484,87.17798801496164,83.79648116652983,86.90006030232175,23645200
2025-08-07,83.14797973632812,85.04718432916344,81.38774253997413,82.17521502913435,24443500
2025-08-08,80.97083282470703,82.91635482026273,80.87819026647564,82.82371226203134,20717020
2025-08-11,81.80464172363281,82.31417940110825,80.09072234363097,80.97084444355694,16418600
2025-08-12,78.65474700927734,81.94360433332538,78.56210443516726,80.78555448651086,22596520
2025-08-13,78.56210327148438,79.164283528368,77.4040534418232,77.63566340775543,18463340
2025-08-14,78.79371643066406,79.62750668727068,78.00623686004035,79.44222153428599,23794240
2025-08-15,79.99808502197266,80.69291495627151,78.97900253196947,78.97900253196947,21603460
2025-08-18,80.09072875976562,80.87820835125218,79.81280102292541,80.41498838834278,15083120
2025-08-19,83.37959289550781,83.8428128560384,80.32233832873558,80.41498797538225,23100220
2025-08-20,84.90821075439453,88.01178273182933,83.79647873161386,83.88912836797675,31209940
2025-08-21,86.11257934570312,87.1779865635223,84.67660185053379,85.6956842495967,21477000
2025-08-22,82.22152709960938,86.25153856353283,81.34141217201004,85.60303357142536,27113640
2025-08-25,83.0090103149414,83.51855506688467,81.71199309304735,82.96269256269443,13476780
2025-08-26,81.98992919921875,83.75016638097264,81.89728662505809,83.286946441994,12747240
2025-08-27,81.66567993164062,83.05533980432365,81.34142737498304,82.49947726888556,13012560
2025-08-28,80.1833724975586,82.22153735688164,79.81279514090663,81.48038264357771,16521680
2025-08-29,83.14797973632812,83.93545222548835,81.24877514349281,81.38774253997413,19268640
2025-09-02,85.23246765136719,87.9654624281355,85.13982507842466,87.13167220347754,23109080
2025-09-03,83.33325958251953,84.81556895974613,82.54578714347724,83.70383692682617,20334840
2025-09-04,81.01715850830078,83.79647793662224,80.9245159409917,83.05533032997474,16979720
2025-09-05,80.83187866210938,82.77740097558525,78.70106413371775,78.97899892200371,25967920
2025-09-08,79.67382049560547,80.18336519813788,78.8400232860863,79.90543043890665,15905560
2025-09-09,79.02531433105469,80.50761653296559,78.88634695346238,79.44220939565717,15150780
2025-09-10,78.97899627685547,79.90543611588016,77.72830390780715,77.77462165885335,19231860
2025-09-11,77.63565826416016,78.7010583823223,77.3577234961854,78.00622853056016,18179020
2025-09-12,76.70922088623047,77.77462103806494,76.2460009704155,77.45036851062945,15036720
2025-09-15,74.76368713378906,76.10702905057404,74.76368713378906,76.10702905057404,17396780
2025-09-16,74.99530792236328,75.31956754555566,74.39312763512163,74.48577021252991,13062160
2025-09-17,75.50484466552734,77.63565906004528,74.8563396245044,75.08794957746615,31903840
2025-09-18,73.46668243408203,74.43944002908056,72.40127520017168,73.65196757555555,25518220
2025-09-19,72.03069305419922,73.37402791089836,71.79908310868733,72.86449027167696,20087740
2025-09-22,70.82632446289062,72.44759421773406,70.59471449791299,72.44759421773406,17420300
2025-09-23,72.2623062133789,72.72552612500313,70.73367909138399,70.82632166007384,20372040
2025-09-24,73.07636260986328,74.1115704113516,71.71176430697686,71.85293063900205,20499600
2025-09-25,74.06450653076172,75.89965433731594,73.45279777526098,74.53505614577296,32496180
2025-09-26,73.17046356201172,75.0997198141102,73.12340572951481,73.87628796936231,20720120
2025-09-29,72.18231201171875,72.74697732457562,71.05299574604042,72.08820351958184,20127720
2025-09-30,71.66471099853516,73.21752623333288,71.57060250733905,72.41758610812175,21445240
2025-10-01,70.62950134277344,73.17046643706985,70.4883350197531,72.84108313670068,22497580
2025-10-02,69.82955932617188,70.81771638022848,69.35900971567202,69.40606754872891,20235900
2025-10-03,70.8177261352539,71.47649280869084,69.35901926976297,69.64135194696065,24836420
2025-10-06,69.21784973144531,69.87661630609524,68.65318446172576,69.02962558153307,20712160
2025-10-07,70.34717559814453,70.86478310665989,68.60614325680278,68.84141809157919,22724580
2025-10-08,67.9473648071289,70.15895384817863,67.85325631559901,70.06483817663107,21926420
2025-10-09,68.22969818115234,69.31196379520176,67.94736552356807,67.99442335983802,22504300
2025-10-10,75.42911529541016,75.61733229579062,67.52387921911935,68.13559524038332,58967620
2025-10-13,70.67654418945312,72.51169182595366,70.30010309632353,71.52353485399055,31876580
2025-10-14,72.04115295410156,74.86445080186489,70.4412798656917,73.02930289280809,38124800
2025-10-15,70.62950134277344,72.88813379102916,68.98257766091012,69.97072756201764,31972740
2025-10-16,71.38237762451172,72.9822506787698,68.46497134676972,69.6413454248929,36159020
2025-10-17,70.06483459472656,72.79402378967599,69.50017649439637,72.2293656893458,40094360
2025-10-20,67.42977142333984,69.02963748334186,67.05333023862808,69.02963748334186,20891760
2025-10-21,67.52388000488281,68.22970453455058,67.10038815908952,67.47682216423094,17699380
2025-10-22,69.59428405761719,71.42943183435999,67.57092648995155,67.75914346089158,34936080
2025-10-23,67.75914001464844,69.8766131401062,67.52386522293091,69.73544682907232,23555280
2025-10-24,65.68872833251953,66.39455274649352,65.2652293761248,66.11222010889703,27381080
2025-10-27,62.20665740966797,63.5241977622212,62.06549108974846,63.38303144230169,22024480
2025-10-28,60.79500961303711,61.92433301174181,60.277409337812685,61.594942532942056,23469180
2025-10-29,60.04212951660156,61.64199890856607,59.66569198261549,60.08918375959875,29582280
2025-10-30,62.8183708190918,62.8183708190918,60.70089764541454,61.07733875673834,35392720
2025-10-31,61.92433166503906,62.72426456754743,60.46562499927533,60.46562499927533,33844980
2025-11-03,61.124393463134766,61.78316724665871,59.99507723426154,60.230352046944915,23038440
2025-11-04,64.88880157470703,65.07702576508726,62.63016873029393,63.71242730990075,36453300
2025-11-05,63.571258544921875,65.54756557543384,62.583101439657085,65.12406659602709,27921060
2025-11-06,67.19448852539062,67.61798031991336,64.04180744389488,64.0888580988321,40973920
2025-11-07,67.90031433105469,71.5706029505745,67.85325649515637,68.41791462584766,45688640
2025-11-10,63.43008804321289,65.59461191319342,63.100704756478585,64.93584533972482,29860960
2025-11-11,63.94768524169922,65.2181748555214,63.61830197071513,64.27707569270011,23134440
2025-11-12,64.13591766357422,65.17112544034144,62.959543558152895,63.006594214359104,25965800
2025-11-13,68.13558959960938,68.79435622642167,65.07701692651933,65.26523391131778,34726220
2025-11-14,67.99441528320312,71.94702893977012,66.4886580416546,71.1941539090043,44800880
2025-11-17,69.82955932617188,71.0529911854784,66.81804469097969,68.93551793822905,39675820
2025-11-18,72.37052917480469,74.1115612409701,70.30010664799912,71.28826366988552,56840520
2025-11-19,71.14710235595703,73.02930086897186,68.7943542146885,72.13525944729682,39235980
2025-11-20,76.15374755859375,76.47372502868087,66.10280754907964,66.95921129017944,58191700
2025-11-21,74.54447174072266,78.20534729841371,71.87175328092478,75.56086066769548,97300400
2025-11-24,68.85082244873047,72.65285698282187,68.28615717216618,72.61521933240036,56920200
2025-11-25,67.60856628417969,71.5423614137225,67.13801666188995,69.44371411912007,56664100
2025-11-26,65.84871673583984,67.15684414008616,65.22758777439003,66.46043269423258,41525600
2025-11-28,64.38059997558594,65.58520580759519,64.34295514583351,65.34993100665534,14389800
2025-12-01,65.02996063232422,66.47925442569517,64.31472314909823,66.12163927409114,35882800
2025-12-02,63.524192810058594,64.9264285372389,62.968947756349074,64.32412565388562,37882000
2025-12-03,63.08188247680664,64.76645101989227,62.87483949005613,64.27708256213272,37473500
2025-12-04,63.298336029052734,64.32413074024667,62.68662009539657,62.70543892073212,33360100
2025-12-05,62.57368850708008,63.12894081047893,61.53848074517064,62.93131082520675,38973900
2025-12-08,62.98777389526367,63.75947500293241,61.613769834293365,62.11255129436958,33707700
2025-12-09,62.76191711425781,63.815943777025666,62.5172292761075,63.40186495094607,28086600
2025-12-10,62.03725814819336,64.01356505153967,61.54788971860955,63.16658150726065,58536100
2025-12-11,62.64897918701172,64.98290857569296,62.59251552745272,63.18540549287547,45512400
2025-12-12,66.34750366210938,67.0156833338419,63.34539446121095,63.79712530492692,55697900
2025-12-15,67.373291015625,67.7591451496913,64.82291294173176,64.82291294173176,43859900
2025-12-16,66.97803497314453,68.5779080795786,66.39455800657798,68.14500326631324,48792800
2025-12-17,70.71419525146484,70.76125308476126,66.37572724617121,66.57335722198506,51019500
2025-12-18,67.68385314941406,68.44614838842777,66.32867517564425,67.45799135045529,59184500
2025-12-19,65.04878234863281,66.82745934589855,64.91702902883664,66.80863334020343,32157600
2025-12-22,64.19237518310547,64.64410595558756,63.41126112861407,63.51478261439086,25375600
2025-12-23,63.27951431274414,64.65351841592187,63.22305065289313,64.5311780929054,18866500
2025-12-24,62.784706115722656,63.487444023748395,62.69806286933379,63.400808121874775,10762000
2025-12-26,62.89059829711914,63.12163470947879,62.390010835072246,62.66918319957626,11011700
2025-12-29,63.82439041137695,64.46937114654058,63.246788269034745,64.05542686160403,19643900
2025-12-30,64.28645324707031,64.36346783326063,63.44894349192499,64.16131005289743,16168500
2025-12-31,65.94223022460938,66.01924481091301,64.18056012161865,64.28645334165734,19400200
2026-01-02,66.39468383789062,67.3669728233008,63.27566643912269,64.16131217607284,37902400
2026-01-05,64.84480285644531,65.24911844757584,63.920649786211655,64.43085860518813,32142800
2026-01-06,63.1601448059082,64.7003998642015,62.967615677814834,64.49824207634883,35013700
2026-01-07,62.977237701416016,63.44894655622674,61.81241957096392,63.30454603627479,35817500
2026-01-08,64.10354614257812,64.90255595788823,63.208279110249414,63.32379364628395,35295900
2026-01-09,62.25524139404297,64.61376359469037,61.87017579551733,63.901389666837545,42801200
2026-01-12,62.101219177246094,63.57408828882021,61.63913899297021,63.564459629174884,31377100
2026-01-13,62.42852020263672,63.16977276100998,61.46585988387743,62.13009785406626,40141900
2026-01-14,64.44049072265625,65.9422386242928,63.285293814499106,63.63185215249464,50152000
2026-01-15,63.7858772277832,64.07467092779575,62.07234296968887,62.284122078558475,41135500
2026-01-16,64.09391784667969,64.76777704853743,62.56328431029645,62.72694212604573,34516400
2026-01-20,68.12747192382812,68.44515161220484,65.98074338737766,67.36697668610087,48533000
2026-01-21,65.4320297241211,68.22374640255934,64.00728907525405,67.68465157472299,65272600
2026-01-22,63.98802947998047,64.94106109316888,63.46819205155542,63.49707068460431,42429200
2026-01-23,63.448951721191406,64.71966318008087,62.630684489692435,64.38272615792664,40892600
2026-01-26,62.64031219482422,63.679987193833455,62.00496014732925,63.36230749782796,33951800
2026-01-27,60.96527862548828,62.11083938941684,60.695731244071,61.64876655786177,31578500
2026-01-28,60.4454460144043,60.8016293260229,59.41539970375147,59.74270437915335,45293900
2026-01-29,61.49474334716797,64.69077169952138,60.28178926625374,60.56096164528645,77620900
2026-01-30,63.7858772277832,64.54637979015952,61.91831378740299,62.678816349779304,81551000
2026-02-02,62.48628616333008,64.7870437872113,61.76429090869332,64.7774151273518,46862600
2026-02-03,65.42239379882812,67.05892073285175,61.74503170770219,61.88943222313299,56719700
2026-02-04,68.8205795288086,70.52449229198078,65.8844701596736,65.90372013317456,81393000
2026-02-05,71.79521942138672,72.60385068863492,69.18641043607431,70.77479433167134,79551300
2026-02-06,67.3765869140625,71.30424238441495,66.76048495924424,70.79403364162931,62455700
2026-02-09,65.85559844970703,68.91685132967511,65.15285315855623,68.09859149634629,45536800
2026-02-10,66.78936767578125,66.92413952760852,65.01807628347129,65.55716369078038,40834900
2026-02-11,66.30804443359375,68.05046471837689,64.82554656474409,65.19136221020368,55861800
2026-02-12,70.37046813964844,70.68814780890973,65.412766007489,65.77858163070456,61833000
2026-02-13,70.01428985595703,71.94923185396364,68.40664150411699,70.52449866173535,78110800
2026-02-17,70.23570251464844,73.02741916787693,69.32117806448623,71.27537751839135,71549400
2026-02-18,68.73395538330078,70.4571184145975,67.30921473163933,69.985409521251,55758200
2026-02-19,69.51370239257812,70.44748409914642,68.72432120616743,69.74473881812098,50295400
2026-02-20,67.74241638183594,71.0539632315051,67.22257887382898,70.76516951228976,75740300
2026-02-23,70.23570251464844,71.02508375574598,68.03120929809793,68.48366086516288,54439400
2026-02-24,68.02157592773438,70.86142069141422,67.62688170487266,69.93726774447589,45294000
2026-02-25,65.11434173583984,66.98190505751282,65.02770583469758,66.95302642379873,40385600
2026-02-26,67.45360565185547,69.13826114500323,65.45127050303051,65.46089916231273,57715800
2026-02-27,68.20448303222656,69.88913861270612,67.86755338503374,69.62922355473323,57208800
2026-03-02,67.95419311523438,71.35239044685076,67.3284697400128,71.04433941714376,68259800
2026-03-03,70.14906311035156,73.40285248466242,69.35968190855942,71.90110467259828,94170600
2026-03-04,67.02041625976562,69.53296036265411,66.24065638142794,69.30191659043484,63022100
2026-03-05,67.63652038574219,69.79287758144943,66.34655165681268,68.06971461913105,79927100
2026-03-06,70.71702575683594,71.18872725404313,68.66656193286093,70.53411794700413,59856700
2026-03-09,67.96381378173828,73.74940407696104,67.3862190870381,72.73860785284947,77827900
2026-03-10,67.95419311523438,68.7435816824067,66.11551559731576,67.94457179942683,64533300
2026-03-11,68.011962890625,68.89760875013474,66.42357166452652,67.57876127740735,54975600
2026-03-12,71.55455017089844,71.60267878477819,69.22491373705492,69.69661528236662,54968800
2026-03-13,72.9118881225586,73.30658236582128,69.35004799643033,70.72665250140717,61870300
2026-03-16,70.47636413574219,70.92881568045942,69.17677411751156,70.62076465877131,48893200
2026-03-17,69.45594024658203,69.96614901674265,68.55103723866546,69.51369751278436,40038500
2026-03-18,72.40168762207031,72.49795219292702,69.55221372651953,70.10092985937025,52923300
2026-03-19,73.07555389404297,75.27041841303951,72.08400752072737,74.39439393080853,66223900
2026-03-20,77.25348663330078,78.54344786916253,73.89380434895227,73.90342566359722,57151900
2026-03-23,74.58692932128906,75.40518917371071,71.77595543561178,73.63389025898877,69991600
2026-03-24,76.1849365234375,76.91656041720731,74.65431015233672,75.84800688305512,57159200
2026-03-25,74.68844604492188,75.50365643648172,73.28124723875742,74.17409072134735,54149200
2026-03-26,80.06493377685547,80.18139452786312,75.94037658229018,76.68764603969035,53752500
2026-03-27,84.83971405029297,85.26672940252615,81.30715269328853,81.39450010815702,60210400
2026-03-30,86.78067779541016,88.04230996134353,82.3843864452691,82.75316770099784,63811000
2026-03-31,78.1142578125,84.10214992863438,77.38639478710233,84.06332967877518,90124800
2026-04-01,75.16398620605469,76.73617302201073,73.78590064131858,76.29945816412577,55417000
2026-04-02,75.00871276855469,80.06493375733116,74.6593379198226,79.28854355921418,71844000
2026-04-06,73.67915344238281,75.16399297801631,72.88335675119724,74.581703980306,40289600
2026-04-07,73.66944885253906,77.52226436710083,73.55298809934452,74.80491343041399,68143900
2026-04-08,67.1574935913086,68.64234041381938,65.75029467435162,66.19671645079457,61640500
2026-04-09,65.85704803466797,68.22503147915803,65.72118086039778,67.27395385506108,49074900
2026-04-10,65.62413024902344,66.11907175425104,64.7798065098974,65.39120875975782,43204600
2026-04-13,63.634639739990234,66.60431860460267,63.56670615172151,66.18701016117885,48930300
2026-04-14,60.18941879272461,62.770906113310865,60.18941879272461,62.76119920002557,48186000
2026-04-15,57.685569763183594,60.315584314163935,57.59822605186538,60.05355318020931,56491900
2026-04-16,56.88007354736328,58.287276229172534,56.394831498608575,57.2100382886006,54954400
2026-04-17,54.72559356689453,55.96781193398287,54.38592563905092,55.56021042057054,69145600
2026-04-20,55.23024368286133,56.32689162735672,54.74500168821236,54.9196891024542,47649200
2026-04-21,55.89017868041992,56.433651101527545,54.38592908701311,54.85176100420408,68578200
2026-04-22,53.114593505859375,54.822647567931554,53.04665991610567,54.39563220136202,53235600
2026-04-23,54.01713943481445,55.453455314361804,52.67787047468276,53.50278409812661,69263700
2026-04-24,50.95041275024414,52.82344726751658,50.82424878684521,52.33820524132378,59409200
2026-04-27,50.901885986328125,51.736502809579335,50.87276894921527,51.11538994657422,36527300
2026-04-28,52.45466232299805,53.3378026631232,51.9985373355287,52.49348257362182,47683100
2026-04-29,51.5132942199707,52.72639926054534,51.49388409506918,52.25086045571486,51299500
2026-04-30,50.12550354003906,52.49348333069814,49.882882523295606,50.668972248198536,56560700
2026-05-01,48.737709045410156,49.93140395497517,48.320400617419615,49.84406024441662,56598700
2026-05-04,49.01914596557617,49.91199318441224,48.18453282249607,48.64065779208692,51093600
2026-05-05,47.155818939208984,48.02925604285339,46.87437768335659,47.94191233248895,43491800
2026-05-06,44.24436569213867,46.13681023187718,44.17643210833137,45.8650721945453,65025500
2026-05-07,44.38023376464844,44.991639733483154,43.186538864991995,44.06967917459649,76149600
2026-05-08,41.313507080078125,43.565029854449975,41.313507080078125,43.49709626486916,60666300
2026-05-11,40.973838806152344,41.73081519951715,40.750627913291005,41.47849096909653,49617200
2026-05-12,42.03166580200195,43.85617316193652,41.527013648582965,41.86668158737321,80149500
2026-05-13,40.75062942504883,42.47808995690596,40.37213751222227,41.565836225877504,61590100
2026-05-14,39.85778045654297,40.818561314715495,39.47929226160022,40.74092081211035,52849900
2026-05-15,41.71140670776367,42.283992482178405,40.6923991301383,41.50760593265922,69281500
2026-05-18,42.25487518310547,43.49709354590822,41.18734053823195,41.2552741235663,79060500
2026-05-19,43.06037521362305,44.18613653613271,42.17723489770687,43.36122659455596,72124400
2026-05-20,40.94472122192383,42.67218536882362,40.94472122192383,42.38103718869133,65312500
2026-05-21,40.72151184082031,42.05107771985155,40.2750900444945,41.6725858120765,60271600
2026-05-22,40.275089263916016,40.54682362126467,39.47929261559241,40.17804233689234,53464000
2026-05-26,38.12061309814453,39.159030757236344,37.98474592063389,38.867886276555986,48878500
2026-05-27,38.27588653564453,38.906702598495215,37.71300775679078,37.72271096758888,64039900
2026-05-28,37.33452224731445,38.76113127035979,37.16953803522725,38.24677591322869,61136500
2026-05-29,36.95603561401367,37.42186752905128,36.45138344719718,37.02396920357522,54182400
2026-06-01,36.31550979614258,37.324814052794686,35.86908804104354,37.14042342406317,56499300
2026-06-02,35.8205680847168,36.829872440089936,35.772044619999505,36.364040515018424,41717800
2026-06-03,36.09230041503906,36.577542439075046,35.47119121660947,35.64587864143065,73361700
2026-06-04,36.645477294921875,37.810058933346085,36.228172545738644,37.39275048205988,60863200
2026-06-05,41.91520309448242,42.07048038812923,38.023563840026505,38.25647792944537,112575100
2026-06-08,40.042171478271484,40.546823643700336,38.78054291575083,39.71220674326427,87211700
2026-06-09,41.410552978515625,45.011051647351636,38.42146400492112,38.87759269686137,158568600
2026-06-10,43.91440200805664,44.05026917883905,40.82826252104599,42.51690634873404,128808600
2026-06-11,39.6248664855957,43.681486505619624,39.24637458728285,42.8759866499606,120942600
2026-06-12,38.85818099975586,40.517707783335105,38.4020523262646,39.450176843537434,67885500
2026-06-15,35.238277435302734,36.25728495452614,35.083000134298246,36.15053111594126,59705000
2026-06-16,37.21806335449219,37.25688360658005,35.18975145918912,35.46148952170112,53011100
2026-06-17,38.35353088378906,38.61556202689452,36.35433236718976,36.422265955909374,74068600
2026-06-18,35.665287017822266,36.82986855882475,35.354732433835295,36.10200555846103,60260800
2026-06-22,35.83997344970703,36.33491864743516,34.74332552269051,35.2382744225212,49284500
2026-06-23,39.36283493041992,39.595749032376396,37.92651896134532,39.071686749819975,72155500
2026-06-24,39.88343811035156,40.90887226033425,38.3551489267569,39.10450233711856,71325400
2026-06-25,38.91716384887695,40.79054920361979,37.181813218228186,37.339572024535656,74579700
2026-06-26,40.73139190673828,41.20466832455325,39.13407976518779,40.504613858281104,70343200
2026-06-29,37.625511169433594,40.849710310932906,37.54663364663421,39.350999765078186,72454800
2026-06-30,35.80142593383789,37.66495307799466,35.5253451915899,37.62551243463541,56647900
2026-07-01,37.34943389892578,37.448031741952846,36.383160744447366,36.787417918884934,47904300
2026-07-02,39.39044189453125,40.14965735663555,36.56064154397287,37.37901421009388,71536700
2026-07-06,37.743831634521484,38.434027867095885,37.18181561573286,38.20724980348528,49329800
2026-07-07,39.81441879272461,40.53419360016126,38.7396857216169,39.08478194392669,59058000
2026-07-08,39.51862335205078,41.2736906702274,39.370722814809575,40.603214754263256,65536300
2026-07-09,37.56635284423828,38.91716671922134,37.39873574572812,38.38472929818862,49639000
2026-07-10,37.250831604003906,38.59178330740392,37.11279312181859,37.95088981707687,46502400
2026-07-13,39.39044189453125,39.64679855489282,38.30584676526791,38.46360557809044,49556900
2026-07-14,38.088932037353516,38.97632397903445,37.65509246646039,38.00019246705873,51166800
2026-07-15,38.39458465576172,39.60735618160736,37.35929225674877,37.44803182016512,54608500
2026-07-16,40.3172721862793,40.859567839832906,39.09464239586024,39.34114076213612,53850200
2026-07-17,42.1906623840332,43.649932299410985,41.00746944253951,42.82169761649206,57071700
2026-07-20,42.08220291137695,42.161080435575386,40.29755332102851,40.95817092236561,48043000
2026-07-21,39.745399475097656,40.86943146714235,39.54820002216933,40.189093542602976,42590100
2026-07-22,40.366573333740234,40.65251235709548,39.636940235629275,40.65251235709548,39488300
2026-07-23,42.6639404296875,43.393573534470484,41.52018808707441,42.210384309280045,53258300
2026-07-24,44.16265106201172,44.47816869035749,42.604779480946,43.0090366773432,56609400
2026-07-27,44.58662796020508,45.779679210873134,42.614640929838,42.71323877684964,49533800
2026-07-28,45.85855484008789,47.38684773444455,45.128921775330035,45.750098717366185,58376200
2026-07-29,48.74751663208008,48.83625619634046,44.990883854679524,45.90785809828123,67201900
2026-07-30,43.99502944946289,46.19379452972982,43.5809139798575,45.85855658522066,65273700
2026-07-31,43.117496490478516,44.6457857052921,41.62864791945457,42.32870242101991,60246600
2026-08-03,40.84971237182617,43.54147426548079,40.583493666572394,43.05833577936834,139019300
2026-08-04,36.73811721801758,39.548201031084126,36.3930209875393,39.44959942147118,78911900
2026-08-05,37.753692626953125,37.78327122882511,36.0183419326396,36.38316224163891,55642300
2026-08-06,38.1579475402832,39.124220676845155,37.4283107271052,38.77912447138251,54593800
2026-08-07,36.87615966796875,37.92131040656733,36.777558057830404,37.32971579080462,52557900
2026-08-10,37.201534271240234,37.300135877914364,36.6296599975971,36.984614497823856,38040800
2026-08-11,37.60579299926758,38.00019191962194,36.84657752240889,36.84657752240889,36101100
2026-08-12,36.79727554321289,36.915593704991096,36.245117852803666,36.27470021419813,41761500
2026-08-13,35.53520584106445,36.75783564717376,35.23940854999069,36.59021856136306,47286300
2026-08-14,35.73240661621094,36.126801765204235,35.23940985901925,35.37744834923024,36430900
2026-08-17,35.909881591796875,35.99862115756189,35.21968914836535,35.4760458043161,38198600
2026-08-18,37.743831634521484,37.99033002035042,37.06349744368969,37.3395744322127,42517300
2026-08-19,37.99032974243164,38.532629196301606,37.13251641917701,37.30013727617323,43857600
2026-08-20,38.81856155395508,39.212960443344706,38.19738838087627,38.63122415019161,47588500
2026-08-21,38.47346878051758,39.163665017917445,38.09879017828332,38.16780942589662,37668600
2026-08-24,39.627079010009766,40.21867739064247,39.08478331537992,39.094645357087245,37596100
2026-08-25,38.90730285644531,39.45946057403716,38.34528685874769,38.8284253317989,32723400
2026-08-26,38.828426361083984,39.37072205167879,38.54248733396909,39.30170280530855,31412400
2026-08-27,37.250831604003906,38.315706343033284,37.20153268340437,37.92130745570391,40207300
2026-08-28,38.00019073486328,38.217106749155064,36.807139491824884,37.48747365889469,46992100
2026-08-31,37.97060775756836,38.542485788872625,37.83256927036159,38.22696817203809,33825600
2026-09-01,39.410160064697266,39.903156798010905,38.68052324443579,39.46931726548429,47290000
2026-09-02,39.15380096435547,39.863717487635526,39.074923440250295,39.52847954733846,33711900
2026-09-03,37.8029899597168,39.12422136589038,37.58607019173906,38.93688395980654,44249300
2026-09-04,37.645233154296875,38.039632069525396,37.191677034670846,37.586072188632556,35593400
2026-09-08,37.77341079711914,38.19738828571342,37.221253105602585,37.359291588165085,40040900
2026-09-09,38.09878921508789,38.463605766287465,37.56635180873166,38.088930934792465,38790000
2026-09-10,39.34114074707031,39.62707599327823,38.798841332457805,39.518619871622306,48251200
2026-09-11,38.325565338134766,38.55234338613952,37.8818675219226,38.226967495095,49413100
2026-09-14,39.27212142944336,40.3074138131488,38.66080277438436,40.20881221010707,45558100
2026-09-15,40.051055908203125,40.208814721657355,39.232683238805166,39.35100140857914,33119200
2026-09-16,40.041194915771484,40.8595675297379,38.81856137336477,39.49889926633352,52947600
2026-09-17,37.99032974243164,38.59178640125698,37.79313404422458,38.1480885577574,45876700
2026-09-18,37.33957290649414,38.32556640952157,37.27055366218356,37.72410977087216,32745000
2026-09-21,34.11537551879883,36.225404887218936,33.8294402462415,36.215542845353596,60885300
2026-09-22,33.297000885009766,34.17453449659043,33.16882067709123,34.17453449659043,42043100
2026-09-23,34.13999938964844,34.540000915527344,33.349998474121094,33.369998931884766,50465700
2026-09-24,34.18000030517578,35.060001373291016,33.95000076293945,34.97999954223633,60040200
2026-09-25,33.75,34.40999984741211,33.540000915527344,33.970001220703125,48494500
2026-09-28,34.83000183105469,35.529998779296875,34.16999816894531,34.310001373291016,52829100
2026-09-29,34.65999984741211,35.02000045776367,34.279998779296875,34.34000015258789,38995500
2026-09-30,34.40999984741211,34.439998626708984,33.65999984741211,34.36000061035156,45386500
2026-10-01,34.11000061035156,34.91999816894531,33.7400016784668,34.040000915527344,54570800
2026-10-02,33.119998931884766,33.40999984741211,32.439998626708984,32.869998931884766,54817900
2026-10-05,32.25,33.20000076293945,32.15999984741211,33.16999816894531,41855900
2026-10-06,31.829999923706055,31.899999618530273,31.420000076293945,31.719999313354492,38928300
2026-10-07,32.06999969482422,32.84000015258789,32.02000045776367,32.58000183105469,42837300
2026-10-08,33.369998931884766,33.939998626708984,32.15999984741211,32.58000183105469,60636900
