Date,Close,High,Low,Open,Volume
,TZA,TZA,TZA,TZA,TZA
2009-01-02,3752412.5,3960426.6711956523,3624341.0298913047,3828276.491847826,31
2009-01-05,3671653.75,3900877.1900688736,3599052.7316151964,3670838.0082203955,35
2009-01-06,3496269.25,3657786.1215585624,3359224.631707886,3587632.328861409,32
2009-01-07,3795646.75,3942480.279980658,3654523.4128519236,3700204.9555125725,40
2009-01-08,3731202.25,3923717.27645387,3707545.7425120245,3878851.4863904677,36
2009-01-09,4180678.25,4186388.4446829264,3696943.1861463413,3710810.801804878,37
2009-01-12,4527367.5,4568154.594594594,4145600.2945945943,4187203.131081081,34
2009-01-13,4346272.5,4611388.5965653155,4267145.541948198,4541234.798704955,51
2009-01-14,4912397.0,4951552.605446695,4527366.879774161,4618729.9591497835,55
2009-01-15,4670938.0,5385527.886133427,4501263.689137269,4891188.307369892,71
2009-01-16,4517578.5,4976025.4333694475,4362587.543878657,4372376.446370531,61
2009-01-20,5432838.5,5440180.173648649,4600782.153153153,4694592.427552553,61
2009-01-21,4626072.0,5541334.349497443,4542050.5900193965,5177513.486862987,60
2009-01-22,5009470.0,5246035.103403354,4658701.053574336,4897713.382185312,68
2009-01-23,4916475.0,5455680.238924838,4719881.259333001,5388789.422598307,73
2009-01-26,4771273.0,4999680.666267739,4436818.917250812,4940131.5247050775,44
2009-01-27,4601599.0,4813691.8452402055,4470264.584293565,4711724.1311824145,38
2009-01-28,4061576.75,4372374.247840932,3977555.379192609,4342191.8136674035,45
2009-01-29,4528998.0,4556733.218299712,4192096.671829971,4221463.373559078,35
2009-01-30,4799009.0,4905055.433792283,4336483.400305966,4416426.09654938,52
2009-02-02,4672569.5,5064941.345233939,4577127.6998079615,5059231.152060056,51
2009-02-03,4563259.5,4790035.713979264,4446608.425902753,4537971.504915982,32
2009-02-04,4671753.5,4763116.585734241,4289170.578487865,4559996.868342937,46
2009-02-05,4506973.5,4869162.86361991,4298143.596651584,4794114.617104073,61
2009-02-06,4023237.25,4535522.933901055,3975108.499442417,4486578.441808597,46
2009-02-09,4081970.25,4214120.366007194,3986528.49955036,4068102.6452338127,29
2009-02-10,4595888.5,4673383.957490237,3993055.4148917287,4169255.612974796,73
2009-02-11,4564891.0,4795745.923695497,4453134.376161545,4557549.3239814155,43
2009-02-12,4451503.5,4976025.536008797,4451503.5,4798193.803738318,64
2009-02-13,4616283.0,4622808.934617423,4303038.138363669,4480869.856688461,48
2009-02-17,5135909.0,5175880.337515883,4932789.346092757,5121225.6515247775,67
2009-02-18,5365948.5,5434470.797658863,4993970.31270903,5006206.437290969,74
2009-02-19,5583753.0,5617198.416070124,5112254.207596786,5181592.265303141,65
2009-02-20,5815423.5,6203716.610674709,5616382.4936877545,5919838.454131015,115
2009-02-23,6495752.5,6525934.949139772,5688168.050043954,5714271.789840513,82
2009-02-24,5712639.0,6463937.089247465,5581304.589176067,6254291.476938454,84
2009-02-25,6119694.5,6366864.245867768,5704481.95661157,5826843.216942149,79
2009-02-26,6441098.0,6523487.93135765,5832554.546605877,5896182.414387031,58
2009-02-27,6566720.5,6811443.003105589,6193110.811925465,6773103.144285714,88
2009-03-02,7645947.5,7747915.21978022,6927279.010989011,7018642.087912088,87
2009-03-03,8132946.5,8257755.006970913,7340861.138766299,7362070.427532598,70
2009-03-04,7548874.5,8128866.910795332,7164660.118165118,7750362.721471797,72
2009-03-05,8754539.0,8843454.835911294,7777280.546589639,8044028.054323519,63
2009-03-06,8642784.0,9310876.505521473,8131313.913355356,8480451.388768287,60
2009-03-09,9258670.0,9339428.443171807,8319751.130396476,8991922.414977973,53
2009-03-10,7397961.0,8670517.969897453,7304966.452199802,8566103.039034072,34
2009-03-11,7377566.5,7567634.279135338,6716815.85150376,7145895.902255639,28
2009-03-12,6008752.5,7734861.689519414,5874155.138813468,7481981.798805322,31
2009-03-13,5777899.0,6077276.231822674,5661247.926020049,5820317.572356347,32
2009-03-16,6107458.5,6156403.005142246,5429577.103779885,5592725.4542540405,40
2009-03-17,5273770.5,6216767.978422274,5272954.758236659,6068302.9774942,36
2009-03-18,4695410.5,5471181.0673210565,4579575.1471508,5343109.585649757,43
2009-03-19,4861821.0,4950736.85385906,4502894.6174496645,4521656.678355705,43
2009-03-20,5360239.5,5373291.3691219,4690515.465682545,4743538.683990261,53
2009-03-23,4002029.0,4987445.027721157,3991424.35731757,4825928.1622503055,58
2009-03-24,4425399.0,4473527.763317972,4033027.2176958527,4160282.930875576,38
2009-03-25,4098286.0,4703566.296974522,3909033.939490446,4334851.075636943,76
2009-03-26,3617815.0,4059947.069898534,3603131.6471251408,3919639.4757609917,60
2009-03-27,3953900.75,3980820.2310707658,3706730.969259336,3804619.9913348467,47
2009-03-30,4291617.5,4558365.061775328,4265513.763067858,4307116.59380346,55
2009-03-31,4195360.0,4321799.976667315,3795646.525374295,4140705.300408322,51
2009-04-01,3968582.75,4455580.468756423,3917191.0309352516,4385426.69352518,57
2009-04-02,3388591.0,3678995.0433317283,3210759.310544054,3603946.80741454,74
2009-04-03,3231969.0,3503611.0184250376,3227890.291014639,3397564.584805654,56
2009-04-06,3397564.25,3555002.4013205282,3332304.9126650663,3367381.806482593,52
2009-04-07,3733650.0,3764648.1865850994,3471796.897531134,3559081.265020756,53
2009-04-08,3487296.0,3754859.2954385965,3487296.0,3664311.9607017543,59
2009-04-09,2927697.25,3274387.5066870996,2899962.0294650323,3230337.450543327,65
2009-04-13,2904041.0,3083504.207865169,2833887.2005617977,2983167.959831461,63
2009-04-14,3155289.25,3159367.958958118,2929328.773720269,3027217.7887150985,72
2009-04-15,3018244.0,3234415.5297297295,2970930.985945946,3214021.989189189,71
2009-04-16,2759655.0,3048427.648536802,2679712.289388117,2890989.4531480935,63
2009-04-17,2668292.0,2814309.8135126876,2582639.092632223,2733551.3579944973,53
2009-04-20,3075346.75,3085135.652122016,2797994.523209549,2837965.8735411144,69
2009-04-21,2737629.5,3140605.952026222,2716420.2130512516,3116133.6978545887,71
2009-04-22,2744971.25,2894252.004457652,2523905.2147102524,2868964.0078008915,82
2009-04-23,2773522.25,2909751.136985294,2690316.5825,2711525.8702941174,61
2009-04-24,2614452.0,2775968.847425897,2494537.9769110763,2695210.4237129483,67
2009-04-27,2690316.75,2766996.487568223,2581823.078759854,2735998.295785324,85
2009-04-28,2683789.75,2809413.9510638295,2532877.5604103343,2783310.220972644,86
2009-04-29,2357493.5,2594874.333391004,2275919.330449827,2564691.8906574394,99
2009-04-30,2424384.5,2424384.5,2188635.132402423,2256341.698183042,95
2009-05-01,2381965.75,2447225.085616438,2316706.414383562,2410516.709332192,83
2009-05-04,2120928.75,2343626.26875,2108692.622596154,2315075.3048076923,85
2009-05-05,2151926.75,2236763.8925322215,2113586.887509477,2143769.332448825,68
2009-05-06,2130717.5,2257157.4741577334,2034459.9712863707,2071984.0926493108,85
2009-05-07,2270209.0,2328942.3984908373,2016513.3481854114,2032012.439453827,106
2009-05-08,2043433.0,2234316.5616766466,2022223.7153692613,2163347.0323353293,101
2009-05-11,2123375.0,2182108.3845562814,2084219.4102958126,2151925.95082597,71
2009-05-12,2216370.0,2319153.4449760765,2054853.1578947366,2085851.3397129185,108
2009-05-13,2515747.5,2525536.4007782103,2313443.550583658,2325679.67655642,117
2009-05-14,2410517.25,2551640.594923858,2284893.0007614214,2501064.5984771573,122
2009-05-15,2449673.0,2505143.450882451,2337100.6143856146,2417043.323010323,102
2009-05-18,2186188.25,2377887.592817164,2157637.2840485075,2352599.594402985,101
2009-05-19,2175583.0,2253078.4574428196,2104613.475815523,2182924.6749156355,90
2009-05-20,2239211.5,2248184.660837887,2006725.0601092896,2115218.7320582876,112
2009-05-21,2317522.5,2439068.03062302,2266130.7655755016,2330574.36906019,115
2009-05-22,2392570.75,2392570.75,2270209.4774122057,2287340.055574497,91
2009-05-26,2058931.75,2467618.2819928685,2045064.1431259906,2457829.3830229794,153
2009-05-27,2164978.75,2178846.360681989,2017329.4833270535,2088299.0203466467,124
2009-05-28,2156821.25,2306101.9946104386,2084220.2321293494,2109508.227118003,132
2009-05-29,2028749.625,2172320.1654101326,2021407.949638118,2127454.371531966,104
2009-06-01,1794631.875,1916993.1392045454,1763633.6880681817,1888442.1775568181,139
2009-06-02,1717952.25,1837050.554131054,1699190.1883903134,1810131.0744301993,140
2009-06-03,1757107.625,1823998.44452182,1748134.4662836583,1766896.5254178273,134
2009-06-04,1673086.125,1788105.697708435,1669007.416747928,1722846.3656752803,108
2009-06-05,1681243.625,1725293.6763100438,1619247.2564895682,1629851.8984716157,124
2009-06-08,1737529.875,1786474.3785211267,1670639.0535211267,1714689.106690141,132
2009-06-09,1713057.75,1736714.2617857144,1669823.435357143,1708163.2992857143,99
2009-06-10,1730188.375,1827261.6501650165,1656771.6122701557,1656771.6122701557,160
2009-06-11,1726109.625,1731819.8175212666,1649429.896857278,1723662.3996337429,148
2009-06-12,1709794.75,1798710.6029341603,1709794.75,1759554.9979723282,120
2009-06-15,1846839.375,1903125.5573652827,1780764.2913537987,1784843.000220848,145
2009-06-16,1941464.875,1958595.4474264707,1797078.6216911764,1807683.2617647059,162
2009-06-17,1911283.0,1998567.3708920188,1843576.4319248828,1943096.929577465,179
2009-06-18,1884363.375,1962674.580194805,1849286.4810064933,1906388.401461039,116
2009-06-19,1839497.875,1872127.5490576497,1785658.912804878,1806052.459090909,118
2009-06-22,2042617.375,2046696.0838158948,1882731.989416933,1884363.4729432908,128
2009-06-23,2085852.0,2102166.83770043,1987962.9737974186,2008356.5209229565,136
2009-06-24,2027933.625,2060563.289119067,1944727.9814963797,2029565.1082059534,123
2009-06-25,1854997.125,2085852.0882255936,1849286.9315633245,2078510.410949868,185
2009-06-26,1835419.0,1900678.3422222221,1793000.4275555555,1878653.3142222222,109
2009-06-29,1837050.375,1913730.097579929,1793000.3216030195,1819104.0569493785,117
2009-06-30,1855812.375,1874574.4341758243,1786474.3302197803,1823182.7068681319,134
2009-07-01,1757107.625,1815841.0275069638,1717136.2816272052,1814209.5441039926,158
2009-07-02,1927597.5,1956148.4574693185,1837865.9193821412,1839497.4026661024,165
2009-07-06,1985515.25,2078509.8015612161,1953701.3244659,1980620.7999178309,180
2009-07-07,2109507.75,2111954.9747679816,1981436.320475638,1995303.9274941995,187
2009-07-08,2147848.5,2257157.9185339916,2060564.1135586784,2084220.6295100646,250
2009-07-09,2175583.0,2194345.058117735,2104613.475815523,2118481.0839895015,122
2009-07-10,2143769.0,2253894.1198630137,2125822.684170472,2220448.7130898023,163
2009-07-13,1994488.5,2239211.0153374234,1987962.566257669,2125007.174846626,173
2009-07-14,1956964.625,2027934.163297207,1938202.563151313,1993673.0068778656,121
2009-07-15,1735898.625,1872127.5114544174,1715505.0791235901,1850918.2237429512,170
2009-07-16,1660034.75,1760371.0027027028,1637193.977027027,1750582.0999999999,135
2009-07-17,1683691.0,1699190.093507752,1649429.8459302327,1652692.8129844961,121
2009-07-20,1613536.875,1669007.303463094,1603747.975859454,1648613.7635869565,132
2009-07-21,1623326.25,1687769.8548994975,1571934.514447236,1576013.2236180904,185
2009-07-22,1593143.625,1655955.7392473118,1558882.4717741937,1650245.5470430108,173
2009-07-23,1431626.75,1595590.8393162393,1412864.69002849,1589880.6471509973,231
2009-07-24,1410417.625,1481387.1642567958,1409601.8831694622,1464256.5858155002,152
2009-07-27,1394102.875,1443047.3878730251,1381051.0049005265,1412864.9382679928,121
2009-07-28,1390024.25,1447126.1851525821,1376972.3791079812,1418575.2175762912,186
2009-07-29,1407970.125,1433258.1168163384,1390023.8082271148,1415311.8000434532,167
2009-07-30,1335369.25,1366367.4366218692,1288056.228313989,1352499.8268173488,196
2009-07-31,1348421.25,1356578.6683303085,1301108.2236842106,1351684.2173321233,135
2009-08-03,1280714.625,1345158.2271496817,1278267.399601911,1301108.1699840764,151
2009-08-04,1245637.5,1305186.6404715127,1227691.1836935165,1303555.1571709234,161
2009-08-05,1272557.125,1312528.4705929488,1237480.2298878205,1239111.7133814103,159
2009-08-06,1329658.875,1340263.5163343558,1248084.7108895706,1261136.5771472394,153
2009-08-07,1228507.25,1292950.8574037184,1182009.9636454184,1270925.8270252324,236
2009-08-10,1227691.5,1257058.206976744,1204034.9860465117,1244006.3372093022,156
2009-08-11,1287240.25,1303555.0820659061,1236664.2705956907,1240742.9786121673,148
2009-08-12,1227691.5,1286424.9139534882,1179562.730232558,1285609.172093023,217
2009-08-13,1195061.75,1251347.9348122866,1185272.8482935154,1197508.975426621,187
2009-08-14,1271741.25,1306002.3997754971,1199955.9838037202,1202403.2087876843,168
2009-08-17,1377787.875,1385945.2928507994,1342710.978241563,1347605.4289520427,179
2009-08-18,1326396.125,1371261.9225861009,1299476.6464483393,1349236.8946801967,178
2009-08-19,1275820.0,1376156.2276214834,1271741.2915601023,1367998.810741688,182
2009-08-20,1233401.5,1299476.5803571427,1224428.3409391535,1283977.4874338624,127
2009-08-21,1147748.875,1198324.873756219,1135512.7462686568,1196693.389925373,191
2009-08-24,1146117.25,1164063.5699288256,1111040.3519572953,1132249.6391459075,164
2009-08-25,1134696.75,1142854.167325665,1097988.3720345076,1130618.0413371674,187
2009-08-26,1126539.25,1152642.98352643,1110224.4165459813,1139591.116763215,169
2009-08-27,1128986.375,1197508.6694364164,1119197.4757947978,1130617.8582008672,218
2009-08-28,1151011.75,1173036.7799433025,1085752.402019844,1094725.5623671154,163
2009-08-31,1202403.375,1217086.7269335142,1177115.380003392,1186904.2812924015,152
2009-09-01,1285609.125,1295398.026967005,1144485.7883090102,1222797.0040450508,279
2009-09-02,1301108.375,1312528.7619905956,1272557.407523511,1300292.6330721003,166
2009-09-03,1256242.25,1329659.0048701297,1253795.0248376622,1280714.5016233765,154
2009-09-04,1204034.625,1283161.561737805,1200771.6585365853,1261136.538109756,190
2009-09-08,1164063.25,1205666.0711282413,1161616.0252277507,1164878.99159075,127
2009-09-09,1103698.5,1173852.2849223947,1082489.216186253,1163247.643015521,224
2009-09-10,1057201.5,1128986.787037037,1053122.7905092593,1102883.0462962964,179
2009-09-11,1061280.25,1076779.3466564182,1029466.3147578785,1051491.346848578,169
2009-09-14,1027835.0,1089831.396825397,1023756.2896825396,1084121.2023809524,194
2009-09-15,1000099.3125,1040070.6553323817,991941.8955954323,1027018.7882850734,201
2009-09-16,938918.9375,996836.6130538662,938918.9375,987863.452052563,219
2009-09-17,944629.0,959312.3523316062,911999.3281519862,939734.549222798,208
2009-09-18,934024.375,962575.3384279476,924235.473253275,926682.6986899563,204
2009-09-21,939734.5,977258.6206597222,929945.5989583334,959312.3020833334,193
2009-09-22,920156.5625,939734.3617021276,909551.9212655142,919340.820866578,167
2009-09-23,947891.9375,951970.6463532702,894052.980636833,914446.5249031842,198
2009-09-24,1002546.75,1022940.2965825875,931577.2078925956,941366.1102522376,298
2009-09-25,1019677.1875,1036807.76425,996020.6767500001,1017229.9622500001,252
2009-09-28,943813.0625,1009072.3926642177,931576.9380942091,999283.493139585,225
2009-09-29,958496.625,963391.0758510638,923419.7272340426,945444.7560638298,195
2009-09-30,990310.625,1027834.7508237233,948707.7898476112,954417.9829077431,330
2009-10-01,1086568.125,1089015.3505067567,997652.2649211711,1000915.2322635135,332
2009-10-02,1107777.125,1133880.856958763,1078410.4265463918,1119197.5077319588,325
2009-10-05,1043333.8125,1102882.9667709146,1034360.6522673963,1089831.0973416732,236
2009-10-06,986231.75,1030281.803349876,973179.8823407774,1022124.3860628619,314
2009-10-07,985416.0,1002546.5761589404,975627.0993377484,996836.3841059603,173
2009-10-08,956049.5,976443.0473549487,931577.2431740614,958496.7256825938,234
2009-10-09,923419.6875,961759.5508502651,921788.2039531802,954417.874889576,147
2009-10-12,925051.0,938102.8659611993,898131.5264550265,909551.9091710758,134
2009-10-13,935655.625,962575.0980819529,922603.7592632956,930761.1753487358,175
2009-10-14,881001.0625,919340.9235532407,877738.0956018518,894868.6718171296,226
2009-10-15,883448.3125,904657.5979339797,877738.1202677748,897315.9222068329,158
2009-10-16,911183.625,934024.3962623097,897316.0138764548,902210.4648612355,223
2009-10-19,888342.8125,923419.7095959595,873659.4602272727,902210.4229797979,212
2009-10-20,925866.8125,938102.9377753304,882632.5031938326,885895.4699339207,227
2009-10-21,959311.9375,965837.869047619,876922.0517113096,929129.5040922619,301
2009-10-22,920156.5625,996836.2760416666,908736.1796320922,961759.3858045213,361
2009-10-23,975627.0,982152.9331103679,906288.960702341,913630.635451505,317
2009-10-26,1004994.0,1019677.3538961039,925867.0373376623,969101.3571428572,379
2009-10-27,1041702.0625,1046596.5122846516,987047.3732380581,1002546.4642227879,394
2009-10-28,1146932.875,1157537.5175142249,1040886.4498577525,1053122.575835704,438
2009-10-29,1074331.875,1126539.346526196,1058832.7818906605,1112671.7369020502,398
2009-10-30,1164879.375,1184457.1796218487,1088199.6402310925,1090646.8658088234,485
2009-11-02,1168957.875,1226875.536636427,1114303.1802163294,1146932.848743894,479
2009-11-03,1115935.125,1204851.008497807,1115935.125,1194246.3618421052,383
2009-11-04,1165694.875,1166510.6166899928,1081673.4809307207,1095541.0896606017,341
2009-11-05,1057201.5,1134696.9803240742,1049859.8229166667,1121645.1099537038,405
2009-11-06,1051490.75,1097172.272110163,1025387.0230799069,1088199.115981381,330
2009-11-09,989494.875,1025387.516797197,987047.6494229184,1023756.0330791427,254
2009-11-10,1008256.75,1031097.5177993528,974811.3400080906,996020.6243932039,277
2009-11-11,984600.5625,1010704.3056648716,956049.5934134217,983784.8205260978,283
2009-11-12,1041702.0625,1048227.9955462021,962575.1243148004,987047.3732380581,353
2009-11-13,1008256.75,1068621.6363268609,996836.3661003236,1031097.5177993528,375
2009-11-16,929129.625,989494.4996707638,907920.3447102722,988678.7581211589,368
2009-11-17,929129.625,953601.8714881475,919340.7264047409,938102.782045654,271
2009-11-18,932392.8125,959312.2900262467,924235.395067804,925866.8785542432,259
2009-11-19,1002546.75,1025387.5221724979,957680.9475183076,962575.3986981285,371
2009-11-20,1007441.0625,1032729.0567813765,996836.419736842,1027018.8645242915,315
2009-11-23,952786.4375,970732.7573844178,918525.2813570206,965838.3065068494,348
2009-11-24,968285.3125,1001730.7192502107,954417.7048230835,954417.7048230835,338
2009-11-25,967469.75,970732.7171163575,943813.2384064081,950339.1726391232,154
2009-11-27,1037623.5625,1079226.3940153304,999283.6981623429,1072700.4596599843,266
2009-11-30,1027835.0,1093094.365079365,1020493.3214285715,1049044.2936507936,320
2009-12-01,978074.1875,1005809.4021580484,966653.8049937448,996836.2444745621,300
2009-12-02,943813.0625,974811.2443280034,917709.3304343128,972364.0194468453,334
2009-12-03,977258.75,978890.2337228714,911999.4010851418,929129.9801752921,297
2009-12-04,905473.3125,961759.4913851352,882632.5442567568,916077.9548986487,579
2009-12-07,900578.9375,919340.9986979166,886711.327049366,906289.1300384963,252
2009-12-08,921788.25,951154.9553097344,902210.446460177,916893.7991150442,319
2009-12-09,926682.625,955233.5861575705,918525.2075264085,925866.8832526408,288
2009-12-10,940550.25,951970.6346487424,903026.1290112749,916893.7389418908,269
2009-12-11,913630.8125,947076.226171875,909552.103515625,921788.23046875,326
2009-12-14,872843.625,922603.8690420561,870396.3998831776,892421.4259345795,261
2009-12-15,879369.5625,885895.4961734695,853265.8278061225,877738.0790816327,255
2009-12-16,862239.0,878553.8344370861,848371.3907284768,863054.7417218543,242
2009-12-17,889974.5,909552.3075160404,867949.4665444547,878554.1122823098,289
2009-12-18,867133.4375,903841.8144402634,865501.9540804328,870396.4043391346,232
2009-12-21,834503.8125,848371.42228739,827162.1367302053,847555.6805351906,258
2009-12-22,807584.5625,834504.0479166667,803505.8525883838,826346.6280934344,250
2009-12-23,775770.375,807584.3020504732,774954.633280757,793716.6928233438,227
2009-12-24,767612.9375,774954.6127789586,765981.4541046759,767612.9375,82
2009-12-28,769244.375,780664.7580858961,757823.991914104,758639.7335630965,106
2009-12-29,771691.6875,774138.91272463,761087.0448599366,765165.7535676532,99
2009-12-30,770875.9375,792900.9642857142,763534.2619047619,779033.3548280423,154
2009-12-31,804321.3125,805137.0541962475,759455.5192063894,770875.902953854,158
2010-01-04,739877.8125,768428.7754961412,739877.8125,767613.0336962515,262
2010-01-05,748035.125,757824.0252181025,733351.7746728463,743140.6748909488,194
2010-01-06,750482.375,755376.825271739,736614.7658967391,748035.1498641304,167
2010-01-07,734167.625,770060.2644444444,732536.1413888889,749666.7193055556,238
2010-01-08,721931.4375,746403.6896186441,721115.6957627119,741509.2391949153,198
2010-01-11,730088.875,739062.0343575419,708063.8474860336,712142.5562849162,167
2010-01-12,752929.625,763534.2676056338,734167.5650054171,743956.4658721561,234
2010-01-13,725194.4375,765981.5262232847,720299.9868532058,747219.4654105736,270
2010-01-14,717036.9375,736614.7378412969,709695.2623720136,732536.02943686,200
2010-01-15,746403.75,761087.1024590164,710511.1106557377,715405.5614754098,316
2010-01-19,705616.5,740693.3895953757,705616.5,739877.6479768787,264
2010-01-20,735799.0625,759455.5733786031,720299.9691657427,720299.9691657427,314
2010-01-21,771691.6875,780664.8466569767,717036.9908165962,734983.3091305497,385
2010-01-22,814926.0,823083.4174174174,764350.0120120121,775770.3963963964,433
2010-01-25,810847.375,829609.436996982,796979.7639587525,800242.7312625755,237
2010-01-26,833688.0,836950.9667318983,801874.0743639922,819820.3913894325,273
2010-01-27,808400.0625,854897.3415741676,804321.3538092836,845108.4407164481,317
2010-01-28,850002.8125,871212.0957293665,801874.0544025912,802689.7960652591,372
2010-01-29,879369.5625,882632.5293367348,811663.0006377551,839398.21875,356
2010-02-01,844292.75,875290.9379227053,841029.7828502415,866317.7782608696,233
2010-02-02,819004.6875,854081.5814865539,815741.7206175299,840213.9722360559,244
2010-02-03,834503.8125,854081.6145527859,812478.7851906158,830425.103739003,226
2010-02-04,918525.1875,920972.4126887212,851634.3656749557,853265.849134103,367
2010-02-05,907104.875,966654.0259667266,903841.907823741,911999.3257643884,537
2010-02-08,933208.625,936471.5922202797,892421.5347465036,915262.3052884616,277
2010-02-09,897315.9375,929945.6079545454,877738.1352272728,900578.9045454545,396
2010-02-10,887527.0625,931577.1189108456,882632.6117876838,904657.6399931066,277
2010-02-11,845924.0625,916893.5836547733,844292.5792550626,895684.3014705882,283
2010-02-12,826346.3125,877738.0377591313,826346.3125,872027.8460636722,262
2010-02-16,785559.3125,823899.1751038422,783112.0872274144,801874.1476505711,213
2010-02-17,769244.375,787190.6912778367,764349.9251060446,773323.083244963,220
2010-02-18,749666.75,776586.2306855277,749666.75,769244.5541349292,238
2010-02-19,745588.0,762718.5776805251,735799.0984682713,758639.8687089715,212
2010-02-22,739877.8125,748035.2304988975,732536.1363009923,734167.6199007718,157
2010-02-23,765981.5,772507.433972311,739877.7641107561,743140.7310969116,261
2010-02-24,746403.75,763534.3278688524,734983.3647540984,757824.1352459016,208
2010-02-25,745588.0,783112.1225382931,743140.7746170678,775770.4463894967,253
2010-02-26,754561.0,765981.3827027027,739877.6508108107,741509.134054054,174
2010-03-01,703169.4375,737430.593387471,699906.4702726218,737430.593387471,268
2010-03-02,686038.875,696643.5187277051,673802.7476218787,693380.5514268728,240
2010-03-03,673802.6875,684407.330281477,662382.3029661017,674618.4292524213,212
2010-03-04,668092.5,681960.1098901099,665645.2747252748,672986.9505494506,160
2010-03-05,628121.125,661566.535551948,624042.4163961039,655856.3435064935,268
2010-03-08,624042.4375,629752.6297385622,617516.5035130719,627305.404493464,175
2010-03-09,615885.125,629752.7370860927,602017.5129139073,629752.7370860927,251
2010-03-10,601201.6875,615885.0394335142,590597.0444369063,615069.2976594301,305
2010-03-11,594675.6875,618332.1963305898,592228.4624485597,611806.2628600823,311
2010-03-12,595491.4375,607727.5629280822,584071.0537671233,585702.5371575343,231
2010-03-15,602017.3125,615069.1783536585,593859.8963414634,597938.6044207317,243
2010-03-16,585702.4375,605280.2348537605,585702.4375,593044.1115076601,190
2010-03-17,574282.1875,582439.6049360796,565309.0283203125,582439.6049360796,307
2010-03-18,579992.4375,583255.404799578,567756.3101265823,577545.2120253164,182
2010-03-19,604464.6875,608543.3965924426,574282.2402159245,604464.6875,285
2010-03-22,578360.9375,619963.769393512,573466.4866889986,615885.0603843442,333
2010-03-23,556335.75,583255.2217741936,553888.5252932551,575097.8060850439,322
2010-03-24,574282.1875,574282.1875,557967.3526278409,563677.5448330966,228
2010-03-25,584886.875,585702.6168061367,546547.0101115761,557151.6535913529,303
2010-03-26,584071.1875,592228.6063198324,566124.8660963688,577545.2524441341,300
2010-03-29,575913.625,584071.0417847026,570203.4332507082,577545.1083569404,210
2010-03-30,570203.4375,583255.3044527897,562046.0206545064,571834.9208690987,222
2010-03-31,584071.1875,584886.9293819832,559598.9310405029,577545.2524441341,231
2010-04-01,569387.75,586518.3270057306,562046.0741404011,570203.4917621777,208
2010-04-05,535942.25,569387.6567732116,535942.25,564493.2070015221,294
2010-04-06,526969.25,544915.5712074303,523706.28250773996,541652.6037151703,275
2010-04-07,531047.875,542468.2594086021,522890.4575652842,528600.6497695852,227
2010-04-08,531047.875,548994.1933563749,525337.682795699,537573.8089477727,360
2010-04-09,524521.9375,540836.7722589425,523706.19576205284,531863.6131415241,197
2010-04-12,517996.03125,526969.1908464567,513917.32234251965,522890.4819389764,268
2010-04-13,513917.5,530232.3412698413,513101.75793650793,520443.4365079365,187
2010-04-14,480471.90625,507391.38486842107,480471.90625,504944.1595394737,333
2010-04-15,475577.375,482919.04974271014,473130.1500857633,480471.82482847344,259
2010-04-16,495155.3125,504944.2148887974,474761.7658566722,479656.2170510708,492
2010-04-19,501681.25,522890.5386178862,488629.38008130086,503312.7337398374,421
2010-04-20,482103.46875,500865.53267766495,480471.984930203,494339.59739847714,266
2010-04-21,471498.6875,484550.55428200687,469051.46247837367,478840.3625648789,340
2010-04-22,455183.90625,493523.7693212365,453552.4227150537,486182.09341397847,438
2010-04-23,441316.3125,461709.85743992607,439684.82890480594,453552.43946395564,286
2010-04-26,447026.53125,447026.53125,432343.1780337591,440500.59648722626,248
2010-04-27,477208.875,479656.1,439684.7583333333,451920.8833333333,464
2010-04-28,473945.96875,482919.1282271945,464972.80927280546,468235.77635542164,294
2010-04-29,443763.53125,473130.23552389705,443763.53125,463341.3340992647,261
2010-04-30,482919.0625,483734.8041596284,442131.97951858107,444579.2044974662,295
2010-05-03,451920.9375,475577.4486687726,450289.45397111913,473945.9651398917,277
2010-05-04,491892.21875,500865.37696932006,470682.93568615254,470682.93568615254,419
2010-05-05,513917.5,526153.630952381,492708.20634920633,504944.3373015873,566
2010-05-06,571019.25,659935.1046428572,508207.1325,526153.4517857144,1076
2010-05-07,619963.8125,640357.3589638157,563677.6242598684,586518.396299342,911
2010-05-10,517180.21875,548178.4022082019,516364.4770800473,529416.3437992902,548
2010-05-11,505760.0,540836.9032258064,483734.96774193546,535942.4516129033,553
2010-05-12,460078.28125,500049.6212876773,458446.79798315605,498418.1380208333,478
2010-05-13,473130.25,479656.18448275863,450289.47931034485,462525.60646551725,477
2010-05-14,500049.65625,518811.7151305057,482103.339059951,482919.0807504078,565
2010-05-17,497602.375,539205.1965163935,478024.5766393443,490260.7006147541,534
2010-05-18,524521.9375,530232.1296656298,473130.20800933125,477208.9166990669,564
2010-05-19,544099.8125,566124.8423913043,514733.1059782609,532679.4266304348,694
2010-05-20,626489.625,628121.1083984375,579176.6064453125,587334.0234375,811
2010-05-21,598754.375,666460.9323910082,581623.8002384197,658303.5158378747,786
2010-05-24,622410.875,624858.0999344692,588965.4675622543,607727.5253931849,433
2010-05-25,622410.875,695011.881389253,621595.1333551769,664013.6988859765,728
2010-05-26,619148.0625,628936.9646739131,571835.035326087,615885.0951086957,531
2010-05-27,538389.4375,587333.9318181819,538389.4375,571834.8419507575,547
2010-05-28,559598.875,571835.0020043731,537573.8463921283,543284.0389941691,422
2010-06-01,610990.375,610990.375,553888.4707943925,576729.2324766355,464
2010-06-02,558783.1875,615885.1190693431,557151.7037408759,597938.7977189781,482
2010-06-03,536758.1875,562046.1872150457,531047.9940159575,554704.5098784195,444
2010-06-04,615069.25,620779.4419761273,564493.2639257294,578360.87301061,580
2010-06-07,663198.0625,664829.5460485854,599570.204105166,606911.8800738007,621
2010-06-08,667276.75,703169.3869193154,641988.755806846,657487.8490220049,836
2010-06-09,663198.0625,674618.4473400983,615885.0395910209,648514.7105627306,940
2010-06-10,594675.6875,636278.5133744857,592228.4624485597,627305.3548525377,764
2010-06-11,568571.875,619147.8524031563,566940.3918579627,615884.8861190818,655
2010-06-14,558783.1875,564493.3806569343,529416.4798357664,547362.8011861314,563
2010-06-15,517180.21875,552257.1105579654,511470.02706033125,544915.4355283912,511
2010-06-16,523706.21875,534310.8618088006,508207.125048676,530232.1529400311,382
2010-06-17,522890.46875,540836.7874902496,511470.0840971139,514733.05114079564,382
2010-06-18,520443.21875,529416.3776939656,507391.35119514103,517180.25186128524,277
2010-06-21,535126.625,545731.2684832317,492708.0510670732,495155.2764862805,454
2010-06-22,568571.875,571019.099713056,513101.4481707317,531047.762733142,501
2010-06-23,574282.1875,594675.7310901989,556335.869140625,573466.4457563921,525
2010-06-24,602017.3125,605280.2789634146,575097.8391768293,588965.4466463415,549
2010-06-25,570203.4375,610990.5217274678,562046.0206545064,593859.9463519313,531
2010-06-28,579992.4375,588965.5975738396,553888.6991033755,571019.2774261603,393
2010-06-29,645251.625,656672.0077433628,608543.2518963338,608543.2518963338,718
2010-06-30,667276.75,672986.9422371639,620779.4703545233,651777.6567848411,515
2010-07-01,681960.1875,732536.1822667464,657487.9319677034,664829.6086273923,826
2010-07-02,703985.0625,717036.9292439166,667276.6872827347,672171.1373117034,554
2010-07-06,731720.375,744772.2434503902,648514.7136287625,667276.7745261984,563
2010-07-07,655856.375,726010.1663557214,652593.407960199,724378.682835821,101
2010-07-08,625673.9375,655856.3829856584,621595.2286505867,632689.3167209909,1685
2010-07-09,597286.1875,631873.6422254848,597123.0391286534,625184.5590002731,1004
2010-07-12,616374.6875,633994.7156233457,589618.3484978825,601365.0339134464,897
2010-07-13,558130.5,598264.9937152879,550625.6759719381,590923.318035662,1096
2010-07-14,562698.625,576403.0855682807,552257.1312336909,561719.7349594085,870
2010-07-15,578360.9375,598428.1858251058,559598.876057828,559762.0244181947,1065
2010-07-16,640683.4375,646067.3319327731,587660.2347529922,590923.2010758849,994
2010-07-19,634157.625,670376.558046051,628447.4328531,634973.3667352714,902
2010-07-20,601201.6875,667929.3646200814,597612.4236940298,660424.5402985074,833
2010-07-21,632526.0625,637257.363973433,583255.2678456281,586518.2343790302,1084
2010-07-22,564819.625,604301.5283073368,558619.9872905836,604301.5283073368,1023
2010-07-23,523379.875,577218.827228803,519953.75985816703,572976.9703865336,1237
2010-07-26,487487.21875,524521.8903217034,486345.18041959504,516038.1770101238,764
2010-07-27,492381.78125,497602.52909625584,469541.0094226309,473946.01541790925,929
2010-07-28,516364.34375,524684.906635071,487976.5409656398,494665.6209320695,1069
2010-07-29,519627.40625,544752.2478708791,495970.89952904236,502659.9807397959,1136
2010-07-30,518485.53125,547689.0901215387,504944.2162425268,541000.0068045941,1016
2010-08-02,492218.53125,505107.2498342725,482755.9277324329,491239.64123094134,740
2010-08-03,502986.3125,545404.8792369445,483082.21580035676,496786.67582306196,742
2010-08-04,487976.84375,501191.8635907723,483571.8371364092,495318.52143931796,627
2010-08-05,504454.71875,505759.90560316946,489771.3666518435,501844.3450436611,707
2010-08-06,512938.46875,542957.7684478372,507391.4242406171,529579.6022781489,1242
2010-08-09,495807.78125,512938.35612043436,490423.8862907206,501517.9728734781,633
2010-08-10,523216.75,534800.2826629248,505923.0251792953,510491.1789055192,1091
2010-08-11,583255.375,589618.1609090909,555030.7093006993,555030.7093006993,1157
2010-08-12,594186.375,622574.1919275124,583418.5823723229,620290.1147034597,1065
2010-08-13,614253.625,616863.9989707835,596470.4523240372,601854.3486387782,846
2010-08-16,598917.625,634973.4122854808,588149.8333219831,627142.2910651049,975
2010-08-17,567919.375,590107.5493751796,552909.727628555,579666.0555515656,1028
2010-08-18,562861.8125,586355.1751086956,546546.9773550724,569714.0432608696,1102
2010-08-19,607890.6875,612785.1374798712,563677.4893484971,568735.0876610306,1202
2010-08-20,607238.125,637094.2713930683,606259.2349543256,615721.8387291778,1114
2010-08-23,631384.0625,632689.2491925065,584397.3415697674,593696.796753876,1116
2010-08-24,652430.25,679839.1727306827,632036.7063015754,661403.4092273068,1565
2010-08-25,623879.3125,679676.0501765166,619474.3068939592,670050.2971855387,1413
2010-08-26,637257.4375,644599.1130472351,600712.208109319,617027.0426587302,1144
2010-08-27,586355.1875,654061.754782276,582602.7753373679,615558.743026572,1552
2010-08-30,624858.0625,625347.5074575718,586028.7625326371,595165.0684073106,946
2010-08-31,626652.9375,644272.9628189274,606259.3896771674,628937.0148561572,1534
2010-09-01,556499.0,602180.536206391,554378.0715332747,596144.0474934037,1437
2010-09-02,536431.75,561556.5947384428,532679.3381234793,556335.8477798053,1052
2010-09-03,507880.78125,526642.840306778,503312.6277405236,512612.08309910056,1442
2010-09-07,536431.75,541163.0519312652,512285.7953163017,512612.09200121654,961
2010-09-08,525827.125,533495.097347192,513917.2956096804,532516.2072603165,1161
2010-09-09,525011.3125,537410.5852625854,501681.1019072405,502823.140188005,995
2010-09-10,520116.90625,529742.6582790934,511143.7475788112,518648.5711947146,1159
2010-09-13,483245.40625,506086.1749451384,477535.2140762154,502660.05964086764,1188
2010-09-14,488303.0,493523.74707651185,474761.6872702973,485855.77480788506,1134
2010-09-15,481287.59375,503475.76756355935,475740.55029661016,492544.8289936441,1153
2010-09-16,489118.71875,501191.6957971981,479003.5217645097,483734.8235803035,1284
2010-09-17,482266.5,504128.37787550746,476230.0113328823,478677.2364682003,1268
2010-09-20,442132.0625,488139.9007380074,438542.79852398526,477861.5538976015,1652
2010-09-21,449310.5625,452084.08449074073,434137.7657271242,442458.3316993464,1384
2010-09-22,466277.875,476393.0703289013,444416.0012246326,453878.60330650804,1394
2010-09-23,483082.375,487487.3814589666,455999.7426967241,477535.32982944953,1387
2010-09-24,435769.21875,464646.4751029577,434627.18036315986,462036.1016473231,1453
2010-09-27,438216.40625,444579.1910019546,431853.62149804545,435279.73636448255,970
2010-09-28,425164.625,459425.7805065234,423043.69632578664,435606.12001151184,1611
2010-09-29,422064.78125,432179.9789452068,416517.7373526285,427448.6767974488,1254
2010-09-30,423369.96875,435116.6499638728,405423.6502288054,412602.1776372832,1769
2010-10-01,417986.03125,429569.56295130757,410644.3562280445,412928.43290154176,1339
2010-10-04,434953.4375,443110.85380720184,413417.85844898724,421085.82977775694,1289
2010-10-05,397429.375,429080.154454023,394655.8530890805,420433.2920258621,1843
2010-10-06,401508.15625,407870.94296017877,393840.18252234865,398408.3370835026,1143
2010-10-07,404444.78125,413581.08933793864,393024.3961400766,393840.1379336426,952
2010-10-08,388619.34375,409665.47949464736,382746.0035421914,402813.249252204,1267
2010-10-11,387477.3125,391719.1693947368,379483.0437368421,388293.0542105263,709
2010-10-12,384867.03125,403629.095087961,380298.8765764095,391392.9664979864,1040
2010-10-13,367083.8125,380951.42319444445,358273.80100000004,377525.30761111114,1305
2010-10-14,368062.75,378014.8013076241,361699.96309840423,366920.7113253546,1416
2010-10-15,371651.96875,378014.7548699517,356805.467803446,358110.65469984635,1268
2010-10-18,362678.8125,372304.56595816463,360068.4386808367,367410.11504723347,891
2010-10-19,383072.34375,391556.05834752985,364147.1342632027,375078.0742254046,1554
2010-10-20,371325.65625,382093.44768782955,364636.5736901362,377362.1453893893,1379
2010-10-21,376546.34375,390903.3967179376,357294.8409066291,365289.1090365035,1492
2010-10-22,369531.0,378341.0105960265,368388.961589404,373936.0052980133,920
2010-10-25,362352.5,364310.28027915355,349953.2248986943,361210.46150382713,1186
2010-10-26,363331.40625,374099.1982627975,355989.7298776381,368389.00552873826,1097
2010-10-27,366268.125,380788.33129175944,363984.0476057906,370836.2797884187,1498
2010-10-28,371651.96875,377525.30978380155,356642.3194413959,357458.0612516462,1072
2010-10-29,368878.46875,376546.4422268907,363331.42410714284,375567.5519957983,993
2010-11-01,376383.25,384377.51928912004,355663.4091894235,363494.53012570436,1331
2010-11-02,353542.46875,369367.8584448546,352726.7270131518,362678.7762026996,1433
2010-11-03,348811.15625,364799.69381431246,347995.41453753505,352074.1230998597,1901
2010-11-04,322707.4375,333148.9319388271,322217.99244818,330049.1132773003,1567
2010-11-05,316834.21875,323033.8584577755,313897.5473094748,320912.9290840628,1207
2010-11-08,317976.1875,325154.7161044125,315039.5167072858,319770.8196511031,976
2010-11-09,329559.65625,335269.8483137376,313244.82178217825,314876.3052289604,1178
2010-11-10,318955.0,338369.652173913,318628.70332480816,328743.9002557545,1481
2010-11-11,322381.09375,332822.58666497975,318954.97888727224,329396.47180225205,1085
2010-11-12,339022.1875,340164.2256677093,324828.28455846966,332169.95849374396,1368
2010-11-15,338532.90625,339348.64819277107,327275.66743975907,333638.4545933735,1186
2010-11-16,357621.1875,365126.0116902372,343590.4292312956,346200.8028626825,1679
2010-11-17,355010.8125,361863.04325597425,352563.5872300092,355663.4059053309,956
2010-11-18,334780.46875,342611.59082602337,329233.4239461501,342611.59082602337,1075
2010-11-19,331191.1875,343916.7602216749,328907.1103448276,337553.97386083746,995
2010-11-22,325807.28125,340490.63393527793,323849.50089196296,334617.29286116676,1247
2010-11-23,335433.0,343590.4173151751,333801.516536965,338206.52188715956,1263
2010-11-24,312755.40625,326623.01685576426,312592.2578899322,326459.8684956964,1069
2010-11-26,318139.28125,320260.20979166665,312918.5340705128,318628.7262980769,435
2010-11-29,317486.625,334454.04997430625,315365.6968782117,322544.2228288797,1137
2010-11-30,324665.125,332496.24359296483,318791.7860552764,328743.83260050253,1260
2010-12-01,303455.90625,307697.76300403225,301008.6811995968,307045.1696572581,1300
2010-12-02,293993.3125,303455.9163429523,292198.68073668145,302150.7296059933,1058
2010-12-03,287630.53125,298398.32198312535,285183.3060833806,297582.5802609189,1020
2010-12-06,282083.4375,289588.2600130133,279962.50939849624,287956.7768580104,625
2010-12-07,277352.15625,279309.9361764706,270010.4815257353,272131.40977941174,1255
2010-12-08,277515.34375,279636.272303057,272620.8932429453,275557.5635471781,824
2010-12-09,274578.6875,278494.2481060606,271805.1654040404,271805.1654040404,735
2010-12-10,264463.5,275231.29210363975,262668.8679827267,272294.6215299198,853
2010-12-13,268542.15625,268868.4529161604,260058.4429298299,261363.62959447145,631
2010-12-14,268868.4375,270499.9207372573,264789.7294068568,265116.0260543083,615
2010-12-15,271478.75,273273.38115985575,261200.40790264425,269684.11884014425,1088
2010-12-16,263974.0,273762.8998763906,262342.5166872682,270173.63658838073,995
2010-12-17,261526.78125,268705.3079967249,260058.44623362445,263158.2646015284,898
2010-12-20,257937.53125,262179.3881839026,253532.52597248578,258590.12462444656,801
2010-12-21,249453.796875,255490.28509238063,248801.2035542021,255163.98843198168,911
2010-12-22,249616.96875,250759.00716911766,246354.0018382353,247822.3369485294,452
2010-12-23,250432.65625,251737.8427320847,247006.5417345277,248474.87652687298,386
2010-12-27,248474.921875,254511.41045633616,247006.58681467499,252879.92705597504,487
2010-12-28,250432.65625,252227.28766286647,246353.94849348537,246843.39342426712,378
2010-12-29,248801.1875,250269.52237704917,247822.29758196723,249127.48413934428,315
2010-12-30,249453.796875,249943.24186559842,245864.5336106115,249290.64854480053,518
2010-12-31,254674.609375,255653.49960962526,248964.4163396861,250759.04843649906,399
2011-01-03,241296.40625,250106.41702586206,237543.99425287356,247985.48850574714,1067
2011-01-04,251737.921875,259895.33995260854,238849.2013123785,239338.646397035,1288
2011-01-05,243417.296875,255163.97608076406,243091.00023039544,252390.45460162533,938
2011-01-06,246517.1875,249617.006535407,241622.7363914626,242601.62661317008,915
2011-01-07,250269.578125,261037.36962190352,242275.30868032918,244396.23730850717,1355
2011-01-10,246517.1875,259405.9087524818,243580.51683487755,253695.71579252149,1979
2011-01-11,243580.5,247332.91225720028,239991.23610180843,242764.75820495648,1100
2011-01-12,237380.84375,241459.55240549828,236075.65698024054,237543.99209621994,1166
2011-01-13,237380.84375,240643.8106743986,234281.0251718213,237054.54705756012,991
2011-01-14,232323.296875,239664.9740936622,230854.96143126755,237870.34188465588,1093
2011-01-18,231670.65625,237543.9968309859,231181.21120158452,233954.73314260563,758
2011-01-19,249127.5625,250595.8978388998,230528.64820726914,231670.6868041912,1393
2011-01-20,256958.75,260711.1634920635,248964.4777777778,252716.89126984126,1631
2011-01-21,262179.4375,262668.88262289984,251737.941544804,251901.08991910392,1053
2011-01-24,256469.234375,262995.1690919211,253206.26701653947,261853.13051645993,1048
2011-01-25,255164.046875,264137.2070911925,254837.75013986573,260711.09137228262,1163
2011-01-26,243091.0625,256306.07999161075,240480.68867449666,253858.85453020135,1432
2011-01-27,240643.796875,246353.98866525423,237870.27514830508,242764.7252542373,1216
2011-01-28,258263.875,258916.46849336702,239664.9604390398,240806.9990524321,1869
2011-01-31,253206.203125,259568.98786847616,247332.86336179124,253695.6481052674,1298
2011-02-01,235749.34375,248474.91386245674,232812.67372404842,246680.28217993077,1907
2011-02-02,237380.84375,237870.2887886598,231670.6516323024,236565.10201890033,1244
2011-02-03,235096.765625,246027.70476231785,234281.0238983345,238196.58418632895,1608
2011-02-04,233954.734375,239501.7782862622,233138.9926233438,236075.66292930613,1364
2011-02-07,226776.21875,233302.15310251797,221881.76798561148,232649.55966726618,1693
2011-02-08,222044.90625,229549.73041421748,221881.75789860397,226776.20844048494,1264
2011-02-09,225144.734375,228570.84989809783,221392.32213541667,223839.54750905797,1712
2011-02-10,222044.90625,230202.32381980162,221555.46119581192,229223.43371142543,1653
2011-02-11,214703.234375,225471.02576462767,214703.234375,224655.2839926862,1428
2011-02-14,211766.578125,215192.69379574346,210787.68793335903,214540.10033464947,623
2011-02-15,215192.671875,216497.85866423429,212092.85325056862,213398.04003980287,843
2011-02-16,209971.921875,213887.4821896853,208829.88344988343,213561.18549679485,1049
2011-02-17,205566.875,211603.36259920636,203609.09523809524,210624.47271825396,1219
2011-02-18,204751.171875,207035.2486927291,201651.3533366534,203935.43015438248,1182
2011-02-22,220413.390625,221229.1322631384,207198.37608715764,209482.45267394523,1848
2011-02-23,231344.359375,235912.5131567348,218455.63977653385,219108.23317392453,2078
2011-02-24,227102.5,235586.21408045976,223730.76748084291,230528.61530172414,3151
2011-02-25,211603.40625,224546.5084570162,211549.02346761758,224057.0634155744,2035
2011-02-28,210896.421875,216008.40322008767,206545.7994536488,207905.36896032104,1814
2011-03-01,223458.859375,225525.40516625092,208014.14872459843,208394.82821246044,3196
2011-03-02,220794.125,226613.0834667488,217150.47810960593,224057.09236453203,3238
2011-03-03,205893.25,213996.28598785,203935.46949286846,213996.28598785,2301
2011-03-04,207851.0,214050.63736263735,205186.2435897436,205621.30586080585,2221
2011-03-07,218510.046875,223404.49790007467,205349.41189646593,205675.7086314709,2512
2011-03-08,207742.234375,222751.88272251308,204642.41569453533,217694.28382280757,2951
2011-03-09,210243.828125,212854.2015730083,206437.03351332128,209047.40696132954,2283
2011-03-10,226395.53125,228407.69427095843,218238.11359746577,218292.496381816,2947
2011-03-11,224709.65625,232703.92524050098,220087.119758894,231779.41794227978,2192
2011-03-14,228135.765625,234987.99601087603,223350.08091105483,231453.11525625744,2127
2011-03-15,233845.984375,246734.70490915698,228788.38517805233,243254.20653706393,2714
2011-03-16,240970.125,245266.36509817195,228897.14649627623,237326.47833446175,3281
2011-03-17,239012.375,239012.375,229984.831370876,231126.8700227531,2254
2011-03-18,229821.609375,233410.87255974917,228897.10219104946,231126.79598763608,2827
2011-03-21,214105.046875,221881.7859410719,213887.51571231268,220902.89570897893,1923
2011-03-22,216824.15625,218781.93644187358,211766.55742099322,212962.97864936042,1459
2011-03-23,215247.09375,225416.67599639972,213398.07879610916,218618.82690121274,2405
2011-03-24,210678.859375,216769.7298577052,208612.31403265358,210950.77323583505,1964
2011-03-25,205077.5,210135.09944311855,198823.47918324053,207252.81158843808,2787
2011-03-28,206600.1875,206980.86697157146,201216.2921163464,203119.68947420374,1331
2011-03-29,200781.234375,209863.1591151476,200183.0237633735,206056.36431388813,1804
2011-03-30,192950.140625,199041.01315882188,192134.39876779172,198170.88851113303,2033
2011-03-31,190774.859375,194037.82732326112,190067.88298621008,193493.99933188426,1572
2011-04-01,188327.5625,190230.95975310425,185064.59578039273,186804.84469751662,1736
2011-04-04,186859.234375,188327.56945303406,185499.6648583018,186696.08603299622,1140
2011-04-05,184085.71875,188381.95856720826,180333.3067577548,187457.45126477105,1762
2011-04-06,182889.296875,185717.20155460155,179463.18159009813,180985.89949449897,1498
2011-04-07,185880.34375,187566.20994550906,180115.769016969,182236.6974564804,2121
2011-04-08,191481.78125,194037.77208179494,182617.38751420053,183269.98091806305,1845
2011-04-11,196756.875,198932.18594527364,189469.58333333334,191101.06654228858,1614
2011-04-12,204370.53125,205077.5075422432,198062.1274115221,200074.29070482968,1972
2011-04-13,203500.34375,207905.34851850616,199367.252856093,200563.67390432925,2290
2011-04-14,200618.09375,209428.10491494986,200128.64868528058,208449.214785511,2091
2011-04-15,194690.359375,203337.22170478353,194581.59381110335,200509.31704347068,1820
2011-04-18,203989.8125,208829.8800319915,203119.6879998667,203337.21912490003,2295
2011-04-19,203717.90625,207307.1699479445,199747.9630689402,201814.50883442338,1396
2011-04-20,191209.875,195560.4978668942,190992.3438566553,193765.86593430035,1671
2011-04-21,187076.78125,191916.84913699128,186859.25010901163,187783.7574582122,1088
2011-04-25,187675.015625,191481.81107378297,186532.9769903651,187457.48445649812,790
2011-04-26,182019.203125,187620.63064871528,178973.76680142665,186478.59202737527,1813
2011-04-27,178919.375,183922.59156534955,178266.7815349544,181747.28001519755,1338
2011-04-28,176472.125,179843.85743451465,173100.39256548535,179300.02962249616,1393
2011-04-29,174296.84375,177233.51444032762,172610.9772425897,175656.41351404056,1344
2011-05-02,180496.46875,180985.9138294667,171740.84010620668,171958.37125263634,1801
2011-05-03,187022.375,190829.16948967724,179735.0826911893,180877.12103809247,2471
2011-05-04,194364.078125,197572.6625148643,186206.66018466704,186315.4257572048,2587
2011-05-05,197246.34375,200074.24831989247,188381.95057899092,198279.61657361456,3072
2011-05-06,194146.515625,197028.8028317577,186424.1612219888,190557.25231092435,2499
2011-05-09,186913.625,195397.3391402386,186641.71108524877,194690.36296188537,1825
2011-05-10,178647.453125,184955.8563403729,178647.453125,184303.26290429986,1817
2011-05-11,188273.171875,190774.77958911035,179626.31042840122,180387.66929791306,2342
2011-05-12,183759.453125,194744.77704664844,181692.9070407295,191536.19233686003,2481
2011-05-13,190937.96875,192515.0696026773,181420.98084591285,182998.08169859013,2364
2011-05-16,199312.921875,199802.36697646658,188381.9812755798,194853.53317274898,2620
2011-05-17,200890.03125,205730.0996802247,199095.3991354223,204098.61593969952,2605
2011-05-18,191753.671875,201270.65785858623,191590.52354385282,200400.5334258012,2150
2011-05-19,190774.859375,195614.92849825398,187131.2118327751,187838.18822156498,1948
2011-05-20,194581.609375,198442.787202173,190611.66597523057,192134.3839915805,2180
2011-05-23,205240.609375,206110.7338450583,200944.36980408718,204751.1643605922,2158
2011-05-24,208177.296875,209156.1869856975,200672.4726929859,203391.61188936784,2101
2011-05-25,200128.640625,209754.39317680028,198116.4776621943,209591.24482846467,2254
2011-05-26,192351.90625,202847.78352063897,192079.99233107155,202521.4868179248,2569
2011-05-27,188490.71875,191046.70945434217,186315.40751226197,189632.75714981245,1954
2011-05-31,180387.6875,187511.83192643954,180170.15637247512,181801.63982891166,2186
2011-06-01,197463.84375,198116.43700943267,180931.48117770586,180931.48117770586,2724
2011-06-02,197627.046875,201216.31079733078,193602.7206590534,195832.41491383463,2666
2011-06-03,206708.921875,207687.81179705999,200237.37183471455,206980.83574223888,2979
2011-06-06,216606.65625,216932.95299554357,204859.97341043185,207415.9645838564,2606
2011-06-07,214920.78125,215192.69519388917,209264.97121710525,212419.17296621963,2262
2011-06-08,221990.5,223241.30389514944,215083.8871876531,217204.81553160216,2666
2011-06-09,218455.671875,223078.2091190565,214757.6420797548,220141.53839930295,2226
2011-06-10,228842.765625,231779.43609642348,221392.32387342563,222534.3623900903,3066
2011-06-13,230854.921875,234661.71681757952,223241.33198984098,226667.44743816255,2753
2011-06-14,215954.046875,225416.65179976707,213996.26654573786,224818.44114360365,2874
2011-06-15,227700.6875,229930.38135896824,218020.553185455,222806.2375656795,3753
2011-06-16,225851.703125,234335.41747306162,220032.74520677823,226884.97602636646,3340
2011-06-17,225525.421875,229005.92030760186,217803.06597766458,219108.25288989028,2774
2011-06-20,219325.78125,228190.17558269278,217041.70418268038,227972.64443342426,2341
2011-06-21,205077.5,215410.23004508088,204261.75815433572,214105.04309201805,3104
2011-06-22,209917.53125,209917.53125,201596.96589216322,208449.19618685235,2772
2011-06-23,207361.53125,223241.30232920274,206001.96180828745,216660.98623131393,5237
2011-06-24,210461.375,213887.49040697675,203935.44089147288,205023.0965762274,3560
2011-06-27,205403.765625,214105.01066074264,204098.57886963862,210570.1298649722,2718
2011-06-28,195886.8125,204533.67623889504,195506.13296432537,203337.25484106052,2767
2011-06-29,193276.390625,198497.13724852278,191644.90730514913,193928.98395294035,3384
2011-06-30,188599.484375,192460.6618232771,186968.0009461505,191481.77176596742,2822
2011-07-01,180061.390625,189904.67413545758,178919.35220665962,188218.80789885987,3168
2011-07-05,178375.5625,181801.67848704266,177831.73456554877,179245.68719512195,2694
2011-07-06,176308.96875,181312.18439620605,175493.22706855336,179354.40436073413,2448
2011-07-07,168314.71875,172774.10709814218,166302.55571486268,171033.85798667205,2894
2011-07-08,171251.375,176091.44244204508,170870.69553826613,174296.81069387106,3021
2011-07-11,182345.46875,183541.88995861914,174895.0275872353,177668.54947994332,3145
2011-07-12,185173.375,185554.05447870778,179136.886123348,184901.46108663728,3096
2011-07-13,180170.140625,182617.36559575913,174188.03514092212,181529.71005319952,3213
2011-07-14,188871.421875,190122.22599337748,176472.14626673624,179191.2856545134,3816
2011-07-15,185118.953125,189252.0437353114,184248.82878598708,186532.90517589598,2787
2011-07-18,193765.828125,196974.41186324728,186152.2395935658,187403.04342373,3156
2011-07-19,180768.328125,188925.7436541065,180115.7348826715,188436.2987223601,2631
2011-07-20,181529.734375,184955.84979310216,180007.01641139903,180550.84425554224,1984
2011-07-21,176472.125,181149.04418335902,174296.81375192603,179843.85743451465,2709
2011-07-22,175928.3125,179898.25587326122,174568.7428516229,177179.11657650696,1888
2011-07-25,181964.8125,183922.59290944412,177668.57215705322,182291.10923490737,2238
2011-07-26,185989.0625,187511.77997076022,181692.82392178362,183052.39309210525,2117
2011-07-27,202358.34375,203391.6166689062,189524.0064414808,189687.15479709755,3195
2011-07-28,203445.984375,204696.78834202085,195071.0360740778,202739.00821972734,2214
2011-07-29,204696.796875,216497.86088187434,200998.76760095643,212038.47263964533,3536
2011-08-01,207524.6875,213996.2382894392,194527.2031413784,197028.811009565,3181
2011-08-02,227863.890625,228788.39805713008,204642.4392414976,210678.92894540573,3505
2011-08-03,223078.171875,244450.60521163457,222262.43014459408,228135.77060351658,4337
2011-08-04,263212.65625,263647.7184917356,232105.70596590912,233410.8926911157,5059
2011-08-05,277352.15625,295679.15167279413,249834.47172794119,253478.11770220587,6474
2011-08-08,349518.09375,349898.7731737202,285183.27114127896,304326.00787692546,5166
2011-08-09,278548.59375,371488.7629649063,276155.75147647405,320151.41964198556,4620
2011-08-10,318030.5,321347.84960670315,286053.42510259914,303782.2115253078,3414
2011-08-11,271913.84375,319009.3214875,255327.09928124998,312374.6237,3511
2011-08-12,265224.84375,276645.2286561923,255979.77025451095,262832.00119822635,3022
2011-08-15,242220.953125,258427.02497754828,241840.27358483948,256197.3305280366,2675
2011-08-16,256088.546875,263538.9887781376,246082.11395399767,254511.44603418987,3386
2011-08-17,255544.703125,263049.527349569,244124.31843543838,250160.80748563522,3282
2011-08-18,300410.5,306011.92677407677,279908.19035119476,281811.5877986966,4242
2011-08-19,314876.3125,319716.38017055264,285618.3753454231,318248.04503454233,4690
2011-08-22,316942.8125,324556.4009951956,286542.8412941833,287793.645118394,3406
2011-08-23,272457.78125,320369.0198290918,270445.61799525947,311667.77332210576,3854
2011-08-24,259895.34375,279636.29578625236,254511.44774011298,272566.533349027,3289
2011-08-25,277841.71875,281376.60066793894,247441.7342557252,250922.2333749266,3750
2011-08-26,258807.671875,296386.1760283148,256088.53264538242,281757.20697297226,4241
2011-08-29,221609.828125,247931.09360046012,221120.38310582822,247550.4141411043,3618
2011-08-30,218020.578125,233030.22630721502,213506.80711368172,225960.46448225869,3210
2011-08-31,219216.984375,225688.5351417142,208068.51456679482,214105.00309709128,4650
2011-09-01,233356.578125,236510.78029960964,210243.88977656723,218129.39521309137,5101
2011-09-02,258698.875,262233.7555707378,242982.25215471935,249943.24774017237,4370
2011-09-06,260547.984375,287195.5553087821,260112.92199240765,287195.5553087821,4439
2011-09-07,230691.78125,251248.47462871287,229767.27387582508,247604.82791872937,3279
2011-09-08,243308.5,246788.99709432275,226395.45943227535,235422.998770675,3245
2011-09-09,264626.65625,272403.3952232326,247387.31181283397,252118.61454480066,5058
2011-09-12,257339.328125,278331.082278899,255762.22742431847,277732.87166829564,5446
2011-09-13,244668.125,260656.66217492777,242003.36880417872,252499.2452489442,3994
2011-09-14,231833.8125,252879.95029908518,221772.99727304716,238305.36391625617,4771
2011-09-15,222425.546875,235912.47490067236,221990.48468062346,225470.9822356357,4195
2011-09-16,221011.65625,227102.5286663386,216497.88472717765,220032.7660402313,4429
2011-09-19,232595.171875,240154.37900397475,225634.17538213116,234172.2726429156,4263
2011-09-20,243906.75,244069.89832775918,222588.70183946486,230365.4387959866,4083
2011-09-21,271098.125,271098.125,238468.46100802408,244613.71439317954,4334
2011-09-22,293884.59375,308459.18130088825,278766.1783054219,298724.66200383974,6582
2011-09-23,283497.4375,297908.8744724727,278276.6905212929,295516.0321072319,4151
2011-09-26,267672.03125,294700.2717073852,266258.0790329135,274796.175113013,3789
2011-09-27,250650.234375,256523.5746467509,231126.81624945757,249725.72711000216,4657
2011-09-28,279581.9375,279636.3202927446,246625.96509677108,250378.37779614862,4634
2011-09-29,264028.375,289207.6000514933,255109.59981977343,259079.54243048406,5737
2011-09-30,288065.59375,288718.1871283273,265714.2705422881,278059.16194898053,4487
2011-10-03,333312.03125,334617.21786282427,279309.9351443955,294645.87784508074,6185
2011-10-04,269684.25,347342.87250453717,267998.38354506955,343264.1633393829,6688
2011-10-05,258644.546875,280615.1938341043,253423.7990827376,269901.7843020658,4095
2011-10-06,240643.796875,264898.51628884184,239610.52407485875,260493.51119350284,5521
2011-10-07,259242.765625,261744.3740199549,236130.07936726452,238577.30497102477,6964
2011-10-10,225253.484375,244450.60653443384,224927.18768107196,241187.6395951533,4375
2011-10-11,220304.625,232812.66344729697,217367.9551036781,230909.26629227353,4089
2011-10-12,210406.984375,216552.23876486172,203663.51938081544,214648.84138747092,5531
2011-10-13,211005.1875,221337.915753866,207633.4551224227,213724.32651417525,4925
2011-10-14,198388.359375,209536.82803505345,196593.72783460113,203391.57457853618,4095
2011-10-17,216225.953125,219053.85794454225,202575.8740922095,203554.76422205105,4089
2011-10-18,198116.46875,226667.4284243755,194037.7602250892,213941.85782665387,6154
2011-10-19,209808.765625,213071.73243098755,195778.0083592535,200346.1618876361,4429
2011-10-20,208394.828125,225199.1083678562,207361.5552298082,208775.50761270226,5624
2011-10-21,194744.71875,204533.6183241413,194418.42209752862,199476.02021083498,4814
2011-10-24,175873.90625,193167.6298701299,174568.7195616883,191916.82596049784,5206
2011-10-25,190176.59375,191699.31168680298,179191.27149163568,179571.95097583643,4614
2011-10-26,180659.625,196756.93053883204,176798.4469822396,180442.09384406984,6111
2011-10-27,151782.359375,166139.415224158,147921.18147617343,160374.83976957184,7181
2011-10-28,154012.015625,155697.8816152454,148845.652106506,152489.29795639124,4779
2011-10-31,166574.484375,166683.24995408914,157492.5585210578,161136.20542054359,4980
2011-11-01,182671.75,186532.9272104793,173154.7639178327,185118.9749925573,7476
2011-11-02,170218.140625,180278.95724341055,168967.33639676517,174351.2328574281,5710
2011-11-03,157220.625,175928.30227429955,155915.43821342094,162332.6065807679,6381
2011-11-04,159776.578125,166084.97943966984,158253.8605662866,162386.95108279443,4386
2011-11-07,160483.578125,170490.00929240088,157873.2047769824,160157.28145649782,4311
2011-11-08,153468.234375,166900.78359208893,152924.40647147413,155969.842731219,5265
2011-11-09,175384.484375,176200.2261627907,163420.2714874031,167009.53535368218,5873
2011-11-10,171958.375,177668.5677182163,165921.88555502845,166683.24458412398,5477
2011-11-11,158199.515625,166356.9330687092,156894.32883400653,165378.04297546408,4348
2011-11-14,164725.484375,167934.06924727632,158580.22860267415,159667.88449158138,3738
2011-11-15,158308.25,170435.60821023703,155589.11138783925,167118.2591034009,4539
2011-11-16,165867.53125,166628.89040983605,154229.61266393441,163202.77419057378,5335
2011-11-17,172828.484375,175982.68578901823,162985.20065194304,166248.16763196193,6492
2011-11-18,172774.09375,176798.41950936418,169402.3613570192,170925.07921191375,4237
2011-11-21,185390.9375,190013.47480932824,181203.46252566736,183378.77420064536,4636
2011-11-22,190067.8125,192895.71700643777,182399.84066523606,186315.40075107294,3883
2011-11-23,207742.234375,208721.1244846204,194635.98346285993,196213.08419502617,4159
2011-11-25,215682.109375,215790.87493696422,202684.62472027863,212038.46304919946,2036
2011-11-28,185499.65625,193439.54185905893,183922.55568381705,191753.6757365875,4370
2011-11-29,186478.546875,190230.95857939633,182127.92460903325,184683.9151902887,4064
2011-11-30,153359.4375,166139.390625,153250.67194148936,162767.6583111702,5071
2011-12-01,156513.65625,157329.3980303162,150640.31543172343,154882.1726893676,3321
2011-12-02,154664.640625,155806.67911062762,147268.5818609353,150640.31453278832,4734
2011-12-05,146724.71875,150368.36447136768,142591.62808098592,145419.53222294291,5273
2011-12-06,146126.59375,150477.21805219576,143407.45356112765,146180.97655377744,4457
2011-12-07,146779.125,156078.5804927751,144658.19655427936,149335.11569099667,5653
2011-12-08,160701.140625,161462.49966687817,149824.58288388324,151510.44933375635,5426
2011-12-09,146017.796875,160374.85399790504,143298.65726838922,159504.7293237896,5397
2011-12-12,152108.640625,157764.44992961208,151999.87506144977,152163.02340677512,3874
2011-12-13,161353.71875,164127.24071031346,145963.39100943715,147486.10894843278,6006
2011-12-14,167934.046875,170761.95180942357,162930.8304525583,166193.79768458547,5257
2011-12-15,163039.5625,167607.71568545696,159939.74426701132,160320.42369913275,4150
2011-12-16,159287.15625,162658.88847516218,152271.7779105497,158960.85958304882,5110
2011-12-19,167716.5,168423.47616731518,152978.76605058365,154773.39785992217,4683
2011-12-20,147105.40625,156622.39186691312,146724.72682532348,156296.0952171904,4707
2011-12-21,145202.046875,153631.37918422284,143842.477147706,148954.45932233147,4199
2011-12-22,141830.328125,144060.02270058473,140035.69590562693,142972.3668100556,3667
2011-12-23,140851.421875,143353.0301399614,140035.6800494691,140797.03908663127,1860
2011-12-27,139491.890625,143407.45246710526,137262.19568713452,142482.94480994152,2381
2011-12-28,146670.34375,147540.46814747868,138784.84139784946,138893.6069475343,3411
2011-12-29,141939.109375,145691.52261135058,140851.45336446358,144875.78060344828,2303
2011-12-30,144005.59375,144277.5076354796,140307.56490747732,142537.2587684101,1988
2012-01-03,137153.359375,138621.69430883226,132258.90959555906,133400.9478774286,4018
2012-01-04,139709.40625,142374.16331743868,138132.30512845464,139709.40625,3105
2012-01-05,137207.75,146344.05677764566,135358.73553309552,142646.02784383672,3945
2012-01-06,138404.171875,141177.69359037327,135141.20515103143,137044.60240667977,3728
2012-01-09,136283.3125,140416.40577613728,135576.33601855548,136446.4609187949,3233
2012-01-10,130301.171875,131932.6556630843,129431.04718802171,130899.38259729758,3548
2012-01-11,128724.0703125,132258.95183776933,128180.24238553549,131878.27228889416,3097
2012-01-12,127201.3203125,131769.4737568138,126875.02363790615,127581.99976619282,3784
2012-01-13,129485.3828125,133237.79415817934,128995.93785436792,130464.27272876418,3943
2012-01-17,129702.9453125,130736.21825209644,124862.87733228512,125733.0019129979,2710
2012-01-18,122687.5703125,130681.84018658577,122633.18752424092,129811.71557444039,4063
2012-01-19,120403.5234375,122959.51512745596,119642.1642107046,120729.82024898374,3267
2012-01-20,120077.1796875,121763.04588782268,118989.52407438858,120892.92139733356,2604
2012-01-23,120621.0234375,123340.16282968891,117412.4389547171,120077.19555906222,3608
2012-01-24,118336.9609375,124536.59951602711,117793.13299201516,122741.96729592716,3769
2012-01-25,115128.3359375,120240.3168435581,113986.29764997638,118445.68524887813,3949
2012-01-26,115672.1796875,117629.95987967207,112572.36104989421,112789.89218235777,3726
2012-01-27,113279.3359375,117521.19297212553,113116.1875900144,117358.04462463994,3531
2012-01-30,116052.859375,118391.31905312794,114530.14144505624,116052.85937500001,3462
2012-01-31,116107.2421875,118228.17073331382,112844.27519394028,113714.39972555621,3426
2012-02-01,108874.3515625,114312.63086132618,108112.99246066435,113007.4438296079,4322
2012-02-02,106916.5390625,108711.17069478001,105502.5868673703,107514.74960659334,2989
2012-02-03,99738.0078125,102729.06039139177,98813.50065175164,101641.4049081584,3909
2012-02-06,100825.6796875,101967.71813056231,99901.17237644957,101260.74195152374,2126
2012-02-07,101043.1875,103000.96723627557,99629.23546824543,101043.1875,2825
2012-02-08,100445.015625,103490.45194064699,98867.91467582567,100336.25004229833,3509
2012-02-09,101804.5859375,103816.74922793136,99466.12589726897,99520.50868890225,2789
2012-02-10,106046.4140625,106644.62460336539,104469.31354567308,105067.52408653847,3233
2012-02-13,101804.5859375,104578.10831079728,101369.52360443377,102565.94502036592,3007
2012-02-14,103109.75,105339.44396097046,102511.53942510548,103272.89833860759,3406
2012-02-15,105774.5078125,106699.0150787275,101369.50260282776,101369.50260282776,4800
2012-02-16,99683.640625,105665.7467181533,99357.34392900982,105448.21558749318,5575
2012-02-17,99738.0078125,100336.21832827835,97834.6107168416,97997.75903932661,2149
2012-02-21,101804.5859375,103164.155728332,98813.53239766961,99194.21193910256,3089
2012-02-22,104034.2578125,104414.93727130162,101260.73604123105,102620.30553695111,3019
2012-02-23,99411.734375,105339.45814243708,99248.58601442834,103490.44338929157,3487
2012-02-24,100009.9453125,100553.77318260603,98595.9928502243,99302.96908136214,2626
2012-02-27,100336.2265625,104958.7627455962,98813.50876100949,102837.83437923442,4194
2012-02-28,101206.3671875,102783.46801954595,98487.22782190355,100173.09422857335,3593
2012-02-29,106046.4140625,106046.4140625,98759.12201923077,100281.8397596154,5734
2012-03-01,104197.4140625,104578.09355020225,100662.53310526488,104469.32798228732,4988
2012-03-02,108819.9453125,110288.28040667166,103436.0499672039,104197.40890492253,5125
2012-03-05,108439.2734375,112137.3028225301,108112.97672705617,109798.8430643493,4446
2012-03-06,114910.8046875,116107.22574908307,111267.15872722433,112028.51758459536,4650
2012-03-07,111539.0859375,114584.52173101535,111212.78924533763,113986.31112871769,3838
2012-03-08,107025.328125,112082.92747237043,106481.50023818597,109255.0224609375,4357
2012-03-09,102674.6953125,107351.61469643803,100662.53232173597,107079.70077876722,4977
2012-03-12,103436.0625,104795.63219637224,101532.66492507888,102239.64116719243,2853
2012-03-13,97127.671875,102239.65460526316,96964.52348999161,100988.85032019878,4346
2012-03-14,99574.890625,100771.31203065265,96583.83711086838,97508.34456069088,3634
2012-03-15,96964.5,100771.29472798655,96855.73443634325,99955.55300056086,3771
2012-03-16,97345.1796875,98432.83532646648,96257.52404853352,96420.67239437849,2765
2012-03-19,94571.671875,98106.55322742955,92341.9774834675,97617.10811709316,4328
2012-03-20,97236.4375,98487.24178551453,96148.78159955256,96692.60954977629,3530
2012-03-21,97345.1796875,98324.06976256984,95550.5478832053,96366.28961243016,3005
2012-03-22,100009.9453125,101858.96007086051,98922.28957228792,100227.47646054241,4231
2012-03-23,97018.8828125,102348.39543336604,96746.96890327214,99629.25634108744,3476
2012-03-26,91036.7890625,93810.31130992383,90928.02348416965,93429.63178576762,3518
2012-03-27,93157.6875,93212.07027145359,90275.40061295973,91091.14218476358,2584
2012-03-28,94517.2890625,96964.5146136004,92287.59467149741,92994.5709418153,3711
2012-03-29,95496.171875,99085.43573818338,94897.96123113611,96529.44480531037,3528
2012-03-30,96148.78125,97345.20273614254,93592.78989324096,93647.17268806562,2580
2012-04-02,92831.4140625,97834.63028613797,92722.64849242092,97236.41965070298,3310
2012-04-03,94408.5078125,95713.69455645162,92233.19657258065,93320.85219254032,3715
2012-04-04,99139.8203125,100716.9211293198,97399.57113531954,97562.7194956802,3891
2012-04-05,100336.2265625,100934.43712737127,98759.12598238482,100281.84378387535,2241
2012-04-09,105285.0546875,106699.00686822056,104088.63361150569,105883.26522549716,2709
2012-04-10,112681.140625,113551.26526303089,105556.9951511221,106372.73699927607,4891
2012-04-11,108112.9765625,110560.20188710387,107406.00035761444,109907.6084672095,3276
2012-04-12,103055.390625,107949.84189478891,102022.11757915567,107514.77955969657,4043
2012-04-13,107188.484375,107569.16392376967,103925.5168141172,103979.89960679859,3128
2012-04-16,106753.40625,109853.22497452878,104523.71207972491,105774.51612646459,3601
2012-04-17,101804.5859375,104251.8115609976,99139.82914746928,103979.8976028312,3569
2012-04-18,104306.1640625,105665.73345851798,102511.53245975626,103599.18797657064,3003
2012-04-19,105992.046875,107949.8271148666,101260.74462865572,103871.11828181118,6164
2012-04-20,104306.1640625,104795.60904506646,101260.7286154197,104034.25018329639,3646
2012-04-23,108439.2734375,111539.0921867164,108276.12508227809,109037.4840733137,4466
2012-04-24,106046.4140625,109526.91175480769,105121.90686298077,108330.49067307693,4320
2012-04-25,101097.5859375,102674.68652501344,99357.33701334723,101750.17928405729,4657
2012-04-26,98106.5390625,101478.27155799612,97562.71124064579,100934.4437361419,4107
2012-04-27,95659.3046875,100553.75461466033,95224.24247175243,97182.02244261655,4608
2012-04-30,98813.5234375,98813.5234375,95768.08738218904,95822.47016889103,2778
2012-05-01,98487.1953125,99466.08516099531,93429.59776194092,98487.1953125,3841
2012-05-02,97780.2578125,102076.49828368326,97453.96106785318,100771.31130509594,4011
2012-05-03,101750.171875,103327.27234767504,97725.84653093266,97888.99485569214,4434
2012-05-04,107732.296875,108112.97636925796,103544.82243816255,103816.73636263251,4905
2012-05-07,106481.46875,109472.52124297753,105502.57884320736,108819.92797178242,3806
2012-05-08,106862.171875,112028.53641857507,106699.02352099237,109200.63161577609,4548
2012-05-09,108765.578125,112028.54546875,106862.1805078125,110940.8896875,4497
2012-05-10,107514.75,109309.38163884674,105611.35280728377,106535.8600151745,3474
2012-05-11,108384.890625,110179.52253198695,105611.36858692925,110070.75696186653,3653
2012-05-14,112626.7421875,113496.86670464148,110070.75141839692,111647.85210571584,3442
2012-05-15,113061.8203125,114095.09332160895,109744.47012536075,112463.60962301587,3367
2012-05-16,115345.890625,115672.18734529703,110125.14310024751,111974.15784859736,3482
2012-05-17,123285.765625,123394.53118796869,114638.90336898986,115019.58283938024,4337
2012-05-18,126766.265625,127799.53848938223,120892.92513272201,123448.91590250966,4504
2012-05-21,118065.015625,128180.21272599034,118010.63284488715,125569.83928057348,3735
2012-05-22,119859.6484375,122361.25634499773,115182.7293060912,117901.86833598005,3459
2012-05-23,117684.328125,126059.27569027265,116922.96925542977,123557.66797597043,4097
2012-05-24,116922.9921875,121817.44302325581,116433.54710392441,117738.7339934593,3332
2012-05-25,116868.609375,118554.47577361565,115726.57084690554,116814.22658794788,2155
2012-05-29,112082.9140625,116216.00550779355,111049.64120117662,113660.01474557254,3240
2012-05-30,118391.3125,118826.37474161689,114965.19734726688,115454.6423690859,2586
2012-05-31,119152.671875,123666.44264890462,116651.0639762095,118391.31294928116,3462
2012-06-01,129539.796875,129920.47637883082,123992.75267632242,126820.65756192275,3649
2012-06-04,130083.609375,134107.93508308948,126657.49424514006,127908.29818143813,3109
2012-06-05,125134.7890625,132639.61343912972,124917.25792114841,132258.93394176444,2924
2012-06-06,115835.328125,123068.23828491784,115726.56255868544,122361.26210387325,3865
2012-06-07,118010.6328125,118065.01559259792,110125.12969830069,110451.42637888824,3900
2012-06-08,113659.9921875,120892.90078125,113061.78170230263,118500.05884046052,3718
2012-06-11,121273.625,121599.92174887891,109472.55924887891,109798.85599775784,3302
2012-06-12,116270.3984375,123177.01237649088,116052.86728981526,119914.0451612196,3307
2012-06-13,119968.4375,121708.68682003625,114747.6895398912,116868.6183986854,3794
2012-06-14,115672.1796875,121110.45799908909,114747.67237452985,120022.80233677127,4202
2012-06-15,111484.7109375,116487.9272332317,110940.88307926829,115237.12315929878,3276
2012-06-18,110940.8828125,115182.74009650735,109798.84431295955,114203.84995404411,2686
2012-06-19,105176.296875,110016.36431133661,103381.66512894261,109526.91928968459,4553
2012-06-20,105665.7421875,107841.0534008299,103436.04819383685,105121.91438416752,4256
2012-06-21,113224.9609375,113823.17158606509,105720.13643731989,106263.96429965178,4092
2012-06-22,109255.0234375,113170.58425755973,108384.89881082007,111267.18663669737,3102
2012-06-25,114312.6171875,115563.42127661157,112681.13359300667,113986.32046860133,2527
2012-06-26,113116.1953125,116596.69362980769,111430.32894005408,113551.25760216346,2481
2012-06-27,107895.4453125,112409.21646216608,107569.14860288557,112028.53696761592,2574
2012-06-28,108167.359375,113116.1928104575,107841.06266496982,110397.05356020613,3728
2012-06-29,98324.0546875,102837.82489715847,98052.1408194483,101151.95891523783,5011
2012-07-02,95387.4296875,99792.43641765251,95224.28129008695,97345.21045645667,3269
2012-07-03,91471.8515625,95441.79517965963,91417.46877322384,95115.49844400267,2561
2012-07-05,91634.96875,93157.68633160237,90438.54779302671,91199.90658382789,3042
2012-07-06,94952.3671875,96094.40596810567,93810.32840689433,94027.85960320017,2969
2012-07-09,95713.703125,97182.03834339489,94843.57855113636,95115.49248046875,2038
2012-07-10,98813.5234375,100281.8586784535,93266.4791938979,93701.54148751376,3176
2012-07-11,100118.703125,101913.33495722433,97834.62624762357,98759.13355513308,3113
2012-07-12,101097.5859375,105611.35658452124,99901.16480214497,102402.77263061458,3864
2012-07-13,97236.4375,100118.72563618567,96040.01600950782,99955.57725111856,2577
2012-07-16,98215.3125,99629.2649501661,96855.74283637873,97834.63299418605,2045
2012-07-17,97236.4375,101369.52992170022,95822.48482941833,96475.0783696868,3644
2012-07-18,95659.3046875,98106.52965108017,93810.29027057278,97834.61576623793,3749
2012-07-19,96529.453125,97018.89823943662,93701.5480193662,94354.14150528169,3114
2012-07-20,99846.78125,100553.75736996187,98269.68067470043,98813.50845928649,3204
2012-07-23,104795.625,106807.78801245459,103490.43818111054,105502.60119356513,3268
2012-07-24,108874.3515625,110723.3665241009,103707.98622861515,103762.3690216034,3445
2012-07-25,108330.5078125,109798.84300875377,105937.66527045683,107569.1488218499,2615
2012-07-26,105502.59375,107569.1394007732,102457.15805412372,103218.51697809278,3075
2012-07-27,97780.2578125,105774.52805634734,96420.68804313822,103979.89596078977,4580
2012-07-30,98867.90625,100064.32755775578,95822.47019389439,97236.42264851485,2585
2012-07-31,101369.5,101423.88277896996,97453.93991416309,100118.69608369099,3153
2012-08-01,106481.46875,106481.46875,99085.41167645557,99411.70831205312,3185
2012-08-02,107569.15625,109798.85059087462,105393.8446979272,109744.4678020728,3493
2012-08-03,99792.421875,103871.13121594005,98215.32092983651,102837.85818290191,4759
2012-08-06,97562.71875,99955.56135033445,96040.00073160535,99520.49905936455,3069
2012-08-07,94843.5703125,96039.99149763475,92668.25906680046,95278.63256163991,4597
2012-08-08,95224.2578125,96311.91352709166,93973.45374071959,96094.38238417334,2713
2012-08-09,94082.2109375,95713.69436416186,93266.46922416908,95441.78045971821,2275
2012-08-10,94680.4296875,96311.91325477455,94354.13297404509,95387.40589998564,2233
2012-08-13,95333.015625,98432.83415929833,94517.2739054478,95224.25006239304,2789
2012-08-14,95822.46875,97127.655611521,92994.56388337117,93484.00895644154,2364
2012-08-15,93538.390625,96964.50609556686,93538.390625,96746.97495457849,2855
2012-08-16,90710.484375,95061.10712679855,90057.89096223022,93864.68587005396,3721
2012-08-17,88480.78125,90982.38907882606,88045.7190188998,90221.03017440073,2748
2012-08-20,89133.3984375,90819.26503393837,88698.33609003203,88915.86726376602,2064
2012-08-21,89296.5234375,90221.03068380785,85272.1977771011,87773.80562005177,4041
2012-08-22,90492.9375,91471.82744891827,89187.75090144231,90003.49252554086,3374
2012-08-23,92341.96875,93429.62444787986,90547.33684849823,90656.10241828622,3222
2012-08-24,91634.96875,93810.27958086053,90492.93056379822,92994.53801928782,2917
2012-08-27,90819.2421875,92178.81168132485,89350.90713416916,90003.5004912051,1891
2012-08-28,89514.046875,91580.59230710813,89024.60190423754,90873.61623822903,2474
2012-08-29,88698.328125,90221.04620439914,87556.28956545064,88970.24206774984,2533
2012-08-30,91308.6796875,91798.12466497916,89785.96197978707,90112.25863143984,2266
2012-08-31,90003.5078125,92831.41258969033,88861.46934478852,88970.23491314199,3522
2012-09-04,86686.1640625,92015.67728591594,85924.80503058343,89894.74855414836,3981
2012-09-05,86740.53125,87719.42125783699,85652.87568573667,86523.00013714733,2751
2012-09-06,81900.46875,85489.73232071714,81030.34424800797,85326.58397659363,4850
2012-09-07,80105.828125,81737.31138620163,79725.14869738629,81302.24918321453,2860
2012-09-10,81139.109375,81411.02328041219,79562.00872360925,80486.51600201073,2268
2012-09-11,80649.6640625,81302.25743320127,79235.71175931388,81139.10909052596,2358
2012-09-12,79398.8828125,81084.74950235445,78909.43764447774,79398.8828125,2150
2012-09-13,76244.6640625,80214.60734107526,74667.56330799751,79018.18607903887,4834
2012-09-14,74178.1328125,75592.08549074414,72601.03174830462,75483.31990010997,3784
2012-09-17,75157.0078125,76135.89792872648,74558.79718591715,75102.6250282652,2062
2012-09-18,75755.2265625,76734.11678369527,75320.16424196877,75700.8437724336,2135
2012-09-19,76081.5078125,76570.95282344532,74939.4694536276,75320.14890658506,2079
2012-09-20,77169.171875,78746.27263918253,76625.34402528188,77332.32022991544,2561
2012-09-21,76353.421875,76407.80465411325,74776.32128071581,74939.46961805556,2153
2012-09-24,76951.6328125,77876.14006183745,75646.446107553,77223.54670936396,2813
2012-09-25,80323.3515625,80540.88264323799,75374.5194757109,75592.05055644888,3647
2012-09-26,81846.1015625,82716.22623027409,79616.4071013289,79888.3210600083,3558
2012-09-27,79126.9296875,82117.98201245704,78311.18814432989,80758.4127738402,2785
2012-09-28,80921.5703125,81411.01529422883,79290.08704007056,79942.68034904233,2510
2012-10-01,80160.21875,81247.87436397557,77658.61083785618,79290.09425881953,3087
2012-10-02,79779.546875,81030.35095006817,78583.12558580436,78855.03951516701,2129
2012-10-03,80268.96875,81574.15523373983,78637.4856453252,79507.60996781843,3039
2012-10-04,78474.34375,81519.77912768538,78474.34375,79398.85091822591,3440
2012-10-05,78909.4140625,79670.7729852257,75755.21281120779,77604.22733782737,3175
2012-10-08,80268.96875,80921.56199186991,79507.60996781843,80268.96875,1825
2012-10-09,83151.2734375,83586.33569224166,80051.45487246566,80268.9859998365,3285
2012-10-10,83640.7265625,84402.08558192458,82498.68803336313,83042.51590438069,2555
2012-10-11,82661.8515625,83151.29673622533,80595.3052734375,81682.96121504935,2760
2012-10-12,84728.390625,85163.45296453786,81846.10262556162,82716.22730463734,2861
2012-10-15,82933.765625,85652.90548155738,82933.765625,83912.65597336066,2746
2012-10-16,81084.7265625,82226.76496478873,80812.81265719315,81682.93715417504,2570
2012-10-17,78909.4140625,81139.10805048243,78528.73460113716,80649.6630287302,3013
2012-10-18,80214.609375,80432.1405190678,78474.36022245763,79072.57086864408,3146
2012-10-19,84945.9140625,86087.95259983194,82063.62632542413,82118.00911291613,4760
2012-10-22,85000.296875,86577.39771273192,84619.61736244401,85652.89032509597,3125
2012-10-23,86305.4765625,89405.29519139887,85979.17986472117,87284.3666558365,3648
2012-10-24,87121.21875,87991.3432818352,85000.29020365169,85489.73525280898,2123
2012-10-25,86087.9296875,88100.09228916613,84021.38431281585,84837.12590808592,2739
2012-10-26,87229.96875,89350.8969178616,84782.74394092892,86251.07882637157,3238
2012-10-31,85598.5078125,87991.35047053685,85489.74223713469,87121.22586761435,1988
2012-11-01,82770.59375,85924.79508869907,82226.76593298292,85000.28779977003,3247
2012-11-02,86686.1640625,86740.54685049404,81519.79920306618,81628.56477905427,2476
2012-11-05,85000.296875,87556.28788787588,84674.00014995201,86631.78050023993,2055
2012-11-06,83260.046875,84293.31982772697,82389.92228322991,84021.40589279882,2451
2012-11-07,89024.6171875,90384.18678413256,86087.94685877366,86087.94685877366,4203
2012-11-08,92831.4140625,92994.56241761862,88480.79125933656,89677.21253020651,3159
2012-11-09,92233.1875,94462.88130159197,90112.25924970518,93919.05354510613,3622
2012-11-12,92994.53125,93483.97615131579,91254.2827119883,91580.57931286549,1684
2012-11-13,94571.671875,95006.73419529902,91635.0012129816,94408.52350488787,3086
2012-11-14,99792.421875,100445.01536955041,93157.72134707084,93919.08042404632,3922
2012-11-15,101260.7421875,103544.81907894737,98813.51694666354,100553.76600681391,4648
2012-11-16,98813.5234375,104143.03653429417,98160.92999707622,101587.04555930104,4307
2012-11-19,92341.96875,95931.23255300353,92341.96875,95604.93584363959,2789
2012-11-20,91852.5,94190.95914742452,91689.35168738899,93048.92095914744,2504
2012-11-21,90438.578125,92396.35852938966,90384.19533598918,91526.23390521648,1751
2012-11-23,87610.671875,89894.7489816108,87556.28908674736,89785.98340510552,2097
2012-11-26,86849.2890625,89078.98277042893,86686.14074240765,88263.24116996712,2261
2012-11-27,87284.3671875,87501.89832067757,85380.96977219626,87121.21883761682,3022
2012-11-28,85217.8359375,90492.96681557116,85163.45314494257,88317.65511327378,3872
2012-11-29,82172.390625,84130.17094432496,81628.56275852084,82933.74963807082,3848
2012-11-30,82498.671875,83640.71018045484,81628.54745179632,81628.54745179632,2858
2012-12-03,82661.8515625,83586.35911287006,80486.53967927632,80704.07086759868,1940
2012-12-04,82444.3125,84456.47579980211,81846.10178924802,82553.07808377309,2690
2012-12-05,82770.59375,84565.22554615636,81247.87586235216,81356.64142575557,3124
2012-12-06,82335.53125,83858.24913309114,81791.7034346103,82988.12462846763,1912
2012-12-07,82172.390625,83205.66357131039,81084.7348920417,81247.88325198545,2103
2012-12-10,81030.328125,82117.98353607382,80758.41427223154,81628.53860109061,1997
2012-12-11,78583.1171875,79997.0694690744,78093.67216695502,79453.24166846887,3323
2012-12-12,79725.15625,80268.98405525238,77386.69668741473,77876.14171214188,2883
2012-12-13,81302.25,82117.99163879598,79018.17341137123,79670.76672240802,2703
2012-12-14,81193.484375,82117.9915648024,80105.8288575854,81900.46046131948,2283
2012-12-17,78093.6796875,80975.96730827821,78093.6796875,80486.52224059889,2528
2012-12-18,74667.5546875,78093.66972414422,74504.4063524217,77441.07638383102,3850
2012-12-19,74341.265625,75211.39016779444,73199.22716258229,74395.64840892465,2533
2012-12-20,73144.859375,74993.87440752788,72981.71098977696,74341.28086663569,2173
2012-12-21,74178.1328125,76951.6553736712,74069.36722186583,76462.21021581745,2909
2012-12-24,75048.25,75809.60905797101,74613.18768115943,74885.10163043479,808
2012-12-26,76788.484375,76788.484375,74504.40764429887,74613.17320290368,1695
2012-12-27,76788.484375,79725.15445733003,75972.74268546388,76462.18769918555,3065
2012-12-28,78256.828125,78474.35926641765,76135.89949617791,78039.29698358235,2302
2012-12-31,73416.734375,78909.39376157407,73090.43777777777,78093.65226851852,3668
2013-01-02,66999.5859375,68902.98326526988,66890.82037591316,68141.62433416193,5165
2013-01-03,67162.71875,67924.07750506073,65857.53231275304,66836.42214068826,3229
2013-01-04,65966.3046875,67217.10848619125,65422.47694893858,66455.74965220527,2560
2013-01-07,66618.921875,67217.13260204082,66238.24232142858,66890.83584183674,1746
2013-01-08,66727.6640625,67706.5539998472,66346.98464242053,66727.6640625,1788
2013-01-09,65748.765625,66455.74159946236,65585.61732320099,66346.9760649297,1682
2013-01-10,65259.34765625,66455.76902994791,64824.28533854167,64987.43370768229,1957
2013-01-11,65476.8984375,66292.64052766819,65096.21879542151,65422.515631488786,1705
2013-01-14,65531.2421875,66183.83547069502,65150.56277230291,65911.9216026971,1334
2013-01-15,64552.359375,66782.05333824769,64334.82825663437,66727.67055865627,2518
2013-01-16,65096.18359375,65585.62858317669,64606.738604323305,65041.800817147036,1490
2013-01-17,63301.55078125,64443.58906854059,62920.87135215314,64280.44074178479,2595
2013-01-18,62703.34765625,63736.62051441891,62648.964874241115,63301.55825834779,1452
2013-01-22,61452.546875,63138.41320519912,61289.39852046461,62648.96814159292,1759
2013-01-23,61833.203125,61941.968653803866,61234.992716578716,61289.37548098065,1313
2013-01-24,61235.015625,61941.99182670959,60038.594360568386,61506.92954873446,3194
2013-01-25,60092.9765625,61180.632246889145,59929.82820984163,60201.74213093892,1883
2013-01-28,59657.9140625,60963.100878817226,59277.23457440747,59657.9140625,1890
2013-01-29,59603.53125,60473.65579379562,59386.000114051094,59821.062385948906,1726
2013-01-30,61724.45703125,62268.2848465033,59712.29411481277,59821.059677863435,2889
2013-01-31,60636.8125,62213.91345291479,60310.51575112107,61941.999495515694,2413
2013-02-01,58842.1640625,59929.81959045749,58243.95352212338,59766.671261263866,3310
2013-02-04,60963.09375,61235.0076382694,59222.84486507583,59929.82097457627,2835
2013-02-05,59331.625,60364.89802933089,58733.414298808435,60092.98407424381,2303
2013-02-06,58515.87890625,60310.510880140566,58461.49611916241,60147.36251887779,2383
2013-02-07,59114.09375,60310.51515064398,58407.11746780129,58733.41421343147,2454
2013-02-08,57917.6640625,59005.31972564554,57754.51571302817,58950.93694248827,2182
2013-02-11,58080.82421875,58896.56613193469,57972.05863032537,58026.44142453768,1440
2013-02-12,57319.4609375,58135.202791449236,57047.54698618358,57917.67163039611,1745
2013-02-13,56612.48046875,57482.60504848103,56449.33211005043,57047.54275861551,1837
2013-02-14,56123.03125,57156.304112160855,55796.734556686046,57101.92132994186,1921
2013-02-15,56177.4140625,56558.09353823814,55524.820675520335,56177.4140625,1822
2013-02-19,54654.70703125,55796.74568563433,54545.94144511816,55796.74568563433,1842
2013-02-20,57645.75390625,57754.51947965802,54382.786704009435,54437.169490713444,2838
2013-02-21,59222.8515625,60310.507238578975,57591.36804838154,57645.75083218549,4712
2013-02-22,57156.30859375,58461.49546934467,57101.92580726689,58298.34710989534,2369
2013-02-25,60908.71875,60908.71875,56123.03370535714,56231.799274553574,3378
2013-02-26,60038.58984375,61289.39379882812,59277.23091457201,60038.58984374999,3951
2013-02-27,58189.57421875,60201.737065566595,57156.301405519866,60147.3542859229,3566
2013-02-28,58026.4296875,58515.8747364105,56775.62567361762,58243.960820349115,2345
2013-03-01,57156.30859375,60310.51020977046,56775.62908836822,59005.32333417579,4070
2013-03-04,56558.09765625,58352.72960111177,56558.09765625,57482.60502178485,2463
2013-03-05,54709.08203125,55742.35495231735,54382.785319334,55742.35495231735,3081
2013-03-06,54219.63671875,54763.46456948972,53893.34000830617,54110.871148602055,2136
2013-03-07,53349.5,54382.77268093782,53295.11722731906,54219.624362895,1920
2013-03-08,51881.171875,53295.12414832285,51881.171875,52207.46855345912,2569
2013-03-11,52044.32421875,52588.15205802639,51881.17586696709,52425.00370624347,1111
2013-03-12,52316.23046875,52860.05822830042,51881.16826110967,52316.23046875,1567
2013-03-13,51663.640625,52751.296217105264,51391.726726973684,52261.8512006579,1968
2013-03-14,50140.9296875,51500.49936449295,50140.9296875,51391.733790333514,1714
2013-03-15,50358.46484375,50793.5271750135,49869.01972107857,50358.46484375,1589
2013-03-18,50956.671875,51935.56204975987,50412.8440001334,51772.41368729989,2314
2013-03-19,51609.2578125,52968.82730176501,50249.68832323499,50684.75055979979,3637
2013-03-20,50249.6953125,50956.67154525163,50140.92973823052,50739.14039671267,1957
2013-03-21,51446.11328125,52044.32390079942,50521.605960128174,51282.96493046379,1940
2013-03-22,51065.43359375,51391.73029402955,50684.75411009052,50847.902460230296,1285
2013-03-25,50902.29296875,51989.9488014156,49705.87155281784,50575.99621895032,2547
2013-03-26,50304.0703125,51228.577550675676,50032.156418918916,50304.0703125,1315
2013-03-27,50249.6953125,51989.94450081169,50195.31252536526,51391.733842329544,2104
2013-03-28,50249.6953125,50630.374822443184,49814.63301542208,50358.460886769484,1622
2013-04-01,52044.32421875,52860.06597766458,50086.54399735502,50358.45791699321,648
2013-04-02,52887.25390625,53227.14628353952,50861.495337604436,51092.62215416131,7097
2013-04-03,55579.20703125,55919.09944215539,52438.60115448416,52520.175333101455,9348
2013-04-04,54151.6640625,55878.31767433468,54110.87696930706,55334.48976509541,7194
2013-04-05,54423.56640625,56802.81300157694,54423.56640625,56571.68618945947,8062
2013-04-08,53104.7890625,55157.73917730735,53064.00197412634,54002.10500672043,4435
2013-04-09,53539.84765625,53866.144340798,52520.17051703752,52832.87150639602,5941
2013-04-10,50616.77734375,53159.17255279681,50331.26772134368,53064.00267866137,7068
2013-04-11,50385.65625,50888.69707062871,49542.72298300054,50698.35730066109,5381
2013-04-12,51119.81640625,52180.280682762634,50562.39287628823,50915.8809684591,6386
2013-04-15,56666.86328125,57305.86101978616,51826.795304252635,51989.94366302783,10545
2013-04-16,53893.33984375,56041.45984761289,53607.830222983415,55416.057821171795,7323
2013-04-17,56666.86328125,58094.411420532924,54953.805514110485,55116.95387288567,10373
2013-04-18,57496.1953125,58393.51120056455,56055.05161348723,56462.92247169839,8459
2013-04-19,55619.99609375,58230.369902109815,55443.252033808974,56802.821725663045,8053
2013-04-22,55089.765625,58135.20182934354,54681.89470477542,55388.87096649803,6686
2013-04-23,52479.3828125,54940.203612775265,52411.40433735428,53757.37814523964,9995
2013-04-24,51650.046875,53063.99919797973,51527.6856162806,52520.171381449065,8690
2013-04-25,50589.5859375,51459.71050078944,49787.43985571755,51228.58366366568,8423
2013-04-26,51391.71875,52044.312003968254,50657.55133928572,51106.20920138889,7050
2013-04-29,50290.48046875,51106.22224439882,49950.58806222965,50711.947052835225,5469
2013-04-30,49420.359375,50902.290371389274,49365.97658614168,50263.29260230399,6342
2013-05-01,52928.0390625,53063.9960084607,49719.455137827514,49896.19916757642,11665
2013-05-02,50399.2421875,52357.022299450364,50127.32828306245,52030.7256141253,8073
2013-05-03,48047.1953125,48686.19309962153,46918.75241183856,48455.06624044991,11860
2013-05-06,47068.29296875,48033.58724973823,46918.740333667316,47911.226002852396,7536
2013-05-07,45939.86328125,47448.98575068438,45926.26758332717,46877.966437925425,10661
2013-05-08,45531.984375,46606.04432293222,45491.197288369665,46252.55623880263,10547
2013-05-09,46075.8046875,46483.67548733033,45423.211407771465,45776.69943429109,10287
2013-05-10,44906.58984375,46035.03276141008,44797.82426132493,45858.28868996935,11098
2013-05-13,44974.55078125,45477.59140365213,44525.89292883729,45056.124936234126,7645
2013-05-14,43247.90234375,44784.215756149795,43207.115262004874,44770.62006223475,8410
2013-05-15,42976.0,43669.38057576716,42377.78930718127,43574.21069281873,7155
2013-05-16,43302.29296875,43614.99398547881,42513.74257873822,43220.71879047292,8876
2013-05-17,41861.140625,42880.81764574537,41820.35354417018,42704.07362881617,8669
2013-05-20,41616.4296875,42228.23606970761,41126.98458173391,42228.23606970761,8901
2013-05-21,41534.8515625,42037.89231792144,41194.95916018822,41630.021435147304,7846
2013-05-22,43479.03515625,44240.39412083724,40161.68538197702,41371.70230783888,18475
2013-05-23,43234.3046875,45110.510362617926,43179.92191430818,44892.97926985063,13129
2013-05-24,43261.50390625,44797.81752705649,43152.73834017521,44009.267173014225,8681
2013-05-28,41534.8515625,42445.76320069558,40324.83461027005,41480.46877813012,10861
2013-05-29,42663.296875,43764.548323972274,41929.12924235182,42282.61736177501,10836
2013-05-30,41901.94140625,42608.91770512249,41548.45325681376,42350.599442072926,9241
2013-05-31,43179.9375,43261.51168923174,41670.814999212846,42513.748287940805,10997
2013-06-03,42065.0859375,44213.20603385585,41847.55478850194,42744.87077811894,13698
2013-06-04,43315.89453125,44294.784803142655,41385.305383906154,42051.49459672199,12080
2013-06-05,45042.53515625,45341.640430453896,43302.28628815462,43451.83892525656,12299
2013-06-06,43519.8203125,45926.258361644796,43519.8203125,45110.51665007029,12132
2013-06-07,42595.30859375,43750.94256453479,42214.629168079715,42921.60524432453,10709
2013-06-10,41752.38671875,43030.382274452546,41752.38671875,41942.72648236527,8116
2013-06-11,43139.14453125,44186.013150508195,42173.850090115826,43152.740227604,11983
2013-06-12,44281.1796875,44525.902203427235,42105.868434813485,42296.20816942355,12752
2013-06-13,42078.6796875,44892.988797455575,41725.19158673263,44417.13943103796,12117
2013-06-14,42894.421875,43329.484157091916,41806.766169770206,42241.82845186212,8692
2013-06-17,42173.8515625,42908.019191247586,41439.68393375242,41806.76774812621,7802
2013-06-18,40610.34375,41997.10473510211,40311.23843948778,41888.33916764312,8599
2013-06-19,42037.8984375,42214.642512431274,40420.01036697526,40623.9458380498,10641
2013-06-20,45300.86328125,45926.2653553609,43900.50646313213,44104.441922081336,12406
2013-06-21,45069.73046875,46905.14935661765,44716.24238664216,45464.0056372549,11282
2013-06-24,46728.40625,47992.805953593255,45640.750590995056,46497.27942246145,10409
2013-06-25,45409.62109375,46524.468078686376,45137.70719498503,45477.59956844124,8179
2013-06-26,44784.21875,45396.02501707651,44009.26414503643,44145.22109327566,9215
2013-06-27,42676.890625,44063.651645627586,42500.14657335138,44009.26886050493,10390
2013-06-28,43288.6953125,43506.22644472362,42173.848259853956,42921.61152687265,9410
2013-07-01,41290.12890625,42568.12433502429,40678.32258396444,42554.5286389735,9246
2013-07-02,41371.69921875,42214.6322951754,40487.97905798143,41317.31643962578,10428
2013-07-03,41086.1953125,42037.894078838515,40719.111502626576,41861.150022232796,5479
2013-07-05,39345.94140625,41086.1903696225,39305.15432117096,39767.40795206678,7619
2013-07-08,38856.49609375,39142.00568716104,38489.412330792955,38883.687483598675,7421
2013-07-09,37809.640625,38638.97830142035,37619.300830411725,38163.128814949654,8908
2013-07-10,37442.55078125,38108.73995637028,37401.7636888957,37809.63461243873,8660
2013-07-11,36110.16796875,36776.35706154697,36055.785185664536,36232.5292306923,9264
2013-07-12,35824.65625,36178.14431925996,35484.76387571158,36150.95292931689,5726
2013-07-15,35008.91796875,35756.6812651699,34900.15239836165,35634.31999848301,5268
2013-07-16,35525.55078125,35770.27328950201,34900.14881571709,34954.53159532864,5717
2013-07-17,35090.5,35321.62688880279,34614.65052305308,34900.160209221234,5998
2013-07-18,34329.12890625,34900.14808013614,33948.449456992574,34832.16960705446,6367
2013-07-19,34220.3671875,34791.386425432065,34220.3671875,34505.87680646603,5708
2013-07-22,33948.44921875,34383.51144341961,33758.10949545705,34043.61908039648,5350
2013-07-23,34043.62109375,34247.5565236247,33581.36745270068,33635.750234000596,6316
2013-07-24,34913.7421875,35049.699127482476,33540.577093676984,33622.15125766647,8090
2013-07-25,33921.26171875,35158.470061999,33839.68754227205,35022.51310120241,7549
2013-07-26,34342.7265625,35063.298418324426,34274.74808553543,34505.874907214966,5139
2013-07-29,35076.8984375,35430.38656128876,34193.1781280281,34628.24043422965,4600
2013-07-30,34940.93359375,35348.804413910504,34560.2541616002,34736.99818366975,4767
2013-07-31,34750.6015625,34818.58004755966,33758.11568062891,34560.26180433294,8173
2013-08-01,33336.6484375,33894.072004358684,33105.521592704936,33744.519340079525,7670
2013-08-02,33200.6953125,33785.31034052518,33146.31251919533,33690.14045224201,4666
2013-08-05,32928.77734375,33513.39230071996,32820.01177036024,33309.456850614166,4692
2013-08-06,33866.87890625,34165.98421975361,33078.32853428593,33200.68979890104,5222
2013-08-07,34587.44921875,34845.76743225481,34002.83431450226,34220.36544166421,5382
2013-08-08,34179.578125,34737.001634596265,33717.32448289578,34030.02547608393,5176
2013-08-09,34274.75,34777.79075763586,33771.709242364144,34369.91987306625,6729
2013-08-12,33758.1171875,34968.1342755739,33690.13869940596,34954.53857795509,5499
2013-08-13,33866.87890625,34492.28092539392,33649.34776915646,33649.34776915646,5574
2013-08-14,34233.94921875,34288.33198160743,33676.525899461376,33853.26987874801,5084
2013-08-15,36123.765625,36341.296769147535,35308.02383444674,35443.98079953895,7578
2013-08-16,36558.8203125,36708.37294300855,35838.24854732242,36450.05476303923,6806
2013-08-19,37728.0546875,37728.0546875,36368.485149211716,36613.207666103604,6485
2013-08-20,36042.1875,37619.28812240664,35824.65637966805,37551.30964730291,7553
2013-08-21,36681.1796875,37197.81602112676,35620.71563426612,36490.83998563751,10483
2013-08-22,35172.06640625,36368.48768330837,35076.89653193854,36327.70059431774,7864
2013-08-23,34886.5625,35620.730222135615,34804.9883086516,34859.371102883866,4545
2013-08-26,34900.15234375,35308.02323206807,34233.96322616381,34669.02550703642,7809
2013-08-27,37320.1796875,37510.51940175319,35661.50503472222,36123.75862647996,10726
2013-08-28,37048.26171875,37578.49372133028,36626.79525516055,37442.53679759175,6836
2013-08-29,35933.42578125,37225.01694629682,35525.554887024686,37143.44276745176,7704
2013-08-30,37537.71875,37741.65420137632,35906.2351389895,35906.2351389895,9704
2013-09-03,36857.9296875,37877.606827508294,35389.59460588804,35947.01810909258,8634
2013-09-04,35879.05078125,37184.2379260018,35824.667983552004,36749.17554441786,7177
2013-09-05,35702.3046875,35987.8143594107,35280.838028965154,35797.4745781369,5671
2013-09-06,35416.78515625,37116.2470159549,34886.55305602207,35076.89278430902,10614
2013-09-09,33798.890625,35063.28999270917,33717.31647224457,35036.09860845736,7022
2013-09-10,32792.8203125,33526.98793143657,32765.62891920605,33146.30842532131,7294
2013-09-11,32779.22265625,33187.093531275925,32534.500131234447,32955.96670209456,6948
2013-09-12,33418.22265625,33472.60544332282,32738.437817839706,32847.20339198536,6503
2013-09-13,32901.58203125,33581.36678396178,32874.39064114153,33119.113152117774,5139
2013-09-16,32752.03125,32833.60542496887,31705.16267123288,31718.758367061022,5864
2013-09-17,31732.353515625,32670.456511588207,31732.353515625,32656.860815994536,4983
2013-09-18,30767.060546875,32439.33118199017,30331.998267820647,31732.354978526844,10435
2013-09-19,30862.228515625,31174.92950939565,30495.14474032902,30576.718912617012,5054
2013-09-20,31229.31640625,31242.912103422943,30603.914336294623,30644.701427813452,6369
2013-09-23,31147.732421875,31922.68691687582,30957.392721348486,31134.13672898025,7809
2013-09-24,30916.6015625,31650.76888192612,30236.817007475813,31079.749855705802,7589
2013-09-25,31011.787109375,31174.935485224407,30182.44953214051,30807.85163956324,8177
2013-09-26,30508.740234375,31134.142217789104,30182.443547376337,30794.249835498827,6090
2013-09-27,30970.99609375,31256.505715334177,30535.933813240783,31106.953056409133,6058
2013-09-30,30889.41796875,32085.839087257922,30712.67393987951,31936.286447444432,9956
2013-10-01,29801.765625,31025.37826471259,29801.765625,30984.59117672217,9277
2013-10-02,30168.85546875,30617.513526644885,29896.941494268252,30454.365141955837,5537
2013-10-03,31093.359375,31664.37865517053,30196.043363303455,30345.596031919547,9622
2013-10-04,30495.146484375,31229.31407695469,30223.232561197336,31052.57002688921,6230
2013-10-07,31528.419921875,31555.611314649366,30753.465227805627,31338.080172454454,7590
2013-10-08,33051.140625,33159.90620500823,31297.295647367337,31460.44401737968,11583
2013-10-09,33431.80859375,34043.61476972346,32752.023953779484,32806.406724977125,12182
2013-10-10,31052.5703125,32194.60880035026,30875.826260808884,32085.843230078808,11718
2013-10-11,29611.42578125,31283.69638322142,29611.42578125,31270.10068727043,9034
2013-10-14,29257.939453125,30277.616711017366,29108.38678863412,30155.255440070283,7073
2013-10-15,30019.294921875,30250.421739661175,29176.361821713654,29393.892944335934,7463
2013-10-16,28931.64453125,29638.62080738957,28863.666043159657,29407.4939478824,7358
2013-10-17,28238.259765625,29366.70250060183,28197.47267881861,29353.106804999697,7805
2013-10-18,27204.986328125,27884.771093945215,27137.007851542978,27572.070101667916,8120
2013-10-21,27381.73046875,27504.091727051265,26905.88113091174,27069.02947531343,5899
2013-10-22,27191.39453125,27436.11708203125,26606.779548828126,27001.054769531253,9509
2013-10-23,27395.326171875,27857.579814477358,27300.156304280397,27531.283125581576,7105
2013-10-24,26865.09765625,27449.712635611715,26783.52347308325,27327.35136086159,5442
2013-10-25,26865.09765625,27245.77717769484,26633.970803944205,26769.92777588879,5107
2013-10-28,26933.07421875,27313.75371300795,26742.734471621025,26851.50004140901,4301
2013-10-29,26674.75,27272.960499490317,26498.005988786954,26701.94138634047,5876
2013-10-30,27735.220703125,27966.347542317708,26579.586507161457,26606.77790000766,8432
2013-10-31,28170.28515625,28482.986198042352,27517.691677726834,27803.201324580717,8212
2013-11-01,28605.345703125,29203.556354711265,27898.36947852305,28088.709231300498,8191
2013-11-04,27626.45703125,28442.19887272392,27490.500057671015,28197.47632028174,5936
2013-11-05,27843.984375,28442.19497680664,27653.644638061523,27939.15424346924,6586
2013-11-06,28265.455078125,28428.603447984307,27313.756253945707,27340.947648922258,6631
2013-11-07,29706.599609375,29760.982400421908,27721.627736162758,27843.989016018306,12562
2013-11-08,28047.919921875,29557.042128044715,27871.17587971098,29516.25504139148,11672
2013-11-11,27925.560546875,28482.984102094997,27776.007885718416,28197.47447625061,5883
2013-11-12,27816.79296875,28442.19496120479,27816.79296875,28183.876746929986,6421
2013-11-13,27055.43359375,28510.17298798681,27028.242203203517,28469.385902167087,10173
2013-11-14,27096.22265625,27612.859114322,26987.457086129576,27109.818352515053,6618
2013-11-15,26742.734375,27286.562221975088,26701.94728647687,26987.45690613879,5338
2013-11-18,27300.162109375,27585.67177286946,26375.65462758342,26443.633118891623,7285
2013-11-19,27816.79296875,28129.493964977395,26892.285675555962,27313.75223568854,11001
2013-11-20,27857.578125,28238.257572291364,27232.176175878478,27436.11159407028,10032
2013-11-21,26362.052734375,27626.452375580197,26348.45703930828,27517.686815046418,9876
2013-11-22,25967.779296875,26525.20283151996,25899.800817040246,26362.05447991656,6442
2013-11-25,25872.607421875,26130.925625246324,25668.6719981608,25791.03325238932,5175
2013-11-26,25301.591796875,25954.18524461815,25165.63482859518,25899.80245730622,6227
2013-11-27,24839.3359375,25423.950850095785,24812.144546216474,25287.993893678162,4308
2013-11-29,24825.740234375,24839.335930012665,24404.273669607406,24540.23062598405,2906
2013-12-02,25491.927734375,25750.245935416668,24662.590352083334,24703.377436458333,7274
2013-12-03,25899.802734375,26294.07794660433,25383.16624938484,25709.462976747047,8596
2013-12-04,26158.115234375,26905.878403756822,25505.5219229145,26294.072174262605,9160
2013-12-05,26062.9453125,26389.241967429578,25791.03143339202,26171.710864143195,6357
2013-12-06,25437.54296875,25668.669762159272,25029.672156851284,25342.3731126403,8032
2013-12-09,25478.3359375,25845.419753034952,25192.826303195037,25383.166059398347,3407
2013-12-10,26185.310546875,26294.076115086318,25383.164481316522,25627.88700979199,5635
2013-12-11,27381.73046875,27626.45298535253,26076.543713536495,26090.139408903302,8669
2013-12-12,27259.37109375,27626.454894014965,26960.26577501559,27354.540967892768,6657
2013-12-13,26987.45703125,27572.071969458437,26742.734498976697,27096.222601149242,6342
2013-12-16,26049.353515625,26769.925403061392,25994.970731667538,26701.946923114563,6268
2013-12-17,26117.33203125,26647.564175559604,26008.566463186493,26090.140639234123,6259
2013-12-18,25097.654296875,26851.499044598117,25056.867209718646,26008.565910033518,9775
2013-12-19,25587.099609375,25695.865176258634,25084.05886253819,25179.228733561373,5766
2013-12-20,24417.8671875,25559.905519209355,24132.357604572662,25559.905519209355,7040
2013-12-23,23506.955078125,24009.99575938042,23466.167995861048,23860.443124412595,4600
2013-12-24,23194.255859375,23425.38267626209,23071.894603375953,23398.191286040077,2753
2013-12-26,23180.66015625,23275.830021994134,22745.59791284824,22935.93764433651,4059
2013-12-27,23235.04296875,23479.765481001315,22895.150590623172,23017.51184674883,4600
2013-12-30,23303.021484375,23425.38274071069,23112.681752297256,23262.23439892977,3714
2013-12-31,23071.892578125,23207.84951730075,22895.148557196524,23099.08396596015,4955
2014-01-02,23833.25390625,24105.1678127674,23235.043311911722,23248.63900723759,8449
2014-01-03,23479.765625,23846.84939562826,23357.404368123913,23588.53118666763,5714
2014-01-06,24023.59765625,24064.38474904499,23126.281614760184,23153.473009956848,7419
2014-01-07,23425.384765625,23819.659959010445,23167.066535475915,23751.681477392267,7834
2014-01-08,23330.21484375,23819.659910402097,23221.449273382867,23398.19332522946,6379
2014-01-09,23316.6171875,23765.27512755102,23017.511894132655,23112.681760204083,6792
2014-01-10,22935.94140625,23615.726273062388,22935.94140625,23303.025234328692,9424
2014-01-13,23833.25390625,24268.316156677836,22963.129405394324,23099.08635865302,7867
2014-01-14,22976.73046875,23738.089584874262,22908.751976238906,23547.749805843196,8078
2014-01-15,22460.087890625,22840.767346398305,22432.89650092691,22813.575956700213,7457
2014-01-16,22378.51171875,22677.616978660386,22364.91602511771,22541.660042337484,5029
2014-01-17,22609.64453125,22745.60150377706,22324.134888943176,22378.517677953998,4750
2014-01-21,22174.58203125,22691.218522474708,22065.81645415006,22147.390636975015,6318
2014-01-22,21848.283203125,22269.749773938238,21780.304723961573,22160.984207276757,6182
2014-01-23,22269.74609375,22718.403982085623,22093.002077132936,22133.789157890722,7106
2014-01-24,23942.021484375,24105.169842019804,22691.217409098168,22718.40880203897,10023
2014-01-27,25056.8671875,25464.738058701845,23751.6803996541,23806.06318248101,12781
2014-01-28,24281.91796875,25029.681400038495,24268.322269999302,24948.107207534296,6967
2014-01-29,25274.396484375,25505.52329461404,24513.037580058164,24948.099811096356,11060
2014-01-30,24227.533203125,24839.339597143306,23751.683785555204,24635.404132470536,8822
2014-01-31,24703.380859375,25342.37860312328,24173.148689030684,25301.591513096795,9730
2014-02-03,26946.669921875,27354.54080868441,24676.188651969285,24880.12409537399,13501
2014-02-04,26402.841796875,27204.987865884075,26035.758002582712,26593.181542063594,9341
2014-02-05,26987.45703125,27979.942856580605,26620.373232840047,26851.500068875943,12383
2014-02-06,26375.6484375,26810.710679768043,26008.56467058634,26810.710679768043,8998
2014-02-07,25451.146484375,26362.058244232438,25383.1679948334,26008.57009861612,12222
2014-02-10,25233.609375,25967.77688914332,25206.417985587283,25410.35340618265,5824
2014-02-11,24553.828125,25355.974226536546,24349.89267545681,25165.63447362957,7986
2014-02-12,24254.720703125,24594.613089659822,23928.424012051568,24417.869048661716,7010
2014-02-13,23357.404296875,24988.887716912835,23248.638735539145,24961.696326578873,9427
2014-02-14,23235.04296875,23778.870773752926,23139.873102874488,23493.36117612639,6271
2014-02-18,22500.876953125,23180.661755334215,22392.111384771528,23031.10909884819,7140
2014-02-19,23194.255859375,23235.042944708017,22269.74859182664,22718.406530489814,9681
2014-02-20,22460.087890625,23275.8295815678,22296.93955243644,23099.08554853019,7420
2014-02-21,22228.9609375,22392.109274655963,21970.642737003058,22256.152327025993,6188
2014-02-24,21644.34765625,22147.388399517116,21290.85956638662,22120.197007989165,8788
2014-02-25,21671.541015625,21902.66786459967,21318.05289366374,21644.34962162798,7645
2014-02-26,21250.07421875,21753.11500319898,20842.20331244002,21617.158034428983,10275
2014-02-27,20869.39453125,21562.775066164497,20869.39453125,21440.41379529723,7324
2014-02-28,21114.119140625,21521.990083457422,20502.31272637637,20910.18366920879,10685
2014-03-03,21494.796875,22174.581722406703,21277.265723829856,21657.945238377608,13085
2014-03-04,19808.92578125,20760.62434314945,19455.437743973063,20760.62434314945,18377
2014-03-05,19808.92578125,19985.66979988847,19754.54300628432,19808.92578125,6998
2014-03-06,19849.720703125,20026.464791577484,19604.99811911387,19659.38091556079,5877
2014-03-07,19931.2890625,20216.798660257504,19509.8225134294,19509.8225134294,8608
2014-03-10,20067.2421875,20488.708656207655,19944.88095464939,20053.64649496104,8848
2014-03-11,20733.44140625,20978.163993340164,19836.125253586066,20026.465043545082,11506
2014-03-12,20488.71484375,21304.456642439447,20488.71484375,21073.329799477437,10360
2014-03-13,21209.287109375,21549.179530999598,20216.80123823117,20284.77972255609,12074
2014-03-14,20950.970703125,21454.011531168886,20760.63093035164,21454.011531168886,11939
2014-03-17,20651.861328125,20760.626891406762,20121.6292071264,20570.287155663675,10230
2014-03-18,19808.92578125,20638.263099476666,19740.947312542896,20583.88032451098,11179
2014-03-19,20108.03515625,20570.288838002874,19768.14274319642,19822.52552928499,8640
2014-03-20,20040.0546875,20570.286799313093,19876.906345403662,20284.777200644505,8149
2014-03-21,20311.96875,20339.16014056225,19509.822728413656,19768.140938755023,13066
2014-03-24,20991.755859375,21549.179428179646,19999.269992966725,20121.631264167743,14285
2014-03-25,21032.54296875,21454.009569933743,20284.779644069167,20624.672064378636,14027
2014-03-26,22215.36328125,22228.958974812576,20611.071440865973,20624.66713442855,14659
2014-03-27,22432.896484375,22799.980245028408,21821.090216619315,22215.365366950755,15207
2014-03-28,22419.30078125,22636.831898593846,21454.00644803669,22337.726612246057,13269
2014-03-31,21195.69140625,22256.15576140555,21059.734437640313,21997.837521047146,15183
2014-04-01,20407.138671875,21086.923437760244,20311.968804651067,21073.32774244254,11385
2014-04-02,20148.818359375,20488.71070686783,20094.435583776147,20203.201134973853,10011
2014-04-03,20719.84375,20991.757709973754,20108.037340059054,20121.633038057742,9670
2014-04-04,22147.38671875,22405.704918661755,20243.98945624233,20339.15931936771,21392
2014-04-07,23167.06640625,23561.34159743618,22296.941846390844,22487.281593860036,21215
2014-04-08,22636.8359375,23506.960562124626,22283.347808746246,23126.28103885135,15745
2014-04-09,21685.1328125,22704.809903996862,21671.537117946707,22405.70462382445,12763
2014-04-10,23520.552734375,23833.25372448519,21739.51666026915,21739.51666026915,17874
2014-04-11,24458.66015625,24825.7439940592,23357.408642822404,24118.767713834077,21663
2014-04-14,24281.91796875,24988.894303786394,23452.580344957307,23724.494319971305,15937
2014-04-15,23996.404296875,25627.88787513279,23629.320491766997,24077.978475787888,24762
2014-04-16,23235.04296875,23955.614810378876,23167.064493124635,23506.956871251463,16345
2014-04-17,22881.552734375,23588.528814106136,22568.851776032385,23425.380488014336,12405
2014-04-21,22528.068359375,23221.448858064272,22487.28127121681,22732.003800165963,8039
2014-04-22,21821.091796875,22514.472283878506,21617.15635952103,22419.302413113317,10710
2014-04-23,22228.9609375,22296.939411314987,21753.111620795105,21916.25995795107,12992
2014-04-24,22378.51171875,22935.935157673906,21766.70550529693,21821.088279826094,13454
2014-04-25,23561.33984375,23806.062357995528,22650.4282629472,22664.023958183065,16912
2014-04-28,23969.208984375,25002.48174830722,22976.72330322958,23330.211354048497,21606
2014-04-29,23778.875,24010.001858204687,23316.621283590623,23683.705117209833,13570
2014-04-30,23343.806640625,24608.206184933748,23303.019558550524,24064.37842394074,17119
2014-05-01,23384.59765625,24200.339434956397,22840.769803779072,23466.17183412064,16085
2014-05-02,23248.6328125,23493.355263157893,22596.039610745614,23180.65435398392,17758
2014-05-05,23384.59765625,24200.339434956397,23180.662211573403,23833.25563453852,13045
2014-05-06,24472.251953125,24540.23043077257,23466.170483940972,23656.51022135417,14336
2014-05-07,24417.8671875,25573.501213634467,24227.527465548443,24404.27149307489,20750
2014-05-08,25165.6328125,25396.759640059427,23710.893368449484,24513.039417038086,22888
2014-05-09,24485.8515625,25682.272960334536,24458.66016709467,25423.954703983898,17921
2014-05-12,22827.169921875,24159.547916123807,22487.277576403365,24037.186671754018,16838
2014-05-13,23452.57421875,23506.9569995471,22609.641116394927,22895.150715579708,17063
2014-05-14,24608.2109375,24716.976510704422,23642.916475310776,23656.512171961327,12887
2014-05-15,25070.46484375,26062.950707954853,24866.529392201057,24961.699269590565,20988
2014-05-16,24621.798828125,25655.071445981157,24581.011751104365,25043.265290671592,13591
2014-05-19,23819.658203125,25029.675086731237,23629.318468625144,24825.739656909962,12961
2014-05-20,24880.123046875,25301.58961214993,23996.402829363047,23996.402829363047,17304
2014-05-21,24540.232421875,25247.208646771123,24186.74430942694,24499.44533197715,15786
2014-05-22,23738.091796875,24526.642383483675,23561.347699876504,24295.51548740872,15413
2014-05-23,22963.125,23914.82349023091,22935.933614564834,23819.653641207817,11435
2014-05-27,21957.046875,22555.25744001548,21821.089928405574,22528.066050696594,14255
2014-05-28,22337.73046875,22582.45301801202,22052.220827944308,22120.199313850426,12648
2014-05-29,22079.412109375,22487.283022725525,21957.050835369842,22120.199200710053,10570
2014-05-30,22378.51171875,22677.616978660386,22052.21507157503,22106.597846104192,10205
2014-06-02,22718.412109375,23248.64434891158,22228.96696518739,22242.562663637043,11704
2014-06-03,22854.361328125,23425.380468982377,22664.021614505877,23099.083817063878,10568
2014-06-04,22609.64453125,23371.003577401534,22541.666044986472,23194.259513116358,11421
2014-06-05,21222.884765625,22813.58144568786,21141.31057690383,22446.497596442587,18359
2014-06-06,20543.09765625,21005.35134275728,20393.544992968233,20937.372859447387,11279
2014-06-09,20040.0546875,20692.648055885344,19740.949393656716,20597.47818966248,13228
2014-06-10,20162.416015625,20515.904091421526,20080.841844287337,20176.011710847943,10627
2014-06-11,20434.330078125,20801.413851983532,20325.56451550025,20475.11716410928,11263
2014-06-12,20801.4140625,21059.73227634804,20543.09584865196,20597.478630514706,13917
2014-06-13,20679.0546875,21195.69116226989,20529.50202375082,20665.45899079553,9998
2014-06-16,20393.544921875,20937.372786458334,20393.544921875,20733.437337239586,11060
2014-06-17,19944.88671875,20583.884452752216,19727.355575259884,20461.523184539026,13641
2014-06-18,19564.20703125,20203.20475916435,19537.015638572793,19985.6736177467,12521
2014-06-19,19496.228515625,19876.90801244334,19319.48446353077,19360.27155247559,9269
2014-06-20,19305.888671875,19645.781078069984,19278.6972793794,19496.228419344192,7638
2014-06-23,19441.845703125,19577.802666083917,19156.336080911275,19183.527473503058,6742
2014-06-24,20012.861328125,20080.839797310207,18979.58859650985,19550.60773766559,16387
2014-06-25,19509.822265625,20393.542437935543,19496.22657066638,20379.946742976917,14015
2014-06-26,19604.994140625,20080.843512970267,19469.03717709778,19482.632873450504,9924
2014-06-27,19224.31640625,19849.718495845118,19142.742220650634,19836.122798245226,11047
2014-06-30,18979.595703125,19441.849466668158,18966.00000419726,19278.70107953528,9574
2014-07-01,18354.18359375,18802.841414930554,17959.908538773147,18775.650031828704,16193
2014-07-02,18612.5078125,18694.081988449598,18218.232628743608,18394.976676634404,8429
2014-07-03,18286.21484375,18530.937421584575,18231.832048675653,18367.789036361526,7169
2014-07-07,19169.9296875,19210.71677194149,18435.762167553192,18435.762167553192,10720
2014-07-08,19849.720703125,20189.613180918237,19210.722844873715,19305.89273865582,16152
2014-07-09,19795.333984375,20053.65221631396,19496.22866318252,19700.16410945012,11398
2014-07-10,20420.732421875,21086.92142898011,20026.457295220956,21018.942958867345,17987
2014-07-11,20502.3125,20815.013552718832,20352.759822612734,20461.52540616711,10258
2014-07-14,20189.60546875,20352.7537957702,19781.734651199495,19781.734651199495,8075
2014-07-15,20801.4140625,21141.306449142157,20040.05511642157,20243.990548406862,16121
2014-07-16,20950.970703125,21182.09757006408,20488.716969246838,20488.716969246838,13646
2014-07-17,21916.263671875,22065.81633961112,20950.96918012368,21345.24439506436,17596
2014-07-18,20896.59375,21916.271389069618,20774.232433311645,21780.314370527,18359
2014-07-21,21154.8984375,21549.17353691356,21005.34581358451,21277.259675249035,12025
2014-07-22,20611.078125,20896.587782404353,20325.568467595647,20747.03510471636,11555
2014-07-23,20515.90625,20719.841699801193,20230.39662027833,20447.927766732937,9965
2014-07-24,20624.66796875,20815.007686325807,20108.03159247281,20339.15839238629,9781
2014-07-25,21222.884765625,21399.628841187543,20978.162199461483,21114.119180663438,10312
2014-07-28,21508.388671875,21957.046589809182,21032.53936497511,21046.135059457964,11554
2014-07-29,21331.6484375,21521.98819411249,20896.586136671445,21304.457043698214,11387
2014-07-30,21073.33203125,21358.841691028225,20801.41806955645,20882.992258064514,11848
2014-07-31,22528.068359375,22555.259751480462,21535.58254752565,21725.92229226388,17733
2014-08-01,22813.578125,23330.214578367104,22215.36749478546,22555.25989831645,16567
2014-08-04,22228.9609375,23316.616518539755,22133.79107415902,22514.470527522935,9973
2014-08-05,22419.30078125,22881.55440560567,21875.47298789039,22541.66203475591,15553
2014-08-06,22160.982421875,22840.767158742332,21739.515885017256,22813.575769267638,12255
2014-08-07,22473.685546875,22732.003771551725,21698.730872844826,21943.453401485935,12256
2014-08-08,21821.091796875,22582.450762996497,21753.11331775701,22419.302413113317,10246
2014-08-11,21209.287109375,21617.15801532452,20706.246325370594,21467.605349809695,8862
2014-08-12,21644.34765625,21916.261571529525,21127.711217218908,21413.220828262405,8244
2014-08-13,21154.8984375,21549.17353691356,21005.34581358451,21413.2166060813,7270
2014-08-14,21059.73828125,21250.07807204245,20964.568385853778,21100.525379276954,4662
2014-08-15,21114.119140625,21766.712649156874,20556.695518754026,20570.29121684844,13719
2014-08-18,20216.80078125,20747.032946998992,20189.609388134668,20529.501802076327,11066
2014-08-19,20012.861328125,20216.796735680622,19876.904389754585,20189.60534800654,8712
2014-08-20,20257.58203125,20543.09157665688,20121.625104865772,20311.96480180369,8705
2014-08-21,20135.224609375,20828.605065200878,20026.459047676824,20298.372951922265,10271
2014-08-22,20121.626953125,20434.327912531673,19904.095850929054,20230.392504222975,10941
2014-08-25,19849.720703125,20053.656189800942,19496.232526220036,19754.550809342894,9789
2014-08-26,19278.6953125,19795.331717207333,19237.908227917844,19754.544632625177,10015
2014-08-27,19441.845703125,19537.01557719624,19224.314562390733,19265.101651278408,6090
2014-08-28,19740.953125,19931.292893422866,19564.209054321625,19672.974636277548,8003
2014-08-29,19373.869140625,19836.122860471492,19265.103559484647,19591.400302905702,7340
2014-09-02,19074.7578125,19414.650147006414,18925.205185317176,19169.927666161795,9171
2014-09-03,19428.248046875,19509.822216421013,18775.65469050691,18789.250385431245,8908
2014-09-04,19645.779296875,19781.736247026383,18911.611766057526,19278.695531466263,10119
2014-09-05,19441.845703125,20053.652036440122,19441.845703125,19754.546717930505,12214
2014-09-08,19346.673828125,19727.35328503821,19237.90826900694,19523.417861691847,9893
2014-09-09,20040.0546875,20135.224553722863,19441.844099813432,19469.03549016282,11679
2014-09-10,19672.970703125,20284.776979310645,19659.375008098654,20053.650163862734,12381
2014-09-11,19305.888671875,20053.651965503963,19251.505886883802,20040.05626925616,10429
2014-09-12,19917.693359375,20108.033091136946,19319.482773837455,19333.07846896331,9569
2014-09-15,20570.291015625,20760.630787084847,19904.101815515533,19917.69751347695,12059
2014-09-16,20393.544921875,20950.968483072917,20203.205169270834,20760.62873046875,11446
2014-09-17,20216.80078125,20502.310408960995,19836.12127763534,20352.757746826665,11690
2014-09-18,19863.30859375,20135.22246909223,19808.925818681553,19958.478450119783,8355
2014-09-19,20597.478515625,20787.81825108292,19591.39705677599,19591.39705677599,13223
2014-09-22,21454.005859375,21644.345581828264,20842.199608632367,20882.98669201521,12041
2014-09-23,22065.8125,22147.386668207026,21318.049291435615,21739.515827171905,12822
2014-09-24,21467.603515625,22310.536649234087,21413.22073281151,21970.64425664978,11021
2014-09-25,22528.068359375,22772.790888324154,21562.77393963111,21630.752419894765,14619
2014-09-26,21957.046875,22514.470356037153,21889.068401702785,22296.939241486067,9118
2014-09-29,22011.4296875,22772.788589600063,21821.089961974983,22704.81011619827,9923
2014-09-30,23003.921875,23017.517573507685,21984.24448692376,22052.222979462174,12345
2014-10-01,23955.6171875,24200.339724035188,22963.131344885074,23044.705523730136,15484
2014-10-02,23289.421875,24540.225618432574,22976.72093914186,23982.802211033275,17840
2014-10-03,22759.197265625,23112.685395198627,22324.13495230361,22691.218779168532,11671
2014-10-06,23303.021484375,23452.57413100751,22487.27977547039,22541.66255606403,11967
2014-10-07,24472.251953125,24526.634735243057,23466.170483940972,23778.871481119793,13770
2014-10-08,23071.892578125,25274.394992772173,23017.5098024547,24648.993072563717,17925
2014-10-09,24934.501953125,24934.501953125,23112.679018709106,23112.679018709106,19718
2014-10-10,25818.2265625,25940.58782582938,24322.70001069642,25111.25037437467,20429
2014-10-13,26144.5234375,26470.820141868175,24798.54953198128,25777.439645085804,19638
2014-10-14,25274.396484375,25736.65010485308,24132.358127899744,25423.949126294377,21542
2014-10-15,24445.064453125,26633.971781797485,24159.554801559025,26185.313757908094,24122
2014-10-16,23588.53515625,25587.10268822046,23099.090046379682,25464.741410752882,21600
2014-10-17,23819.658203125,24105.167804874785,22677.619796125855,22759.193968054366,14510
2014-10-20,22990.322265625,24132.36074599904,22976.726569430073,24105.16935360918,11823
2014-10-21,21889.0703125,22827.173325892858,21834.687529114908,22623.237888198757,14953
2014-10-22,22799.978515625,22827.169903240534,21549.174685310452,21712.323011003653,14902
2014-10-23,21576.369140625,22256.153927664225,21141.306876919898,22093.005578774813,16925
2014-10-24,21481.19921875,21821.09161145174,21318.050870253162,21549.177697290346,11037
2014-10-27,21467.603515625,22351.323736344206,21426.81642851488,21848.282995319427,11772
2014-10-28,19645.779296875,21331.645478752165,19645.779296875,21195.68852860078,15211
2014-10-29,19754.544921875,20243.989944027446,19278.695594782348,19564.20519103794,14995
2014-10-30,19292.29296875,20189.60892078488,19033.974740133897,19999.269173383545,14014
2014-10-31,18490.150390625,18775.660065774355,18218.236414292278,18245.42781192555,14311
2014-11-03,18503.740234375,18734.867041123256,18041.48662087849,18340.59190019976,10842
2014-11-04,18762.0625,19020.380751811594,18449.361458333333,18721.275407608697,10417
2014-11-05,18680.48828125,18884.4237428357,18313.404450395745,18340.595845273838,11363
2014-11-06,18435.76171875,18884.419636684182,18422.166024267146,18680.484219441372,9347
2014-11-07,18354.18359375,18816.43710648148,18340.587902199073,18490.140509259258,8979
2014-11-10,18068.6796875,18449.3591692532,18055.0839917231,18354.189298814897,9664
2014-11-11,18027.89453125,18259.021384214742,17987.10743955034,18136.66010911576,6129
2014-11-12,17783.173828125,18354.19317122993,17688.00393760751,18327.00177393922,9408
2014-11-13,18191.041015625,18340.59366971459,17606.426095092957,17742.38305335622,10510
2014-11-14,18299.8046875,18449.357326105124,18055.082187964337,18191.039132150818,7473
2014-11-17,18762.0625,18775.65819746377,18191.04320652174,18354.191576086956,9970
2014-11-18,18422.1640625,18558.120992850556,18082.271736623617,18530.929606780443,8269
2014-11-19,18993.189453125,19373.868984039458,18490.148644416608,18490.148644416608,12132
2014-11-20,18394.978515625,19278.698843426646,18367.78712092341,19265.10314607585,7840
2014-11-21,18326.99609375,18503.740121360348,17579.232900013907,17606.42428887704,10909
2014-11-24,17660.802734375,18259.01314262173,17620.01566108545,18218.22606933218,8953
2014-11-25,17633.619140625,17851.150294248746,17293.726713087897,17552.044958016097,6742
2014-11-26,17443.28125,17715.19522116134,17416.089852883866,17633.621029812937,3887
2014-11-28,18163.84765625,18245.421822370885,17402.48877245509,17402.48877245509,4557
2014-12-01,19020.376953125,19061.164037370443,18286.209436707024,18354.18791044943,13313
2014-12-02,18340.58984375,18979.587414288362,18150.250141887507,18979.587414288362,8967
2014-12-03,17810.359375,18462.952695610686,17660.806739026717,18340.591447996183,8379
2014-12-04,18082.27734375,18340.595591517857,17851.150490484022,17932.724673989662,8321
2014-12-05,17674.408203125,18000.704969951923,17538.451216947116,17878.343682391827,7916
2014-12-08,18313.404296875,18490.148362100965,17361.705484119804,17851.150587822474,11466
2014-12-09,17361.705078125,19020.38011299677,17348.109381117854,18925.21023394675,16339
2014-12-10,18462.955078125,18544.52925372791,17416.086491221005,17592.830538360642,14351
2014-12-11,18245.421875,18381.378818926973,17511.254377794336,18231.826180607302,11698
2014-12-12,18925.208984375,18965.996072703394,18313.402659449082,18898.01759215607,13360
2014-12-15,19509.822265625,19686.56630008711,18422.166668935104,18639.697788273086,14902
2014-12-16,19577.80078125,19768.140511067708,18571.719352213542,19618.58786621094,14315
2014-12-17,17769.576171875,19523.42110391163,17742.38477757986,19441.846921026205,19679
2014-12-18,16994.615234375,17511.2515375,16940.232465625,17062.5936953125,15461
2014-12-19,16831.46875,17184.956785137318,16613.937651453958,16953.82999293215,9820
2014-12-22,16532.3671875,16885.855301706415,16518.771490799754,16709.111244603206,6163
2014-12-23,16450.791015625,16613.939356275827,16219.664199702996,16219.664199702996,5188
2014-12-24,16301.23828125,16505.17370595288,16178.877026428274,16355.621061170767,2850
2014-12-26,15961.3466796875,16178.877809904707,15866.176810217474,16138.09072298898,4676
2014-12-29,15757.408203125,15947.74790531978,15648.642659013696,15934.152212305868,3994
2014-12-30,16029.3271484375,16083.709937745176,15703.030412591444,15879.774477841393,4468
2014-12-31,16314.8369140625,16355.624006347656,15621.456345214845,15866.178898925782,6819
2015-01-02,16573.15625,17035.409992821984,15947.75412735849,16138.093903814603,8999
2015-01-05,17252.935546875,17497.658036901597,16695.512097369978,16913.04319961584,9059
2015-01-06,18136.662109375,18585.32016755294,17076.197608227136,17130.580403157797,14219
2015-01-07,17497.66015625,18068.679368808273,17470.468765175796,17783.169762529138,9536
2015-01-08,16600.34765625,17157.77128762285,16559.560561271497,17076.19709766585,10417
2015-01-09,17049.0,17171.36124401914,16545.959330143538,16559.555023923444,8943
2015-01-12,17239.34375,17647.21465891167,16872.259931979497,16994.621204652998,8685
2015-01-13,17171.36328125,17823.956660109856,16274.047385317695,16845.066591820072,14432
2015-01-14,17375.30078125,17946.320055751174,17266.535205154538,17755.980297584116,11801
2015-01-15,18326.99609375,18422.165954770957,17130.574983772254,17212.149150361645,13175
2015-01-16,17348.107421875,18558.12431885531,17252.937553573178,18449.3587550818,10865
2015-01-20,17552.041015625,18027.8903072957,17184.957276336172,17280.127134670314,8754
2015-01-21,17742.388671875,18000.706974377394,17307.32626766044,17769.580072138408,8417
2015-01-22,16654.73046875,18095.874492984694,16654.73046875,17402.49387755102,12060
2015-01-23,16681.916015625,16940.234193536064,16423.597837713936,16641.1289349022,6897
2015-01-26,16233.26171875,17130.577693153267,16219.666022168134,16790.685278606576,7023
2015-01-27,16464.388671875,16872.2595720866,16206.07043507432,16777.089695370563,10640
2015-01-28,17280.12890625,17416.085860665815,16124.494793715578,16233.26035724823,12188
2015-01-29,16559.560546875,17511.259428879308,16545.964848560652,17103.38847944889,11838
2015-01-30,17565.638671875,17660.808540840266,16695.51415562113,16899.449589118132,9970
2015-02-02,17144.169921875,18218.229734585646,17116.978534211437,17456.870880005947,11251
2015-02-03,16260.451171875,16926.640224903324,16178.877002116431,16899.448834983803,13971
2015-02-04,16450.791015625,16545.96088100465,16083.707249160641,16423.59962551653,10263
2015-02-05,15771.0078125,16328.431364493536,15662.24224137931,16287.644275323277,10930
2015-02-06,15798.197265625,15988.536991716868,15431.113508162112,15730.218792020762,10314
2015-02-09,16178.8818359375,16246.86033104648,15648.649574087447,15988.542049632353,8383
2015-02-10,15879.7705078125,16491.576734568975,15784.600650317048,15906.961895668343,9389
2015-02-11,15934.1552734375,16274.047664082498,15811.7940128053,16002.133751566498,7407
2015-02-12,15390.3271484375,15798.198009261816,15363.13575771588,15648.645360292901,9068
2015-02-13,15091.220703125,15458.30444995777,15064.029314470721,15363.134589667792,8186
2015-02-17,15009.6474609375,15227.178583559782,14928.073289954144,15064.03024159307,5560
2015-02-18,14955.265625,15254.3709375,14928.074232954545,15118.413977272727,6185
2015-02-19,14900.8828125,15104.818252452098,14805.712940522353,15036.839772468065,7304
2015-02-20,14792.1201171875,15322.352364035212,14737.737322639015,14996.055596744312,8802
2015-02-23,14737.7353515625,15186.393346582392,14737.7353515625,14900.883713387915,5787
2015-02-24,14683.3515625,14860.095609085649,14547.394603587964,14751.330041956018,6472
2015-02-25,14642.5634765625,14832.903206062849,14547.393611812326,14724.137646348363,5940
2015-02-26,14479.416015625,14805.712714568663,14452.224624046361,14669.75575667547,6205
2015-02-27,14696.94921875,14710.544916454672,14438.63096236124,14547.396543998613,4385
2015-03-02,14370.6494140625,14724.137479119856,14275.479550393213,14696.94608950006,7377
2015-03-03,14615.3740234375,14792.118081395349,14479.417055777616,14479.417055777616,5240
2015-03-04,14751.3291015625,15023.243002052131,14683.350626440091,14819.307576684907,6697
2015-03-05,14628.9697265625,14928.075055544261,14560.991242703009,14710.543907193889,5883
2015-03-06,15172.7978515625,15281.563427559364,14642.565668577789,14900.883911570341,9332
2015-03-09,14982.4560546875,15213.582872228051,14900.881883790835,15104.817311032499,6700
2015-03-10,15512.6875,15662.24014022787,15349.53916520596,15376.730554338299,7790
2015-03-11,15199.9873046875,15662.240943649374,15172.795914160331,15431.114124168436,6287
2015-03-12,14452.22265625,14955.263331961429,14411.43557443556,14928.071944085135,10812
2015-03-13,14615.3740234375,15091.223410247092,14397.842875181686,14493.012752543604,9252
2015-03-16,14329.865234375,14506.609302730669,14261.886746545895,14438.630814901564,6958
2015-03-17,14234.69140625,14533.796669800622,14180.308631058979,14452.222507014088,5734
2015-03-18,13908.396484375,14506.607085853495,13731.652443029081,14316.267349019428,9780
2015-03-19,13786.0361328125,14003.567274947607,13772.440436429055,13989.971578564164,5067
2015-03-20,13432.548828125,13650.079983236335,13378.166039347167,13650.079983236335,7218
2015-03-23,13459.7412109375,13500.528305516098,13337.379927201704,13459.7412109375,4156
2015-03-24,13473.3349609375,13541.313442072402,13337.377998667696,13500.52635339146,5381
2015-03-25,14425.0322265625,14465.81931108624,13432.546503151509,13446.142197992755,10381
2015-03-26,14479.416015625,14764.925627200704,14275.480578785211,14560.990190360915,9111
2015-03-27,14207.4990234375,14642.561194490132,14153.116252055921,14465.8171875,5243
2015-03-30,13622.888671875,13989.972498362651,13554.9101854884,13976.37680108533,6387
2015-03-31,13745.25,13908.398367952523,13636.484421364985,13799.632789317508,5775
2015-04-01,13745.25,14221.09940652819,13745.25,13799.632789317508,8703
2015-04-02,13636.484375,13772.441347831505,13459.740310319043,13745.249953265204,5930
2015-04-06,13473.3349609375,13908.39724020087,13391.760783575617,13881.205847746909,7416
2015-04-07,13718.0595703125,13731.65526859824,13378.167113168978,13554.91119088361,7720
2015-04-08,13391.759765625,13731.652145463197,13310.185594463832,13731.652145463197,9283
2015-04-09,13514.1220703125,13908.39726149868,13296.590930347711,13405.356500330106,8107
2015-04-10,13310.18359375,13446.140525248979,13269.396514300306,13378.16205949949,5188
2015-04-13,13310.18359375,13337.374980049795,13079.056810201737,13310.18359375,7785
2015-04-14,13310.18359375,13582.097456747957,13174.226662251021,13282.992207450205,6494
2015-04-15,12997.486328125,13228.613177056093,12847.933661169587,13160.63469207636,9841
2015-04-16,13038.2705078125,13133.44036553376,12956.69634405142,13051.866201772678,5129
2015-04-17,13650.0810546875,13840.420830350475,13323.784296408117,13446.145580762886,11893
2015-04-20,13255.8017578125,13527.715640024038,13160.631899038463,13459.737169471155,8795
2015-04-21,13296.5888671875,13337.375949602185,13065.462066837616,13133.440537528757,5053
2015-04-22,13228.6123046875,13622.887491569245,13187.825216389389,13310.186481283723,6568
2015-04-23,13079.0576171875,13378.16288494023,12983.887759266177,13310.184414996427,6829
2015-04-24,13174.228515625,13242.206990937824,13011.080174874227,13051.867260061921,4650
2015-04-27,13609.2939453125,13758.846626030221,12861.530541723901,13079.061713676949,12784
2015-04-28,13405.3583984375,14017.164816216087,13323.784209400355,13595.698172857505,10712
2015-04-29,13799.6328125,13881.2069966133,13473.336076046799,13609.293049568967,11370
2015-04-30,14683.3515625,14873.691304976852,13935.588288483796,14071.545247395834,12126
2015-05-01,14411.4384765625,14792.117983490565,14343.459993182489,14560.991139998525,8878
2015-05-04,14261.884765625,14452.224505109032,13921.992373689227,14343.458939689584,8076
2015-05-05,14778.5234375,14982.45890351886,14166.717039443423,14275.482621320149,11544
2015-05-06,14642.5634765625,15009.647240598886,14560.989306776637,14683.350561455432,9083
2015-05-07,14452.22265625,14887.284862270695,14289.074328992237,14669.753759260348,8919
2015-05-08,14139.5244140625,14234.694289926381,13935.588965782752,14044.354538198617,6943
2015-05-11,14112.3310546875,14193.90522263367,13799.630077560512,14153.118138660584,8270
2015-05-12,14180.3115234375,14751.33077941485,14044.354557728608,14248.290006291945,10659
2015-05-13,14193.90625,14370.650293342911,13949.183728448275,14098.736380507662,6781
2015-05-14,13758.8427734375,14207.500689962637,13718.055690117033,13989.969578920147,8077
2015-05-15,13786.0361328125,14017.162971331052,13772.440436429055,13840.418918346277,6889
2015-05-18,13337.375,13935.585499490317,13282.992227319062,13881.202726809379,10941
2015-05-19,13350.970703125,13541.310407650202,13310.183623583884,13391.757782666115,7219
2015-05-20,13296.5888671875,13541.311361675613,13174.227619943444,13282.993173049272,7104
2015-05-21,13337.375,13500.523318042813,13174.226681957187,13337.375,7669
2015-05-22,13486.9306640625,13636.483322635773,13242.208131851688,13405.356486658895,5912
2015-05-26,13894.8017578125,14098.737204355737,13622.887829088186,13636.483525524402,12422
2015-05-27,13378.166015625,14030.759479801829,13323.783226943597,13840.419719416921,9128
2015-05-28,13391.759765625,13677.269364689086,13391.759765625,13473.333936786166,7702
2015-05-29,13636.484375,13826.824136964107,13391.761823903289,13432.54891575274,12478
2015-06-01,13514.1220703125,13921.992957746479,13310.18662659551,13391.760804082307,12084
2015-06-02,13432.548828125,13772.441257986462,13187.826278624747,13677.271377625253,12476
2015-06-03,13038.2705078125,13459.737020578075,12983.88773197178,13350.971468896636,14375
2015-06-04,13391.759765625,13554.908107947334,13065.46308098033,13228.611423302664,12733
2015-06-05,13119.845703125,13799.630454582255,13079.058618037565,13514.120858970207,10568
2015-06-08,13296.5888671875,13378.163032016872,13065.462066837616,13160.631925805214,6831
2015-06-09,13446.14453125,13718.0584752591,13282.99616484454,13323.783256445904,8261
2015-06-10,12929.5078125,13296.591630520505,12779.955145899054,13269.400236593061,13731
2015-06-11,12807.1455078125,12943.102466494161,12752.762724339835,12861.528291285164,8365
2015-06-12,12943.1025390625,13079.059498506434,12875.124059340533,12929.506843118106,9347
2015-06-15,13051.8681640625,13527.717524210611,12970.293988037109,13174.229428100585,11277
2015-06-16,12793.5498046875,13119.846505338404,12711.975629524775,13119.846505338404,10691
2015-06-17,12834.3369140625,12915.911089363746,12616.805779925848,12684.784259343553,8751
2015-06-18,12317.701171875,12671.189284975166,12236.126991928808,12657.593588317468,16306
2015-06-19,12331.2978515625,12412.872038011647,12249.723665113355,12331.2978515625,5213
2015-06-22,12086.5732421875,12249.721587413878,12045.786155880905,12140.956023929626,6004
2015-06-23,11991.404296875,12168.14835113733,11977.808600393282,12100.16986872874,4936
2015-06-24,12304.10546875,12344.892558701658,11977.80874913674,12072.978625690608,7280
2015-06-25,12304.10546875,12480.849525207183,12154.552805593923,12154.552805593923,6283
2015-06-26,12385.6796875,12603.210834591107,12168.14854040889,12249.722720568057,8077
2015-06-29,13323.78125,13391.759725765307,12548.826626275511,12657.5921875,20499
2015-06-30,13133.44140625,13350.972526850415,13011.080150912267,13051.867236024846,12613
2015-07-01,13024.6767578125,13255.80358963172,12752.762838025183,12875.124101929476,8545
2015-07-02,13310.18359375,13459.736218398877,12970.291265002554,13011.078344452248,5574
2015-07-06,13323.78125,13650.07793367347,13092.65443239796,13609.290848214287,10442
2015-07-07,13282.9951171875,14057.949796491173,13255.803724931231,13296.590813315635,14741
2015-07-08,13894.8017578125,14125.928597228169,13459.739471853596,13636.483525524402,11632
2015-07-09,13731.65234375,13799.630820699258,13364.568568224011,13432.547045173267,7063
2015-07-10,13160.6318359375,13432.5457168453,13106.24905975594,13269.39738830062,7937
2015-07-13,12739.16796875,12983.890512439968,12684.78518126334,12983.890512439968,6740
2015-07-14,12508.0400390625,12766.35825726053,12440.061560589334,12752.762561565896,6114
2015-07-15,12711.9755859375,12793.54976082052,12440.061669660761,12480.848757102272,5664
2015-07-16,12453.6552734375,12576.016515207084,12344.889725197872,12508.038047557315,4929
2015-07-17,12630.3984375,12752.759671017222,12453.654433530679,12467.250126143703,4442
2015-07-20,12820.740234375,12929.505793097163,12616.804811770944,12630.400506611213,6202
2015-07-21,13024.6767578125,13133.442325727427,12616.805878131525,12847.932709950745,7058
2015-07-22,12875.125,13215.01742344245,12820.742212249208,13147.03893875396,5172
2015-07-23,13296.5888671875,13378.163032016872,12739.16540752013,12861.526654764186,8072
2015-07-24,13935.5888671875,13962.780260099085,13242.208347942073,13323.782526676829,8577
2015-07-27,14289.0771484375,14384.247024782946,14017.163216021943,14085.141699125834,8749
2015-07-28,13908.396484375,14724.138213663857,13840.418006934262,14153.119003161657,8906
2015-07-29,13786.0361328125,14125.928542398606,13663.674865361501,13989.971578564164,6202
2015-07-30,13663.6767578125,14098.739102339863,13622.889663013058,13908.399326609142,5459
2015-07-31,13446.14453125,13704.462778058645,13215.017678842265,13622.888594855915,8233
2015-08-03,13650.0810546875,13935.59071818196,13391.762787716323,13432.549882501246,8706
2015-08-04,13772.44140625,13894.802682317375,13432.548972729517,13622.888735500988,6457
2015-08-05,13650.0810546875,13786.03803730391,13242.210106838273,13554.911166856014,7047
2015-08-06,14193.90625,14506.607249760536,13541.312859195403,13595.695641762451,8314
2015-08-07,14479.416015625,14764.925627200704,14289.07627457453,14397.841840889085,8785
2015-08-10,13962.7802734375,14316.26838162579,13881.206094624817,14302.672685157011,6058
2015-08-11,14316.265625,14533.796726614435,14030.756054131054,14261.882849596392,8105
2015-08-12,14411.4384765625,15132.010400390625,14289.077206478478,14560.991139998525,10070
2015-08-13,14533.7998046875,14615.373985069282,14193.907386430075,14397.84283738453,5854
2015-08-14,14261.884765625,14764.925505689942,14221.097678592707,14588.18146188334,5818
2015-08-17,13813.228515625,14547.396172951525,13799.632818267102,14370.652107298843,6514
2015-08-18,14153.1201171875,14193.907206862392,13881.206186021554,13881.206186021554,5068
2015-08-19,14574.5849609375,14819.30746960996,14193.905503002567,14425.032316748777,10631
2015-08-20,15662.2412109375,15662.2412109375,14873.690872192383,14968.860740661621,10988
2015-08-21,16260.451171875,16491.57798619095,15567.070728927154,16178.877002116431,18020
2015-08-24,18109.47265625,18966.001768369933,16532.371433933935,18381.386660097596,25943
2015-08-25,18544.533203125,18585.320299612813,16355.625691612446,16423.6041857588,18326
2015-08-26,17157.763671875,18666.885516231676,17008.211056668482,17484.060286871038,22456
2015-08-27,16178.8818359375,17171.367864528624,15906.967855501574,16722.709796809348,15173
2015-08-28,15703.03125,16314.837662337663,15689.435551948052,16260.45487012987,11848
2015-08-31,15879.7705078125,16070.110222803401,15567.0695474703,15947.748977452107,10984
2015-09-01,17198.556640625,17361.705004014326,16342.027732831028,16722.707247406124,15794
2015-09-02,16342.0322265625,17184.965669197172,16328.436525874844,16573.159138252653,9539
2015-09-03,16396.41015625,16491.580032778813,15825.390897077114,16274.048886427237,12610
2015-09-04,16749.896484375,17035.40608354048,16423.599799614447,16926.640521953632,8632
2015-09-08,15662.2412109375,16219.664726257324,15580.667037963867,16015.729293823242,9363
2015-09-09,16178.8818359375,16206.073233981091,15240.77860343356,15308.757098542541,10428
2015-09-10,15947.7529296875,16342.028151308077,15675.838983742275,16301.241059416294,8838
2015-09-11,15703.03125,16342.029058441558,15703.03125,16151.689285714285,6105
2015-09-14,15906.966796875,16015.732381810898,15567.07434395032,15594.265740184295,4264
2015-09-15,15390.3271484375,15893.36787678749,15295.157280911828,15825.389399983438,6421
2015-09-16,15023.244140625,15471.902110435522,14968.861356405543,15403.9236301612,5781
2015-09-17,14819.3056640625,15104.815222727924,14248.286546731651,14996.049676569668,9903
2015-09-18,15431.1142578125,15567.071211625826,15023.243396372522,15403.922867049834,7540
2015-09-21,15512.6875,15689.43152936021,14819.307077125328,15118.41235758107,8468
2015-09-22,16206.0703125,16505.175637059565,15825.3908085151,15934.156381082214,8877
2015-09-23,16342.0322265625,16518.77633550203,15934.16120593282,16124.501015560005,5296
2015-09-24,16437.19140625,17021.80615436311,16355.617255350495,16641.12678349876,7470
2015-09-25,17089.7890625,17307.320188196103,16002.133434019492,16029.324824731504,6749
2015-09-28,18530.931640625,18707.67566947909,17212.149271482944,17252.936355064656,10404
2015-09-29,18898.017578125,19183.52719621178,18095.87150826214,18530.933783441997,11300
2015-09-30,18027.89453125,18707.67939291101,17919.12895338424,18408.574053780165,12005
2015-10-01,18119.6640625,18904.815515967923,17796.766278606265,17936.12216428672,11045
2015-10-02,17327.716796875,19061.16826145057,17320.918947994312,18649.898404168915,10917
2015-10-05,16097.3017578125,16872.25631878827,15995.334052420953,16824.671389605548,10363
2015-10-06,16382.810546875,16705.708265122536,15900.163431178684,16110.896678877076,9039
2015-10-07,15543.2744140625,16338.622372271691,15526.279799570852,16144.883767066887,12603
2015-10-08,15115.015625,15743.816589835846,15013.047900972566,15573.870383123454,12251
2015-10-09,15040.2373046875,15149.002862597104,14860.094349399718,15026.6416099488,10024
2015-10-12,15064.0341796875,15274.767509818506,14921.27934314714,14996.055686096852,7093
2015-10-13,15713.2236328125,15713.223632812502,14795.514270740388,15267.964646029364,12041
2015-10-14,16124.4951171875,16212.867139330601,15380.130776828295,15675.837158614828,12211
2015-10-15,15006.2509765625,16229.863740223314,15006.2509765625,16005.534733552166,12134
2015-10-16,15064.0341796875,15434.516969756529,14911.082569108543,14924.678267826672,10995
2015-10-19,14965.4638671875,15342.744468881303,14737.735936435385,15264.569209070874,8752
2015-10-20,14996.0546875,15196.591230238553,14710.54503343155,15009.650385312783,8148
2015-10-21,15686.0302734375,15730.216274207747,14832.900566258126,14843.097335666645,12911
2015-10-22,15301.9580078125,15696.233247462935,15006.251578074676,15407.324666684599,12463
2015-10-23,14843.1005859375,15288.35961427682,14761.526412806632,14928.07368294882,11860
2015-10-26,15115.015625,15186.393031819205,14832.904921857433,14934.872645884867,6567
2015-10-27,15601.060546875,15889.969075520834,15203.386454503676,15291.758475030638,9267
2015-10-28,14272.08203125,15567.072089336745,14251.688487028161,15478.700064375445,18985
2015-10-29,14707.1435546875,14822.706966025466,14261.884528650047,14387.644711576657,11477
2015-10-30,14890.6845703125,15002.84905121191,14639.164219204735,14819.307173376514,10367
2015-11-02,13993.3701171875,14870.292509763252,13860.812081100468,14860.09573775656,17326
2015-11-03,13762.244140625,14108.93441040612,13527.718369890714,14034.15807770823,11709
2015-11-04,13762.244140625,13989.972062932206,13541.314066744877,13670.47318685941,10064
2015-11-05,13752.046875,14197.305931012112,13680.669469074395,13799.631812283738,10689
2015-11-06,13446.14453125,14132.727239872978,13412.155288248863,13874.408993064333,9660
2015-11-09,13915.1953125,14105.53506274426,13442.744861000856,13500.526570896434,10700
2015-11-10,13809.8271484375,14224.495844501831,13803.029300961036,14098.735666187238,8205
2015-11-11,14149.720703125,14170.114247256335,13738.450896476399,13738.450896476399,6143
2015-11-12,14972.259765625,15023.243624077752,14394.44270316047,14459.022257200624,10920
2015-11-13,15308.75390625,15448.10979216391,14788.718527107849,15125.21200772924,10850
2015-11-16,14900.8828125,15563.67299234432,14900.8828125,15329.147236399407,7123
2015-11-17,15074.2265625,15125.210417841037,14469.218145786359,14853.29652268884,8752
2015-11-18,14306.0712890625,15094.621666601703,14268.68312461021,14934.87223666919,9206
2015-11-19,14496.4140625,14591.583955524618,14265.28717944021,14350.260298212192,6540
2015-11-20,14183.7099609375,14353.656162242765,13989.971291449496,14302.672301851186,7076
2015-11-23,13993.3701171875,14238.092645348175,13806.429297064762,14227.89587334148,7559
2015-11-24,13680.6689453125,14275.480638586958,13619.488314004271,14173.512919739907,9168
2015-11-25,13327.1796875,13718.055908888038,13293.190450857563,13677.268824917113,13220
2015-11-27,13218.416015625,13446.143933610825,13109.65044285565,13323.782664245307,4523
2015-11-30,13361.171875,13378.166497074535,13051.869753243449,13082.460072977614,7155
2015-12-01,13102.8525390625,13432.548180123216,13092.65576665856,13198.022414832603,8026
2015-12-02,13500.525390625,13565.104943097778,13055.266370944266,13147.037313931898,12082
2015-12-03,14183.7099609375,14353.656162242765,13232.011233628009,13422.350979089908,13579
2015-12-04,13745.25,14289.077893175074,13711.260756676558,14190.509087537092,12925
2015-12-07,14384.2470703125,14550.79435444419,13806.429962100514,13816.626734598372,9726
2015-12-08,14581.384765625,14948.46857790647,14377.449314357518,14785.320216892484,11486
2015-12-09,15104.818359375,15274.764560538084,14312.869061955023,14751.330260955783,9961
2015-12-10,14948.4658203125,15271.363558586643,14707.142247497086,15186.390469567132,7371
2015-12-11,15930.7607421875,16093.9091346827,15383.533842359853,15407.326316265402,9483
2015-12-14,16233.26171875,16637.733692060563,15737.01879351183,15957.948862967181,10999
2015-12-15,15584.0654296875,16076.90937457402,15478.69879319452,16029.324441964285,7140
2015-12-16,14870.2919921875,15529.683225669643,14785.318895089287,15250.9714671875,9409
2015-12-17,15346.1396484375,15431.11273619186,14673.152793422965,14673.152793422965,9527
2015-12-18,16046.31640625,16046.31640625,15465.100539808833,15546.67469650233,9714
2015-12-21,15679.236328125,16022.527650288588,15543.279368852292,15747.214807761355,6708
2015-12-22,15261.1689453125,15896.767741030415,15182.993692363238,15550.077488820643,7224
2015-12-23,14673.154296875,15101.418703038134,14608.574743564686,15026.642378152508,8646
2015-12-24,14584.7861328125,14720.743123097398,14343.462475056805,14601.780756598113,3161
2015-12-28,14798.9140625,15172.795676389525,14761.525901111047,14798.9140625,7793
2015-12-29,14302.6728515625,14747.931916095458,14275.481458308579,14584.78355657193,6458
2015-12-30,14734.333984375,14734.333984375,14251.686827332034,14360.452383848758,7098
2015-12-31,15295.15625,15295.15625,14754.727395833334,14924.673576388888,8016
2016-01-04,16325.029296875,16698.910875608344,15998.732646344082,16063.312191761659,12673
2016-01-05,16246.853515625,16535.761998643437,16083.705195802824,16155.082585725027,8799
2016-01-06,16943.6328125,17212.147755767302,16511.96954927282,16902.84573251003,9052
2016-01-07,18337.197265625,18401.776829674465,17470.47153759268,17827.358602076576,12016
2016-01-08,19282.09375,19356.870069848406,17888.535061916093,18197.837112198133,12165
2016-01-11,19455.44140625,20114.832676832197,18741.667350465144,19057.76728945558,11448
2016-01-12,19326.283203125,20328.965852601235,18619.306962138366,19037.374643106425,12130
2016-01-13,21161.69921875,21589.96361026341,18942.202015113035,19224.31268571314,14896
2016-01-14,20305.171875,21950.25108281721,19713.75910194175,20896.58464805825,15242
2016-01-15,21287.462890625,22833.97344710502,21192.29301022623,21892.471416017182,14840
2016-01-19,22133.79296875,22786.386373234032,20600.87825300887,20668.856732642624,14558
2016-01-20,21834.68359375,24615.002893203222,21100.5161503736,23058.295999377337,15793
2016-01-21,22001.234375,22375.116003495288,20719.840066429784,21749.714006739534,13996
2016-01-22,20413.94140625,21229.683320585664,20254.191948025935,20872.79623306381,11677
2016-01-25,21739.517578125,21909.46377557751,20563.489891753634,20784.419948441897,9822
2016-01-26,20451.322265625,21695.3282402334,20254.184706807275,21470.99929399254,11812
2016-01-27,21314.650390625,21668.13845323463,20135.223874033247,20743.631212563287,9948
2016-01-28,21311.255859375,21600.16443163128,20488.716159539475,20733.43871486244,10172
2016-01-29,19261.708984375,21100.527505734957,19200.528331168938,21076.735029488158,17870
2016-02-01,19452.041015625,20145.42147468275,19125.74432900959,19669.572140035274,11660
2016-02-02,20692.6484375,20984.95588914668,20040.0550570795,20114.83138191935,9830
2016-02-03,20604.28125,22018.233905889145,20203.2081408776,20206.607065531178,10200
2016-02-04,20383.34765625,20882.989494747373,19666.174677182342,20882.989494747373,11221
2016-02-05,22059.015625,22082.80809177581,20590.68053255008,20648.46223757704,10970
2016-02-08,23126.275390625,24118.761048188564,22728.60134290261,22752.39380729626,11078
2016-02-09,23551.142578125,24132.35853726187,22616.438550273306,24071.177909984304,9757
2016-02-10,23598.728515625,23659.909145508518,22011.43106253601,23075.294237732698,10181
2016-02-11,24315.900390625,25152.035629106096,23867.242457781485,24883.52065414672,12443
2016-02-12,22942.73828125,23993.00585590278,22793.18561689815,23636.118815972222,8136
2016-02-16,21297.654296875,22473.6818083207,21151.500588805156,22096.4013060939,10887
2016-02-17,20260.984375,20865.99279955125,19863.310298188226,20865.99279955125,13461
2016-02-18,20583.8828125,20818.408557886807,20176.011950957727,20237.19258018907,9220
2016-02-19,20257.58203125,21083.520359034184,20189.603568057886,20828.60112206376,8927
2016-02-22,19577.80078125,19778.337282307944,19305.886881510418,19713.757731119793,8147
2016-02-23,20121.626953125,20155.616187843116,19611.788432353253,19774.93675900021,7825
2016-02-24,19509.822265625,21103.917499523628,19407.854553435325,20719.83911694251,13801
2016-02-25,19003.3828125,19645.7794055178,18959.19680345645,19407.85474143713,6985
2016-02-26,18646.498046875,18891.220587774562,18469.75398955865,18666.891591949963,9307
2016-02-29,18864.02734375,18864.02734375,18174.045803068693,18694.081151463964,7948
2016-03-01,17694.798828125,18677.08789100017,17674.405283567037,18371.18472263074,9288
2016-03-02,17106.783203125,17834.152884322844,17086.38966066151,17742.381943237135,6765
2016-03-03,16583.3515625,17157.769765833164,16579.952638219922,17116.982674472227,11905
2016-03-04,16297.8388671875,16777.08710082117,16025.924975764141,16607.14091868157,11514
2016-03-07,15767.6064453125,16528.965325189627,15720.021515320179,16511.97070733523,11801
2016-03-08,16889.25,16943.6327731938,16029.322398873013,16032.721322197625,13468
2016-03-09,16634.330078125,16981.020243218736,16549.356998445164,16722.702080992032,9423
2016-03-10,17035.4140625,17562.24749819184,16314.841879489226,16508.58062680816,12858
2016-03-11,15957.9482421875,16681.91905700879,15886.570837909347,16613.940576743877,10471
2016-03-14,16070.1123046875,16291.04235963773,15893.368260727315,16097.30369606599,9095
2016-03-15,16780.486328125,16899.448657775472,16348.823017679006,16382.812254721997,9209
2016-03-16,16467.7890625,17035.409449174407,16287.646065531477,17028.611600232198,8648
2016-03-17,15713.2236328125,16749.895319597665,15485.495754076088,16562.954523620014,11901
2016-03-18,15230.578125,15658.842540030128,15125.211483206873,15618.0554528844,12474
2016-03-21,15356.33984375,15488.897890209993,15125.212993512063,15332.547373872565,9949
2016-03-22,15400.5263671875,15740.418805218564,15230.580148171968,15614.658603147069,9451
2016-03-23,16267.2509765625,16294.442369753579,15550.077981147815,15587.466146785546,13241
2016-03-24,16124.4951171875,16777.08851147502,16110.899421473176,16552.759532188684,11233
2016-03-28,16076.9052734375,16403.201870953355,15862.77313131772,15998.730046949326,8056
2016-03-29,14741.130859375,16314.83240142956,14717.338395456249,16233.258239422412,14532
2016-03-30,14730.9345703125,14826.104429096245,14397.840064569393,14503.20669393711,13732
2016-03-31,14594.9765625,14710.53995400559,14380.844395886703,14639.16256513449,13394
2016-04-01,14421.6337890625,15036.839001369905,14367.251007864055,14979.057296346557,14928
2016-04-04,14747.931640625,14795.516577930543,14316.268280781862,14476.017713164756,8753
2016-04-05,15244.171875,15288.357880434782,14887.284908026755,15084.422470735784,13179
2016-04-06,14737.7353515625,15393.727723068856,14690.150412696754,15271.366451699796,12525
2016-04-07,15315.5537109375,15543.281651157831,14846.502132573236,15047.038676946364,11377
2016-04-08,15138.8095703125,15342.745038255642,14737.736483357656,14951.868724697955,10761
2016-04-11,15274.763671875,15288.35936717707,14547.393973214286,14897.483127242574,11500
2016-04-12,14775.1240234375,15427.717493071732,14700.347688375245,15274.765898626209,10492
2016-04-13,13833.6220703125,14564.390803756527,13792.8349782133,14516.805862974124,14091
2016-04-14,13888.0029296875,13989.9706457645,13694.264269141198,13847.2158432567,9172
2016-04-15,13779.2392578125,14003.568263983103,13718.058619765972,13989.97256663943,8552
2016-04-18,13473.3349609375,13989.971417562752,13432.547872256559,13955.982176995301,8487
2016-04-19,13429.1494140625,13612.691319493877,13170.831176788708,13381.564475617328,11230
2016-04-20,13347.57421875,13578.701045048701,13147.037707696716,13442.744088402407,7905
2016-04-21,13588.8974609375,13687.46625192479,13245.606154395558,13395.158802790067,9504
2016-04-22,13153.8359375,13571.90359132752,13136.841317425711,13568.504667312662,11435
2016-04-25,13449.5419921875,13609.291416911487,13228.611936718158,13286.393643533216,8055
2016-04-26,13031.47265625,13483.52948026702,13004.281268339202,13316.98222931338,9180
2016-04-27,12895.5185546875,13221.815281427089,12827.540069950086,13055.267993820424,9211
2016-04-28,13350.970703125,13446.140555387601,12841.132208861061,13092.652532697937,12059
2016-04-29,13714.658203125,13969.577500580854,13357.771186686803,13520.91953705855,11894
2016-05-02,13340.775390625,13806.427932921975,13333.977543292198,13575.301123606689,9397
2016-05-03,13983.1708984375,14227.893383777195,13660.273174725406,13680.666715170379,13358
2016-05-04,14329.865234375,14452.226512467385,13847.217970788364,14214.301805065523,13032
2016-05-05,14506.607421875,14557.59128113651,14088.539775930618,14156.518254945966,10239
2016-05-06,14231.29296875,14781.918586361058,14231.29296875,14683.34980296155,10627
2016-05-09,14112.3310546875,14346.856787532739,13871.007474513412,14248.28800126445,8928
2016-05-10,13707.861328125,14176.912868735279,13680.669934466434,13949.18494684478,9278
2016-05-11,14207.4990234375,14221.094716282894,13724.851927425987,13779.234698807566,9441
2016-05-12,14428.4326171875,14751.330402495583,13989.971413979682,14088.540211600044,11662
2016-05-13,14713.943359375,14809.11324019332,14197.306863504129,14537.199294998123,11433
2016-05-16,14146.3212890625,14611.973863930729,13955.981550430233,14611.973863930729,10311
2016-05-17,14812.5107421875,14996.052637570274,14006.965756896441,14227.895816153483,15235
2016-05-18,14594.9765625,15023.240895726596,14258.483157821962,15002.847356049138,16009
2016-05-19,14941.6708984375,15315.552563321058,14615.37417272094,14917.878428854001,13865
2016-05-20,14190.5068359375,14846.499127994011,14190.5068359375,14846.499127994011,13603
2016-05-23,14234.69140625,14299.27095178934,13955.979683396014,14207.50001865449,7764
2016-05-24,13344.17578125,14010.364893100483,13252.404832168555,14010.364893100483,14527
2016-05-25,13130.0439453125,13299.990152215329,13014.480524618577,13218.41597290197,9219
2016-05-26,13174.228515625,13242.206990937824,12977.090937217816,13048.468336296279,7257
2016-05-27,12762.958984375,13150.43630107773,12762.958984375,13150.43630107773,8008
2016-05-31,12633.7998046875,12796.948147605175,12453.6568427159,12684.783661849273,10749
2016-06-01,12365.28515625,12820.74095914651,12321.099145521233,12793.549567928807,8905
2016-06-02,12089.9736328125,12501.243469632942,12089.9736328125,12474.052075462996,8049
2016-06-03,12297.3046875,12599.808865827115,12161.3477534204,12178.34237018035,14258
2016-06-06,11892.8369140625,12283.713234473242,11794.268102828486,12259.920762796066,10113
2016-06-07,11797.666015625,11984.606848485666,11675.304743207109,11879.240197236926,9407
2016-06-08,11525.75,11777.270347979947,11478.16506930109,11767.073577115894,9616
2016-06-09,11750.080078125,11865.643492257557,11682.101599223495,11692.298371058721,9947
2016-06-10,12232.7275390625,12344.892031640735,11991.403933818423,12086.573806309045,13872
2016-06-13,12623.603515625,12691.581994438275,12198.738023042037,12368.684220075223,12758
2016-06-14,12732.369140625,12997.485209223172,12525.034779285405,12752.76268436332,13175
2016-06-15,12694.9794921875,12735.766574893323,12372.081754099732,12606.607479658216,11192
2016-06-16,12698.3818359375,13255.805449720623,12698.3818359375,12994.088265200498,17355
2016-06-17,12847.9296875,12990.684461805557,12579.414754877645,12745.961991567461,12498
2016-06-20,12440.0615234375,12440.0615234375,12069.57881686518,12287.109947329662,13223
2016-06-21,12518.2353515625,12756.15999848332,12419.666569266732,12419.666569266732,8954
2016-06-22,12660.9931640625,12705.179180473993,12259.920092019715,12457.057703701761,15869
2016-06-23,11926.826171875,12297.30894552401,11913.23047375944,12273.516473821779,15419
2016-06-24,13262.6005859375,13541.312335821372,12769.756637972114,13425.748927332937,29677
2016-06-27,14588.1826171875,14768.325599179796,13735.05264586549,13762.244039373762,32260
2016-06-28,13881.2080078125,14234.696164720555,13718.059627701088,14193.909069692703,17720
2016-06-29,12963.4970703125,13480.133555547818,12922.70997937287,13412.155070648434,18480
2016-06-30,12239.525390625,13079.059623194946,12239.525390625,12902.315574232853,24208
2016-07-01,12103.568359375,12300.70595129967,11940.420007437342,12229.328547326944,15360
2016-07-05,12640.6005859375,12837.738212714692,12157.953292793341,12222.532860185871,18520
2016-07-06,12361.8857421875,12905.713544978262,12334.694352047964,12824.139374559649,18333
2016-07-07,12290.5068359375,12525.032547132105,12018.592967885786,12253.11867908039,14836
2016-07-08,11430.5810546875,11960.81318211279,11345.607957343704,11930.222867069024,23165
2016-07-11,11036.3056640625,11226.645398336446,10951.332568404488,11206.251855378523,14469
2016-07-12,10587.6484375,10842.567741773675,10400.70761436597,10801.780653089887,19165
2016-07-13,10706.6103515625,10791.583449590773,10414.302894345237,10424.499666108632,18177
2016-07-14,10686.216796875,10693.014644710163,10414.302883468512,10448.292122644323,13144
2016-07-15,10594.443359375,10703.208899156842,10502.672435184071,10543.459512602261,11712
2016-07-18,10550.259765625,10686.21672136759,10421.100657669538,10642.030710751247,10582
2016-07-19,10710.0087890625,10784.785111931233,10512.871210590389,10574.051838392079,16661
2016-07-20,10468.6845703125,10781.38553799716,10387.110404829546,10611.43935990767,13555
2016-07-21,10614.83984375,10693.015097162184,10349.723766960855,10502.675349723822,13733
2016-07-22,10393.9091796875,10665.823088901037,10325.930702384116,10601.243535462823,12894
2016-07-25,10451.6904296875,10553.658141196647,10373.515184197155,10458.488277121443,12054
2016-07-26,10288.541015625,10509.471034130327,10244.355011923935,10438.093643536298,14802
2016-07-27,10193.375,10397.310478492831,10115.199733244415,10230.76317105702,15811
2016-07-28,10281.7470703125,10349.72556333936,10172.981481469526,10268.151371707128,10496
2016-07-29,10206.970703125,10468.687900641025,10040.423395614802,10298.741668487763,21551
2016-08-01,10186.576171875,10366.719160566818,10057.417047907282,10179.77832324512,19321
2016-08-02,10608.041015625,10703.210880552106,10176.377699705623,10203.569089684795,22790
2016-08-03,10353.12109375,10713.40698867367,10339.525399601936,10635.231747322308,13834
2016-08-04,10319.134765625,10393.911104506342,10159.3853143785,10342.927237087246,17489
2016-08-05,9873.8740234375,10210.367492738813,9802.496620858434,10115.19762263339,17584
2016-08-08,9890.8662109375,9935.052211192547,9737.914671593106,9856.876979972078,8734
2016-08-09,9856.87890625,9907.862762661638,9792.29935479526,9890.868143857759,8116
2016-08-10,10057.4140625,10145.786068456404,9799.095891242818,9856.877587445082,15475
2016-08-11,9918.0615234375,10043.821727812821,9839.886261258245,9935.056145650382,10720
2016-08-12,9894.265625,10023.424709077637,9822.888236430781,9969.041936834421,12588
2016-08-15,9588.365234375,9826.28993001706,9527.184598352756,9826.28993001706,13336
2016-08-16,9822.8896484375,9853.479962221561,9659.74130825584,9666.539155763408,13164
2016-08-17,9907.86328125,10081.208402122642,9799.097715212265,9822.89018278302,16755
2016-08-18,9686.9345703125,9911.263581414474,9683.535645901864,9901.066808182566,14039
2016-08-19,9693.7333984375,9846.685012367965,9663.143075651407,9734.520495485624,13525
2016-08-22,9635.94921875,9833.086804177688,9598.561055996472,9758.310478670635,14014
2016-08-23,9418.4169921875,9530.581467374142,9340.2417519059,9530.581467374142,15268
2016-08-24,9646.146484375,9714.124965589765,9381.030407637421,9455.80673697366,21188
2016-08-25,9595.1591796875,9751.509630366078,9503.388262984858,9748.11070752524,21668
2016-08-26,9642.74609375,9819.490118027405,9336.842974808336,9567.969775786481,28693
2016-08-29,9499.994140625,9601.961877375896,9387.829630199016,9601.961877375896,13686
2016-08-30,9438.8125,9571.370543752251,9387.828637018365,9462.60496939143,16189
2016-08-31,9598.560546875,9754.911037369422,9452.406827499779,9479.598217150982,22230
2016-09-01,9578.169921875,9877.275299137242,9506.792502301056,9574.770997133384,22916
2016-09-02,9299.4560546875,9506.790418479875,9299.4560546875,9418.41839456837,20705
2016-09-06,9265.4658203125,9418.417383743925,9197.487347676311,9207.68411857174,12353
2016-09-07,9105.71875,9309.654220324748,9095.521976483764,9292.659597797687,18654
2016-09-08,9146.505859375,9234.877896663647,9098.920916219575,9126.112312308389,14817
2016-09-09,10006.4306640625,10009.82958752176,9360.635206803032,9367.433053721552,36454
2016-09-12,9601.958984375,10176.377061670353,9584.96436670354,10135.58997925885,29312
2016-09-13,10128.791015625,10298.737173605285,9765.106237547188,9795.696545983641,32431
2016-09-14,10142.388671875,10210.36714822805,9914.660776092283,10091.404814610212,22811
2016-09-15,9758.3125,10155.986677115989,9731.121103274121,10121.997431208638,20393
2016-09-16,9812.6923828125,9992.835332687479,9782.10207056958,9901.064395958716,16253
2016-09-19,9615.556640625,9778.705003562434,9404.823338497481,9693.731897865853,17723
2016-09-20,9724.318359375,9731.116205134787,9482.994834902569,9499.989449302037,11661
2016-09-21,9326.6494140625,9748.116078546374,9309.654790494602,9632.552638284667,23022
2016-09-22,8911.9794921875,9149.904192589149,8894.984870730239,9143.106344006246,20833
2016-09-23,9088.72265625,9095.520504160435,8874.590447071336,8942.568926175674,14060
2016-09-26,9367.43359375,9394.624982991654,9163.498174437591,9245.072342162555,16868
2016-09-27,9245.0751953125,9462.606376378675,9217.883797679227,9387.830032887177,15524
2016-09-28,9051.3349609375,9401.424146433768,9027.542492020279,9211.084395095992,17141
2016-09-29,9421.8173828125,9466.003395069556,9054.733588676947,9054.733588676947,22340
2016-09-30,9132.912109375,9428.618604914867,8996.955099931383,9302.858371179522,17502
2016-10-03,9200.88671875,9353.838289619505,9146.503937996398,9207.6845663442,13636
2016-10-04,9347.0400390625,9462.603443181819,9098.918612571022,9153.301390980114,21841
2016-10-05,9170.294921875,9251.869079816068,9010.54552924041,9251.869079816068,19938
2016-10-06,9200.88671875,9418.417841764407,9160.099633184798,9207.6845663442,14773
2016-10-07,9418.4169921875,9554.373931807673,9092.120337099084,9156.699883418667,18702
2016-10-10,9102.318359375,9248.472089566607,8986.754944804892,9248.472089566607,16789
2016-10-11,9578.169921875,9731.121535247737,9129.511855981636,9146.506479689719,24478
2016-10-12,9601.958984375,9693.729919800886,9449.007425331858,9567.96974903208,16998
2016-10-13,9839.884765625,10033.623429404144,9727.720276068652,9819.4912220693,22639
2016-10-14,9952.048828125,9958.846675685194,9612.156450115266,9731.118782418673,16685
2016-10-17,9992.8369140625,10023.427231146365,9853.481025124893,9921.459507533482,13375
2016-10-18,9829.689453125,9897.667941735823,9669.940004889566,9683.53570261173,13384
2016-10-19,9697.1279296875,9935.05255467107,9584.963463623817,9771.904240396623,14794
2016-10-20,9778.703125,9948.64930374522,9673.336494177964,9778.703125,17721
2016-10-21,9805.8955078125,10026.825562581238,9724.321333744041,9992.836323386047,14906
2016-10-24,9598.560546875,9703.927181773415,9428.614361554975,9567.970233517395,17882
2016-10-25,9829.689453125,9897.667941735823,9574.770120834415,9618.95613843145,13516
2016-10-26,10101.6025390625,10176.378870105358,9809.29506316769,10023.42728388133,19618
2016-10-27,10465.28515625,10526.46577749472,10013.228343719551,10013.228343719551,24332
2016-10-28,10543.462890625,10621.638147389789,10281.745726673316,10475.484406481706,32093
2016-10-31,10421.103515625,10614.842230690436,10383.715342542197,10509.475561093444,14336
2016-11-01,10805.1796875,11005.716208910035,10373.516327854672,10376.915251946368,22595
2016-11-02,11199.455078125,11267.43356114852,10822.17449734446,10862.961587158574,22359
2016-11-03,11386.396484375,11416.986803288246,11022.711581739739,11111.083614155783,18519
2016-11-04,11162.0654296875,11355.80408056819,10822.173059721377,11304.820225073272,21388
2016-11-07,10346.32421875,10594.445660264044,10274.946817766508,10495.876868429697,18435
2016-11-08,10264.75,10563.855298013246,10108.399503311259,10417.701572847682,15030
2016-11-09,9316.451171875,10516.271406706039,9245.073764137176,10516.271406706039,39604
2016-11-10,8871.1943359375,9299.458890086207,8670.657758994852,8922.178211431394,45346
2016-11-11,8242.3916015625,8857.59691285438,8181.210962870489,8762.427030444587,36539
2016-11-14,7899.0986328125,8055.449122102248,7691.764288319573,7943.284640655255,42748
2016-11-15,7834.52001953125,8062.247933331074,7766.54153779996,7956.881286647574,25340
2016-11-16,7824.32275390625,7929.689393945822,7749.546428716877,7882.104459734403,22607
2016-11-17,7684.966796875,7793.732359679068,7596.594777096694,7759.743121302798,29558
2016-11-18,7576.20068359375,7688.365162085716,7552.408218459091,7623.785613863069,16875
2016-11-21,7464.03662109375,7637.381733878714,7399.457069271901,7521.818325355404,20096
2016-11-22,7253.3037109375,7453.840224032773,7243.106939085198,7379.063897115892,23126
2016-11-23,7124.14599609375,7375.6664177115645,7120.7470714772935,7314.485774615339,22500
2016-11-25,7052.765625,7134.339781626506,7052.765625,7103.749472891566,7497
2016-11-28,7317.8837890625,7355.271955193334,7062.96447453408,7076.560171308929,20894
2016-11-29,7331.47802734375,7365.467262519196,7198.92001015951,7294.089868650759,18359
2016-11-30,7447.0419921875,7464.036611065153,7195.521632798237,7219.314099226951,20555
2016-12-01,7559.20556640625,7661.173267391946,7290.690620477251,7338.275547603909,23616
2016-12-02,7566.00634765625,7627.186991976921,7460.639682437318,7555.809573602804,16529
2016-12-05,7158.1328125,7385.860684502612,7137.739271723647,7375.663914114435,21647
2016-12-06,6933.80517578125,7232.9104970894605,6889.619162406173,7117.347077493107,21404
2016-12-07,6736.66748046875,7005.182480951611,6692.481467731064,6940.6029238734545,23105
2016-12-08,6417.16845703125,6753.6619301488845,6393.375989235054,6685.6834507311805,34741
2016-12-09,6383.17919921875,6457.955526366147,6308.402872071352,6362.785655451277,22578
2016-12-12,6576.91796875,6627.901828972868,6345.791135739664,6430.764236111111,26506
2016-12-13,6576.91796875,6668.688917151163,6406.971768007106,6481.748096333979,25938
2016-12-14,6821.6396484375,6865.825655128924,6505.539754414238,6638.097774488509,42141
2016-12-15,6658.49267578125,6848.832435783164,6519.136780065563,6787.651798639691,27491
2016-12-16,6702.67919921875,6740.067369194108,6468.153405736958,6638.099632897677,25259
2016-12-19,6566.720703125,6699.278729740878,6515.7368467342785,6678.885187184589,22176
2016-12-20,6410.3701171875,6546.327065590204,6372.981956376756,6515.736752199596,19903
2016-12-21,6525.93408203125,6525.93408203125,6376.3814259847,6420.567437998454,17604
2016-12-22,6695.8798828125,6763.8583587801395,6491.944454909581,6522.534769095018,18513
2016-12-23,6583.71435546875,6702.676669584086,6580.315432208312,6678.884206761019,10770
2016-12-27,6498.7431640625,6563.322724793247,6406.9722093398605,6563.322724793247,10907
2016-12-28,6702.67919921875,6760.460916453394,6454.5577075641,6471.552330280172,16303
2016-12-29,6682.28369140625,6784.251397785796,6546.326749566855,6689.08153849822,19905
2016-12-30,6746.8642578125,6821.6405871182305,6638.098687913255,6644.896536031958,19356
2017-01-03,6651.69384765625,6808.044341775916,6457.955191899272,6508.939048677424,21861
2017-01-04,6315.19921875,6580.3152247039825,6301.603526136975,6576.9163015507265,28157
2017-01-05,6546.32763671875,6634.6996608904465,6325.397576289509,6366.184664368753,25585
2017-01-06,6614.30615234375,6614.30615234375,6468.152419275517,6508.939507573628,19474
2017-01-09,6740.06591796875,6784.251927516705,6604.108965513506,6627.901432193174,20108
2017-01-10,6539.52880859375,6746.863141922346,6505.539573621849,6706.0760599560645,20886
2017-01-11,6515.736328125,6644.895420701291,6447.757858348005,6532.730945569249,24805
2017-01-12,6668.6875,6903.213207186544,6532.730568297656,6539.528414882773,28101
2017-01-13,6515.736328125,6607.507262323944,6413.768623459508,6607.507262323944,22896
2017-01-17,6784.2529296875,6818.242172822207,6600.711016760082,6614.306714013966,23462
2017-01-18,6716.2744140625,6848.832461708471,6699.279792569427,6729.870111256959,15906
2017-01-19,6882.82080078125,6960.996049382716,6624.502588011188,6672.087521942515,21441
2017-01-20,6777.45458984375,6862.427691521832,6702.678260367039,6801.247058313613,20659
2017-01-23,6859.02978515625,6971.194296013612,6736.668500584582,6835.2373131562035,20327
2017-01-24,6553.12548828125,6804.645864906152,6488.545932120802,6780.85339684704,23703
2017-01-25,6349.19091796875,6396.775860608773,6308.403824277301,6389.978011660198,27254
2017-01-26,6420.5673828125,6464.753394446467,6318.599663657194,6345.7910554319415,19642
2017-01-27,6495.34375,6573.519001831502,6379.780334249084,6413.769574175824,17331
2017-01-30,6757.06103515625,6916.810466067892,6634.699768926056,6638.098692988006,29245
2017-01-31,6631.30029296875,6889.618500178193,6576.917512503604,6828.437872154905,24746
2017-02-01,6627.90087890625,6702.6771965144235,6389.976231971154,6478.348243689904,23446
2017-02-02,6695.8798828125,6733.268044594702,6559.92293087722,6617.704635449714,16736
2017-02-03,6386.5791015625,6583.716721514935,6372.983403634746,6515.738231876164,25777
2017-02-06,6532.73193359375,6580.316869634496,6396.774973477335,6451.157757523902,20831
2017-02-07,6610.90673828125,6678.885213739155,6437.561625863593,6519.135796413078,21309
2017-02-08,6644.896484375,6804.6459139226345,6610.907244045717,6695.880344868926,24663
2017-02-09,6369.583984375,6607.508679629135,6318.600121106257,6604.109755411219,30661
2017-02-10,6216.63232421875,6325.397897961232,6162.2495373475085,6247.222641833823,22613
2017-02-13,6175.84521484375,6203.03660819474,6050.085020595418,6114.664579804021,18338
2017-02-14,6111.26611328125,6264.217712334452,6087.473642317419,6223.430619253598,18741
2017-02-15,6002.5,6203.0365232163085,5975.308607021518,6189.440826727067,23417
2017-02-16,6056.88330078125,6175.845655173698,5968.511266089717,6016.0962078466955,27811
2017-02-17,6053.48388671875,6175.845155624912,6053.48388671875,6148.653762534654,18320
2017-02-21,5920.92626953125,6022.894000923867,5903.931647632481,6022.894000923867,19579
2017-02-22,5995.7021484375,6039.8881620030825,5941.319362510629,5944.718286631059,14688
2017-02-23,6107.8662109375,6237.02531834742,5941.3189408562885,5948.116788614705,23043
2017-02-24,6114.6650390625,6291.409109118782,6114.6650390625,6271.015562573826,20475
2017-02-27,5948.1171875,6172.446178571429,5941.319339285715,6152.052633928572,18471
2017-02-28,6203.0361328125,6220.030752354452,6002.499622217466,6019.4942417594175,23710
2017-03-01,5863.1435546875,5985.504811480978,5805.3618500905795,5968.510192481884,37609
2017-03-02,6063.68017578125,6080.6747951079915,5873.340439321749,5873.340439321749,27443
2017-03-03,6087.4736328125,6179.24459210113,5978.708051433382,6060.28223746772,25068
2017-03-06,6209.833984375,6298.2060060464555,6169.046897449713,6196.238288733238,23564
2017-03-07,6325.39794921875,6352.589342874715,6199.637753559914,6247.222692457852,22102
2017-03-08,6451.1572265625,6464.7529214551505,6213.232565941123,6260.817498065398,21470
2017-03-09,6529.3330078125,6593.912563850208,6369.583579719222,6464.753451774792,25937
2017-03-10,6444.359375,6600.709866165612,6389.976595464134,6396.774442906118,24857
2017-03-13,6400.1728515625,6481.74701430148,6328.795459165892,6478.348090854022,16762
2017-03-14,6498.7431640625,6641.49798251994,6464.753921572634,6474.950694319594,23952
2017-03-15,6199.63623046875,6444.358713250411,6152.051303261204,6389.975939298931,31200
2017-03-16,6162.24951171875,6220.03122252913,6084.074255916472,6131.659194230902,20799
2017-03-17,6101.068359375,6247.222086089832,6060.28127284993,6141.85544590007,20366
2017-03-20,6165.64892578125,6233.627414488872,6087.473663767486,6114.665059250535,21163
2017-03-21,6678.8857421875,6695.880362396629,6070.4783387007,6080.675110826177,48188
2017-03-22,6685.68359375,6869.225492104092,6638.09865713968,6726.470682273131,36395
2017-03-23,6576.91796875,6740.066321463179,6434.163160125969,6685.683537225453,31791
2017-03-24,6559.9228515625,6651.69379300923,6417.168053756477,6495.343300174061,31312
2017-03-27,6515.736328125,6862.426523987677,6471.550322769954,6808.04374816608,34256
2017-03-28,6376.380859375,6607.507670908848,6352.588393481809,6587.114128714686,23426
2017-03-29,6305.0048828125,6440.961861417621,6274.414562626347,6389.9779944407,18381
2017-03-30,6162.24951171875,6301.605402496725,6148.653815057484,6298.206478331409,20095
2017-03-31,6131.65869140625,6209.833940797793,6043.28667035494,6148.653310839194,23935
2017-04-03,6318.59912109375,6379.779747333496,6053.483074054851,6067.078768774795,30507
2017-04-04,6349.19091796875,6417.169407454497,6254.0210326887045,6335.5952200716,19523
2017-04-05,6559.9228515625,6597.311012892649,6135.057381901716,6213.232628319301,38839
2017-04-06,6383.17919921875,6634.699572350904,6369.5835033737685,6532.731853513545,37175
2017-04-07,6389.97705078125,6498.7426176030585,6315.200723591256,6434.163062302609,29077
2017-04-10,6352.58935546875,6440.961385025833,6206.435614278191,6393.376446033558,27050
2017-04-11,6199.63623046875,6451.156559994346,6196.237307096782,6420.566249646638,39301
2017-04-12,6437.5625,6464.753893875396,6226.829197465681,6230.2281217001055,29175
2017-04-13,6648.29443359375,6648.29443359375,6400.173015571079,6471.550409796779,33118
2017-04-17,6413.76904296875,6641.496931616819,6400.173348124089,6583.71522852701,24141
2017-04-18,6403.57275390625,6566.721104324243,6383.179210104001,6485.146929115247,25104
2017-04-19,6325.39794921875,6369.583963909692,6172.44635990395,6345.791494460724,32351
2017-04-20,6097.669921875,6284.610750026129,6073.877452837583,6264.217205136914,40488
2017-04-21,6135.05810546875,6199.637664473685,6087.473167254589,6131.659181310596,26120
2017-04-24,5900.53173828125,5961.712366903982,5849.54788109564,5883.53711921938,31401
2017-04-25,5744.1826171875,5757.778315689719,5655.810576923077,5740.783692561946,39914
2017-04-26,5645.61328125,5750.979934903673,5547.0444762191455,5747.581010592264,40822
2017-04-27,5652.4111328125,5706.793921823324,5550.443403417205,5604.82619242803,24785
2017-04-28,5869.94140625,5876.739253854227,5625.218892497828,5638.8145877062825,28404
2017-05-01,5774.771484375,5910.728435154871,5720.388704063052,5808.760722069967,20452
2017-05-02,5866.541015625,5920.923782861384,5713.589482772668,5757.77548115223,17655
2017-05-03,5965.111328125,6046.685500133547,5910.728546785968,5941.318861289174,21222
2017-05-04,5992.30224609375,6124.860265150844,5910.7280805201535,5931.121621913553,19386
2017-05-05,5880.13818359375,6070.4779167043,5880.13818359375,5924.324193065842,16380
2017-05-08,5958.3134765625,6036.488724686252,5883.537152270215,5920.925314416358,13620
2017-05-09,5965.111328125,6036.488728632478,5897.132851451211,5931.122089788106,15718
2017-05-10,5859.74560546875,6026.292899359682,5839.352059278023,5999.101504438714,21693
2017-05-11,5971.908203125,6135.0565205695075,5903.929737523122,5924.323277203685,27080
2017-05-12,6063.68017578125,6114.664033761474,6019.494165531723,6039.8877087238125,17639
2017-05-15,5927.72314453125,6009.2973162449825,5839.351125174706,6009.2973162449825,21740
2017-05-16,5917.52685546875,6050.0848953098075,5873.340842188398,5880.1386903853745,18836
2017-05-17,6396.77490234375,6417.168446134432,6124.860985134664,6206.43516029739,43765
2017-05-18,6332.19482421875,6491.94423739013,6254.019579475308,6440.960382122668,36223
2017-05-19,6250.62158203125,6294.807596477365,6135.058159633717,6284.610823912877,28723
2017-05-22,6111.26611328125,6220.031694830193,6077.276869047206,6206.435997136576,22358
2017-05-23,6050.08544921875,6192.840274425035,6016.096205122016,6067.080071267118,24927
2017-05-24,6043.28662109375,6128.259717565822,5971.9092200572095,6039.887697234867,24503
2017-05-25,6026.29248046875,6080.67526653051,5897.133363572071,5954.915073762691,23863
2017-05-26,6033.0908203125,6135.058552486796,6002.500500660211,6056.883291153169,19696
2017-05-30,6172.44580078125,6203.036115873228,6046.685616514231,6090.871627202643,19762
2017-05-31,6186.0419921875,6420.56776002318,6107.866736242273,6118.063508756868,28999
2017-06-01,5832.5537109375,6203.036435000547,5832.5537109375,6138.456877595061,31109
2017-06-02,5720.38818359375,5825.754810861371,5577.633398263425,5781.568805878175,32159
2017-06-05,5829.154296875,5835.952144451531,5693.197345344388,5713.59088807398,21081
2017-06-06,5849.5478515625,5975.308031985401,5744.18121391088,5937.919870238052,24303
2017-06-07,5829.154296875,5893.733848852041,5761.175821109694,5839.351068239796,22322
2017-06-08,5594.6279296875,5859.743955517162,5519.851614709903,5829.1536448445095,31228
2017-06-09,5502.857421875,5615.021902987955,5349.9058567209695,5523.250963895537,54325
2017-06-12,5530.048828125,5587.830530692993,5462.070354515596,5509.655286042179,30691
2017-06-13,5451.873046875,5519.85151379364,5421.282736761611,5482.463356988388,15577
2017-06-14,5543.6455078125,5635.416463490573,5451.874552134426,5451.874552134426,29595
2017-06-15,5625.21923828125,5727.186958612632,5574.235378115559,5720.38911059054,28532
2017-06-16,5669.4052734375,5774.771918207622,5666.006349412657,5683.00096953687,22454
2017-06-19,5543.6455078125,5628.6186149218265,5502.858416400023,5621.82076635308,16744
2017-06-20,5710.19287109375,5720.389644077846,5577.6348223005025,5584.432670956567,17062
2017-06-21,5754.3779296875,5778.17039602407,5587.830665331512,5683.000530677791,22596
2017-06-22,5696.5966796875,5805.3622487507455,5638.814971122651,5764.575160352028,17657
2017-06-23,5577.634765625,5740.783131712751,5557.24121986403,5676.203570136349,20316
2017-06-26,5560.63916015625,5655.809023533007,5499.458533699763,5550.442389080169,17255
2017-06-27,5699.99462890625,5710.191399262076,5496.059221789747,5557.239843924698,26488
2017-06-28,5438.2783203125,5635.415909423828,5407.688004760742,5601.426669921875,31088
2017-06-29,5536.8466796875,5706.792863839971,5400.889732365524,5411.086503414672,37153
2017-06-30,5560.63916015625,5577.633778616385,5475.666067855574,5526.649923235979,19989
2017-07-03,5424.68212890625,5519.851990816886,5380.496121590598,5519.851990816886,18885
2017-07-05,5482.46435546875,5581.033150452379,5451.874039784176,5468.868659608939,23182
2017-07-06,5693.1982421875,5730.586409748134,5540.2466476212685,5604.826209771455,25007
2017-07-07,5536.8466796875,5689.798245424724,5506.256366540056,5662.606855960328,16350
2017-07-10,5598.02734375,5659.207970457651,5482.463937746661,5594.62842004402,21867
2017-07-11,5553.8408203125,5706.792372891486,5543.644050140568,5611.62251795345,17886
2017-07-12,5428.08056640625,5472.266569764598,5329.511789683782,5465.468723094083,24463
2017-07-13,5414.48681640625,5540.247024948015,5407.688967295885,5441.6782128477125,15408
2017-07-14,5387.29443359375,5455.272912251085,5326.11380280215,5455.272912251085,21156
2017-07-17,5346.5078125,5441.677690917038,5309.119645979021,5400.890600166878,18625
2017-07-18,5387.29443359375,5462.070760116818,5370.299813929417,5404.289053258084,19156
2017-07-19,5227.54541015625,5366.901302104498,5227.54541015625,5363.502377910639,22401
2017-07-20,5220.74658203125,5264.9325882593785,5186.75734647115,5230.94335269928,18820
2017-07-21,5292.125,5322.715317919075,5210.550818882466,5244.540061014772,21189
2017-07-24,5271.7314453125,5353.305626284454,5258.135748483841,5312.518535798477,13783
2017-07-25,5132.375,5220.74701986755,5108.582533112583,5176.561009933775,26781
2017-07-26,5207.15185546875,5234.343248969893,5118.779826590037,5118.779826590037,18940
2017-07-27,5309.11962890625,5397.491658580746,5166.364811739757,5183.359432831006,24936
2017-07-28,5356.70458984375,5407.688453325765,5305.720726361735,5346.507817147347,16651
2017-07-31,5407.68798828125,5465.469695258485,5309.119194025967,5326.113813725154,13959
2017-08-01,5373.69921875,5468.869097386939,5326.114279431531,5329.5132036685645,12348
2017-08-02,5550.443359375,5611.623996526714,5373.699296492268,5397.491766495713,22701
2017-08-03,5632.01708984375,5679.602026028308,5516.453673395537,5533.448293461452,16492
2017-08-04,5550.443359375,5638.815390816365,5540.24658651638,5587.8315265232695,12956
2017-08-07,5523.251953125,5611.623984375,5479.0659375,5526.650877403846,14309
2017-08-08,5584.4326171875,5618.421860140558,5370.300386583232,5536.847677053218,24083
2017-08-09,5716.99072265625,5784.96920925145,5652.411160390811,5683.001479358651,24826
2017-08-10,6033.0908203125,6036.489744718309,5788.36826309419,5788.36826309419,31669
2017-08-11,6016.09521484375,6101.068311098606,5975.30812864142,6043.286605645304,22072
2017-08-14,5740.78125,5910.727408969805,5733.9834036412085,5903.929562611012,20016
2017-08-15,5880.13818359375,5886.936031204841,5706.793069510929,5710.1919933164745,14548
2017-08-16,5876.73876953125,5907.329081229215,5761.175369783383,5846.148457833286,17367
2017-08-17,6192.83984375,6199.637692096597,5846.149578073545,5941.319454925905,31854
2017-08-18,6209.833984375,6311.801701688219,6124.860886613985,6254.019995210728,24274
2017-08-21,6209.833984375,6308.402777777777,6189.440440912356,6240.424299568966,16069
2017-08-22,6016.09521484375,6169.04678810249,5992.3027478923905,6155.451092701713,16376
2017-08-23,6046.68603515625,6155.451607458105,5978.70755246759,6114.664517844909,20990
2017-08-24,5978.70654296875,6050.083937739838,5931.121613121359,5971.908695847695,23186
2017-08-25,5948.1171875,5999.101049107143,5883.537629464286,5941.319339285715,18752
2017-08-28,5866.541015625,5958.311935336399,5849.546400863629,5880.136707434096,19173
2017-08-29,5863.1435546875,6022.892973278985,5822.356469089674,5992.302659080616,20321
2017-08-30,5757.77734375,5897.13322987382,5733.984875387397,5876.739685563017,13030
2017-08-31,5577.634765625,5713.591737364793,5557.24121986403,5686.400343016834,16592
2017-09-01,5496.0595703125,5584.431585666937,5475.66602830763,5553.8412726596325,12266
2017-09-05,5645.61328125,5716.990691789585,5448.47567118829,5479.06598999097,18940
2017-09-06,5611.62353515625,5659.208471250851,5550.442903034619,5581.033219095434,13525
2017-09-07,5655.80859375,5716.989215557392,5587.83012507512,5598.0268953763525,12775
2017-09-08,5645.61328125,5716.990691789585,5577.634795021824,5683.001448675497,14611
2017-09-11,5468.869140625,5523.251928847499,5438.278822249845,5502.858383264062,13334
2017-09-12,5370.2998046875,5451.873978935918,5353.3051850524125,5424.682587519778,14216
2017-09-13,5322.71435546875,5394.09175104017,5288.725119482359,5383.894980244253,12896
2017-09-14,5336.31005859375,5380.4960654483475,5298.921898947552,5343.10790580215,10018
2017-09-15,5278.52978515625,5366.901822769942,5268.33301158544,5360.103973722735,12121
2017-09-18,5166.36572265625,5254.737767912212,5115.381850393195,5247.9399182771385,21854
2017-09-19,5169.763671875,5193.556141107824,5132.375505937705,5142.572278466058,8236
2017-09-20,5115.38134765625,5173.163063875622,5094.987800755294,5152.769516974668,14344
2017-09-21,5128.9765625,5152.769031643473,5067.795927559642,5098.386245029821,13766
2017-09-22,5067.79541015625,5142.571734115631,5040.604019625565,5139.172810299296,17391
2017-09-25,5040.60400390625,5128.976022855381,4996.417994431684,5067.795394352136,22933
2017-09-26,4996.41845703125,5040.6044705968325,4942.035671104379,5030.407698235544,18596
2017-09-27,4704.111328125,4938.637109657244,4659.925311314577,4894.451092846821,42570
2017-09-28,4666.72216796875,4765.290953745221,4642.929702436499,4721.104946328182,18781
2017-09-29,4639.5302734375,4676.918429487179,4608.939963942308,4659.9238131009615,14707
2017-10-02,4462.7880859375,4642.93109321449,4462.7880859375,4629.335394552075,23490
2017-10-03,4435.59716796875,4523.969218824832,4435.59716796875,4449.192868100455,16415
2017-10-04,4479.78173828125,4517.169901499075,4411.803259703386,4455.989270778998,20231
2017-10-05,4445.79345703125,4476.3837789833,4408.405285756522,4438.995607708573,13895
2017-10-06,4459.3876953125,4503.573701439835,4435.595230474705,4489.978007246808,16087
2017-10-09,4517.169921875,4537.56346554035,4405.0054317155755,4445.792519046276,16199
2017-10-10,4479.78173828125,4517.169901499075,4442.393575063425,4469.58496649457,15042
2017-10-11,4489.9794921875,4513.771964894019,4445.79347144682,4472.9848688257,11700
2017-10-12,4500.1748046875,4551.158658214926,4462.786645434054,4513.77049896148,13197
2017-10-13,4523.96826171875,4534.165034660265,4466.186548383499,4476.383321325014,12185
2017-10-16,4537.56396484375,4551.15966211669,4435.5962352967,4503.5747216614,14714
2017-10-17,4578.35107421875,4602.14354453763,4486.580117274499,4534.165057912259,15057
2017-10-18,4510.37353515625,4551.16063570024,4472.985359657592,4517.171385246915,15578
2017-10-19,4527.3681640625,4629.3359155053495,4523.969239014405,4574.953114735829,17699
2017-10-20,4469.5849609375,4476.382808786835,4435.595721690827,4438.994645615494,14151
2017-10-23,4568.15380859375,4578.350580487932,4452.590393793015,4452.590393793015,18160
2017-10-24,4534.16552734375,4551.1601507595815,4479.78273241309,4520.5698286110855,14615
2017-10-25,4605.541015625,4714.3065599054435,4554.557166743542,4568.152859778598,26425
2017-10-26,4571.5537109375,4602.144033166822,4523.968765247445,4554.559087476766,16325
2017-10-27,4483.181640625,4615.739702781463,4469.585941942286,4561.356908050607,21204
2017-10-30,4622.53759765625,4693.915016443589,4513.7720071231615,4561.356952981388,23260
2017-10-31,4523.96826171875,4581.749975054001,4472.984397011176,4564.755353484809,19311
2017-11-01,4608.9404296875,4687.115672963911,4411.802859686118,4418.600706927545,29910
2017-11-02,4574.951171875,4666.722109200873,4523.967317805071,4619.137178735606,15694
2017-11-03,4591.94677734375,4636.132793706051,4554.558609652572,4595.345701679312,10266
2017-11-06,4568.15380859375,4605.541972205752,4513.77102515811,4581.7495044526595,13939
2017-11-07,4724.50439453125,4772.089330879046,4564.754965363646,4568.153889388489,29471
2017-11-08,4707.51123046875,4843.468233514779,4687.117680011846,4758.495106611011,23823
2017-11-09,4765.29150390625,4894.450617421541,4697.313023108729,4802.679668344887,37216
2017-11-10,4775.48779296875,4795.881335145129,4721.10501383174,4765.291021880561,17359
2017-11-13,4772.0888671875,4880.854425413996,4751.695325020032,4840.06734107906,15969
2017-11-14,4809.47705078125,4870.65767757564,4782.285661094854,4833.269516756846,22168
2017-11-15,4867.25927734375,4979.423771863543,4809.477568045674,4897.849594030966,22960
2017-11-16,4649.72802734375,4812.876379180373,4591.9463194016125,4802.679607190584,30791
2017-11-17,4595.34521484375,4710.908630009939,4537.563507260656,4700.71185808351,19735
2017-11-20,4493.37744140625,4605.541931244681,4489.978517471752,4571.552691899702,15582
2017-11-21,4354.0224609375,4445.793426156323,4333.628913111095,4432.197727605387,21467
2017-11-22,4371.0166015625,4371.0166015625,4292.841343525223,4333.628434675106,13545
2017-11-24,4364.2177734375,4381.2123909353095,4330.228538441881,4337.026385441004,8267
2017-11-27,4405.005859375,4408.404783649209,4309.8359796971445,4343.825222439236,16385
2017-11-28,4197.669921875,4391.4085336538465,4190.872075847672,4357.419303517207,27228
2017-11-29,4153.48486328125,4187.474101114975,4085.5063876137992,4160.282710847995,43381
2017-11-30,4133.091796875,4160.283190275493,4061.714389198705,4095.7036309493215,34240
2017-12-01,4184.0751953125,4523.967575110429,4126.2934907468525,4129.692414544832,57496
2017-12-04,4231.66064453125,4241.857417168674,3986.9381012330573,4031.124115995231,40503
2017-12-05,4357.42138671875,4360.820311357376,4190.8740794260675,4194.273004064694,33017
2017-12-06,4418.60205078125,4442.39452336238,4337.027859074519,4367.618180964543,28681
2017-12-07,4323.43115234375,4435.59563978663,4272.447294415168,4411.803172753292,25186
2017-12-08,4316.63427734375,4326.831051227239,4241.857935531496,4269.049332554134,16526
2017-12-11,4323.43115234375,4347.223619377089,4255.452675105641,4296.239761448506,16308
2017-12-12,4367.61669921875,4367.61669921875,4272.446841181299,4296.239305690661,17072
2017-12-13,4286.04248046875,4371.015566917376,4204.468317478068,4371.015566917376,25059
2017-12-14,4425.3994140625,4466.186505436348,4248.655351442492,4275.846745691724,26074
2017-12-15,4238.4580078125,4384.611732219828,4150.085988403418,4347.223570162139,32068
2017-12-18,4065.11279296875,4136.490191507499,4034.5224793092866,4116.096649067857,25900
2017-12-19,4163.6826171875,4184.0761647002555,4034.523482940051,4037.9224075255106,23514
2017-12-20,4143.2890625,4184.0761574548815,4095.704118385972,4109.299816704266,17350
2017-12-21,4088.9052734375,4119.495587203865,4044.719264663861,4105.899892196591,18656
2017-12-22,4112.69775390625,4139.889144014722,4092.304211324897,4092.304211324897,12629
2017-12-26,4105.8994140625,4133.090800910596,4092.303720638452,4129.691877554584,14088
2017-12-27,4112.69775390625,4143.2880677782805,4051.5171261621904,4105.8999063791325,11721
2017-12-28,4071.91162109375,4126.294414029893,4068.512696535241,4099.103017561822,9710
2017-12-29,4170.47900390625,4173.877927299816,4037.9209915571514,4041.319914950718,18290
2018-01-02,4051.517578125,4167.080998977559,4048.1186539822775,4105.900364408557,19661
2018-01-03,4041.321044921875,4085.5070613928456,4010.7307258265873,4058.3156666414793,16348
2018-01-04,4014.129150390625,4044.71946567726,3956.347443738093,3973.3420633417786,20130
2018-01-05,3983.538818359375,4051.5172964883745,3969.943122733575,3976.7409705464747,15029
2018-01-08,3966.544189453125,4085.5065258977343,3949.549569961038,3990.3366567420467,17369
2018-01-09,3983.538818359375,3990.336666172275,3932.554959762625,3952.948503201325,15443
2018-01-10,3986.938232421875,4054.9167189081813,3959.7468378273525,4014.1296270163975,19748
2018-01-11,3779.602783203125,3973.341415075947,3766.0070897383657,3966.543568343567,31115
2018-01-12,3732.018310546875,3783.002167248335,3684.433377625512,3766.007548347848,22483
2018-01-16,3878.171875,3895.1664932077124,3643.646143733567,3684.4332274320773,33318
2018-01-17,3762.610107421875,3864.577861010544,3742.2165567041416,3827.1896846946984,20461
2018-01-18,3844.1826171875,3854.3793880553717,3776.2041447350243,3793.1987628481434,22505
2018-01-19,3691.231201171875,3844.182770281207,3687.8322774138896,3833.9859990072514,23688
2018-01-22,3636.848388671875,3715.023634409682,3636.848388671875,3711.624710681951,14020
2018-01-23,3602.859619140625,3687.8327233656396,3579.067149957621,3650.4445575066334,16119
2018-01-24,3667.43896484375,3708.2260524972485,3558.6733977677536,3572.269093652253,31642
2018-01-25,3664.039306640625,3721.8210025709504,3602.8586874202806,3623.2522271603953,22575
2018-01-26,3619.85400390625,3684.4335589055167,3619.85400390625,3633.4496996955695,13078
2018-01-29,3684.433837890625,3691.2316863000174,3609.65750538731,3667.4392168671443,25237
2018-01-30,3786.4013671875,3823.789531495456,3718.422886627581,3762.6088989915283,29715
2018-01-31,3847.581787109375,3881.5710255114013,3704.826985820865,3749.012995743499,23702
2018-02-01,3816.99169921875,3912.161572396065,3789.800306882374,3891.7680281437833,25081
2018-02-02,4034.5224609375,4061.7138507332033,3871.3741221632795,3878.171969612205,42558
2018-02-05,4493.37744140625,4506.973137144242,4041.320558118027,4133.091504349471,67785
2018-02-06,4347.22509765625,4840.069225224785,4282.645522319684,4717.70792458708,70630
2018-02-07,4343.8251953125,4438.995074396029,4252.054240481954,4357.420892324432,33574
2018-02-08,4721.10498046875,4721.10498046875,4323.430910839633,4323.430910839633,42137
2018-02-09,4588.5458984375,5003.214490740741,4476.381443142361,4591.944821325232,68887
2018-02-12,4462.7880859375,4710.909586526561,4391.410667959824,4571.553675236814,45323
2018-02-13,4432.19775390625,4571.553664880296,4405.006356643022,4537.56441830126,23394
2018-02-14,4201.0693359375,4551.158447265625,4163.68117841702,4513.770289745145,37921
2018-02-15,4061.71337890625,4245.255238706198,4054.915532246993,4119.495075509937,25141
2018-02-16,4024.325439453125,4082.107139175003,3942.7512751398863,4082.107139175003,29746
2018-02-20,4119.49560546875,4150.085919370746,3983.538654793214,4085.506367799866,24321
2018-02-21,4102.5009765625,4122.894519113764,3895.1666272913217,4088.9052815283244,30348
2018-02-22,4126.2939453125,4133.091793657331,3963.145585036553,4061.7143860366045,28325
2018-02-23,3969.942626953125,4112.6974131963025,3963.144779989164,4048.1178670386744,19199
2018-02-26,3891.767333984375,4003.931807365584,3867.9748699338156,3922.357644906523,20073
2018-02-27,4048.11865234375,4051.5175764850965,3823.7896590148775,3881.571369417769,25467
2018-02-28,4241.85546875,4248.653314052484,3986.936269906851,4024.3244190705127,26366
2018-03-01,4279.24365234375,4411.801636808727,4143.286745200184,4265.647961629394,48210
2018-03-02,4075.3095703125,4415.201944817296,4041.32033286202,4394.808402347008,35077
2018-03-05,3969.942626953125,4146.686648016106,3922.357698205399,4116.096336678283,23411
2018-03-06,3847.581787109375,4037.9215221607224,3840.78393942897,3908.7624162330226,27145
2018-03-07,3745.614013671875,3929.155898189372,3728.61939473507,3908.7623554652055,26709
2018-03-08,3762.610107421875,3830.588609814321,3691.232679909807,3732.0197813452746,18519
2018-03-09,3589.26416015625,3732.018984707919,3579.067386973988,3701.428665161133,27477
2018-03-12,3565.47119140625,3609.6572023579,3534.88087613203,3565.47119140625,21074
2018-03-13,3616.45556640625,3636.849112833353,3494.0942878436326,3517.8867586752526,25316
2018-03-14,3667.43896484375,3687.832508670499,3555.2744737966286,3568.870169681128,20015
2018-03-15,3725.220703125,3762.608867116218,3636.848679145757,3643.6465271441602,15278
2018-03-16,3667.43896484375,3735.4174442662475,3630.050801161376,3725.220672352873,15449
2018-03-19,3766.008544921875,3895.167682744105,3698.0300513312272,3698.0300513312272,26744
2018-03-20,3767.71044921875,3801.7457739632737,3713.2539296275127,3743.8857218975836,14263
2018-03-21,3706.44677734375,3774.517425228851,3628.165532275884,3764.306828046086,24123
2018-03-22,3944.6923828125,3948.0959137726486,3720.059339442677,3791.533489605802,29855
2018-03-23,4206.765625,4206.765625,3903.851271743528,3927.6759961569583,33261
2018-03-26,3931.080078125,4172.730888122294,3924.273013054654,4029.782521645022,28565
2018-03-27,4155.71337890625,4206.766368819103,3900.448429341984,3903.851962002841,29573
2018-03-28,4159.1162109375,4237.397448950235,4077.4314408372543,4125.080890062398,32841
2018-03-29,4033.185546875,4128.48444587289,3934.4831157700423,4094.4491248022155,22262
2018-04-02,4322.4853515625,4407.573645884597,4019.5710237758367,4067.2204685962106,34770
2018-04-03,4155.71337890625,4319.08294662738,4121.6780522976815,4247.6087607493855,23512
2018-04-04,3999.150146484375,4319.082158203125,3961.711294049202,4302.064498005319,28799
2018-04-05,3900.447509765625,3982.1322743680466,3883.429850473454,3927.675764633099,15926
2018-04-06,4125.0810546875,4223.783489164346,3900.4479279470916,3982.13270130724,30768
2018-04-09,4121.67626953125,4128.483331908676,3948.096178906895,4043.3950521908546,18800
2018-04-10,3890.237060546875,4026.3783400060834,3839.184080749672,3985.535956168321,25542
2018-04-11,3859.6044921875,3941.2892433449074,3818.762116608796,3934.482180748457,19374
2018-04-12,3788.131591796875,3842.5881106367224,3737.0786053845186,3808.552786361818,17528
2018-04-13,3835.77978515625,3873.2186295544034,3743.8844398153283,3743.8844398153283,19711
2018-04-16,3740.481689453125,3832.377053980181,3706.446369257919,3774.5170096483307,14816
2018-04-17,3617.9541015625,3699.6388602054917,3590.725848681503,3679.2176705447437,17720
2018-04-18,3590.7255859375,3611.146774103969,3526.058490077014,3583.9185232153436,17386
2018-04-19,3662.200439453125,3696.2357595223916,3587.3227353007373,3611.1474593492244,21295
2018-04-20,3723.46337890625,3750.69163030593,3641.7786247072095,3686.02453323169,22977
2018-04-23,3737.077392578125,3791.5338937450197,3669.006766119507,3706.445610671747,16351
2018-04-24,3805.1484375,3893.6402616279074,3648.5859794275493,3703.0424865831847,27632
2018-04-25,3822.165771484375,3914.0611195075967,3777.9198631768977,3811.9551772595723,20768
2018-04-26,3767.71044921875,3839.184631182249,3733.675124474227,3805.149306437726,14423
2018-04-27,3784.72705078125,3852.797681190985,3737.077609494436,3774.5164562197897,15850
2018-04-30,3886.833251953125,3890.236783697392,3720.060196484033,3764.3061091595064,16234
2018-05-01,3839.182861328125,4009.3594065997618,3818.7616758955287,3914.0605412476452,21529
2018-05-02,3791.533935546875,3863.00809411643,3709.849182895955,3852.7975000350652,18611
2018-05-03,3852.797607421875,3971.9212083580637,3805.1481670473995,3828.9728872346373,26914
2018-05-04,3713.253662109375,3927.676192551988,3655.393614212162,3893.6408702595095,24846
2018-05-07,3621.35791015625,3689.4285475652023,3560.094336488193,3675.8144200834117,24923
2018-05-08,3566.9013671875,3638.3755358048065,3563.4978353485803,3628.1649402880485,19605
2018-05-09,3505.637451171875,3597.5328018336622,3481.8127306299302,3553.286892255765,19836
2018-05-10,3457.988525390625,3502.234441561962,3413.742609219288,3492.0238455224226,19741
2018-05-11,3437.5673828125,3488.620363745359,3417.146190439357,3454.585043123453,18781
2018-05-14,3475.005615234375,3485.216209598433,3383.110265957854,3420.5491119594,15358
2018-05-15,3468.19921875,3543.0769251410698,3451.181558206575,3512.445136162905,22655
2018-05-16,3369.49609375,3457.9879103535354,3338.8643110795456,3454.584378945707,24059
2018-05-17,3315.039794921875,3376.3033640272074,3298.0221368370603,3369.4963007932815,24693
2018-05-18,3304.8291015625,3328.653822171086,3277.600849438401,3304.8291015625,19518
2018-05-21,3240.162109375,3274.1974256499475,3226.547982865021,3274.1974256499475,18733
2018-05-22,3311.63623046875,3318.4432936351814,3219.74087772193,3223.1444093051455,14470
2018-05-23,3298.0224609375,3349.0754402089783,3281.0048011803406,3338.8648443546826,19272
2018-05-24,3294.619140625,3383.1109770467456,3274.1979476045967,3304.8297371352014,21295
2018-05-25,3315.039794921875,3332.0574530066897,3291.2150736031344,3315.039794921875,12915
2018-05-29,3328.653564453125,3417.1453770050484,3287.81118942916,3366.0924082250926,24506
2018-05-30,3175.4951171875,3281.0046012526795,3155.073926723272,3281.0046012526795,31494
2018-05-31,3257.1796875,3274.1973452194356,3158.477272727273,3175.4949304467086,22793
2018-06-01,3182.302001953125,3219.7408490349267,3155.073749529997,3189.109065058907,16708
2018-06-04,3141.45947265625,3216.3371632287717,3138.05594126659,3155.0735982148904,13237
2018-06-05,3083.599365234375,3158.4770540149007,3076.7923026179633,3148.2664600902835,17692
2018-06-06,3015.529052734375,3087.003217641172,3015.529052734375,3080.196154316715,13080
2018-06-07,3066.581787109375,3107.4241638522303,2998.5111592046164,3012.125284785568,17943
2018-06-08,3035.9501953125,3080.1961062307314,3032.546663703405,3063.178448185258,12063
2018-06-11,3022.336181640625,3049.5644355292793,3005.318522960216,3029.1432451127885,9371
2018-06-12,2984.8974609375,3025.739843527295,2961.0727377601197,3018.932779762329,13844
2018-06-13,3018.932373046875,3032.5464987426894,2964.475870263617,2974.6864645354776,14601
2018-06-14,2971.283935546875,3035.951054419029,2967.880402974656,2984.8980658357495,17893
2018-06-15,2974.686279296875,3039.353372325068,2967.8792168728546,3005.3180602049665,17688
2018-06-18,2927.037109375,3029.143055050872,2927.037109375,3015.528928960756,20680
2018-06-19,2927.037109375,3035.9501180959305,2920.230046329942,2984.8971452579945,24280
2018-06-20,2855.562744140625,2910.0192446248325,2845.352150299836,2889.5980569432545,22118
2018-06-21,2940.65087890625,2967.8791277850114,2852.1590700502747,2855.56260116012,24599
2018-06-22,2971.283935546875,2995.1086635524052,2903.213284102502,2906.6168166747207,16911
2018-06-25,3107.424072265625,3161.8805729844094,2995.1075395331327,3005.3181334179044,34851
2018-06-26,3052.968505859375,3124.442684926317,3022.3367148306857,3100.6179585706695,20039
2018-06-27,3206.126708984375,3209.5302405225752,3032.5466005361764,3052.9677897653764,26563
2018-06-28,3175.4951171875,3270.7940060205656,3158.47745846731,3216.337498115957,30787
2018-06-29,3189.109375,3192.5129068836713,3110.8281416755603,3148.2669923959443,14760
2018-07-02,3117.63427734375,3260.5825739031793,3114.230746473287,3246.968450421329,19753
2018-07-03,3083.599365234375,3100.6170217754034,3042.756989535906,3090.4064278507863,13470
2018-07-05,2978.090576171875,3093.8106671316964,2978.090576171875,3035.9506216517857,21194
2018-07-06,2906.6162109375,2998.5115712364604,2896.4056153487263,2978.0903800589135,16557
2018-07-09,2852.160400390625,2899.8098581537142,2852.160400390625,2869.1780638774426,12298
2018-07-10,2893.001953125,2940.6513970588235,2828.334850643382,2838.545445772059,16530
2018-07-11,2964.475830078125,2967.8793614559413,2886.1946083883468,2940.65111043341,19547
2018-07-12,2923.63330078125,2988.300393580835,2906.615644781359,2913.4227071813157,15229
2018-07-13,2944.054443359375,2950.86150565616,2882.790882688313,2927.036787617413,12901
2018-07-16,2988.30126953125,3025.740123705332,2916.8270933807303,2937.248286566593,15675
2018-07-17,2947.458740234375,2995.10818869082,2920.2304839735493,2991.7046566582167,12880
2018-07-18,2923.63330078125,2995.1074559807917,2916.8262383812935,2954.2650815810534,17090
2018-07-19,2862.370361328125,2961.072787580819,2855.563297448629,2933.8445320628343,15173
2018-07-20,2893.001953125,2903.2125482536762,2855.5631043198528,2879.3878262867647,12389
2018-07-23,2886.194580078125,2933.8440189001694,2862.369860667103,2910.019299489147,12501
2018-07-24,2978.090576171875,3012.1258970424105,2831.738696428571,2848.7563568638393,25224
2018-07-25,2947.458740234375,3022.3364449516453,2947.458740234375,2974.6869964952007,22912
2018-07-26,2903.21240234375,2947.4583123442994,2852.159429266193,2940.651249267292,19435
2018-07-27,3063.178466796875,3087.0031882052954,2886.194822048611,2896.405416937934,30914
2018-07-30,3121.038818359375,3131.249414275491,3022.3363911702563,3066.5823068067575,27850
2018-07-31,3022.336181640625,3110.8280067787514,2984.8973325437255,3104.020943306588,24454
2018-08-01,3029.1435546875,3104.021260533708,3008.722362183989,3039.3541509392558,21868
2018-08-02,2964.475830078125,3080.1958969238844,2957.668767322492,3080.1958969238844,24648
2018-08-03,3008.721923828125,3042.7572397085337,2933.844228891226,2957.668950007512,18916
2018-08-06,2954.265380859375,3025.7395432995213,2944.0547862250683,3015.5289486652146,17730
2018-08-07,2930.440673828125,2937.247736949677,2889.598295098813,2920.230079145797,15144
2018-08-08,2937.247314453125,2995.107342663673,2916.8261280258725,2933.843783381916,18284
2018-08-09,2916.82666015625,2940.651382001167,2879.3878115428092,2933.8443186169047,16617
2018-08-10,2944.054443359375,2974.6862236949064,2886.1944138367053,2967.8791613981216,31152
2018-08-13,2991.704345703125,3029.1431941704,2916.826648768576,2933.8443071627917,26250
2018-08-14,2906.6162109375,2978.0903800589135,2886.195019759953,2978.0903800589135,20754
2018-08-15,3018.932373046875,3063.1782815582724,2927.0370246001266,2933.8440874480343,34945
2018-08-16,2940.65087890625,2984.8967833342376,2903.2120366979525,2974.686190004702,20422
2018-08-17,2899.809326171875,2971.2834997042805,2889.59872995296,2954.265839339422,20786
2018-08-20,2875.984130859375,2923.6335720807137,2855.5629417645155,2875.984130859375,19090
2018-08-21,2773.8779296875,2862.3697409413344,2746.6496800709356,2858.966209739264,36909
2018-08-22,2753.45703125,2790.8958783992584,2739.842905013906,2784.0888152812113,19988
2018-08-23,2777.281494140625,2804.5097440831805,2739.8426504696117,2760.263837926528,20206
2018-08-24,2736.439697265625,2767.0714849215838,2726.2291013803056,2756.8608890362643,16626
2018-08-27,2722.824951171875,2736.4390759277344,2671.7719833374026,2716.0178887939455,22499
2018-08-28,2726.229248046875,2760.26456949565,2695.5974587429773,2709.2115873224875,15607
2018-08-29,2695.596923828125,2746.6498958703246,2681.982797950205,2716.0181126450047,16122
2018-08-30,2702.404052734375,2726.22877360231,2661.561674103629,2712.614647392061,23485
2018-08-31,2671.771728515625,2722.8246914808915,2654.754074193869,2719.4211606165404,19072
2018-09-04,2705.807373046875,2760.2638736364975,2668.3685288915094,2681.982654038915,34297
2018-09-05,2729.632568359375,2797.703205974322,2712.614908955638,2712.614908955638,26900
2018-09-06,2784.089111328125,2797.703239011881,2699.0008133046495,2716.0184729093444,31788
2018-09-07,2797.703125,2835.141974604623,2750.053680048662,2804.510188564477,29314
2018-09-10,2780.685546875,2801.1067381617195,2736.4396324204404,2756.8608237071603,20635
2018-09-11,2770.474853515625,2821.5278299317606,2743.2465994270196,2790.8960440820792,24991
2018-09-12,2787.4921875,2852.1592834249086,2767.070999313187,2777.2815934065934,27883
2018-09-13,2787.4921875,2807.913375686813,2743.2462797619046,2753.456873855311,21907
2018-09-14,2756.8603515625,2801.106258439429,2729.6321011766972,2784.0886019483023,23185
2018-09-17,2845.352294921875,2852.1593578283864,2746.649882777456,2753.456945683967,26709
2018-09-18,2807.91357421875,2838.5453586647727,2784.0888529829544,2831.738295454545,21988
2018-09-19,2838.545654296875,2869.1774419331723,2770.4750151051035,2807.913866660578,19867
2018-09-20,2763.66748046875,2831.7381080665027,2756.8604177089746,2801.106325647514,23497
2018-09-21,2804.509765625,2811.3168281629246,2733.03560897679,2736.4391402457522,24273
2018-09-24,2831.73876953125,2882.7917521550107,2797.7034477820766,2811.317576481746,28600
2018-09-25,2821.49072265625,2828.3224193212773,2797.5797843286546,2818.0748743237364,15298
2018-09-26,2903.47119140625,2913.7187367876836,2804.41158605239,2804.41158605239,24574
2018-09-27,2903.47119140625,2913.7187367876836,2862.4810098805146,2886.39194910386,23596
2018-09-28,2872.728515625,2930.7979386519028,2852.233425144917,2930.7979386519028,24698
2018-10-01,2995.69921875,3016.194310326397,2835.1543347348916,2835.1543347348916,27532
2018-10-02,3081.095458984375,3105.006399353433,2975.204151635688,3005.946789253049,31981
2018-10-03,3002.531005859375,3087.9272233184015,2961.5408214790423,3046.937038938069,38144
2018-10-04,3128.9169921875,3159.6596263902156,3026.4415448451145,3029.8573930898606,30898
2018-10-05,3221.145263671875,3303.125630933938,3101.5905614147005,3122.085653230216,52890
2018-10-08,3234.808837890625,3316.789209706227,3204.0661984597746,3241.640535541925,26755
2018-10-09,3275.79833984375,3289.4617322935674,3183.5704408074816,3255.303251169024,36929
2018-10-10,3555.89794921875,3569.5613419150754,3289.4617916403995,3299.709336162644,59792
2018-10-11,3764.26513671875,3767.6809853001646,3508.0764931126646,3607.1361019736846,94939
2018-10-12,3764.26513671875,3890.651534231086,3607.1361019736846,3613.9677991365133,62414
2018-10-15,3719.85888671875,3846.245276809286,3644.710222340593,3788.1758543352557,46434
2018-10-16,3409.01708984375,3733.522724648516,3388.5219971192387,3644.7106561756327,35617
2018-10-17,3443.175537109375,3583.2253357418,3432.927990867978,3439.7596883622427,40933
2018-10-18,3637.87841796875,3682.2844456059274,3470.50185225939,3487.5810936583043,36716
2018-10-19,3760.849365234375,3805.255397703082,3549.066748845155,3610.5520245710572,57725
2018-10-22,3788.176025390625,3822.334510741307,3678.868872268443,3726.6907517593972,49327
2018-10-23,3883.81982421875,4088.770738425544,3795.007761395806,3945.3050984807883,59869
2018-10-24,4331.2958984375,4334.711746937845,3863.324653890231,3900.8989873940263,58894
2018-10-25,4054.6123046875,4283.474161818133,3982.8794837958085,4256.147372907013,54787
2018-10-26,4187.830078125,4403.028524227671,4023.8693572848697,4177.582533072492,71754
2018-10-29,4239.06787109375,4389.365200931079,3917.9781209867297,4034.11696677012,55263
2018-10-30,3993.126708984375,4259.562879472639,3972.631618946816,4239.06778943508,56149
2018-10-31,3945.3046875,3958.968080357143,3818.9183035714286,3866.7401785714287,36399
2018-11-01,3692.53271484375,3900.8995007877547,3668.621772194438,3894.067802887951,35451
2018-11-02,3658.373291015625,3771.0962775735293,3590.05632946538,3654.9574429381128,37804
2018-11-05,3665.205322265625,3774.5124707395303,3610.5517480286726,3658.373625486006,23326
2018-11-06,3610.5517578125,3692.5321193900777,3579.809122220908,3685.7004225919463,20575
2018-11-07,3429.512451171875,3603.72075297443,3419.2649040070187,3566.1464133699574,28057
2018-11-08,3446.5908203125,3490.9968467387266,3388.5214011397425,3473.9176058055623,19521
2018-11-09,3634.462890625,3716.4432565789475,3518.324038856908,3518.324038856908,27422
2018-11-12,3856.492919921875,3870.1563137922803,3634.46276952779,3644.710314930594,33130
2018-11-13,3894.066162109375,3914.5612471731083,3702.778701514528,3815.5016693650628,36273
2018-11-14,3979.462890625,4054.611546070279,3747.1852283395924,3791.5912520118027,42445
2018-11-15,3812.087158203125,4088.7709035565777,3795.0079146627886,4061.4441138920392,42889
2018-11-16,3784.759765625,3928.225388509702,3760.8488284775494,3883.819362378723,34162
2018-11-19,4010.20654296875,4054.6125779419986,3784.7605192584115,3805.255612322988,32017
2018-11-20,4242.484375,4283.474562198067,4054.612683675523,4150.256453804348,40633
2018-11-21,4078.5234375,4204.909842179648,3962.384579145729,4191.246447079146,27663
2018-11-23,4081.939697265625,4184.415170837146,3972.6325254560015,4184.415170837146,15222
2018-11-26,3931.64111328125,4020.4531627558918,3883.8192404872125,3969.215441905137,23236
2018-11-27,4027.285888671875,4051.1968311830738,3941.8896654175946,3982.879852579649,27066
2018-11-28,3730.1064453125,4102.433920165122,3723.2747485262134,3976.0475296188188,37547
2018-11-29,3767.680908203125,3866.7405150371146,3699.3639379727874,3781.3443022491924,24930
2018-11-30,3702.77978515625,3825.7503315267527,3689.116391115083,3795.007694934127,24878
2018-12-03,3596.88818359375,3750.6013538327993,3572.977246001009,3576.3930942285433,24678
2018-12-04,4054.6123046875,4088.7707908264006,3600.304439040122,3627.6312279512426,55267
2018-12-06,4092.187255859375,4399.613677418092,4092.1872558593745,4235.652919253443,68090
2018-12-07,4351.79052734375,4416.691641958767,3999.958169167607,4099.017765158948,60540
2018-12-10,4389.365234375,4590.900291828793,4293.721478295233,4344.9592047665365,51402
2018-12-11,4409.85888671875,4505.502611604981,4160.502032551075,4204.908047676825,39472
2018-12-12,4283.4736328125,4290.305329196572,4109.26537501869,4280.057784620465,40007
2018-12-13,4467.9306640625,4488.425758851778,4208.326130064985,4249.31631964354,39143
2018-12-14,4672.880859375,4720.7027395148025,4426.939761513158,4573.821250513981,36071
2018-12-17,4993.97021484375,5069.118877447418,4597.73181202441,4720.702350830412,52836
2018-12-18,5007.6337890625,5065.703212264453,4751.44515728918,4850.504761574864,47212
2018-12-19,5311.64453125,5400.456594151929,4816.346488143086,5011.0498568127,58173
2018-12-20,5584.91259765625,5769.3684265696675,5274.070367450307,5356.050735856269,83117
2018-12-21,6035.80322265625,6069.961701562058,5441.445689695193,5513.17849539739,80774
2018-12-24,6360.31005859375,6377.3893015008225,6011.893503289474,6114.368960731908,56042
2018-12-26,5448.27783203125,6384.220230762637,5431.198591178487,6309.071571010481,76532
2018-12-27,5400.64501953125,5955.787464432305,5397.218214315812,5661.082215904585,31392
2018-12-28,5338.962890625,5503.449552210366,5081.952481897866,5386.938166920731,51459
2018-12-31,5215.59814453125,5472.608565582395,5205.317727689204,5243.012589443372,41514
2019-01-02,5126.5009765625,5500.022772314714,5075.09889457825,5424.633052071148,39650
2019-01-03,5414.35302734375,5476.035530186907,5136.781764549545,5229.30551881428,54582
2019-01-04,4804.380859375,5232.731506608862,4763.259197240549,5198.463454830154,36993
2019-01-07,4547.37109375,4855.783601992275,4475.408175160135,4804.381517285229,23080
2019-01-08,4348.61669921875,4578.21269515859,4345.1898933092,4434.286846957496,31903
2019-01-09,4238.958984375,4358.8971933104285,4194.410506770412,4300.641491827506,30456
2019-01-10,4177.27587890625,4376.0305966885,4170.422267948241,4321.201709024431,28893
2019-01-11,4173.8486328125,4262.945565861042,4149.860996991739,4232.104319805778,21771
2019-01-14,4293.7880859375,4314.34892274167,4194.410708050678,4249.239606195131,19726
2019-01-15,4180.7021484375,4314.347544985912,4173.848538358095,4262.945469390369,23581
2019-01-16,4098.46044921875,4177.276996319111,4033.351127701061,4177.276996319111,22148
2019-01-17,3992.228271484375,4146.434513730553,3947.679801502146,4146.434513730553,24174
2019-01-18,3868.86376953125,3978.5215557358556,3820.8884880667347,3930.5462742713407,25790
2019-01-22,4060.762939453125,4129.299022819422,3913.4103602155856,3937.3979893937894,28236
2019-01-23,4088.178955078125,4184.129508927402,3954.5335407880607,4023.0696506804015,31529
2019-01-24,4012.7900390625,4108.7406121570775,3988.8023957888554,4101.886999793179,17428
2019-01-25,3862.0107421875,3937.400481609084,3838.023097826087,3916.839643585016,21330
2019-01-28,3930.547119140625,4012.7904764722507,3892.8522470302964,3975.095604361922,22078
2019-01-29,3947.68017578125,3978.5214271545406,3903.131701575385,3913.4121186998154,12611
2019-01-30,3824.314453125,3992.2279013356856,3783.1927923387098,3889.4237493699598,22014
2019-01-31,3731.791748046875,3844.876346472538,3707.804105956583,3834.5959284338414,18035
2019-02-01,3714.656982421875,3766.0590624369374,3683.815734412837,3711.2301770875374,16910
2019-02-04,3594.719482421875,3745.498945936234,3591.2926764329122,3707.8040800576446,15842
2019-02-05,3584.438720703125,3642.6944169287017,3543.3170527791885,3591.292332023781,16931
2019-02-06,3591.29248046875,3649.548179102308,3560.451228250984,3587.865674666776,14946
2019-02-07,3680.388671875,3772.912409436103,3611.8525699778866,3666.681451495577,24341
2019-02-08,3670.108154296875,3772.9123042771794,3670.108154296875,3738.6442542837444,19622
2019-02-11,3581.01123046875,3690.6689906362144,3581.01123046875,3642.693720562949,17088
2019-02-12,3450.79345703125,3526.1831849902246,3433.659427949665,3519.3295733575906,21337
2019-02-13,3423.37841796875,3467.9268858702453,3399.3907814064064,3419.951612745558,19459
2019-02-14,3399.39111328125,3488.488057782573,3358.2694465883314,3478.2076411093435,24314
2019-02-15,3241.758056640625,3368.54986223862,3238.3312510839223,3337.7086122282967,26349
2019-02-19,3210.916748046875,3282.87966342466,3183.5023040934334,3282.87966342466,14479
2019-02-20,3166.367919921875,3221.1968016521237,3156.087504597453,3210.916386327702,17143
2019-02-21,3204.06298828125,3248.611457637032,3169.794934930648,3183.502156270889,18463
2019-02-22,3125.24658203125,3186.929080360814,3114.9661656429894,3176.6486639725535,18577
2019-02-25,3118.392822265625,3128.673238163204,3043.003105683379,3070.417548076923,21884
2019-02-26,3190.3564453125,3197.210057439917,3121.8203240383323,3135.527548293166,21135
2019-02-27,3173.222412109375,3245.1853393818337,3162.9419939275954,3228.0513090788672,22046
2019-02-28,3207.490478515625,3231.4781209831567,3162.9419996473525,3186.929642114884,18388
2019-03-01,3118.392822265625,3210.916565343836,3111.539211667239,3138.9536540607833,21455
2019-03-04,3200.63720703125,3276.026948524491,3090.9794012228986,3097.8330140859207,33218
2019-03-05,3248.61181640625,3258.8922335467764,3193.782924990111,3200.6365364171284,25246
2019-03-06,3437.0859375,3450.7931595837485,3252.0384393693917,3252.0384393693917,41822
2019-03-07,3529.609619140625,3553.597257328959,3433.6590663872876,3440.5126772982403,46793
2019-03-08,3536.46337890625,3608.4262965002727,3526.182962107104,3598.1458797011264,32165
2019-03-11,3351.415771484375,3519.3292406078253,3351.415771484375,3509.0488241308794,29923
2019-03-12,3347.989013671875,3385.6838746241688,3306.867347178464,3341.13540258964,24116
2019-03-13,3306.867431640625,3320.5746541551975,3258.8921528396213,3313.7210428979115,22149
2019-03-14,3347.989013671875,3358.2694302952277,3306.867347178464,3317.147763801817,23594
2019-03-15,3324.001220703125,3351.4156637604706,3252.038307677594,3337.708442231798,28580
2019-03-18,3255.465576171875,3344.562528782895,3217.770711605674,3303.4408583470395,31065
2019-03-19,3312.856201171875,3336.9122109314217,3213.1955893108952,3213.1955893108952,27384
2019-03-20,3391.897216796875,3450.3189520405904,3257.87088300247,3316.2926182461847,48737
2019-03-21,3261.3076171875,3433.1362587674525,3213.1955975451133,3429.6996859358537,48338
2019-03-22,3618.7109375,3622.1475100902185,3309.419404380342,3333.4754125118707,62737
2019-03-25,3570.598876953125,3711.4983514045957,3501.867426001188,3635.893755357465,62245
2019-03-26,3464.0654296875,3539.6700323195687,3395.333972749256,3488.1214396158857,35266
2019-03-27,3501.867431640625,3625.5840435533455,3440.0091256842643,3470.9382786624446,37244
2019-03-28,3412.516845703125,3529.3603227966864,3391.8974085689674,3470.938584249906,37152
2019-03-29,3385.023681640625,3446.8819824218754,3326.6019531250004,3340.3482421875,39250
2019-04-01,3278.490966796875,3343.7858602655756,3264.7446734350433,3302.5469801800805,37101
2019-04-02,3295.673583984375,3354.0953263490615,3268.1809993421693,3268.1809993421693,27321
2019-04-03,3250.997314453125,3278.489892165202,3185.7024423869416,3216.6315923130287,40531
2019-04-04,3202.885986328125,3268.180872315501,3196.012840434717,3240.688288741869,30326
2019-04-05,3110.09814453125,3189.1393128453037,3106.6615719958563,3178.8295952391227,37520
2019-04-08,3130.718017578125,3192.576331866167,3123.84487154612,3147.9008826581367,27555
2019-04-09,3247.561279296875,3261.307570426174,3154.7738141741074,3171.956678085731,39617
2019-04-10,3113.534423828125,3237.2510234504343,3110.097851616394,3233.8144512387034,34047
2019-04-11,3127.28125,3144.4641140109893,3092.9155219780223,3106.6618131868136,27592
2019-04-12,3089.479248046875,3127.2815525279825,3061.9866629697062,3065.4232361043523,22508
2019-04-15,3123.844482421875,3165.0833534769495,3072.2958936030323,3079.169038778878,26061
2019-04-16,3103.2255859375,3137.591317786199,3082.6061468282805,3092.9158663828903,25225
2019-04-17,3192.575927734375,3244.124516449139,3072.295887399926,3075.7324599809103,34108
2019-04-18,3220.068603515625,3281.926911800877,3182.266304007971,3192.576022055513,29371
2019-04-22,3244.125244140625,3288.8006977145956,3209.759510622186,3237.252097436937,19872
2019-04-23,3096.351806640625,3237.2512784189444,3072.295799263839,3237.2512784189444,39529
2019-04-24,3072.296142578125,3113.535016975147,3034.493841047522,3092.915579776636,27456
2019-04-25,3151.33642578125,3223.5044355319656,3106.660991173664,3113.5341349594464,29199
2019-04-26,3058.549560546875,3171.9564543649053,3048.239842927054,3141.027301505442,25063
2019-04-29,3017.310791015625,3048.2399449098625,2982.945064466472,3041.366799600032,20231
2019-04-30,3058.549560546875,3134.1541564255617,3010.4375449877107,3010.4375449877107,22297
2019-05-01,3151.33642578125,3151.33642578125,3034.4929814229486,3034.4929814229486,29845
2019-05-02,3106.662109375,3216.6324495298672,3065.4232318169247,3158.210706322594,47235
2019-05-03,2924.52294921875,3065.4224097569036,2921.0863770105025,3061.985837548656,33856
2019-05-06,2914.213623046875,3065.4228204691185,2897.0307597034384,3061.986247800431,38056
2019-05-07,3086.041748046875,3158.209762199419,2962.3251523568,2993.254301279319,47984
2019-05-08,3134.154541015625,3141.027686938905,3058.549935859546,3110.0985302841455,30401
2019-05-09,3168.519775390625,3319.7289620687025,3144.463768419113,3213.195216909148,42599
2019-05-10,3154.77392578125,3326.602570976307,3134.154488357843,3213.1956651475693,40909
2019-05-13,3446.882568359375,3477.8117240076645,3305.983081517167,3326.602518616027,49705
2019-05-14,3319.728759765625,3446.8819317235216,3275.0533209696073,3422.8259262179736,32031
2019-05-15,3285.363037109375,3415.952781262258,3264.7436038220776,3398.7699201895102,33086
2019-05-16,3226.94189453125,3264.744195745141,3154.773864941094,3261.3076229075145,28075
2019-05-17,3364.404541015625,3374.714258710259,3213.1953481609903,3299.109662282942,31893
2019-05-20,3436.57275390625,3460.6287631835935,3364.4047260742186,3422.826462890625,27888
2019-05-21,3295.673583984375,3381.587910991267,3281.927291663272,3378.151337910991,29859
2019-05-22,3381.587646484375,3412.516801787586,3312.8561902550177,3340.348772746761,28720
2019-05-23,3587.7822265625,3646.2039677996286,3481.2484631300886,3484.6850361440374,45582
2019-05-24,3501.867431640625,3563.7257375969853,3470.9382786624446,3522.4868669594116,23541
2019-05-28,3577.471923828125,3577.471923828125,3436.5724532450768,3481.247895137263,19233
2019-05-29,3666.82275390625,3738.990774367385,3625.5838850713153,3642.7667470858714,37385
2019-05-30,3694.316162109375,3766.484198764535,3577.472674191497,3635.894418150436,30204
2019-05-31,3848.96142578125,3897.0734436035154,3783.666544451032,3835.2151349748883,35630
2019-06-03,3821.46875,3900.509920188849,3752.7372976618703,3842.0881857014388,41342
2019-06-04,3515.614013671875,3721.8083839752107,3515.614013671875,3697.7523741064883,42804
2019-06-05,3525.923828125,3632.457589013767,3470.9386612146686,3477.8118070784603,27464
2019-06-06,3549.9794921875,3653.0766700825875,3498.4309032399565,3525.92348401198,29446
2019-06-07,3477.811767578125,3536.2335067568088,3429.699747078032,3512.1774965067625,30653
2019-06-10,3419.3896484375,3436.5725109924624,3319.729045618719,3433.13593848147,27105
2019-06-11,3450.319580078125,3494.9950328082205,3316.2932218878395,3340.3492348963523,26716
2019-06-12,3440.009521484375,3494.994688660948,3415.953510844624,3460.62895917559,20425
2019-06-13,3333.4755859375,3409.08018685567,3319.729294861469,3381.5876047036086,28054
2019-06-14,3412.516845703125,3419.3899914145113,3340.348815733573,3347.2219614449587,18330
2019-06-17,3347.22216796875,3385.024471713777,3305.9832911559934,3378.1513255783175,20307
2019-06-18,3233.815185546875,3292.2369264122276,3158.2105797211243,3281.9272074359887,37245
2019-06-19,3199.44921875,3268.1806735029536,3189.139500537057,3223.5052279135334,26458
2019-06-20,3154.77392578125,3206.322519339767,3096.3521864149307,3106.661905126634,36063
2019-06-21,3240.688232421875,3257.8710968567734,3165.0836289083213,3168.520201795301,24452
2019-06-24,3357.531494140625,3360.968066806071,3209.758869526452,3216.6320148573436,24290
2019-06-25,3419.3896484375,3429.6993659704776,3330.038763151696,3340.3484806846736,44178
2019-06-26,3440.009521484375,3443.4460944329107,3347.2220518739073,3381.5877813592656,25062
2019-06-27,3244.125244140625,3415.953911732819,3240.688670788781,3415.953911732819,41026
2019-06-28,3129.343017578125,3230.378338886554,3100.4759327412535,3228.316479166689,71605
2019-07-01,3095.664306640625,3148.5876043160733,2981.570063565479,3009.7499985647214,44909
2019-07-02,3151.33642578125,3205.6342197385907,3097.725988152828,3101.849706622935,29415
2019-07-03,3088.79150390625,3153.3990287806705,3082.6057149903986,3124.5319439227815,17426
2019-07-05,3061.298583984375,3171.9562547572377,3061.298583984375,3133.466602781669,22755
2019-07-08,3148.587646484375,3169.8944371229018,3076.4196267340863,3092.9151321552345,19123
2019-07-09,3141.71533203125,3196.01314786177,3138.966115359791,3192.576574584499,16591
2019-07-10,3124.531982421875,3175.393217109204,3070.9213217365113,3091.540758211246,25495
2019-07-11,3174.705810546875,3213.8828231317802,3110.0982858952034,3110.785642383873,28666
2019-07-12,3099.78857421875,3175.393173589939,3066.7975602120227,3158.2103100964873,31285
2019-07-15,3153.3994140625,3175.3935659524927,3072.296372252736,3073.6710854027774,18009
2019-07-16,3149.96240234375,3187.7647014367994,3094.9772400265874,3158.897617071338,25109
2019-07-17,3220.068603515625,3244.811968780076,3147.900577182831,3152.024506352198,22999
2019-07-18,3186.39013671875,3247.5610866653788,3167.145204428205,3225.566938262397,28533
2019-07-19,3240.688232421875,3241.3755889496238,3143.7768350586944,3171.9567746822804,22235
2019-07-22,3254.4345703125,3268.868218593701,3189.139684530095,3219.3814844158032,36175
2019-07-23,3188.451904296875,3262.6819956996965,3187.7645478506774,3214.5699809902103,37210
2019-07-24,3028.9951171875,3225.566898448967,3020.0599027426883,3212.507964762272,48079
2019-07-25,3144.46435546875,3157.523291169522,3034.494017353996,3035.181373917568,33840
2019-07-26,3032.43212890625,3134.1546068053644,3019.3729835764766,3128.6561738520286,31856
2019-07-29,3094.977294921875,3125.219302534112,3023.496624592068,3034.4936992009043,34774
2019-07-30,2996.00390625,3180.89146743475,2994.629403081454,3158.8975289723267,34483
2019-07-31,3066.10986328125,3123.8442362584533,2915.5880377419144,2996.691060525161,43049
2019-08-01,3203.573486328125,3240.6884338642317,2975.384948547685,3050.3022001903732,66141
2019-08-02,3312.856201171875,3389.8355163031283,3236.5642425555316,3261.307608829989,83003
2019-08-05,3605.65185546875,3723.1828917646712,3483.9973095472455,3492.9325242855443,62190
2019-08-06,3508.05322265625,3653.763773156419,3483.309858306639,3544.4810175950997,42743
2019-08-07,3514.2392578125,3696.3776160276375,3485.3721721728534,3613.2127221534524,49576
2019-08-08,3288.11328125,3465.440588828851,3281.240134671404,3454.44351235274,43174
2019-08-09,3415.9541015625,3451.6945503085435,3318.3553290457075,3320.417399022481,43213
2019-08-12,3548.604736328125,3570.598884580424,3450.3188451575993,3475.0622095035005,32066
2019-08-13,3433.13623046875,3616.649302064179,3327.2898300783236,3571.973855621643,27833
2019-08-14,3717.684814453125,3744.4898319725626,3592.593474185139,3596.030047162262,46749
2019-08-15,3765.797119140625,3820.094724557629,3678.5080750610323,3678.5080750610323,35600
2019-08-16,3523.861328125,3717.684090174951,3505.9911101750777,3717.684090174951,31683
2019-08-19,3417.328125,3431.0744163962163,3365.0921757440274,3404.956336892349,22413
2019-08-20,3488.808349609375,3496.368850855279,3426.9500462820874,3431.07397512092,20423
2019-08-21,3400.832763671875,3442.0716421792226,3380.2133244182014,3383.649897627147,17364
2019-08-22,3429.0126953125,3486.059936255335,3356.1573015582026,3382.275383716345,28864
2019-08-23,3741.740478515625,3776.1062051019053,3421.451655029391,3482.62281615437,55129
2019-08-26,3616.649658203125,3721.1215656108616,3616.649658203125,3631.7706639272214,31150
2019-08-27,3780.230224609375,3791.9146564770554,3546.543265269886,3551.354551274641,43030
2019-08-28,3650.32763671875,3830.4041440395818,3586.407463451245,3805.660986485559,39941
2019-08-29,3459.25390625,3544.481074802179,3447.5696852239244,3532.7966440243576,31245
2019-08-30,3479.186279296875,3537.6080150947164,3404.2688267664766,3409.7674689279124,28710
2019-09-03,3633.832275390625,3680.5695830203363,3519.7378031877843,3580.221821947617,34008
2019-09-04,3543.106689453125,3596.7171432395853,3508.053603630394,3534.858830523624,18855
2019-09-05,3352.719970703125,3437.9471345625025,3257.183299330403,3404.9559134632077,38435
2019-09-06,3398.083251953125,3403.5818944609855,3310.107069345003,3345.160154982467,27184
2019-09-09,3264.74365234375,3387.7728975027803,3241.3750028878453,3354.0945312500003,51164
2019-09-10,3140.34033203125,3330.0392015628954,3133.4671861043917,3279.177963654497,56393
2019-09-11,2949.26708984375,3157.5233367544347,2936.895300776165,3099.101593787542,88093
2019-09-12,2946.517578125,3026.9332551254142,2896.343489811065,2938.269719572865,71816
2019-09-13,2930.708984375,2940.3313454191534,2840.6707429761013,2900.4671883426286,57029
2019-09-16,2899.780029296875,2966.449624198046,2850.980654552366,2952.0159767733667,55826
2019-09-17,2922.4619140625,2978.821588322736,2916.9632711274016,2923.8364174824387,47479
2019-09-18,2978.821044921875,3056.487710416797,2921.7740244823794,2923.8358841120507,45933
2019-09-19,3023.496826171875,3033.119188439233,2903.216773450486,2960.9511568063995,43511
2019-09-20,3042.741455078125,3097.7266165179703,2970.5734306883282,3026.9330953131225,31399
2019-09-23,3046.864990234375,3092.9151440577048,3011.81211973644,3076.4196385730766,23386
2019-09-24,3189.22412109375,3221.0748597566007,3017.507196318488,3027.2010555722472,42433
2019-09-25,3083.978271484375,3228.691176590283,3066.6681103160686,3197.532886487331,32305
2019-09-26,3182.99267578125,3212.0736211824956,3093.672070740961,3093.672070740961,29325
2019-09-27,3264.00439453125,3305.548787023304,3135.909184347416,3158.7587270014706,41433
2019-09-30,3253.6181640625,3288.238489730979,3194.763610426086,3253.6181640625,26539
2019-10-01,3442.645263671875,3465.4945940554558,3125.522954255609,3207.2270494902855,58033
2019-10-02,3526.426513671875,3620.5940590813384,3498.7302513652253,3502.1922841535566,67800
2019-10-03,3489.036376953125,3690.5267145092344,3475.1882466923025,3568.663337258554,56136
2019-10-04,3389.329833984375,3534.73519969157,3385.1753527030305,3468.264133107142,42405
2019-10-07,3408.02490234375,3462.032525214823,3329.0903917242954,3417.7185511532125,45671
2019-10-08,3577.6640625,3601.205627251609,3476.5726827539133,3507.7309717047547,49225
2019-10-09,3525.734375,3564.5089742717555,3487.6520132607475,3498.73034944941,34903
2019-10-10,3484.18994140625,3530.5810547681353,3429.4896533843653,3513.270890534809,32153
2019-10-11,3309.010498046875,3346.4004053937374,3189.9167112640644,3346.4004053937374,61355
2019-10-14,3347.092529296875,3384.4824330150823,3315.9342409807577,3332.55195248822,20729
2019-10-15,3229.383544921875,3340.168573641704,3183.6846783138108,3314.5496625336473,32516
2019-10-16,3223.15234375,3248.771469457833,3178.1459200456497,3246.6941231188275,26166
2019-10-17,3110.2900390625,3191.3014716471184,3100.596179153396,3178.1457905920806,33064
2019-10-18,3153.218994140625,3225.9216728455403,3102.6734068013857,3137.2937299942027,32358
2019-10-21,3063.899169921875,3075.670166509401,3009.8915402624907,3059.052239255077,26668
2019-10-22,3058.359619140625,3084.6709818258396,3007.813817458602,3054.8975866133233,23639
2019-10-23,3046.588623046875,3097.134213406965,3027.2013254224917,3052.1277905665,21975
2019-10-24,3059.744384765625,3104.058360003854,3008.5063442931196,3016.122858311964,24229
2019-10-25,3011.9677734375,3077.7463799838365,2982.194383417738,3077.7463799838365,29908
2019-10-28,2937.188232421875,2976.6552731137813,2899.105877840433,2974.5781382952464,30605
2019-10-29,2906.0302734375,2963.499930559242,2881.103596246422,2954.498730245712,31160
2019-10-30,2934.41845703125,2994.6579028360034,2912.261577365929,2912.261577365929,25220
2019-10-31,2990.50341796875,3055.58958206594,2951.03637706679,2951.03637706679,36151
2019-11-01,2836.789306640625,2954.498402994084,2831.9423769743876,2935.8033443450863,38655
2019-11-04,2795.937255859375,2817.401898801996,2751.6232838103524,2765.4714132822774,28280
2019-11-05,2784.858642578125,2790.3978092901816,2713.540656152818,2769.6256171614705,37973
2019-11-06,2827.7880859375,2850.637627077075,2789.0132799204544,2792.47531239866,25766
2019-11-07,2807.708740234375,2832.6354198934077,2726.004846619141,2750.9313149724508,45370
2019-11-08,2785.551025390625,2845.790470231668,2775.8573774855213,2828.4803092205266,28418
2019-11-11,2803.55419921875,2849.2530757445697,2794.5529982040557,2839.559425888964,22955
2019-11-12,2801.4765625,2818.0942751784914,2744.6991486006673,2795.244946658776,29496
2019-11-13,2833.327392578125,2887.335013341372,2817.4019168002633,2856.869170569651,32706
2019-11-14,2839.558837890625,2856.1765501028153,2797.3220030097877,2849.9449344364534,25760
2019-11-15,2795.937255859375,2828.4804446406733,2778.627094019469,2781.396888958403,24546
2019-11-18,2820.864013671875,2849.2527221807436,2807.0158837949334,2809.09323005989,21710
2019-11-19,2790.39892578125,2831.2508777188827,2757.1634895994557,2789.0140278962795,39790
2019-11-20,2814.63232421875,2883.872971801007,2763.3942872690172,2818.786805334823,41819
2019-11-21,2860.3310546875,2888.0273123725774,2804.246090614083,2804.938539317345,24796
2019-11-22,2834.712158203125,2882.4881642644177,2820.1715794960287,2831.250125715992,23510
2019-11-25,2655.379150390625,2800.092078776586,2643.6081543802984,2793.1680131953844,52023
2019-11-26,2649.83984375,2671.304276883662,2609.680138697646,2649.1473949669817,33194
2019-11-27,2597.216796875,2632.5295702705844,2591.6774181489263,2620.066126616188,27385
2019-11-29,2649.14794921875,2652.609982552464,2599.294584690977,2617.297200287436,22436
2019-12-02,2727.38916015625,2739.1601551738554,2626.9902176961023,2630.452250194728,37676
2019-12-03,2750.9306640625,2833.3271983427767,2748.853529293112,2798.0144281234684,35139
2019-12-04,2694.154052734375,2718.3882831035767,2673.3818552750595,2712.8489036643273,23631
2019-12-05,2687.92236328125,2713.541279340192,2653.9942726346208,2664.3803710842303,22600
2019-12-06,2594.447021484375,2611.7571825262894,2566.7507638173124,2608.9873877150417,31673
2019-12-09,2611.75732421875,2615.9115940496445,2579.9065839125337,2599.293880809002,22406
2019-12-10,2606.218017578125,2637.376310004471,2588.9078551190437,2613.8345313212594,25523
2019-12-11,2608.295166015625,2637.376109957655,2583.3684917041146,2593.0621396847914,20214
2019-12-12,2538.362548828125,2623.528473118642,2487.8167420175832,2598.6017941317996,49710
2019-12-13,2572.290283203125,2607.6030588272165,2503.049629550282,2552.9029847026113,38391
2019-12-16,2519.667236328125,2524.5141663986656,2472.5836783815744,2510.6660362607745,30601
2019-12-17,2485.046875,2527.283713570119,2482.969740031672,2507.20396742207,22121
2019-12-18,2463.582275390625,2498.2026008531448,2455.2735240630386,2466.3520704721846,24919
2019-12-19,2440.73291015625,2473.2761001472777,2440.040461395776,2457.3506238791538,24901
2019-12-20,2429.654296875,2437.270810418696,2406.8049675496,2419.9606484128813,27263
2019-12-23,2412.2998046875,2451.86854809394,2410.2173284446594,2413.6882634154326,16649
2019-12-24,2395.639404296875,2424.1011139628363,2394.9451749198397,2405.357980028187,11031
2019-12-26,2396.33349609375,2409.523006103931,2383.1437742345192,2388.0031677457146,12779
2019-12-27,2432.4306640625,2450.4795644138208,2378.2841748575506,2378.9784040727964,20263
2019-12-30,2449.785400390625,2489.3541363734585,2417.852762280674,2428.9597944731377,23979
2019-12-31,2438.6787109375,2485.189322096239,2412.2996911409023,2467.8346480592536,24366
2020-01-02,2437.290283203125,2505.3205156385807,2394.9448393263883,2394.9448393263883,27253
2020-01-03,2470.61181640625,2531.0061781095037,2455.3398275019144,2530.31194864815,23615
2020-01-06,2455.33935546875,2537.9475611104663,2449.0915033667916,2526.840527411376,25753
2020-01-07,2481.0234375,2508.0966787661628,2458.8095882927064,2480.329208370306,20561
2020-01-08,2456.7275390625,2485.883475291282,2429.6542907637972,2481.7183112801645,37306
2020-01-09,2449.785400390625,2463.66913766895,2410.910893641512,2424.7946309198364,28436
2020-01-10,2483.107177734375,2510.8746599037318,2445.6209073264818,2451.174530869799,38443
2020-01-13,2435.207763671875,2517.1219518168095,2430.3485820758074,2478.941669130769,31389
2020-01-14,2405.35791015625,2476.1650675757965,2362.3182322190264,2470.611444569898,48228
2020-01-15,2374.119873046875,2424.7954464161344,2348.4348657041005,2424.7954464161344,39461
2020-01-16,2279.015869140625,2327.608959841696,2267.9090464596306,2322.055548501199,46793
2020-01-17,2302.61865234375,2317.1964116916397,2249.166161904532,2251.2486384259205,32139
2020-01-21,2359.54150390625,2374.119472863821,2324.832154887773,2331.079795341288,30546
2020-01-22,2363.012451171875,2378.2846495595336,2319.2787559193916,2337.3276598732464,25024
2020-01-23,2365.7890625,2451.8684145665943,2347.7403711141465,2383.8379657349,38456
2020-01-24,2458.810302734375,2503.9324552385137,2346.35193021521,2346.35193021521,54956
2020-01-27,2540.0302734375,2588.6233650216795,2496.99080514381,2570.5744600634566,52056
2020-01-28,2477.55322265625,2508.791635916595,2453.2566790093147,2493.519649876522,32605
2020-01-29,2518.5107421875,2520.593430620214,2447.7037843061707,2467.835168061183,32298
2020-01-30,2521.287353515625,2612.225684094096,2512.957024495901,2573.3513802662305,50349
2020-01-31,2674.702392578125,2699.6931666332307,2542.1128467270596,2552.5256515959322,55440
2020-02-03,2590.7060546875,2629.580358497925,2559.467638651151,2627.497882168462,44110
2020-02-04,2474.08251953125,2501.850000585134,2447.009267873527,2494.908130321663,41101
2020-02-05,2360.23583984375,2431.042999778688,2349.823034667969,2394.9451904296875,53564
2020-02-06,2376.2021484375,2382.450001264287,2322.7498735736335,2333.8569085612785,35368
2020-02-07,2464.364013671875,2483.8011662231784,2401.8871795224472,2403.9696559211316,41140
2020-02-10,2419.936279296875,2481.718888988591,2417.1595732594333,2479.6364124227825,25963
2020-02-11,2373.42529296875,2401.887002126769,2329.691597033811,2380.367162917093,40950
2020-02-12,2324.832275390625,2359.541626208189,2315.8079289176844,2326.2207341629537,27488
2020-02-13,2305.39501953125,2365.0951426104507,2290.122821121784,2360.2357489758783,42896
2020-02-14,2333.162841796875,2356.7651603852605,2299.8417345111366,2299.8417345111366,34505
2020-02-18,2347.04638671875,2394.2510199370427,2326.9150052535683,2351.2115512613213,33259
2020-02-19,2313.03173828125,2335.9398301823235,2283.181562821756,2322.7503163044594,29488
2020-02-20,2296.370361328125,2388.003124084957,2285.9575570079874,2333.8566263598586,50883
2020-02-21,2368.56640625,2398.4163660077124,2313.7254573453747,2326.2209519188314,45504
2020-02-24,2585.8466796875,2622.6385074373857,2544.889687399176,2586.5409090854178,62670
2020-02-25,2851.720458984375,2873.2403009782047,2547.6666006492487,2558.773636373395,94141
2020-02-26,2949.60107421875,2971.1209176274606,2739.2624584814926,2813.5403543127195,96514
2020-02-27,3268.926513671875,3283.504482921465,2928.080657112964,3136.3367553955095,81819
2020-02-28,3401.51611328125,3609.078184366834,3341.815992188545,3552.8487862345514,73581
2020-03-02,3116.899658203125,3517.445645567071,3116.2054288270315,3352.9232403387737,61504
2020-03-03,3315.437255859375,3417.4826208736713,2930.857688456739,3115.5112666299615,81553
2020-03-04,3029.431884765625,3277.256716981723,3015.5481454112005,3159.9391618066456,56324
2020-03-05,3322.37890625,3428.5894287342962,3168.9635423345308,3232.1345994584362,78755
2020-03-06,3518.834716796875,3747.9166943838063,3410.5414760782646,3613.938231827048,85290
2020-03-09,4541.37109375,4549.006980690684,4119.305514552241,4269.249725682337,53288
2020-03-10,4134.57666015625,4799.607993538909,4104.0326933367905,4115.139513326044,84919
2020-03-11,4927.33837890625,5075.200099288727,4335.891073678296,4462.233170306261,66216
2020-03-12,6601.71826171875,6620.461395150949,5620.832131546848,6015.824273849324,89674
2020-03-13,5177.2470703125,7000.18256577126,5177.2470703125,5456.310356490984,67930
2020-03-16,7325.0595703125,7500.689188748338,6178.263191102286,6872.450066507037,53040
2020-03-17,6097.04296875,7757.537985055942,5707.604318576738,6830.10453054994,62183
2020-03-18,7198.71875,7913.731316297011,6282.3919660077145,7159.844449855323,50448
2020-03-19,6386.5205078125,8239.999829101564,5713.159106445313,7358.38232421875,63265
2020-03-20,6687.7978515625,6837.742076865269,5456.3099212346215,5849.91404227705,57826
2020-03-23,6971.02587890625,7761.010593386067,6535.770548902488,6577.421768544989,44904
2020-03-24,5211.40380859375,6046.506890578815,5210.70921698426,5835.994323022371,62358
2020-03-25,4857.7705078125,5398.294649132095,4308.909147089932,4916.130195536123,80360
2020-03-26,3942.77001953125,4688.248741938627,3862.1778856677633,4652.121072808972,90190
2020-03-27,4358.2373046875,4524.9800072985845,4030.3099047426426,4386.722770812733,75295
2020-03-30,4065.047607421875,4566.665278118418,4043.510179863342,4279.034396041826,58660
2020-03-31,4126.8818359375,4393.670326264017,3954.581130290573,4116.460417159879,72131
2020-04-01,4963.3740234375,5094.683631602368,4571.528549569277,4735.4920178979255,79205
2020-04-02,4832.75927734375,5255.869065019642,4452.030182030441,5089.126358396415,89953
2020-04-03,5225.9931640625,5488.612779326917,4786.90405690664,4970.321159911155,82531
2020-04-06,4028.920654296875,4568.055214132453,3939.2962835180247,4562.497208947794,112648
2020-04-07,3953.19189453125,4022.668026245332,3375.8451975823655,3571.0731701038007,147411
2020-04-08,3412.667236328125,3901.7788863511137,3323.0428683076516,3767.6900541732416,144266
2020-04-09,2927.02880859375,3143.7943846785383,2863.8057099246184,3107.666717989644,211028
2020-04-13,3161.163818359375,3255.6513946756395,2947.872020970236,2997.894917850704,125421
2020-04-14,2970.799072265625,3094.4664868280315,2818.6464047688232,2897.8491428607185,135661
2020-04-15,3331.380126953125,3416.835674179949,3242.4507735459533,3334.8539331334723,125898
2020-04-16,3402.24609375,3608.590279980038,3286.2208744716136,3309.842715731028,159896
2020-04-17,2965.935791015625,3138.23671155143,2911.0496936125187,2989.557631566091,138851
2020-04-20,3065.9814453125,3177.8380538514393,2904.796955489166,3140.3209871181652,149820
2020-04-21,3285.5263671875,3379.319149021919,3168.1117419626125,3309.843014329757,133368
2020-04-22,3156.2998046875,3198.68027704158,3016.65298381849,3072.928467082467,95408
2020-04-23,3064.592041015625,3125.730948696886,2875.6168885064817,3097.940497564619,183259
2020-04-24,2910.354736328125,3090.9926552755055,2851.994835688447,2990.252277401005,168096
2020-04-27,2560.89013671875,2813.088398147748,2490.0244008997943,2806.835588992974,181784
2020-04-28,2451.1171875,2567.1423812880876,2317.723177446007,2341.3450135157927,177979
2020-04-29,2095.400390625,2299.660196488273,2018.2818340780761,2210.730823548617,250441
2020-04-30,2334.397705078125,2341.345317295619,2212.1196876453632,2261.4477767944336,176880
2020-05-01,2604.659912109375,2713.0427106903426,2487.940105652523,2508.088139716296,185141
2020-05-04,2583.1220703125,2797.803451855755,2568.5322546555585,2715.1266990035224,183565
2020-05-05,2529.625244140625,2558.11049205802,2321.891714636937,2435.8324942822537,173180
2020-05-06,2578.9541015625,2601.881140285323,2430.275009641019,2474.0450999632194,172238
2020-05-07,2469.181640625,2528.236351671015,2407.3479267581547,2471.2660517588656,195531
2020-05-08,2187.108154296875,2371.2198707400917,2175.9921448103014,2314.9443836353707,246205
2020-05-11,2223.23583984375,2337.176634230884,2158.623133058008,2285.069544234546,180839
2020-05-12,2464.318115234375,2465.012706830169,2188.497827977916,2189.1926315980063,225755
2020-05-13,2708.178955078125,2838.099378640795,2509.4774301342054,2534.488662627648,315888
2020-05-14,2669.27294921875,3071.5396919499676,2667.88334183515,2887.4279509118646,310985
2020-05-15,2550.46826171875,2790.160862008397,2524.762013979424,2756.8121991013563,229904
2020-05-18,2081.50439453125,2209.3404004545855,2050.240143581421,2175.297147380737,266446
2020-05-19,2207.951416015625,2208.6462197486303,2053.0197246503876,2105.8216279938083,222850
2020-05-20,2012.0284423828125,2092.6207825768424,1961.310748456088,2075.946344449307,301475
2020-05-21,1996.049072265625,2072.4728130516633,1962.7006156414438,2006.4704914637211,259890
2020-05-22,1968.9537353515625,2051.6302982935576,1962.006121456868,1980.0699599879438,229439
2020-05-26,1802.21044921875,1811.2424717267315,1731.3448304267267,1740.3767469225659,236734
2020-05-27,1629.909912109375,1855.7073152014325,1616.7093849367018,1694.5226226459959,385178
2020-05-28,1745.9349365234375,1773.030581224635,1577.8027454267487,1581.971249066546,357621
2020-05-29,1783.4521484375,1870.2973015163752,1761.9145080690791,1802.2105742879573,404588
2020-06-01,1725.7867431640625,1789.0100534782484,1671.5954554800674,1766.7777167345396,322064
2020-06-02,1682.01708984375,1752.882718719289,1667.4270606581283,1693.133206640843,368386
2020-06-03,1561.8232421875,1621.5726434399596,1518.7480677933663,1602.8141117213054,445981
2020-06-04,1566.6865234375,1613.9303067657609,1536.117072702115,1594.4769717468125,422324
2020-06-05,1385.3541259765625,1407.586574571759,1321.4361012958013,1361.0374780862164,497213
2020-06-08,1304.76171875,1346.4473959879415,1299.203607249176,1328.383560113303,312744
2020-06-09,1374.9324951171875,1408.2810568962018,1339.4997343618609,1362.4268772106932,388759
2020-06-10,1490.9576416015625,1497.9052538997764,1377.7115399382458,1382.5748473445653,431810
2020-06-11,1823.7481689453125,1837.6433930896578,1647.2788647169868,1678.5431190417637,528953
2020-06-12,1693.827880859375,1866.1286851606246,1590.308395148359,1620.1831489042133,548016
2020-06-15,1577.108154296875,1867.5182934942356,1545.8438957315186,1867.5182934942356,460239
2020-06-16,1466.6409912109375,1582.6660948074723,1392.9962588139201,1393.6910624451211,418794
2020-06-17,1550.7071533203125,1562.5180738593176,1452.0510729178027,1463.1672957851945,257019
2020-06-18,1547.92822265625,1612.541045804466,1497.905429449044,1596.5615144433987,274479
2020-06-19,1575.023681640625,1611.1512442705014,1458.9985778431476,1462.4723839808694,318338
2020-06-22,1522.2218017578125,1645.8892081232802,1521.5269981665774,1598.64553225933,270781
2020-06-23,1505.547607421875,1518.7481347780652,1454.8300149736785,1467.3357386750652,218279
2020-06-24,1653.53173828125,1717.4497506594396,1552.0965556288843,1568.770888865902,414008
2020-06-25,1576.4130859375,1725.7867406724522,1571.5497788462326,1678.5430649148334,343745
2020-06-26,1697.996337890625,1709.112559544554,1596.5612658501468,1609.0669887077802,323811
2020-06-29,1531.2537841796875,1688.9646759924487,1509.0214449235407,1628.5203611859656,396935
2020-06-30,1472.89404296875,1555.5706001456194,1459.69361989418,1554.1810986660068,235826
2020-07-01,1511.8004150390625,1530.558946254429,1429.123768553342,1456.2195189863344,351631
2020-07-02,1493.7364501953125,1509.0211740646512,1403.417502043968,1425.649837309564,343438
2020-07-06,1462.4725341796875,1476.367760157642,1397.165014488167,1403.4178237733818,321960
2020-07-07,1542.369873046875,1551.4017899022815,1461.7775309692968,1498.5998959877102,344908
2020-07-08,1504.158203125,1597.2561742160942,1486.789170756351,1539.591071561908,365211
2020-07-09,1594.47705078125,1652.1422550838304,1491.6523657375885,1498.5999781592934,452661
2020-07-10,1516.6636962890625,1617.404068660827,1513.1898903452086,1592.3926234602209,389435
2020-07-13,1574.3289794921875,1579.886984486836,1411.7547891071242,1470.8094932785375,484691
2020-07-14,1494.4315185546875,1603.5090156021506,1492.3472135640418,1577.1080664156686,530829
2020-07-15,1330.4677734375,1404.1125072180134,1309.6249362557114,1386.048672588936,525819
2020-07-16,1357.5633544921875,1390.217215992878,1342.2786291584166,1357.5633544921875,311804
2020-07-17,1342.9732666015625,1374.2375170117855,1316.572322830503,1340.888962038454,346024
2020-07-20,1361.7320556640625,1383.2696969085089,1336.7206081551672,1354.089639477413,230888
2020-07-21,1304.066650390625,1326.9937894207408,1273.4972023585624,1318.6566768676453,351956
2020-07-22,1298.5087890625,1329.0783489697221,1286.697868512687,1326.994043928659,267771
2020-07-23,1295.7296142578125,1338.804786666099,1247.0963311489402,1304.761530894746,412279
2020-07-24,1354.784423828125,1367.984845040051,1312.4039456009484,1322.1306666100827,341749
2020-07-27,1309.6248779296875,1372.8481903035658,1308.9300743163778,1351.3105504367334,217315
2020-07-28,1350.6156005859375,1352.6999051880418,1299.898122670169,1325.6042633970933,185274
2020-07-29,1262.38134765625,1326.9941741992768,1260.2970424105713,1325.604672706214,222360
2020-07-30,1274.8868408203125,1338.1101543503212,1268.6340322347728,1317.9620153295225,287834
2020-07-31,1313.79345703125,1382.5747726634163,1286.003009339523,1290.171512885995,300596
2020-08-03,1245.7069091796875,1316.572533584441,1242.9278006466252,1288.782084326722,281809
2020-08-04,1221.39013671875,1265.8548084168774,1219.3058320427447,1257.517695724996,270706
2020-08-05,1150.524658203125,1198.463141456525,1147.7455496301372,1185.9574179084611,272956
2020-08-06,1151.219482421875,1169.2833190900067,1134.5452531991104,1149.8299809886719,216565
2020-08-07,1095.638427734375,1163.725048807323,1094.9437301184962,1158.1669378195447,321906
2020-08-10,1061.5950927734375,1085.9117338107314,1040.057454021263,1085.2169302333807,247614
2020-08-11,1081.0482177734375,1095.6381359674117,1020.6039226442886,1031.025338216608,282534
2020-08-12,1066.45849609375,1087.9961367910576,1038.6680466841408,1043.5313541283922,209161
2020-08-13,1072.0166015625,1085.2170225580553,1047.0051548200101,1076.8799089812755,165341
2020-08-14,1076.1851806640625,1100.5018254719466,1062.2899550595573,1092.164711311675,159889
2020-08-17,1058.1212158203125,1083.1325527424106,1056.0369112404373,1066.4583281276784,84741
2020-08-18,1088.690673828125,1102.5858964832692,1060.2055309923608,1060.2055309923608,141781
2020-08-19,1089.3856201171875,1094.2489274813413,1055.3422565438116,1078.9642017602223,144708
2020-08-20,1103.281005859375,1128.292349964702,1087.9962779040923,1122.0395404414114,148068
2020-08-21,1126.2081298828125,1148.4404706787109,1104.6704867920644,1115.7867101960949,172660
2020-08-24,1090.7752685546875,1132.4609476077328,1090.0804648322712,1099.80718688528,125060
2020-08-25,1087.99609375,1121.344546912547,1078.2693732341345,1078.9641768467488,131390
2020-08-26,1108.14404296875,1113.0073498545862,1080.353596750098,1087.3012083047608,118885
2020-08-27,1099.1121826171875,1124.818325473751,1074.7955409397623,1093.55407188849,185556
2020-08-28,1071.32177734375,1101.1965309310604,1070.6270797327861,1084.522304097847,129388
2020-08-31,1108.14404296875,1108.8388465290718,1067.153177201094,1070.6269829784253,117409
2020-09-01,1068.542724609375,1126.9026217924131,1067.1532234406634,1110.2283957435861,138795
2020-09-02,1044.2259521484375,1089.385423546635,1033.1097321686443,1053.9525651216586,169196
2020-09-03,1133.850341796875,1151.9141767495196,1047.0051853171487,1051.1737952330373,295271
2020-09-04,1155.3878173828125,1234.5905463336778,1089.3855079197117,1092.164510123829,317763
2020-09-08,1221.39013671875,1242.2329714545233,1163.7249394140156,1194.9891915176756,229383
2020-09-09,1167.1988525390625,1205.4107197352816,1151.9141268630046,1183.8730794561893,162264
2020-09-10,1211.6636962890625,1215.8323066022788,1126.902836688365,1152.6089842540946,211256
2020-09-11,1238.7593994140625,1272.8026601681274,1190.8208068686833,1194.2946133134722,220646
2020-09-14,1139.408447265625,1207.4950708046601,1131.766031129104,1200.5474583213331,158030
2020-09-15,1132.4608154296875,1144.9665388883966,1103.9755623299698,1111.6179783358896,134704
2020-09-16,1099.80712890625,1123.4289700528268,1056.0371470055616,1117.1761609293678,198039
2020-09-17,1124.12353515625,1167.1987042289384,1109.533508948534,1147.0506737631742,193713
2020-09-18,1132.4608154296875,1181.0941019818827,1090.7751412420916,1117.8707870591684,227591
2020-09-21,1251.9598388671875,1288.0874051917367,1201.2422428672623,1211.6636623461993,282734
2020-09-22,1223.4744873046875,1287.3924950237717,1217.916376630823,1235.9801038057035,145860
2020-09-23,1330.4677734375,1335.3310809108202,1201.2421405055504,1226.9483911728112,194605
2020-09-24,1331.857177734375,1387.4380728386757,1265.160167216501,1332.5519813280364,294185
2020-09-25,1267.2445068359375,1352.0054661014615,1256.128390186733,1349.2263574300432,189648
2020-09-28,1171.367431640625,1220.6954134875123,1163.0302123879487,1217.2216074696128,194066
2020-09-29,1189.4312744140625,1221.3903352759105,1168.5884362899417,1176.9255503371587,154225
2020-09-30,1178.315185546875,1210.2741411521574,1127.5975903766562,1179.0098832268093,234640
2020-10-01,1122.734130859375,1185.9573358469897,1122.0393272611664,1156.0825833304864,204151
2020-10-02,1106.754638671875,1192.9049870807075,1092.1646107259871,1184.5678736882637,289025
2020-10-05,1015.7408447265625,1072.0165438620966,1011.5723411686143,1071.3217402630326,234154
2020-10-06,1024.077880859375,1030.33079474439,939.3170427414252,988.6451262261718,397589
2020-10-07,956.6861572265625,987.9504114235884,947.6542403672146,985.866106608024,234579
2020-10-08,924.727294921875,947.6543320753811,917.7796822057442,926.8114939269888,185953
2020-10-09,910.83203125,926.1167573813552,893.46300018888,899.0210053187163,182729
2020-10-12,891.3787231445312,912.2215610699116,884.4311105027377,899.0210334432105,148486
2020-10-13,910.83203125,929.5905635935793,901.1053102484813,914.3058374622241,178236
2020-10-14,935.1484985351562,939.3170015971054,889.9890262851787,905.9684470408495,202164
2020-10-15,907.3582153320312,976.1395351934723,900.4106029818997,967.8024215757448,221725
2020-10-16,913.611083984375,915.0005853431362,892.0734418810207,900.4106620579051,143635
2020-10-19,946.9595336914062,953.9071456685815,886.5152776863385,903.8843606353493,165786
2020-10-20,940.7066040039062,948.349019459352,910.8319577976857,926.1166826964334,148394
2020-10-21,964.3286743164062,966.4129793512168,930.2853081135895,938.6225282528313,141473
2020-10-22,914.3057861328125,968.4970751914694,914.3057861328125,952.5176523220507,184195
2020-10-23,898.3262329101562,930.285183795179,894.8524269870792,899.7157340769584,160840
2020-10-26,958.07568359375,993.5085483524381,926.8114285756664,934.453844429391,248005
2020-10-27,982.3922729492188,986.560882463075,948.3490172972517,959.4652386594396,137768
2020-10-28,1072.711181640625,1077.5745945386254,1032.4151194330839,1047.6998436509932,318933
2020-10-29,1034.4993896484375,1106.7546184226449,1021.2989691862629,1083.8274775037892,281504
2020-10-30,1076.1851806640625,1109.5337433173065,1031.7205011345093,1050.4790344981595,334739
2020-11-02,1017.1304931640625,1062.984781024903,1015.7409917769196,1041.4471384816256,234058
2020-11-03,929.5904541015625,973.3604284225596,912.2214250862573,965.7180132509693,331669
2020-11-04,926.8114013671875,974.0551843211153,894.1576460649045,974.0551843211153,273810
2020-11-05,848.303466796875,901.1053106446809,838.5767987971558,899.7158093616108,344464
2020-11-06,869.8411254882812,874.0097356887882,837.8821163229056,839.2716707251014,205014
2020-11-09,771.1849365234375,777.4377979613287,660.0231438714105,662.8021992889259,400570
2020-11-10,730.1939086914062,771.1848243718435,722.5515471592048,750.3419912807126,246196
2020-11-11,731.5836791992188,753.8160198732318,721.1622595696349,722.5517609844802,164968
2020-11-12,766.3215942382812,785.7748752587584,739.9206484888335,747.5630107828091,265916
2020-11-13,716.9935302734375,747.563033379437,709.3511677484557,746.8682827873608,281434
2020-11-16,666.9707641601562,694.0664620553773,664.8864593197261,680.1712378020408,305695
2020-11-17,657.2442626953125,704.4880582996121,653.0757049669537,684.339967438776,335843
2020-11-18,684.33984375,685.7293450729496,643.3489186500535,651.6860856059844,264379
2020-11-19,667.66552734375,694.7612257491832,665.5812754701475,688.5083641162255,248829
2020-11-20,666.276123046875,685.7294083949234,661.4127619553009,676.0027922239406,171244
2020-11-23,628.0640869140625,653.0754775819445,616.253115622237,648.2121707598257,336734
2020-11-24,592.6314086914062,612.7794439385702,580.8204348158793,603.0528281665934,307946
2020-11-25,599.5789184570312,615.5583937644612,594.7155584021923,600.2736690345592,161486
2020-11-27,591.9365844726562,603.0528072657837,590.5470831265546,598.8841972153216,84646
2020-11-30,623.8956298828125,630.8432424516363,592.6313733231052,598.8841822301847,234430
2020-12-01,607.2213134765625,616.2531774822767,591.2417843037289,598.8841470796638,210570
2020-12-02,603.747314453125,625.9796450611293,598.8839556909596,614.8634797571272,188461
2020-12-03,595.4102783203125,604.4421943813113,582.209859008794,600.2736381247229,216588
2020-12-04,553.0299072265625,584.2941613751177,550.9456554203027,584.2941613751177,283199
2020-12-07,552.335205078125,559.9775683836507,546.0823430986665,552.335205078125,164086
2020-12-08,529.4080200195312,562.0618286439526,528.7132694117932,562.0618286439526,229585
2020-12-09,541.2190551757812,553.7247265843827,513.4286035930052,520.3762164886991,310808
2020-12-10,525.9342041015625,559.977513302375,522.4603981220117,555.1142061334328,236320
2020-12-11,533.57666015625,550.2508877186955,521.7656871257616,536.3556627459398,289389
2020-12-14,532.1870727539062,532.1870727539062,505.0913751411384,515.512793222505,283641
2020-12-15,492.5857238769531,525.239480564452,491.8909732464676,516.2076163559892,335211
2020-12-16,496.7542419433594,504.3966042951199,487.7223254328698,488.41712901527,254514
2020-12-17,479.3851623535156,496.7541899750198,478.6904118498686,489.8065789264181,265358
2020-12-18,486.3328552246094,489.80666133335654,467.5743234398043,477.30093813943677,298060
2020-12-21,485.63818359375,514.8181384509539,482.8591276535203,511.34433177718756,400455
2020-12-22,470.3533020019531,486.3328304919754,468.269050246345,481.46952338948444,384965
2020-12-23,457.84765625,467.5743239666671,454.3738501373385,462.7109636052962,361565
2020-12-24,459.2370910644531,465.48995176398876,452.9842303649175,453.6790338918069,135428
2020-12-28,464.79522705078125,464.79522705078125,443.95239223241504,443.95239223241504,311191
2020-12-29,491.8910217285156,498.14383102525386,459.2372088164973,461.32151391946377,428985
2020-12-30,475.91143798828125,486.3328563383896,468.26907513275006,486.3328563383896,402518
2020-12-31,477.3009033203125,489.8066256019393,473.13234689512717,474.52190104090283,346359
2021-01-04,498.1438293457031,516.2076654942935,465.49006954986146,468.9638760390395,420519
2021-01-05,473.8271179199219,501.6175659622885,465.49000470964114,500.92281536244394,390795
2021-01-06,416.1619567871094,455.06857220661317,399.48767789130164,452.2895168896333,820936
2021-01-07,393.92962646484375,409.2143789711183,391.84534805558764,408.51960183267437,400541
2021-01-08,396.013916015625,413.3829474198191,384.8977465181563,388.3715527989951,549640
2021-01-11,396.7086486816406,412.68817805133096,393.9296196848091,411.2986503013965,361145
2021-01-12,375.8658142089844,391.8453436750643,375.17106358134504,391.8453436750643,370080
2021-01-13,383.50823974609375,386.98204621752024,373.08682033181424,375.1710989140621,378279
2021-01-14,360.58111572265625,376.56061989756495,355.023004267871,376.56061989756495,486573
2021-01-15,376.5605773925781,389.7610243500688,368.2234376545102,375.86580028763444,622239
2021-01-19,362.6653747558594,371.6972656294247,361.2758469669174,363.36012539881125,360640
2021-01-20,357.1072692871094,364.7496319262543,349.46488014492775,357.8020198895638,431295
2021-01-21,366.83392333984375,369.6129788550016,353.63347590043793,355.0229771549793,338273
2021-01-22,353.6334533691406,380.03437306888947,352.24392570009365,377.95009481683695,417214
2021-01-25,355.71771240234375,371.00246292997844,339.73821132923985,354.32818480837074,623061
2021-01-26,362.6653747558594,364.74965318775315,345.99109429463255,348.0753727265263,372063
2021-01-27,381.4239196777344,392.5400885760173,364.054889209769,381.4239196777344,694084
2021-01-28,385.59246826171875,391.84532969961,366.13915984822137,374.4762995977307,538794
2021-01-29,402.9615173339844,407.1300741534656,373.08678945293445,379.33962468215634,618141
2021-02-01,372.39202880859375,402.26678451591647,368.2234718044757,387.67678199542513,428628
2021-02-02,357.1072692871094,371.69724396294487,355.71774157916394,359.8862981999636,352811
2021-02-03,354.3282470703125,367.5287217780692,351.5491913940356,356.41252557600063,380108
2021-02-04,332.7906494140625,350.85443131625846,332.0958722621083,350.85443131625846,557500
2021-02-05,318.2005920410156,332.0958146323528,318.2005920410156,323.0639252485904,493548
2021-02-08,293.88397216796875,311.2530015691848,293.88397216796875,309.168723341646,555663
2021-02-09,290.4101867675781,298.7473267687077,285.5468528916661,294.57877001966165,480096
2021-02-10,295.9682922363281,303.6106821550836,282.7678439270876,284.1573717762285,784984
2021-02-11,297.3578186035156,309.86351617738023,287.63117671408276,291.7997337376912,779303
2021-02-12,294.57879638671875,305.00021569516815,292.494491322597,300.1368813839505,533959
2021-02-16,300.13677978515625,304.3053354962293,284.8520313395035,286.24155874420484,543674
2021-02-17,307.0844421386719,319.5901378857688,304.3053868601902,307.7791927067746,693293
2021-02-18,321.6744689941406,326.53780327976636,312.64257760828696,314.03210547604283,680848
2021-02-19,300.83160400390625,314.0320778309544,295.96827014641286,312.6425500855224,811670
2021-02-22,306.3896484375,309.8634540955353,295.9682314633941,307.7791760013209,566298
2021-02-23,314.72686767578125,340.4330414093395,309.8635332121826,318.20067422077454,829413
2021-02-24,291.7997131347656,314.7268281518897,290.41018539065925,311.94779916671433,728363
2021-02-25,325.148193359375,327.2324713835119,290.4101379469838,293.88394348822294,952939
2021-02-26,325.148193359375,341.822470558536,309.16869317028164,321.67438781813587,776943
2021-03-01,291.7997131347656,305.6949375697545,289.02065764655293,303.61065920511356,581270
2021-03-02,308.82135009765625,309.168725387372,292.23392160913113,292.7549977952226,681950
2021-03-03,318.7217102050781,318.8954111115819,297.9657240236655,305.521236401909,1186490
2021-03-04,344.948974609375,361.7100793287977,312.46886465088875,322.0218319320815,1860950
2021-03-05,324.0192565917969,374.30259261994837,321.3270516690972,327.4930625557871,1720790
2021-03-08,318.6348571777344,323.41134053459155,303.08958028057043,316.0295026194487,780750
2021-03-09,299.2684326171875,309.16877575363407,291.4523680616181,302.48168769931976,672700
2021-03-10,282.8546447753906,291.2786078465189,276.08070763759014,289.6285554101564,816460
2021-03-11,264.7040100097656,277.1228825216173,264.1829603054806,274.1701526841757,710370
2021-03-12,258.798583984375,267.0488744134071,257.75643143422855,265.0514462791733,594410
2021-03-15,256.887939453125,265.0514046397013,256.5405641586621,260.1880710081126,601730
2021-03-16,269.6541748046875,274.1701329388624,257.93008024796194,258.10378113890516,658870
2021-03-17,263.053955078125,280.5098355969975,261.49075297322634,274.9517512758686,747430
2021-03-18,287.11004638671875,289.28117494907593,261.3170284647019,268.5251911935482,679350
2021-03-19,280.5967102050781,296.05513769516426,274.6043996163611,290.06282710644723,811470
2021-03-22,287.11004638671875,291.1049282420628,276.5149284012021,278.07815686791974,614960
2021-03-23,318.2005920410156,322.19547383663183,292.32075056586353,294.83925435993666,857000
2021-03-24,340.0856628417969,340.259337265581,299.7026621378508,306.12919888475244,1031910
2021-03-25,316.0295104980469,357.80203492455513,312.12147856319126,351.89657504643293,1321920
2021-03-26,299.0947265625,319.41648875781755,298.660500761305,306.21604030331366,1225200
2021-03-29,324.36663818359375,325.75616589676804,297.7920167426438,305.52122986194,1077010
2021-03-30,307.8660583496094,330.0115717146729,304.7396276327578,324.54033783746013,1017850
2021-03-31,295.62091064453125,303.0027490274152,289.2812247522112,303.0027490274152,843410
2021-04-01,284.0705261230469,291.01813898327157,283.80997473896457,289.6286111106187,719610
2021-04-05,279.8150634765625,284.85207120767956,273.47535208749764,273.99642825006987,676160
2021-04-06,281.9862060546875,283.6362585654804,273.0411399121183,279.38085161563475,736040
2021-04-07,296.0551452636719,298.3131247252277,281.63884339701224,282.3336205791276,857810
2021-04-08,287.8917236328125,300.74479752560995,286.9364215117032,291.01815489142416,866120
2021-04-09,287.80487060546875,293.1892814197741,285.9811168455885,288.6733222527412,699630
2021-04-12,291.1918029785156,296.3156884819321,286.67587068286025,287.63117271755004,819280
2021-04-13,293.3629455566406,302.56853799541705,287.978561434253,292.3208195182947,790870
2021-04-14,284.9389343261719,290.84439375657547,274.34381572705485,290.84439375657547,991290
2021-04-15,281.37835693359375,288.9338974895094,278.0782510028738,278.0782510028738,673380
2021-04-16,279.2940368652344,285.9810982116932,276.1676058381568,277.1229078885193,627060
2021-04-19,290.67071533203125,297.3577756967989,281.29142362772177,283.46255228570516,820440
2021-04-20,307.95294189453125,316.2032320740075,291.71288641371484,294.4050916676255,969950
2021-04-21,285.7205505371094,315.9426528802453,285.633700084363,309.51611692257126,987120
2021-04-22,289.3680419921875,292.7549974431554,275.1254166036486,282.94147987651405,1671570
2021-04-23,273.562255859375,287.80485689557264,269.74107409401074,284.6784258137147,1023330
2021-04-26,264.877685546875,269.48046751418076,262.5328560900004,268.6988665295673,798940
2021-04-27,263.48822021484375,266.70150185893135,260.1881146098678,262.53291811770634,784180
2021-04-28,262.09869384765625,268.0910313545859,259.927564751824,265.0514506204207,712420
2021-04-29,264.877685546875,272.6068979556687,255.32471983862703,255.41157028203614,1040250
2021-04-30,275.6465148925781,278.3387199808318,265.6593221319555,272.86748585231453,908520
2021-05-03,271.5648193359375,275.73337631363677,266.70148519326244,267.3093853966975,592830
2021-05-04,281.37835693359375,289.8891731778988,275.820271233045,276.77557342447756,1000510
2021-05-05,285.02581787109375,288.58644813059595,276.6018269818897,277.6439794744028,812230
2021-05-06,283.2889099121094,299.09471242677404,283.2889099121094,284.15736147345484,819200
2021-05-07,273.0411071777344,285.6336521234594,271.4779053029264,283.6362245608678,781370
2021-05-10,294.0577087402344,294.14455919838485,272.2595688964056,273.8227711309589,854400
2021-05-11,296.4893493652344,314.9005325467536,291.19178969010534,313.16362947314,1344860
2021-05-12,325.5824890136719,326.7114919589962,297.6183642995447,304.7396512874976,1216560
2021-05-13,307.8660583496094,326.01668949330906,300.13684526005727,319.15592790826923,1346540
2021-05-14,285.1125793457031,302.9158327539023,283.63622789172103,298.5735758250732,912260
2021-05-17,283.8968200683594,297.3578197417121,283.7231456518171,290.14968213074536,808760
2021-05-18,290.4969787597656,291.10490531055046,276.6017570552626,283.6362183437737,598900
2021-05-19,297.27093505859375,312.4688361659459,296.40248356674505,304.65277273930764,1153180
2021-05-20,291.1049499511719,303.6106461023528,289.2811965221789,295.8814331445632,753350
2021-05-21,288.76007080078125,290.8443487179851,279.5544812881801,283.8967379919512,788180
2021-05-24,283.20208740234375,288.76017264283064,279.20720452532345,284.0705390493899,559970
2021-05-25,291.45233154296875,291.8865572972035,274.5175271278137,280.16246193286537,672110
2021-05-26,274.691162109375,288.1521585589928,273.9095611645199,288.1521585589928,875270
2021-05-27,266.3541259765625,272.0858855419074,264.0092959703465,268.8726304072505,680190
2021-05-28,266.6146240234375,268.7857528835632,261.4039147591358,261.75129007614834,525840
2021-06-01,257.75640869140625,265.39879821106956,256.3669074178656,260.27493938153407,684470
2021-06-02,256.887939453125,262.272349277926,255.23788692714925,255.23788692714925,761910
2021-06-03,263.7487487792969,271.65163675507023,259.58016539886086,261.92499520679604,920580
2021-06-04,260.18804931640625,264.26975506636916,257.9300703360896,259.84067405090383,497420
2021-06-07,249.5929412841797,258.277455779127,248.63763938912848,258.277455779127,758230
2021-06-08,241.516357421875,251.15617397219827,239.77945449399823,247.16129193747457,920700
2021-06-09,246.5533905029297,247.50869251147634,239.4321036728434,239.69262853742973,626040
2021-06-10,251.67724609375,253.6747005407708,242.81905627338963,244.29540799193083,751640
2021-06-11,243.77430725097656,249.41924108860914,243.68745681440654,248.55078972897334,531790
2021-06-14,246.1192169189453,248.89827307804063,238.8242276301248,242.1243336288872,490270
2021-06-15,248.1166229248047,254.2826078389209,244.72964061610156,245.77179309617,590840
2021-06-16,249.85354614257812,256.8879831879212,247.16134077183366,250.28777196034204,940590
2021-06-17,258.45123291015625,267.1357499669287,248.63771273417774,251.93784511757693,907500
2021-06-18,276.51495361328125,279.20715857668085,263.5750315024032,270.6094939864355,935800
2021-06-21,258.1038513183594,271.5648524324768,255.93272210640495,268.87264690904493,828950
2021-06-22,254.28262329101562,265.39881990943996,252.89312190387267,260.0144092736207,832460
2021-06-23,251.67724609375,254.19577676621265,247.7692141574928,254.19577676621265,826740
2021-06-24,241.34268188476562,249.33244679366507,241.34268188476562,247.508693227173,721670
2021-06-25,241.516357421875,241.77688225984238,236.73987437021384,240.1268297789665,639170
2021-06-28,246.0323486328125,251.06938424362937,239.17158570910448,240.12688785107335,626270
2021-06-29,249.33242797851562,251.15618140738343,241.77688941736454,243.2532675509804,577590
2021-06-30,248.98507690429688,254.4563112201006,246.292871723886,251.85095649771048,588100
2021-07-01,242.5585174560547,248.11662881089032,241.25584007658492,244.55597200639846,682740
2021-07-02,249.5929412841797,251.50354507428207,240.73475240115437,240.90842678923232,650870
2021-07-06,260.18804931640625,266.70143493095395,248.8113304757228,249.07185529909114,790190
2021-07-07,267.6568298339844,274.43074262671774,257.5827846141671,261.5776678137723,896700
2021-07-08,274.7780456542969,288.8469703688788,266.5277565137419,283.63626143800195,1253230
2021-07-09,257.84332275390625,268.6989697753998,257.23542242252927,265.8330895629433,748520
2021-07-12,256.6274108886719,263.7487235856124,255.8458098616993,260.2749176852582,667580
2021-07-13,271.2173767089844,271.56477849074014,259.75383349298716,261.4038859441873,694270
2021-07-14,284.0705261230469,285.0258281919357,263.83558776581845,266.35411863008176,825790
2021-07-15,288.67327880859375,299.1815474597467,283.2020448553923,288.1522025980419,1056070
2021-07-16,299.70263671875,301.3526893714732,279.8151014239492,280.0756262890493,1114660
2021-07-19,312.72943115234375,324.1061525836314,301.6132346037489,317.5059150240032,1360560
2021-07-20,283.8968200683594,314.81370203808694,279.9019374453372,310.81881941506475,1238720
2021-07-21,268.6988525390625,279.728195701891,268.61200210017546,279.3808204493759,865950
2021-07-22,282.1598815917969,285.37316268085954,271.1305636569502,271.39108850069647,973070
2021-07-23,278.33868408203125,288.2390251107072,276.60178121724476,276.94915648959517,783270
2021-07-26,275.3860168457031,279.38089963955446,268.52525427748037,274.9517910312201,841310
2021-07-27,285.1125793457031,293.53656838884467,279.72819665577487,279.9887214702914,1084430
2021-07-28,272.3464050292969,286.06792859808604,265.9198690097758,280.4229936547299,1096900
2021-07-29,266.180419921875,267.74362222721487,259.4065079280155,265.8330445765817,959610
2021-07-30,271.651611328125,274.43066665495917,260.96966876523805,269.3936586909875,1152780
2021-08-02,275.6465148925781,276.77551780212343,258.79856023178746,266.4409232213097,1003280
2021-08-03,272.0858154296875,286.32843971831545,271.21736402199235,273.1279677201352,1239200
2021-08-04,282.3335876464844,283.11518869503516,271.04371815864556,278.7729311997125,803870
2021-08-05,266.8751220703125,279.98874436844653,265.6592953314137,278.68606718326174,922350
2021-08-06,262.0118103027344,266.78829322735606,255.84579977216126,260.88280752782117,834750
2021-08-09,266.7015075683594,269.91476277819436,263.05400002958334,264.0093021471714,555310
2021-08-10,265.05145263671875,270.08846157615085,262.70662259416605,264.8777517065145,680700
2021-08-11,261.230224609375,272.52009514706674,260.9696997366438,263.5750544761112,850730
2021-08-12,263.22772216796875,268.0042066376833,260.96974239076775,261.056592863553,569520
2021-08-13,270.3489685058594,271.6516458867158,262.3592298050966,263.83558160157713,664660
2021-08-16,277.5570983886719,282.8546577188072,273.30169143605156,275.29911923941336,976990
2021-08-17,287.63116455078125,297.87888226057106,283.80995652051837,286.67586254321554,1347800
2021-08-18,295.18670654296875,295.88148375539885,281.20462986642184,289.281246004037,943960
2021-08-19,305.9554748535156,310.99250981760787,297.18413527509824,303.9580468610725,1436760
2021-08-20,290.4969787597656,308.03970676291345,288.325850368437,305.43435269331917,1150050
2021-08-23,273.90960693359375,282.59412222320066,272.5200791866492,282.5072717696971,867080
2021-08-24,265.7462158203125,273.5622809914982,265.2251395082917,271.04377640361344,886260
2021-08-25,262.96710205078125,269.0462625149952,257.8432435315511,265.83300788573246,983230
2021-08-26,271.0437316894531,272.7806347742903,260.79598758709096,264.44349466646423,1314140
2021-08-27,247.94293212890625,269.7410726184303,246.03232800515593,269.567371696984,1733820
2021-08-30,251.2429656982422,252.8061940346933,245.16380623022908,245.42435753782027,899340
2021-08-31,249.5929412841797,254.89050042670453,247.50866310599932,252.11144518710742,769100
2021-09-01,244.642822265625,253.15363720332027,242.12429146494455,246.6402503112966,946560
2021-09-02,239.6925811767578,244.20853895956205,237.08722703353217,241.69000875201766,857680
2021-09-03,242.9059295654297,245.25073304581284,239.69264795896657,242.03747794238996,804640
2021-09-07,248.1166229248047,248.37714779330253,239.60578167901528,243.68751463907165,848770
2021-09-08,256.01947021484375,260.2749034118393,249.33241012520014,250.54823682304132,1130470
2021-09-09,255.75894165039062,259.2327473094791,247.9428789174415,257.2353196567168,1138060
2021-09-10,263.6618957519531,264.00927107117604,251.24302269119013,251.67724846597827,920110
2021-09-13,259.1459045410156,268.69887038638376,257.49585210469536,258.0169282695951,1265990
2021-09-14,269.3067932128906,272.52004759573776,256.1931713451265,256.1931713451265,1105190
2021-09-15,260.4486083984375,271.3911029708288,259.31963201129383,269.6541999118155,1019940
2021-09-16,261.14337158203125,268.0041329982463,257.3221638537774,260.96967068418843,932490
2021-09-17,260.7959899902344,266.61462597927084,258.3643362502706,263.4013446414976,1110970
2021-09-20,278.7729187011719,288.93381138588666,272.3463831968298,277.6439424042192,1787890
2021-09-21,277.0360107421875,283.80992140677,270.52262490969093,272.5200526304426,1164640
2021-09-22,264.877685546875,272.2595226850666,258.2774493932968,272.2595226850666,1288520
2021-09-23,250.28768920898438,262.09860634474654,247.50863429290393,260.01432840920216,1031970
2021-09-24,253.76158142089844,257.9301387181573,249.67984808575835,254.19580724365628,832060
2021-09-27,242.73219299316406,252.28515944370005,238.21623461533252,251.93778414610603,1194480
2021-09-28,259.05914306640625,260.27499670308424,244.99024080056407,245.5113171444198,1417730
2021-09-29,260.27490234375,262.70655572945356,254.10889193346011,255.4984195123054,1118790
2021-09-30,267.91729736328125,268.0909982707285,254.19577377214668,256.01950078515557,1419530
2021-10-01,254.45626831054688,271.39107115032726,250.28771205889154,263.14078258735736,1564890
2021-10-04,261.5776672363281,266.1804507259678,254.63005351428004,255.2379538131334,1069430
2021-10-05,258.88543701171875,262.9671437836355,251.6772725583942,259.232812364195,827780
2021-10-06,262.88031005859375,273.73595506426676,261.75130707618,266.8751662182498,1204360
2021-10-07,250.54830932617188,257.4090722878746,244.72967247717224,256.9748464484878,1070450
2021-10-08,256.2800598144531,256.5405846803817,248.02977002156416,250.28774937075195,857550
2021-10-11,260.7091369628906,260.8828113517836,249.67979290133917,255.49842824147137,926630
2021-10-12,256.2800598144531,260.53546714386187,253.15362890811912,258.8854144858917,956600
2021-10-13,253.06675720214844,262.2723482355257,252.54568101100708,255.2378859127074,853120
2021-10-14,242.03750610351562,246.9876650289702,241.25587834940507,245.5113129998529,889680
2021-10-15,243.94805908203125,244.20861047447434,233.6134899214311,235.176692263927,1324280
2021-10-18,244.2085723876953,248.4639794368524,242.1242675853815,247.94290323627396,657670
2021-10-19,241.60325622558594,245.51128859549846,238.30312410027983,241.0821799423228,764160
2021-10-20,236.8267364501953,243.94802290246807,234.82928208320038,241.16899398317994,886220
2021-10-21,235.0030059814453,239.0847125600354,231.70287403162772,237.43465983664623,970010
2021-10-22,236.4793701171875,241.86378086696826,233.6134903167485,235.61091848032228,868680
2021-10-25,229.61854553222656,236.9135320129958,228.57641975099298,235.26347964876746,829900
2021-10-26,234.742431640625,235.00298299443577,226.49214232764876,228.31589579217717,1099560
2021-10-27,248.1166229248047,248.29029733612376,236.21882587335065,237.08727743906152,1054090
2021-10-28,233.26608276367188,244.12172672602597,232.57130564825903,244.12172672602597,1193000
2021-10-29,233.17922973632812,236.6530357659196,230.92125051648634,234.22138214642027,745330
2021-11-01,215.11544799804688,230.66073881777336,214.50753455850878,229.9659616704168,1612190
2021-11-02,213.63906860351562,218.58923949402512,212.59692945575333,213.8127562528896,863050
2021-11-03,202.175537109375,215.20231123689248,199.13595647962094,214.59439776124563,1635380
2021-11-04,202.43605041503906,204.95455447020976,196.4437271003804,199.8306959090618,1208050
2021-11-05,193.9252471923828,198.18065478141293,190.10405215689786,195.74898762274432,1656920
2021-11-08,192.1014862060547,193.75155215347212,187.67239111371396,189.49613147472974,1350740
2021-11-09,195.4884490966797,199.48331827354232,192.44886867337337,193.6646955420883,1463180
2021-11-10,204.8677215576172,207.38623907991013,194.53315309979817,198.35433473507928,1372420
2021-11-11,199.83074951171875,204.08615771234616,197.0516933586736,202.2624037683505,782580
2021-11-12,199.22274780273438,201.13335150258496,197.48584498579157,198.09377157293503,617300
2021-11-15,201.74130249023438,204.08611908042906,196.09636728162678,196.44374260924104,738560
2021-11-16,200.6123046875,205.73616344601044,199.57016549527128,203.73873551570492,696430
2021-11-17,208.16781616210938,210.16525720735893,202.69656921260597,202.95710730572858,782710
2021-11-18,210.86004638671875,215.81021774505393,205.12826065505521,205.47564923815207,1020970
2021-11-19,216.591796875,217.6339492669552,212.24953941358044,215.28911963657413,854380
2021-11-22,219.4577178955078,219.80510648836005,208.42838516420588,212.77064318846016,1283470
2021-11-23,220.4998321533203,228.31589571017477,215.98388697077473,220.4998321533203,1271010
2021-11-24,219.8919219970703,228.57645044003334,218.84978282440068,226.14477028460664,913620
2021-11-26,244.03489685058594,253.84838921880663,235.26353048880046,238.73733684966288,1444510
2021-11-29,245.250732421875,250.20091726182392,232.13710764672908,233.9608613510808,1793120
2021-11-30,259.9275817871094,267.9173479846264,248.2034839012343,252.0246925627683,2630750
2021-12-01,277.81768798828125,278.0782393949101,238.9979136743723,242.64539483979726,2530750
2021-12-02,254.45626831054688,275.64647784535754,251.93776447087868,273.8227245466205,3102530
2021-12-03,270.2620544433594,277.29648875225064,250.72190024526068,250.80872417260576,2594540
2021-12-06,254.1089324951172,274.34384330071,247.76922018686926,263.5750492260206,2383860
2021-12-07,236.30569458007812,243.6875334587091,229.79230733422722,243.34015810620517,2243800
2021-12-08,231.35548400878906,239.60577360503254,228.750129399449,235.00299106308017,1941140
2021-12-09,247.07449340820312,247.24819433870474,233.2661175306376,236.73992411634168,1699330
2021-12-10,249.1587371826172,254.6299976910771,239.4320960059728,241.34267345884925,1562920
2021-12-13,259.7538757324219,264.6172099344612,249.9403568687812,251.9378114265498,1473040
2021-12-14,266.5277099609375,270.08836574239206,254.97731778281306,265.74610905843076,1992500
2021-12-15,253.50103759765625,278.51246163743957,252.02468565800459,266.7883640727716,3025730
2021-12-16,269.48052978515625,272.78066187604986,246.11918627366825,247.76923906759484,2633900
2021-12-17,262.1855163574219,280.4229988179009,253.84837621773818,273.30171204467945,2977360
2021-12-20,273.0411071777344,285.28627687383903,270.1752282395755,273.56218330368125,2043630
2021-12-21,249.5929412841797,265.2250673750849,248.89819072579786,265.0513929870069,1745550
2021-12-22,242.21112060546875,253.1536149215532,242.21112060546875,250.72196129710633,1619150
2021-12-23,236.30569458007812,242.2111550817667,234.1345654981278,239.69265064731246,1266430
2021-12-27,229.87913513183594,241.0821547894641,229.61858376586815,235.52407018831133,1238170
2021-12-28,234.0476531982422,235.35033030324166,224.92891346324572,230.9212228456367,1182730
2021-12-29,233.35287475585938,238.73725691045655,231.6159721570157,234.3081499827991,1055130
2021-12-30,233.70030212402344,234.22137832055805,225.71053778525624,233.61345167409496,1425160
2021-12-31,234.82925415039062,235.08980547319928,229.7053961715562,234.65557977155174,1214230
2022-01-03,225.97109985351562,234.04768852227136,221.62882892996956,231.09495860590033,1654920
2022-01-04,226.752685546875,231.61601911013668,220.41298712561104,223.88677977598925,1381790
2022-01-05,249.76669311523438,249.94036753873326,224.14737013007624,227.27380128650023,1910010
2022-01-06,245.51126098632812,255.32475278819678,239.60577461185332,248.46399092204666,2294120
2022-01-07,254.0221405029297,254.63006733782973,239.69268642327725,245.85869923694872,2033000
2022-01-10,256.974853515625,271.56485802208977,256.54062766429644,258.7117569209392,2478220
2022-01-11,248.72451782226562,265.1382467640544,247.8560662750489,256.1932064289372,2358130
2022-01-12,254.45626831054688,258.71167500557715,242.5584731501028,245.42437876327082,1907940
2022-01-13,261.14337158203125,263.227649840965,246.37969636861624,251.243003471783,2295780
2022-01-14,259.9275817871094,273.64913447388494,259.6670568797514,268.7857996798764,2615270
2022-01-18,283.46258544921875,284.6784123393272,266.78833130693437,267.30938104338196,2772550
2022-01-19,297.27093505859375,297.7051608045181,276.86232500014944,279.64138037527977,2790030
2022-01-20,313.5978698730469,316.0295236883443,277.73080382765744,293.44978267786684,2475170
2022-01-21,331.2274169921875,331.2274169921875,303.00274152151144,318.02696928926343,3015310
2022-01-24,307.0844421386719,360.23365568959264,304.2185364134185,345.55683128838047,2869040
2022-01-25,320.37176513671875,340.1724759856029,307.60554350688307,322.02181774836635,2880180
2022-01-26,334.5275573730469,345.38320206320236,297.35781405213123,306.21603072051363,3324580
2022-01-27,357.3677673339844,361.88372542034216,315.94262307096966,325.3219145188586,2352620
2022-01-28,336.8723449707031,376.38688979499966,336.2644447983057,356.49935495326895,2385080
2022-01-31,306.3028564453125,343.6462711640429,305.7817802416531,341.214591047978,2057040
2022-02-01,296.2288513183594,320.4586460878049,294.8393234330888,303.6975405115287,2086100
2022-02-02,304.7396240234375,313.59783986576133,293.53660504852417,295.1866575869471,2800930
2022-02-03,321.9350280761719,323.9324562129984,305.0870453441628,316.20324204900675,2713100
2022-02-04,316.5505676269531,334.5275240440193,309.2555804225771,324.88770721896987,2218370
2022-02-07,312.29522705078125,319.329690905829,304.39231152234595,317.5927875590538,2300700
2022-02-08,296.9236755371094,312.72950945288335,295.3604728434819,312.29528353764834,1899320
2022-02-09,279.728271484375,290.2365413637585,279.728271484375,288.9338639366376,1621070
2022-02-10,292.5813293457031,298.22626456446545,270.08843892847335,294.8393087338158,2850250
2022-02-11,302.2210998535156,308.9950104559151,281.55196626934537,291.71283217294456,2945900
2022-02-14,305.000244140625,311.1662299374218,292.14714322631886,300.65798569046257,2302980
2022-02-15,280.336181640625,295.8814873570881,279.20720509836434,295.4472615326738,1717620
2022-02-16,278.85980224609375,288.2390685275045,275.47284645019755,283.20206006212436,1587520
2022-02-17,300.13677978515625,301.61313111893884,284.50465611408595,285.80733308667516,1928640
2022-02-18,307.69232177734375,310.6450777528079,293.10234879413787,300.6578866087113,2146310
2022-02-22,320.6322937011719,326.7114539983,303.17641383309683,312.12145338337115,2028430
2022-02-23,338.5223693847656,340.60667409659965,309.68979673980766,313.42412742627874,2238380
2022-02-24,311.687255859375,365.2707270723788,309.77667835202544,364.7496508419969,2488580
2022-02-25,290.4969787597656,316.89789469771483,290.3232778872465,308.6476068106662,1729610
2022-02-28,287.5443115234375,299.528932229607,281.89937648735054,299.4420817745981,2271360
2022-03-01,303.8712158203125,310.5583038797483,285.28635649677733,289.71546504893354,2428960
2022-03-02,281.5520324707031,298.0526136413393,277.0360733385759,297.6183878210594,1578940
2022-03-03,292.0602111816406,297.791996035524,277.9044631891569,278.42553935824355,1788270
2022-03-04,305.2607421875,312.4688799793317,295.9682993205479,300.744783195459,1565450
2022-03-07,327.31939697265625,328.100998098278,301.26584943166944,302.82907818595214,1587630
2022-03-08,322.19549560546875,329.3168082658874,298.57360500299103,324.974550912714,1702850
2022-03-09,295.9682922363281,308.47401637555726,291.97343611172704,305.6081102173842,1432780
2022-03-10,297.3578186035156,311.774120273307,296.4893670150106,308.2134634598285,993370
2022-03-11,311.3399658203125,312.2084176078169,288.8470698245587,293.36300321775417,1171220
2022-03-14,328.7089538574219,334.09336475960544,307.77926351595795,308.4740407469398,1276810
2022-03-15,315.50836181640625,329.31675935089913,314.5530865430282,326.4508540216699,1076850
2022-03-16,285.3731994628906,312.72942470973146,284.85212320520003,305.781811948629,1594030
2022-03-17,271.47796630859375,291.7997277629024,270.9568900655523,289.45489792073505,1204410
2022-03-18,264.00921630859375,275.8201602335321,262.1854631321713,274.86485842654577,993630
2022-03-21,270.17529296875,275.5596768854495,259.493322588244,263.4882051735624,1105080
2022-03-22,262.27239990234375,268.26471102334534,256.71431460899504,266.6146581788726,964380
2022-03-23,275.4728698730469,275.7333947629452,262.8803211358415,266.6146525739344,1211080
2022-03-24,265.7462158203125,278.3387652627783,265.65936535113536,271.7385271509464,1055840
2022-03-25,264.7908630371094,271.21739898182534,262.79343514315616,264.7908630371094,1133940
2022-03-28,264.356689453125,276.51501312773826,264.356689453125,266.78837008987307,974170
2022-03-29,243.42694091796875,258.0169417841938,241.25581220302777,257.4090151427959,1421000
2022-03-30,257.582763671875,260.96971979287144,243.25331150354762,244.55598897339556,1335190
2022-03-31,266.0067443847656,266.44097023358376,252.5457430714038,258.97230683634604,1224770
2022-04-01,257.6695861816406,267.04885234573914,256.62743371761275,262.53289367233583,1157800
2022-04-04,255.67208862304688,263.4013008357571,254.0220362522713,256.1063143260422,746460
2022-04-05,274.1701965332031,275.8202493677573,250.46145058404483,255.75901095017448,1225970
2022-04-06,285.54681396484375,291.53914991637606,279.1202788098884,281.29140734217293,1557250
2022-04-07,288.58642578125,300.39737160187394,281.03091355629675,285.80739685483286,1245890
2022-04-08,295.0998229980469,297.0972774439493,284.93895587128986,289.62858889156524,1167370
2022-04-11,301.5263977050781,304.218576387503,289.28122518625474,299.0947173911269,1230910
2022-04-12,298.6604919433594,301.96062383682874,277.90450455966703,291.7997297876504,1328240
2022-04-13,281.2045593261719,296.4024591832727,279.20713166045226,296.1419343583646,849500
2022-04-14,289.88909912109375,289.88909912109375,275.3859750218295,279.98875735509137,1114190
2022-04-18,295.62091064453125,300.1368694329228,288.7601485069293,291.79972901752853,922040
2022-04-19,277.4702453613281,295.01297570056687,274.8648909447898,294.9261252527418,916340
2022-04-20,274.691162109375,276.60176575505005,268.43832804750133,271.91213358288655,909640
2022-04-21,293.3629455566406,296.14200133164337,264.7040422019655,266.78834728473754,1164430
2022-04-22,315.7689514160156,317.4190038646366,295.01296713422914,297.1840957516343,1154880
2022-04-25,309.9503173828125,332.79060643278126,308.7344906527196,324.45346720737507,1247510
2022-04-26,339.4776306152344,340.34608197342277,315.42154389523535,317.1584466116121,1127030
2022-04-27,343.4725341796875,347.0331902771001,328.1009335532389,339.73820370132415,1245590
2022-04-28,324.7140197753906,355.8914242106172,319.1559353180778,331.3142566635284,1314520
2022-04-29,351.54913330078125,354.588713349341,317.9400783799558,329.05624624204614,1283890
2022-05-02,341.7357177734375,367.0076656082439,336.2644830837448,352.67821365586343,1194360
2022-05-03,332.616943359375,347.9016959266275,326.97200828930727,341.561983715344,904410
2022-05-04,305.7817077636719,347.29366926622157,304.0448051651881,329.7509689233538,1478570
2022-05-05,343.0383605957031,353.8071544631632,315.2479111297221,315.2479111297221,1262370
2022-05-06,359.9731750488281,371.3498958938017,344.51474773479833,347.4674777663161,1635110
2022-05-09,405.306396484375,410.517106395022,371.69730695948545,377.6027675903356,1445410
2022-05-10,405.3931579589844,431.3598795469109,377.9501111954708,387.3293769876796,1252230
2022-05-11,435.6153564453125,437.78648558778013,383.074031197596,404.78532262227225,1448750
2022-05-12,419.375244140625,448.72892214870916,407.4774739224541,442.04183467713267,1409910
2022-05-13,380.294921875,403.1352131472689,371.00250635234437,403.1352131472689,1159690
2022-05-16,386.200439453125,392.9743513728106,371.9578119246952,384.4635362426374,872860
2022-05-17,349.63861083984375,374.4763312880475,349.3780594644442,365.0101878790151,1315780
2022-05-18,387.06884765625,393.66905791358784,357.45464593747636,362.7522054360548,1416270
2022-05-19,385.4188537597656,396.0139750982607,370.3946499548425,395.7534501895447,1000500
2022-05-20,387.5899353027344,416.3356883277894,369.43930231207503,372.39203242727143,1437660
2022-05-23,374.3894348144531,392.1058395395534,369.52610127149495,376.73423788662245,1525820
2022-05-24,391.4979553222656,411.47234133876975,382.813439662916,384.8108941663895,1272230
2022-05-25,369.4393005371094,396.18762537123587,362.92591362177586,395.66654911740136,892540
2022-05-26,345.2095031738281,363.79436169188676,338.4355914486139,362.92591011157526,1084890
2022-05-27,317.50592041015625,341.21463924682485,317.3322194833878,339.47773599130215,1010770
2022-05-31,329.5773620605469,335.2222971156024,318.8954186345032,321.06654750183225,1221600
2022-06-01,334.1801452636719,347.72799472096403,320.45862139850135,324.3666533667758,1006370
2022-06-02,310.2977294921875,335.1354492251246,310.2977294921875,333.3116956620033,721330
2022-06-03,318.11376953125,324.887707041134,314.20573783429097,317.41901894189397,715940
2022-06-06,314.6400146484375,319.93757488700555,307.1713518399755,307.6924016150474,559740
2022-06-07,299.6158752441406,324.6272768372157,299.26849981982906,322.45614730646105,694840
2022-06-08,312.9899597167969,317.5059187588856,300.4842616426807,304.0449185985922,717180
2022-06-09,332.703857421875,332.87753186310385,315.2479726442696,318.2875536477268,811470
2022-06-10,359.7994689941406,364.92335437618163,343.8199656668107,349.4649007799408,859050
2022-06-13,410.4302673339844,416.0752032273761,382.11873739882657,389.9348024819844,1037890
2022-06-14,415.4671630859375,428.3202602839975,402.7877667768783,406.8694991410871,773850
2022-06-15,398.44549560546875,421.6331588128688,381.944918844512,403.6562040562972,795330
2022-06-16,453.8527526855469,461.58199257837697,422.50167335725376,425.80177860137803,913700
2022-06-17,442.82342529296875,455.3291218957689,423.3701165216089,449.77106396456566,831570
2022-06-21,419.2015686035156,429.709811026169,403.6562648482759,419.98316968824486,637880
2022-06-22,421.5463562011719,439.69698739703585,410.95126371749393,435.70213166722755,743970
2022-06-23,406.1748352050781,431.18623137869895,403.5694803326993,418.2463074798254,652950
2022-06-24,369.2655944824219,398.706095516652,368.9181926742715,396.534966730897,724910
2022-06-27,363.7943420410156,374.3026108957736,356.67305536895105,365.01016888716936,654450
2022-06-28,384.2898254394531,385.41880189602574,349.6386125817916,357.3678263691186,738070
2022-06-29,396.7086486816406,408.08536903611287,383.33450040747584,384.28980239199564,748200
2022-06-30,405.1326599121094,424.1517441121987,392.62696252732724,414.59877678308146,744080
2022-07-01,391.2373962402344,418.50676772529494,388.6320417702661,408.5195755904166,651110
2022-07-05,381.8581848144531,423.45701177405454,381.8581848144531,410.5170880417373,633570
2022-07-06,390.8900451660156,402.44044009737087,376.039518466389,384.20295767752293,703480
2022-07-07,362.57855224609375,381.68448793331305,360.2337222650826,381.68448793331305,742460
2022-07-08,362.6653747558594,374.82369652878447,354.32823452524593,366.31285538591396,679110
2022-07-11,385.1582946777344,387.5899486201432,366.74710967478666,371.3499191770437,623740
2022-07-12,388.1109924316406,394.8849304241136,376.0395211860897,388.2846933428725,716460
2022-07-13,389.67425537109375,406.8695869727828,383.33454259648124,405.0458332567151,854840
2022-07-14,401.48516845703125,419.0279015695528,398.96666409017456,407.6511801848803,840570
2022-07-15,376.9079284667969,403.7430729118674,375.2578760160515,387.9372724586291,629990
2022-07-18,380.034423828125,383.421379752968,356.2388553909496,363.79436837667026,763340
2022-07-19,340.0856628417969,366.48658703366107,338.86983586314636,365.7049858690315,1056620
2022-07-20,323.7586975097656,341.9093544405189,322.3691963597865,340.4329763398715,897940
2022-07-21,319.2428283691406,338.17506353205385,318.8954530135262,329.66424805581744,982420
2022-07-22,334.5275573730469,342.1699206337008,314.98739693076703,317.0716754106691,938010
2022-07-25,329.4905090332031,340.6067046489761,326.7983039581232,331.8353387928296,745670
2022-07-26,335.39599609375,339.5645528937886,330.7063365649094,332.96431587452935,779450
2022-07-27,312.5556945800781,331.66162788759436,307.9529121572095,328.6220475886713,865090
2022-07-28,299.6158752441406,320.80609416369674,298.74742343183874,307.6056425185361,881040
2022-07-29,293.5365905761719,303.9580079930774,291.0180866676934,299.3552259018248,715830
2022-08-01,293.79718017578125,307.6055824995685,288.49964635681374,300.0500426055355,832500
2022-08-02,294.57879638671875,301.87378460202535,285.2863535688021,297.270975172303,993600
2022-08-03,281.8994140625,291.79975768328904,279.8151353796562,288.49965197737316,726170
2022-08-04,283.2889099121094,287.5443172620945,280.5098543145885,281.2914554191918,592650
2022-08-05,277.1228942871094,293.53662324486874,276.3412931944614,292.06024501194855,888790
2022-08-08,268.35150146484375,272.34638348628664,260.7091392088067,271.3910815785232,890860
2022-08-09,279.5545349121094,283.8099419974676,271.21739514103893,271.82532179739155,884730
2022-08-10,255.32476806640625,266.527788303406,254.19579159794057,264.26980886343534,988370
2022-08-11,252.80624389648438,254.02207072928204,240.3873712034527,248.20343491819983,1150290
2022-08-12,237.3478240966797,252.0246781069955,237.1741496694169,249.0719213100774,1000730
2022-08-15,235.17665100097656,245.07701910984915,234.74242525946588,243.25326569489704,873240
2022-08-16,235.2635040283203,242.12426551877442,231.87654850802383,237.17410791312153,985400
2022-08-17,247.24813842773438,251.5903956779367,241.16897827745112,243.34010690255226,1133480
2022-08-18,242.47171020507812,250.0272236247206,241.25585669804147,246.6402675053608,795690
2022-08-19,258.1038513183594,260.1881300612272,249.15878306328185,250.20093568623682,1093950
2022-08-22,274.1701965332031,276.5150000866093,267.1357328669025,268.69893523583994,1186140
2022-08-23,272.3464050292969,275.0386100721204,264.18296595028164,272.9543051982974,956900
2022-08-24,266.180419921875,276.0807630294542,262.7066134628619,273.30173376406776,820090
2022-08-25,254.1089324951172,264.18297592100276,254.1089324951172,262.3592223390948,785970
2022-08-26,279.8150634765625,280.6835149131713,254.10889565233572,254.4562709263723,1232520
2022-08-29,287.1969299316406,290.23651026927746,279.2940157531775,288.32590631297654,1103450
2022-08-30,299.5289001464844,304.1317087385622,283.6362491945474,284.3309997541269,1025890
2022-08-31,305.000244140625,306.1292207364503,293.97089707599554,297.79207921153,936150
2022-09-01,315.07421875,327.8404674202972,312.90308982668677,313.4241660688897,1410050
2022-09-02,322.4559631347656,327.2324453743236,302.3079084988123,304.13166156361336,1141050
2022-09-06,331.8352966308594,336.35122816404873,317.1584727676838,319.3296013422078,989280
2022-09-07,310.471435546875,334.1801527510573,308.99505728012196,334.0064783392878,804370
2022-09-08,302.8290100097656,323.49814247113784,302.3947843151735,318.4611350150824,918360
2022-09-09,284.6783447265625,295.9682123875176,283.54936856167984,294.5787114162873,659990
2022-09-12,274.6044006347656,282.0730630322349,273.5622481358895,279.1203329561379,698670
2022-09-13,306.5634460449219,309.7767278936351,290.93131565169637,295.53409899959587,1067730
2022-09-14,302.74224853515625,315.16109644872483,301.35272060352315,305.17390253823345,1019080
2022-09-15,309.776611328125,313.6846424558825,294.66553643170346,308.64760865606456,1156860
2022-09-16,323.9324035644531,334.0932965294855,320.0243718860616,322.6297263383226,1243370
2022-09-19,315.1610412597656,334.35382454048926,314.20573931761413,334.18012364081216,871090
2022-09-20,328.53521728515625,335.2223049541091,323.67190971105083,324.19295944896317,900000
2022-09-21,342.8646545410156,343.12520590267263,311.600399360873,320.9796918167383,1158020
2022-09-22,366.5733947753906,370.3945761928335,342.1699015708708,345.3831828213553,1337330
2022-09-23,393.495361328125,407.73795995347535,381.07648956403614,382.4660171988829,1197840
2022-09-26,409.64862060546875,413.3829517956848,375.51845763311934,400.09565323203907,1203340
2022-09-27,405.1326599121094,415.7277797328913,383.24766961146156,394.8849419239082,1157020
2022-09-28,366.3997497558594,402.5273440831305,358.84423622181964,397.66400949047147,1334050
2022-09-29,391.4979553222656,406.43533285756234,379.7738591821436,381.1633869882473,1226340
2022-09-30,399.6614990234375,400.5299507583837,367.7893097496962,393.8428617980808,1121280
2022-10-03,367.7891845703125,398.098134503481,361.5363236056836,382.9002343146251,1189590
2022-10-04,324.627197265625,347.46749023245115,324.54037330811366,347.46749023245115,1199710
2022-10-05,331.3142395019531,350.3333216065695,328.70888506288145,339.47767811043735,1146760
2022-10-06,337.82757568359375,342.6040581161381,324.1060549331336,336.959124332222,1122390
2022-10-07,367.9630126953125,372.1315704444647,345.6437923848237,348.85707442278454,1155310
2022-10-10,374.12890625,381.4239202601137,361.97058490386024,364.0548897656283,1218710
2022-10-11,373.95526123046875,393.49542207213585,358.23628209723086,379.6870470446323,1484080
2022-10-12,377.16845703125,389.1531030351388,369.43924436748006,372.99990064044056,1151300
2022-10-13,349.812255859375,409.5617353473156,344.3410219752329,400.09561923675005,1788850
2022-10-14,377.4290466308594,378.29749817556774,334.3538447127173,341.38830752546255,1481460
2022-10-17,341.7357177734375,355.45724298116744,338.69613705626585,354.7624922756016,1352110
2022-10-18,329.8379211425781,338.5224375128729,311.16621094644444,319.6770528911577,1402550
2022-10-19,346.42535400390625,357.2809995073067,334.2670310400978,339.5645913463654,1265050
2022-10-20,360.1468200683594,363.6206258023082,332.61689902560107,345.8173714158204,1324320
2022-10-21,336.78546142578125,365.7049105883009,333.8327317988695,357.9756979904028,1465280
2022-10-24,332.8774719238281,346.5990224562164,329.66421705773394,333.485398616271,1057690
2022-10-25,305.8686218261719,332.09584061768857,301.4395139780142,331.66161487773263,1316970
2022-10-26,301.00531005859375,304.9133420014989,284.07050497267124,300.5710842871598,1581310
2022-10-27,301.26580810546875,302.22111001820235,286.4152827436224,293.71029625683497,1745030
2022-10-28,280.7703857421875,303.00275153271525,279.38088441399873,297.4446667108431,1189260
2022-10-31,280.1624450683594,288.1521825635108,275.90703823362236,284.591552795549,1054060
2022-11-01,278.7729187011719,282.15987409506505,269.6541783698251,271.4779317367015,1037400
2022-11-02,306.3028564453125,306.7370821978559,272.69377259724047,282.5072640035061,2028020
2022-11-03,312.03466796875,324.19299109699807,304.47915449802053,318.02700557010513,1546930
2022-11-04,300.3973693847656,317.592725034406,294.05768401835024,299.5289178823505,1636810
2022-11-07,296.4024963378906,305.6949383022712,291.01811275825264,295.18666949752316,938890
2022-11-08,296.4893493652344,307.2581431210312,284.6784031640544,293.27609458087176,1293160
2022-11-09,320.80596923828125,322.71657308255334,301.09213667764254,304.7396169671133,1439750
2022-11-10,262.3592224121094,285.1994879116305,261.9249966307266,281.2914558791851,1481460
2022-11-11,255.84584045410156,260.9696994691951,247.6824009127445,260.01439743176167,1108670
2022-11-14,264.1829528808594,265.2250787631783,252.2851569107063,260.3617451365816,1088170
2022-11-15,252.6325225830078,258.9722340968962,244.20855938386268,251.67722068332216,1520190
2022-11-16,266.44091796875,268.43837238331986,256.7142767650196,256.7142767650196,1008560
2022-11-17,273.475341796875,282.6809319791372,272.17266469098035,278.3386749594884,1185190
2022-11-18,268.612060546875,273.99647089305705,261.7512984305092,264.96457984726925,1266790
2022-11-21,273.2148132324219,279.03342165718544,271.39106000855776,273.4753380488168,763560
2022-11-22,264.1829528808594,275.12542041190693,263.40132534032506,269.1331104537056,668960
2022-11-23,262.6197509765625,269.56736357648765,260.1012467096974,266.35410865084555,750650
2022-11-25,260.8828125,265.13821934061457,257.9300828454737,263.3144924825192,349540
2022-11-28,277.0360107421875,279.3808402431002,264.0960895222346,267.3961944094856,723250
2022-11-29,274.4306335449219,276.6886124126702,269.04622443744773,276.6017619748659,806370
2022-11-30,252.1982879638672,281.8993372346573,252.02461358107027,273.12797256087146,1349310
2022-12-01,253.76158142089844,257.32221196508,244.9033640354221,249.071921332681,881980
2022-12-02,249.85354614257812,265.05144976431546,246.5534140257479,264.4435230182297,1103880
2022-12-05,270.6095275878906,273.2148824237759,253.7615716164406,254.63002322840234,953920
2022-12-06,282.94146728515625,287.45742535416974,270.2620975203003,270.78314717954186,1015560
2022-12-07,285.7205505371094,287.7179784350901,276.60180956252077,284.85209901572,878510
2022-12-08,280.0756530761719,285.89428964827295,271.2174357730115,280.42302843054193,910920
2022-12-09,290.2364807128906,290.4970055426568,280.1624387477252,284.85207120475764,1082270
2022-12-12,279.8150634765625,293.3628846852318,278.42553587738155,289.3680292792591,827420
2022-12-13,273.2148132324219,279.1202720969948,249.24554951185942,253.24043121579203,1427460
2022-12-14,278.68609619140625,284.93895793236123,266.6146249861273,274.1701640478614,1197070
2022-12-15,299.70263671875,302.8290676151424,286.241637625788,288.7601418328958,1453040
2022-12-16,306.9107971191406,315.5084628540604,303.08961529284744,308.7345508212243,910210
2022-12-19,319.41650390625,322.10870930194557,303.35014850008326,305.7818290039222,775180
2022-12-20,314.4663391113281,324.0193069984254,308.38717772862987,321.24025119369,857300
2022-12-21,298.83416748046875,307.7792073600811,293.53660801160464,306.30285570681514,841720
2022-12-22,310.55828857421875,325.2351148936446,305.9554793241009,306.56340602792136,1046180
2022-12-23,306.8239440917969,317.5059148272581,306.3028943267343,311.0793781954339,668490
2022-12-27,313.0767822265625,316.1163626365291,305.69494408807213,306.737096544133,551480
2022-12-28,327.6667175292969,328.4483450272917,308.2134105846787,312.90304305747424,804200
2022-12-29,302.5685119628906,322.7165983405499,300.65793447211945,321.32707057260143,580230
2022-12-30,305.7817077636719,314.9004464057116,303.8711043041276,311.2529403476836,649910
2023-01-03,310.9925231933594,318.8954380522584,290.32335921600514,297.44467293568107,795760
2023-01-04,299.1815185546875,306.38965484463165,293.6234346862087,304.8264528670401,1027470
2023-01-05,309.6898498535156,315.85586159362344,303.6975390368632,304.91336599193124,827190
2023-01-06,289.1943054199219,308.647610754169,286.5889513170397,301.17892369196693,1152360
2023-01-09,287.4574279785156,288.5864042545587,276.6886353729788,282.0730184242298,945520
2023-01-10,274.691162109375,290.3232870186086,274.4306372954343,288.84693556788966,899260
2023-01-11,264.5303039550781,274.256943814683,264.5303039550781,271.5647656545726,920280
2023-01-12,251.59039306640625,268.5251961664106,251.1561673458933,261.2301828593655,1406350
2023-01-13,246.8138885498047,257.93005542129396,245.94543718474984,257.4089793016546,1022340
2023-01-17,248.2034912109375,250.4614709856945,244.12178402487984,247.24821552046316,840180
2023-01-18,260.10125732421875,260.53548312943445,239.77949494073084,245.68495529044873,1333380
2023-01-19,267.91729736328125,273.3017074576967,263.4881892537508,265.3987932235208,1061530
2023-01-20,254.8036651611328,271.5647950367502,254.54314031197754,265.3987840773891,1040450
2023-01-23,245.6849365234375,256.8879561416358,242.47168171211433,253.58785087529571,929190
2023-01-24,247.42181396484375,251.41669595418742,243.68748331354308,248.6376406999392,702070
2023-01-25,245.33758544921875,259.4065124549565,244.99021009786335,253.5010254697528,878070
2023-01-26,241.2557830810547,249.9402968925114,235.9582508584924,239.43205638307506,923050
2023-01-27,237.52146911621094,244.20855581320114,234.82926434847326,243.34010437219123,932230
2023-01-30,247.33494567871094,247.76917137442712,237.52145555673903,244.0348409924814,833950
2023-01-31,229.61854553222656,245.77174692016573,229.27117027181538,245.77174692016573,1208570
2023-02-01,218.6761016845703,234.3082162432849,212.68377807306945,230.747586111162,1519800
2023-02-02,205.82301330566406,214.8549039475836,202.8702833942916,213.89961521226604,1429390
2023-02-03,210.33897399902344,214.24700618284663,203.65189935700772,212.9443287882389,1286920
2023-02-06,219.54452514648438,221.97619181177717,212.33637559460536,214.94172989637966,850950
2023-02-07,214.85488891601562,227.96851144649747,213.03114877535435,222.0630387853894,1310120
2023-02-08,224.32102966308594,225.7974079315461,215.54967676742592,218.67610771631658,1001920
2023-02-09,234.22137451171875,235.8714270213821,216.0707306478323,219.1103108246464,1143720
2023-02-10,233.17922973632812,239.605765590465,231.96340292657845,236.82673666861388,1121480
2023-02-13,224.49472045898438,236.8267427836716,223.886793786894,232.5713090851139,743770
2023-02-14,225.0157928466797,233.70030799704912,220.23930951397648,229.44490087397548,1256180
2023-02-15,218.32872009277344,232.22394525702998,218.06819522215912,230.66074302726662,1007020
2023-02-16,224.92893981933594,229.3580477959225,217.2865639242054,227.70799523685127,1546460
2023-02-17,223.713134765625,230.83442189801397,222.4973078408795,227.88169179419225,1094720
2023-02-21,243.2532501220703,243.77432627913157,229.61855211029973,231.70283023551048,908960
2023-02-22,240.73480224609375,245.85866155841774,236.56621852357895,241.60325387540425,1063460
2023-02-23,236.21885681152344,246.20605112524592,232.39767472253365,235.78463097179636,1052080
2023-02-24,243.42694091796875,249.59295176900835,242.29796458741387,246.55337156809097,986370
2023-02-27,240.4742431640625,242.99274750790218,233.0055540902651,237.08728721868914,830070
2023-02-28,241.2557830810547,241.2557830810547,233.87394634131647,240.99525826792413,863910
2023-03-01,239.86636352539062,244.72967170882015,236.04515494835044,241.082190571248,810880
2023-03-02,238.47677612304688,248.98504408553129,236.913547593839,246.29283925998044,837430
2023-03-03,228.923828125,240.38737239496052,227.3605994724799,235.69773944347497,774030
2023-03-06,239.17153930664062,241.95059472536872,228.14222108895626,228.57644684169276,791130
2023-03-07,247.16131591796875,248.55084369569434,237.7820232955996,239.43210243960758,793340
2023-03-08,247.07449340820312,252.97995400268368,243.25331146453684,246.55341711973932,842240
2023-03-09,267.8304443359375,268.52522145601284,244.81647898130572,247.16130869412459,1207630
2023-03-10,291.8865051269531,299.78941774210807,272.60687448365496,272.60687448365496,2689150
2023-03-13,306.3028564453125,316.8110984544329,290.41017800040294,309.16873581088413,2762380
2023-03-14,289.0207214355469,298.92109223299076,274.60444410489765,278.165074949791,1844440
2023-03-15,302.8290100097656,319.0690350856915,301.96055862058137,311.51352390160827,1864800
2023-03-16,290.7575378417969,319.76383777181337,283.89677661701626,314.7268034083152,1853740
2023-03-17,314.2925720214844,316.8110759063819,297.27091843264037,300.65790026385,1594850
2023-03-20,302.74224853515625,308.12663282855317,292.7550546246648,305.60812836042874,1450670
2023-03-21,285.9329528808594,289.9812549835281,278.45240457324184,287.3410614631925,1188090
2023-03-22,311.01483154296875,311.1908552100619,283.2047841610198,286.9890781439964,1524770
2023-03-23,315.8551330566406,323.5117046921331,292.7094482279802,304.150286343237,1965260
2023-03-24,306.79052734375,330.904292201866,305.2944067690101,323.9517871786872,1542780
2023-03-27,296.3177185058594,304.062275117543,291.47736390919806,295.9656712310623,918100
2023-03-28,297.8138427734375,302.1261537610222,293.0614995043148,300.102016008923,970560
2023-03-29,288.2210693359375,295.7896279785356,287.60501355926954,289.18914547465914,820960
2023-03-30,289.8052673339844,293.23754082267044,279.3325037740548,281.5326653142686,838650
2023-03-31,274.0521240234375,284.34889107315985,272.9960625679797,284.34889107315985,1167040
2023-04-03,273.7000732421875,282.94075095615204,267.891641879065,271.6759355335326,1011450
2023-04-04,288.6611633300781,292.97347411809477,271.1478847068445,272.0279492291923,1311670
2023-04-05,297.19781494140625,302.3021786857001,291.03736297401207,293.58954484615896,1147240
2023-04-06,296.3177185058594,302.47816981070105,293.5015014521001,296.7577507419195,904970
2023-04-10,286.9891052246094,300.9821286408074,286.4610610309439,300.7181199726963,1030380
2023-04-11,280.3005065917969,285.31688432872085,276.3402168597307,283.55675555891366,869240
2023-04-12,286.2850036621094,287.60510056222506,271.6759527867814,272.55601738685857,1116180
2023-04-13,275.4602355957031,286.2850200534522,272.9960653173764,283.0287969611948,864890
2023-04-14,283.38079833984375,288.74919771714866,270.97188223359865,275.108196554827,1078140
2023-04-17,272.99603271484375,282.23671044116423,272.37997679011363,281.2686340697763,964010
2023-04-18,276.6042785644531,281.2686368148673,268.94773305952526,269.21174168273564,892720
2023-04-19,275.0202331542969,283.0288277152389,272.82007128906247,280.74065400390623,835680
2023-04-20,279.7725524902344,283.4688348375499,274.75619999881167,280.74062899619247,878080
2023-04-21,278.7164306640625,287.07704319721796,277.22031030989166,277.9243511486565,1059750
2023-04-24,279.6844787597656,284.08480112450354,274.932135977336,280.0365260348937,784320
2023-04-25,300.3659973144531,300.5420209540333,286.90102146710063,288.2211181916425,1110210
2023-04-26,309.4306640625,311.36678972596883,298.7818789123973,304.7663063921162,1213120
2023-04-27,297.5498046875,311.9828567214626,296.493716573395,306.0864139896762,1053800
2023-04-28,289.8052673339844,300.0140222520645,286.72504117768506,299.6620017771184,1238930
2023-05-01,289.1012268066406,292.00542930099135,279.508527848776,290.9493678746096,1117340
2023-05-02,307.0545349121094,316.0312046143652,293.58955721616593,293.58955721616593,1492220
2023-05-03,303.622314453125,304.8543996330405,286.1090327010854,304.6784028115912,1595040
2023-05-04,314.6230773925781,323.07170246467774,308.37461370084617,309.6066987023643,1449620
2023-05-05,292.35748291015625,300.1020409663103,289.10123301299984,298.69393217679834,1354940
2023-05-08,294.5575866699219,299.3099294012298,287.25303550857154,288.66114402162765,819280
2023-05-09,297.3737487792969,304.3262520132887,293.76547944800484,300.5419859203687,830690
2023-05-10,293.14947509765625,301.59809923038995,284.9648595582372,284.9648595582372,1357410
2023-05-11,300.0140380859375,304.7663818921261,296.4057675980647,299.045961585663,961450
2023-05-12,302.03814697265625,307.7585662194305,294.5575987268745,297.461800832262,884050
2023-05-15,291.2133483886719,301.68611095234866,286.7250139021138,299.3979646541456,1006070
2023-05-16,304.062255859375,304.41427625444015,296.9337287152081,297.46177273652313,874080
2023-05-17,283.55682373046875,304.94238268208017,282.0607031734681,298.34189820844205,1253110
2023-05-18,279.0684509277344,289.5412128287773,277.2203101552123,287.0770430370389,1264880
2023-05-19,284.7888488769531,288.4851032900665,272.7319556987974,273.08397609184135,1204190
2023-05-22,274.1401062011719,285.05290120494755,270.61984801560305,282.32469573964397,954070
2023-05-23,277.8363952636719,278.3644125192866,264.0193707830499,276.0762661251182,1480160
2023-05-24,286.90106201171875,291.3013850487083,281.5326625351034,282.5007389747292,1075000
2023-05-25,294.1175537109375,301.3340661791728,287.4290584335361,288.5731314902576,1047890
2023-05-26,284.87689208984375,295.43766618982033,283.64478029222994,293.6775371731576,825520
2023-05-30,288.2210693359375,291.65331486646687,278.18834130153175,281.97260719411474,870340
2023-05-31,297.10980224609375,303.62227464970096,285.66896291146736,292.09342348716655,878870
2023-06-01,287.51708984375,301.2460748897009,284.3488521956699,296.3177350565071,781890
2023-06-02,256.538818359375,278.9804645623392,256.36279470500364,276.25225906421656,1498170
2023-06-05,267.09954833984375,271.85189078066384,259.61900085750875,259.7950244824198,943680
2023-06-06,245.88998413085938,269.9157579883906,243.24979097228012,269.82774617828454,1579000
2023-06-07,232.24900817871094,241.66570874732815,230.22487064140708,241.66570874732815,1834590
2023-06-08,235.5052490234375,241.13765605618244,231.9849912707925,234.62518458527626,1552290
2023-06-09,241.2257080078125,243.24984580939537,235.15326774562428,236.03333233021505,1324490
2023-06-12,237.8814239501953,244.3059109239256,234.80119819575174,240.6096292756185,965110
2023-06-13,230.04891967773438,236.4734084504236,226.17664015933588,235.59334370272188,1251600
2023-06-14,237.26544189453125,242.63384178675625,225.47258061391005,228.55280697826706,1689170
2023-06-15,232.07301330566406,241.57769891337986,231.63298106720617,241.0496548557431,1276490
2023-06-16,237.8814239501953,241.13767334786766,228.28872625784422,230.5768993326326,1292790
2023-06-20,241.2257080078125,246.330071855463,239.55359066857804,241.0496843479185,1113750
2023-06-21,242.6105194091797,247.22661058675266,238.17198061947136,244.0308572400245,1109520
2023-06-22,248.38058471679688,251.93141524650483,244.91853036846902,244.91853036846902,1063130
2023-06-23,260.80853271484375,262.1400943735459,252.55286126716717,259.12189336529264,1217010
2023-06-26,259.0331115722656,260.98607946576874,250.68866410952543,260.71977797605956,897150
2023-06-27,247.93679809570312,260.7198131396175,245.45122688754998,257.34650696775896,1361780
2023-06-28,244.29718017578125,253.26300665122687,243.85332630706847,249.80095189340537,993550
2023-06-29,235.33132934570312,243.9420782444287,233.46713765729763,243.32069907542055,1129850
2023-06-30,233.46714782714844,234.62115711321124,228.85105650151365,229.38368659150103,1020580
2023-07-03,230.89276123046875,235.42007558610285,227.6082321454218,234.1772632248286,539880
2023-07-05,238.70462036132812,240.12495824970506,233.64470219051844,233.91100369241138,1046150
2023-07-06,250.95498657226562,258.6780275831615,247.0490508804764,247.4929047462988,1301920
2023-07-07,241.90037536621094,250.15604706536809,235.77519696773706,250.15604706536809,1264700
2023-07-10,229.91629028320312,245.18487329272605,229.91629028320312,243.498207019642,1230300
2023-07-11,223.52479553222656,231.2478496045774,222.54831167046112,228.22964892422922,1278550
2023-07-12,216.60064697265625,218.19852330693288,212.33964792969942,213.138592869509,1838700
2023-07-13,211.3632354736328,216.77824500009376,210.29797526286362,214.38143661655556,1092460
2023-07-14,217.6659393310547,221.74940043183793,211.80707626142336,211.80707626142336,1389970
2023-07-17,210.91934204101562,219.08624967256335,208.16744292114865,218.37608084691928,1238130
2023-07-18,202.92999267578125,211.18566373581356,201.77596991669066,210.65304722454906,1299050
2023-07-19,200.53317260742188,203.28507201351582,197.870049393271,201.0658026683901,1349280
2023-07-20,205.59310913085938,208.34499487890926,200.17808673237784,200.17808673237784,1302260
2023-07-21,208.16744995117188,209.32147263864806,201.42086619772968,202.1310350473569,1059630
2023-07-24,206.83590698242188,209.76534528394586,202.48614439964214,208.07869242168883,958350
2023-07-25,206.83590698242188,208.43378365101182,202.75244588995264,208.07869242168883,936230
2023-07-26,202.1310577392578,207.72361943306328,199.82302565054232,207.45730439138765,1448440
2023-07-27,210.1204071044922,212.4284525121325,197.8700382972943,198.6689833439441,1907910
2023-07-28,202.0422821044922,205.23802176318546,200.5331681470968,203.6401451611664,1688110
2023-07-31,195.29571533203125,200.71073831164873,195.1181764817077,200.53318591597915,1405950
2023-08-01,197.95880126953125,203.99521585587712,197.51494745502558,199.0240477152762,1604910
2023-08-02,205.94822692871094,209.14398069574364,203.19632709902464,204.79420398254098,1684730
2023-08-03,208.07867431640625,212.78352771913157,204.61661979015517,209.1439343663397,1705910
2023-08-04,209.41024780273438,211.0969006146368,202.84121602784796,207.4572935084718,1805180
2023-08-07,209.05519104003906,214.47021414541427,206.83592149608958,208.25625942235578,1509840
2023-08-08,213.1386260986328,221.4830731352915,212.51721986678714,216.4231419090051,2016080
2023-08-09,218.1985626220703,221.12800083851485,214.02633900245297,214.11510164819674,1417330
2023-08-10,221.48306274414062,224.3237245672612,209.85408689735274,216.15681674628553,1777100
2023-08-11,220.77293395996094,225.21147309685338,218.46490173598477,224.5013041258813,1154620
2023-08-14,222.19325256347656,229.11737572346203,222.01571372252212,224.59006077972472,1075140
2023-08-15,230.89276123046875,231.42539122948813,225.921593057433,226.2766706932169,1234570
2023-08-16,239.6810760498047,239.6810760498047,227.78579843435955,231.95800831859106,1414390
2023-08-17,248.02554321289062,248.3806208994497,236.30781701229597,237.99445634146971,1507630
2023-08-18,244.5634765625,255.65982304900183,242.2554310751697,254.59456295002178,1266840
2023-08-21,245.9838409423828,250.95501012427366,242.16668108365744,244.56350302031507,873030
2023-08-22,248.11431884765625,250.59988973865515,241.1902091579515,243.23192616907983,941210
2023-08-23,240.65756225585938,249.97849308137052,239.1484483335486,247.7592238372012,799370
2023-08-24,250.2447967529297,250.68865060566304,238.34951891781353,242.52175596978282,1091470
2023-08-25,247.93679809570312,257.6128355840789,243.67581114152793,247.404195044452,1614500
2023-08-28,241.54530334472656,244.4747283157179,236.84043564227375,244.4747283157179,879160
2023-08-29,231.7804718017578,245.62871649827323,230.80398797296547,241.81155736584634,1029990
2023-08-30,228.4959716796875,234.79870218482864,226.27670228285547,233.28958815870652,908750
2023-08-31,230.62643432617188,230.62643432617188,224.2349555645349,228.22963994956572,847060
2023-09-01,222.54832458496094,226.09915549511697,218.8199548383661,225.21144776757797,1217320
2023-09-05,236.57411193847656,236.75166432217364,225.92161909321683,226.72055063847327,1235820
2023-09-06,238.9709014892578,243.32066339727064,231.95798963781343,235.9526739169309,1198130
2023-09-07,246.25010681152344,249.3570837142048,242.52175078271898,243.58698375208226,1013020
2023-09-08,248.29190063476562,250.3336178876425,244.82981828929613,245.98385476801732,777870
2023-09-11,246.7827606201172,247.4929160014525,241.27896159734885,243.32070572739767,692840
2023-09-12,247.31539916992188,249.4458924775705,243.0543854639324,248.29188317071274,889740
2023-09-13,252.55282592773438,254.94964741429015,244.91853473462845,246.4276485729321,898390
2023-09-14,242.077880859375,247.6704280764392,239.94736088079162,246.33886663516802,1092370
2023-09-15,250.15602111816406,253.35177428305843,244.3859210198537,245.45118110504825,1131170
2023-09-18,255.12718200683594,255.2159581930408,249.62341064108608,249.80093592280727,668680
2023-09-19,258.1579895019531,260.93774413930515,251.4327899107339,254.92988822518646,815070
2023-09-20,266.0489501953125,266.2282724614005,250.62581233634216,255.46795135930347,1102320
2023-09-21,278.60260009765625,278.7819223263803,271.3393793941352,272.5050696580126,1134740
2023-09-22,281.023681640625,281.56170310680443,273.1327913530219,276.7195646410067,919990
2023-09-25,277.3472595214844,286.6728928355324,275.7332223366974,286.0451965053869,826910
2023-09-26,288.01788330078125,288.7352269559515,275.9125244066653,282.9963956198704,1041450
2023-09-27,279.6786804199219,287.838596253999,275.5538850940784,283.086131934711,1694370
2023-09-28,272.774169921875,280.6650616681778,268.29070248308625,280.1270401025405,1184090
2023-09-29,277.7955627441406,280.0372959081989,266.22822509058125,266.94559612202397,1226140
2023-10-02,290.1699523925781,294.2947469750471,277.5265716057329,279.23028337362666,1259590
2023-10-03,304.875732421875,308.73150279771755,293.03936951129754,295.81912430930225,1342580
2023-10-04,304.875732421875,315.99472424898516,302.27532723596426,305.77242575252757,1250390
2023-10-05,303.9790344238281,311.6009276173459,301.2889544731748,307.1174610329237,1053190
2023-10-06,295.9088134765625,314.29102764707625,291.0666747290189,309.6282111554209,1225690
2023-10-09,290.5286560058594,302.1856699814031,287.9282506689125,301.916672912547,760800
2023-10-10,280.93402099609375,289.5422827941436,275.73321041232924,289.3629605396506,1038440
2023-10-11,282.90673828125,288.8249195788156,275.105495566517,280.30633316464167,862360
2023-10-12,301.7373352050781,306.40015192538567,281.8307303763417,281.8307303763417,1128320
2023-10-13,310.1662292480469,312.9459841504454,297.25385027470674,299.04723700336257,1028360
2023-10-16,295.1914367675781,306.04140349181756,293.2187006186762,302.45463039556466,795790
2023-10-17,284.8794860839844,301.0199662617759,277.97493639529876,301.0199662617759,1157170
2023-10-18,302.9029846191406,304.69637121218443,291.69431841261667,292.0530176231516,990940
2023-10-19,317.6087646484375,319.22280157560994,299.22655275995436,305.7724026328174,1591180
2023-10-20,329.983154296875,330.6108505906861,316.62242879424974,318.32614069399625,1148750
2023-10-23,338.770751953125,341.5505069363961,324.9616792137038,335.1839783914618,1202310
2023-10-24,330.96954345703125,337.15672251964895,323.61664654122336,330.79019382887543,808420
2023-10-25,347.02032470703125,348.90338620555514,335.72198308079726,339.488106077845,1113830
2023-10-26,344.5992431640625,350.7864491656938,334.46661926369967,344.5992431640625,1371880
2023-10-27,357.24261474609375,360.6500657956425,340.9228126710952,342.8955215646048,1201830
2023-10-30,351.324462890625,359.30505603611584,340.3848198383965,347.4686922196998,904630
2023-10-31,341.819580078125,353.5662432744182,339.66749374254914,349.9794692016778,853400
2023-11-01,337.3360290527344,351.6831217951808,336.08063654584413,342.5368392259081,983440
2023-11-02,310.2558898925781,325.94802305188483,309.80754323088365,323.43729269235916,1164080
2023-11-03,285.41748046875,295.01211019616966,279.14062706032087,294.65343833152696,1270950
2023-11-06,295.7294616699219,300.6612751914118,283.98280044702835,285.4174879431702,926910
2023-11-07,298.50921630859375,305.2344165590047,295.2811147154145,300.3922778516908,906340
2023-11-08,308.9108581542969,312.13895967765745,297.4331942544696,299.85424987330805,942480
2023-11-09,323.706298828125,325.23068846663114,303.172026619212,303.44102367781454,1204210
2023-11-10,313.0356750488281,326.84474809623555,309.9869229263997,318.32616069729386,1205210
2023-11-13,313.1253356933594,322.3612664567258,309.89723408896094,318.5951433574426,833570
2023-11-14,261.6551208496094,285.05882385468357,261.6551208496094,285.05882385468357,1783580
2023-11-15,260.0411071777344,263.4485314292705,247.30804891479042,262.19316604001574,1403820
2023-11-16,272.6844482421875,276.5402186310072,261.2964319586083,263.62784009913344,1716160
2023-11-17,262.2828369140625,268.0216695821056,260.9377967247596,266.4076323009072,1197990
2023-11-20,258.1579895019531,264.97286389403666,256.5439525460234,261.5654403804485,876790
2023-11-21,267.8423156738281,268.46998460242014,261.7447844502307,262.64147780385593,953250
2023-11-22,263.6278381347656,266.58691516786587,257.6199818979759,263.17949147127115,1005810
2023-11-24,258.6063537597656,265.2418790021872,256.72329227295313,263.98651379928185,491520
2023-11-27,261.0274353027344,267.66296050903867,259.6823953001764,262.2828004988067,827910
2023-11-28,264.5245666503906,268.02166561787095,259.2340807903653,262.1931582170996,910220
2023-11-29,260.2204284667969,261.4757937192772,248.02539308932373,258.06834247407625,1198010
2023-11-30,257.79931640625,261.3860895040761,253.31585003396737,255.82658025648283,1177220
2023-12-01,235.02333068847656,264.1658643378607,234.3059595950847,259.8617198722369,2065800
2023-12-04,227.84979248046875,238.87911006733464,227.5807817309819,237.9824166906818,1285240
2023-12-05,237.08566284179688,238.52037735147812,230.89848559400608,231.16748259242615,1285060
2023-12-06,238.78941345214844,239.50678450691163,223.54564112345733,232.2435633462669,1557900
2023-12-07,233.22991943359375,241.21048387314403,232.96089504007028,237.62371087874783,1044600
2023-12-08,228.47747802734375,235.7406862615751,224.9803656042351,234.6646706147874,1299810
2023-12-11,227.40142822265625,231.88489475951891,225.6080416079112,229.10514003368246,760230
2023-12-12,227.93943786621094,233.94728033836725,225.60804345740243,228.2084485971188,899860
2023-12-13,203.81842041015625,232.96094335063964,203.72874559371866,227.67045755976534,2002990
2023-12-14,187.67791748046875,194.94112527398806,183.8221334090562,193.68576007978606,2495230
2023-12-15,192.8787384033203,195.83781541026312,185.7051918508205,187.22956775673586,2621780
2023-12-18,192.60971069335938,193.8650757564099,187.76755898776517,190.1886416817888,1296180
2023-12-19,181.22174072265625,190.0989998660609,180.50438326968947,188.84363458521057,2072400
2023-12-20,192.161376953125,192.60972360318715,176.28990827741595,182.656422498826,3014300
2023-12-21,182.25540161132812,188.83534724952023,182.16527365960636,185.86084976883686,2296680
2023-12-22,177.65847778320312,181.35405419032227,174.1431572940574,179.6414716789371,2048580
2023-12-26,170.98837280273438,177.38804865966574,169.81659942353235,176.0360056268233,1325260
2023-12-27,169.27581787109375,172.79112482419174,167.65336321824267,170.17718003893376,1870400
2023-12-28,171.61935424804688,173.33195064902515,168.5547283254264,171.79963768771492,2049220
2023-12-29,179.8217315673828,180.00200122924298,171.7094730004332,173.0615160949248,2737360
2024-01-02,183.3370361328125,186.2214057062182,177.74859415330243,183.69758920633492,2522190
2024-01-03,198.0292510986328,199.29116629390404,188.65509073741836,189.37618316990273,3004530
2024-01-04,199.29116821289062,199.9221189397546,194.78435765858458,198.75034544489617,2077050
2024-01-05,201.1840362548828,204.5190735772656,194.78437301543377,203.257172024049,2575650
2024-01-08,189.91697692871094,204.60918076523518,189.91697692871094,201.5445553653829,2047420
2024-01-09,195.77586364746094,200.6432276941086,193.5224581870765,197.30817660978326,1768730
2024-01-10,195.5054168701172,201.63468136417916,194.6941965526251,196.7673319518407,1851520
2024-01-11,200.46295166015625,207.22316829105668,196.7673748208149,197.6687370382683,2292500
2024-01-12,201.36427307128906,203.52755020700826,190.0071196851126,193.3421564631082,1812740
2024-01-16,208.93576049804688,211.54970537390764,204.60921919171207,206.50208531126344,1744150
2024-01-17,213.7129669189453,220.29289947713474,212.45105168239934,218.40004725285772,1830390
2024-01-18,210.19764709472656,218.40004802327877,208.39492282503988,210.10751913345905,1970230
2024-01-19,204.33876037597656,215.15510425564386,203.1669870382741,208.485031031326,1764400
2024-01-22,191.26902770996094,199.38128630631485,190.7282187224202,199.20101664380127,1847200
2024-01-23,193.61256408691406,196.3166501390953,185.59043387989405,186.7622072532445,1659560
2024-01-24,198.47991943359375,198.93060045581066,186.04112046966804,186.40167353965757,1806090
2024-01-25,193.88299560546875,198.29966444852639,188.47482293869075,190.0972637357687,2225490
2024-01-26,193.7928466796875,195.50542912561187,188.11426284019512,190.90849078217045,1675330
2024-01-29,183.78770446777344,196.40677234207214,183.6975765208868,193.25200537349747,1682570
2024-01-30,188.38467407226562,190.18739822606722,185.13976509394527,186.58194991846406,1748080
2024-01-31,202.4459228515625,202.80646217172372,185.04963245676038,190.0071237542914,3125910
2024-02-01,194.06326293945312,206.86260201258676,193.70270984712755,198.29966205999602,3497280
2024-02-02,197.5785675048828,203.7979741821165,194.6040698552227,201.36428553458933,2575220
2024-02-05,205.42039489746094,211.09897826475634,201.81494688694866,203.79795429568455,1976660
2024-02-06,200.19253540039062,208.4850642798633,199.56157090383184,206.32178690672174,1769320
2024-02-07,201.36427307128906,205.15000462037438,198.66018696690992,198.93059832808646,1492580
2024-02-08,192.3506622314453,203.25714889303703,191.89998119177116,201.27415506920957,1876230
2024-02-09,183.066650390625,191.80986012351357,182.7962390063719,190.54794491489713,1777820
2024-02-12,173.4220733642578,182.07515556589726,171.8897604493432,182.07515556589726,2624660
2024-02-13,194.964599609375,199.02072853153803,187.6635620480046,190.90847068721197,3817920
2024-02-14,181.1737823486328,190.27754507260397,179.5513278156674,185.95100423592763,2813950
2024-02-15,167.563232421875,177.29794721980204,166.48160050070445,176.7571381360648,3073080
2024-02-16,174.23330688476562,175.67547807701033,169.36594300749047,173.15167505215837,3261770
2024-02-20,181.6244659423828,183.87787122702778,179.5513303297706,180.72310382852484,2123330
2024-02-21,184.3285369873047,188.56493582013735,183.156763585791,185.13975732097936,1789310
2024-02-22,180.0019989013672,184.598950864666,178.5598278714432,182.6159571024621,2346560
2024-02-23,179.1006317138672,182.88634947018116,175.94586462465674,180.09213544338198,2093910
2024-02-26,175.85574340820312,181.3540437220097,174.6839699794596,179.91187267821985,1602560
2024-02-27,168.73495483398438,172.4305443423915,168.10400421768585,171.07850141302674,1923720
2024-02-28,172.70098876953125,173.96289024391604,169.09554026706667,172.4305773811075,1734980
2024-02-29,169.90676879882812,172.61085530491027,163.59723361796978,165.7604973213574,2622990
2024-03-01,164.0478973388672,171.07852426127167,163.1465352655767,167.6533456320291,2513560
2024-03-04,164.76901245117188,165.30982151744607,159.81152036499913,161.52410303874416,2011230
2024-03-05,169.5461883544922,171.25877055860144,164.31828629196494,168.01386203601436,2642530
2024-03-06,165.760498046875,168.7349959673235,163.77750401780776,163.95777370159655,2024540
2024-03-07,162.15504455566406,163.23669013376485,159.1805604769714,162.42545595018925,1971010
2024-03-08,162.51559448242188,164.76899980316068,153.9526542636144,157.82851416602406,2889730
2024-03-11,166.30133056640625,167.29283451570606,162.4254702469107,164.4986061158219,1514220
2024-03-12,166.93226623535156,170.62785652539844,164.67886087646806,166.39145720143642,2023980
2024-03-13,165.12950134277344,167.38290614754297,163.05636617164717,167.29277820756704,1634390
2024-03-14,174.5037078857422,178.74010700073705,166.39144899391172,166.84213004345784,2412380
2024-03-15,173.33193969726562,176.75711852911115,171.6193434044956,176.3965654262516,1982180
2024-03-18,176.48670959472656,177.20780205677903,171.4390761140539,171.88975718362488,1573840
2024-03-19,174.16929626464844,180.73829102258176,172.43582004443832,180.37333913520158,1682520
2024-03-20,164.0421142578125,176.90636492481008,161.6699758203001,175.90277860239362,2539640
2024-03-21,158.5679473876953,161.12255457296848,156.1045816424812,160.84884417428043,2105320
2024-03-22,165.1369171142578,165.1369171142578,158.02051679685954,158.84164794203338,1943140
2024-03-25,164.13336181640625,164.3158447350174,160.66640910666825,163.67718236286262,1716160
2024-03-26,165.1369171142578,165.50185500889842,159.20658583667398,160.666365258213,1764160
2024-03-27,154.5535888671875,163.03852924447753,154.5535888671875,161.39628047443887,3407470
2024-03-28,153.18504333496094,154.46235406108357,149.90055987098359,153.91493318967514,2733830
2024-04-01,157.65560913085938,158.47672651198465,152.36392511502152,152.45516656692033,2028210
2024-04-02,166.23178100585938,168.9688575775963,163.31223544697156,163.58594588844352,2649270
2024-04-03,163.4947052001953,169.51627925482794,161.94369791990857,169.24256881207344,2445000
2024-04-04,168.6039276123047,169.78999696736287,157.01697235918058,158.20302779274675,2843050
2024-04-05,166.87042236328125,170.79356806779305,163.85964939891457,170.2461611294949,2888290
2024-04-08,164.13336181640625,166.6879695405491,162.21741646441822,163.31224436862453,1519000
2024-04-09,162.39988708496094,166.96168166599918,161.03134871064947,162.6735975441217,1835000
2024-04-10,175.44662475585938,178.63988100599178,170.6111196499318,174.71673482867348,4005370
2024-04-11,171.88839721679688,177.72750205497013,170.4286314483717,172.89199749380052,2552250
2024-04-12,181.28570556640625,184.02278218971836,173.16571715251035,174.99043490138507,2572210
2024-04-15,189.2232208251953,191.59535941512192,177.18008673197164,179.64345285443923,2855090
2024-04-16,191.68658447265625,196.5220748499407,188.31084586309376,193.32881913283356,2318670
2024-04-17,197.2519989013672,197.70817836872536,187.1248230789117,187.58100254626984,2620910
2024-04-18,198.62051391601562,200.53647302191405,189.953105056792,195.97467888548056,2792260
2024-04-19,198.1643524169922,203.364795418363,193.96750978496144,201.44885006074858,2383900
2024-04-22,191.3216552734375,198.71176780563772,188.310868170634,194.606152825858,1494880
2024-04-23,181.6506805419922,191.96032599545222,179.64347962608593,191.50414650029052,2564440
2024-04-24,184.114013671875,187.67220752082847,180.82951633323268,182.92794441506024,2351130
2024-04-25,187.76344299316406,195.51849275883637,186.9423117239045,190.7742298041349,2364280
2024-04-26,182.38055419921875,188.21966001341545,181.1944986645866,186.66865253455606,1634750
2024-04-29,178.45738220214844,181.28568605561435,177.08884403778072,180.1908583084182,1707560
2024-04-30,189.58819580078125,189.77066480956879,181.92437213826824,183.38415205155445,1814490
2024-05-01,187.94593811035156,191.77784280208937,176.35898257425455,189.40571795553376,2991470
2024-05-02,177.90997314453125,187.58098238149705,177.54503517847223,181.1944705250267,2244650
2024-05-03,172.80076599121094,174.89919419571814,166.9616747383569,168.78639249506023,2198580
2024-05-06,166.59671020507812,169.15130352014367,165.59311003023848,168.87760703745056,1846300
2024-05-07,165.31942749023438,166.32302783422838,162.3998818370134,165.77560693359678,1809090
2024-05-08,167.9652862548828,171.15854254169435,167.78280332987094,170.6111216096439,1522990
2024-05-09,163.40347290039062,169.24256387519725,163.03852101353334,167.7827841707501,1836070
2024-05-10,167.14413452148438,168.60391421502206,161.5787540230401,162.21740241840374,1937860
2024-05-13,166.23178100585938,166.41424999301023,161.6699867196311,162.94729747266985,1349010
2024-05-14,160.94009399414062,163.40347400219173,158.9329073281099,160.39268704240013,2909960
2024-05-15,155.28347778320312,159.0241547403236,154.37111890795342,155.64842968619797,2316080
2024-05-16,158.5679473876953,158.5679473876953,155.46591940504604,156.56076099979825,1790880
2024-05-17,158.29425048828125,160.11896807316057,157.47313314368168,158.75042988450107,1555440
2024-05-20,157.29066467285156,159.20662388128025,155.37471938591452,158.6592029870173,1388460
2024-05-21,158.11178588867188,159.7540345447985,157.2906545998632,159.20661368559269,1178380
2024-05-22,161.94369506835938,163.95088174406334,158.3855011396792,159.75403940786254,1970710
2024-05-23,170.06369018554688,172.25335985716478,159.84527348247178,160.1189839316105,3046400
2024-05-24,164.77200317382812,168.60390731058197,164.31582377846482,166.68794828145988,2299140
2024-05-28,165.50189208984375,168.4214515870535,160.94009777731785,161.39627720857044,2240240
2024-05-29,172.80076599121094,173.89560778242628,170.88482069956743,172.16211756066312,1789920
2024-05-30,168.05650329589844,170.6111109500369,165.95807508280285,169.69875206795115,2163340
2024-05-31,164.31582641601562,170.8848070303928,162.94728820795828,166.14054402675876,2918380
2024-06-03,166.87042236328125,170.61109908836033,160.02773122337376,160.3014416532682,2354570
2024-06-04,173.8043670654297,174.4430154986946,169.60751063856014,170.51986952079338,1976580
2024-06-05,165.86683654785156,174.26053492210505,165.86683654785156,170.1549202249874,2072030
2024-06-06,169.42503356933594,170.97604081089221,166.50548806967277,168.05649531122904,1419010
2024-06-07,175.62908935546875,177.0888691732539,170.88482582990517,174.80797190889717,1718890
2024-06-10,173.8956298828125,181.6506813343908,173.5306779321951,180.3733703894701,1641840
2024-06-11,176.0852813720703,181.74190420697812,175.08168093554937,178.63988927472022,1376400
2024-06-12,167.7827911376953,169.51628134889344,158.7504438656596,162.49112081269993,3193860
2024-06-13,172.3445587158203,175.90276611958333,168.6038962716462,169.15130315734783,1523950
2024-06-14,180.64706420898438,183.01920294396183,177.54504948308352,178.63987739096075,1381250
2024-06-17,176.45021057128906,184.66144089837786,175.08167218344093,182.74549550828593,1354280
2024-06-18,175.72035217285156,177.72753922515383,173.34821316099828,176.7239387382558,1478360
2024-06-20,178.18368530273438,179.91716154051286,172.98324266790775,177.18008500413134,1547640
2024-06-21,177.27133178710938,182.28930558801244,176.99762134094362,178.27491819439504,1533220
2024-06-24,174.99044799804688,176.81516588348742,171.15854322292026,176.45021395350372,2354410
2024-06-25,176.95765686035156,178.8048139712417,175.29521264201236,175.38756204194266,1380770
2024-06-26,178.15829467773438,181.5755465489046,176.95765385023145,180.19017873930267,1376290
2024-06-27,173.07864379882812,178.71247954027564,172.89393087623975,176.86532212900664,1331590
2024-06-28,171.4161834716797,175.20284704797223,166.89064014866494,168.7377972373999,2374930
2024-07-01,175.47991943359375,177.32707648026314,169.0148697702508,169.75373540745656,1901020
2024-07-02,174.09454345703125,176.40348965672663,172.80153922227754,174.9257584518459,1236350
2024-07-03,174.27928161621094,174.74107092313926,170.49261775501344,173.07862659965903,1282590
2024-07-05,176.95765686035156,179.45131614151518,175.01813625684076,176.1264277048368,1641540
2024-07-08,173.44805908203125,174.5563505527167,169.5690318882868,172.70919340401073,1837120
2024-07-09,175.6646728515625,177.97361969265214,172.8939366422549,174.46401767565723,1385630
2024-07-10,170.58494567871094,175.57227802108773,170.12315642993659,173.44804465818777,1415310
2024-07-11,152.0210418701172,161.8109664890484,151.0974632781789,159.5020200092027,3525020
2024-07-12,147.1260528564453,148.32670768408093,143.33937549836895,147.68019148195395,2358840
2024-07-15,139.1833038330078,144.90948881300676,136.78200772794617,143.52412079723157,4097860
2024-07-16,124.96017456054688,135.48896388177778,124.31367242550456,135.30425099929278,4407670
2024-07-17,128.46978759765625,129.7627919875016,121.35822117543404,128.46978759765625,3526720
2024-07-18,136.0431365966797,137.89029387812084,124.40604008652373,130.13222484045298,4087480
2024-07-19,138.5367889404297,140.38394612630208,135.211900368783,137.15142105102538,3526570
2024-07-22,131.97938537597656,141.3998990177519,131.2405337193363,137.05906802518436,2510000
2024-07-23,128.0080108642578,134.28833462289498,125.79141357353976,133.91890878745477,2917710
2024-07-24,136.0431365966797,136.41256241589124,125.88377154875332,130.7787411631107,3369980
2024-07-25,131.3328857421875,135.67370272839878,124.68312205132212,135.11956397489715,2855480
2024-07-26,124.77548217773438,129.3010119592307,122.6512484484372,125.42198441899214,2940870
2024-07-29,128.93157958984375,130.5940098136491,122.83595512692011,124.12895954381122,3607110
2024-07-30,127.73092651367188,130.2245859798542,124.40603783030116,127.26913720168658,3069430
2024-07-31,125.42194366455078,128.7468172932215,117.29445130665458,125.60665651736238,5689030
2024-08-01,137.70559692382812,140.4763331670223,124.03662863886483,125.88378613432762,5054410
2024-08-02,152.48281860351562,156.3618455515376,148.4190646781723,152.94460786143944,4017580
2024-08-05,167.16769409179688,179.5436392880369,162.0880127796152,176.95763098507686,4529380
2024-08-06,161.81097412109375,170.1231818405954,155.16121076403076,165.41293925515942,3516330
2024-08-07,167.72186279296875,169.01486706788768,153.86818516445337,153.96053455969636,2761970
2024-08-08,155.71534729003906,165.04348207698092,155.5306203081136,162.0880335711448,2668050
2024-08-09,157.1930694580078,160.51795793994634,155.53062521703856,155.6229887109165,2593030
2024-08-12,161.1644744873047,163.1039952901312,155.90007899880789,156.7312941470525,1532710
2024-08-13,153.68348693847656,160.70269055376386,152.57519533940285,158.11666742746368,1867030
2024-08-14,156.36184692382812,158.48608034745865,151.83630370084313,152.1133800765671,1578770
2024-08-15,144.26296997070312,149.15793921550872,142.04638703739408,146.20249060686646,2521180
2024-08-16,143.4317626953125,146.20249855899777,140.75337623813525,145.92542215409097,1498460
2024-08-19,138.35208129882812,143.15468734609428,138.35208129882812,142.96997443902472,1591160
2024-08-20,143.06231689453125,144.54004826466485,138.99857676570005,138.99857676570005,1892050
2024-08-21,137.70559692382812,143.15470589836602,137.42852048097004,140.38396965517185,1701700
2024-08-22,141.30752563476562,142.23110423368567,136.04313043945962,137.61321123908547,1644010
2024-08-23,128.10035705566406,139.18330095249485,126.71498906856021,138.62916221326847,2821810
2024-08-26,128.10035705566406,128.74685929777414,124.59075533646259,125.51433399453182,1428940
2024-08-27,130.96343994140625,132.9953099132089,129.94749790915984,130.8710764502238,1770920
2024-08-28,133.6417999267578,135.67366971388452,130.59398819972333,132.81058495242516,1778400
2024-08-29,131.1481475830078,134.1035959776081,127.08440780201862,131.05578409552143,2245480
2024-08-30,129.11630249023438,133.8265453101959,128.3774367265074,129.7628047487359,1282050
2024-09-03,140.9381103515625,141.76932551555407,130.40930508241425,132.62590234087855,2321050
2024-09-04,141.6769561767578,144.262979158782,136.96671362030912,142.23110899172423,3061760
2024-09-05,143.89353942871094,146.017772890403,139.73743599645306,140.84572742651713,2050630
2024-09-06,152.2057647705078,153.9605585734113,141.58461026536432,144.17063331124197,2826530
2024-09-09,151.18980407714844,153.2216740452354,147.3107770303115,151.8363062361729,2608290
2024-09-10,151.651611328125,157.10073381215247,150.45095626603816,150.72803267924155,2060320
2024-09-11,150.54331970214844,160.70268483542225,149.71210455559367,153.6834814699018,2423500
2024-09-12,144.90948486328125,151.6516118414921,142.32347591180692,148.41908655945736,2199010
2024-09-13,134.1959686279297,140.29157871561875,133.54946644945076,140.10686582072344,2939620
2024-09-16,132.9029541015625,135.6736898848559,131.7023132029548,132.995317598082,1767820
2024-09-17,129.7627716064453,131.4252156270585,125.42195573067491,129.48569525422832,2918230
2024-09-18,129.67041015625,131.79464343294055,120.06519980863479,130.13219938628322,4555010
2024-09-19,121.7276611328125,126.06847769270443,120.43464264958047,120.52700614577236,3671890
2024-09-20,125.79139709472656,126.34554986798453,122.74358502718867,122.74358502718867,2817900
2024-09-23,127.26912689208984,128.56213122383065,123.2977363121855,123.94423847805592,2319750
2024-09-24,126.68099975585938,129.48161145677585,125.28069390540112,126.02752654124174,2406050
2024-09-25,131.3486785888672,131.62874259224816,126.49428809396899,126.96105668472164,2338390
2024-09-26,129.29490661621094,130.13508442704926,125.2806936701716,126.40093549950527,2333660
2024-09-27,126.86770629882812,128.26801217075624,122.94685270635898,125.93416905087605,3104920
2024-09-30,126.02752685546875,129.94838039759824,124.9072850212386,128.54807454364857,2456910
2024-10-01,131.3486785888672,133.86922613000212,127.05441610073095,127.33446585946498,2761140
2024-10-02,131.81546020507812,134.33600799528318,129.7616810517499,133.02906150988747,2342120
2024-10-03,134.61605834960938,136.38978753632279,132.56227940494108,134.42935376275716,2544770
2024-10-04,129.0148468017578,132.5622912474502,127.61454090829884,129.0148468017578,3232820
2024-10-07,132.18885803222656,134.89610990336317,129.9483604628228,130.04171986995672,2070150
2024-10-08,132.0021514892578,133.58917609019525,130.6018457199461,131.90880631809185,2081780
2024-10-09,131.1619873046875,133.2157664633757,128.36137547611767,132.09552458087745,2060080
2024-10-10,133.4958038330078,137.51001616782457,133.30909926398866,135.08281403663892,2361210
2024-10-11,125.37405395507812,133.77588909994287,124.90728533591897,133.68252967825194,2957220
2024-10-14,122.66676330566406,126.96103945570016,122.48005874362879,125.28066990809276,2676650
2024-10-15,122.48007202148438,124.34714633353336,118.5592188151108,123.50696859096993,3127770
2024-10-16,116.50543975830078,120.4262929592061,115.85195947660105,119.58611521781442,2841120
2024-10-17,117.62567901611328,119.39940099717009,116.2253733135405,116.31872560258073,2331760
2024-10-18,118.46586608886719,118.83928237437014,116.31872778896762,116.9722080691786,1872640
2024-10-21,124.06710052490234,124.90729263527682,118.46588388999136,118.74594080445854,2275270
2024-10-22,125.56075286865234,127.147763253007,124.62721567260289,125.37404827837189,2174610
2024-10-23,128.92149353027344,132.18887374326005,126.40093168453737,127.80123749010306,2206240
2024-10-24,128.17466735839844,130.41515106201575,126.02752883305384,127.05442550658977,2150460
2024-10-25,129.8550567626953,130.50853008734822,124.62724167617188,125.65413850394795,2056190
2024-10-28,123.50697326660156,127.14776261506866,122.76014066457964,126.58764884703753,1974870
2024-10-29,124.81391906738281,127.80123521719835,124.62721447889066,126.49428885310626,1765940
2024-10-30,125.37405395507812,126.30759119339643,120.33294432137059,126.21423177170547,2202920
2024-10-31,131.81546020507812,131.90881963031282,124.90729007716085,126.0275319567355,2079620
2024-11-01,129.66830444335938,130.9752650002099,126.21421983712303,128.9214861190407,2000050
2024-11-04,127.89459991455078,131.8154534133666,125.0006288171654,130.69521159151176,2193130
2024-11-05,120.6130142211914,129.76168245160088,120.6130142211914,129.2015543834468,2023770
2024-11-06,99.51506805419922,106.9833659512847,99.23501115645286,101.19543792997301,5464980
2024-11-07,100.72866821289062,102.03562175509214,98.11476112848757,100.16854730118249,2714150
2024-11-08,98.76824188232422,101.94226276965931,98.39482556548367,101.47549415418958,2770490
2024-11-11,94.47396087646484,96.7144515592393,93.54042368550245,95.87426666290843,2738400
2024-11-12,99.42172241210938,100.54196432275269,94.38061956956572,96.43440590217762,3669070
2024-11-13,102.31566619873047,102.68908246853519,96.43438665801722,97.55462834510843,4057230
2024-11-14,106.60993957519531,107.54347672426822,100.82201209987265,101.4754852552944,3911890
2024-11-15,111.3709945678711,112.49123639675153,106.23653979457538,106.51659669063356,3668120
2024-11-18,110.81086730957031,112.0244685679864,108.47702421440394,110.53081041154469,3027030
2024-11-19,108.57038879394531,114.63838112965126,108.19697245651395,114.45166939977346,3059480
2024-11-20,108.19696044921875,112.21116604473274,108.19696044921875,109.22384992145147,3446930
2024-11-21,103.06250762939453,107.91689818866831,101.75555413349049,106.51659239784047,3598270
2024-11-22,97.8346939086914,102.22231556339655,97.0878613570159,101.8488992875588,3239450
2024-11-25,93.26036071777344,94.4739547134617,90.17968533963581,94.4739547134617,4568970
2024-11-26,95.50086212158203,96.80780855453146,94.28726086547312,94.66067718445463,3450060
2024-11-27,95.03408813476562,95.78091360821504,91.86006028621603,93.91383924110627,3265970
2024-11-29,94.10055541992188,94.56732403386529,92.23348096414821,93.63378680597846,1748290
2024-12-02,94.28724670410156,96.43438487401518,93.2603573228779,93.727125870918,3347270
2024-12-03,96.43438720703125,97.27456491597142,94.00718500064367,94.66066525710302,2456660
2024-12-04,95.4074935913086,97.46127958846498,94.47395644414385,96.24767844822152,3543070
2024-12-05,98.95494842529297,99.23501244901112,95.50086345183026,96.06098437694259,3466540
2024-12-06,97.8346939086914,98.67487162642252,96.71444508117816,96.90115678025856,3063930
2024-12-09,99.32835388183594,99.5150584623378,94.94072501681002,96.06097386679083,2978530
2024-12-10,100.54195404052734,101.755555254882,98.02140643818909,99.60841683635412,3266060
2024-12-11,99.32835388183594,100.63530731231863,97.46127958752446,98.20810503185513,4202720
2024-12-12,103.34257507324219,103.62263910895285,99.6084259161628,100.3552585965084,3365510
2024-12-13,105.48970794677734,107.17007782494761,103.24921714999164,103.80933806860709,2744450
2024-12-16,103.62262725830078,106.60994339339449,102.12896919075393,105.76976562699677,2752580
2024-12-17,107.263427734375,108.01025323511416,104.27610436444714,105.11628928481197,3207360
2024-12-18,121.54653930664062,124.34715087704546,104.74286988421159,105.86311878576764,5396060
2024-12-19,123.22692108154297,124.2538177884152,115.85197513780396,117.81240200327275,4113250
2024-12-20,119.86617279052734,126.5876521388651,115.57191014536428,125.65411492322346,3292210
2024-12-23,121.03138732910156,124.22630944441099,119.43391910222184,120.18566969948583,2015830
2024-12-24,117.64851379394531,122.62884524235943,117.46057973406076,120.09169958779364,1262160
2024-12-26,114.17169189453125,120.9374189168874,113.60788250420579,119.43392481961108,2446850
2024-12-27,119.52788543701172,122.81678173470398,114.73549512279084,116.52089740395449,3486580
2024-12-30,122.25297546386719,126.85742439158953,120.46756607306402,122.34693532330978,2236500
2024-12-31,121.87709045410156,123.2866173622179,118.11835203245803,120.09169543920056,2265320
2025-01-02,121.68915557861328,124.22630112839262,116.42692325770734,118.87010178142532,1931500
2025-01-03,116.42693328857422,121.40725779115587,115.86312391440603,120.2796390428195,2171530
2025-01-06,116.23898315429688,116.89676668150175,112.29231066796616,114.35961393809662,3275720
2025-01-07,119.24597930908203,121.219315570572,113.32596335538749,114.92343150552672,3082670
2025-01-08,120.84345245361328,125.25996746753835,119.90376062872552,122.06503103521493,2761750
2025-01-10,129.01870727539062,131.55585300129707,125.91774501552719,126.76345547801263,2593080
2025-01-13,128.3609161376953,134.1869575195983,127.89107385950236,133.2472729632124,2203370
2025-01-14,124.03838348388672,128.4548988160016,123.19267296824061,124.9780682072495,2104810
2025-01-15,116.80279541015625,118.68216455806399,114.35960978249669,114.35960978249669,2499980
2025-01-16,116.23898315429688,118.9640699516322,115.11136449226656,116.70882545834695,2194430
2025-01-17,115.01739501953125,116.14501365758349,112.66818354923538,112.66818354923538,2521840
2025-01-21,108.34564971923828,112.57423090598562,108.25167551304138,111.72851323479107,2850350
2025-01-22,110.60088348388672,111.16470002479737,108.25167179417609,108.81548833508674,3278400
2025-01-23,109.28533935546875,113.04407835762794,109.09739810382537,112.57423598235805,3379880
2025-01-24,110.13103485107422,110.97675244487554,107.87579749323697,109.84913376595692,3100600
2025-01-27,113.32597351074219,115.2053429128083,108.81549124731868,112.95009819648389,3502410
2025-01-28,112.95008850097656,115.29930005190556,111.72850279602831,113.04406269839349,3911630
2025-01-29,113.70183563232422,116.23898116304166,110.78881483096082,113.23199333632289,3527710
2025-01-30,110.41294860839844,112.6681932478618,108.06373693587932,110.50691564145419,3902780
2025-01-31,113.41992950439453,114.82945641871207,107.87579604345859,110.13103337098696,3997910
2025-02-03,117.5545425415039,122.15899853553434,115.01739697807109,121.03137987828079,4639430
2025-02-04,112.76215362548828,118.49422833427234,112.38627834622505,117.93041899998983,3336570
2025-02-05,109.09738159179688,112.76215299807937,109.00341456481006,111.07071783541834,2893970
2025-02-06,110.13103485107422,112.10437829301888,107.31198098455295,107.68785626726739,3265340
2025-02-07,114.07772827148438,114.73550471834396,109.47327163579055,110.03708104298813,2748290
2025-02-10,112.57421875,114.35961376734477,111.82246819695249,112.19834347347624,2266020
2025-02-11,114.7354965209961,116.05105648994986,113.60787778716434,115.76914822187938,2427920
2025-02-12,117.93042755126953,120.7494815963198,116.6148675630677,119.99773098328299,2750780
2025-02-13,113.98375701904297,117.74249582040662,113.70184874125057,115.76915221431045,2538520
2025-02-14,114.45359802246094,115.0174074021862,111.54056975030088,112.38628740450136,2317000
2025-02-18,112.66818237304688,115.20532786679037,111.91643184271024,114.17167626449577,2552350
2025-02-19,113.8897705078125,115.86311390068846,112.76215185693299,115.2053303799883,2144670
2025-02-20,117.17866516113281,119.15200852971628,114.26564437453384,114.5475526183956,1910670
2025-02-21,127.70314025878906,128.07902272791995,114.54756211588484,114.54756211588484,2642200
2025-02-24,130.42823791503906,132.2136330916903,125.91774853274323,126.0117227371777,2273950
2025-02-25,131.83775329589844,135.314583475852,128.54885716974925,129.95838408095605,2925700
2025-02-26,131.36790466308594,132.87139135953495,126.38757361574244,130.71012833723645,2351820
2025-02-27,137.47584533691406,137.75775355484805,130.05232917740756,131.46185592862994,2256190
2025-02-28,133.2472686767578,140.57681084847232,133.2472686767578,139.26124390878368,2372220
2025-03-03,144.3355712890625,146.8727170346208,130.89807761787208,132.1196705586076,3539140
2025-03-04,149.31588745117188,155.98765430439028,142.36222666936823,150.3495463174846,4194660
2025-03-05,144.71144104003906,152.7927350412915,144.147624495412,149.31589024684197,3969340
2025-03-06,151.6651153564453,154.48416965183242,145.65113859500013,150.53749650598078,3085720
2025-03-07,150.3495330810547,159.7463788986206,147.81238757800165,152.5108104867846,3513320
2025-03-10,161.9076690673828,166.23020988113575,153.07462469950082,155.9876528679571,3893120
2025-03-11,161.8136749267578,167.16987393728158,155.79969960589744,161.0619244270382,4561450
2025-03-12,161.06195068359375,164.72672959024632,154.67210624041587,156.26956735121036,2748210
2025-03-13,168.3914794921875,170.92862507523242,158.99463337835508,160.59209435001674,2571220
2025-03-14,156.363525390625,165.38450407558236,155.8936830495012,163.0352923699633,2058070
2025-03-17,150.63143920898438,156.92732295069374,149.12793816389768,156.73938890467005,1657150
2025-03-18,154.3901824951172,156.36351155009763,152.88668140122334,152.98065559651013,1371750
2025-03-19,147.342529296875,154.4841227401192,144.4295016741844,154.20222886694364,1971210
2025-03-20,150.16160583496094,152.04097508361264,145.4631827133317,151.85304102643735,1492600
2025-03-21,153.07461547851562,157.58510442248965,151.85303697028124,155.4238269765803,1850260
2025-03-24,141.7984161376953,146.68478807061618,141.14063971240233,146.12097151267895,2125110
2025-03-25,144.07070922851562,145.502823692291,141.0155346194391,142.25670340168878,1521490
2025-03-26,148.7489471435547,150.5629528312654,141.97026670758635,143.68880684596627,1518600
2025-03-27,150.75390625,152.75887227590982,147.22136024226384,149.4172719448743,1685340
2025-03-28,160.30133056640625,162.68818786827782,151.23127281929428,151.51769860916303,1822310
2025-03-31,162.5927276611328,172.33110285919955,160.01492460403003,167.55738809855688,2208910
2025-04-01,162.7836456298828,169.65779080148923,158.5827831828508,164.02481417003008,2645730
2025-04-02,154.95477294921875,170.1351789738446,153.61812417101115,169.46686186885094,2394820
2025-04-03,185.0291748046875,185.88843757751258,172.61751724749675,176.91386024806278,3886620
2025-04-04,210.138916015625,223.2188907011641,201.64169554967597,205.84257300859403,7101760
2025-04-07,215.67642211914062,242.8865956316383,178.0595564940638,234.00749803476847,5107010
2025-04-08,233.05274963378906,241.83638147237684,192.85806738596133,193.90829041188601,3129100
2025-04-09,173.28582763671875,245.36891296218576,164.02482488603118,241.35899589745938,4881140
2025-04-10,194.6720733642578,208.03847409344684,184.74275293557707,187.51150154504938,2916600
2025-04-11,186.74771118164062,205.46066269094024,185.31559687677594,196.96345697603124,3078190
2025-04-14,180.1599884033203,190.85310633095858,175.95912532867632,176.62744246761227,2347490
2025-04-15,179.77809143066406,182.26041423590405,173.09489111404622,181.1147256666994,1575550
2025-04-16,185.0291748046875,191.90332069194906,179.96903457926567,182.73778313012008,1565460
2025-04-17,180.73281860351562,186.9386469288414,177.96405568666947,185.31558704970774,1533050
2025-04-21,191.9033203125,197.4408319714799,184.4563228792664,185.12463998661113,1082250
2025-04-22,176.62742614746094,186.07937447617232,175.0043662262363,184.16988878809167,1863200
2025-04-23,169.2759246826172,170.23066761419628,154.47740924314127,161.54250110953814,1841210
2025-04-24,159.06016540527344,170.03970823328564,158.29636820794167,167.74831664129033,1128350
2025-04-25,158.96469116210938,165.26600006249015,158.67826538150655,162.3062912766282,1713350
2025-04-28,157.24615478515625,162.97461226052238,154.2864604971495,158.20089769771727,1363820
2025-04-29,154.57286071777344,161.82891216422416,152.66337502852005,158.48731220803074,1420370
2025-04-30,157.62808227539062,167.08003257672786,155.90954188381403,161.25609418533568,1817990
2025-05-01,154.66835021972656,160.1103818508506,150.75389849181562,155.43214745544338,1737390
2025-05-02,144.45260620117188,149.8946379123718,142.73406603757695,149.70369224268808,1997510
2025-05-05,147.69873046875,149.60821635604663,144.4526102876342,148.5580078589662,1208270
2025-05-06,152.6634063720703,155.05026397368633,148.65348851499996,152.94983219790876,1411200
2025-05-07,151.42221069335938,154.38190456960862,148.65344789119482,149.70367077619147,1598640
2025-05-08,142.54312133789062,149.32178735122568,139.10604098731167,145.78924144926563,2242610
2025-05-09,143.49786376953125,145.4073496092636,140.53815489065775,142.065749389732,1385200
2025-05-12,128.6993408203125,132.90020358938463,124.68942371015821,126.50342932220755,1913720
2025-05-13,126.98079681396484,128.50839117435297,125.45320245357671,126.69437105036464,1534040
2025-05-14,130.41787719726562,131.08619426868017,127.45816857900466,128.41291141480244,1788340
2025-05-15,128.12649536132812,133.37758135620405,128.0310298114446,131.1816697537936,1767870
2025-05-16,125.07131958007812,128.9857712873535,124.68942824834318,127.74460260688419,1599750
2025-05-19,126.78986358642578,131.6590437719329,126.5989179147194,130.70430084518,1476980
2025-05-20,126.50343322753906,128.69934479343476,125.35774467044317,127.45817611982237,1584410
2025-05-21,137.2920379638672,137.9603551095773,129.3676686321642,131.18167439455183,2455700
2025-05-22,137.2920379638672,140.82458393538167,135.09612628377292,139.20152384773675,1796800
2025-05-23,139.01055908203125,144.83448148707458,137.57844486580794,144.5480557301861,2302320
2025-05-27,128.41293334960938,135.76445152735525,128.41293334960938,132.51833115844576,1815600
2025-05-28,132.518310546875,133.09114751617327,127.9355419513902,128.60385903301471,1604750
2025-05-29,131.46810913085938,134.61876396713896,129.65410324511586,129.7495688048685,1531530
2025-05-30,133.56851196289062,136.52822047173328,131.37261517631205,133.66399207022837,1789160
2025-06-02,132.32737731933594,138.34224618712483,132.23189719804168,133.28212025939402,1514430
2025-06-03,126.12155151367188,132.8047522691956,125.16680854859706,131.08621201841663,1818090
2025-06-04,127.2672348022461,127.74460626469397,124.40300602755889,126.02606608623746,1384080
2025-06-05,127.17176055908203,129.9405239101569,124.88038326073595,126.78986919876488,1768370
2025-06-06,121.25233459472656,123.63919157493771,120.87043602107089,122.0161317420379,1535900
2025-06-09,118.77001190185547,120.1066533476087,117.14694468768732,117.91074188072055,1395960
2025-06-10,116.95600128173828,118.10168980922151,115.33294132045204,116.95600128173828,1233340
2025-06-11,118.1971664428711,118.86548351687223,114.56914073915397,115.2374578131551,1866210
2025-06-12,119.82022857666016,121.63424146213278,118.96095854837209,120.7749714338447,1464560
2025-06-13,126.407958984375,127.64912771565639,122.2070958904299,125.07132470036184,2398360
2025-06-16,122.11161804199219,124.11657666983673,120.01117929711342,122.77994244068053,1668530
2025-06-17,126.12155151367188,126.31249719304253,122.68447101211393,124.97584830100489,1862730
2025-06-18,124.11656951904297,127.55364957916586,121.06139533683354,126.40794651364514,1792140
2025-06-20,124.97583770751953,126.40795203373963,121.44329194982066,121.72971772870875,1317710
2025-06-23,120.58403015136719,129.46314195900038,120.58403015136719,126.40795305057834,2069640
2025-06-24,116.13429260253906,119.68257847920506,115.27119564245538,118.1481806317002,1614070
2025-06-25,119.97026824951172,120.25796966465204,115.65479092171236,115.75068895457551,1352470
2025-06-26,114.31219482421875,118.915373499195,114.12039876132424,118.53177405685518,1697390
2025-06-27,114.02449798583984,116.4219852970789,111.33930927063184,113.44910249445259,2041400
2025-06-30,113.73680114746094,114.40810201148543,112.3942067359629,112.49011208550277,1226690
2025-07-01,110.38031768798828,116.42198882184736,106.4484398418256,115.75068796444589,2845280
2025-07-02,105.77713775634766,111.24340562328554,105.77713775634766,109.7090152848951,2346570
2025-07-03,103.18785095214844,105.00994274621478,102.70835349668627,104.62634331853494,1409490
2025-07-07,107.59923553466797,109.51722552506527,103.47556144524448,105.20174804667134,2162450
2025-07-08,105.39354705810547,106.83203949115544,103.95505462505548,106.5443380779251,1926860
2025-07-09,102.2288589477539,105.7771446089877,102.13296091724504,103.57145332453018,1953580
2025-07-10,100.69446563720703,103.28374896982928,98.96827187109184,102.70835348664106,2275750
2025-07-11,104.81815338134766,105.00994944915493,102.32476060054701,102.80425808661622,2332930
2025-07-14,102.70835876464844,105.87304505963726,102.61246073194745,105.48944561228242,2001390
2025-07-15,108.75003051757812,108.84592855078846,101.36576489556764,101.55756827853925,2641750
2025-07-16,105.77713775634766,111.72290306131694,105.20173497746975,106.83203065670669,2955490
2025-07-17,101.74935913085938,106.16073428143409,101.17396364453234,105.68123682340313,3320070
2025-07-18,104.05094909667969,104.43454852900982,99.83136997414937,100.02317334858975,2701140
2025-07-21,105.10585021972656,105.48944968187999,101.07807415849344,102.22886522840255,2384970
2025-07-22,102.70835876464844,106.3525425396931,101.84526183723776,105.0099481322266,2572810
2025-07-23,98.00928497314453,101.65346885885604,98.00928497314453,100.59857583400833,3150300
2025-07-24,102.03706359863281,102.13296162981074,99.06418073281233,99.44777285752404,2278600
2025-07-25,101.07807159423828,103.571457060154,100.79037017578412,101.07807159423828,1917800
2025-07-28,101.26986694335938,102.32475994261866,99.63957842782693,99.73547646111396,2083340
2025-07-29,103.37965393066406,104.24274349396948,99.3518709301866,99.3518709301866,2006940
2025-07-30,104.9140396118164,107.02382538653742,100.3108613368158,102.2288510653077,2953910
2025-07-31,107.98283386230469,108.84593081223171,104.43455534394488,106.54434138461,2446080
2025-08-01,114.79168701171875,118.72357196894568,112.49010509677188,113.16139860253963,3103310
2025-08-04,107.31153869628906,113.16140655488388,107.31153869628906,112.3942076516202,2498880
2025-08-05,105.77713775634766,109.61311726059888,105.10583695317354,106.25663519437906,2418380
2025-08-06,106.1607437133789,107.88693764227581,105.77715156611401,105.77715156611401,2095760
2025-08-07,107.31153869628906,109.22952863789726,102.90016329390039,103.09195936144083,2391220
2025-08-08,106.64022827148438,107.59922315635941,104.9140418686395,105.58533536143189,2522140
2025-08-11,106.83203887939453,107.50333241768675,104.81815094796701,106.25664337277965,2567760
2025-08-12,97.52977752685547,105.68123410359631,97.14618542354327,104.72223921221503,5216120
2025-08-13,91.77581024169922,96.1871926944618,91.48811615774767,95.41999383748991,4226670
2025-08-14,95.32410430908203,97.81748984173765,94.65280342023743,95.13230091946164,3479060
2025-08-15,96.66668701171875,98.20107735928327,94.74869724812552,94.94049329786473,3239850
2025-08-18,95.70770263671875,97.14619511733144,95.13229979123278,96.76259565919118,2840830
2025-08-19,98.10517883300781,98.68057429583493,94.5568933985651,95.80358966514908,3271330
2025-08-20,99.0641860961914,101.3657682352735,97.91338771009917,98.48878324486971,3526640
2025-08-21,98.48878479003906,101.36576982557926,98.00928728411569,100.59857820603266,2840710
2025-08-22,87.17263793945312,97.0502810270176,86.30954106548815,96.66668891996692,6977770
2025-08-25,89.76192474365234,89.76192474365234,87.65213880643377,87.8439348674352,2353310
2025-08-26,87.65214538574219,89.66603344362566,86.98084448874684,89.2824339762785,2418030
2025-08-27,85.92594909667969,88.51523994321717,85.6382549914318,88.32343655650084,2893660
2025-08-28,85.54235076904297,86.50134576563111,84.67926112535457,84.77515916170314,2425850
2025-08-29,86.78904724121094,87.74804223835139,84.77515921052623,85.15875867269264,2461290
2025-09-02,88.32342529296875,91.00861383215755,87.74802983929976,90.52911640134171,2796540
2025-09-03,88.61113739013672,89.95373182203521,86.78904546945671,88.99473684447216,2923520
2025-09-04,85.35054779052734,88.70703000700875,85.254649761938,88.03573649033271,2791010
2025-09-05,84.29564666748047,87.1726311454385,82.18585366038131,84.19974864819184,4473990
2025-09-08,83.72026062011719,85.73414851713171,83.43255921345053,83.43255921345053,2147170
2025-09-09,85.2546615600586,86.69315413761902,84.0079650662189,84.10386310807928,2780390
2025-09-10,85.63825988769531,86.78905100758412,83.72026981017964,84.96695897063393,3175770
2025-09-11,81.1309814453125,85.9259567945219,80.84328731429099,85.25466317225327,4762480
2025-09-12,83.62435913085938,83.72026448187255,81.61047114095045,81.70636917541259,2725450
2025-09-15,82.66535949707031,83.43255836265753,81.89816794803372,82.66535949707031,2866490
2025-09-16,82.95306396484375,84.67925781790017,82.37766845267525,82.76126789963789,3378990
2025-09-17,82.3776626586914,84.29565244205303,76.91138738618058,82.47356068454941,6606850
2025-09-18,76.33599090576172,81.2268633253947,75.95239149084829,80.45967181211812,5500670
2025-09-19,78.15808868408203,78.54168812866376,75.664703269127,75.664703269127,3553130
2025-09-22,76.81549072265625,79.88427882039046,76.43189129587066,78.82937856759246,3661060
2025-09-23,77.4236831665039,77.71330089857528,74.14138815121434,76.26522696878817,4914980
2025-09-24,79.45099639892578,79.54753319251857,76.6513851930236,77.23061331986555,4426080
2025-09-25,81.86444854736328,83.60213283199248,81.09213951067153,82.0575221238938,4366070
2025-09-26,79.83714294433594,81.96098921307161,79.45099577300688,81.57483467645739,4020430
2025-09-29,79.6440658569336,80.41637489620568,78.29252872084987,78.38906550943767,3325460
2025-09-30,79.2579116821289,81.86444917704895,79.1613748931211,80.22329430277672,3423920
2025-10-01,78.87174987792969,80.705978160848,78.19598505198914,80.60944138075423,3831080
2025-10-02,77.4236831665039,79.8371397161491,77.32714637757508,78.29252899743315,3396250
2025-10-03,75.78253173828125,76.55484074032658,73.65869303058335,76.361759807173,5439420
2025-10-06,74.8171615600586,75.58947069001864,73.36908746534777,74.04485243009854,4715400
2025-10-07,77.3271484375,78.19599429157451,74.14139012627356,74.43100050077501,4815250
2025-10-08,74.91368103027344,77.71329177214027,74.7206074750898,76.36175479000276,3449930
2025-10-09,76.45829772949219,77.42368031378014,74.4309957755444,75.20330478908862,4204990
2025-10-10,83.3125228881836,83.50559646568975,74.81715290278561,75.97560909839221,7152840
2025-10-13,76.55484008789062,79.54752455606335,76.16868559015896,79.06483327521987,6057440
2025-10-14,73.1760025024414,80.22329091653177,71.53484769744274,79.35444512156594,8360610
2025-10-15,71.05216217041016,73.94831014500801,68.9283232684858,70.85908858488438,7517670
2025-10-16,75.58946228027344,76.45830074820827,70.27985785705661,70.5694682246066,6499910
2025-10-17,77.23060607910156,78.96829766199517,75.58945864603447,77.32714286364353,5801520
2025-10-20,72.69331359863281,74.62407882180729,72.50023265714447,74.23792430411542,3911430
2025-10-21,73.7552261352539,75.10676313876984,72.59676268997562,73.46560843261331,3987000
2025-10-22,77.03753662109375,79.35444903488023,73.94830779390355,74.62408005232872,6287430
2025-10-23,74.23792266845703,76.74791593022506,73.46561365008932,76.16868784909163,4326530
2025-10-24,71.53485107421875,72.01754238695341,69.99024034652484,71.34177749523886,4712680
2025-10-27,70.85908508300781,71.53484996423674,69.21793022600427,69.50754795526514,3999820
2025-10-28,72.01753997802734,72.6933122124228,70.37639251573849,71.43831189517743,4118400
2025-10-29,73.85176849365234,75.78253368302887,70.18331168772306,72.21062102879617,4927800
2025-10-30,75.68599700927734,75.87907058238851,72.69331243434597,75.20330571121471,4849740
2025-10-31,74.43099975585938,76.84445634564266,73.94830843790272,75.49291918230702,5377410
2025-11-03,75.29984283447266,78.00291706182402,74.5275338080052,74.62407796027718,4167480
2025-11-04,79.2579116821289,79.3544484711367,76.55484476348595,78.67868358279719,5717340
2025-11-05,75.68599700927734,78.77521837076429,74.72061441315208,78.48560801109754,4982830
2025-11-06,79.93368530273438,80.22329567471054,75.68600022618547,76.16869154476409,4977620
2025-11-07,78.77522277832031,84.08482735408717,78.67868598636339,82.0575252618514,6055260
2025-11-10,76.26522064208984,78.00291215979547,75.20330132139608,75.4929116641575,5864910
2025-11-11,76.26522064208984,77.80983123267025,75.68599259128273,77.03752962002218,5148320
2025-11-12,76.84445190429688,77.13406962444596,74.23792188409342,75.68599575426968,5965080
2025-11-13,83.3125228881836,84.27790550628406,77.71330075708698,78.4856097976813,6843880
2025-11-14,82.73328399658203,87.17404974804423,81.38175427947742,87.07750559800714,7438990
2025-11-17,87.65674591064453,88.81520212265208,82.44367822604056,83.9882889638123,7688270
2025-11-18,86.88443756103516,89.78058547973633,85.05020907280074,89.3944309508525,5240830
2025-11-19,87.07750701904297,88.13943376450433,83.69866794057236,86.49827893579065,5818840
2025-11-20,91.8078842163086,92.09750194377696,80.70598426438741,82.82983041349102,8706600
2025-11-21,84.37443542480469,91.42172354393801,82.34713356492482,91.03557642036796,6602180
2025-11-24,79.7406005859375,84.27790318522057,79.16137250408649,83.89174867555833,6794740
2025-11-25,74.43099975585938,79.45099388177961,73.94830843790272,78.77522161746928,7400800
2025-11-26,72.59676361083984,74.81714638515822,71.14868980983678,74.52752867884392,7121830
2025-11-28,71.43831634521484,72.88639032518542,71.3417795529405,71.9210076718717,2939800
2025-12-01,73.94830322265625,74.3344577228448,72.30715580346047,74.14138415539277,7022930
2025-12-02,74.43099975585938,74.5275365463937,72.50023448403276,72.59677127456709,7130860
2025-12-03,70.56947326660156,74.23793043994833,70.27986287835972,73.85177589034045,8257340
2025-12-04,68.73524475097656,71.43831923574037,67.86640622006752,70.85909109337253,9700380
2025-12-05,69.50755310058594,69.99024444156223,67.96294228251888,68.92832496447146,9429090
2025-12-08,69.60408782958984,70.08677915623788,67.96294026510057,67.96294026510057,8072410
2025-12-09,69.21792602539062,70.18330857729445,67.76985219753489,70.08677179516094,9232120
2025-12-10,66.41832733154297,69.89370329725844,64.87370924430508,69.70062235371125,11172010
2025-12-11,64.10140991210938,66.70794014047485,63.81179216883091,66.51486655514599,10510770
2025-12-12,66.90101623535156,67.3837075289247,63.81178753731267,64.00486847391271,12693490
2025-12-15,68.54216003417969,68.73523359520452,65.64601242710167,65.74254920761409,11598920
2025-12-16,69.50755310058594,70.76255353323843,67.76986132695716,69.21793534988602,11133810
2025-12-17,71.72793579101562,72.30716392370473,67.6733241316212,69.21793494055395,13255300
2025-12-18,70.56947326660156,71.05216461229006,68.25255333423968,69.31448018698272,12042680
2025-12-19,68.9283218383789,70.37639579563357,68.34909372853404,70.1833148488286,9765400
2025-12-22,66.51486206054688,67.76985501095136,65.25986174485773,67.76985501095136,8914850
2025-12-23,67.7178726196289,68.2999731707188,66.84471809208904,67.42681864317892,7116670
2025-12-24,67.32980346679688,68.6880430275769,67.13576501422251,68.00891954628182,4246290
2025-12-26,68.39698791503906,69.27014243261434,67.426817873691,67.426817873691,6580390
2025-12-29,69.75523376464844,70.14330329666168,68.49400963605808,69.3671642326352,6630190
2025-12-30,71.3074951171875,71.404510636985,69.46417063379621,69.65820907520092,7202330
2025-12-31,72.85977172851562,73.05381018613677,71.21048554869259,71.21048554869259,9340500
2026-01-02,70.72539520263672,73.34485126866373,70.43434123894049,71.7925807331733,12609660
2026-01-05,67.32980346679688,70.0462751865468,66.6506799855018,69.94925966116467,12441720
2026-01-06,64.71034240722656,68.39699173074253,64.61332687804149,67.71787562463663,11161240
2026-01-07,65.19542694091797,66.35963548739065,64.12824132467578,64.41929531174654,11315110
2026-01-08,63.06105041503906,66.06857595447129,62.575965411846454,65.68050647155525,12181250
2026-01-09,61.702816009521484,63.35210959734986,60.732645923202554,62.284916580950764,12591640
2026-01-12,60.92668151855469,63.15807200759485,60.73264675844136,62.47895589855606,9197450
2026-01-13,61.02370071411133,61.605801293212664,59.85949585500343,60.24756167410258,10967090
2026-01-14,59.762474060058594,61.8968489266832,59.568443009287776,61.12071362088472,12258950
2026-01-15,58.210205078125,59.37440991986853,57.14301946538811,59.18037516276041,10718110
2026-01-16,58.113189697265625,58.79230579750696,57.143019610172075,58.113189697265625,8666320
2026-01-20,60.150543212890625,61.12071326471144,58.50125338461422,61.12071326471144,13060910
2026-01-21,56.754947662353516,60.0535272974506,56.07582789031529,58.79230327756317,13341730
2026-01-22,55.49372863769531,55.68776339150401,54.23250828929646,55.49372863769531,9221320
2026-01-23,58.50125503540039,58.79230531897847,55.88179508138736,55.88179508138736,9600650
2026-01-26,59.18037414550781,59.47142442571454,57.3370495360234,58.307219603982546,12179340
2026-01-27,58.695289611816406,60.05352919889818,58.50125485638971,59.18037464993059,9472250
2026-01-28,59.66545867919922,60.15054370911141,57.33704905525868,57.82213408517087,12406110
2026-01-29,59.568443298339844,62.28491503136348,58.40423848354037,59.08335826724882,15468650
2026-01-30,62.284915924072266,63.35210892921638,59.859494434759476,61.21773032073843,12903000
2026-02-02,60.44159698486328,63.06105701649891,59.18037658471436,63.06105701649891,11548630
2026-02-03,60.05352783203125,62.96403799447079,58.40423799980117,59.762473855063256,11719970
2026-02-04,61.605804443359375,63.934214280635906,58.69529399721641,59.0833635370643,11752110
2026-02-05,64.90438079833984,65.48648137464124,60.82966566151446,63.061056138543414,10402390
2026-02-06,57.91915512084961,62.187901296871686,57.53108560443615,62.090885768220915,9097510
2026-02-09,56.851966857910156,59.08336106740614,56.26986627337527,58.21020648969856,6217890
2026-02-10,57.33705139160156,57.434070622080334,55.7847807129934,56.56091605229748,8821880
2026-02-11,58.113189697265625,59.85949511385297,55.396710492679546,55.784780007879036,11352350
2026-02-12,61.702816009521484,62.381939511030936,56.4638997639424,56.65793452138722,11039140
2026-02-13,59.37440872192383,62.47895367030055,57.72511887113884,61.02369857270881,11368090
2026-02-17,59.27739334106445,61.99387266021744,58.40424244639843,59.859497638413806,9338500
2026-02-18,58.695289611816406,60.15054472615896,56.754949459359665,59.27739017719137,11692430
2026-02-19,58.307220458984375,60.63563013659155,58.21020493112789,59.66546005440609,11375890
2026-02-20,58.40423583984375,59.9565063887087,56.56091132477482,59.56844060194492,11865650
2026-02-23,61.1207160949707,62.672986769401525,58.501256093576636,59.0833603721671,12295570
2026-02-24,59.08335876464844,61.508783940522264,58.50125450189565,61.12071443202041,10390190
2026-02-25,58.307220458984375,59.762475582262574,57.822135417891644,57.822135417891644,7763560
2026-02-26,57.53108596801758,59.95651120866676,57.24003567932072,58.01617101614742,11734330
2026-02-27,60.44159698486328,61.50878632414719,59.56844610825492,59.85949640045771,10579060
2026-03-02,58.79230499267578,62.96403927079366,58.40423918369386,62.86702374377446,12782930
2026-03-03,61.799835205078125,65.87455030558205,60.6356303619477,63.449125091104136,12829100
2026-03-04,60.05352783203125,62.187898990429545,59.18037330293737,60.3445781080942,10373880
2026-03-05,63.44911575317383,65.29244012525346,60.732636952023924,62.090876352598876,19823350
2026-03-06,67.91191101074219,68.6880500973036,66.16560176688446,67.52384146746148,16152760
2026-03-09,65.77753448486328,73.24784115151189,64.90437993117193,70.53136196265223,18457090
2026-03-10,65.87454986572266,66.74770441746652,62.575970115696,66.1655964484304,21581270
2026-03-11,66.35963439941406,68.20295901641644,65.19542587202876,66.84471943537204,15602750
2026-03-12,70.72539520263672,71.40451124884824,68.88207070345005,69.56118674966156,15893680
2026-03-13,71.59855651855469,72.47170368927497,68.10593822843165,69.27014679240949,14786620
2026-03-16,69.46417236328125,70.0462728983688,67.232785745144,68.68804078376782,17041810
2026-03-17,68.20295715332031,69.1731271987342,66.84471760937886,68.49400372585846,16645890
2026-03-18,71.50152587890625,71.5985488001364,68.97908536492574,69.65820880448835,21065460
2026-03-19,70.14329528808594,74.60607589217578,68.105932328084,74.21800640447017,18810780
2026-03-20,74.80010986328125,76.44940340014156,70.33732908448945,70.62838306211485,13517250
2026-03-23,69.94926452636719,71.2104886494874,66.35963802488759,70.24031852456744,29288410
2026-03-24,68.77364349365234,72.398469801478,67.59802859479805,71.7126882151653,16801070
2026-03-25,66.3244400024414,68.28380316321518,65.24679175889129,66.42241413998194,20650120
2026-03-26,69.94927215576172,70.04723882707785,66.32444552204143,68.77364967683437,13630810
2026-03-27,73.57408142089844,74.16188884412512,70.43910351410491,71.22284425361484,15463680
2026-03-30,76.80703735351562,77.68875227023771,71.51675532756036,71.51675532756036,15654570
2026-03-31,68.77364349365234,74.25986628664499,67.98990271920856,73.47611803782398,12784140
2026-04-01,67.50006103515625,67.89193515435842,65.14882379432038,67.20615357716034,13092870
2026-04-02,66.3244400024414,71.4187887050796,65.34475842205453,71.4187887050796,11559580
2026-04-06,65.44273376464844,67.10818949222269,64.85491882609053,66.42241536307505,9580880
2026-04-07,64.95288848876953,67.59802563246296,64.56101438153205,66.22646999432023,12490150
2026-04-08,59.27073669433594,60.74025909171617,57.801214296955706,58.38902176103231,10548250
2026-04-09,58.291053771972656,60.44635398660937,57.60527592133525,60.44635398660937,10171230
2026-04-10,58.7808952331543,59.36870269061037,57.7032469820886,57.99715071081664,7590120
2026-04-13,56.1357536315918,59.564639152125885,55.93981656869498,59.36870208922907,10145700
2026-04-14,53.98044967651367,55.44997194070756,53.392642265711466,54.86216452990536,9645190
2026-04-15,53.4906120300293,54.568263995371666,53.39264536826571,53.784519489697225,10316160
2026-04-16,53.19670867919922,54.27436065207041,52.90280495466657,53.490612403731866,11254920
2026-04-17,49.767822265625,51.33531499653853,48.69017404958764,51.041407540175115,16705520
2026-04-20,48.98408126831055,50.453603706359864,48.78814419579954,50.453603706359864,14258590
2026-04-21,50.35563278198242,50.84547355325778,47.61252147308961,48.49423635626065,21154940
2026-04-22,49.375953674316406,50.25766486377893,48.4942387476652,48.78814247748604,17640220
2026-04-23,49.86579513549805,51.825158343381055,48.690176463330495,49.2779839308199,22605270
2026-04-24,49.375953674316406,50.74750565920989,48.59220541187592,49.375953674316406,17686310
2026-04-27,49.180015563964844,49.66985634899002,48.494237717491885,49.27798222609444,12776360
2026-04-28,50.94343948364258,51.43328024790837,49.180013479723414,49.767820901966985,18271970
2026-04-29,51.923126220703125,52.902807847508846,50.64954085329345,50.845477926092364,19146010
2026-04-30,48.59220504760742,51.72718686230211,48.39627172065479,51.33531647120819,16936070
2026-05-01,48.00439453125,49.37595015558965,47.710490822373906,48.29829824012609,10815400
2026-05-04,48.6901741027832,49.57188526127109,47.12268137015713,48.102362926602716,17683520
2026-05-05,46.143001556396484,47.61252394656438,46.045034891927436,47.51455728209533,16601150
2026-05-06,44.18363571166992,45.849095067780056,43.98770239451806,44.86941353326686,20166470
2026-05-07,46.33893585205078,46.828776619487236,43.79176535625661,43.889732014868514,31620330
2026-05-08,45.45722579956055,46.142999900613134,44.967385020415236,45.45722579956055,26548330
2026-05-11,44.869415283203125,45.26128940716713,43.98770411006702,45.06535234518513,27464970
2026-05-12,46.143001556396484,48.20033514494476,45.555194095204804,45.555194095204804,34804920
2026-05-13,46.143001556396484,47.51455728209533,45.65316075967385,45.94706822745839,30013200
2026-05-14,45.359256744384766,46.53487539657816,44.673478885839565,45.555193809281775,31486140
2026-05-15,48.59220504760742,48.78814211174871,47.318619736472016,47.416590137136986,33215290
2026-05-18,49.47391891479492,50.55156713885562,47.80845951081955,47.90642990939962,39776110
2026-05-19,51.041404724121094,52.412960320850466,49.9637565675397,50.64953436590438,47314710
2026-05-20,47.31861877441406,50.943441307169614,47.122681714256466,49.9637597435702,38563910
2026-05-21,45.94706344604492,48.690170874796486,45.35925230883424,47.80845603757463,29629460
2026-05-22,44.77145004272461,45.45722791284728,43.98770550709388,45.16332044194561,25702200
2026-05-26,42.224273681640625,43.4978626975973,42.224273681640625,43.203955240260484,23515010
2026-05-27,42.224273681640625,42.81208485912568,41.63646624134413,41.93036996149238,26096990
2026-05-28,41.63646697998047,43.399893069341914,41.2445928547052,42.714115218704514,19622840
2026-05-29,42.42021179199219,43.20395631087187,41.83240433712959,41.93037100054381,20777020
2026-06-01,43.00802230834961,44.18363719960486,42.224274064594645,43.20395563209975,21010500
2026-06-02,41.83240509033203,43.20395708876943,41.63646802278705,43.20395708876943,17962180
2026-06-03,43.3998908996582,43.88973166316944,42.42020937263572,42.42020937263572,26392630
2026-06-04,41.63646697998047,43.98770425725482,41.1466261919807,43.69379679470405,25957760
2026-06-05,46.04503631591797,46.73081419997579,42.71411730031647,42.812087705004046,37820450
2026-06-08,44.869415283203125,45.163319007581826,43.49786332370631,44.085670772463715,45803760
2026-06-09,44.477542877197266,48.004394884003794,41.63646495041146,43.49786134895229,43303530
2026-06-10,45.84909439086914,46.045031442316684,42.616146122144166,44.77144621369029,40466920
2026-06-11,41.83240509033203,44.869416557118655,41.53850135760892,44.67347948957368,33453090
2026-06-12,40.7547492980957,41.93036785686908,39.579134476510696,41.342560446076575,23507910
2026-06-15,39.77507019042969,40.06897765076164,38.40351823669784,38.89335902099963,22557920
2026-06-16,40.85272216796875,41.04865922917401,38.8933590302934,39.48116647672057,36312340
2026-06-17,41.83240509033203,42.22427548823326,39.285230686624764,40.65678642225089,33802000
2026-06-18,39.383201599121094,41.244594421937144,39.187264529038146,39.77507200209821,30041240
2026-06-22,38.305545806884766,39.18726066676228,37.815705048550235,38.89335695919924,30278930
2026-06-23,39.47291946411133,40.660071872223924,38.483623274773855,40.264355660808214,32487650
2026-06-24,38.978271484375,39.769707683405535,37.692183415351714,39.275059587278264,31414680
2026-06-25,38.186832427978516,38.97827241986941,36.999679987873314,37.89004431795222,36925650
2026-06-26,38.48362350463867,39.37398781604131,37.692183529349,39.07719971224043,37185960
2026-06-29,38.0879020690918,39.76970629185074,37.98897396287406,38.48362204169344,33533730
2026-06-30,37.494327545166016,38.681479967834655,37.29646755009941,38.186831867100885,23174830
2026-07-01,37.988975524902344,38.186831745473256,36.70288744799841,37.79111553046593,23531510
2026-07-02,38.78041076660156,39.76970694037269,36.90074652689024,37.494326495472166,33090830
2026-07-06,38.186832427978516,38.68148053597754,37.59325620792592,38.582552423923964,16533910
2026-07-07,39.27505874633789,39.670774950447516,37.79111448972965,38.08790258627822,28212050
2026-07-08,40.26435470581055,41.45151085963141,39.67077474196742,40.06649471786284,34364440
2026-07-09,38.87934112548828,39.76970924297945,38.582553010946434,39.67077735555508,16700710
2026-07-10,39.47291946411133,40.264355660808214,38.58255138416142,38.68147949354898,21169790
2026-07-13,40.363285064697266,40.75900506266968,39.472920730057716,39.76970884160423,20042100
2026-07-14,39.967567443847656,40.26435554502235,39.27505935852974,39.57184745970443,22004020
2026-07-15,39.47291946411133,40.115959722861405,38.91891223949077,39.720243511445695,3307300
2026-07-16,39.512489318847656,40.03681887704025,38.66169774721726,39.927995689983945,4135300
2026-07-17,40.185211181640625,41.17450739627191,39.34431090875025,41.00632885124006,5680000
2026-07-20,40.90739440917969,40.966753536939855,39.41355887893615,39.81917015063396,4152400
2026-07-21,39.166236877441406,40.77879074706069,39.067308766562036,40.491893942098784,3487800
2026-07-22,40.26435470581055,40.39296426405636,39.205808110235495,39.49270113020103,3483600
2026-07-23,40.94696807861328,41.728512962575365,40.590820851801936,41.45151124121783,4053200
2026-07-24,41.38226318359375,41.67905129833154,40.244571007589,40.45232231051889,2317800
2026-07-27,40.67985916137695,41.43172639550346,39.571848461147184,40.18521105561261,2769100
2026-07-28,40.50178527832031,41.74830061011463,40.33360673490827,40.59082208773419,4365300
2026-07-29,42.47048568725586,42.628772926509846,40.40285650170132,40.87771821946329,5140100
2026-07-30,40.759002685546875,42.33198373625708,40.64028820262499,41.392151626284125,3329100
2026-07-31,41.35258102416992,42.74748853609352,40.20499756594813,40.36328480936267,4581500
2026-08-03,39.27505874633789,40.89750386307777,39.09698513363567,40.66996619659502,5293000
2026-08-04,37.108497619628906,38.88923374200657,36.84139097513764,38.74083780718663,5854900
2026-08-05,37.82079315185547,37.830688227188425,36.623745659421786,36.85128333182828,4900800
2026-08-06,38.42426300048828,38.52319110692961,37.23710685386556,37.8999372433916,4693700
2026-08-07,37.19753646850586,37.860366900205726,36.99968024303423,37.62293414622794,3753800
2026-08-10,37.781219482421875,38.11758033214435,37.25689371845008,37.56357689062409,4035000
2026-08-11,37.40528869628906,37.55368085409775,37.03924640452397,37.434966373077735,3825800
2026-08-12,36.78203201293945,37.425076034916216,36.53470796969692,36.712781582740774,4555200
2026-08-13,36.514923095703125,36.78203352625861,35.951024555818954,36.3071717965596,4214800
2026-08-14,35.9807014465332,36.81171039877188,35.94113246699077,36.613850405597816,3491000
2026-08-17,36.336849212646484,36.63363731982963,36.2577074785349,36.37642196663505,3322900
2026-08-18,37.70207977294922,37.76143513122936,36.683105867907,36.910643547000625,4850900
2026-08-19,37.17775344848633,37.34593199302594,36.544600702928356,36.752355775530695,3917000
2026-08-20,38.66169738769531,38.91891273972832,37.82079335163076,38.107690155953925,4004500
2026-08-21,37.840579986572266,38.533088087504865,37.70207912115885,37.880152740651965,3740800
2026-08-24,38.59244155883789,38.810087921774844,37.91972364168481,37.998865372111204,3526900
2026-08-25,38.107688903808594,38.6221233648368,37.90982891512614,37.97907934508519,3648400
2026-08-26,38.24618911743164,38.54297720850741,37.870255522674164,38.34511722316846,2845400
2026-08-27,37.92961502075195,38.57265903591543,37.74165010847073,38.30554861917977,2993100
2026-08-28,39.512489318847656,39.53227569593658,37.74165196884286,37.99886732326776,4773600
2026-08-31,40.254459381103516,40.75900253593394,39.6905608719627,39.789492752255605,4355400
2026-09-01,41.62958526611328,41.89669191499661,40.67985806060692,41.08546934540348,3815100
2026-09-02,40.185211181640625,41.39215377112778,40.03681901376527,41.223971452230366,4357700
2026-09-03,39.74002456665039,40.45231900287172,39.31463069375746,39.472917926932716,3562100
2026-09-04,39.47291946411133,40.452320578190765,39.383882656116334,40.38307014684638,4077700
2026-09-08,39.97745895385742,40.16542387168046,39.44323810463556,39.740026207359215,4290900
2026-09-09,41.63947677612305,41.78787271412671,40.23467422431554,40.511679723664685,4503100
2026-09-10,42.925559997558594,43.16299273767057,42.035195713335774,42.58919915048809,4876600
2026-09-11,42.47048568725586,42.51994974192296,41.332793560585316,41.6493680390933,5839800
2026-09-14,42.91566848754883,43.28170701015239,42.0648731859308,43.12341977546987,6262100
2026-09-15,43.806034088134766,44.31057725842905,43.024492966126644,43.19267150698109,4009200
2026-09-16,44.41939926147461,45.754947572977535,42.97502399427645,43.61806801025363,6255600
2026-09-17,43.736785888671875,43.78624994592589,42.391342397715086,42.53973834334278,3632400
2026-09-18,44.38972091674805,45.102015412124516,43.84560874338686,44.03357366905981,3453600
2026-09-21,43.71699905395508,44.01379094210764,43.301496448726496,43.38063818473239,3826300
2026-09-22,42.9900016784668,43.5099983215332,42.18000030517578,42.75,4767600
2026-09-23,45.36000061035156,45.40999984741211,43.47999954223633,43.529998779296875,4350800
2026-09-24,45.5099983215332,46.790000915527344,45.2599983215332,45.66999816894531,5862900
2026-09-25,45.439998626708984,46.150001525878906,44.70000076293945,45.2400016784668,4815500
2026-09-28,46.349998474121094,46.97999954223633,45.4900016784668,46.25,5107400
2026-09-29,46.880001068115234,47.70000076293945,45.91999816894531,46.290000915527344,3250900
2026-09-30,47.470001220703125,47.5,46.209999084472656,46.31999969482422,3714900
